日期,收盘点位,全收益收盘点位(元),市值(元),流通市值(元),自由流通市值(元),PB市值加权,PB 分位点,PB 80%分位点值,PB 50%分位点值,PB 20%分位点值
2026-07-17,=18079.7400,=19705.4225,=6510062389541.6992,=5369269509169,=3456322512483.7627,=10.2161,=0.9845,=7.4476,=5.7344,=4.0927
2026-07-16,=19471.2900,=21222.0959,=7006303752404.8398,=5760752266150,=3721254672540.5679,=10.9949,=0.9875,=7.4432,=5.7286,=4.0927
2026-07-15,=20652.3100,=22509.3087,=7341985600558.0420,=6074368240737,=3946145220509.2920,=11.5217,=0.9886,=7.4407,=5.7268,=4.0927
2026-07-14,=21802.2700,=23762.6735,=7743929078724.0498,=6408449572323,=4163695236221.4570,=12.1524,=0.9922,=7.4407,=5.7249,=4.0884
2026-07-13,=21414.6800,=23340.2290,=7680007024230.9102,=6330033720194,=4089730265708.4790,=12.0521,=0.9916,=7.4405,=5.7236,=4.0884
2026-07-10,=22325.1000,=24332.5120,=7905017170874.5098,=6552825414319,=4258726393463.6860,=12.4954,=0.9958,=7.4384,=5.7223,=4.0884
2026-07-09,=23874.9100,=26021.6764,=8445308895075.4600,=7017610585574,=4556323934130.6572,=13.3495,=0.9994,=7.4343,=5.7219,=4.0884
2026-07-08,=21833.9100,=23797.1618,=7720250997443.9102,=6454356996008,=4165628696289.3481,=12.2034,=0.9958,=7.4334,=5.7216,=4.0884
2026-07-07,=22004.1900,=23982.7471,=7707970697901.9219,=6486291468681,=4194675992739.2559,=12.1840,=0.9958,=7.4334,=5.7212,=4.0876
2026-07-06,=22108.0300,=24095.9260,=7689466983259.8398,=6474827677709,=4212857932380.5322,=12.1547,=0.9952,=7.4252,=5.7209,=4.0876
2026-07-03,=21934.4800,=23906.7732,=7588797104537.0898,=6407279033899,=4179559955483.6362,=11.9956,=0.9946,=7.4251,=5.7202,=4.0876
2026-07-02,=22163,=24154.0544,=7689677259371.6602,=6481108816708,=4223814944443.5010,=12.1444,=0.9952,=7.4245,=5.7195,=4.0876
2026-07-01,=24286.8800,=26468.7335,=8374565670129.8584,=7073819298636,=4629504833051.8701,=13.2261,=0.9994,=7.4192,=5.7119,=4.0876
2026-06-30,=24861.0500,=27094.4863,=8594577350429.4102,=7259134682014,=4740485755237.6699,=13.5798,=1,=7.4192,=5.7042,=4.0870
2026-06-29,=24226.2400,=26401.4791,=8317270539154.3066,=7042277622283,=4612937682979.6172,=13.1392,=1,=7.4178,=5.7023,=4.0870
2026-06-26,=23056.2800,=25126.4794,=7975446344941.8496,=6731875658981,=4391409403915.0981,=12.5992,=0.9994,=7.4118,=5.7004,=4.0870
2026-06-25,=23318.2800,=25411.9976,=8109819228309.9102,=6815583321493,=4445451308105.1914,=12.8114,=1,=7.4115,=5.7000,=4.0870
2026-06-24,=22111.0400,=24096.2257,=7731537915601.1406,=6485149641658,=4217543435967.8242,=12.2125,=0.9994,=7.4070,=5.6997,=4.0870
2026-06-23,=20987.7000,=22872.0271,=7351703089873.8301,=6181423819870,=4006327887522.9199,=11.6126,=0.9988,=7.4070,=5.6973,=4.0865
2026-06-22,=21473.8000,=23400.1399,=7419647373760.5918,=6299373604509,=4100907742994.6001,=12.5127,=1,=7.4049,=5.6949,=4.0865
2026-06-18,=20721.2800,=22580.1100,=7223521390241.2510,=6136192314884,=3963868978848.7817,=12.1819,=1,=7.4000,=5.6940,=4.0865
2026-06-17,=19831.5600,=21610.5728,=6874624115723.9014,=5837467914032,=3786788763638.4058,=11.5935,=1,=7.3969,=5.6930,=4.0865
2026-06-16,=18702.0700,=20379.7648,=6522011346398.1104,=5524676282930,=3575593082724.0649,=10.9989,=1,=7.3967,=5.6902,=4.0865
2026-06-15,=18523.8300,=20185.0628,=6497228933413.8496,=5503901840600,=3545012756773.1201,=10.9552,=1,=7.3967,=5.6873,=4.0850
2026-06-12,=17477.3200,=19044.7058,=5622563499032.6904,=4781387496112,=3005383698087.8232,=9.0071,=0.9661,=7.3914,=5.6859,=4.0850
2026-06-11,=17610.2200,=19189.5218,=5657421531164.6709,=4798943901601,=3023419945672.6694,=9.0629,=0.9691,=7.3844,=5.6844,=4.0850
2026-06-10,=17521.2800,=19092.5987,=5614843172758.0605,=4767595105111,=3006682257488.3125,=8.9947,=0.9666,=7.3840,=5.6825,=4.0850
2026-06-09,=17751.2800,=19342.5694,=5672365442909.5918,=4810844993692,=3044769429433.6211,=9.0848,=0.9703,=7.3834,=5.6806,=4.0850
2026-06-08,=16880.2100,=18393.4150,=5411600545789.3594,=4589627876999,=2899724630856.6235,=8.6672,=0.9514,=7.3834,=5.6757,=4.0813
2026-06-05,=17641.1900,=19222.6094,=5654057440097.4893,=4794619069313,=3029381495919.9946,=9.0560,=0.9690,=7.3768,=5.6708,=4.0813
2026-06-04,=18583.1500,=20249.0069,=5944838944540.9697,=5035970565019,=3190803273489.2876,=9.5217,=0.9854,=7.3760,=5.6682,=4.0813
2026-06-03,=18238.2700,=19872.2410,=5864396924721.3594,=4965154445889,=3136942142833.6299,=9.3896,=0.9805,=7.3750,=5.6656,=4.0813
2026-06-02,=17629.9700,=19209.4473,=5684156764548.5000,=4797743808351,=3031208966715.0220,=9.1010,=0.9720,=7.3682,=5.6652,=4.0813
2026-06-01,=17333.1900,=18886.0708,=5586796412156.9004,=4700473618217,=2975815017166.5703,=8.9452,=0.9689,=7.3682,=5.6648,=4.0808
2026-05-29,=18347.7400,=19991.3050,=5913943773990.3906,=4977397193576,=3151787170196.6509,=9.4677,=0.9823,=7.3669,=5.6634,=4.0808
2026-05-28,=19395.8500,=21132.2091,=6301358567063.5391,=5276084622152,=3333200761120.1250,=10.0844,=0.9963,=7.3626,=5.6619,=4.0808
2026-05-27,=19329.4300,=21059.1969,=6210546781356.8604,=5230452115784,=3314726566943.7588,=9.9371,=0.9939,=7.3546,=5.6611,=4.0808
2026-05-26,=19868.5000,=21646.5104,=6402553432025.6016,=5404740948072,=3412629665211.9229,=10.2443,=0.9988,=7.3540,=5.6603,=4.0808
2026-05-25,=20000.7000,=21787.2782,=6464897114142.1191,=5423417059757,=3437946047630.5049,=10.3354,=0.9994,=7.3540,=5.6580,=4.0789
2026-05-22,=18621.3400,=20284.7108,=5938877411586.5898,=5050074749107,=3196033467809.9507,=9.4944,=0.9859,=7.3497,=5.6557,=4.0789
2026-05-21,=18149.3100,=19770.5119,=5807495252996.3311,=4946968891235,=3120461910217.8232,=9.2844,=0.9823,=7.3490,=5.6504,=4.0789
2026-05-20,=18722.5800,=20394.3579,=6022850525493.5400,=5119018350693,=3221428695640.7148,=9.6257,=0.9927,=7.3489,=5.6452,=4.0789
2026-05-19,=17879.2600,=19475.3863,=5720654390568.1807,=4909843905730,=3076608336038.0342,=9.1438,=0.9792,=7.3470,=5.6372,=4.0789
2026-05-18,=17194.8200,=18729.8388,=5498244005709.7305,=4697883115108,=2953665085652.6934,=8.7883,=0.9632,=7.3470,=5.6293,=4.0781
2026-05-15,=17032.6200,=18553.1624,=5465180485287.9199,=4657078821660,=2926847393929.2397,=8.7354,=0.9632,=7.3454,=5.6256,=4.0781
2026-05-14,=17078.7100,=18603.3689,=5507227155965.9902,=4703267545269,=2939336564366.8691,=8.7883,=0.9638,=7.3440,=5.6219,=4.0781
2026-05-13,=17543.4000,=19109.5385,=5682303610901.0996,=4855293751394,=3023062054728.5103,=9.0677,=0.9773,=7.3388,=5.6207,=4.0781
2026-05-12,=17096.5100,=18622.7542,=5569280353950.4189,=4746268270084,=2947377302789.3232,=8.8873,=0.9724,=7.3372,=5.6194,=4.0781
2026-05-11,=16980.7800,=18496.6969,=5508523834949.5801,=4682692779112,=2921398149929.4102,=8.7904,=0.9656,=7.3372,=5.6187,=4.0768
2026-05-08,=15971.5500,=17397.3634,=5239077741860.2607,=4432971769635,=2753916650259.0942,=8.3604,=0.9453,=7.3326,=5.6181,=4.0768
2026-05-07,=16450.4000,=17916.9587,=5418997177637.7803,=4581665566363,=2841246395602.3306,=8.6371,=0.9612,=7.3304,=5.6178,=4.0768
2026-05-06,=16211.9900,=17657.2939,=5345477968901.9688,=4523390605450,=2799849665275.8203,=8.5199,=0.9550,=7.3227,=5.6175,=4.0768
2026-04-30,=15254.3400,=16614.2672,=5035340002628.4404,=4217432066206,=2632150254758.5503,=7.8862,=0.8965,=7.3199,=5.6163,=4.0768
2026-04-29,=14480.0800,=15770.9817,=4731629150028.7393,=3954054080766,=2472132841823.6899,=7.5739,=0.8459,=7.3199,=5.6150,=4.0758
2026-04-28,=14566.5800,=15865.1904,=4757895218926.7402,=3970490761067,=2483052826784.1304,=7.6185,=0.8501,=7.3198,=5.6036,=4.0758
2026-04-27,=14725.1000,=16037.8428,=4821512753553.6689,=4021101147735,=2492455222695.2012,=7.9020,=0.8994,=7.3174,=5.5921,=4.0758
2026-04-24,=14046.9900,=15299.2764,=4613017414088.0693,=3851144905377,=2380010837105.6099,=7.5605,=0.8437,=7.3162,=5.5915,=4.0758
2026-04-23,=13809.6000,=15040.7322,=4500933817032.9805,=3768619885404,=2337759507578.8188,=7.3768,=0.8140,=7.3156,=5.5909,=4.0758
2026-04-22,=14006.7500,=15255.4569,=4553953261748.7900,=3808068710898,=2366807786639.5103,=7.4700,=0.8306,=7.3156,=5.5870,=4.0750
2026-04-21,=13626.3500,=14841.1419,=4450255819377,=3709164911300,=2304121077372.9199,=7.3039,=0.7976,=7.3122,=5.5831,=4.0750
2026-04-20,=13830.8600,=15063.8863,=4531888794806.7598,=3787373026780,=2341746897096.1001,=7.4432,=0.8279,=7.3122,=5.5821,=4.0750
2026-04-17,=13590.4900,=14802.0799,=4446168688969.7305,=3721354300950,=2299753863865.4199,=7.3227,=0.8042,=7.3110,=5.5810,=4.0750
2026-04-16,=13496.9100,=14700.1627,=4405277262224.9707,=3687355393803,=2284506472946.7695,=7.2212,=0.7787,=7.3109,=5.5766,=4.0750
2026-04-15,=13348.8700,=14538.9224,=4364500400857.9409,=3645683208772,=2259734815077.2402,=7.1544,=0.7649,=7.3110,=5.5723,=4.0747
2026-04-14,=13411.8100,=14607.4709,=4354604056859.8198,=3648475795590,=2266330388223.0195,=7.1413,=0.7616,=7.3110,=5.5687,=4.0747
2026-04-13,=13141.0500,=14312.5784,=4277793759025.6401,=3578809414093,=2221102726083.7900,=7.0153,=0.7379,=7.3110,=5.5652,=4.0747
2026-04-10,=13057.4800,=14221.5610,=4248631818770.6191,=3547596706491,=2206697704993.7998,=6.9644,=0.7290,=7.3110,=5.5642,=4.0747
2026-04-09,=12817.9200,=13960.6352,=4180293247690.9102,=3488434128780,=2166856650195.3704,=6.8581,=0.6978,=7.3110,=5.5631,=4.0747
2026-04-08,=12816.4100,=13958.9986,=4181530961930.0801,=3480663956173,=2164693634043.5801,=6.8602,=0.6982,=7.3122,=5.5618,=4.0743
2026-04-07,=12070.5600,=13146.6542,=3942223314896.0498,=3281143999682,=2039956689562.0896,=6.4868,=0.6146,=7.3122,=5.5605,=4.0743
2026-04-03,=11883.1500,=12942.5336,=3853682830162.8999,=3216238234041,=2002832774472.2900,=6.3411,=0.5850,=7.3122,=5.5557,=4.0743
2026-04-02,=11928.1600,=12991.5540,=3867788032023.5000,=3221316504118,=2008880357999.7200,=6.3643,=0.5916,=7.3122,=5.5509,=4.0743
2026-04-01,=12292.8000,=13388.7076,=3992328404266.2412,=3326264009670,=2071520593475.5896,=6.5692,=0.6301,=7.3122,=5.5462,=4.0743
2026-03-31,=11890.0200,=12950.0187,=3860918451261.2002,=3212272149301,=2000829690208.1899,=6.3530,=0.5899,=7.3156,=5.5415,=4.0725
2026-03-30,=12337.8600,=13437.7794,=3986458038112.7100,=3323707670715,=2065310546327.4707,=6.5923,=0.6334,=7.3156,=5.5387,=4.0725
2026-03-27,=12385.0200,=13489.1498,=4013197505651.8101,=3338518440328,=2072504693510.7800,=6.6413,=0.6450,=7.3156,=5.5360,=4.0725
2026-03-26,=12347.2000,=13447.9571,=3994969641157.3389,=3324015305452,=2065976431126.1504,=6.6112,=0.6404,=7.3156,=5.5359,=4.0725
2026-03-25,=12660.8700,=13789.5933,=4089209528691.0200,=3391030239830,=2116982565784.4805,=6.7672,=0.6721,=7.3156,=5.5359,=4.0725
2026-03-24,=12372.3800,=13475.3835,=4009147013092.8696,=3316867491871,=2069502066093.3501,=6.6347,=0.6443,=7.3162,=5.5310,=4.0691
2026-03-23,=12190.1900,=13276.9484,=3938148227359.0698,=3254457309954,=2035527728822.8000,=6.5172,=0.6234,=7.3162,=5.5261,=4.0691
2026-03-20,=12820.3300,=13963.2676,=4132701595265.1201,=3419049597045,=2140214895844.1001,=6.8393,=0.6903,=7.3162,=5.5260,=4.0691
2026-03-19,=13028.2300,=14189.6961,=4205289884731.0903,=3468196218872,=2175022028850.1797,=6.9595,=0.7246,=7.3162,=5.5259,=4.0691
2026-03-18,=13359.1100,=14550.0783,=4303606233568.8296,=3559663220530,=2229765463547.4897,=7.1222,=0.7564,=7.3162,=5.5245,=4.0691
2026-03-17,=13074.9800,=14240.6194,=4236340396107.7998,=3498122522397,=2185288451264.8296,=7.0109,=0.7349,=7.3174,=5.5231,=4.0673
2026-03-16,=13447.6700,=14646.5282,=4348245735580.6001,=3591890253052,=2245530883904.6597,=7.1961,=0.7731,=7.3174,=5.5214,=4.0673
2026-03-13,=13206.5400,=14383.9066,=4292993680985.0400,=3548720616438,=2207567988776.9702,=7.1046,=0.7535,=7.3174,=5.5197,=4.0673
2026-03-12,=13324.3500,=14512.2143,=4325236739638.8208,=3586116479870,=2226531992931.5200,=7.1642,=0.7646,=7.3174,=5.5163,=4.0673
2026-03-11,=13471.6600,=14672.6587,=4369216956181.0498,=3622534920502,=2251000960990.8604,=7.2370,=0.7777,=7.3174,=5.5130,=4.0673
2026-03-10,=13620.4200,=14834.6800,=4417709975860.2188,=3669140966988,=2278737963799.1401,=7.3174,=0.7996,=7.3198,=5.5121,=4.0625
2026-03-09,=13302.2400,=14488.1417,=4317462886788.5610,=3584561130709,=2225660720469.7998,=7.1513,=0.7623,=7.3198,=5.5111,=4.0625
2026-03-06,=13615.1700,=14828.9692,=4407696037439.8604,=3664160783217,=2277475034041.2002,=7.3008,=0.7943,=7.3198,=5.5099,=4.0625
2026-03-05,=13631.4400,=14846.6845,=4416984921233.6904,=3671196810537,=2281220390694.3501,=7.3162,=0.7992,=7.3198,=5.5086,=4.0625
2026-03-04,=13340.9600,=14530.3134,=4325994466431.4009,=3583701952638,=2231268425143.4697,=7.1655,=0.7669,=7.3198,=5.5082,=4.0625
2026-03-03,=13422.9600,=14619.6176,=4370243369635.9199,=3617179509898,=2246596025974.1201,=7.2387,=0.7800,=7.3199,=5.5079,=4.0609
2026-03-02,=14195.1100,=15460.6017,=4611019603731.4600,=3826899552645,=2375448126125.6104,=7.6376,=0.8520,=7.3199,=5.5031,=4.0609
2026-02-27,=14425.7900,=15711.8494,=4681246134741.7598,=3879037626710,=2412060944632.1802,=7.7539,=0.8715,=7.3198,=5.4983,=4.0609
2026-02-26,=14521.2200,=15815.7914,=4708702568229.4902,=3894569487643,=2426209887534.0298,=7.8017,=0.8809,=7.3156,=5.4969,=4.0609
2026-02-25,=14340.3100,=15618.7484,=4637231824683.9697,=3826226572172,=2392195782799.8301,=7.6834,=0.8612,=7.3122,=5.4955,=4.0609
2026-02-24,=14276.0400,=15548.7549,=4607757835156.3301,=3799595647381,=2381480335531.4102,=7.6345,=0.8529,=7.3122,=5.4948,=4.0605
2026-02-13,=14220.5000,=15488.2628,=4632806286267.9502,=3819759510306,=2377768223250.6602,=7.6760,=0.8604,=7.3110,=5.4940,=4.0605
2026-02-12,=14217.6000,=15485.1012,=4629754924272.0098,=3820557152141,=2376497540477.0400,=7.6710,=0.8590,=7.3109,=5.4927,=4.0605
2026-02-11,=13957.8400,=15202.1856,=4544493236120,=3745405868304,=2331524559345.6597,=7.5297,=0.8424,=7.3077,=5.4914,=4.0605
2026-02-10,=14162.9200,=15425.5431,=4607001673169.9707,=3799015594801,=2366054381950.0498,=7.6333,=0.8538,=7.3033,=5.4898,=4.0605
2026-02-09,=14068.0700,=15321.8108,=4567409672454.6289,=3767623407861,=2348501949114.2500,=7.5661,=0.8461,=7.3033,=5.4882,=4.0499
2026-02-06,=13596.8200,=14808.5611,=4416207303400.1094,=3644740791555,=2268993981171.5298,=7.3156,=0.8039,=7.3020,=5.4864,=4.0499
2026-02-05,=13729.5200,=14953.0877,=4439720445541.9785,=3673325706313,=2290419883021.8501,=7.3546,=0.8127,=7.3007,=5.4846,=4.0499
2026-02-04,=13940.4300,=15182.7924,=4516694657479.8008,=3729705601307,=2325908430916.8198,=7.4821,=0.8343,=7.2991,=5.4845,=4.0499
2026-02-03,=14227.2600,=15495.1844,=4601928564167.5215,=3808551862292,=2376007142860.7402,=7.6233,=0.8520,=7.2945,=5.4844,=4.0499
2026-02-02,=14031.1500,=15281.6044,=4580726177925.8701,=3783240872969,=2351834049030.7705,=7.5882,=0.8494,=7.2945,=5.4844,=4.0466
2026-01-30,=14753.9700,=16068.8325,=4802740882669.9502,=3963166793929,=2469626676396.3301,=7.9560,=0.9017,=7.2841,=5.4844,=4.0466
2026-01-29,=14563.2400,=15861.1137,=4764559032651.7998,=3927776669169,=2438262832319.3501,=7.8927,=0.8958,=7.2834,=5.4806,=4.0466
2026-01-28,=15195.1300,=16548.7565,=4965562469561.2100,=4086848732070,=2543010515423.8403,=8.2229,=0.9348,=7.2829,=5.4769,=4.0466
2026-01-27,=14962.2800,=16295.1607,=4898536016278.9395,=4049824517428,=2506879997762.9902,=8.1119,=0.9239,=7.2783,=5.4748,=4.0466
2026-01-26,=14687.9500,=15996.3917,=4825525133468.7393,=3993163562236,=2463372401939.7202,=7.9910,=0.9085,=7.2783,=5.4728,=4.0444
2026-01-23,=15005.8600,=16342.6243,=4935915965003.0889,=4081990887254,=2516527885962.1299,=8.1738,=0.9283,=7.2763,=5.4721,=4.0444
2026-01-22,=15016.8100,=16354.5537,=4956756689192.9297,=4092747346722,=2520704698654.8604,=8.2083,=0.9327,=7.2737,=5.4715,=4.0444
2026-01-21,=15082.0900,=16425.6495,=4977483490111.5703,=4109349750031,=2530385787827.1797,=8.2426,=0.9359,=7.2727,=5.4714,=4.0444
2026-01-20,=14429.7100,=15715.1518,=4766045159849.9785,=3930876035221,=2422710804443.9307,=7.8925,=0.8992,=7.2674,=5.4713,=4.0444
2026-01-19,=14556.8800,=15853.6512,=4837844923350.9297,=3983245341420,=2448903033451.5498,=8.0114,=0.9120,=7.2674,=5.4692,=4.0436
2026-01-16,=14550.8500,=15847.0822,=4840974595757.9492,=3974912229241,=2447476630822.0996,=8.0165,=0.9139,=7.2666,=5.4671,=4.0436
2026-01-15,=14101.0600,=15357.2188,=4722911109770.7500,=3876933415842,=2376957966407.6401,=7.8210,=0.8920,=7.2617,=5.4639,=4.0436
2026-01-14,=13933.1400,=15174.3435,=4689320638877.5586,=3843596905756,=2353164136878.7700,=7.7661,=0.8797,=7.2580,=5.4607,=4.0436
2026-01-13,=13719.6800,=14941.8685,=4603461386940.7002,=3762539688420,=2314354671808.7998,=7.6239,=0.8596,=7.2537,=5.4588,=4.0436
2026-01-12,=14195.4600,=15460.0367,=4773009369032.1797,=3911954624965,=2397730615629.9697,=7.9047,=0.9021,=7.2537,=5.4570,=4.0430
2026-01-09,=13959.2900,=15202.8287,=4710933691531.7695,=3850288848530,=2359014459146.7900,=7.8019,=0.8878,=7.2533,=5.4568,=4.0430
2026-01-08,=13913.8000,=15153.2831,=4691417109855.9902,=3823575162931,=2349133511489.3501,=7.7696,=0.8819,=7.2507,=5.4566,=4.0430
2026-01-07,=13849.2900,=15083.0217,=4647243102228.5000,=3779740205216,=2334315438321.2998,=7.6964,=0.8715,=7.2502,=5.4543,=4.0430
2026-01-06,=13592.1600,=14802.9934,=4587897407981.9004,=3711731467680,=2292880321983.4497,=7.5982,=0.8611,=7.2468,=5.4521,=4.0430
2026-01-05,=13280.2400,=14463.2833,=4506769666555.6592,=3643937104483,=2243363211993.7900,=7.4638,=0.8429,=7.2468,=5.4509,=4.0399
2025-12-31,=12686.4300,=13816.5779,=4322163355680.8999,=3504768351214,=2142396221018.3401,=7.1581,=0.7833,=7.2456,=5.4496,=4.0399
2025-12-30,=12865.0700,=14011.1269,=4389461532608.2002,=3556458304097,=2175098792695.6799,=7.2727,=0.8065,=7.2456,=5.4466,=4.0399
2025-12-29,=12730.4500,=13864.5103,=4322661182744.2598,=3503659716215,=2148590575546.2695,=7.1620,=0.7850,=7.2444,=5.4436,=4.0399
2025-12-26,=12723.5500,=13857.0017,=4308309808072.5508,=3491268708565,=2143722615400.0200,=7.1386,=0.7816,=7.2444,=5.4433,=4.0399
2025-12-25,=12794.4000,=13934.1587,=4342535932154.4399,=3518721533239,=2157006284119.1899,=7.1954,=0.7925,=7.2456,=5.4431,=4.0393
2025-12-24,=12833.4100,=13976.6468,=4353855859657.2100,=3529897199665,=2164360279526.6699,=7.2394,=0.7982,=7.2456,=5.4421,=4.0393
2025-12-23,=12688.6000,=13818.9394,=4301457024907.2402,=3499739892595,=2141018341021.4800,=7.1522,=0.7844,=7.2456,=5.4412,=4.0393
2025-12-22,=12574.4800,=13694.6555,=4261085358996.0698,=3456064031593,=2119062510499.9695,=7.0851,=0.7745,=7.2456,=5.4401,=4.0393
2025-12-19,=12196.3600,=13282.8482,=4114049558165.4590,=3352099299979,=2055662216835.4600,=6.8406,=0.7165,=7.2456,=5.4389,=4.0393
2025-12-18,=12213.2000,=13301.1916,=4115618581790.8799,=3357926453447,=2059024245804.3501,=6.8432,=0.7176,=7.2468,=5.4380,=4.0384
2025-12-17,=12322.5600,=13420.2879,=4163051703861.8599,=3400797695075,=2078706651405.2600,=6.9221,=0.7389,=7.2468,=5.4372,=4.0384
2025-12-16,=12026.8500,=13098.2406,=4057234687632.7612,=3314207293406,=2028166091564.1704,=6.7462,=0.6912,=7.2468,=5.4366,=4.0384
2025-12-15,=12256.2100,=13348.0318,=4141190522848.1699,=3384014582726,=2069155322853.0300,=6.8858,=0.7301,=7.2468,=5.4359,=4.0384
2025-12-12,=12577.2000,=13697.6092,=4206938035434.1201,=3428031199861,=2094690422018.8501,=6.8364,=0.7162,=7.2468,=5.4340,=4.0384
2025-12-11,=12426.3600,=13533.3395,=4150863971333.5601,=3393633988482,=2068120710066.7300,=6.7452,=0.6913,=7.2502,=5.4321,=4.0356
2025-12-10,=12651.4600,=13778.4887,=4231698402581.9609,=3456810789320,=2105156349414.1904,=6.8766,=0.7263,=7.2502,=5.4315,=4.0356
2025-12-09,=12648.1400,=13774.8733,=4225212458205.0200,=3452117084857,=2104652531155.3401,=6.8661,=0.7229,=7.2502,=5.4308,=4.0356
2025-12-08,=12657.5200,=13785.0859,=4232513383604.8901,=3453915209858,=2106937655189.1396,=6.8779,=0.7266,=7.2502,=5.4304,=4.0356
2025-12-05,=12359.0900,=13460.0739,=4129041848083.1992,=3370506841071,=2057413717791.3701,=6.7098,=0.6859,=7.2502,=5.4300,=4.0356
2025-12-04,=12403.3100,=13508.2344,=4145903181637.3896,=3383823117899,=2064719821616.8604,=6.7372,=0.6909,=7.2507,=5.4295,=4.0347
2025-12-03,=12143.3500,=13225.1166,=4051948548438.3701,=3309776442002,=2020691790644.2295,=6.5845,=0.6632,=7.2507,=5.4291,=4.0347
2025-12-02,=12219.2300,=13307.7522,=4078840384317.8799,=3328100242413,=2033802878542.8999,=6.6282,=0.6721,=7.2507,=5.4287,=4.0347
2025-12-01,=12417.1700,=13523.3289,=4144671815698.4902,=3384347017048,=2066814728851.4800,=6.7352,=0.6903,=7.2507,=5.4283,=4.0347
2025-11-28,=12190.3600,=13276.3080,=4080022612830.3809,=3325480444972,=2029636713561.1101,=6.6301,=0.6730,=7.2507,=5.4265,=4.0347
2025-11-27,=12050.6200,=13124.1284,=4033179509337.2500,=3286940122531,=2006506375769.6904,=6.5540,=0.6603,=7.2533,=5.4247,=4.0331
2025-11-26,=12016.5400,=13087.0095,=4025087449320.4609,=3278485202360,=2001157773718.2800,=6.5409,=0.6581,=7.2533,=5.4240,=4.0331
2025-11-25,=11836.0100,=12890.3944,=3962209938555.2695,=3222554916953,=1971506103600.5903,=6.4389,=0.6375,=7.2533,=5.4233,=4.0331
2025-11-24,=11743.6200,=12789.7697,=3934659997801.2788,=3205641040089,=1956440899713.3201,=6.4647,=0.6406,=7.2533,=5.4233,=4.0331
2025-11-21,=11640.4100,=12675.1232,=3907700596684.4697,=3170424214930,=1939143259883.4104,=6.4153,=0.6350,=7.2533,=5.4232,=4.0331
2025-11-20,=12157.2300,=13237.8906,=4070817089594.6904,=3307985583796,=2024514814232.8000,=6.6843,=0.6796,=7.2537,=5.4215,=4.0322
2025-11-19,=12311.9700,=13406.3799,=4107710948543.0898,=3347162694686,=2050098632669.2495,=6.7449,=0.6900,=7.2537,=5.4197,=4.0322
2025-11-18,=12427.7500,=13532.4586,=4148845060566.3301,=3377273312229,=2069481054602.1799,=6.8124,=0.7083,=7.2537,=5.4128,=4.0322
2025-11-17,=12314.9500,=13409.6310,=4109428561354.1392,=3339569526391,=2050131605539.0295,=6.7477,=0.6915,=7.2537,=5.4060,=4.0322
2025-11-14,=12391.8400,=13493.3508,=4136015576642.8599,=3363225891793,=2063025586886.9705,=6.7914,=0.7059,=7.2537,=5.4048,=4.0322
2025-11-13,=12853.9400,=13996.5308,=4286031876108.2900,=3482401822110,=2138166282629.0095,=7.0395,=0.7619,=7.2580,=5.4036,=4.0306
2025-11-12,=12639.3600,=13762.8691,=4215728251606.7002,=3433936099566,=2102593910711.2600,=6.9240,=0.7366,=7.2580,=5.4032,=4.0306
2025-11-11,=12710.9200,=13840.7953,=4219044090465.5010,=3447313378219,=2114099149849.2097,=6.9295,=0.7377,=7.2580,=5.4028,=4.0306
2025-11-10,=12952.3300,=14103.6589,=4301878244903.7305,=3515124562972,=2153432434218.5200,=7.0655,=0.7674,=7.2580,=5.4026,=4.0306
2025-11-07,=13017.1200,=14174.2082,=4339379133959.4102,=3540395379582,=2164345547462.0400,=7.1271,=0.7772,=7.2580,=5.4023,=4.0306
2025-11-06,=13196.1200,=14369.1206,=4407809567401.8496,=3591488255716,=2193789508353.6299,=7.2395,=0.7943,=7.2617,=5.4015,=4.0296
2025-11-05,=12679.0700,=13806.1111,=4222890989736.0298,=3438450070730,=2108142966165.2195,=6.9358,=0.7417,=7.2617,=5.4008,=4.0296
2025-11-04,=12775,=13910.5712,=4246326978797.9092,=3460875249874,=2124134686118.1104,=6.9743,=0.7515,=7.2617,=5.4003,=4.0296
2025-11-03,=12840.2000,=13981.5656,=4265717903139.6099,=3477092473407,=2134413359727.4099,=7.0061,=0.7566,=7.2617,=5.3999,=4.0296
2025-10-31,=12976.8300,=14130.3423,=4333335778031.4502,=3520524854113,=2158430138021.1699,=7.1172,=0.7764,=7.2617,=5.3993,=4.0296
2025-10-30,=13517.8300,=14719.4287,=4502864970447.2500,=3660520780999,=2227319188212.3252,=7.4334,=0.8342,=7.2666,=5.3987,=4.0270
2025-10-29,=13820.1000,=15048.5739,=4613933382991.4697,=3743966491181,=2273077196093.9658,=7.6388,=0.8601,=7.2617,=5.3981,=4.0270
2025-10-28,=13809.6000,=15037.1378,=4608333687295.1992,=3740784823271,=2271029685315.8896,=7.6568,=0.8627,=7.2580,=5.3975,=4.0270
2025-10-27,=13918.8400,=15156.0884,=4660387865033.5303,=3780482102332,=2282327769971.3750,=7.7639,=0.8773,=7.2537,=5.3973,=4.0270
2025-10-24,=13573.6500,=14780.2158,=4577182790071.0508,=3700941184156,=2225868964050.8301,=7.6424,=0.8618,=7.2533,=5.3970,=4.0270
2025-10-23,=12923.5200,=14072.2977,=4360123970847.8501,=3522263646743,=2119173942617.2244,=7.2841,=0.8076,=7.2533,=5.3948,=4.0268
2025-10-22,=13018.4800,=14175.6911,=4381505574596.1699,=3551615284434,=2133808439776.8325,=7.3198,=0.8142,=7.2507,=5.3926,=4.0268
2025-10-21,=13047.1300,=14205.5076,=4377822770854.1699,=3545099488923,=2138611505168.4275,=7.3109,=0.8127,=7.2502,=5.3916,=4.0268
2025-10-20,=12628.3500,=13749.5493,=4233620293251.2988,=3429393622485,=2069993859796.0400,=7.0701,=0.7738,=7.2468,=5.3907,=4.0268
2025-10-17,=12521.7000,=13633.4288,=4200373790505.4902,=3400447391057,=2053170465549.9224,=7.0204,=0.7642,=7.2468,=5.3896,=4.0268
2025-10-16,=12992.2900,=14145.7176,=4357955972901.7402,=3522325180538,=2130426645931.3577,=7.2834,=0.8083,=7.2502,=5.3885,=4.0240
2025-10-15,=13074.2200,=14234.9245,=4396568587684.6401,=3551758294806,=2123408932509.7949,=7.4070,=0.8310,=7.2468,=5.3878,=4.0240
2025-10-14,=12834.2700,=13973.6662,=4305599660788.7002,=3475721398818,=2085438413559.0100,=7.2537,=0.8034,=7.2456,=5.3871,=4.0240
2025-10-13,=13590.2100,=14796.7236,=4575091672016.7695,=3686246736259,=2208075954305.2100,=7.7095,=0.8717,=7.2444,=5.3831,=4.0240
2025-10-10,=13412.8200,=14603.5796,=4467654582288.8906,=3633121823873,=2177613076874.0750,=7.5285,=0.8515,=7.2381,=5.3791,=4.0240
2025-10-09,=14259.8700,=15525.8321,=4775446407629.0801,=3869199952714,=2315879740147.6377,=8.0472,=0.9166,=7.2381,=5.3777,=4.0231
2025-09-30,=13889.6800,=15122.7753,=4679538483519.1699,=3770681990855,=2257514263451.2705,=7.8873,=0.8970,=7.2313,=5.3762,=4.0231
2025-09-29,=13649.8700,=14861.6752,=4609670404566.3096,=3727570954386,=2217689523180.9404,=7.7702,=0.8788,=7.2293,=5.3745,=4.0231
2025-09-26,=13474.3100,=14670.5354,=4548344355971.6006,=3690107600987,=2187261307491.2500,=7.6668,=0.8652,=7.2277,=5.3728,=4.0231
2025-09-25,=13660.8300,=14873.3178,=4604120649533.6709,=3745667743787,=2217573825331.5869,=7.8192,=0.8887,=7.2184,=5.3703,=4.0231
2025-09-24,=13567.5500,=14771.7550,=4577527272785.5195,=3715929791317,=2203487768673.2500,=7.7741,=0.8806,=7.2184,=5.3678,=4.0217
2025-09-23,=12999.5800,=14153.3811,=4385277558184.2505,=3564666086669,=2110811842470.1899,=7.4476,=0.8433,=7.2132,=5.3672,=4.0217
2025-09-22,=13022.5100,=14178.3462,=4398585003972.5586,=3575642523253,=2113471544716.2144,=7.4702,=0.8453,=7.2111,=5.3665,=4.0217
2025-09-19,=12519.1400,=13630.3002,=4201492507190.6904,=3425127342256,=2030766821419.0601,=7.1354,=0.7884,=7.2094,=5.3665,=4.0217
2025-09-18,=12736.7100,=13867.1774,=4275856915448.9702,=3494389838612,=2065081951094.2949,=7.2617,=0.8099,=7.2094,=5.3665,=4.0217
2025-09-17,=12490.2000,=13598.7836,=4185773100341.9102,=3432548502603,=2023808477320.4524,=7.1115,=0.7867,=7.2094,=5.3649,=4.0153
2025-09-16,=12349.7900,=13445.9167,=4109084016972.6904,=3400648029707,=1998997854459.8557,=6.9812,=0.7676,=7.2094,=5.3633,=4.0153
2025-09-15,=12201.0300,=13283.9522,=4051063368629.6299,=3349475990939,=1974496838368.9199,=6.8841,=0.7437,=7.2094,=5.3629,=4.0153
2025-09-12,=12110.9800,=13185.9046,=4020335568547.4199,=3321613448786,=1959596905893.9404,=6.8319,=0.7327,=7.2094,=5.3625,=4.0153
2025-09-11,=11921.0700,=12979.1370,=3978494534729.5498,=3269470202322,=1930338273636.4265,=6.7608,=0.7122,=7.2094,=5.3624,=4.0153
2025-09-10,=11201.9700,=12196.2123,=3719726336865.8188,=3050853449375,=1815084064250.6770,=6.3210,=0.6332,=7.2111,=5.3623,=4.0138
2025-09-09,=11000.1400,=11976.4727,=3654442105380.9600,=2991086865354,=1782726801523.6335,=6.2122,=0.6179,=7.2111,=5.3623,=4.0138
2025-09-08,=11327.7100,=12333.1166,=3803044031966.8608,=3068136256738,=1838844050618.0320,=6.4648,=0.6599,=7.2111,=5.3623,=4.0138
2025-09-05,=11277.8800,=12278.8664,=3797891662792.9702,=3062638305315,=1830518746205.5249,=6.4560,=0.6583,=7.2111,=5.3621,=4.0138
2025-09-04,=10904.9900,=11872.8801,=3691767997424.2300,=2958556372800,=1771568503988.8618,=6.2756,=0.6247,=7.2111,=5.3620,=4.0138
2025-09-03,=11768.7700,=12813.3221,=3946647988965.5098,=3211218718687,=1908416788608.7056,=6.7089,=0.7042,=7.2132,=5.3603,=4.0128
2025-09-02,=12023.8100,=13091.0009,=4022976224325.3398,=3286747871118,=1957517716807.9429,=6.8386,=0.7319,=7.2132,=5.3587,=4.0128
2025-09-01,=12322.0800,=13415.7395,=4105590390899.8506,=3367239996714,=2006435934077.5901,=6.9791,=0.7652,=7.2132,=5.3572,=4.0128
2025-08-29,=12134.0400,=13211.0129,=4054014122381.2212,=3318065300414,=1976258811673.0251,=6.9135,=0.7500,=7.2132,=5.3557,=4.0128
2025-08-28,=12488.6300,=13597.0761,=4196074679007.9009,=3342003571629,=2022193628932.5591,=7.2111,=0.7990,=7.2132,=5.3553,=4.0128
2025-08-27,=11593.5900,=12622.5986,=3839653166875.5498,=3098897876715,=1873423798580.9810,=6.5786,=0.6847,=7.2184,=5.3548,=4.0066
2025-08-26,=11605.4500,=12635.5064,=3844234862823.0010,=3086002300034,=1873865324253.8169,=6.5974,=0.6865,=7.2184,=5.3520,=4.0066
2025-08-25,=11683.5700,=12720.5650,=3888841044919.7202,=3117744927988,=1880146865452.0510,=6.6812,=0.7007,=7.2184,=5.3491,=4.0066
2025-08-22,=11325.1500,=12330.3284,=3769605363521.1201,=2992875048549,=1824493922319.4231,=6.4892,=0.6696,=7.2184,=5.3491,=4.0066
2025-08-21,=10312.3000,=11227.5788,=3393181778488.0195,=2702518098937,=1660673811818.8469,=5.8403,=0.5878,=7.2184,=5.3491,=4.0066
2025-08-20,=10278.9700,=11191.2899,=3392557837143.7700,=2695750416338,=1656137876170.5269,=5.8421,=0.5882,=7.2277,=5.3482,=4.0047
2025-08-19,=9890.0500,=10767.8520,=3262142652751.7603,=2587001483944,=1594046472155.0957,=5.6175,=0.5577,=7.2277,=5.3474,=4.0047
2025-08-18,=10059.2200,=10952.0425,=3325726139817.3599,=2630049960676,=1615023208999.5718,=5.7408,=0.5766,=7.2277,=5.3452,=4.0047
2025-08-15,=9903.6600,=10782.6742,=3281441371819.0703,=2634944611376,=1590666884628.1887,=5.6648,=0.5640,=7.2277,=5.3430,=4.0047
2025-08-14,=9777.1600,=10644.9495,=3238626297916.9102,=2608634609309,=1569547561993.2410,=5.5909,=0.5568,=7.2277,=5.3416,=4.0047
2025-08-13,=9604.8800,=10457.3710,=3169461311134.0498,=2543415662466,=1542920278124.7837,=5.4715,=0.5372,=7.2293,=5.3403,=4.0045
2025-08-12,=9537.4300,=10383.9357,=3148848299700.5000,=2524443408190,=1532358520240.2805,=5.4359,=0.5286,=7.2293,=5.3399,=4.0045
2025-08-11,=9272.9000,=10095.9312,=3058007046242.9805,=2247715451852,=1490900235230.5151,=5.2792,=0.4793,=7.2293,=5.3396,=4.0045
2025-08-08,=9226.9700,=10045.9285,=3043716369537.1299,=2235544293001,=1483732758326.9358,=5.2545,=0.4734,=7.2293,=5.3399,=4.0045
2025-08-07,=9387.8100,=10221.0394,=3108579144936.4209,=2274497136390,=1510411375596.1101,=5.3665,=0.5090,=7.2293,=5.3403,=4.0045
2025-08-06,=9359.7200,=10190.4553,=3106180601222.5796,=2270048093313,=1505959754962.5054,=5.3665,=0.5093,=7.2313,=5.3399,=4.0042
2025-08-05,=9296.3200,=10121.4313,=3092264703263.6401,=2255231917896,=1495111768985.8401,=5.3491,=0.5035,=7.2313,=5.3396,=4.0042
2025-08-04,=9268.7300,=10091.3939,=3085157631198.1704,=2248363718592,=1490713704636.1826,=5.3368,=0.4983,=7.2313,=5.3395,=4.0042
2025-08-01,=9177.0800,=9991.6067,=3050319378474.7100,=2262163170193,=1475576854455.0129,=5.2769,=0.4799,=7.2313,=5.3396,=4.0042
2025-07-31,=9290.0300,=10112.1798,=3086624726959.7310,=2289149314937,=1493851858789.2517,=5.3321,=0.4948,=7.2313,=5.3399,=4.0042
2025-07-30,=9421.1400,=10254.9009,=3125176387176.3203,=2319736314230,=1515102910802.7959,=5.3987,=0.5153,=7.2381,=5.3403,=4.0035
2025-07-29,=9516.4200,=10358.6050,=3164778704694.3301,=2344422106732,=1530505088100.8413,=5.4671,=0.5330,=7.2381,=5.3399,=3.9917
2025-07-28,=9384.6700,=10215.2015,=3125831491764.7402,=2278603410052,=1509830972113.5154,=5.3999,=0.5160,=7.2381,=5.3396,=3.9917
2025-07-25,=9396.9500,=10228.5702,=3137304309087.0698,=2279985643908,=1512080072841.4849,=5.4197,=0.5198,=7.2381,=5.3395,=3.9917
2025-07-24,=9183.9500,=9996.7189,=3063515200713.9399,=2224120390819,=1478245692152.5645,=5.2922,=0.4861,=7.2381,=5.3394,=3.9917
2025-07-23,=9064.2800,=9866.4602,=3016886952844.0698,=2195510253283,=1458645631423.2036,=5.2117,=0.4662,=7.2444,=5.3395,=3.9912
2025-07-22,=8984.4000,=9779.5108,=2993873671376.0200,=2174533383658,=1445984405004.7466,=5.1729,=0.4554,=7.2444,=5.3396,=3.9912
2025-07-21,=8966.9300,=9760.4949,=2987334910907.5298,=2166912636832,=1443282608174.3855,=5.1616,=0.4516,=7.2444,=5.3399,=3.9912
2025-07-18,=8972.9500,=9767.0436,=2984452880012.0400,=2166628057674,=1444169432469.0024,=5.1567,=0.4505,=7.2444,=5.3403,=3.9912
2025-07-17,=8929.9500,=9720.2329,=2974414320315.0103,=2153214868045,=1437527089101.9685,=5.1393,=0.4473,=7.2444,=5.3416,=3.9912
2025-07-16,=8865.3500,=9649.9156,=2951292940246.0811,=2141475689266,=1426676133474.1680,=5.0994,=0.4330,=7.2456,=5.3430,=3.9905
2025-07-15,=8841.2200,=9623.6534,=2945987544779.9102,=2133253292558,=1423343136138.1223,=5.0902,=0.4291,=7.2456,=5.3452,=3.9905
2025-07-14,=8851.3100,=9634.6331,=2947572793134.8799,=2137595788596,=1424503923396.1860,=5.0929,=0.4308,=7.2456,=5.3474,=3.9905
2025-07-11,=8899.0600,=9686.6175,=2964096427889.6299,=2147725981172,=1432396437861.2896,=5.1215,=0.4416,=7.2456,=5.3482,=3.9905
2025-07-10,=8754.4500,=9529.2092,=2909742196335.4502,=2112749467176,=1408755537873.9314,=5.0276,=0.4118,=7.2456,=5.3491,=3.9905
2025-07-09,=8792.4300,=9569.6551,=2922618534899.3696,=2122863580243,=1414745263942.6853,=5.0482,=0.4170,=7.2468,=5.3519,=3.9899
2025-07-08,=8882.8100,=9668.0212,=2951823346217.4204,=2144237601401,=1429326993096.5117,=5.0986,=0.4313,=7.2468,=5.3548,=3.9899
2025-07-07,=8768.7300,=9543.8591,=2916422108900.5903,=2118421259759,=1410714631994.8972,=5.0375,=0.4140,=7.2468,=5.3553,=3.9899
2025-07-04,=8796.4700,=9574.0494,=2925758003808.4199,=2126029751696,=1415269034786.2764,=5.0536,=0.4192,=7.2468,=5.3557,=3.9899
2025-07-03,=8805.7400,=9584.0430,=2928360729257.1694,=2125582410807,=1417051651320.2476,=5.0576,=0.4202,=7.2468,=5.3572,=3.9899
2025-07-02,=8781.6900,=9553.8441,=2922229144117.5093,=2119660108060,=1412977976451.6118,=5.0390,=0.4149,=7.2502,=5.3587,=3.9889
2025-07-01,=8954.7600,=9742.1346,=2977613639049.5503,=2161786414172,=1440807402214.7302,=5.1345,=0.4412,=7.2502,=5.3603,=3.9889
2025-06-30,=9023.2400,=9816.2074,=3002429819560.6396,=2177009788116,=1451529234841.8960,=5.1771,=0.4507,=7.2502,=5.3620,=3.9889
2025-06-27,=8908.1500,=9690.6794,=2963109972107.5498,=2150059567754,=1432965673270.3682,=5.1091,=0.4341,=7.2502,=5.3621,=3.9889
2025-06-26,=8889.7200,=9670.6299,=2964653298135,=2145261291021,=1430169206593.6982,=5.1118,=0.4351,=7.2502,=5.3623,=3.9889
2025-06-25,=8955.0900,=9740.8174,=2982418218115.5303,=2160612584178,=1439667800154.1282,=5.1408,=0.4432,=7.2507,=5.3623,=3.9881
2025-06-24,=8813.7300,=9587.0564,=2928762950454.5801,=2129391561638,=1417419754198.1162,=5.0484,=0.4188,=7.2507,=5.3623,=3.9881
2025-06-23,=8647.2600,=9405.7702,=2875026440005.4502,=2072906895579,=1390649717703.5940,=4.9553,=0.4000,=7.2507,=5.3624,=3.9881
2025-06-20,=8553.6400,=9303.9394,=2833446325144.4199,=2050511602446,=1375135794613.4902,=4.8837,=0.3897,=7.2507,=5.3625,=3.9881
2025-06-19,=8611.5500,=9365.3390,=2848626244975.5996,=2062726291848,=1384322062217.2605,=4.9072,=0.3914,=7.2507,=5.3629,=3.9881
2025-06-18,=8615.6500,=9368.9696,=2852218142595.8804,=2062807333729,=1384863217716.1902,=4.9111,=0.3916,=7.2533,=5.3633,=3.9874
2025-06-17,=8575.7500,=9325.5845,=2844067159452.1099,=2050711761282,=1378742913532.5400,=4.8971,=0.3905,=7.2533,=5.3655,=3.9874
2025-06-16,=8626.8500,=9380.8099,=2864777120555.4102,=2063705689337,=1386830605729.3799,=4.9321,=0.4142,=7.2533,=5.3678,=3.9874
2025-06-13,=8603.0300,=9354.9132,=2846869462966.4897,=2065062001098,=1388405025365.9700,=5.0252,=0.4123,=7.2533,=5.3703,=3.9874
2025-06-12,=8606.7500,=9358.9519,=2841190571470.3003,=2063763652395,=1388889996761.6101,=5.0158,=0.4084,=7.2533,=5.3728,=3.9874
2025-06-11,=8672.3300,=9430.0779,=2862390673007.8105,=2081099099653,=1399611773992.5498,=5.0525,=0.4165,=7.2580,=5.3745,=3.9862
2025-06-10,=8703.2800,=9463.7394,=2872895076032.6694,=2085561558268,=1404074978729.4600,=5.0711,=0.4211,=7.2580,=5.3762,=3.9862
2025-06-09,=8870.3500,=9645.4043,=2923987050591.9004,=2129988735887,=1431392059586.0901,=5.1620,=0.4413,=7.2580,=5.3777,=3.9862
2025-06-06,=8878.8100,=9654.6049,=2926374840058.0801,=2121063694584,=1432837734280.9702,=5.1662,=0.4423,=7.2580,=5.3791,=3.9862
2025-06-05,=8871.4900,=9646.6487,=2925649363878.7100,=2121521605788,=1431339595738.7402,=5.1649,=0.4419,=7.2580,=5.3831,=3.9862
2025-06-04,=8740.7700,=9504.5055,=2886979404703.2202,=2090653330328,=1410097450680.7400,=5.0967,=0.4272,=7.2666,=5.3871,=3.9858
2025-06-03,=8688.0800,=9447.2094,=2872500583519.2998,=2078732093034,=1401598977053.2395,=5.0711,=0.4226,=7.2666,=5.3878,=3.9858
2025-05-30,=8635.4500,=9389.9792,=2857295661684.9897,=2066919691475,=1392769721333.6702,=5.0443,=0.4171,=7.2666,=5.3885,=3.9858
2025-05-29,=8763.2700,=9526.1155,=2897583663036.1812,=2097451747197,=1413509256041.4299,=5.1107,=0.4303,=7.2666,=5.3896,=3.9858
2025-05-28,=8606.2000,=9355.3719,=2845265165978.6011,=2059518013570,=1387978636334.1001,=5.0184,=0.4120,=7.2666,=5.3907,=3.9858
2025-05-27,=8676.0700,=9429.6423,=2869959405768.1104,=2077666750688,=1399368321673.7100,=5.0574,=0.4180,=7.2674,=5.3916,=3.9845
2025-05-26,=8799.6000,=9563.9082,=2907407536027.2100,=2109188912634,=1419020243344.9299,=5.1234,=0.4334,=7.2674,=5.3926,=3.9845
2025-05-23,=8763.1700,=9524.2100,=2889852821247.4707,=2100321384513,=1412781384665.8604,=5.0922,=0.4258,=7.2674,=5.3948,=3.9845
2025-05-22,=8873.7300,=9644.3676,=2923379582621.4102,=2125783682606,=1430669455044.1899,=5.1513,=0.4369,=7.2674,=5.3970,=3.9845
2025-05-21,=8887.3900,=9659.2111,=2931906995643.3599,=2129255355021,=1432813098722.5898,=5.1663,=0.4386,=7.2674,=5.3973,=3.9845
2025-05-20,=8996.9300,=9778.2707,=2964590543733.5605,=2155323837590,=1450480237868.2798,=5.2239,=0.4526,=7.2737,=5.3975,=3.9844
2025-05-19,=8965.6800,=9744.3066,=2958640790919.8203,=2148634673816,=1445447092296.5901,=5.2134,=0.4500,=7.2737,=5.3991,=3.9844
2025-05-16,=8923.1200,=9698.0512,=2942711060831.9102,=2138481393554,=1438638874392.3398,=5.1854,=0.4424,=7.2737,=5.4008,=3.9844
2025-05-15,=8959.1300,=9736.1219,=2953074218040.8799,=2145829687928,=1444073415717.2900,=5.2000,=0.4442,=7.2737,=5.4015,=3.9844
2025-05-14,=9143.6800,=9936.6728,=3011340017349.1011,=2189109154772,=1473846714379.9998,=5.3026,=0.4719,=7.2737,=5.4023,=3.9844
2025-05-13,=9094.1400,=9882.8362,=2993762206247.0801,=2177611969635,=1465925680440.2302,=5.2717,=0.4621,=7.2763,=5.4026,=3.9840
2025-05-12,=9136.8688,=9929.2722,=3011439029775.2998,=2186998352918,=1472981393333.5601,=5.3041,=0.4726,=7.2763,=5.4028,=3.9840
2025-05-09,=9099.3200,=9888.4669,=3004089117726.2305,=2182185476062,=1466358780399.0901,=5.2912,=0.4671,=7.2763,=5.4032,=3.9840
2025-05-08,=9283.7309,=10088.8710,=3074815060458.1899,=2223713501551,=1497185836790.1001,=5.4283,=0.5036,=7.2763,=5.4036,=3.9840
2025-05-07,=9349.8267,=10160.6990,=3099171508695.0396,=2238139223970,=1507501276272.5298,=5.4713,=0.5141,=7.2763,=5.4032,=3.9840
2025-05-06,=9374.9380,=10187.9881,=3099979251467.2002,=2238349678048,=1511442981522.9202,=5.4728,=0.5145,=7.2783,=5.4028,=3.9823
2025-04-30,=9225.4786,=10024.3118,=3055855750498.8501,=2203316475007,=1487553453303.2996,=5.3926,=0.4967,=7.2783,=5.4026,=3.9823
2025-04-29,=9163.6369,=9957.1152,=3035639302614.0098,=2188310070823,=1476074146195.7898,=5.3728,=0.4928,=7.2783,=5.4028,=3.9823
2025-04-28,=9069.8375,=9855.1937,=3019580448839.6602,=2171143843389,=1461500454352.8296,=5.3587,=0.4880,=7.2783,=5.4032,=3.9823
2025-04-25,=9043.9924,=9827.1107,=3011829681121.3804,=2163334438840,=1456253933684.5100,=5.3548,=0.4869,=7.2783,=5.4036,=3.9823
2025-04-24,=9050.7373,=9834.4396,=3018586060506.2197,=2145461218534,=1457250310137.4795,=5.3762,=0.4924,=7.2829,=5.4048,=3.9814
2025-04-23,=9156.6124,=9949.4824,=3050509396076.0596,=2166942268231,=1466611727963.1003,=5.4300,=0.5036,=7.2829,=5.4060,=3.9814
2025-04-22,=9184.8565,=9980.1721,=3063906529289.7002,=2175557223610,=1470733508152.7500,=5.4607,=0.5120,=7.2829,=5.4048,=3.9814
2025-04-21,=9213.4548,=10011.2468,=3074445935489.8799,=2180427686065,=1475351724110.0400,=5.4846,=0.5146,=7.2829,=5.4036,=3.9814
2025-04-18,=9109.4240,=9898.2080,=3048745613747.7900,=2096853406464,=1397193106769.8899,=5.4521,=0.5106,=7.2829,=5.4032,=3.9814
2025-04-17,=9204.9336,=10001.9878,=3080528627300.6201,=2117481126273,=1410192661295.2100,=5.5197,=0.5211,=7.2945,=5.4028,=3.9813
2025-04-16,=9182.9624,=9978.1141,=3073964567231.1001,=2110854455310,=1409662316940.4600,=5.5079,=0.5186,=7.2945,=5.4026,=3.9813
2025-04-15,=9062.3747,=9847.0847,=3025487954911.0601,=2080709544802,=1389293601276.3606,=5.4372,=0.5073,=7.2945,=5.4023,=3.9813
2025-04-14,=9178.2900,=9973.0337,=3066660656102.5601,=2108259002466,=1406160550389.3701,=5.5111,=0.5194,=7.2945,=5.4015,=3.9813
2025-04-11,=9169.4741,=9963.6046,=3063995665797.6904,=2105466143290,=1406858036907.5701,=5.5086,=0.5190,=7.2945,=5.4008,=3.9813
2025-04-10,=8827.6138,=9591.9959,=2962005877677.3101,=2029298996978,=1353673780990.7798,=5.3362,=0.4850,=7.2991,=5.3991,=3.9811
2025-04-09,=8746.1458,=9503.4736,=2940872152750.0605,=2012000509383,=1339572221431.4802,=5.2981,=0.4758,=7.2991,=5.4008,=3.9811
2025-04-08,=8307.7905,=9027.1612,=2784691012872.8389,=1909639443029,=1273846845524.6299,=5.0167,=0.4212,=7.2991,=5.4015,=3.9811
2025-04-07,=8320.3850,=9040.8462,=2778416612347.1504,=1910887329097,=1275153335617.6702,=5.0054,=0.4186,=7.2991,=5.4023,=3.9811
2025-04-03,=9052.6569,=9836.5254,=2998996121426.4702,=2081215880569,=1383963769308.3999,=5.4028,=0.5004,=7.2991,=5.4026,=3.9811
2025-04-02,=9069.6660,=9855.0073,=2991029340244.0601,=2083290020018,=1386644463798.9197,=5.3885,=0.4963,=7.3007,=5.4023,=3.9751
2025-04-01,=9077.0400,=9863.0198,=2992241614845.5400,=2085209066261,=1387421669691.1499,=5.3907,=0.4967,=7.3007,=5.4030,=3.9751
2025-03-31,=9057.4783,=9841.7642,=2999644213299.4302,=2077315572711,=1386084204835.8999,=5.4060,=0.5007,=7.3007,=5.4036,=3.9751
2025-03-28,=9082.6704,=9869.1377,=3009738769221.1499,=2081593314240,=1390055142449.8201,=5.4247,=0.5026,=7.3007,=5.4030,=3.9751
2025-03-27,=9218.8559,=10017.1155,=3059429824581.5195,=2113521086782,=1411102058467.3301,=5.5509,=0.5214,=7.3007,=5.4023,=3.9751
2025-03-26,=9154.6793,=9947.3818,=3030427013959.8701,=2100522539873,=1399534093111.9104,=5.4983,=0.5158,=7.3020,=5.4015,=3.9743
2025-03-25,=9189.0684,=9984.7486,=3038532272090.9399,=2107563983483,=1404927470698.9502,=5.5130,=0.5162,=7.3020,=5.4008,=3.9743
2025-03-24,=9353.9475,=10163.9045,=3097251218553.3989,=2142341640537,=1427221497846.9302,=5.6219,=0.5284,=7.3020,=5.3991,=3.9743
2025-03-21,=9292.9848,=10097.6630,=3075873557815.8701,=2128629162543,=1417703955723.3103,=5.5831,=0.5251,=7.3020,=5.3975,=3.9743
2025-03-20,=9519.1026,=10343.3603,=3151016773881.2100,=2179559734798,=1451909500014.8101,=5.7195,=0.5395,=7.3020,=5.3973,=3.9743
2025-03-19,=9615.8501,=10448.4851,=3179178374629.1997,=2201212126167,=1467217287687.8999,=5.7706,=0.5488,=7.3033,=5.3970,=3.9730
2025-03-18,=9750.1477,=10594.4115,=3220452273563.6099,=2233678732539,=1484055016852.0200,=5.8456,=0.5566,=7.3033,=5.3921,=3.9730
2025-03-17,=9695.7434,=10535.2964,=3205502869114.6895,=2221158672182,=1474988878778.7402,=5.8184,=0.5548,=7.3033,=5.3871,=3.9730
2025-03-14,=9757.9176,=10602.8542,=3229812227343.5103,=2233281685245,=1484826957186.1299,=5.8626,=0.5567,=7.3033,=5.3831,=3.9730
2025-03-13,=9574.5137,=10403.5694,=3171391555714.6602,=2191252757351,=1457012946040.0500,=5.7565,=0.5475,=7.3033,=5.3791,=3.9730
2025-03-12,=9845.9968,=10698.5602,=3264126421261.6001,=2251379107680,=1497435112771.7900,=5.9248,=0.5627,=7.3077,=5.3735,=3.9712
2025-03-11,=9894.5467,=10751.3140,=3277468597936.9404,=2265325113695,=1502970297223.0801,=5.9491,=0.5669,=7.3077,=5.3678,=3.9712
2025-03-10,=9963.9755,=10826.7546,=3294830908041.4297,=2279055083818,=1514691647497.4500,=5.9806,=0.5710,=7.3077,=5.3655,=3.9712
2025-03-07,=9983.4925,=10847.9615,=3301610872644.4204,=2284914899845,=1521045975602.3196,=5.9929,=0.5722,=7.3077,=5.3633,=3.9712
2025-03-06,=10142.5715,=11020.8151,=3357130769653.6699,=2320475373810,=1544113121860.6899,=6.0937,=0.5763,=7.3077,=5.3629,=3.9712
2025-03-05,=9806.5494,=10655.6969,=3249225345232.2798,=2241931930535,=1497373493165.4895,=5.8978,=0.5633,=7.3110,=5.3625,=3.9698
2025-03-04,=9764.1088,=10609.5814,=3234171222526.7705,=2233136613081,=1493167821892.3899,=5.8705,=0.5608,=7.3110,=5.3624,=3.9698
2025-03-03,=9586.2337,=10416.3041,=3182483363193.8096,=2195669700511,=1464081067037.1597,=5.7767,=0.5530,=7.3110,=5.3623,=3.9698
2025-02-28,=9755.9788,=10600.7474,=3245715550935.7402,=2229907750632,=1487286986218.6697,=5.8960,=0.5624,=7.3110,=5.3623,=3.9698
2025-02-27,=10243.8706,=11130.8857,=3410533440995.3096,=2340047081043,=1559427908732.8501,=6.1954,=0.5852,=7.3110,=5.3623,=3.9698
2025-02-26,=10306.6088,=11199.0564,=3432787242327.1997,=2357676146412,=1569957144509.0598,=6.2410,=0.5901,=7.3122,=5.3621,=3.9694
2025-02-25,=10150.3309,=11029.2464,=3367944018930,=2323834992714,=1544975985981.3203,=6.1231,=0.5778,=7.3122,=5.3620,=3.9694
2025-02-24,=10209.5633,=11093.6077,=3389826718668.9189,=2338231177115,=1555893821188.2805,=6.1629,=0.5828,=7.3122,=5.3588,=3.9694
2025-02-21,=10168.0473,=11048.4969,=3383346716171.1201,=2329056553872,=1552705656478.4500,=6.1511,=0.5817,=7.3122,=5.3557,=3.9694
2025-02-20,=9618.6904,=10451.5713,=3191568265310.4595,=2211062775566,=1477071239877.2000,=5.8024,=0.5596,=7.3122,=5.3524,=3.9694
2025-02-19,=9687.0933,=10525.8972,=3226271238580.2197,=2225707684473,=1487789592497.6702,=5.8655,=0.5616,=7.3199,=5.3491,=3.9690
2025-02-18,=9331.6133,=10139.6362,=3113115664451.4399,=2138491887262,=1431157404589.1699,=5.6603,=0.5394,=7.3199,=5.3482,=3.9690
2025-02-17,=9522.0370,=10346.5486,=3181036975423.2798,=2179358284481,=1459223260427.0598,=5.7838,=0.5571,=7.3199,=5.3474,=3.9690
2025-02-14,=9381.6093,=10193.9613,=3126397413950.7603,=2148414219839,=1439900450828.4900,=5.6844,=0.5433,=7.3199,=5.3452,=3.9690
2025-02-13,=9366.7390,=10177.8034,=3135180540473.7202,=2144833164785,=1437274340738.5901,=5.7004,=0.5467,=7.3199,=5.3430,=3.9690
2025-02-12,=9635.1354,=10469.4402,=3228103028231.2798,=2204660890889,=1478749612611.3601,=5.8693,=0.5607,=7.3304,=5.3416,=3.9684
2025-02-11,=9357.3289,=10167.5785,=3137299445844.3398,=2140112170954,=1432967042580.3899,=5.7042,=0.5475,=7.3304,=5.3403,=3.9684
2025-02-10,=9449.5041,=10267.7351,=3180356832687.9702,=2161013306504,=1450210364877.7598,=5.7825,=0.5562,=7.3304,=5.3399,=3.9684
2025-02-07,=9342.3422,=10151.2941,=3134818242317.8101,=2134725407956,=1438051180842.5200,=5.6997,=0.5476,=7.3304,=5.3396,=3.9684
2025-02-06,=9291.5683,=10096.1237,=3131123676960.5801,=2120959789531,=1434267146930.3601,=5.6930,=0.5465,=7.3304,=5.3395,=3.9684
2025-02-05,=8954.2491,=9729.5961,=3021676372662.2505,=2039236268811,=1379503528691.2102,=5.4940,=0.5280,=7.3326,=5.3394,=3.9682
2025-01-27,=8658.8545,=9408.6233,=2898857213885.4297,=1979597344400,=1330923019867.7004,=5.2707,=0.4830,=7.3326,=5.3388,=3.9682
2025-01-24,=8917.0272,=9689.1511,=2987632215333.8198,=2035124762952,=1369014958326.2202,=5.4321,=0.5182,=7.3326,=5.3394,=3.9682
2025-01-23,=8864.1379,=9631.6821,=2970048075776.3701,=2024457189522,=1359699485103.7300,=5.4008,=0.5133,=7.3326,=5.3388,=3.9682
2025-01-22,=9000.4622,=9779.8107,=3022152789733.2998,=2050914968840,=1380259451965.2097,=5.4955,=0.5273,=7.3326,=5.3381,=3.9682
2025-01-21,=9016.3261,=9797.0483,=3038970952945.1504,=2056843483521,=1384880875364.2798,=5.5261,=0.5292,=7.3372,=5.3366,=3.9675
2025-01-20,=8946.6325,=9721.0177,=3016598741452.5796,=2038644267269,=1374327768251.6799,=5.4844,=0.5251,=7.3372,=5.3351,=3.9675
2025-01-17,=8934.9128,=9708.2836,=3020462423948.9897,=2036274051247,=1375978132122.7500,=5.4914,=0.5270,=7.3372,=5.3348,=3.9675
2025-01-16,=8751.4399,=9508.9300,=2942159706250.8203,=1995086815546,=1344374595811.6702,=5.3491,=0.5061,=7.3372,=5.3345,=3.9675
2025-01-15,=8996.3286,=9775.0153,=3039440583433.7500,=2044915606749,=1374035584398.7896,=5.5259,=0.5278,=7.3372,=5.3335,=3.9675
2025-01-14,=9012.8499,=9792.9666,=3037897035155.0898,=2050614603179,=1376421419782.4399,=5.5231,=0.5274,=7.3388,=5.3325,=3.9617
2025-01-13,=8712.7268,=9466.8660,=2945794409923.3198,=1985037417140,=1325833912759.0002,=5.3557,=0.5072,=7.3388,=5.3317,=3.9617
2025-01-10,=8764.4285,=9523.0428,=2949422608439.7700,=1995053949160,=1331798234848.7900,=5.3623,=0.5092,=7.3388,=5.3310,=3.9617
2025-01-09,=8798.5413,=9560.1083,=2949242720881.8804,=2003590321786,=1338370009286.9695,=5.3620,=0.5080,=7.3388,=5.3261,=3.9617
2025-01-08,=8765.2381,=9523.9225,=2933035752097.1201,=1997917227278,=1330934539745.0200,=5.3325,=0.5015,=7.3388,=5.3212,=3.9617
2025-01-07,=8751.0820,=9508.5411,=2938795238045.3203,=1996133613072,=1330172184126.7500,=5.3430,=0.5065,=7.3440,=5.3186,=3.9616
2025-01-06,=8367.0402,=9091.2581,=2805353769843.7197,=1912760899124,=1275574851789.5901,=5.1004,=0.4533,=7.3440,=5.3159,=3.9616
2025-01-03,=8403.2326,=9130.5832,=2819280600325.9795,=1917768370472,=1284526957007.0500,=5.1257,=0.4605,=7.3440,=5.3186,=3.9616
2025-01-02,=8582.1827,=9325.0225,=2878538609077.3003,=1957399918234,=1310676181976.5901,=5.2334,=0.4808,=7.3440,=5.3212,=3.9616
2024-12-31,=8989.4827,=9767.5768,=3018695927413.3799,=2046401218520,=1374535482599.8899,=5.4882,=0.5242,=7.3440,=5.3261,=3.9616
2024-12-30,=9365.2698,=10175.8906,=3145503404616.5200,=2130367838729,=1432357365039.8398,=5.7209,=0.5407,=7.3454,=5.3212,=3.9596
2024-12-27,=9328.2849,=10135.7044,=3127060619685.1699,=2121756193275,=1429275217615.0500,=5.6873,=0.5396,=7.3454,=5.3186,=3.9596
2024-12-26,=9407.8371,=10222.1423,=3145905453859.3906,=2135139271293,=1441610068208.7600,=5.7216,=0.5408,=7.3454,=5.3159,=3.9596
2024-12-25,=9246.7869,=10047.1522,=3115116410309.6001,=2101770005100,=1416186902522.7200,=5.6656,=0.5381,=7.3454,=5.3149,=3.9596
2024-12-24,=9216.3399,=10014.0699,=3089721997067.7603,=2104626805753,=1411527898677.6101,=5.6194,=0.5347,=7.3454,=5.3138,=3.9596
2024-12-23,=9091.6536,=9878.5912,=3043850920295.1895,=2076801621481,=1392423354445.0701,=5.5360,=0.5274,=7.3470,=5.3129,=3.9576
2024-12-20,=9223.9437,=10022.3318,=3068599752052.7300,=2111489742127,=1410045323266.6499,=5.5810,=0.5316,=7.3470,=5.3120,=3.9576
2024-12-19,=8941.5466,=9715.4915,=2940178050509.3799,=2046814487362,=1366112750119.7805,=5.3474,=0.5089,=7.3470,=5.3094,=3.9576
2024-12-18,=8738.9900,=9495.3970,=2874434270230.8701,=2005613814289,=1335664849456.6399,=5.2279,=0.4722,=7.3470,=5.3068,=3.9576
2024-12-17,=8498.5700,=9233.0436,=2806090064500.1396,=1950488187896,=1302155504318.5403,=5.1013,=0.4509,=7.3470,=5.3094,=3.9576
2024-12-16,=8561.9500,=9301.9043,=2818925678956.6299,=1962777459837,=1311286967554.8701,=5.1247,=0.4543,=7.3489,=5.3120,=3.9553
2024-12-13,=8680.2600,=9430.4382,=2844152171880.7998,=1986295707167,=1316384585139.0798,=5.1665,=0.4686,=7.3489,=5.3129,=3.9553
2024-12-12,=8828.9800,=9592.0113,=2910522050673.4297,=2020481683750,=1339181970093.3398,=5.2871,=0.4930,=7.3489,=5.3138,=3.9553
2024-12-11,=8747.8254,=9503.8411,=2883081138182.2100,=2002583934879,=1329453987626.3799,=5.2372,=0.4833,=7.3489,=5.3149,=3.9553
2024-12-10,=8808.5494,=9569.8130,=2908734288992.6401,=2011836333521,=1339449176399.1702,=5.2838,=0.4915,=7.3489,=5.3159,=3.9553
2024-12-09,=8752.7685,=9509.2114,=2884609160079,=1999893774985,=1330699052780.3899,=5.2400,=0.4856,=7.3490,=5.3186,=3.9530
2024-12-06,=8908.9219,=9678.8601,=2938599770942.3301,=2035399657535,=1354051610610.4702,=5.3381,=0.5031,=7.3490,=5.3212,=3.9530
2024-12-05,=8803.7327,=9564.5801,=2902121283182.6504,=2012590167958,=1335615801685.2000,=5.2718,=0.4895,=7.3490,=5.3186,=3.9530
2024-12-04,=8831.2665,=9594.4935,=2913558207593.0601,=2018244875376,=1341578578964.8296,=5.2926,=0.4930,=7.3490,=5.3212,=3.9530
2024-12-03,=8800.2554,=9560.8023,=2902520266790.1494,=2015702349438,=1334784929982.6802,=5.2726,=0.4903,=7.3490,=5.3261,=3.9530
2024-12-02,=8945.5489,=9718.6525,=2952449916629.2798,=2048191331377,=1358424676935.2100,=5.3633,=0.5062,=7.3497,=5.3310,=3.9521
2024-11-29,=8889.3180,=9657.5620,=2939778019751.1802,=2035429924431,=1350103040274.6899,=5.3403,=0.5043,=7.3497,=5.3261,=3.9521
2024-11-28,=8719.7003,=9473.2854,=2878691872031.4404,=1996007505291,=1324487665907.9399,=5.2293,=0.4859,=7.3497,=5.3212,=3.9521
2024-11-27,=8740.9357,=9496.3560,=2886161222626.2100,=2001966860474,=1329135988277.7300,=5.2429,=0.4879,=7.3497,=5.3261,=3.9521
2024-11-26,=8448.4641,=9178.6080,=2789206245375.7896,=1937079818818,=1287446056562.4702,=5.0668,=0.4562,=7.3497,=5.3310,=3.9521
2024-11-25,=8512.9681,=9248.6866,=2811701364759.8501,=1952826854838,=1297216497103.2097,=5.1076,=0.4628,=7.3540,=5.3328,=3.9506
2024-11-22,=8659.5189,=9407.9028,=2862698434854.5503,=1981596984235,=1319874065321.3701,=5.2005,=0.4765,=7.3540,=5.3345,=3.9506
2024-11-21,=9056.6677,=9839.3745,=2996513035815.8804,=2071113128488,=1380660680962.7200,=5.4436,=0.5153,=7.3540,=5.3348,=3.9506
2024-11-20,=8994.7601,=9772.1167,=2973768429015.5898,=2058248425235,=1374894952482.0098,=5.4023,=0.5086,=7.3540,=5.3345,=3.9506
2024-11-19,=9018.7534,=9798.1836,=2985287700200.0601,=2061314214946,=1380006413071.5601,=5.4232,=0.5098,=7.3540,=5.3328,=3.9506
2024-11-18,=8748.5183,=9504.5939,=2894268495688,=1997791049782,=1338457692435.6702,=5.2579,=0.4882,=7.3626,=5.3310,=3.9495
2024-11-15,=8940.5242,=9713.1935,=2954773219084.2998,=2001537713283,=1368329118412.3701,=5.3678,=0.5051,=7.3626,=5.3328,=3.9495
2024-11-14,=9348.0966,=10155.9896,=3078273428469.4102,=2094739667885,=1431292892351.1499,=5.5921,=0.5228,=7.3626,=5.3310,=3.9495
2024-11-13,=9696.1045,=10534.0735,=3187543128622.3799,=2174512080363,=1486073326221.0400,=5.7907,=0.5390,=7.3626,=5.3261,=3.9495
2024-11-12,=9679.3586,=10515.8803,=3184314491093.1602,=2167570834890,=1488009768244.0901,=5.8268,=0.5402,=7.3626,=5.3212,=3.9495
2024-11-11,=9934.7198,=10793.3106,=3278428680411.9897,=2219697322958,=1527451085605.9700,=5.9990,=0.5525,=7.3669,=5.3186,=3.9479
2024-11-08,=9330.0701,=10136.4051,=3090823798404.5903,=2080413390964,=1431532583718.5698,=5.6557,=0.5276,=7.3669,=5.3159,=3.9479
2024-11-07,=9342.3427,=10149.7383,=3102678302993.4004,=2078945323864,=1427847229623.4502,=5.6806,=0.5296,=7.3669,=5.3149,=3.9479
2024-11-06,=9052.7256,=9835.0916,=2980563530104.7002,=2016084092387,=1383927767539.5903,=5.4570,=0.5182,=7.3669,=5.3138,=3.9479
2024-11-05,=8941.3933,=9714.1375,=2948039654633.1597,=1994561405750,=1368671140608.3799,=5.3975,=0.5107,=7.3669,=5.3129,=3.9479
2024-11-04,=8526.1022,=9262.9556,=2788779757766.4502,=1905684407854,=1305363103210.0300,=5.1059,=0.4667,=7.3682,=5.3120,=3.9451
2024-11-01,=8367.2758,=9090.4029,=2737542733503.6904,=1871065998157,=1280137731587.8401,=5.0121,=0.4528,=7.3682,=5.3129,=3.9451
2024-10-31,=8698.1004,=9449.8184,=2841947004142.1704,=1944896117354,=1328597233119.9497,=5.2032,=0.4817,=7.3682,=5.3138,=3.9451
2024-10-30,=8508.2605,=9243.5719,=2786169617735.8999,=1904322470654,=1298868087074.8799,=5.1064,=0.4670,=7.3682,=5.3149,=3.9451
2024-10-29,=8633.1621,=9379.2679,=2852261211490.2798,=1928092809172,=1319807027704.6802,=5.2639,=0.4905,=7.3682,=5.3159,=3.9451
2024-10-28,=8635.2240,=9381.5080,=2856490519081.5400,=1930027238758,=1319530853293.4900,=5.2797,=0.4916,=7.3750,=5.3186,=3.9443
2024-10-25,=8644.1672,=9391.2241,=2863447809847.6597,=1933360767589,=1322114966551.3398,=5.3138,=0.4984,=7.3750,=5.3212,=3.9443
2024-10-24,=8585.0337,=9326.9801,=2852954880594.4600,=1918229719601,=1312469554310.8999,=5.3032,=0.4964,=7.3750,=5.3261,=3.9443
2024-10-23,=8588.0516,=9330.2588,=2846687271697.1592,=1922511501408,=1313295145976.8501,=5.2915,=0.4936,=7.3750,=5.3310,=3.9443
2024-10-22,=8728.8166,=9483.1892,=2902458351881.0396,=1950247561299,=1335131879877.7002,=5.3970,=0.5068,=7.3750,=5.3328,=3.9443
2024-10-21,=8855.7323,=9621.0733,=2949449780190.4502,=1978057984306,=1352780388770.2302,=5.4844,=0.5152,=7.3760,=5.3310,=3.9427
2024-10-18,=8611.9001,=9356.1683,=2850445510329.1299,=1925103961967,=1315501884943.9502,=5.3003,=0.4956,=7.3760,=5.3261,=3.9427
2024-10-17,=7701.7778,=8367.3903,=2517145332904.2002,=1726752535247,=1178370581874.0105,=4.6806,=0.4048,=7.3760,=5.3310,=3.9427
2024-10-16,=7677.2997,=8340.7967,=2500880001692.2598,=1721839860987,=1175890924091.3701,=4.6503,=0.4027,=7.3760,=5.3328,=3.9427
2024-10-15,=7868.3532,=8548.3616,=2557002204527.5898,=1767062607257,=1204109547186.0601,=4.7601,=0.4159,=7.3760,=5.3345,=3.9427
2024-10-14,=8018.9464,=8711.9695,=2610976440640.5303,=1797672181180,=1225970426597.6101,=4.8606,=0.4330,=7.3834,=5.3348,=3.9412
2024-10-11,=7757.3572,=8427.7729,=2509219616536.5796,=1741409535829,=1188358590477.6699,=4.6711,=0.4045,=7.3834,=5.3351,=3.9412
2024-10-10,=8273.8624,=8988.9161,=2681032960595.4302,=1857966978773,=1268571675745.0798,=4.9910,=0.4514,=7.3834,=5.3373,=3.9412
2024-10-09,=8771.5274,=9529.5908,=2855590562902.8306,=1966375772431,=1345963270339.0503,=5.3159,=0.4960,=7.3834,=5.3394,=3.9412
2024-10-08,=8552.3294,=9291.4490,=2734025998538.4805,=1924970755160,=1313943549141.3799,=5.0896,=0.4658,=7.3834,=5.3395,=3.9412
2024-09-30,=7391.3901,=8030.1776,=2341121955266.5303,=1666902756640,=1135588432344.5698,=4.3582,=0.3502,=7.3840,=5.3396,=3.9398
2024-09-27,=6426.0852,=6981.4480,=2016883135199.5801,=1452345503928,=987502576379.3702,=3.7546,=0.1160,=7.3840,=5.3509,=3.9398
2024-09-26,=5969.2451,=6485.1264,=1874485221776.5400,=1348736678143,=917149168364.7102,=3.4895,=0.0371,=7.3840,=5.3623,=3.9412
2024-09-25,=5728.3257,=6223.3859,=1804016518990.6704,=1294778092044,=879375210361.8300,=3.3583,=0.0129,=7.3840,=5.3624,=3.9427
2024-09-24,=5678.7265,=6169.5002,=1790107113980.6001,=1283224292344,=871655090404.9800,=3.3324,=0.0105,=7.3840,=5.3625,=3.9443
2024-09-23,=5467.5190,=5940.0395,=1724972074722.3999,=1234826984139,=839359421852.2201,=3.2112,=0.0016,=7.3844,=5.3708,=3.9443
2024-09-20,=5533.6160,=6011.8488,=1745681084905.1399,=1250090254773,=850178262083.1001,=3.2497,=0.0032,=7.3844,=5.3791,=3.9451
2024-09-19,=5564.6492,=6045.5640,=1753088158526.0400,=1257325222666,=854878578195.0199,=3.2635,=0.0040,=7.3844,=5.3831,=3.9479
2024-09-18,=5503.0890,=5978.6836,=1732765954750.3000,=1243985729309,=845219476363.3298,=3.2257,=0.0016,=7.3844,=5.3871,=3.9495
2024-09-13,=5568.1503,=6049.3677,=1748768907684.7598,=1258151697868,=854458182647.7001,=3.2555,=0.0024,=7.3844,=5.3954,=3.9506
2024-09-12,=5623.6451,=6109.6585,=1763587105470.7700,=1271553502338,=863894870486.7698,=3.2831,=0.0032,=7.3914,=5.4036,=3.9506
2024-09-11,=5694.4391,=6186.5708,=1786674508317.6296,=1286278513576,=874846142552.1097,=3.3260,=0.0049,=7.3914,=5.4135,=3.9521
2024-09-10,=5708.6706,=6202.0323,=1796039480233.6904,=1287566803306,=877263216670.5300,=3.3435,=0.0057,=7.3914,=5.4233,=3.9530
2024-09-09,=5663.7344,=6153.2126,=1781578995742.7395,=1277977072409,=870593903588.2000,=3.3166,=0.0041,=7.3914,=5.4262,=3.9553
2024-09-06,=5691.6437,=6183.5339,=1790555793071.5300,=1284825480775,=874629696874.4498,=3.3333,=0.0041,=7.3914,=5.4291,=3.9576
2024-09-05,=5765.5130,=6263.7872,=1812016461416.4504,=1301912881374,=886969354088.0099,=3.3732,=0.0049,=7.3967,=5.4299,=3.9576
2024-09-04,=5786.4221,=6286.5033,=1819795275660.8799,=1307393108934,=887025871651.7701,=3.3877,=0.0057,=7.3967,=5.4308,=3.9596
2024-09-03,=5839.8109,=6344.5062,=1836759364464.3701,=1318741561401,=895288633017.1700,=3.4193,=0.0098,=7.3967,=5.4349,=3.9616
2024-09-02,=5805.6635,=6307.4077,=1833271003169.9297,=1309970594696,=888559900143.5599,=3.4128,=0.0090,=7.3967,=5.4389,=3.9617
2024-08-30,=6022.4619,=6542.9425,=1897189663558.4504,=1358017362803,=921921913223.2202,=3.5327,=0.0335,=7.3967,=5.4401,=3.9675
2024-08-29,=5822.4402,=6325.6343,=1835832086273.5000,=1313557169984,=892070903317.9940,=3.4300,=0.0106,=7.3969,=5.4412,=3.9675
2024-08-28,=5763.4262,=6261.5201,=1820413385380.6899,=1299244922082,=882048987373.8679,=3.4056,=0.0074,=7.3969,=5.4421,=3.9682
2024-08-27,=5764.1461,=6262.3022,=1818077833090.2200,=1299539255386,=881488472057.9380,=3.4089,=0.0074,=7.3969,=5.4431,=3.9684
2024-08-26,=5857.3493,=6363.5604,=1844067553566.6699,=1321275539261,=891713487565.8202,=3.4605,=0.0131,=7.3969,=5.4463,=3.9690
2024-08-23,=5867.4214,=6374.5030,=1846134589741.2600,=1322611609415,=892670412102.4961,=3.4676,=0.0148,=7.3969,=5.4496,=3.9694
2024-08-22,=5909.7592,=6420.4998,=1855251389329.7500,=1332700115730,=898387485609.5721,=3.4904,=0.0205,=7.4000,=5.4531,=3.9694
2024-08-21,=6009.0567,=6528.3789,=1887116146164.5400,=1356007766969,=913711534349.9420,=3.5504,=0.0354,=7.4000,=5.4566,=3.9698
2024-08-20,=6052.2813,=6575.3392,=1899712422127.1001,=1365527682329,=922009452145.5320,=3.5831,=0.0461,=7.4000,=5.4667,=3.9712
2024-08-19,=6134.0030,=6664.1235,=1927022207299.1001,=1383634520581,=929276777212.3020,=3.6402,=0.0667,=7.4000,=5.4769,=3.9730
2024-08-16,=6128.1378,=6657.7514,=1925433569318.7605,=1379128967472,=929395137169.4980,=3.6372,=0.0618,=7.4000,=5.5064,=3.9743
2024-08-15,=6154.8247,=6686.7447,=1934115916190.5000,=1385164692557,=933788405502.3180,=3.6528,=0.0701,=7.4049,=5.5359,=3.9743
2024-08-14,=6119.6973,=6648.5814,=1918352369123.1101,=1379019762974,=928548878225.9440,=3.6276,=0.0595,=7.4049,=5.5387,=3.9751
2024-08-13,=6197.1683,=6732.7476,=1939758399170.7705,=1396726526069,=940776445857.1379,=3.6681,=0.0744,=7.4049,=5.5415,=3.9811
2024-08-12,=6148.4902,=6679.0893,=1926325043114.8501,=1386145189887,=933111667890.8060,=3.6415,=0.0653,=7.4049,=5.5510,=3.9813
2024-08-09,=6174.8429,=6707.7161,=1932747672463.1296,=1394193465326,=936509307756.5562,=3.6537,=0.0687,=7.4049,=5.5605,=3.9814
2024-08-08,=6161.0365,=6692.7182,=1925243499773.8696,=1392216717667,=936001357610.6738,=3.6400,=0.0638,=7.4115,=5.5618,=3.9814
2024-08-07,=6137.8497,=6667.5040,=1916939086380.3296,=1388182729580,=932471676310.1760,=3.6273,=0.0589,=7.4115,=5.5631,=3.9823
2024-08-06,=6210.0289,=6745.6747,=1937614516500.4399,=1403693237681,=943204241679.6440,=3.6659,=0.0697,=7.4115,=5.5642,=3.9840
2024-08-05,=6181.0191,=6714.1626,=1927631912350.8103,=1397328015074,=938804955960.1479,=3.6470,=0.0648,=7.4115,=5.5652,=3.9844
2024-08-02,=6468.1868,=7025.3704,=2009864617949.6001,=1461526927164,=981978852948.7004,=3.8015,=0.1014,=7.4115,=5.5687,=3.9845
2024-08-01,=6641.2120,=7213.3003,=2058309339120.7200,=1500163421552,=1007668518593.6802,=3.8931,=0.1406,=7.4118,=5.5723,=3.9845
2024-07-31,=6612.0147,=7181.5878,=2050473590478.8601,=1493445153582,=1002968268312.6218,=3.8783,=0.1307,=7.4118,=5.5936,=3.9858
2024-07-30,=6376.6882,=6925.5497,=1976251160516.4097,=1440994455637,=967945424499.9960,=3.7364,=0.0858,=7.4118,=5.6150,=3.9862
2024-07-29,=6311.6124,=6854.8726,=1953707292895.0903,=1426822936258,=957801382305.7338,=3.6938,=0.0734,=7.4118,=5.6165,=3.9874
2024-07-26,=6422.0064,=6974.7686,=1998508530260.0200,=1449892656069,=975013603664.0060,=3.7785,=0.0927,=7.4118,=5.6181,=3.9881
2024-07-25,=6368.0351,=6916.1518,=1979958612705.0503,=1438145225204,=966137174040.8242,=3.7435,=0.0860,=7.4178,=5.6237,=3.9881
2024-07-24,=6432.6074,=6986.2820,=1994599094953.9900,=1451244091799,=975432766873.0800,=3.7711,=0.0903,=7.4178,=5.6293,=3.9889
2024-07-23,=6489.7158,=7048.3059,=2010765945405.8201,=1464335692809,=985541632791.6680,=3.8017,=0.0979,=7.4178,=5.6372,=3.9899
2024-07-22,=6814.0659,=7400.5739,=2107153880041.5305,=1537213710110,=1034388916548.3656,=3.9840,=0.1926,=7.4178,=5.6452,=3.9905
2024-07-19,=6806.9093,=7392.8013,=2105802791396.6797,=1535743564654,=1033328997752.9301,=3.9814,=0.1911,=7.4178,=5.6535,=3.9912
2024-07-18,=6632.0543,=7202.5555,=2045117623592,=1497269312008,=1007595787319.8500,=3.8647,=0.1200,=7.4192,=5.6619,=3.9912
2024-07-17,=6618.9083,=7188.2786,=2037956116118.0696,=1492761370107,=1006073047528.2900,=3.8511,=0.1150,=7.4192,=5.6664,=3.9917
2024-07-16,=6688.3503,=7263.6942,=2058976169757.5200,=1506595564378,=1016793111652.8502,=3.8909,=0.1311,=7.4192,=5.6708,=3.9930
2024-07-15,=6477.1833,=7034.3623,=1994306048080.4399,=1458445201564,=987856312841.1021,=3.7686,=0.0892,=7.4192,=5.6829,=3.9945
2024-07-12,=6423.5317,=6976.0955,=1976544651287.0295,=1447090066912,=980338484322.6479,=3.7351,=0.0850,=7.4192,=5.6949,=4.0016
2024-07-11,=6379.2678,=6928.0239,=1965747759994.1597,=1434591954464,=973283045718.4100,=3.7147,=0.0783,=7.4245,=5.7086,=4.0016
2024-07-10,=6326.4292,=6870.6400,=1951370697082.6001,=1423463326587,=964157721873.5780,=3.6875,=0.0725,=7.4245,=5.7223,=4.0024
2024-07-09,=6326.5951,=6870.8202,=1953862686867.9600,=1423994304245,=964517694288.3600,=3.6922,=0.0726,=7.4245,=5.7236,=4.0035
2024-07-08,=6090.5971,=6614.5212,=1883900470301.8401,=1370871679128,=929450275281.8600,=3.5600,=0.0389,=7.4245,=5.7249,=4.0042
2024-07-05,=6086.8670,=6610.4703,=1884964995671.5205,=1369439271726,=928730156039.4680,=3.5621,=0.0389,=7.4245,=5.7268,=4.0045
2024-07-04,=6076.7226,=6599.4533,=1877280754393.4600,=1368315740525,=926994969952.8280,=3.5476,=0.0355,=7.4251,=5.7286,=4.0045
2024-07-03,=6162.6665,=6691.2880,=1903921046978.3604,=1388113308945,=940096002501.8101,=3.5951,=0.0466,=7.4251,=5.7344,=4.0047
2024-07-02,=6090.1902,=6612.5948,=1882084931670.3999,=1372847616012,=929007952558.7560,=3.5539,=0.0356,=7.4251,=5.7401,=4.0066
2024-07-01,=6201.1631,=6733.0867,=1911038322769.3601,=1398398967939,=945515838150.9578,=3.6085,=0.0483,=7.4251,=5.7404,=4.0128
2024-06-28,=6218.0724,=6751.4464,=1915067508153.7505,=1400847920577,=948667907483.8304,=3.6161,=0.0518,=7.4251,=5.7406,=4.0138
2024-06-27,=6201.5648,=6733.5228,=1910389028411.2100,=1397363877844,=945959746381.4840,=3.6073,=0.0476,=7.4252,=5.7436,=4.0138
2024-06-26,=6280.5647,=6818.3507,=1937755376012.1196,=1415858218539,=957888814214.4480,=3.6577,=0.0612,=7.4252,=5.7466,=4.0153
2024-06-25,=6145.1461,=6671.3367,=1898151754461.5601,=1386654882123,=937437408368.2758,=3.5830,=0.0434,=7.4252,=5.7517,=4.0217
2024-06-24,=6384.0488,=6930.6062,=1972442967569.9104,=1440869665557,=973816086292.3298,=3.7231,=0.0707,=7.4252,=5.7569,=4.0231
2024-06-21,=6547.6511,=7105.1750,=2026964931903.0300,=1476237136686,=998443127155.2262,=3.8219,=0.0921,=7.4252,=5.7590,=4.0240
2024-06-20,=6535.0208,=7091.4692,=2023234670405.9500,=1474255205203,=996538258392.3816,=3.8148,=0.0904,=7.4343,=5.7611,=4.0240
2024-06-19,=6534.7936,=7090.8318,=2015669534810.3401,=1474041204066,=995989600291.3120,=3.8001,=0.0845,=7.4343,=5.7638,=4.0268
2024-06-18,=6537.0792,=7093.1019,=2020062381509.5696,=1476040852990,=997072522759.4622,=3.8080,=0.0872,=7.4343,=5.7666,=4.0270
2024-06-17,=6535.3897,=7090.2155,=2017864234582.3701,=1476567506235,=996526345867.2778,=3.8010,=0.0847,=7.4343,=5.7772,=4.0296
2024-06-14,=6376.1988,=6917.5100,=1971713893301.0400,=1441280749322,=973033366479.0480,=3.7140,=0.0685,=7.4343,=5.7878,=4.0306
2024-06-13,=6403.5680,=6947.2027,=1983686368474.5801,=1448065855623,=977748422895.8260,=3.7366,=0.0737,=7.4384,=5.7891,=4.0306
2024-06-12,=6351.9033,=6890.4715,=1971063764996.6399,=1435324927789,=970412966997.4882,=3.7118,=0.0678,=7.4384,=5.7904,=4.0322
2024-06-11,=6377.2094,=6917.9232,=1982586930019.0703,=1439667705902,=974269486741.3700,=3.7335,=0.0721,=7.4384,=5.8063,=4.0331
2024-06-07,=6166.8932,=6689.5460,=1913944270951.8000,=1392898218730,=942530691744.4580,=3.6038,=0.0464,=7.4384,=5.8222,=4.0347
2024-06-06,=6169.3123,=6691.6433,=1913783955975.9399,=1394312003100,=943615147960.6000,=3.6027,=0.0456,=7.4384,=5.8474,=4.0356
2024-06-05,=6200.7361,=6723.8653,=1920070356319.5400,=1400639810995,=947922590497.0702,=3.6122,=0.0473,=7.4405,=5.8725,=4.0356
2024-06-04,=6166.7485,=6686.8135,=1908787373442.8003,=1392639012500,=942782988991.0861,=3.5906,=0.0448,=7.4405,=5.8730,=4.0384
2024-06-03,=6162.1414,=6681.8179,=1906310222146.3000,=1391371430375,=941988924389.6200,=3.5860,=0.0440,=7.4405,=5.8734,=4.0393
2024-05-31,=6050.9066,=6561.2022,=1876802286339.7300,=1362117244618,=925505840604.4420,=3.5305,=0.0285,=7.4405,=5.8927,=4.0399
2024-05-30,=6079.6602,=6591.4577,=1885606578595.9800,=1370135626456,=930212498277.7040,=3.5458,=0.0337,=7.4405,=5.9119,=4.0430
2024-05-29,=5965.3076,=6467.2943,=1845031094388.5105,=1346179469664,=912468645912.0724,=3.4692,=0.0156,=7.4407,=5.9204,=4.0430
2024-05-28,=5995.0202,=6499.5072,=1854322599661.5295,=1352357035158,=916864103507.6400,=3.4867,=0.0173,=7.4407,=5.9289,=4.0436
2024-05-27,=5995.4523,=6499.5861,=1855893482973.1003,=1352389381601,=916503388809.1238,=3.4890,=0.0190,=7.4407,=5.9318,=4.0444
2024-05-24,=5821.9970,=6311.5457,=1795364889270.0996,=1313775198468,=889620551065.1157,=3.3752,=0.0052,=7.4407,=5.9346,=4.0466
2024-05-23,=5979.2144,=6481.9829,=1840190455597.9399,=1348413295235,=912836656824.7760,=3.4595,=0.0104,=7.4407,=5.9379,=4.0499
2024-05-22,=6077.2486,=6587.3628,=1872761858077.5896,=1370360337400,=927579876632.3000,=3.5189,=0.0208,=7.4505,=5.9413,=4.0499
2024-05-21,=6038.6320,=6542.5129,=1861859847306.5603,=1361822619946,=921902355599.1602,=3.4924,=0.0174,=7.4505,=5.9421,=4.0605
2024-05-20,=6076.5707,=6583.6174,=1876083504573.9299,=1369121741207,=926948014418.2100,=3.5191,=0.0200,=7.4505,=5.9429,=4.0609
2024-05-17,=6064.8867,=6570.9584,=1871226180639.7900,=1366292679766,=925523326478.4700,=3.5100,=0.0191,=7.4505,=5.9451,=4.0625
2024-05-16,=5998.6641,=6499.2099,=1848304315003.5801,=1351531702061,=915933679347.4900,=3.4670,=0.0131,=7.4505,=5.9473,=4.0673
2024-05-15,=5992.9274,=6492.9945,=1842879759704.7700,=1350061360597,=915856313168.4200,=3.4568,=0.0096,=7.4687,=5.9507,=4.0673
2024-05-14,=6068.8372,=6575.2384,=1869732313691.4705,=1366861804443,=928289829202.0400,=3.5072,=0.0166,=7.4687,=5.9541,=4.0691
2024-05-13,=6064.2868,=6570.3083,=1868760255273.9500,=1365405559335,=927898634572.8900,=3.5054,=0.0157,=7.4687,=5.9577,=4.0725
2024-05-10,=6116.5457,=6626.9278,=1886468280174.6196,=1378947963651,=935768438747.2200,=3.5386,=0.0184,=7.4687,=5.9612,=4.0743
2024-05-09,=6243.9448,=6764.9574,=1929931668695.1504,=1408416560561,=954797119919.8700,=3.6212,=0.0341,=7.4687,=5.9639,=4.0747
2024-05-08,=6102.4890,=6611.6981,=1881959407884.2495,=1375651224601,=934612502037.2300,=3.5312,=0.0175,=7.4766,=5.9666,=4.0747
2024-05-07,=6191.5994,=6708.2441,=1907934602304.9900,=1395604662517,=948258780762.2698,=3.5799,=0.0289,=7.4766,=5.9696,=4.0750
2024-05-06,=6237.7924,=6758.2916,=1923762612289.9900,=1405952842279,=954961831467.5598,=3.6096,=0.0298,=7.4766,=5.9726,=4.0758
2024-04-30,=6177.9081,=6693.4103,=1907065820255.8501,=1393378262567,=945209425650.2300,=3.5783,=0.0281,=7.4766,=5.9762,=4.0768
2024-04-29,=6267.0107,=6789.9479,=1938161734092.7800,=1413582342286,=970504820108.3500,=3.6605,=0.0395,=7.4766,=5.9797,=4.0781
2024-04-26,=6050.9764,=6555.8871,=1875568705374.5601,=1362330555124,=928034362499.8199,=3.5473,=0.0211,=7.4797,=5.9859,=4.0781
2024-04-25,=5877.7787,=6368.2373,=1820222732385.7000,=1323705419659,=901273428219.8098,=3.4595,=0.0097,=7.4797,=5.9922,=4.0789
2024-04-24,=5875.3252,=6365.5791,=1820054328220.7395,=1322557394226,=900837966371.2800,=3.4603,=0.0097,=7.4797,=5.9941,=4.0808
2024-04-23,=5766.8233,=6248.0235,=1788428514277.5498,=1300257064548,=884462257170.7401,=3.4002,=0.0062,=7.4797,=5.9959,=4.0813
2024-04-22,=5818.9703,=6304.5218,=1803485005603.2195,=1311409926143,=892948311494.5796,=3.4249,=0.0062,=7.4797,=6.0176,=4.0850
2024-04-19,=5817.0404,=6302.4309,=1805353736556.1799,=1310517803908,=892485967422.8701,=3.4272,=0.0062,=7.4838,=6.0393,=4.0850
2024-04-18,=5989.2087,=6488.9654,=1855850646372,=1348754994425,=918508734916.1300,=3.5249,=0.0124,=7.4838,=6.0456,=4.0865
2024-04-17,=6068.3595,=6574.7207,=1877873121879.6704,=1366895734359,=930658404864.1600,=3.5701,=0.0195,=7.4838,=6.0518,=4.0870
2024-04-16,=5864.6025,=6353.9616,=1821617148432.9104,=1322568034040,=899466669580.3499,=3.4632,=0.0071,=7.4838,=6.0574,=4.0876
2024-04-15,=6021.7507,=6524.2227,=1863295401842.5601,=1358694278634,=923508013905.9000,=3.5424,=0.0133,=7.4838,=6.0630,=4.0884
2024-04-12,=5915.4611,=6409.0640,=1828588288777.1001,=1332715104638,=904989499978.4900,=3.4888,=0.0098,=7.4843,=6.0798,=4.0884
2024-04-11,=5876.7241,=6367.0946,=1821542928868.3799,=1326031995361,=898865434626.8000,=3.4810,=0.0071,=7.4843,=6.0965,=4.0927
2024-04-10,=5854.1577,=6342.6452,=1823504202049.2705,=1322060896650,=895458117125.1801,=3.4848,=0.0071,=7.4843,=6.1098,=4.0940
2024-04-09,=6016.5119,=6518.5467,=1869819519088.6499,=1357633533635,=919761721352.5200,=3.5735,=0.0151,=7.4843,=6.1231,=4.0969
2024-04-08,=5966.1411,=6463.9729,=1854079721889.6201,=1345929933761,=910549314140.6899,=3.5430,=0.0107,=7.4843,=6.1288,=4.1025
2024-04-03,=6107.0840,=6616.6765,=1899163871722.6804,=1376204412244,=932206876832.1600,=3.6309,=0.0187,=7.4932,=6.1345,=4.1025
2024-04-02,=6161.0291,=6675.1229,=1915415401364.3999,=1388163727905,=940211406669.2800,=3.6620,=0.0259,=7.4932,=6.1365,=4.1038
2024-04-01,=6273.6999,=6797.1953,=1948292144456.2695,=1414158502739,=957420522214.4900,=3.7243,=0.0330,=7.4932,=6.1385,=4.1048
2024-03-29,=6189.0804,=6705.5149,=1920509270640.9497,=1394125347290,=944380613740.6002,=3.6713,=0.0268,=7.4932,=6.1393,=4.1087
2024-03-28,=6205.4419,=6723.2416,=1924272090110.5696,=1397640582747,=946806817482.6400,=3.6747,=0.0268,=7.4932,=6.1401,=4.1090
2024-03-27,=6111.1903,=6621.1254,=1895782848830.9199,=1378012957043,=932496078881.1500,=3.6203,=0.0170,=7.5005,=6.1429,=4.1090
2024-03-26,=6281.2347,=6805.3588,=1946138124762.5896,=1414861501045,=958711745667.5200,=3.7165,=0.0287,=7.5005,=6.1456,=4.1115
2024-03-25,=6359.5754,=6890.2365,=1973573582613.0701,=1431835725043,=970528518846.7296,=3.7689,=0.0341,=7.5005,=6.1527,=4.1149
2024-03-22,=6506.5549,=7049.4804,=2017356331192.9504,=1463672299896,=993261595109.4298,=3.8525,=0.0557,=7.5005,=6.1599,=4.1164
2024-03-21,=6568.4803,=7116.5730,=2042139187615.6904,=1476813077433,=1003015083754.6100,=3.9007,=0.0773,=7.5005,=6.1656,=4.1173
2024-03-20,=6568.7207,=7116.8335,=2045571831835.4004,=1477972567547,=1002894746200.3800,=3.9072,=0.0809,=7.5017,=6.1713,=4.1173
2024-03-19,=6588.6274,=7138.4013,=2049379771014.7805,=1482559829779,=1005942088600.9600,=3.9145,=0.0864,=7.5017,=6.1748,=4.1183
2024-03-18,=6685.1042,=7242.9284,=2080692944452.9600,=1502994012742,=1021267198677.9399,=3.9811,=0.1297,=7.5017,=6.1783,=4.1210
2024-03-15,=6498.6463,=7040.9119,=2022578681046.5095,=1460182992566,=993618097802.7400,=3.8699,=0.0613,=7.5017,=6.1833,=4.1215
2024-03-14,=6494.7982,=7036.7427,=2022138189279.5100,=1459633922206,=992962193513.3199,=3.8691,=0.0605,=7.5017,=6.1883,=4.1270
2024-03-13,=6594.9283,=7145.2280,=2053343420029.1699,=1482974085052,=1008201823342.5295,=3.9288,=0.0921,=7.5051,=6.1949,=4.1270
2024-03-12,=6615.5967,=7167.6210,=2056781955315.0801,=1487398021033,=1011089588046.7800,=3.9353,=0.1013,=7.5051,=6.2014,=4.1289
2024-03-11,=6589.0587,=7138.8686,=2056677273147.3501,=1481533952010,=1006740166542.3500,=3.9351,=0.1005,=7.5051,=6.2046,=4.1309
2024-03-08,=6513.3154,=7056.8050,=2030830180971.0601,=1463909452801,=995407728443.9102,=3.8857,=0.0679,=7.5051,=6.2078,=4.1325
2024-03-07,=6367.5830,=6898.9123,=1991485912144.9600,=1430637833853,=973179073903.8600,=3.8106,=0.0435,=7.5051,=6.2078,=4.1364
2024-03-06,=6510.0113,=7053.2252,=2034328455817.7900,=1461331907338,=994995070622.4596,=3.8926,=0.0708,=7.5076,=6.2078,=4.1364
2024-03-05,=6603.1310,=7154.1151,=2059733344499.1304,=1480320834143,=1009039853444.5900,=3.9412,=0.1017,=7.5076,=6.2088,=4.1368
2024-03-04,=6610.7693,=7162.3907,=2064079054919.5500,=1482958048985,=1010362830003.9402,=3.9495,=0.1055,=7.5076,=6.2097,=4.1381
2024-03-01,=6574.3770,=7122.9617,=2059023201336.2305,=1474738592263,=1004874981592.2500,=3.9398,=0.1010,=7.5076,=6.2103,=4.1384
2024-02-29,=6439.3320,=6976.6482,=2025458452301.1799,=1444916427387,=984138933852.2600,=3.8756,=0.0619,=7.5076,=6.2110,=4.1388
2024-02-28,=6060.1296,=6565.8041,=1907101948488.8201,=1358742577488,=926169943148.9502,=3.6513,=0.0246,=7.5076,=6.2127,=4.1388
2024-02-27,=6323.4822,=6851.1315,=1989674481419.5801,=1416405403403,=966474745367.4700,=3.8094,=0.0420,=7.5076,=6.2144,=4.1400
2024-02-26,=6036.0599,=6539.7259,=1897173430372.8301,=1353566372249,=922885500018.3900,=3.6323,=0.0183,=7.5076,=6.2295,=4.1430
2024-02-23,=6009.2341,=6510.6616,=1887045378129.3999,=1347279796836,=918950760269.6200,=3.6129,=0.0165,=7.5076,=6.2445,=4.1498
2024-02-22,=5994.5380,=6494.7392,=1885042133965.1296,=1342855320139,=916609385161.6598,=3.6090,=0.0156,=7.5076,=6.2458,=4.1506
2024-02-21,=5896.7244,=6388.7638,=1856802341804.6399,=1322015679570,=902126388514.2196,=3.5550,=0.0110,=7.5083,=6.2471,=4.1506
2024-02-20,=5876.0794,=6366.3961,=1849699473473.3201,=1314799984895,=898807941562.3597,=3.5414,=0.0101,=7.5083,=6.2528,=4.1509
2024-02-19,=5916.5203,=6410.2115,=1867777861733.6499,=1324260920255,=904633827697.1100,=3.5760,=0.0128,=7.5083,=6.2586,=4.1543
2024-02-08,=5778.4203,=6260.5881,=1821419529506.3201,=1297113626699,=884076120838.8998,=3.4872,=0.0073,=7.5083,=6.2599,=4.1560
2024-02-07,=5603.6257,=6071.2081,=1772079662955.0002,=1259549627365,=857364791188.0601,=3.3928,=0.0055,=7.5083,=6.2613,=4.1560
2024-02-06,=5533.4514,=5995.1782,=1759027239189.4795,=1240654088992,=846455597835.8900,=3.3682,=0.0046,=7.5160,=6.2631,=4.1560
2024-02-05,=5193.2244,=5626.5617,=1652295750177.5503,=1166877944756,=794498570726.9600,=3.1638,=0,=7.5160,=6.2649,=4.1563
2024-02-02,=5221.1194,=5656.7844,=1652642390315.6602,=1172085663934,=798522911876.4601,=3.1645,=0,=7.5160,=6.2663,=4.1579
2024-02-01,=5411.9289,=5863.5155,=1706417924456.2195,=1215878244713,=827478115073.2100,=3.2674,=0.0009,=7.5160,=6.2677,=4.1584
2024-01-31,=5347.6110,=5793.8308,=1690656775978.2500,=1201749516532,=817794748783.2100,=3.2373,=0,=7.5160,=6.2725,=4.1604
2024-01-30,=5460.1429,=5915.7527,=1718981826477.1194,=1228956630153,=834851555457.9799,=3.2915,=0,=7.5171,=6.2774,=4.1604
2024-01-29,=5697.8640,=6173.3099,=1798594905998.9998,=1282750408772,=871075453693.2699,=3.4439,=0,=7.5171,=6.2821,=4.1671
2024-01-26,=5837.3943,=6324.4830,=1840378930799.4800,=1314503845927,=892458601289.2200,=3.5240,=0,=7.5171,=6.2868,=4.1696
2024-01-25,=6042.2340,=6546.4151,=1900819089819.7900,=1358772632087,=923598506929.3696,=3.6397,=0.0065,=7.5171,=6.2880,=4.1711
2024-01-24,=5912.7635,=6406.1412,=1858316477913.1101,=1330675456699,=903971429369.6500,=3.5583,=0.0009,=7.5171,=6.2892,=4.1746
2024-01-23,=5944.4626,=6440.4854,=1860819312424.4800,=1336482220961,=908944143141.5100,=3.5631,=0.0009,=7.5250,=6.2892,=4.1746
2024-01-22,=5919.3735,=6413.3028,=1849066134404.6899,=1331329051458,=905130466318.5300,=3.5406,=0,=7.5250,=6.2893,=4.1754
2024-01-19,=6090.2899,=6598.4810,=1901030852846.5896,=1369780109715,=931399544902.5800,=3.6401,=0.0037,=7.5250,=6.2909,=4.1792
2024-01-18,=6095.7493,=6604.3959,=1903996540880.7195,=1372637275676,=932160426861.9000,=3.6458,=0.0037,=7.5250,=6.2925,=4.1825
2024-01-17,=5960.3196,=6457.6655,=1861663310147.8999,=1342828046683,=911746457849.1802,=3.5647,=0,=7.5250,=6.2927,=4.1998
2024-01-16,=6098.4383,=6607.3092,=1906324457477.3899,=1373692425921,=933068783228.1899,=3.6502,=0.0028,=7.5293,=6.2929,=4.1998
2024-01-15,=6087.1511,=6595.0802,=1900318065732.3601,=1369740601366,=931297103512.5902,=3.6387,=0.0019,=7.5293,=6.2937,=4.2035
2024-01-12,=6065.3683,=6571.4797,=1893722538526.0500,=1363503558086,=928108518170.1300,=3.6261,=0,=7.5293,=6.2946,=4.2065
2024-01-11,=6182.7760,=6698.6842,=1935184584633.5400,=1387378490064,=946218149798.6400,=3.7055,=0.0028,=7.5293,=6.2951,=4.2080
2024-01-10,=6105.8036,=6615.2890,=1914828161312.7000,=1370294596617,=934580475452.9500,=3.6665,=0.0009,=7.5293,=6.2957,=4.2114
2024-01-09,=6172.0354,=6687.0474,=1936673609932.1299,=1383800857129,=944746982113.5601,=3.7083,=0.0019,=7.5461,=6.2981,=4.2114
2024-01-08,=6169.5680,=6684.3741,=1943209859695.0105,=1382589820974,=944521147416.6804,=3.7209,=0.0019,=7.5461,=6.3005,=4.2133
2024-01-05,=6373.8507,=6905.7027,=2005981181686.7705,=1429040599531,=975734458338.7196,=3.8410,=0.0235,=7.5461,=6.3041,=4.2190
2024-01-04,=6468.7885,=7008.5624,=2039844278258.7600,=1448646209724,=990139700966.2300,=3.9059,=0.0451,=7.5461,=6.3076,=4.2206
2024-01-03,=6573.6982,=7122.2260,=2066552960140.3401,=1473372913945,=1006257448835.2598,=3.9576,=0.0790,=7.5461,=6.3079,=4.2208
2024-01-02,=6704.4698,=7263.9096,=2100798174973.8899,=1501565710134,=1026204765480.3800,=4.0231,=0.1158,=7.5563,=6.3081,=4.2208
2023-12-29,=6829.0608,=7398.8969,=2130869374158.1899,=1522765802373,=1044997503904.2900,=4.0813,=0.1451,=7.5563,=6.3084,=4.2214
2023-12-28,=6814.6461,=7383.2794,=2127149446544.5400,=1520081324922,=1042807673996.1100,=4.0743,=0.1377,=7.5563,=6.3087,=4.2225
2023-12-27,=6667.0848,=7223.4052,=2082126567881.0696,=1483967358396,=1020083155293.9700,=3.9881,=0.0982,=7.5563,=6.3145,=4.2228
2023-12-26,=6569.7562,=7117.9552,=2056532185990.7896,=1461267407427,=1005067119246.2400,=3.9391,=0.0709,=7.5563,=6.3203,=4.2276
2023-12-25,=6711.1808,=7271.1807,=2102316352110.6101,=1493259488616,=1026719309891.1400,=4.0268,=0.1154,=7.5625,=6.3260,=4.2276
2023-12-22,=6771.7610,=7336.8159,=2129132581248.9800,=1503116406199,=1036051662275.6600,=4.0781,=0.1392,=7.5625,=6.3317,=4.2333
2023-12-21,=6841.3984,=7412.2641,=2149579817752.1001,=1519448410953,=1046858155281.1504,=4.1173,=0.1564,=7.5625,=6.3329,=4.2353
2023-12-20,=6770.8922,=7335.8747,=2127489954014.5601,=1503549828245,=1036135329631.8300,=4.0750,=0.1366,=7.5625,=6.3342,=4.2430
2023-12-19,=6849.7481,=7421.3105,=2150132832166.9905,=1519937867056,=1048106104411.9000,=4.1183,=0.1557,=7.5625,=6.3352,=4.2436
2023-12-18,=6761.2465,=7325.4241,=2120980416760.7700,=1500378164161,=1034580547302.3800,=4.0625,=0.1321,=7.5631,=6.3362,=4.2436
2023-12-15,=6841.6727,=7412.5613,=2139578026928.1299,=1520139765968,=1046916223492.5000,=4.0981,=0.0076,=7.5631,=6.3367,=4.2445
2023-12-14,=6890.4786,=7465.4397,=2151282363347,=1529900550627,=1054309357527.6100,=4.1205,=0.0105,=7.5631,=6.3373,=4.2455
2023-12-13,=6905.1220,=7481.3050,=2162275252657.7600,=1532513675960,=1056611376468.5698,=4.1416,=0.0124,=7.5631,=6.3380,=4.2456
2023-12-12,=6987.9063,=7570.9971,=2191391782529.9497,=1551235683268,=1069103550727.4000,=4.1974,=0.0210,=7.5631,=6.3388,=4.2518
2023-12-11,=7004.8747,=7589.3813,=2194679027121.8601,=1554788452638,=1071282879588.2600,=4.2037,=0.0172,=7.5671,=6.3399,=4.2518
2023-12-08,=6913.7918,=7490.6982,=1953786677046.4397,=1452770731100,=985168845462.7800,=3.7947,=0.0096,=7.5671,=6.3409,=4.2545
2023-12-07,=6770.9720,=7335.9611,=1919210048752.1299,=1422778072443,=964957895594.9000,=3.7275,=0.0019,=7.5671,=6.3415,=4.2587
2023-12-06,=6852.5530,=7424.3495,=1931781943058.9604,=1440074115968,=976339398852.8900,=3.7520,=0.0029,=7.5671,=6.3420,=4.2642
2023-12-05,=6865.8776,=7438.7859,=1936011586747.7400,=1442774001393,=977803909796.2000,=3.7602,=0.0029,=7.5671,=6.3427,=4.2653
2023-12-04,=7061.8518,=7651.1128,=1984819268999.2097,=1483109745559,=1005229265617.5298,=3.8550,=0.0182,=7.5701,=6.3434,=4.2653
2023-12-01,=7155.3182,=7752.3784,=2011334920747.3501,=1501982382912,=1018615280473.9602,=3.9065,=0.0365,=7.5701,=6.3454,=4.2718
2023-11-30,=7129.6052,=7724.5198,=1998115173563.5105,=1497409174245,=1014780252477.0498,=3.9185,=0.0433,=7.5701,=6.3474,=4.2728
2023-11-29,=7137.8694,=7733.4735,=2000404533978.2800,=1500657252236,=1015899666733.4700,=3.9230,=0.0443,=7.5701,=6.3487,=4.2728
2023-11-28,=7137.1120,=7732.6530,=2005172099122.5801,=1500759291691,=1016030275081.2400,=3.9324,=0.0549,=7.5701,=6.3500,=4.2754
2023-11-27,=7152.3136,=7749.1231,=2010439832172.4497,=1504447543137,=1017974939403.5402,=3.9427,=0.0588,=7.5774,=6.3500,=4.2754
2023-11-24,=7068.0138,=7656.6062,=1984469866475.2495,=1485777747207,=1005800876586.0400,=3.8902,=0.0299,=7.5774,=6.3500,=4.2766
2023-11-23,=7163.5647,=7760.1141,=2003869669147.6499,=1506640557744,=1019263486409.9900,=3.9282,=0.0473,=7.5774,=6.3511,=4.2771
2023-11-22,=7099.1734,=7690.3606,=1984995799417.1704,=1494176093601,=1009931506707.2198,=3.8912,=0.0300,=7.5774,=6.3522,=4.2804
2023-11-21,=7208.3974,=7808.6802,=2017683959624.7695,=1517482093491,=1025539799049.1500,=3.9553,=0.0620,=7.5774,=6.3541,=4.2824
2023-11-20,=7275.5271,=7881.4001,=2037693556674.0500,=1531955947448,=1035216445969.7300,=3.9945,=0.0872,=7.5790,=6.3559,=4.2824
2023-11-17,=7327.2240,=7937.4021,=2042868567694.1101,=1540612062976,=1042403763095.7100,=4.0047,=0.0921,=7.5790,=6.3573,=4.2880
2023-11-16,=7301.4788,=7909.5130,=2035308526396.7400,=1534841655410,=1038723079944.8098,=3.9899,=0.0825,=7.5790,=6.3586,=4.2925
2023-11-15,=7431.5114,=8050.3741,=2071511148623.9800,=1562591602119,=1057053979678.9399,=4.0609,=0.1127,=7.5790,=6.3611,=4.2947
2023-11-14,=7453.7816,=8074.4989,=2080678901609.9104,=1568077915237,=1060654898622.1801,=4.0789,=0.1187,=7.5790,=6.3636,=4.2979
2023-11-13,=7387.2238,=8002.3985,=2060796895317.7000,=1555742089954,=1051174522336.7600,=4.0399,=0.1061,=7.5903,=6.3688,=4.2979
2023-11-10,=7376.3065,=7990.5720,=2056069749064.2505,=1552194502918,=1049095218575.5304,=4.0306,=0.0994,=7.5903,=6.3739,=4.2982
2023-11-09,=7415.7497,=8033.2998,=2074185086042.2700,=1554930177652,=1053734664422.7500,=4.0673,=0.1112,=7.5903,=6.3744,=4.2996
2023-11-08,=7515.7978,=8141.6795,=2105591118078.4304,=1574761622050,=1068053550393.5100,=4.1289,=0.1357,=7.5903,=6.3748,=4.3036
2023-11-07,=7502.7948,=8127.5936,=2099235592743.1404,=1574088840660,=1066430077310.1200,=4.1164,=0.1320,=7.5903,=6.3749,=4.3049
2023-11-06,=7481.7293,=8104.7739,=2092787678343.9597,=1569779067031,=1063659269219.6600,=4.1038,=0.1262,=7.5915,=6.3749,=4.3049
2023-11-03,=7326.7619,=7936.9015,=2057545676667.6899,=1535901683367,=1041833811237.4398,=4.0347,=0.1019,=7.5915,=6.3803,=4.3076
2023-11-02,=7161.9791,=7758.3963,=2015893425986.7500,=1500772449676,=1018838489413.4000,=3.9530,=0.0618,=7.5915,=6.3856,=4.3083
2023-11-01,=7247.3502,=7850.8767,=2041092902006.2000,=1517833155153,=1030795374595.3298,=4.0024,=0.0873,=7.5915,=6.3869,=4.3154
2023-10-31,=7296.8478,=7904.4962,=2047691098684.3799,=1528456807258,=1037402901956.4100,=4.0153,=0.0933,=7.5915,=6.3882,=4.3155
2023-10-30,=7309.1741,=7917.8489,=2057138644411.2900,=1532191685520,=1028372764193.8101,=4.0466,=0.1052,=7.6190,=6.3887,=4.3155
2023-10-27,=6995.6312,=7578.1956,=1980054384774.2195,=1468819962062,=983111744675.2000,=3.9098,=0.0384,=7.6190,=6.3892,=4.3158
2023-10-26,=6832.0961,=7401.0421,=1935143284202.2805,=1438240363694,=959454165939.0898,=3.8221,=0.0099,=7.6190,=6.3908,=4.3173
2023-10-25,=6836.0022,=7405.2735,=1929156735131.5105,=1436427862272,=959433840140.0400,=3.8385,=0.0118,=7.6190,=6.3925,=4.3217
2023-10-24,=6818.5925,=7386.4140,=1926525835879.3799,=1430989876408,=956618327510.4000,=3.8353,=0.0099,=7.6190,=6.3925,=4.3223
2023-10-23,=6714.4033,=7273.5484,=1908576911791.2500,=1406722879862,=941884982906.3700,=3.7995,=0.0069,=7.6262,=6.3926,=4.3223
2023-10-20,=6870.9006,=7443.0781,=1949454528335.8899,=1438802801338,=963700073885.7900,=3.8809,=0.0218,=7.6262,=6.3956,=4.3223
2023-10-19,=6999.0938,=7581.9466,=1975165390919.9199,=1467504061008,=982090070613.7998,=3.9321,=0.0455,=7.6262,=6.3985,=4.3230
2023-10-18,=6946.1495,=7524.5933,=1953332365788.1299,=1458501218140,=974602687735.6500,=3.8891,=0.0248,=7.6262,=6.4026,=4.3310
2023-10-17,=7033.4943,=7619.2117,=1972254297729.7495,=1477206374965,=986915453039.2700,=3.9268,=0.0397,=7.6262,=6.4066,=4.3591
2023-10-16,=6959.1260,=7538.6503,=1950285809580.1399,=1463002392184,=976451095127.4698,=3.8830,=0.0228,=7.6352,=6.4066,=4.3591
2023-10-13,=7158.5469,=7754.6780,=2003448629093.5205,=1504812318746,=1004359588071.0402,=3.9889,=0.0726,=7.6352,=6.4067,=4.3598
2023-10-12,=7173.8707,=7771.2779,=2004591020593.4199,=1507705956615,=1006420570762.4399,=3.9912,=0.0736,=7.6352,=6.4069,=4.3612
2023-10-11,=7140.0602,=7734.6518,=1996544002570.8501,=1497515708924,=1001553031442.5699,=3.9751,=0.0647,=7.6352,=6.4070,=4.3639
2023-10-10,=7055.4431,=7642.9882,=1961093649552.6799,=1482866023319,=989276138729.0800,=3.9046,=0.0279,=7.6352,=6.4076,=4.3674
2023-10-09,=6985.3256,=7567.0317,=1945575716756.5901,=1469296743387,=979164335783.9100,=3.8737,=0.0200,=7.6386,=6.4081,=4.3674
2023-09-28,=6929.1540,=7506.1824,=1936887330904.0095,=1457543364479,=971601594764.2000,=3.8574,=0.0150,=7.6386,=6.4086,=4.3680
2023-09-27,=6849.1484,=7419.5142,=1909562527183.5500,=1440452108095,=959993540053.1400,=3.8030,=0.0070,=7.6386,=6.4091,=4.3685
2023-09-26,=6835.5773,=7404.8129,=1903423217414.4600,=1438452575926,=957975421125,=3.7908,=0.0060,=7.6386,=6.4106,=4.3687
2023-09-25,=6909.2839,=7483.9867,=1927082665864.6599,=1453894519296,=968085704949.4200,=3.8370,=0.0070,=7.6386,=6.4122,=4.3705
2023-09-22,=6973.6746,=7553.7333,=1942560874081.6011,=1467258404156,=977252964198.0702,=3.8678,=0.0140,=7.6429,=6.4131,=4.3705
2023-09-21,=6822.7857,=7390.2938,=1897348447405,=1437527383013,=956035864312.7198,=3.7778,=0.0040,=7.6429,=6.4141,=4.3733
2023-09-20,=6843.7449,=7412.9964,=1902697235666.9705,=1435573411999,=959151252432.5502,=3.7884,=0.0040,=7.6429,=6.4169,=4.3765
2023-09-19,=6942.8882,=7520.3863,=1928696017148.3401,=1456980197442,=972801430838.3101,=3.8402,=0.0050,=7.6429,=6.4197,=4.3796
2023-09-18,=6976.9641,=7557.2965,=1940312841434.6499,=1465054372523,=977622585449.5900,=3.8633,=0.0101,=7.6429,=6.4215,=4.3804
2023-09-15,=7073.8683,=7662.2610,=1975013939818.2800,=1483289683139,=991432719850.5002,=3.9324,=0.0333,=7.6456,=6.4233,=4.3804
2023-09-14,=6978.6385,=7559.1102,=1947421809809.4504,=1464967847690,=977909702886.2500,=3.8775,=0.0111,=7.6456,=6.4256,=4.3805
2023-09-13,=7080.4722,=7669.4143,=1971242008672.4299,=1486152243763,=992016039603.9800,=3.9249,=0.0263,=7.6456,=6.4278,=4.3810
2023-09-12,=7162.9024,=7758.7010,=1995377362573.7800,=1503511360766,=1003492623517.1302,=3.9730,=0.0495,=7.6456,=6.4281,=4.3829
2023-09-11,=7214.0773,=7814.1326,=2010694408141.2400,=1513918152182,=1010717241322.7798,=4.0035,=0.0617,=7.6456,=6.4284,=4.3890
2023-09-08,=7216.9577,=7817.2526,=2012285148741.7495,=1507724044477,=1011002802608.6200,=4.0066,=0.0638,=7.6715,=6.4370,=4.3890
2023-09-07,=7174.9591,=7771.7606,=2001100690959.3789,=1500027595109,=1005210412111.6998,=3.9844,=0.0527,=7.6715,=6.4457,=4.3915
2023-09-06,=7467.5620,=8088.7017,=2096665773454.3999,=1559146564507,=1046340255820.9800,=4.1746,=0.1249,=7.6715,=6.4530,=4.3940
2023-09-05,=7326.8265,=7936.2600,=2054096273655.1799,=1529469584292,=1025081086000.2100,=4.0927,=0.0904,=7.6715,=6.4603,=4.3946
2023-09-04,=7353.8554,=7965.5371,=2068513325479.4099,=1534971141475,=1028840870967.8198,=4.1215,=0.0997,=7.6715,=6.4614,=4.3996
2023-09-01,=7238.5635,=7840.6554,=2026840846108.4004,=1514592278644,=1012742599196.3900,=4.0384,=0.0723,=7.6731,=6.4625,=4.3996
2023-08-31,=7293.0992,=7899.7273,=2043946858773.7104,=1525490432719,=1020084229703.9301,=4.0725,=0.0795,=7.6731,=6.4668,=4.4012
2023-08-30,=7251.8853,=7855.0852,=2027697951038.8799,=1517536008210,=1006773019663.8300,=4.0436,=0.0745,=7.6731,=6.4711,=4.4142
2023-08-29,=7083.3558,=7672.5377,=1976265398917.7695,=1483597627089,=980683244085.2800,=3.9506,=0.0378,=7.6731,=6.4722,=4.4170
2023-08-28,=6837.1673,=7405.8717,=1905247300916.7605,=1435171244853,=941750236741.5958,=3.8173,=0.0041,=7.6731,=6.4734,=4.4204
2023-08-25,=6772.7337,=7336.0786,=1888676330674.2505,=1422634609704,=932278079659.7140,=3.8722,=0.0092,=7.6784,=6.4755,=4.4204
2023-08-24,=6930.3968,=7506.8559,=1929326106115.3596,=1456262955114,=952812424513.0404,=3.9617,=0.0389,=7.6784,=6.4777,=4.4319
2023-08-23,=6809.2217,=7375.6016,=1899581180696.9104,=1433028619757,=938890336635.7704,=3.9066,=0.0154,=7.6784,=6.4782,=4.4349
2023-08-22,=6966.5064,=7545.9690,=1940350270737.7600,=1463914366059,=960310509512.9139,=3.9905,=0.0524,=7.6784,=6.4786,=4.4352
2023-08-21,=6871.9566,=7443.5547,=1913510976641.6201,=1444533167068,=947380338911.6692,=3.9479,=0.0339,=7.6784,=6.4789,=4.4368
2023-08-18,=6952.5084,=7530.8067,=1933569638022.8000,=1461010750422,=958376260393.1388,=3.9862,=0.0494,=7.6849,=6.4791,=4.4368
2023-08-17,=7042.4951,=7628.2783,=1956325296677.1897,=1479320273314,=970557571721.8928,=4.0331,=0.0628,=7.6849,=6.4811,=4.4394
2023-08-16,=6988.9949,=7569.9947,=1941023420522.7104,=1470869084367,=963342525563.2164,=4.0016,=0.0526,=7.6849,=6.4831,=4.4441
2023-08-15,=7140.4164,=7734.0040,=1977026700988.1599,=1501679674768,=984039248250.3484,=4.0758,=0.0702,=7.6849,=6.4839,=4.4551
2023-08-14,=7299.6701,=7906.4965,=2010413875963.0601,=1533460406121,=1004447017437.0282,=4.1543,=0.1002,=7.6849,=6.4847,=4.4580
2023-08-11,=7358.8271,=7970.4462,=2018893711681.9600,=1541320975537,=1012337811384.8362,=4.1711,=0.1086,=7.6876,=6.4852,=4.4580
2023-08-10,=7532.3887,=8156.4682,=2066373901292.9705,=1575995724314,=1035410098591.2084,=4.2718,=0.1377,=7.6876,=6.4857,=4.4587
2023-08-09,=7505.8491,=8127.7297,=2060075716249.8799,=1570289817728,=1031622672453.7368,=4.2587,=0.1347,=7.6876,=6.4864,=4.4648
2023-08-08,=7582.3813,=8210.6028,=2081768755140.1399,=1585285197309,=1041928365337.7678,=4.3036,=0.1504,=7.6876,=6.4870,=4.4650
2023-08-07,=7612.4286,=8243.1396,=2087546855526.8799,=1591699859349,=1045996284107.7604,=4.3155,=0.1547,=7.6876,=6.4894,=4.4660
2023-08-04,=7666.0075,=8301.1576,=2108036250346.6799,=1599006160047,=1043791315471.6288,=4.3612,=0.1642,=7.6915,=6.4919,=4.4660
2023-08-03,=7711.5389,=8350.4614,=2115456019620.7800,=1607111670936,=1049927785982.0072,=4.3765,=0.1717,=7.6915,=6.4923,=4.4700
2023-08-02,=7690.9069,=8328.1200,=2111349206226.8997,=1602397714305,=1047053404916.1688,=4.3680,=0.1667,=7.6915,=6.4927,=4.4760
2023-08-01,=7680.5336,=8316.8872,=2106693669574.2500,=1600557906283,=1045877589854.7594,=4.3598,=0.1637,=7.6915,=6.4973,=4.4807
2023-07-31,=7660.5773,=8295.2774,=2106336505346.5400,=1597437013459,=1043258515591.7584,=4.3591,=0.1628,=7.6915,=6.5020,=4.4829
2023-07-28,=7566.7290,=8193.1569,=2077317502563.0601,=1558884104239,=1030395109528.1642,=4.2979,=0.1484,=7.6996,=6.5024,=4.4829
2023-07-27,=7513.5303,=8135.5541,=2060489729382.7400,=1548112398506,=1022579473208.5342,=4.2653,=0.1370,=7.6996,=6.5027,=4.4834
2023-07-26,=7615.4202,=8245.8791,=2088014164549.5896,=1567979169180,=1036285451426.4332,=4.3223,=0.1571,=7.6996,=6.5047,=4.4872
2023-07-25,=7625.6285,=8256.9325,=2088023067183.2395,=1570278768866,=1037511976346.2983,=4.3223,=0.1572,=7.6996,=6.5067,=4.4984
2023-07-24,=7504.5667,=8125.8483,=2055269383555.5000,=1545714846169,=1021080509333.6428,=4.2545,=0.1354,=7.6996,=6.5074,=4.4994
2023-07-21,=7546.5001,=8171.2532,=2065923525193.7600,=1553817289977,=1026617158274.3822,=4.2766,=0.1397,=7.7016,=6.5081,=4.4994
2023-07-20,=7594.6023,=8223.1103,=2080280983843.6399,=1563773561180,=1033522538671.6147,=4.3049,=0.1483,=7.7016,=6.5090,=4.5013
2023-07-19,=7721.3607,=8360.3589,=2110483025760.2305,=1588927820146,=1050426331874.7944,=4.3674,=0.1579,=7.7016,=6.5099,=4.5019
2023-07-18,=7809.0394,=8455.2936,=2133101449561.9399,=1607475477326,=1062540807548.5300,=4.4142,=0.1739,=7.7016,=6.5103,=4.5042
2023-07-17,=7822.0987,=8469.4337,=2134490047969.1104,=1610480828709,=1064503677181.4376,=4.4170,=0.1741,=7.7016,=6.5108,=4.5083
2023-07-14,=7892.5832,=8545.7513,=2157685143996.0105,=1626123612597,=1074104185594.7002,=4.4650,=0.1859,=7.7053,=6.5116,=4.5083
2023-07-13,=7880.4273,=8532.5894,=2154310231825.0901,=1623840731459,=1072485315512.6384,=4.4580,=0.1829,=7.7053,=6.5124,=4.5121
2023-07-12,=7722.4344,=8360.5937,=2116386774306.7800,=1586667036117,=1051248129266.2328,=4.3796,=0.1630,=7.7053,=6.5200,=4.5176
2023-07-11,=7949.1325,=8606.0255,=2178607107856.3601,=1630988295503,=1082068190814.5148,=4.5083,=0.1970,=7.7053,=6.5276,=4.5237
2023-07-10,=7724.7728,=8363.1253,=2126843462808.4597,=1587665262023,=1051790531060.5564,=4.4012,=0.1729,=7.7053,=6.5286,=4.5305
2023-07-07,=7692.8428,=8328.5567,=2116763618910.6299,=1581560011236,=1047659117008.3712,=4.3804,=0.1635,=7.7068,=6.5296,=4.5305
2023-07-06,=7833.6242,=8480.9719,=2152895007217.7104,=1609390756613,=1066801379031.4489,=4.4551,=0.1796,=7.7068,=6.5325,=4.5443
2023-07-05,=7839.0847,=8486.8836,=2159948861050.8604,=1610834301209,=1067702742646.4548,=4.4700,=0.1830,=7.7068,=6.5354,=4.5516
2023-07-04,=7910.5874,=8563.0861,=2181892825887.7097,=1627635153550,=1077537470914.1248,=4.5121,=0.1938,=7.7068,=6.5357,=4.5866
2023-07-03,=7731.3997,=8369.1183,=2137572935868.5000,=1591456663568,=1053239672885.9810,=4.4204,=0.1727,=7.7068,=6.5360,=4.6026
2023-06-30,=7688.1417,=8322.2922,=2125078942151.8003,=1584462653502,=1047123932045.1764,=4.3946,=0.1708,=7.7082,=6.5371,=4.6026
2023-06-29,=7627.4134,=8256.5547,=2111820068081.6204,=1571776551657,=1038875877101.2946,=4.3685,=0.1603,=7.7082,=6.5382,=4.6156
2023-06-28,=7649.4638,=8280.4239,=2121743680260.4700,=1573789856596,=1042010606834.5645,=4.3890,=0.1668,=7.7082,=6.5391,=4.6187
2023-06-27,=7657.9366,=8289.5956,=2118770680316.7200,=1573890721551,=1042961586449.5444,=4.3829,=0.1660,=7.7082,=6.5401,=4.6224
2023-06-26,=7662.4479,=8294.4790,=2117652435615.1001,=1574334372870,=1043550457836.1300,=4.3805,=0.1640,=7.7082,=6.5437,=4.6224
2023-06-21,=7771.2571,=8412.2632,=2144051695287.3496,=1593705730128,=1058460679824.7588,=4.4352,=0.1706,=7.7086,=6.5473,=4.6224
2023-06-20,=8097.8973,=8763.1642,=2233297406027.3999,=1659458895336,=1102461804737.2759,=4.6156,=0.1955,=7.7086,=6.5494,=4.6261
2023-06-19,=8117.9411,=8781.8455,=2250166601203.6499,=1663361414853,=1105729947272.1118,=4.6465,=0.2043,=7.7086,=6.5514,=4.6268
2023-06-16,=8082.9508,=8743.9936,=2245871430081.7104,=1658013694076,=1101045879289.7451,=4.6376,=0.2024,=7.7086,=6.5516,=4.6268
2023-06-15,=7999.5334,=8653.2069,=2221696040329.0811,=1641042933519,=1089497739841.6898,=4.5866,=0.1940,=7.7086,=6.5518,=4.6268
2023-06-14,=8045.6737,=8703.1175,=2238990650815.3203,=1646825254986,=1095794339768,=4.6224,=0.1963,=7.7272,=6.5569,=4.6268
2023-06-13,=8059.4689,=8718.0400,=2240820416045.7798,=1649624767788,=1096674519770.1200,=4.6261,=0.1976,=7.7272,=6.5620,=4.6334
2023-06-12,=7820.8667,=8459.9407,=2179412995722.8301,=1596863464973,=1064288352604.8900,=4.4994,=0.1849,=7.7272,=6.5633,=4.6382
2023-06-09,=7803.3917,=8441.0377,=2039492784878.0200,=1584641946432,=1042881749087.6500,=4.1792,=0.1147,=7.7272,=6.5646,=4.6700
2023-06-08,=7705.0482,=8333.8980,=2017020106536.2400,=1563962947708,=1029422276118.9500,=4.1309,=0.0921,=7.7272,=6.5681,=4.6848
2023-06-07,=7863.5115,=8505.2943,=2060006728418.6101,=1597145094943,=1051186271355.1500,=4.2190,=0.1215,=7.7298,=6.5717,=4.6848
2023-06-06,=7842.7857,=8482.2821,=2051193511610.6396,=1593734944605,=1048433294528.6202,=4.1998,=0.1151,=7.7298,=6.5717,=4.6927
2023-06-05,=8081.7331,=8739.6405,=2108797521405.2600,=1642226598293,=1080019347558.9600,=4.3154,=0.1511,=7.7298,=6.5717,=4.6984
2023-06-02,=8068.4315,=8725.2561,=2097941455713.7300,=1638312629005,=1078389201334.3302,=4.2925,=0.1447,=7.7298,=6.5739,=4.7012
2023-06-01,=8082.6415,=8740.6229,=2105316699936.8899,=1640745260459,=1080655944557.7302,=4.3076,=0.1481,=7.7298,=6.5762,=4.7216
2023-05-31,=8103.9143,=8761.7939,=2111282700746.6104,=1647694858478,=1083157313957.6602,=4.3173,=0.1505,=7.7319,=6.5858,=4.7216
2023-05-30,=8043.1710,=8695.4461,=2085964958672.7600,=1632617089508,=1074826213941.3199,=4.2642,=0.1365,=7.7319,=6.5955,=4.7228
2023-05-29,=8024.4698,=8674.5372,=2080493400664.2695,=1630083048455,=1072234403591.5601,=4.2518,=0.1355,=7.7319,=6.5960,=4.7244
2023-05-26,=7982.3377,=8628.9919,=2068671155872.6704,=1622658326559,=1066641884286.5504,=4.2276,=0.1269,=7.7319,=6.5966,=4.7255
2023-05-25,=7882.3569,=8520.6914,=2040492260444.0500,=1605159751807,=1053187238086.2900,=4.1696,=0.1128,=7.7319,=6.5974,=4.7383
2023-05-24,=7799.0872,=8430.6783,=2019677236113.8301,=1588709143986,=1041754146381.4399,=4.1270,=0.0921,=7.7328,=6.5982,=4.7383
2023-05-23,=7804.8983,=8436.9600,=2033829566235.3899,=1585741822322,=1042542402637.0500,=4.1560,=0.1043,=7.7328,=6.5984,=4.7469
2023-05-22,=7971.6361,=8616.3583,=2077471047359.6804,=1617607337349,=1065012090530.3500,=4.2430,=0.1264,=7.7328,=6.5986,=4.7475
2023-05-19,=8040.8861,=8691.2090,=2096675375512.4504,=1631907779887,=1074163294018.7800,=4.2824,=0.1364,=7.7328,=6.5989,=4.7510
2023-05-18,=7905.0072,=8544.2232,=2067568014853.2495,=1604758365736,=1056312106141.7902,=4.2228,=0.1233,=7.7328,=6.5993,=4.7542
2023-05-17,=7902.3751,=8541.3783,=2062007879215.7400,=1603619107701,=1055544559647.5800,=4.2114,=0.1169,=7.7437,=6.6002,=4.7542
2023-05-16,=7830.5850,=8463.7831,=2047865521702.0903,=1590233723319,=1046030991131.6100,=4.1825,=0.1126,=7.7437,=6.6011,=4.7600
2023-05-15,=7749.6648,=8374.0992,=2034674307267.6799,=1574055388290,=1035748905002.2500,=4.1506,=0.1028,=7.7437,=6.6039,=4.7618
2023-05-12,=7667.3403,=8285.1413,=2008353188334.3899,=1553858951387,=1024791167811.5000,=4.0969,=0.0841,=7.7437,=6.6068,=4.7652
2023-05-11,=7752.3005,=8376.2550,=2025145112292.8296,=1573502987561,=1036277683995.8800,=4.1325,=0.0919,=7.7437,=6.6082,=4.7664
2023-05-10,=7709.7345,=8330.2631,=2011610418774.6704,=1564673338357,=1030484375461.8900,=4.1048,=0.0898,=7.7522,=6.6097,=4.7681
2023-05-09,=7797.7912,=8425.4071,=2030312757709.3601,=1581036218367,=1041901800957.6500,=4.1430,=0.0999,=7.7522,=6.6101,=4.7714
2023-05-08,=7944.1225,=8583.5161,=2093921200783.1604,=1603578179793,=1061944245753.7100,=4.2728,=0.1278,=7.7522,=6.6106,=4.7794
2023-05-05,=7950.5445,=8590.4550,=2093936199939.7900,=1606978001895,=1062414297582.9200,=4.2728,=0.1268,=7.7522,=6.6146,=4.7845
2023-05-04,=8003.1399,=8647.2837,=2106346556472.2800,=1619271664604,=1069854724263.5500,=4.2982,=0.1303,=7.7522,=6.6186,=4.7981
2023-04-28,=8214.4922,=8875.6470,=2164547886174.0496,=1657257586994,=1081028398136.4402,=4.4441,=0.1494,=7.7568,=6.6191,=4.7981
2023-04-27,=8119.4339,=8772.9377,=2125770785441.4695,=1639446610781,=1046694639025.9200,=4.3940,=0.1429,=7.7568,=6.6196,=4.7999
2023-04-26,=8113.0995,=8766.0935,=2123196809416.0601,=1637434972711,=1046040654302.9498,=4.3810,=0.1408,=7.7568,=6.6204,=4.8024
2023-04-25,=8322.7829,=8992.6535,=2179600390458.4199,=1673259665292,=1073619402152.2300,=4.4984,=0.1566,=7.7568,=6.6212,=4.8064
2023-04-24,=8544.5559,=9232.2762,=2238670834444.9502,=1716665206704,=1100460833845.3601,=4.6268,=0.1691,=7.7568,=6.6287,=4.8112
2023-04-21,=8782.4981,=9489.3695,=2291057449891.3496,=1764511751993,=1128966552809.3999,=4.7383,=0.1816,=7.7666,=6.6361,=4.8112
2023-04-20,=9307.0552,=10056.1463,=2424374842487.3701,=1866893352700,=1196510963871.2500,=5.0141,=0.2413,=7.7666,=6.6428,=4.8117
2023-04-19,=9098.1388,=9830.4150,=2359762824544.5503,=1799945359515,=1169344552412.5100,=4.8804,=0.2157,=7.7666,=6.6495,=4.8117
2023-04-18,=9122.1746,=9856.3854,=2360037285801.9102,=1806460914946,=1170961033350.3799,=4.8830,=0.2171,=7.7666,=6.6497,=4.8117
2023-04-17,=9293.2291,=10041.2075,=2406788925702.0400,=1837120635438,=1193091676839.5200,=4.9797,=0.2331,=7.7666,=6.6499,=4.8117
2023-04-14,=9353.2922,=10106.1049,=2417006671755.2002,=1849750038954,=1198908423098.3999,=5.0012,=0.2368,=7.7724,=6.6509,=4.8112
2023-04-13,=8927.1470,=9645.6608,=2303520392633.2798,=1768080254845,=1144371096599.3301,=4.7664,=0.1907,=7.7724,=6.6519,=4.8112
2023-04-12,=9265.7542,=10011.5213,=2387224246362.7500,=1835459155109,=1187522289687.4102,=4.9418,=0.2249,=7.7724,=6.6523,=4.8117
2023-04-11,=9138.3550,=9873.8682,=2352980990646.3701,=1810925037226,=1170912693158.6101,=4.8709,=0.2115,=7.7724,=6.6526,=4.8117
2023-04-10,=9131.0815,=9866.0093,=2360909231521.0303,=1809281203882,=1167159206682.0098,=4.9018,=0.2163,=7.7724,=6.6553,=4.8117
2023-04-07,=9430.6793,=10189.7207,=2425942631910.0898,=1865659179554,=1204585912399.7100,=5.0234,=0.2370,=7.7767,=6.6580,=4.8112
2023-04-06,=9337.8178,=10089.3851,=2403263148075.5596,=1849464739757,=1192329415162.9900,=4.9765,=0.2281,=7.7767,=6.6597,=4.8112
2023-04-04,=8967.0211,=9688.7443,=2308170495698.8799,=1775155616689,=1145547402977.1399,=4.7796,=0.1932,=7.7767,=6.6615,=4.8112
2023-04-03,=8846.2650,=9558.2690,=2270334253104.2202,=1751430729256,=1130281189710.1299,=4.7012,=0.1786,=7.7767,=6.6630,=4.8117
2023-03-31,=8403.5741,=9079.9475,=2152002551385.7400,=1668734262462,=1072815007599.1302,=4.4648,=0.1515,=7.7767,=6.6645,=4.8151
2023-03-30,=8338.0100,=9009.1064,=2132922150700.0105,=1651126428912,=1063045233583.1500,=4.4394,=0.1494,=7.7789,=6.6672,=4.8151
2023-03-29,=8221.6820,=8883.4156,=2111023494802.8000,=1631279260510,=1047677019259.4896,=4.3996,=0.1450,=7.7789,=6.6700,=4.8168
2023-03-28,=7952.6301,=8592.7087,=2049799751563.7195,=1576725394819,=1013729665260.8600,=4.2771,=0.1280,=7.7789,=6.6705,=4.8246
2023-03-27,=8179.3438,=8837.6698,=2103720745314.7695,=1621263752239,=1042951626340.3800,=4.3915,=0.1430,=7.7789,=6.6711,=4.8255
2023-03-24,=8337.8369,=9008.9194,=2144193546838.3501,=1651474535574,=1062923420162.5800,=4.4760,=0.1489,=7.7789,=6.6807,=4.8300
2023-03-23,=8397.2820,=9073.1491,=2167077081716.9800,=1663579987814,=1070032100817.9399,=4.5237,=0.1583,=7.7801,=6.6903,=4.8300
2023-03-22,=8063.2084,=8712.1871,=2092785965347.0603,=1599357685271,=1026701573397.7902,=4.3687,=0.1401,=7.7801,=6.6907,=4.8300
2023-03-21,=8058.6743,=8707.2880,=2092568668169.1997,=1598461315225,=1024804253697.8199,=4.3705,=0.1402,=7.7801,=6.6911,=4.8440
2023-03-20,=8075.2657,=8725.2148,=2093911377385.7700,=1600917316101,=1026821392178.7700,=4.3733,=0.1404,=7.7801,=6.6928,=4.8571
2023-03-17,=7903.4185,=8539.5363,=2062775700987.0200,=1565350883902,=1005253244456.1902,=4.3083,=0.1336,=7.7801,=6.6944,=4.8574
2023-03-16,=7797.3475,=8424.9280,=2021664307667.8501,=1545990716804,=991239423875.9198,=4.2225,=0.1200,=7.7805,=6.6955,=4.8574
2023-03-15,=7842.3085,=8473.5077,=2031775069388.8401,=1556367375089,=996914126031.2900,=4.2436,=0.1224,=7.7805,=6.6966,=4.8710
2023-03-14,=7859.1821,=8491.7394,=2032745788748.9600,=1561932812058,=998894131590.7396,=4.2456,=0.1249,=7.7805,=6.6971,=4.8760
2023-03-13,=7623.1836,=8236.7462,=1957454456016.0903,=1518299550165,=968841609901.2400,=4.0884,=0.0856,=7.7805,=6.6976,=4.8801
2023-03-10,=7617.4588,=8230.5606,=1953840873729.6101,=1518001546850,=968029204648,=4.0808,=0.0800,=7.7805,=6.7019,=4.8833
2023-03-09,=7672.9969,=8290.5688,=1967333147337.5400,=1529421804393,=975344918994.8600,=4.1090,=0.0882,=7.7883,=6.7062,=4.8833
2023-03-08,=7601.9181,=8213.7692,=1948208232721.8201,=1514054801761,=966379309702.6804,=4.0691,=0.0767,=7.7883,=6.7071,=4.9113
2023-03-07,=7550.6879,=8158.4157,=1936388069983.6497,=1502754021445,=959836119361.1600,=4.0444,=0.0733,=7.7883,=6.7080,=4.9131
2023-03-06,=7774.5546,=8400.3006,=1989820539918.2097,=1546936900003,=988287436603.5699,=4.1560,=0.0990,=7.7883,=6.7092,=4.9151
2023-03-03,=7748.7617,=8372.4317,=1980513492168.2991,=1540234486884,=985062883800.5500,=4.1368,=0.0909,=7.7883,=6.7105,=4.9234
2023-03-02,=7563.6772,=8172.4504,=1933817652178.6799,=1502348415001,=961432999371.6400,=4.0393,=0.0712,=7.7995,=6.7146,=4.9234
2023-03-01,=7634.6915,=8249.1804,=1950750851361.5500,=1517493751292,=970227660088.2900,=4.0747,=0.0748,=7.7995,=6.7188,=4.9379
2023-02-28,=7586.5882,=8197.2055,=1938925387742.5300,=1509060350264,=964153114371.9000,=4.0499,=0.0725,=7.7995,=6.7243,=4.9415
2023-02-27,=7540.5461,=8147.4577,=1926526574545.8601,=1499590974595,=958421014201.6600,=4.0240,=0.0656,=7.7995,=6.7299,=4.9420
2023-02-24,=7673.4180,=8291.0240,=1956444677979.5200,=1477948418455,=975236763780.6801,=4.0865,=0.0750,=7.7995,=6.7303,=4.9441
2023-02-23,=7704.4885,=8324.5952,=1964121460012,=1484497004651,=979203181664.3800,=4.1025,=0.0786,=7.8052,=6.7306,=4.9441
2023-02-22,=7718.1934,=8339.4032,=1967106463410.6196,=1486193382000,=980875141289.8900,=4.1087,=0.0787,=7.8052,=6.7308,=4.9562
2023-02-21,=7751.3438,=8375.2218,=1972993584575.4199,=1492544711605,=984971330471.6902,=4.1210,=0.0812,=7.8052,=6.7311,=4.9747
2023-02-20,=7786.1488,=8412.8282,=1980352491659.9104,=1499842702647,=989608112921.6300,=4.1364,=0.0813,=7.8052,=6.7311,=4.9808
2023-02-17,=7682.5167,=8300.8551,=1956690544345.4600,=1480673974452,=976539244829.5100,=4.0870,=0.0755,=7.8052,=6.7311,=4.9875
2023-02-16,=7935.4178,=8574.1114,=2014629987101.2200,=1530684761253,=1008601836586.7798,=4.2080,=0.0968,=7.8061,=6.7372,=4.9875
2023-02-15,=8156.8651,=8813.3823,=2069057243457.6299,=1572281848345,=1036952729612.8700,=4.3217,=0.1135,=7.8061,=6.7432,=4.9976
2023-02-14,=8079.1795,=8729.4441,=2052949129547.1499,=1556491445369,=1026987810192.4398,=4.2880,=0.1089,=7.8061,=6.7443,=4.9983
2023-02-13,=8096.0013,=8747.6199,=2058466190954.0105,=1560644741111,=1029212042745.5896,=4.2996,=0.1102,=7.8061,=6.7453,=5.0131
2023-02-10,=8089.2728,=8740.3499,=2056130709781.9795,=1557398991791,=1028059237721.2700,=4.2947,=0.1091,=7.8061,=6.7485,=5.0196
2023-02-09,=8140.2138,=8795.3909,=2069665045244.8210,=1567150304975,=1034585551592.2400,=4.3230,=0.1105,=7.8078,=6.7516,=5.0196
2023-02-08,=7820.8794,=8450.3544,=1991853941549.3303,=1505921912548,=993572507187.4700,=4.1604,=0.0916,=7.8078,=6.7550,=5.0200
2023-02-07,=7900.5786,=8536.4683,=2012475354098.5901,=1501663088666,=1003650618639.3000,=4.2035,=0.0940,=7.8078,=6.7583,=5.0322
2023-02-06,=7947.4157,=8587.0752,=2021062526298.4399,=1511289696664,=1009356022736.1702,=4.2214,=0.0989,=7.8078,=6.7597,=5.0325
2023-02-03,=8056.8652,=8705.3339,=2046827050891.1899,=1503733728907,=1023104707562.2000,=4.2754,=0.1038,=7.8078,=6.7610,=5.0396
2023-02-02,=8061.8600,=8710.7307,=2049262411412.3501,=1505181250472,=1023720896502.2804,=4.2804,=0.1039,=7.8135,=6.7614,=5.0396
2023-02-01,=7945.4948,=8584.9997,=2020713317080.0100,=1481455703867,=1008913210442.3000,=4.2208,=0.0981,=7.8135,=6.7617,=5.0432
2023-01-31,=7809.1836,=8437.7172,=1981243180456.3799,=1456744029357,=991587027241.0500,=4.1384,=0.0826,=7.8135,=6.7632,=5.0516
2023-01-30,=8032.2635,=8678.7520,=2032531229845.2495,=1498221205746,=1020241527505,=4.2455,=0.1007,=7.8135,=6.7647,=5.0602
2023-01-20,=8028.0578,=8674.2078,=2031905380391.8403,=1496335908797,=1020130626664.6700,=4.2445,=0.0996,=7.8135,=6.7650,=5.0673
2023-01-19,=8000.5882,=8644.5273,=2026524619473.8999,=1492041187239,=1016537726689.7198,=4.2333,=0.0974,=7.8163,=6.7653,=5.0673
2023-01-18,=7833.8869,=8464.4088,=1987060774125.7300,=1460944606380,=995508530745.1400,=4.1509,=0.0866,=7.8163,=6.7661,=5.0702
2023-01-17,=7851.6543,=8483.6063,=1990415700249.8604,=1463056698585,=997636910586.9698,=4.1579,=0.0880,=7.8163,=6.7670,=5.0805
2023-01-16,=7679.4086,=8297.4971,=1951613388889.7305,=1432053602261,=975848784998.6902,=4.0768,=0.0748,=7.8163,=6.7670,=5.0899
2023-01-13,=7437.9691,=8036.6250,=1895515390394.2400,=1387140838911,=945267467472.9700,=3.9596,=0.0411,=7.8163,=6.7670,=5.0914
2023-01-12,=7430.3980,=8028.4446,=1891922971723.9104,=1386396353689,=944359678616.8800,=3.9521,=0.0399,=7.8190,=6.7673,=5.0914
2023-01-11,=7457.4043,=8057.6246,=1899296221723.2000,=1390584950726,=947817075748.6899,=3.9675,=0.0412,=7.8190,=6.7677,=5.1080
2023-01-10,=7540.0610,=8146.9341,=1925222873976.8503,=1406266434801,=958324597668.4398,=4.0217,=0.0630,=7.8190,=6.7698,=5.1155
2023-01-09,=7462.6100,=8063.2493,=1907410193865.7000,=1390902716924,=948613618070.1600,=3.9845,=0.0522,=7.8190,=6.7718,=5.1191
2023-01-06,=7424.2515,=8021.8035,=1899616857924.2200,=1383663397876,=943901449654.2802,=3.9682,=0.0413,=7.8190,=6.7720,=5.1195
2023-01-05,=7439.8734,=8038.6828,=1900201134420.7505,=1384687124970,=945950646575.1500,=3.9694,=0.0438,=7.8228,=6.7721,=5.1195
2023-01-04,=7379.8801,=7973.8608,=1888191971529.5000,=1373365150979,=938280426176.5702,=3.9443,=0.0378,=7.8228,=6.7724,=5.1212
2023-01-03,=7423.0012,=8020.4525,=1896453216787.6201,=1381752991001,=943693354895.5400,=3.9616,=0.0390,=7.8228,=6.7727,=5.1215
2022-12-30,=7328.7195,=7918.5824,=1870417713221.8201,=1363863649874,=931703962803.2700,=3.9079,=0.0183,=7.8228,=6.7735,=5.1318
2022-12-29,=7386.8423,=7981.3833,=1881697659411.6599,=1375561661866,=939131903425.7002,=3.9315,=0.0293,=7.8228,=6.7743,=5.1359
2022-12-28,=7389.3720,=7984.1166,=1882014392322.9304,=1375041835340,=939391867494.5500,=3.9323,=0.0306,=7.8244,=6.7757,=5.1359
2022-12-27,=7486.3520,=8088.9022,=1905953852174.3000,=1393177762171,=951639487388.7198,=3.9823,=0.0429,=7.8244,=6.7771,=5.1378
2022-12-26,=7375.5051,=7969.1336,=1882330780444.3003,=1373435796816,=937621001762.6400,=3.9329,=0.0307,=7.8244,=6.7781,=5.1397
2022-12-23,=7192.5592,=7771.4631,=1841475954559.9104,=1340509248549,=914512033947.2500,=3.8476,=0.0074,=7.8244,=6.7792,=5.1560
2022-12-22,=7330.1541,=7920.1325,=1870871941462.4297,=1365181687161,=931865642797.8998,=3.9090,=0.0172,=7.8244,=6.7798,=5.1585
2022-12-21,=7453.4346,=8053.3354,=1900640744025.7200,=1389674819060,=947525854072.8000,=3.9712,=0.0357,=7.8323,=6.7804,=5.1585
2022-12-20,=7560.1355,=8168.6243,=1929679893430.1899,=1410190683414,=961015881952.5198,=4.0322,=0.0506,=7.8323,=6.7815,=5.1757
2022-12-19,=7559.7415,=8168.1985,=1930969370178.0696,=1411094442654,=961016288925.7700,=4.0356,=0.0506,=7.8323,=6.7825,=5.1834
2022-12-16,=7756.0370,=8380.2932,=1980890451719,=1446708225302,=985908927848.8300,=4.1400,=0.0618,=7.8323,=6.7830,=5.1852
2022-12-15,=7898.9172,=8534.6733,=2012722478108.9700,=1474390247176,=1003954099466.2400,=4.2065,=0.0681,=7.8323,=6.7834,=5.1902
2022-12-14,=7787.9187,=8414.7409,=1988696231322.0896,=1453110373052,=989919720120.4304,=4.1563,=0.0632,=7.8515,=6.7837,=5.1902
2022-12-13,=7814.3706,=8443.3218,=1989691651729.8496,=1456872333235,=993449420511.8998,=4.1584,=0.0633,=7.8515,=6.7839,=5.1985
2022-12-12,=7935.7852,=8574.5086,=2015967503445.0908,=1480658613250,=1008518154871,=4.2133,=0.0658,=7.8515,=6.7842,=5.2025
2022-12-09,=7782.6365,=8409.0335,=1996659681498.7200,=1543654207937,=1052859250852.1702,=3.9684,=0.0323,=7.8515,=6.7844,=5.2064
2022-12-08,=7700.8932,=8320.7110,=1977904105193.4399,=1528460012727,=1042662807904.4600,=3.9312,=0.0262,=7.8515,=6.7906,=5.2095
2022-12-07,=7800.0673,=8427.8673,=1999573189057.6899,=1546694083177,=1055560182892.7900,=3.9743,=0.0337,=7.8596,=6.7968,=5.2095
2022-12-06,=7873.4241,=8507.1283,=2014758609039.8999,=1559024671838,=1064756671375.4700,=4.0045,=0.0412,=7.8596,=6.7973,=5.2102
2022-12-05,=7735.8530,=8358.4845,=1977804689496.7695,=1521960587868,=1046074820624.0398,=3.9311,=0.0250,=7.8596,=6.7977,=5.2111
2022-12-02,=7691.8727,=8310.9643,=1962204594662.6704,=1512715423528,=1039629146134.3000,=3.9000,=0.0163,=7.8596,=6.7979,=5.2145
2022-12-01,=7756.3921,=8380.6766,=1978068295361.7200,=1525944721089,=1048336957183.2498,=3.9316,=0.0238,=7.8596,=6.7980,=5.2146
2022-11-30,=7650.2969,=8266.0422,=1954066174305.2104,=1505183014655,=1034430023628.5302,=3.8839,=0.0113,=7.8729,=6.8065,=5.2146
2022-11-29,=7671.8366,=8289.3156,=1960271605024.1201,=1510609137866,=1038021163447.7400,=3.8962,=0.0126,=7.8729,=6.8149,=5.2201
2022-11-28,=7567.2216,=8176.2805,=1932363530150.2104,=1491200006823,=1024122776058,=3.8407,=0.0050,=7.8729,=6.8157,=5.2258
2022-11-25,=7684.7528,=8303.2714,=1961579711935.2600,=1513121093513,=1039575980205.7902,=3.8988,=0.0113,=7.8729,=6.8165,=5.2276
2022-11-24,=7767.0696,=8392.2136,=1980601636038.0095,=1530272648922,=1050654542296.8104,=3.9366,=0.0189,=7.8729,=6.8169,=5.2375
2022-11-23,=7839.9545,=8470.9648,=1997300619193.8000,=1544461111171,=1060396836321.8998,=3.9698,=0.0227,=7.8730,=6.8172,=5.2375
2022-11-22,=7859.8147,=8492.4235,=2003065063987.8799,=1547640468850,=1062920452336.6801,=3.9813,=0.0228,=7.8730,=6.8174,=5.2387
2022-11-21,=7953.8386,=8594.0150,=2026089573666.4795,=1565433371063,=1074703376236.0800,=4.0270,=0.0316,=7.8730,=6.8176,=5.2696
2022-11-18,=8027.4503,=8673.5514,=2042946346906.2600,=1579128241718,=1084779416117.2300,=4.0605,=0.0342,=7.8730,=6.8204,=5.2846
2022-11-17,=8231.6277,=8894.1623,=2096550418932.4297,=1621923360836,=1113090534026.1897,=4.1671,=0.0444,=7.8730,=6.8232,=5.2934
2022-11-16,=8068.2042,=8717.5854,=2059785941376.4099,=1591053099354,=1090247401965.3102,=4.0940,=0.0368,=7.8755,=6.8245,=5.2934
2022-11-15,=8183.7454,=8842.4261,=2087853040771.2200,=1614966874304,=1106599414637.7200,=4.1498,=0.0420,=7.8755,=6.8258,=5.3005
2022-11-14,=7712.8953,=8333.6789,=1974338741127.4199,=1522193724936,=1043158270011.2800,=3.9242,=0.0178,=7.8755,=6.8261,=5.3068
2022-11-11,=7675.3673,=8293.1304,=1958686725261.3704,=1515672517298,=1037647565599.9399,=3.9139,=0.0140,=7.8755,=6.8264,=5.3120
2022-11-10,=7574.3597,=8183.9930,=1933107140792.0796,=1494949737100,=1020208006111.3998,=3.9451,=0.0179,=7.8755,=6.8271,=5.3212
2022-11-09,=7762.4710,=8387.2447,=1981052097965.8799,=1533137292929,=1045240601596.8098,=4.0430,=0.0294,=7.8760,=6.8279,=5.3212
2022-11-08,=7847.5328,=8479.1528,=2001636119979.2100,=1550685135866,=1056350778992.7100,=4.0850,=0.0294,=7.8760,=6.8298,=5.3310
2022-11-07,=7951.2233,=8591.1890,=2027986464644.5701,=1571609231387,=1070268745575.1400,=4.1388,=0.0346,=7.8760,=6.8317,=5.3345
2022-11-04,=8015.7624,=8660.9226,=2045913639411.9600,=1585106853584,=1079802889453.2804,=4.1754,=0.0347,=7.8760,=6.8358,=5.3351
2022-11-03,=7866.3773,=8499.5140,=2014613515679.8296,=1556542285738,=1060614514256.4402,=4.1115,=0.0308,=7.8760,=6.8399,=5.3394
2022-11-02,=7655.1717,=8271.3092,=1962018866100.7900,=1512114212085,=1030993511914.3300,=4.0042,=0.0245,=7.8825,=6.8406,=5.3394
2022-11-01,=7631.1858,=8245.3928,=1953783787450.3503,=1506241428730,=1027131448384.5100,=3.9874,=0.0206,=7.8825,=6.8413,=5.3396
2022-10-31,=7517.7040,=8122.7773,=1929904302768.3391,=1483340624582,=1012386402181.3400,=3.9387,=0.0168,=7.8825,=6.8425,=5.3623
2022-10-28,=7421.6947,=8019.0406,=1904732346817.3403,=1449794744336,=980468231216.4095,=3.9235,=0.0155,=7.8825,=6.8437,=5.3625
2022-10-27,=7561.6218,=8170.2299,=1938237035742.5403,=1476344730575,=990028857300.5240,=4.0296,=0.0233,=7.8825,=6.8461,=5.3791
2022-10-26,=7542.4313,=8149.4949,=1917782048437.0210,=1473939289539,=987511286350.3804,=3.9930,=0.0194,=7.8825,=6.8486,=5.3791
2022-10-25,=7308.3540,=7896.5776,=1855092835390.5400,=1427220485963,=954998771632.9232,=3.8603,=0.0078,=7.8825,=6.8523,=5.3871
2022-10-24,=7333.5920,=7923.8469,=1860366625371.4099,=1431942594943,=957871187901.2266,=3.8924,=0.0091,=7.8825,=6.8559,=5.4036
2022-10-21,=7357.0016,=7949.1407,=1869491960322.7004,=1435560188359,=960551990040.3907,=3.9115,=0.0091,=7.8825,=6.8562,=5.4233
2022-10-20,=7472.6441,=8074.0909,=1896988843283.7395,=1458410551175,=975538876680.6154,=3.9690,=0.0117,=7.8825,=6.8565,=5.4291
2022-10-19,=7224.1349,=7805.5801,=1832440696227.8804,=1406680503184,=943438955065.5063,=3.8509,=0.0065,=7.8840,=6.8569,=5.4291
2022-10-18,=7293.7571,=7880.8060,=1847191257624.5801,=1419320517212,=952535264920.8820,=3.8819,=0.0065,=7.8840,=6.8574,=5.4308
2022-10-17,=7346.5659,=7937.8652,=1861854442252.1201,=1429923454282,=959308449785.9430,=3.9127,=0.0065,=7.8840,=6.8609,=5.4389
2022-10-14,=7225.8379,=7807.4202,=1827709548290.0801,=1403097924478,=943633421030.8800,=3.8409,=0.0052,=7.8840,=6.8644,=5.4412
2022-10-13,=7011.3216,=7575.6382,=1775448192351,=1361982502093,=915752503513.0536,=3.7311,=0.0026,=7.8840,=6.8663,=5.4431
2022-10-12,=7060.7115,=7629.0033,=1789609945101.2000,=1371461919979,=922075036499.9862,=3.7609,=0.0026,=7.8963,=6.8681,=5.4431
2022-10-11,=6826.4058,=7375.8392,=1730886649687.9600,=1326412218490,=891431638936.7822,=3.6375,=0,=7.8963,=6.8689,=5.4496
2022-10-10,=6928.4185,=7486.0625,=1762692459600.1204,=1348675619796,=904619946054.0048,=3.7043,=0,=7.8963,=6.8697,=5.4566
2022-09-30,=7370.3747,=7963.5902,=1866631404122.4500,=1440592971411,=961893389139.6899,=3.9227,=0,=7.8963,=6.8697,=5.4769
2022-09-29,=7509.1129,=8113.4950,=1899358245059.0305,=1469636293404,=979751022253.6272,=3.9917,=0.0013,=7.8963,=6.8698,=5.5359
2022-09-28,=7501.1547,=8104.8962,=1896553324208.1597,=1466053776059,=978919815481.8484,=3.9858,=0,=7.9025,=6.8707,=5.5359
2022-09-27,=7705.5274,=8325.7181,=1944952550946.2500,=1506214080306,=1005401768027.3616,=4.0876,=0.0026,=7.9025,=6.8716,=5.5415
2022-09-26,=7562.0020,=8170.6408,=1909862344499.0100,=1478979184650,=986508589187.2240,=4.0138,=0.0013,=7.9025,=6.8719,=5.5605
2022-09-23,=7550.0152,=8157.6892,=1909399077933.3000,=1475447244122,=985174979968.9592,=4.0128,=0,=7.9025,=6.8721,=5.5631
2022-09-22,=7739.5762,=8362.5073,=1957966728506.6299,=1513642467730,=1009789596578.3202,=4.1149,=0,=7.9025,=6.8751,=5.5652
2022-09-21,=7793.8084,=8421.1045,=1969020505397.8103,=1523652651693,=1016897778473.6396,=4.1381,=0,=7.9057,=6.8780,=5.5652
2022-09-20,=7954.1724,=8594.3756,=2008280822905.3003,=1556570041344,=1037767902073.9564,=4.2206,=0,=7.9057,=6.8782,=5.5723
2022-09-19,=7979.1161,=8621.3269,=2015275400183.6704,=1562640765682,=1040889498652.5576,=4.2353,=0,=7.9057,=6.8783,=5.6150
2022-09-16,=8118.6390,=8772.0795,=2053579195912.6704,=1589033635228,=1059198582517.6316,=4.3158,=0,=7.9057,=6.8820,=5.6181
2022-09-15,=8225.2048,=8887.2224,=2076444559576.5896,=1608319214497,=1073045141788.4696,=4.3639,=0.0013,=7.9057,=6.8857,=5.6293
2022-09-14,=8507.6930,=9192.4471,=2142103659196.8804,=1666007486141,=1109723425279.6147,=4.5019,=0.0147,=7.9131,=6.8864,=5.6293
2022-09-13,=8514.8471,=9200.1770,=2143209235615.3899,=1665789161872,=1110718198629.3926,=4.5042,=0.0147,=7.9131,=6.8871,=5.6452
2022-09-09,=8525.4150,=9211.5955,=2143425840705.3301,=1667965946028,=1112035447020.5264,=4.5013,=0.0134,=7.9131,=6.8874,=5.6619
2022-09-08,=8561.8256,=9250.9366,=2151169650520.1411,=1674994179398,=1116777543579.9902,=4.5176,=0.0134,=7.9131,=6.8877,=5.6708
2022-09-07,=8628.9819,=9323.4981,=2167353207863.9695,=1686572476069,=1125462279248.9700,=4.5516,=0.0162,=7.9131,=6.8881,=5.6949
2022-09-06,=8452.0149,=9132.2877,=2123148153040.5496,=1648679850494,=1102468702479.1260,=4.4587,=0.0054,=7.9158,=6.8885,=5.6949
2022-09-05,=8346.2379,=9017.9971,=2099887861892.3604,=1627581936633,=1088766998157.9564,=4.4368,=0.0040,=7.9158,=6.8921,=5.7223
2022-09-02,=8399.8657,=9075.9412,=2113741109098.6604,=1632341234626,=1095978848983.7252,=4.4660,=0.0041,=7.9158,=6.8956,=5.7249
2022-09-01,=8351.2332,=9023.3945,=2099001656117.8896,=1622349569610,=1089767503428.2528,=4.4349,=0.0027,=7.9158,=6.8961,=5.7286
2022-08-31,=8447.4770,=9127.3846,=2121714537804.6897,=1636635776051,=1102163838055.9492,=4.4829,=0.0041,=7.9158,=6.8965,=5.7401
2022-08-30,=8566.4416,=9255.9242,=2150800684525.9700,=1661992973145,=1117221217175.1001,=4.5443,=0.0081,=7.9394,=6.8980,=5.7401
2022-08-29,=8531.3485,=9218.0066,=2140394584640.1699,=1654357572217,=1103071508998.9883,=4.5305,=0.0068,=7.9394,=6.8995,=5.7406
2022-08-26,=8523.6540,=9209.6928,=2137339544577.1599,=1641115018629,=1090517544199.3422,=4.6382,=0.0122,=7.9394,=6.9022,=5.7466
2022-08-25,=8663.0679,=9360.3276,=2165884223685.5400,=1669117924156,=1108457517073.2549,=4.6984,=0.0163,=7.9394,=6.9050,=5.7569
2022-08-24,=8717.8335,=9418.3103,=2177606332327.0903,=1678944010399,=1101104967820.3516,=4.7475,=0.0232,=7.9394,=6.9079,=5.7611
2022-08-23,=9094.9061,=9824.5269,=2267803200745.7402,=1751553502110,=1148755621924.9319,=4.9420,=0.0669,=7.9463,=6.9109,=5.7611
2022-08-22,=9134.6252,=9867.4324,=2281353711409.9502,=1759956450848,=1144438323621.7500,=4.9808,=0.0711,=7.9463,=6.9117,=5.7666
2022-08-19,=9108.0516,=9838.7270,=2275990690753.4302,=1753696258226,=1136113352376.3479,=4.9747,=0.0699,=7.9463,=6.9125,=5.7878
2022-08-18,=9341.1855,=10090.0891,=2332489551671.5400,=1798538845914,=1167190125231.7483,=5.1191,=0.0960,=7.9463,=6.9141,=5.7904
2022-08-17,=9219.2274,=9958.3534,=2300768186500.4902,=1772386652558,=1148575704181.3958,=5.0396,=0.0810,=7.9463,=6.9157,=5.8222
2022-08-16,=9187.2894,=9923.8548,=2291835441333.4297,=1766048376696,=1144376775276.6289,=5.0200,=0.0770,=7.9524,=6.9160,=5.8222
2022-08-15,=9279.0848,=10023.0096,=2314749400422.0200,=1786252455780,=1155767798602.3604,=5.0702,=0.0854,=7.9524,=6.9164,=5.8725
2022-08-12,=9236.3472,=9976.8456,=2310199357859.5898,=1774963758345,=1150899044661.5283,=5.0602,=0.0828,=7.9524,=6.9176,=5.8734
2022-08-11,=9461.2718,=10219.8030,=2367077650021.3398,=1818572690523,=1179145077782.3284,=5.2146,=0.1188,=7.9524,=6.9188,=5.9119
2022-08-10,=9299.2056,=10044.7436,=2326421366205.4302,=1789629393004,=1158496546476.3955,=5.1318,=0.0954,=7.9524,=6.9206,=5.9289
2022-08-09,=9415.2082,=10169.0372,=2355134955113.1304,=1811140282062,=1173177681160.2988,=5.1585,=0.1011,=7.9589,=6.9224,=5.9289
2022-08-08,=9325.7288,=10072.3936,=2337309159052.8496,=1793671560925,=1162026960836.1450,=5.1195,=0.0915,=7.9589,=6.9239,=5.9346
2022-08-05,=9401.7883,=10154.5428,=2364896180308.7700,=1807578449701,=1172400556290.2456,=5.2145,=0.1139,=7.9589,=6.9253,=5.9413
2022-08-04,=8927.1094,=9640.7240,=2242755625416.2002,=1713968260546,=1114127297102.3762,=4.9415,=0.0668,=7.9589,=6.9276,=5.9429
2022-08-03,=8777.0921,=9478.7147,=2204444658114.3706,=1686553136733,=1094882873973.1252,=4.8571,=0.0515,=7.9589,=6.9299,=5.9473
2022-08-02,=8496.2686,=9175.4428,=2126251319019.0696,=1634672847602,=1059360283178.8644,=4.6848,=0.0139,=7.9600,=6.9303,=5.9473
2022-08-01,=8573.7050,=9259.0693,=2144699027763.5000,=1646906180465,=1069343330227.6166,=4.7255,=0.0196,=7.9600,=6.9308,=5.9541
2022-07-29,=8460.7752,=9137.1121,=2119511972128.2705,=1625700735511,=1055213204036.9504,=4.6700,=0.0126,=7.9600,=6.9312,=5.9612
2022-07-28,=8722.7091,=9419.9845,=2181416560941.1799,=1676047954668,=1087774149192.3480,=4.8064,=0.0336,=7.9600,=6.9317,=5.9666
2022-07-27,=8582.5484,=9266.2549,=2145624307415.2600,=1649615765671,=1070023820296.4230,=4.7228,=0.0154,=7.9600,=6.9344,=5.9726
2022-07-26,=8657.8892,=9347.5976,=2164889096021.5095,=1662656364064,=1079508235937.0392,=4.7652,=0.0239,=7.9721,=6.9371,=5.9726
2022-07-25,=8607.6632,=9293.3705,=2156586894585.4399,=1653347053778,=1073425013772.3672,=4.7469,=0.0169,=7.9721,=6.9382,=5.9797
2022-07-22,=8757.6155,=9455.2683,=2185803488984.4604,=1680889468845,=1091818043232.6960,=4.8112,=0.0296,=7.9721,=6.9393,=5.9922
2022-07-21,=8835.2728,=9539.1119,=2206809708913.2603,=1627123780606,=1101493690662.5764,=4.8574,=0.0409,=7.9721,=6.9429,=5.9959
2022-07-20,=8665.6383,=9355.9639,=2167701722411.0703,=1596213555806,=1080388331441.5792,=4.7714,=0.0226,=7.9721,=6.9464,=6.0393
2022-07-19,=8570.0297,=9252.7389,=2146388182978.2600,=1577460019197,=1068441558400.4364,=4.7244,=0.0156,=7.9809,=6.9481,=6.0393
2022-07-18,=8644.5700,=9333.2173,=2163366513429.4299,=1591431235958,=1077493870290.9038,=4.7618,=0.0198,=7.9809,=6.9497,=6.0518
2022-07-15,=8706.8738,=9400.4844,=2173665205460.8101,=1601292410721,=1085126451880.0856,=4.7845,=0.0199,=7.9809,=6.9502,=6.0630
2022-07-14,=8744.9223,=9441.5640,=2179871332858.6790,=1607486789383,=1089890599591.0576,=4.7981,=0.0199,=7.9809,=6.9506,=6.0965
2022-07-13,=8666.9474,=9353.1058,=2163709476569.6799,=1592844471373,=1080173198972.0583,=4.7542,=0.0171,=7.9809,=6.9511,=6.1231
2022-07-12,=8784.9071,=9479.2830,=2192644459410.1499,=1612975768154,=1094884175633.8618,=4.8151,=0.0228,=7.9839,=6.9515,=6.1231
2022-07-11,=9029.4372,=9743.1412,=2251371834806.0303,=1659066970502,=1124925669310.1753,=4.9441,=0.0442,=7.9839,=6.9531,=6.1345
2022-07-08,=9324.9626,=10062.0255,=2324904659740.9800,=1712453545870,=1161930988529.2429,=5.1215,=0.0686,=7.9839,=6.9547,=6.1385
2022-07-07,=9271.9359,=10004.8074,=2310450288757.6396,=1703653589540,=1155449109086.4106,=5.0899,=0.0615,=7.9839,=6.9548,=6.1401
2022-07-06,=9313.3185,=10049.4609,=2322100704674.1104,=1708922775981,=1161037815896.0264,=5.1155,=0.0645,=7.9839,=6.9549,=6.1456
2022-07-05,=9192.5997,=9919.2003,=2292900609950.3198,=1686552563117,=1146350475301.9131,=5.0516,=0.0574,=7.9843,=6.9570,=6.1456
2022-07-04,=9155.7915,=9879.4827,=2284225785951.3701,=1679306064117,=1141933827694.7554,=5.0325,=0.0546,=7.9843,=6.9590,=6.1599
2022-07-01,=9418.9444,=10163.4357,=2349231091015.3691,=1725412943610,=1174765535173.3950,=5.1757,=0.0691,=7.9843,=6.9593,=6.1713
2022-06-30,=9417.3110,=10161.6732,=2352725814436.3496,=1724204053154,=1175204079347.5295,=5.1834,=0.0692,=7.9843,=6.9595,=6.1783
2022-06-29,=9125.9670,=9846.1127,=2290183008155.9702,=1672229130966,=1139000371533.2903,=5.0432,=0.0548,=7.9843,=6.9614,=6.1883
2022-06-28,=9298.6378,=10031.4223,=2333001001031.1997,=1703459056250,=1160393952529.0728,=5.1359,=0.0621,=7.9847,=6.9633,=6.1883
2022-06-27,=8903.2960,=9604.9254,=2243071292066.7300,=1624499071569,=1111188096163.1711,=4.9379,=0.0434,=7.9847,=6.9635,=6.2014
2022-06-24,=8762.7832,=9453.3394,=2214968889673,=1599643177504,=1093775224068.5128,=4.8760,=0.0333,=7.9847,=6.9637,=6.2078
2022-06-23,=8640.5683,=9318.6839,=2184334835469.9399,=1577868079504,=1078191541681.1040,=4.8024,=0.0203,=7.9847,=6.9651,=6.2078
2022-06-22,=8433.3599,=9095.2136,=2134438261513.2097,=1537648413660,=1052811619892.4775,=4.6927,=0.0131,=7.9847,=6.9666,=6.2097
2022-06-21,=8694.5674,=9376.3048,=2197438089543.4795,=1584052304868,=1085351898144.5348,=4.8300,=0.0247,=7.9868,=6.9703,=6.2097
2022-06-20,=8791.3586,=9480.3425,=2220692766073.8799,=1601215454278,=1097659163586.5052,=4.8801,=0.0292,=7.9868,=6.9741,=6.2110
2022-06-17,=8667.4154,=9346.6858,=2189543293143.4600,=1564437046701,=1082412542256.6052,=4.8117,=0.0190,=7.9868,=6.9769,=6.2144
2022-06-16,=8695.5132,=9375.7984,=2196969206251.3296,=1569738399435,=1085792937907.7034,=4.8255,=0.0219,=7.9868,=6.9798,=6.2445
2022-06-15,=8551.7202,=9220.7559,=2167161249443.6897,=1541608941474,=1068428262530.3531,=4.7600,=0.0161,=7.9868,=6.9817,=6.2471
2022-06-14,=8474.0587,=9137.0186,=2149677956829.6699,=1526264590425,=1058674714362.0120,=4.7216,=0.0132,=7.9920,=6.9835,=6.2471
2022-06-13,=8661.7661,=9339.0223,=2193482835471.2200,=1560927130554,=1081863116553.8846,=4.8168,=0.0162,=7.9920,=6.9897,=6.2586
2022-06-10,=8778.7855,=9465.1914,=1595085282843.6204,=1407912048940,=921928170948.0630,=5.1212,=0.0456,=7.9920,=6.9960,=6.2613
2022-06-09,=8613.9142,=9287.4289,=1566998070211.2004,=1380358915417,=905124509007.1410,=5.0322,=0.0383,=7.9920,=6.9967,=6.2649
2022-06-08,=8897.9410,=9593.6635,=1622415560321.8201,=1426437989145,=935317105450.2870,=5.2102,=0.0575,=7.9920,=6.9975,=6.2677
2022-06-07,=8923.3388,=9620.8157,=1627585036890.7195,=1430840053874,=937775557840.4352,=5.2258,=0.0606,=8.0101,=7.0009,=6.2677
2022-06-06,=9092.1892,=9802.8640,=1660348561164.7500,=1460369320489,=956133101058.8152,=5.3310,=0.0754,=8.0101,=7.0043,=6.2774
2022-06-02,=8852.4406,=9544.3759,=1616485932174.1802,=1421119419739,=930700363116.9896,=5.1902,=0.0504,=8.0101,=7.0053,=6.2868
2022-06-01,=8572.5804,=9234.8529,=1562067928227.7600,=1373273345267,=900963550113.7568,=4.9983,=0.0341,=8.0101,=7.0063,=6.2892
2022-05-31,=8599.7770,=9264.1505,=1566694230648.7900,=1377894550389,=903792898483.7244,=5.0131,=0.0342,=8.0101,=7.0102,=6.2893
2022-05-30,=8439.1385,=9091.1020,=1534878014318.1399,=1351529274608,=886756143651.6193,=4.9113,=0.0238,=8.0132,=7.0142,=6.2893
2022-05-27,=8333.7011,=8977.5191,=1513840358307.9700,=1333778732594,=874716740837.8195,=4.8440,=0.0194,=8.0132,=7.0151,=6.2925
2022-05-26,=8383.3188,=9030.4528,=1522779444342.6399,=1341672880581,=880174888422.8387,=4.8710,=0.0194,=8.0132,=7.0160,=6.2929
2022-05-25,=8448.8275,=9100.4367,=1536476120479.5901,=1352207988212,=887352566327.0138,=4.9131,=0.0209,=8.0132,=7.0197,=6.2946
2022-05-24,=8462.0170,=9114.6434,=1539697970808.4895,=1354817044390,=888953785288.1843,=4.9234,=0.0225,=8.0132,=7.0234,=6.2957
2022-05-23,=8832.1639,=9513.3376,=1606750118638.4602,=1413032813918,=928109338151.6165,=5.1378,=0.0345,=8.0143,=7.0265,=6.2957
2022-05-20,=8754.4737,=9429.6556,=1592246609433.2900,=1399675378444,=919631185582.6814,=5.0914,=0.0315,=8.0143,=7.0295,=6.3005
2022-05-19,=8732.9827,=9405.1284,=1590021438600.4902,=1398049447116,=917141454189.5564,=5.0805,=0.0301,=8.0143,=7.0296,=6.3076
2022-05-18,=8572.2693,=9232.0455,=1560910418189.1499,=1372580656695,=900612639999.3149,=4.9875,=0.0241,=8.0143,=7.0298,=6.3081
2022-05-17,=8515.6859,=9171.1071,=1551135341921.0095,=1363788556814,=894717275972.8188,=4.9562,=0.0226,=8.0143,=7.0298,=6.3087
2022-05-16,=8181.5128,=8811.0834,=1486933208491.3999,=1308216010161,=858682473746.0105,=4.7510,=0.0136,=8.0167,=7.0298,=6.3087
2022-05-13,=8303.1337,=8942.0630,=1509989912294.2405,=1326948837607,=871370943276.5186,=4.8246,=0.0151,=8.0167,=7.0345,=6.3203
2022-05-12,=8323.7099,=8964.2226,=1511663664597.1499,=1328801948175,=873536743692.8864,=4.8300,=0.0152,=8.0167,=7.0392,=6.3317
2022-05-11,=8273.1240,=8909.7441,=1502265932936.6802,=1315237075222,=868818581293.8663,=4.7999,=0.0137,=8.0167,=7.0425,=6.3342
2022-05-10,=7970.9123,=8584.2771,=1445526047307.7102,=1268569279997,=836466730495.7941,=4.6187,=0.0091,=8.0167,=7.0457,=6.3362
2022-05-09,=7667.4100,=8257.2591,=1387159980733.3899,=1220062642943,=804525301847.4032,=4.4319,=0.0015,=8.0247,=7.0485,=6.3362
2022-05-06,=7739.4840,=8334.8777,=1402451274823.6299,=1225086362251,=812413859182.6354,=4.4807,=0.0015,=8.0247,=7.0512,=6.3373
2022-05-05,=7984.7468,=8599.0085,=1446799619182.9297,=1263064956208,=838111008679.1664,=4.6224,=0.0061,=8.0247,=7.0519,=6.3388
2022-04-29,=7949.1082,=8560.6283,=1444061390281.6902,=1243697062039,=833998495564.0746,=4.6334,=0.0061,=8.0247,=7.0526,=6.3409
2022-04-28,=7677.1621,=8266.2415,=1395614703942.7500,=1201086302712,=804727168306.9486,=4.4834,=0.0015,=8.0247,=7.0527,=6.3420
2022-04-27,=7752.1314,=8345.7645,=1408715552285.8701,=1212700035676,=803466120663.9001,=4.6026,=0.0031,=8.0248,=7.0527,=6.3420
2022-04-26,=7215.5627,=7768.1071,=1311008664399.1899,=1128816460598,=746928853186.2101,=4.3310,=0,=8.0248,=7.0561,=6.3434
2022-04-25,=7422.8815,=7991.3017,=1346226843646.3301,=1159653461934,=766557764127.0200,=4.4872,=0,=8.0248,=7.0595,=6.3474
2022-04-22,=8047.4514,=8663.6992,=1461778135588.7800,=1259197875132,=830173056772.9199,=4.8833,=0,=8.0248,=7.0616,=6.3500
2022-04-21,=8251.5322,=8883.4079,=1501092188194.4197,=1292044039048,=851744767448.1600,=5.0196,=0.0031,=8.0248,=7.0636,=6.3500
2022-04-20,=8458.5487,=9106.2770,=1537423864822.1204,=1323506216478,=872117786101.6901,=5.1560,=0.0077,=8.0266,=7.0644,=6.3500
2022-04-19,=8592.4992,=9250.4850,=1561463536031.4302,=1344900933409,=886156761733.0900,=5.2387,=0.0217,=8.0266,=7.0653,=6.3522
2022-04-18,=8791.4989,=9464.7234,=1600955387286.2400,=1378011294834,=907145158598.5898,=5.3871,=0.0434,=8.0266,=7.0653,=6.3559
2022-04-15,=8464.7294,=9112.9310,=1540954697218.8401,=1322045118904,=873222854892.6399,=5.1852,=0.0078,=8.0266,=7.0653,=6.3586
2022-04-14,=8499.0451,=9149.8744,=1546096279768.0500,=1328458758432,=876622028215.4401,=5.2025,=0.0093,=8.0266,=7.0664,=6.3636
2022-04-13,=8291.2545,=8926.1719,=1505913088483.4202,=1294729453957,=855516004656.9100,=5.0673,=0.0031,=8.0272,=7.0674,=6.3636
2022-04-12,=8502.5869,=9153.6874,=1544908026494.0300,=1326927175276,=877227653745.2700,=5.1985,=0.0062,=8.0272,=7.0693,=6.3739
2022-04-11,=8385.8411,=9028.0016,=1527489387889.2600,=1310763923893,=865454145841.9198,=5.1397,=0.0047,=8.0272,=7.0712,=6.3748
2022-04-08,=8863.8033,=9542.5646,=1614206072726.1899,=1384204223320,=912713637643.3800,=5.4412,=0.0438,=8.0272,=7.0754,=6.3749
2022-04-07,=8852.4005,=9530.2886,=1613530890616.2900,=1383858802537,=911715462337.9200,=5.4389,=0.0423,=8.0272,=7.0795,=6.3856
2022-04-06,=9049.0991,=9742.0497,=1650368296513.0500,=1414516134721,=931941356773.9700,=5.5631,=0.0534,=8.0371,=7.0826,=6.3856
2022-04-01,=9364.8782,=10082.0101,=1710732742452.9800,=1464419361989,=964574603855,=5.7666,=0.0802,=8.0371,=7.0856,=6.3882
2022-03-31,=9361.4979,=10078.3710,=1707848589712.2605,=1463946127760,=964259640594.4301,=5.7569,=0.0772,=8.0371,=7.0856,=6.3892
2022-03-30,=9642.4987,=10380.8900,=1759483226945.8501,=1507691598637,=988722901958.5900,=5.9413,=0.0915,=8.0371,=7.0857,=6.3925
2022-03-29,=9454.9951,=10179.0280,=1722819535220.4402,=1477517936790,=969670236062.2700,=5.8222,=0.0821,=8.0371,=7.0886,=6.3926
2022-03-28,=9651.4965,=10390.5769,=1759774200464.4302,=1506602131057,=989907341736.2802,=5.9612,=0.0949,=8.0406,=7.0916,=6.3926
2022-03-25,=9791.8961,=10541.7279,=1786482160486.9600,=1528087098186,=1004455978597.3199,=6.0518,=0.1046,=8.0406,=7.0927,=6.3985
2022-03-24,=9904.2071,=10662.6393,=1809801578533.9600,=1547249233968,=1016211894681.5798,=6.1345,=0.1095,=8.0406,=7.0937,=6.4066
2022-03-23,=10153.5446,=10931.0703,=1855448343994.7400,=1584432847595,=1042113946213.8400,=6.2892,=0.1431,=8.0406,=7.0965,=6.4067
2022-03-22,=10153.5533,=10931.0796,=1857034518663.7305,=1585923588713,=1042400764363.8800,=6.2946,=0.1481,=8.0406,=7.0993,=6.4070
2022-03-21,=10344.6156,=11136.7728,=1892199056714.7200,=1616398554292,=1059576682336.0802,=6.4197,=0.2073,=8.0435,=7.1067,=6.4070
2022-03-18,=10233.8263,=11017.4997,=1870870513978.4500,=1598192575313,=1048425770357.7698,=6.3474,=0.1709,=8.0435,=7.1141,=6.4070
2022-03-17,=10340.1594,=11131.9755,=1889050549339.9800,=1612878100323,=1059228003854.1602,=6.4091,=0.2016,=8.0435,=7.1149,=6.4081
2022-03-16,=10200.5131,=10981.6355,=1866241825644.5503,=1594138535527,=1044484126861.8400,=6.3317,=0.1587,=8.0435,=7.1158,=6.4081
2022-03-15,=9674.0885,=10414.8990,=1767287434984.0002,=1509580187953,=989792729391.5800,=5.9959,=0.1027,=8.0435,=7.1184,=6.4122
2022-03-14,=10011.4950,=10778.1430,=1823910598535.5305,=1560296527306,=1024672980179.0800,=6.1883,=0.1190,=8.0439,=7.1210,=6.4122
2022-03-11,=10358.1476,=11151.3411,=1890413161066.3604,=1615545421681,=1061025647294.0198,=6.4141,=0.1997,=8.0439,=7.1284,=6.4141
2022-03-10,=10361.7297,=11155.1975,=1893142032011.2900,=1616841975302,=1061795059086.8900,=6.4233,=0.2000,=8.0439,=7.1358,=6.4233
2022-03-09,=10238.4296,=11022.4554,=1871103417184.7104,=1595800415598,=1049027452641.4000,=6.3522,=0.1712,=8.0439,=7.1415,=6.4278
2022-03-08,=10147.0776,=10924.1079,=1852569730103.3799,=1580391695114,=1039674004040.6304,=6.2893,=0.1424,=8.0439,=7.1473,=6.4284
2022-03-07,=10167.5425,=10946.1399,=1853520413549.6699,=1578390409178,=1041439923822.7900,=6.2925,=0.1426,=8.0647,=7.1479,=6.4284
2022-03-04,=10585.4965,=11396.0995,=1932712798917.8096,=1644387810857,=1084515124011.0100,=6.5620,=0.2484,=8.0647,=7.1486,=6.4457
2022-03-03,=10504.2255,=11308.6050,=1918096108087.6201,=1632756786961,=1076386489944.0400,=6.5124,=0.2325,=8.0647,=7.1512,=6.4457
2022-03-02,=10751.5433,=11574.8616,=1964523208058.1299,=1671687604518,=1101869629506.3501,=6.6700,=0.2866,=8.0647,=7.1538,=6.4457
2022-03-01,=10919.7939,=11755.9963,=1997044151507.2400,=1698324437808,=1119419208438.6001,=6.7804,=0.3377,=8.0647,=7.1575,=6.4457
2022-02-28,=10895.9059,=11730.2791,=1992424844363.4800,=1694310625155,=1116963535383.8899,=6.7647,=0.3203,=8.0750,=7.1612,=6.4284
2022-02-25,=10839.9899,=11670.0812,=1982821515789.2500,=1685034876905,=1111240899884.4299,=6.7311,=0.3093,=8.0750,=7.1637,=6.4284
2022-02-24,=10719.4648,=11540.3267,=1959474209125.2295,=1666422102318,=1099101633453.7400,=6.6519,=0.2803,=8.0750,=7.1662,=6.4284
2022-02-23,=10812.0461,=11639.9976,=1976008338138.3601,=1680047202650,=1108227086799.7500,=6.7080,=0.2989,=8.0750,=7.1665,=6.4284
2022-02-22,=10233.4489,=11017.0933,=1867261788256.9500,=1590903233219,=1049156024012.8199,=6.3388,=0.1612,=8.0750,=7.1667,=6.4284
2022-02-21,=10170.8989,=10949.7534,=1853717479973.5000,=1578734579949,=1042489309151.1996,=6.2929,=0.1450,=8.0904,=7.1672,=6.4284
2022-02-18,=10178.1199,=10957.5274,=1858075788056.1499,=1579336098952,=1043585076714.2900,=6.3076,=0.1485,=8.0904,=7.1677,=6.4457
2022-02-17,=10278.7328,=11065.8449,=1877857794351.4199,=1595710331710,=1054142480118.0198,=6.3748,=0.1736,=8.0904,=7.1683,=6.4603
2022-02-16,=10162.3520,=10940.5520,=1854548471933.7200,=1576586921792,=1042061720852.9502,=6.2957,=0.1457,=8.0904,=7.1689,=6.4625
2022-02-15,=10222.1037,=11004.8793,=1865882735219.6497,=1586097248127,=1048307511762.8700,=6.3342,=0.1526,=8.0904,=7.1705,=6.4711
2022-02-14,=9844.7726,=10598.6534,=1795889967035.4204,=1525824170439,=1008872097910.5702,=6.0965,=0.1096,=8.0939,=7.1720,=6.4711
2022-02-11,=9945.3113,=10706.8911,=1810337681404.8696,=1536744736455,=1018697958763.4900,=6.1456,=0.1148,=8.0939,=7.1724,=6.4734
2022-02-10,=10136.2961,=10912.5009,=1845492337589.6201,=1568584615212,=1038448096667.8199,=6.2649,=0.1367,=8.0939,=7.1727,=6.4777
2022-02-09,=10098.2508,=10871.5422,=1840234139573.1299,=1563022477124,=1034474263051.4200,=6.2471,=0.1319,=8.0939,=7.1732,=6.4786
2022-02-08,=10021.7699,=10789.2047,=1828674243991.2600,=1552465307343,=1027250842239.7200,=6.2078,=0.1237,=8.0939,=7.1737,=6.4791
2022-02-07,=10328.7552,=11119.6979,=1888875440896.0703,=1603083788196,=1059043069172.4602,=6.4122,=0.1826,=8.1012,=7.1763,=6.4791
2022-01-28,=10227.3086,=11010.4829,=1873075093511.8999,=1590098592935,=1049681053738.5900,=6.3586,=0.1594,=8.1012,=7.1790,=6.4831
2022-01-27,=10417.8794,=11215.6470,=1909773137220.5396,=1620669036747,=1069659629916.8900,=6.4831,=0.1983,=8.1012,=7.1804,=6.4847
2022-01-26,=10803.9251,=11631.2548,=1982185223467.0503,=1681900029911,=1109714820073.7400,=6.7299,=0.2862,=8.1012,=7.1818,=6.4857
2022-01-25,=10683.0516,=11501.1252,=1958599576063.5200,=1662576409391,=1097813876414.1500,=6.6499,=0.2631,=8.1012,=7.1877,=6.4857
2022-01-24,=10941.3452,=11779.1981,=2007191738741.3501,=1702649067887,=1124581731334.9602,=6.8149,=0.3277,=8.1045,=7.1937,=6.4847
2022-01-21,=10747.9626,=11571.0069,=1971697753343.4504,=1672671738381,=1104508708034.3501,=6.6944,=0.2758,=8.1045,=7.1944,=6.4847
2022-01-20,=10954.1591,=11792.9932,=2010393898424.8201,=1706465282553,=1126046607910.2200,=6.8258,=0.3339,=8.1045,=7.1951,=6.4847
2022-01-19,=11052.5076,=11898.8729,=2028037161552.5601,=1721316723791,=1135573595507.1499,=6.8857,=0.3650,=8.1045,=7.2023,=6.4847
2022-01-18,=11236.5738,=12097.0343,=2062954049485.7795,=1749652207253,=1154461205376.5801,=7.0043,=0.4252,=8.1045,=7.2094,=6.4847
2022-01-17,=11159.3011,=12013.8443,=2045908383463.9204,=1735676879476,=1145920762393.0498,=6.9464,=0.3986,=8.1049,=7.2113,=6.4791
2022-01-14,=10913.7105,=11749.4472,=1997903531300.8401,=1694241555187,=1119975941462.5698,=6.7834,=0.3191,=8.1049,=7.2132,=6.4791
2022-01-13,=10738.5008,=11560.8205,=1962886882620.5400,=1664524019196,=1101080711370.3101,=6.6645,=0.2718,=8.1049,=7.2158,=6.4791
2022-01-12,=10907.5938,=11742.8621,=1996662356102.7705,=1692736887804,=1118604932963.7200,=6.7792,=0.3151,=8.1049,=7.2184,=6.4791
2022-01-11,=10675.3843,=11492.8707,=1954518764690.3000,=1653589786896,=1094835111652.4398,=6.6361,=0.2642,=8.1049,=7.2231,=6.4791
2022-01-10,=10887.0096,=11720.7016,=1997648035711.8601,=1689218311613,=1116985614571.7200,=6.7825,=0.3144,=8.1091,=7.2277,=6.4786
2022-01-07,=11015.5640,=11859.1003,=2021773536110.9104,=1709933668495,=1130051303525.6797,=6.8644,=0.3477,=8.1091,=7.2285,=6.4786
2022-01-06,=11190.4382,=12047.3658,=2054063878170.6101,=1737183801041,=1147768331778.5598,=6.9741,=0.4103,=8.1091,=7.2293,=6.4786
2022-01-05,=11252.9339,=12114.6472,=2068587650607.0896,=1748997043133,=1154678668861.1101,=7.0234,=0.4231,=8.1091,=7.2303,=6.4786
2022-01-04,=11796.8753,=12700.2419,=2169721341968.5901,=1834251395456,=1211774782352.0701,=7.3669,=0.5623,=8.1091,=7.2313,=6.4786
2021-12-31,=11984.3110,=12902.0309,=2211161650167.7197,=1868283640206,=1230784995603.6799,=7.5076,=0.6205,=8.1302,=7.2303,=6.4777
2021-12-30,=12010.2127,=12929.9161,=2215110885031.1694,=1868660226663,=1233558592346.1299,=7.5250,=0.6267,=8.1302,=7.2293,=6.4777
2021-12-29,=11693.2215,=12588.6507,=2160281494640.7200,=1820985074817,=1201306252220.8201,=7.3388,=0.5496,=8.1302,=7.2285,=6.4777
2021-12-28,=11901.7813,=12813.1814,=2198527103297.4199,=1851451577177,=1222893399402.2600,=7.4687,=0.6045,=8.1302,=7.2277,=6.4777
2021-12-27,=11817.5920,=12722.5451,=2185679986132.0095,=1832589805451,=1214929104182.3003,=7.4251,=0.5934,=8.1302,=7.2231,=6.4777
2021-12-24,=11915.0902,=12827.5094,=2201762282387.1001,=1845877291114,=1224268148298.6201,=7.4797,=0.6066,=8.1328,=7.2184,=6.4734
2021-12-23,=11928.1854,=12841.6074,=2205734417275.3896,=1849707949276,=1225378199364.7100,=7.4932,=0.6112,=8.1328,=7.2158,=6.4734
2021-12-22,=11918.5043,=12831.1849,=2203111603752.3198,=1848520873339,=1223940392725.6499,=7.4843,=0.6105,=8.1328,=7.2132,=6.4734
2021-12-21,=11753.9535,=12654.0334,=2170289084733.1499,=1819189480895,=1205737632606.0801,=7.3760,=0.5729,=8.1328,=7.2113,=6.4734
2021-12-20,=11649.6643,=12541.7581,=2151515807412.9705,=1803417243249,=1195140342361.0500,=7.3122,=0.5475,=8.1328,=7.2094,=6.4734
2021-12-17,=11855.7099,=12763.5820,=2189268566675.5601,=1834737250256,=1216340419413.0500,=7.4405,=0.6014,=8.1391,=7.2023,=6.4711
2021-12-16,=12240.1649,=13177.4773,=2263106974910.1797,=1898136602474,=1256339604457.1299,=7.6915,=0.6608,=8.1391,=7.1951,=6.4711
2021-12-15,=12272.2141,=13211.9808,=2268127861646.2100,=1900092117320,=1259357732267.2700,=7.7086,=0.6708,=8.1391,=7.1944,=6.4711
2021-12-14,=12422.1628,=13373.4121,=2296827891271.1099,=1924058298485,=1274702583743.0205,=7.8061,=0.7004,=8.1391,=7.1937,=6.4711
2021-12-13,=12425.0770,=13376.5495,=2297319101435.2300,=1924999381551,=1275053458214.6899,=7.8078,=0.7016,=8.1391,=7.1877,=6.4711
2021-12-10,=12359.8795,=13306.3594,=2269928628819.5400,=1899865955445,=1261325606438.8098,=7.7568,=0.6851,=8.1439,=7.1818,=6.4625
2021-12-09,=12466.1371,=13420.7538,=2287343824901.3198,=1915767638358,=1271808943284.8899,=7.8163,=0.7041,=8.1439,=7.1804,=6.4625
2021-12-08,=12379.4644,=13327.4440,=2272403517298.8301,=1902479346507,=1264147663074.9795,=7.7789,=0.6929,=8.1439,=7.1790,=6.4625
2021-12-07,=12065.4384,=12989.3709,=2209352924295.4102,=1850412975600,=1230037685451.9700,=7.5631,=0.6369,=8.1439,=7.1763,=6.4625
2021-12-06,=12321.7657,=13265.3270,=2258667707842.3989,=1889322931223,=1255080280896.3799,=7.7319,=0.6810,=8.1439,=7.1737,=6.4625
2021-12-03,=12588.9627,=13552.9850,=2311597840174.1411,=1930981838349,=1284041940571.1001,=7.9131,=0.7325,=8.1679,=7.1732,=6.4603
2021-12-02,=12340.5674,=13285.5684,=2262123106867.8301,=1890184332830,=1255856186755.8604,=7.7437,=0.6853,=8.1679,=7.1727,=6.4603
2021-12-01,=12304.4151,=13246.6477,=2249248153465.8999,=1877886163342,=1247533893709.2195,=7.6996,=0.6721,=8.1679,=7.1724,=6.4603
2021-11-30,=12352.4412,=13298.3514,=2264619696992.3701,=1890382792334,=1253514052827.4600,=7.7522,=0.6859,=8.1679,=7.1720,=6.4603
2021-11-29,=12189.3178,=13122.7366,=2241511060768.5103,=1867031370344,=1239337856068.4800,=7.6731,=0.6673,=8.1679,=7.1705,=6.4603
2021-11-26,=12126.4700,=13055.0761,=2225690448235.7002,=1856838101203,=1232230777582.7798,=7.6190,=0.6558,=8.1699,=7.1689,=6.4457
2021-11-25,=12392.3998,=13341.3700,=2278430462584.7202,=1898520185531,=1259828025080.3899,=7.7995,=0.6969,=8.1699,=7.1683,=6.4457
2021-11-24,=12316.4951,=13259.6528,=2268820329174.8604,=1891631213449,=1252509675226.7400,=7.7666,=0.6873,=8.1699,=7.1677,=6.4457
2021-11-23,=12422.7750,=13374.0713,=2284125784906.6602,=1906805223956,=1262432462867.1602,=7.8190,=0.7013,=8.1699,=7.1672,=6.4457
2021-11-22,=12563.3617,=13525.4237,=2306690218779.8999,=1928138705998,=1274332875978.0198,=7.8963,=0.7245,=8.1699,=7.1667,=6.4457
2021-11-19,=12027.8663,=12948.9218,=2204414075410.2305,=1844295673686,=1219310876445.6101,=7.5461,=0.6453,=8.1811,=7.1665,=6.4284
2021-11-18,=11970.6347,=12887.3076,=2193366200747.0305,=1835501645149,=1213335301282.1797,=7.5083,=0.6392,=8.1811,=7.1662,=6.4284
2021-11-17,=12113.4097,=13041.0158,=2217625064088.5698,=1858431391828,=1226909419173.9399,=7.5915,=0.6587,=8.1811,=7.1637,=6.4284
2021-11-16,=12068.1142,=12992.2517,=2209153274711.9199,=1852347110783,=1223022521843.5198,=7.5625,=0.6489,=8.1811,=7.1612,=6.4284
2021-11-15,=12250.4721,=13188.5740,=2239916466975.8403,=1882186629906,=1241693684362.1899,=7.7016,=0.6759,=8.1811,=7.1575,=6.4284
2021-11-12,=12505.3167,=13462.9338,=2290652414172.7803,=1923816609020,=1266592819700.2100,=7.8760,=0.7159,=8.1829,=7.1538,=6.4278
2021-11-11,=12540.6930,=13501.0191,=2293827291110.1099,=1930372397102,=1270459752936.9004,=7.9843,=0.7431,=8.1829,=7.1512,=6.4278
2021-11-10,=12271.2572,=13210.9507,=2237536705071.7197,=1886860202711,=1244858226589.4099,=7.7883,=0.6981,=8.1829,=7.1486,=6.4278
2021-11-09,=12257.6886,=13196.3431,=2233604342339.5498,=1882767216255,=1243581123689.4900,=7.7767,=0.6939,=8.1829,=7.1479,=6.4278
2021-11-08,=12005.3236,=12924.6528,=2180398078266.6101,=1844616982932,=1218799802032.4197,=7.7272,=0.6877,=8.1829,=7.1473,=6.4278
2021-11-05,=12173.5036,=13105.7115,=2210045561597.4199,=1867799642792,=1236276240390.0398,=7.8323,=0.7058,=8.1848,=7.1415,=6.4081
2021-11-04,=12156.8753,=13087.8099,=2193528213603.3601,=1863655386287,=1233508403400.3601,=8.0272,=0.7612,=8.1848,=7.1358,=6.4081
2021-11-03,=11966.4522,=12882.8049,=2153645687366.6897,=1837368230814,=1215673963011.3999,=8.1328,=0.7869,=8.1848,=7.1284,=6.4081
2021-11-02,=12076.8160,=13001.6200,=2170576028957.5100,=1853373854456,=1225852561237.6997,=8.1967,=0.8034,=8.1848,=7.1210,=6.4081
2021-11-01,=11816.3383,=12721.1957,=2116365660731.3704,=1807862919698,=1197598671041.0398,=7.9920,=0.7505,=8.1829,=7.1184,=6.4081
2021-10-29,=11739.0267,=12637.9638,=2094729195958.2400,=1793848840274,=1176609352931.7395,=8.0132,=0.7538,=8.1848,=7.1158,=6.4070
2021-10-28,=11470.5018,=12348.8761,=2052726856323.2000,=1755797739940,=1149101788807.7800,=7.9158,=0.7326,=8.1848,=7.1149,=6.4070
2021-10-27,=11480.3334,=12359.4606,=2051318132920.0200,=1753305104384,=1142985065964.6799,=8.0143,=0.7547,=8.1848,=7.1141,=6.4070
2021-10-26,=11557.4644,=12442.4981,=2066615574331.1096,=1760299066496,=1150849047148.4900,=8.0904,=0.7750,=8.1848,=7.1067,=6.4070
2021-10-25,=11560.9809,=12446.2839,=2063586422472.4597,=1758949521745,=1145601312690.6201,=8.1439,=0.7898,=8.1848,=7.0993,=6.4070
2021-10-22,=11439.3247,=12315.3117,=2041939160252.5601,=1740101740936,=1109794381635.0300,=8.0647,=0.7742,=8.1894,=7.0965,=6.4067
2021-10-21,=11162.0774,=12016.8336,=1989304903401.8003,=1696857567646,=1079964931018.2800,=7.8730,=0.7262,=8.1894,=7.0937,=6.4067
2021-10-20,=11379.2354,=12250.6209,=2027636167114.3301,=1728946868191,=1099732444509.0596,=8.0247,=0.7619,=8.1894,=7.0927,=6.4067
2021-10-19,=11396.5092,=12269.2175,=2030763125039.2295,=1731699358572,=1101432517130.9600,=8.0371,=0.7672,=8.1894,=7.0916,=6.4067
2021-10-18,=11357.9449,=12227.7001,=2023951962987.7900,=1727005288660,=1096366820873.2500,=8.0101,=0.7610,=8.1894,=7.0886,=6.4067
2021-10-15,=11489.7922,=12369.6439,=2041033310239.6101,=1747136483833,=1108882215726.0298,=8.2534,=0.8142,=8.2063,=7.0857,=6.4066
2021-10-14,=11119.1999,=11970.6728,=1975104381549.6799,=1692531025340,=1074435172802.7700,=7.9868,=0.7620,=8.1894,=7.0856,=6.4066
2021-10-13,=11051.8385,=11898.1531,=1965105351414.4399,=1680257660250,=1066793230948,=7.9463,=0.7481,=8.1894,=7.0856,=6.4066
2021-10-12,=10747.9074,=11570.9480,=1912293320818.6904,=1631758525883,=1035567211395.2004,=7.7328,=0.7148,=8.1894,=7.0826,=6.4066
2021-10-11,=11100.6140,=11950.6637,=1973648074827.6196,=1683849196623,=1069777237673.2600,=7.9809,=0.7568,=8.1894,=7.0795,=6.4066
2021-10-08,=11189.5432,=12046.4028,=1989146146200.3303,=1694246925742,=1078059111049.2700,=8.0435,=0.7698,=8.2063,=7.0754,=6.3985
2021-09-30,=11238.4781,=12099.0850,=2003413740830.2000,=1703279222677,=1083871658681.8700,=8.1012,=0.7771,=8.2063,=7.0712,=6.3985
2021-09-29,=11150.7830,=12004.6745,=1983464623388.5601,=1688263951541,=1076005859003.8300,=8.0248,=0.7670,=8.2063,=7.0693,=6.3985
2021-09-28,=11438.0935,=12313.9863,=2032437694750.3401,=1731943090674,=1102711395037.5801,=8.2230,=0.8074,=8.2063,=7.0674,=6.3985
2021-09-27,=11441.6203,=12317.7832,=2037443682479.9399,=1736142715654,=1103861296810.7500,=8.2432,=0.8090,=8.1894,=7.0664,=6.3985
2021-09-24,=11467.3503,=12345.4835,=2037678396446.8804,=1736896600754,=1104325391633.6699,=8.2442,=0.8105,=8.1894,=7.0653,=6.3926
2021-09-23,=11534.5917,=12417.8741,=2053326351473.4199,=1749770206062,=1111642480523.8101,=8.3443,=0.8258,=8.1848,=7.0653,=6.3926
2021-09-22,=11321.8465,=12188.8375,=2014070873166.2100,=1717781664457,=1091164406510.1602,=8.1848,=0.8020,=8.1829,=7.0653,=6.3926
2021-09-17,=11198.9519,=12056.5321,=1994394270750.2295,=1697652077463,=1080166328877.2700,=8.1049,=0.7878,=8.1811,=7.0644,=6.3926
2021-09-16,=11138.1919,=11991.1192,=1978576843261.8804,=1683679685652,=1072126231734.4900,=8.0406,=0.7795,=8.1811,=7.0636,=6.3926
2021-09-15,=11545.8393,=12429.9830,=2044852107731.5500,=1743357612503,=1110508820478.7800,=8.3099,=0.8166,=8.1829,=7.0616,=6.3925
2021-09-14,=11596.1237,=12484.1181,=2056043916576.2900,=1750082514478,=1115638828004.9102,=8.3554,=0.8281,=8.1811,=7.0595,=6.3925
2021-09-13,=11553.5498,=12438.2841,=2046199618499.2800,=1744104509163,=1112585563514.0598,=8.3154,=0.8218,=8.1699,=7.0561,=6.3925
2021-09-10,=12034.0405,=12955.5692,=2134296683712.9800,=1787726984560,=1157373858480.4900,=8.6734,=0.8829,=8.1679,=7.0527,=6.3925
2021-09-09,=11555.9262,=12440.8425,=2045399494804.4805,=1716608770683,=1113767269295.7605,=8.3521,=0.8290,=8.1391,=7.0527,=6.3925
2021-09-08,=11614.1040,=12503.4753,=2054568769213.7900,=1724866483638,=1118458619318.1799,=8.3895,=0.8367,=8.1391,=7.0526,=6.3892
2021-09-07,=11753.6572,=12653.7150,=2076330286155.8000,=1744784860876,=1131862175974.4199,=8.5648,=0.8703,=8.1302,=7.0519,=6.3892
2021-09-06,=11724.2037,=12622.0061,=2073425450835.3096,=1739951424291,=1128197701960.1399,=8.5528,=0.8700,=8.1091,=7.0512,=6.3892
2021-09-03,=11499.5733,=12380.1742,=2029890408174.7104,=1704690434633,=1105965837422.6399,=8.3732,=0.8397,=8.1045,=7.0485,=6.3892
2021-09-02,=11585.3766,=12472.5480,=2044644674048.3296,=1717762587244,=1115665461452.5400,=8.4341,=0.8474,=8.0939,=7.0457,=6.3892
2021-09-01,=11931.3766,=12845.0436,=2113598859847.1299,=1771419069901,=1150442663291.0398,=8.7185,=0.8853,=8.0939,=7.0425,=6.3882
2021-08-31,=12068.2385,=12992.3860,=2127156811154.9800,=1789460842533,=1160346313373.6899,=8.8153,=0.9012,=8.0750,=7.0392,=6.3882
2021-08-30,=12416.9289,=13367.7780,=2195705067468.9397,=1833874319323,=1188805449931.1799,=9.1173,=0.9293,=8.0439,=7.0345,=6.3882
2021-08-27,=12516.9426,=13475.4504,=2217292697110.5801,=1849092854517,=1193843731801.1130,=9.2988,=0.9453,=8.0266,=7.0298,=6.3882
2021-08-26,=12387.5152,=13336.1118,=2190655906162.1396,=1826501200339,=1177782125520.3037,=9.2441,=0.9412,=8.0167,=7.0298,=6.3882
2021-08-25,=12638.5495,=13606.3696,=2233656770772.8105,=1859970698025,=1200654213403.5415,=9.4303,=0.9533,=8.0167,=7.0298,=6.3856
2021-08-24,=12693.9240,=13665.9845,=2247719553654.5498,=1869694814004,=1207291038331.7957,=9.5212,=0.9613,=7.9847,=7.0296,=6.3856
2021-08-23,=12484.5627,=13440.5909,=2214642692659.8301,=1846919098479,=1187901102030.6443,=9.4013,=0.9551,=7.9839,=7.0295,=6.3856
2021-08-20,=12125.4814,=13054.0123,=2147620701876.7200,=1787693365198,=1151420978362.7710,=9.1421,=0.9407,=7.9721,=7.0228,=6.3856
2021-08-19,=12010.2001,=12929.9031,=2131263497678.8601,=1772421206354,=1141898078551.9585,=9.1155,=0.9406,=7.9600,=7.0160,=6.3856
2021-08-18,=11730.3000,=12628.5691,=2081165794573.1304,=1730317561452,=1116015927884.7622,=8.9242,=0.9322,=7.9600,=7.0151,=6.3749
2021-08-17,=11713.7722,=12610.7757,=2077167371094.3899,=1728067905428,=1114425894885.8440,=8.9071,=0.9321,=7.9589,=7.0142,=6.3749
2021-08-16,=12226.9795,=13163.2828,=2167017936142.5105,=1803340731988,=1162108314849.0286,=9.3026,=0.9526,=7.9524,=7.0102,=6.3749
2021-08-13,=12147.5195,=13077.7380,=2152594998880.8101,=1789661888228,=1155410355070.2371,=9.2407,=0.9483,=7.9394,=7.0063,=6.3749
2021-08-12,=12667.2172,=13637.2325,=2243165900821.6694,=1864734138624,=1204137594415.6182,=9.6295,=0.9772,=7.9057,=7.0019,=6.3749
2021-08-11,=12610.4327,=13576.0996,=2230868095362.2598,=1855601618147,=1198825036910.1963,=9.5767,=0.9689,=7.9057,=6.9975,=6.3739
2021-08-10,=12555.5739,=13517.0399,=2221461244747.6699,=1847784914612,=1193884468060.3210,=9.5363,=0.9667,=7.9025,=6.9967,=6.3739
2021-08-09,=12629.2849,=13596.3954,=2241333804250.1904,=1863950075588,=1203153709576.9563,=9.6216,=0.9771,=7.8840,=6.9960,=6.3739
2021-08-06,=12993.9993,=13989.0385,=2311337036540.9297,=1918011234320,=1240612329329.3904,=9.9489,=0.9854,=7.8825,=6.9897,=6.3739
2021-08-05,=13096.2246,=14099.0919,=2334682939173.5200,=1935587194294,=1252493290663.3103,=10.0494,=0.9895,=7.8825,=6.9835,=6.3739
2021-08-04,=13131.0338,=14136.5667,=2340567328159.5400,=1942255731243,=1253526033367.0696,=10.0747,=0.9916,=7.8825,=6.9817,=6.3636
2021-08-03,=12489.3026,=13445.6938,=2221463478876.2402,=1843376358969,=1191993167390.1384,=9.5620,=0.9769,=7.8755,=6.9798,=6.3636
2021-08-02,=13246.0952,=14260.4391,=2355242499368.7197,=1951789643658,=1260357304861.0305,=10.1379,=0.9958,=7.8729,=6.9732,=6.3636
2021-07-30,=13570.6291,=14609.8248,=2416621002773.4897,=1998310753598,=1289867241865.1829,=10.4020,=1,=7.8596,=6.9666,=6.3636
2021-07-29,=13245.9377,=14260.2695,=2364012971249.1001,=1951605875745,=1261318281382.0393,=10.1620,=1,=7.8515,=6.9651,=6.3636
2021-07-28,=12337.5562,=13282.3271,=2206087979851.0400,=1819084398686,=1175693286766.8047,=9.4831,=0.9788,=7.8515,=6.9637,=6.3559
2021-07-27,=12491.4957,=13448.0548,=2234948807118.8701,=1829507996935,=1190258069103.6980,=9.6072,=0.9894,=7.8244,=6.9635,=6.3559
2021-07-26,=12503.0428,=13460.4862,=2228280587907.0098,=1827864066686,=1189105468268.2109,=9.5785,=0.9872,=7.8228,=6.9633,=6.3559
2021-07-23,=12356.8265,=13303.0731,=2212387295299.2100,=1813430595064,=1179449279388.3792,=9.5102,=0.9872,=7.8135,=6.9614,=6.3559
2021-07-22,=12351.2951,=13297.1181,=2210833351918.2603,=1813752866021,=1180362151060.1548,=9.5035,=0.9872,=7.8052,=6.9595,=6.3559
2021-07-21,=12053.4296,=12976.4430,=2159694267197.5801,=1770515913933,=1155975896505.5637,=9.2837,=0.9850,=7.8052,=6.9593,=6.3500
2021-07-20,=11570.8988,=12456.9615,=2067300816180.4304,=1698978063162,=1111824051043.0166,=8.8865,=0.9657,=7.7805,=6.9590,=6.3500
2021-07-19,=11310.0326,=12176.1190,=2017732823696.1001,=1663148323857,=1088730430838.8676,=8.6734,=0.9441,=7.7801,=6.9570,=6.3500
2021-07-16,=11314.5010,=12180.9296,=2011966161243.4099,=1663489592927,=1087644223884.9568,=8.6486,=0.9418,=7.7724,=6.9549,=6.3500
2021-07-15,=11510.0445,=12390.3860,=2047753379541.6799,=1692020732912,=1107205050483.2627,=8.7967,=0.9482,=7.7298,=6.9548,=6.3500
2021-07-14,=11378.7607,=12249.0610,=2029620264006.2800,=1671224699784,=1095269047163.6324,=8.7189,=0.9481,=7.7298,=6.9547,=6.3500
2021-07-13,=11513.2287,=12392.6156,=2050645613139.5200,=1693814091680,=1108537093997.1831,=8.8014,=0.9523,=7.7082,=6.9531,=6.3500
2021-07-12,=12105.7133,=13030.3545,=2151804652386.7900,=1773783088317,=1164704008229.9221,=9.2356,=0.9826,=7.7068,=6.9515,=6.3500
2021-07-09,=11886.7174,=12794.6316,=2106111360343.0801,=1737466904026,=1143562562917.5481,=9.0395,=0.9782,=7.7053,=6.9511,=6.3500
2021-07-08,=12071.7184,=12993.4816,=2140686333217.4504,=1761349016642,=1161324677882.2256,=9.1857,=0.9825,=7.6876,=6.9506,=6.3500
2021-07-07,=11723.6335,=12618.8179,=2075341124992.7705,=1710846865047,=1128534910881.1389,=8.9053,=0.9759,=7.6876,=6.9502,=6.3434
2021-07-06,=11388.3305,=12256.9916,=2019011782486.2300,=1661628567182,=1096145842199.4960,=8.6572,=0.9583,=7.6849,=6.9497,=6.3434
2021-07-05,=11629.7025,=12516.7746,=2060232798312.7300,=1694067366780,=1119994337899.3574,=8.8339,=0.9692,=7.6784,=6.9445,=6.3434
2021-07-02,=11157.5223,=12004.5283,=1975688315783.7705,=1623463959764,=1074245962892.5338,=8.4471,=0.9317,=7.6715,=6.9393,=6.3434
2021-07-01,=11342.6726,=12203.7340,=2011526519915.6299,=1650245026830,=1093932302615.9496,=8.6003,=0.9581,=7.6456,=6.9382,=6.3434
2021-06-30,=11624.6445,=12507.1113,=2061333746060.9399,=1691036440164,=1118708912479.7068,=8.8133,=0.9668,=7.6456,=6.9371,=6.3420
2021-06-29,=11088.6960,=11929.3211,=1966700736871.0500,=1612584269495,=1065646733459.9626,=8.4014,=0.9290,=7.6429,=6.9344,=6.3420
2021-06-28,=11206.6454,=12056.2121,=1981852235899.9600,=1625259339071,=1074765770328.8148,=8.4661,=0.9400,=7.6386,=6.9317,=6.3420
2021-06-25,=11014.9061,=11849.9372,=1949061817300.1497,=1601388317355,=1057132052750.2437,=8.3260,=0.9243,=7.6352,=6.9312,=6.3420
2021-06-24,=10876.3806,=11700.9102,=1924093407818.8601,=1579982702486,=1043024488450.5270,=8.2194,=0.9152,=7.6262,=6.9308,=6.3420
2021-06-23,=11051.7027,=11889.5233,=1957771774656.2495,=1606307502998,=1059637720277.2556,=8.3632,=0.9306,=7.6262,=6.9303,=6.3409
2021-06-22,=10550.7064,=11350.2952,=1869426459294.9905,=1530007491038,=1009877933331.3510,=7.9847,=0.8812,=7.5903,=6.9299,=6.3409
2021-06-21,=10570.5329,=11368.1337,=1874119040397.3997,=1531317749041,=1010520446963.5562,=7.9839,=0.8809,=7.5790,=6.9276,=6.3409
2021-06-18,=10513.1958,=11306.4702,=1868511595739,=1524519522335,=1006895998554.6604,=7.9600,=0.8784,=7.5774,=6.9253,=6.3409
2021-06-17,=10435.2717,=11221.4403,=1864935294052.1101,=1519910528875,=1004174498704.2244,=7.9394,=0.8736,=7.5701,=6.9239,=6.3409
2021-06-16,=9646.8785,=10373.6514,=1725786230950.5898,=1407244298835,=929490165815.8912,=7.3470,=0.7172,=7.5701,=6.9224,=6.3373
2021-06-15,=9963.2100,=10713.6402,=1783238985110.5601,=1457289134320,=962318238033.4260,=7.5903,=0.8073,=7.5701,=6.9206,=6.3373
2021-06-11,=9829.7938,=10569.6237,=1710455050689.4202,=1419104302506,=944762811244.9893,=7.4245,=0.7636,=7.5671,=6.9188,=6.3373
2021-06-10,=10001.4300,=10752.9814,=1736152992895.7805,=1444190140339,=958505012281.3834,=7.5293,=0.7950,=7.5671,=6.9176,=6.3373
2021-06-09,=9868.8644,=10610.4543,=1707473340644.3198,=1422600461637,=944611736700.1852,=7.4049,=0.7557,=7.5671,=6.9164,=6.3373
2021-06-08,=9744.4749,=10476.7176,=1685054206527.6499,=1406249389958,=932248432153.0930,=7.3077,=0.7071,=7.5701,=6.9160,=6.3362
2021-06-07,=9805.3891,=10542.2092,=1694568897421.6399,=1415904060013,=938363426783.1132,=7.3489,=0.7248,=7.5701,=6.9157,=6.3362
2021-06-04,=9588.8874,=10309.4386,=1659106360923.3301,=1385890803139,=919022497937.0260,=7.1951,=0.6506,=7.5701,=6.9141,=6.3362
2021-06-03,=9381.3362,=10086.2911,=1620914946304.4800,=1355817732375,=899685477089.7876,=7.0295,=0.5645,=7.5701,=6.9125,=6.3362
2021-06-02,=9525.5036,=10241.2918,=1648071697771.8899,=1377954863247,=914333773339.5260,=7.1473,=0.6189,=7.5701,=6.9117,=6.3362
2021-06-01,=9640.4441,=10363.5711,=1668306643157.2805,=1394457480929,=925379182664.6132,=7.2293,=0.6597,=7.5774,=6.9109,=6.3203
2021-05-31,=9535.0786,=10250.1144,=1650099903037.4800,=1378439060450,=916371331229.8560,=7.1486,=0.6218,=7.5774,=6.9079,=6.3203
2021-05-28,=9303.2297,=10000.4627,=1608534735322.4800,=1343640311449,=892541739795.9359,=6.9666,=0.5512,=7.5774,=6.9050,=6.3203
2021-05-27,=9395.9611,=10099.3215,=1624260915437.0298,=1356638687316,=901946165732.0322,=7.0298,=0.5711,=7.5774,=6.9022,=6.3203
2021-05-26,=9013.6341,=9688.2337,=1555241764096.5105,=1299760739374,=867221205532.6602,=6.7306,=0.3879,=7.5774,=6.8995,=6.3203
2021-05-25,=9121.2093,=9803.8601,=1575239022742.7705,=1316569483277,=877886007887.1743,=6.8172,=0.4403,=7.5790,=6.9022,=6.3087
2021-05-24,=8831.9983,=9493.0040,=1524891073071.0002,=1276260923365,=848825685729.4857,=6.5993,=0.3427,=7.5790,=6.9050,=6.3087
2021-05-21,=8751.9501,=9406.1262,=1511750964638.7395,=1250437508506,=843031779764.9860,=6.5401,=0.3153,=7.5790,=6.9079,=6.3087
2021-05-20,=8840.7249,=9498.1039,=1527894585876.2498,=1263685391053,=851476806681.3298,=6.5986,=0.3396,=7.5790,=6.9109,=6.3087
2021-05-19,=8855.7676,=9514.0920,=1527798112342.6399,=1265608326829,=851157232380.0885,=6.5966,=0.3357,=7.5790,=6.9117,=6.3087
2021-05-18,=8724.4772,=9373.0417,=1506055289971.2400,=1248340476715,=838197277915.0547,=6.5027,=0.2938,=7.6262,=6.9125,=6.3081
2021-05-17,=8794.1591,=9447.9037,=1517421803625.5400,=1256364098791,=845233115697.5477,=6.5518,=0.3207,=7.6262,=6.9141,=6.3081
2021-05-14,=8694.0440,=9340.3462,=1496740730752.7295,=1241347476215,=835311039214.1426,=6.4625,=0.2667,=7.6262,=6.9157,=6.3081
2021-05-13,=8482.6620,=9113.2504,=1461119725017.9597,=1210380406310,=814897399411.4741,=6.3087,=0.2029,=7.6262,=6.9160,=6.3081
2021-05-12,=8549.6130,=9185.1784,=1472061837976.0400,=1219920328355,=821353812395.7405,=6.3559,=0.2225,=7.6262,=6.9164,=6.3081
2021-05-11,=8418.7419,=9044.5785,=1451624246165.2900,=1204076465047,=810006645092.8303,=6.2677,=0.1918,=7.6352,=6.9176,=6.3005
2021-05-10,=8344.4441,=8964.7575,=1438484889048.5500,=1191911808759,=802717388860.2933,=6.2110,=0.1803,=7.6352,=6.9188,=6.3081
2021-05-07,=8527.4032,=9161.3175,=1467733643022.5901,=1216374435501,=818550202191.2272,=6.3373,=0.2048,=7.6352,=6.9206,=6.3203
2021-05-06,=8943.6241,=9608.4796,=1542009273257.5100,=1277248430149,=860837657216.6178,=6.6580,=0.3478,=7.6352,=6.9224,=6.3203
2021-04-30,=9068.9742,=9743.1481,=1565881241352.8799,=1293358179779,=874082124664.3424,=6.7610,=0.3826,=7.6352,=6.9239,=6.3203
2021-04-29,=9021.5406,=9691.0098,=1561033794190.3701,=1288612018761,=852895888469.0499,=6.7771,=0.4053,=7.6386,=6.9253,=6.3081
2021-04-28,=8953.7504,=9618.1890,=1543968229259.4302,=1275508381668,=843443399572.0601,=6.7653,=0.3869,=7.6386,=6.9276,=6.3081
2021-04-27,=8774.3007,=9425.4227,=1513799576828.9800,=1250565146582,=813306642743.1401,=6.6495,=0.3463,=7.6386,=6.9299,=6.3081
2021-04-26,=8879.1356,=9538.0371,=1535390294825.5503,=1266745341366,=810538114346.8499,=6.7839,=0.4034,=7.6386,=6.9303,=6.3081
2021-04-23,=8855.3305,=9512.4654,=1528537230853.1101,=1265084552747,=809169834303.0901,=6.8871,=0.4632,=7.6386,=6.9308,=6.3081
2021-04-22,=8819.2154,=9473.6703,=1520955660101.9900,=1258154216385,=789340400695.0400,=6.9157,=0.4840,=7.6429,=6.9312,=6.3005
2021-04-21,=8726.3302,=9373.8922,=1503336883025.0200,=1245733848904,=779327504540.7600,=6.8698,=0.4532,=7.6429,=6.9317,=6.3005
2021-04-20,=8694.2698,=9339.4527,=1500168060543.6001,=1241517474698,=776598454576.0599,=6.8681,=0.4494,=7.6429,=6.9344,=6.3005
2021-04-19,=8788.6899,=9440.8796,=1518200274439.9402,=1254934560468,=784643805155.4701,=6.9506,=0.5074,=7.6429,=6.9371,=6.3005
2021-04-16,=8574.0128,=9210.2718,=1476799377604.0901,=1220254036275,=760712949646.4901,=6.7677,=0.3970,=7.6429,=6.9344,=6.3005
2021-04-15,=8621.6743,=9261.4702,=1482753737521.4900,=1224930041331,=754858116937.1600,=6.8232,=0.4229,=7.6456,=6.9371,=6.2868
2021-04-14,=8676.4669,=9320.3289,=1493291810264.3701,=1233744886811,=760013236925.0500,=6.8716,=0.4514,=7.6456,=6.9382,=6.2868
2021-04-13,=8641.1524,=9282.3938,=1489994109184.2700,=1230343315008,=757239205134.0701,=6.8565,=0.4450,=7.6456,=6.9393,=6.2868
2021-04-12,=8699.7943,=9345.3874,=1499338427313.6699,=1238557875930,=762518959988.5500,=6.8995,=0.4687,=7.6456,=6.9445,=6.2868
2021-04-09,=8854.7099,=9511.7990,=1522667645256.4502,=1261092674497,=775545838716.1400,=6.9960,=0.5251,=7.6456,=6.9497,=6.2868
2021-04-08,=8931.3334,=9594.1085,=1537439081247.3799,=1273624436076,=782067937225.0300,=7.0653,=0.5592,=7.6715,=6.9445,=6.2774
2021-04-07,=8955.4290,=9619.9922,=1538720309401.1802,=1275594873382,=783773027843.6200,=7.0712,=0.5631,=7.6715,=6.9393,=6.2774
2021-04-06,=8957.7941,=9622.5328,=1537880035414.8999,=1274461148781,=783374213873.4700,=7.0674,=0.5620,=7.6715,=6.9382,=6.2774
2021-04-02,=9014.4387,=9683.3809,=1548416267071.7900,=1284008207004,=787781883598.7299,=7.1158,=0.5812,=7.6715,=6.9371,=6.2774
2021-04-01,=8571.4459,=9207.5146,=1470633653701.2598,=1220970272536,=749093981762.7100,=6.7583,=0.3969,=7.6715,=6.9344,=6.2774
2021-03-31,=8234.8237,=8845.9124,=1411087571356.5500,=1172005715064,=719063928134.2600,=6.4847,=0.2857,=7.6784,=6.9371,=6.2613
2021-03-30,=8254.7112,=8867.2757,=1413499206905.8301,=1175711199271,=700496589907.0901,=6.5099,=0.3043,=7.6784,=6.9382,=6.2613
2021-03-29,=8237.7791,=8849.0871,=1409989288635.6304,=1172871093335,=699452191900.3801,=6.5067,=0.3000,=7.6784,=6.9393,=6.2613
2021-03-26,=8196.9142,=8805.1897,=1402921956239.6399,=1167786939243,=695786645690.7900,=6.5081,=0.3008,=7.6784,=6.9445,=6.2613
2021-03-25,=8036.3506,=8632.7110,=1374000977563.6399,=1145499561953,=682326106739.5499,=6.3739,=0.2345,=7.6784,=6.9497,=6.2613
2021-03-24,=7966.3863,=8557.5548,=1362449023448.2600,=1133817889927,=675910115967.9701,=6.3203,=0.2145,=7.6849,=6.9506,=6.2586
2021-03-23,=8154.3226,=8759.4375,=1396173363805.1001,=1162259504769,=692197679043.4200,=6.4777,=0.2772,=7.6849,=6.9515,=6.2586
2021-03-22,=8155.8894,=8761.1205,=1396375331939.3999,=1162961184499,=692330227102.9401,=6.4786,=0.2779,=7.6849,=6.9531,=6.2586
2021-03-19,=8137.5652,=8741.4365,=1394761414638.2600,=1160311046102,=690839893668.1801,=6.4711,=0.2734,=7.6849,=6.9547,=6.2586
2021-03-18,=8206.7352,=8815.7395,=1408620159789.9202,=1171706984813,=696488384937.7102,=6.5354,=0.3003,=7.6849,=6.9548,=6.2586
2021-03-17,=8198.6002,=8807.0008,=1408382365831.6399,=1169700076438,=695363933634.7600,=6.5360,=0.3010,=7.6876,=6.9549,=6.2445
2021-03-16,=7957.4590,=8547.9650,=1367101996189.8101,=1135790320978,=674848892001.8600,=6.3500,=0.2310,=7.6876,=6.9570,=6.2445
2021-03-15,=8007.8791,=8602.1267,=1375322919494.8999,=1144430397126,=679136361319.1599,=6.3882,=0.2395,=7.6876,=6.9590,=6.2445
2021-03-12,=8370.1103,=8991.2383,=1436088485098.7600,=1195276878972,=709891436512.3999,=6.6711,=0.3456,=7.6876,=6.9593,=6.2445
2021-03-11,=8505.3281,=9136.4903,=1458313864178.2700,=1214651942882,=721059725347.6600,=6.7743,=0.3915,=7.6876,=6.9595,=6.2445
2021-03-10,=8241.9104,=8853.5249,=1414031175080.3301,=1176181343615,=696399030523.9100,=6.5762,=0.3156,=7.7053,=6.9614,=6.2144
2021-03-09,=8234.0849,=8845.1187,=1413059893894.9299,=1176683374949,=696543898544.7999,=6.5717,=0.3138,=7.7053,=6.9633,=6.2144
2021-03-08,=8677.7707,=9321.7295,=1488479235389.9302,=1237908880450,=733160634875.2700,=6.9224,=0.4640,=7.7053,=6.9635,=6.2144
2021-03-05,=9076.6508,=9750.2097,=1554122778348.0901,=1293997021142,=766713311821.7799,=7.2277,=0.6070,=7.7053,=6.9637,=6.2144
2021-03-04,=9156.5710,=9836.0606,=1570030513149.9802,=1306321742147,=773600964583.0698,=7.3020,=0.6568,=7.7053,=6.9635,=6.2144
2021-03-03,=9493.4123,=10197.8981,=1629579428772.0898,=1358059202711,=802830209501.1500,=7.5790,=0.7715,=7.7068,=6.9633,=6.2097
2021-03-02,=9484.3850,=10188.2009,=1627677954643.6602,=1357921207255,=802498042370.4600,=7.5701,=0.7682,=7.7068,=6.9614,=6.2097
2021-03-01,=9384.8249,=10081.2527,=1607565924409.6902,=1342866992633,=794142846956.6100,=7.4766,=0.7432,=7.7068,=6.9595,=6.2097
2021-02-26,=9050.5252,=9722.1453,=1550927048651.6704,=1295019852367,=765481655379.7599,=7.2132,=0.6098,=7.7068,=6.9593,=6.2097
2021-02-25,=9185.0626,=9866.6665,=1576130188298.3601,=1316735109844,=777060718469.4100,=7.3304,=0.6712,=7.7068,=6.9590,=6.2097
2021-02-24,=9263.3193,=9950.7304,=1591105933800.3198,=1330406124501,=784377414199.6702,=7.4000,=0.7166,=7.7082,=6.9570,=6.2078
2021-02-23,=9190.1632,=9872.1456,=1581210589709.0798,=1322229695985,=778676745649.0300,=7.3540,=0.6913,=7.7082,=6.9549,=6.2078
2021-02-22,=9294.9277,=9984.6844,=1596368037060,=1333793855650,=786706588919.5400,=7.4343,=0.7315,=7.7082,=6.9548,=6.2078
2021-02-19,=9540.0668,=10248.0147,=1640251162035.1599,=1370209532564,=807988571280.4800,=7.6386,=0.7747,=7.7082,=6.9547,=6.2078
2021-02-18,=9586.3664,=10297.7501,=1650758331421.2202,=1371138379766,=811433686095.8600,=7.6876,=0.7906,=7.7082,=6.9531,=6.2078
2021-02-10,=9356.1413,=10050.4405,=1610594795900.9895,=1337020521894,=791813452608.6700,=7.5005,=0.7486,=7.7298,=6.9515,=6.2014
2021-02-09,=9283.9594,=9972.9021,=1597245899573.4800,=1316752464565,=785620979931.7399,=7.4384,=0.7396,=7.7298,=6.9506,=6.2014
2021-02-08,=9155.1070,=9834.4879,=1576988048657.0898,=1299635096392,=774969713809.2300,=7.3440,=0.6917,=7.7298,=6.9497,=6.2014
2021-02-05,=8895.4029,=9555.5117,=1523332338103.6299,=1251727827190,=752442285070.7599,=7.1937,=0.6212,=7.7298,=6.9445,=6.2014
2021-02-04,=9122.5740,=9799.5407,=1559107684622.4299,=1281185220748,=771548631989.3600,=7.3626,=0.7011,=7.7298,=6.9393,=6.2014
2021-02-03,=9138.0712,=9816.1880,=1561729452396.8501,=1286916288046,=773320974008.0001,=7.3750,=0.7059,=7.7724,=6.9382,=6.1783
2021-02-02,=9489.1739,=10193.3452,=1618456200500.2400,=1334381107765,=802959692890.4600,=7.6429,=0.7753,=7.7724,=6.9371,=6.1783
2021-02-01,=9406.0987,=10104.1051,=1604593306350.0598,=1322731851458,=795558960369.1100,=7.5774,=0.7690,=7.7724,=6.9344,=6.1783
2021-01-29,=9354.4774,=10048.6531,=1600135445415.1499,=1316745391500,=791233159756.7800,=7.5563,=0.7655,=7.7724,=6.9317,=6.1783
2021-01-28,=9543.8754,=10252.1059,=1631988979133.9900,=1342741597900,=806860861480.9301,=7.7068,=0.7904,=7.7724,=6.9312,=6.1783
2021-01-27,=9967.9150,=10707.6126,=1705215435287.8601,=1400286527149,=843457097929.2400,=8.1091,=0.8693,=7.7801,=6.9308,=6.1713
2021-01-26,=10021.2150,=10764.8679,=1711528642262.0200,=1403013423323,=847016497905.1700,=8.1391,=0.8746,=7.7724,=6.9303,=6.1713
2021-01-25,=10252.0614,=11012.8449,=1751746887041.9497,=1438461313324,=867145613077.2100,=8.3304,=0.9086,=7.7298,=6.9299,=6.1713
2021-01-22,=10385.6872,=11156.3868,=1776133230263.7903,=1459779415116,=878609860207.2699,=8.4463,=0.9198,=7.7082,=6.9276,=6.1713
2021-01-21,=10520.1411,=11300.8182,=1795860374377.1296,=1473836361166,=889409217159.2899,=8.5401,=0.9397,=7.7053,=6.9253,=6.1713
2021-01-20,=10513.6681,=11293.8648,=1794615627948.4500,=1473340171677,=889288898708.5299,=8.5342,=0.9395,=7.7053,=6.9221,=6.1599
2021-01-19,=10420.9444,=11194.2602,=1777987214930.3301,=1458347787991,=881181817360.3800,=8.4551,=0.9277,=7.6849,=6.9188,=6.1599
2021-01-18,=10589.9623,=11375.8205,=1806521804608.9600,=1481328788004,=895237260618.6099,=8.5908,=0.9449,=7.6784,=6.9176,=6.1599
2021-01-15,=9997.6936,=10739.6008,=1702012276902.3003,=1395083929308,=844333601608.6100,=8.0939,=0.8837,=7.6715,=6.9164,=6.1599
2021-01-14,=10199.6565,=10956.5510,=1736670840068.3999,=1422042621404,=861020555367.6600,=8.2589,=0.9155,=7.6456,=6.9144,=6.1599
2021-01-13,=10233.4890,=10992.8942,=1739030127693.5898,=1428069244511,=864299966574.0701,=8.3102,=0.9211,=7.6456,=6.9125,=6.1401
2021-01-12,=10040.4171,=10785.4949,=1709235059127.3203,=1401902020364,=848070059472.3700,=8.1679,=0.8974,=7.6352,=6.9117,=6.1401
2021-01-11,=9792.9762,=10519.6919,=1668262061726.8701,=1363215236905,=826547343992.4501,=7.9721,=0.8794,=7.6262,=6.9109,=6.1401
2021-01-08,=9631.2194,=10345.9315,=1637355588989.5898,=1338273611546,=812746651420.0500,=7.8244,=0.8466,=7.5671,=6.9079,=6.1401
2021-01-07,=9657.8571,=10374.5459,=1643023179583.3201,=1340911607368,=814745094413.3103,=7.8515,=0.8491,=7.5171,=6.9050,=6.1401
2021-01-06,=9575.3676,=10285.9351,=1628086737393.2700,=1326719640855,=807222581628.1399,=7.7801,=0.8368,=7.5171,=6.9008,=6.1385
2021-01-05,=9719.9260,=10441.2208,=1649834180828.0398,=1344248174789,=818643254635.3800,=7.8840,=0.8661,=7.5160,=6.8965,=6.1385
2021-01-04,=9252.3090,=9938.9030,=1570545041961.9702,=1276484172630,=778895734678.8600,=7.5051,=0.7970,=7.5076,=6.8961,=6.1385
2020-12-31,=8999.4520,=9667.2820,=1528322755806.5798,=1242540961625,=758630336686.3501,=7.3033,=0.7275,=7.5076,=6.8956,=6.1385
2020-12-30,=8877.9405,=9536.7534,=1508661236685.9399,=1225192513137,=747972558789.8201,=7.2094,=0.6697,=7.5076,=6.8921,=6.1385
2020-12-29,=8766.3210,=9416.8509,=1490163142173.1001,=1208491012636,=737078020635.6801,=7.1210,=0.6325,=7.5160,=6.8885,=6.1231
2020-12-28,=8732.7207,=9380.7572,=1484452020780.9800,=1204626463062,=734217203208.9701,=7.0937,=0.6254,=7.5160,=6.8881,=6.1231
2020-12-25,=8855.7240,=9512.8883,=1502888946251.8904,=1220113993972,=744443181070.2802,=7.1818,=0.6667,=7.5160,=6.8877,=6.1231
2020-12-24,=8924.4113,=9586.6727,=1517841602653.4900,=1229145013111,=750507083948.1201,=7.2533,=0.6930,=7.5160,=6.8830,=6.1231
2020-12-23,=8953.1273,=9617.5196,=1522128040465.2002,=1230516685014,=752244526759.0499,=7.2737,=0.7043,=7.5160,=6.8783,=6.1231
2020-12-22,=8672.0097,=9315.5408,=1478151699983.0100,=1192436652812,=728688177738.6299,=7.0636,=0.6147,=7.5171,=6.8782,=6.0630
2020-12-21,=8996.7571,=9664.3870,=1535414448409.3799,=1239278373217,=756520784260.4301,=7.3372,=0.7331,=7.5171,=6.8780,=6.0630
2020-12-18,=8781.7463,=9433.4207,=1499630575192.1797,=1197479276468,=739094841523.9000,=7.1662,=0.6492,=7.5171,=6.8751,=6.0630
2020-12-17,=8845.3133,=9501.7049,=1510547131687.5701,=1204297874546,=743623389269.3501,=7.2184,=0.6728,=7.5171,=6.8721,=6.0630
2020-12-16,=8797.6703,=9450.5265,=1502300236102.0503,=1196813216564,=739310752936.2700,=7.1790,=0.6718,=7.5171,=6.8709,=6.0630
2020-12-15,=8917.8094,=9579.5809,=1524718309544.2100,=1212761961151,=749688675646.7201,=7.3007,=0.7205,=7.5671,=6.8697,=6.0393
2020-12-14,=9011.6950,=9680.4336,=1547847437312.1299,=1225631580871,=757803529911.6000,=7.4115,=0.7632,=7.5671,=6.8635,=6.0393
2020-12-11,=8873.0045,=9531.4512,=1380365199505.1101,=1173514038871,=718299168292.8700,=6.8956,=0.5219,=7.5671,=6.8574,=6.0393
2020-12-10,=9024.1489,=9693.8117,=1392239021016.8298,=1188355130157,=728335576788.8900,=6.9549,=0.5705,=7.5671,=6.8567,=6.0393
2020-12-09,=8932.1223,=9594.9560,=1370918038227.6699,=1169054886412,=717644047270.4500,=6.8486,=0.4969,=7.5671,=6.8559,=6.0393
2020-12-08,=9216.1755,=9900.0882,=1409064098601.6201,=1202605849379,=738151640179.4700,=7.0392,=0.6057,=7.6262,=6.8567,=5.9922
2020-12-07,=9278.7464,=9967.3024,=1417139013922.9299,=1209345533386,=742160893857.9001,=7.0795,=0.6266,=7.6262,=6.8559,=5.9922
2020-12-04,=9259.5919,=9946.7265,=1411749594142.7898,=1205826526124,=740707981716.0199,=7.0526,=0.6159,=7.6262,=6.8498,=5.9922
2020-12-03,=9202.7405,=9885.6563,=1402478166397.4299,=1198411272061,=736154148718.1400,=7.0063,=0.5987,=7.6262,=6.8437,=5.9922
2020-12-02,=9304.1532,=9994.5946,=1420977544268.3298,=1208194809120,=744795690442.0400,=7.0993,=0.6358,=7.6262,=6.8425,=5.9922
2020-12-01,=9117.6619,=9794.2641,=1397054407843.9795,=1186689738306,=730973821989.1200,=6.9798,=0.5929,=7.6352,=6.8413,=5.9797
2020-11-30,=8970.1412,=9635.7962,=1376738349555.2800,=1168553299604,=720328762070.9600,=6.8783,=0.5241,=7.6352,=6.8406,=5.9797
2020-11-27,=8904.2122,=9564.9748,=1360376544334.4197,=1152230586654,=712204492304.4601,=6.7968,=0.4742,=7.6352,=6.8399,=5.9797
2020-11-26,=8876.0961,=9534.7723,=1354406889365.6101,=1146858106401,=709433188704.1000,=6.7670,=0.4563,=7.6352,=6.8406,=5.9797
2020-11-25,=8983.0926,=9649.7088,=1372510875385.7605,=1162655374051,=718855215082.8000,=6.8574,=0.5097,=7.6352,=6.8413,=5.9797
2020-11-24,=9031.9646,=9702.2074,=1378737105835.5601,=1167966080567,=721858094555.4800,=6.8885,=0.5244,=7.6456,=6.8406,=5.9726
2020-11-23,=8959.5708,=9624.4414,=1363627525544.4404,=1157784335200,=715981292386.1500,=6.9253,=0.5458,=7.6456,=6.8399,=5.9726
2020-11-20,=8929.3879,=9592.0187,=1361096080458.3701,=1155983805969,=714194815887.1699,=6.9125,=0.5377,=7.6456,=6.8358,=5.9726
2020-11-19,=8931.6052,=9594.4005,=1364706418124.1001,=1158007434030,=715645657411.5399,=6.9308,=0.5493,=7.6456,=6.8317,=5.9726
2020-11-18,=8916.2855,=9577.9440,=1360791636247.7498,=1155266804039,=713701490547.8500,=6.9109,=0.5380,=7.6456,=6.8298,=5.9726
2020-11-17,=8954.2920,=9618.7709,=1364504215066.3301,=1158931205578,=716533820959.5500,=6.9299,=0.5464,=7.6715,=6.8279,=5.9666
2020-11-16,=8865.0770,=9522.9354,=1349941980629.1001,=1146861984830,=707802110377.6100,=6.8559,=0.5183,=7.6715,=6.8271,=5.9666
2020-11-13,=8968.7924,=9634.3473,=1368757282614.5896,=1161088689089,=716865110504.1101,=6.9515,=0.5600,=7.6715,=6.8264,=5.9666
2020-11-12,=8898.5810,=9558.9257,=1357931595803.0798,=1153974842929,=711814104749.9399,=6.8965,=0.5351,=7.6715,=6.8220,=5.9666
2020-11-11,=8885.8321,=9545.2307,=1353131615092.0105,=1150821395104,=709803512801.0499,=6.8721,=0.5268,=7.6715,=6.8176,=5.9666
2020-11-10,=9365.4985,=10060.4921,=1434014492947.3401,=1218694033519,=751585120015.7899,=7.2829,=0.6936,=7.6784,=6.8171,=5.9541
2020-11-09,=9630.5287,=10345.1896,=1480124932670.7800,=1258563375198,=775607989628.1399,=7.5171,=0.7804,=7.6784,=6.8165,=5.9541
2020-11-06,=8925.6813,=9588.0370,=1364858590033.1101,=1163443301390,=717242217079.0601,=6.9317,=0.5492,=7.6784,=6.8073,=5.9541
2020-11-05,=8782.8809,=9434.6397,=1342391167714.9302,=1143985410333,=705126554976.7900,=6.8176,=0.5068,=7.6784,=6.7980,=5.9541
2020-11-04,=8662.0761,=9304.8702,=1322933496350.6799,=1127307778545,=695460675259.1400,=6.7188,=0.4608,=7.6784,=6.7979,=5.9541
2020-11-03,=8724.0029,=9371.3925,=1329451849914.1399,=1138189260709,=700878523414.3301,=6.9188,=0.5445,=7.6849,=6.7980,=5.9473
2020-11-02,=8603.0270,=9241.4393,=1314548286049.1001,=1125380174973,=692802814713.0300,=6.8413,=0.5223,=7.6849,=6.7979,=5.9473
2020-10-30,=8440.6032,=9066.9624,=1277476906577.2100,=1083952401985,=674357505327.4199,=6.4457,=0.3483,=7.6849,=6.7977,=5.9473
2020-10-29,=8244.9793,=8856.8216,=1241638752293.2998,=1053088129184,=644929244349.1700,=6.3081,=0.2837,=7.6849,=6.7979,=5.9473
2020-10-28,=8274.4828,=8888.5145,=1244343255707.8899,=1055680745920,=595511509571.9601,=6.3636,=0.3021,=7.6849,=6.7980,=5.9473
2020-10-27,=8264.5216,=8877.8141,=1242368881929.5000,=1054152688764,=594379927532.9199,=6.3856,=0.3066,=7.7053,=6.8073,=5.9429
2020-10-26,=8223.2452,=8833.4746,=1232322001962.9399,=1045627305252,=590144555958.9100,=6.3434,=0.2972,=7.7053,=6.8165,=5.9429
2020-10-23,=8224.4567,=8834.7760,=1229824477266.0200,=1043697098995,=603308462306.0800,=6.3420,=0.2947,=7.7053,=6.8215,=5.9429
2020-10-22,=8399.1611,=9022.4449,=1257946574725.6201,=1065334283486,=616861664031.5801,=6.4870,=0.3521,=7.7053,=6.8264,=5.9429
2020-10-21,=8415.3352,=9039.8192,=1259044943802.1899,=1066482741175,=617715231301.8199,=6.4927,=0.3569,=7.7053,=6.8271,=5.9429
2020-10-20,=8673.8643,=9317.5332,=1295260374191.7900,=1096869235939,=635214974235.5201,=6.6903,=0.4291,=7.7082,=6.8279,=5.9346
2020-10-19,=8614.6542,=9253.9292,=1287977652508.2598,=1089503467329,=631205100036.3199,=6.6526,=0.4235,=7.7082,=6.8298,=5.9346
2020-10-16,=8714.0042,=9360.6517,=1305922084557.6404,=1104246495116,=638177923047.6101,=6.7453,=0.4536,=7.7082,=6.8317,=5.9346
2020-10-15,=8824.5247,=9479.3737,=1324231257810.2000,=1117699935149,=645964534450.2600,=6.8399,=0.5018,=7.7082,=6.8358,=5.9346
2020-10-14,=8889.5922,=9549.2697,=1333476588112.4297,=1125982834715,=650430096557.8801,=6.8877,=0.5144,=7.7082,=6.8317,=5.9346
2020-10-13,=9095.5280,=9770.4876,=1365135530456.8501,=1152976954292,=664930753647.6899,=7.0512,=0.5740,=7.7298,=6.8298,=5.9289
2020-10-12,=9124.8665,=9802.0032,=1371811455917.5798,=1156032100511,=667030168192.6100,=7.0857,=0.5906,=7.7298,=6.8279,=5.9289
2020-10-09,=8736.0304,=9384.3124,=1311054770903.8799,=1105470209827,=638134907569.9200,=6.7718,=0.4727,=7.7298,=6.8271,=5.9289
2020-09-30,=8456.0288,=9083.5325,=1268369017244.1001,=1069949507268,=617397998055.0701,=6.5514,=0.3905,=7.7298,=6.8279,=5.9289
2020-09-29,=8487.0415,=9116.8466,=1271444988656.2998,=1072218622843,=619154873108.7500,=6.5717,=0.3956,=7.7298,=6.8298,=5.9289
2020-09-28,=8376.1406,=8997.7160,=1257967789467,=1059956403467,=611520872378.8099,=6.5020,=0.3713,=7.7724,=6.8317,=5.9119
2020-09-25,=8444.3683,=9071.0067,=1263307422473.2002,=1066779390913,=616269056223,=6.5296,=0.3801,=7.7724,=6.8377,=5.9119
2020-09-24,=8532.4451,=9165.6195,=1280721368385.2000,=1081238352245,=623251583698.0699,=6.6196,=0.4185,=7.7724,=6.8437,=5.9119
2020-09-23,=8738.3372,=9386.7904,=1310337856158,=1105903754481,=637984427072.1599,=6.7727,=0.4684,=7.7724,=6.8567,=5.9119
2020-09-22,=8629.3413,=9269.7062,=1295608957373.6001,=1092900232377,=629791472683.9000,=6.6966,=0.4328,=7.7724,=6.8697,=5.9119
2020-09-21,=8827.7716,=9482.8615,=1324074228707.7000,=1116296104915,=644100033430.4700,=6.8437,=0.4944,=7.7805,=6.8739,=5.8734
2020-09-18,=8838.3586,=9494.2341,=1330720380200.1001,=1120969899805,=645479034094.2900,=6.8780,=0.5000,=7.7805,=6.8780,=5.8734
2020-09-17,=8767.5751,=9418.1979,=1321748712350.3999,=1113858401988,=640199058664.6399,=6.8317,=0.4943,=7.7805,=6.8873,=5.8734
2020-09-16,=8629.2755,=9269.6354,=1302282488776.8999,=1098257850399,=629264649670.1001,=6.7311,=0.4508,=7.7805,=6.9050,=5.8734
2020-09-15,=8673.0855,=9316.6964,=1304640070813.5000,=1099513872026,=632603065474.4199,=6.7432,=0.4525,=7.7805,=6.9107,=5.8734
2020-09-14,=8625.0644,=9265.1118,=1298301428970.7000,=1095113827884,=628063229775.5801,=6.7105,=0.4504,=7.8052,=6.9164,=5.8725
2020-09-11,=8516.7919,=9148.8046,=1278972114353.6001,=1079591585699,=620029697609.8601,=6.6106,=0.4253,=7.8052,=6.9267,=5.8725
2020-09-10,=8236.6370,=8847.8600,=1233383433326.6001,=1040708691352,=599129835348.8099,=6.3749,=0.3269,=7.8052,=6.9371,=5.8725
2020-09-09,=8298.0389,=8913.8184,=1239503614882.7002,=1044943922366,=603819448362.4099,=6.4066,=0.3436,=7.8052,=6.9382,=5.8725
2020-09-08,=8755.5683,=9405.3001,=1310225525911.5000,=1102822373686,=638138944271.3901,=6.7721,=0.4574,=7.8052,=6.9393,=5.8725
2020-09-07,=8928.6184,=9591.1919,=1342146084601.1001,=1125534322118,=651322791768.2100,=6.9371,=0.4942,=7.8135,=6.9445,=5.7904
2020-09-04,=9215.6321,=9899.5042,=1384075246767,=1161962934345,=673414905399.1200,=7.1538,=0.5742,=7.8135,=6.9497,=5.7904
2020-09-03,=9034.9718,=9705.4375,=1357063464645.6001,=1139037279688,=660264022844.2400,=7.0142,=0.5333,=7.8135,=6.9445,=5.7904
2020-09-02,=9035.2447,=9705.7307,=1345559815946.9998,=1129378330896,=659396912066.0901,=6.9547,=0.5079,=7.8135,=6.9393,=5.7904
2020-09-01,=9188.1711,=9870.0055,=1363165688230.8999,=1145096264842,=670155160622.6699,=7.0457,=0.5415,=7.8135,=6.9278,=5.7904
2020-08-31,=9193.2661,=9875.4786,=1364520263677.8999,=1145170677672,=671088502661.9200,=7.0527,=0.5437,=7.8228,=6.9164,=5.7878
2020-08-28,=9277.9135,=9966.4075,=1380013999143.9004,=1052768906467,=676596259766.2400,=7.1727,=0.5896,=7.8228,=6.9107,=5.7878
2020-08-27,=9210.3919,=9893.8753,=1370754544908,=1046819624596,=646827425725.1400,=7.1612,=0.5720,=7.8228,=6.9050,=5.7878
2020-08-26,=8996.1784,=9663.7655,=1336837140922.1001,=1020589846153,=631922092219.7899,=6.9975,=0.5382,=7.8228,=6.8873,=5.7878
2020-08-25,=9334.8853,=10027.6071,=1389298254497.7002,=1059610219429,=650181662082.6979,=7.2991,=0.6452,=7.8228,=6.8697,=5.7878
2020-08-24,=9439.8367,=10140.3467,=1407408108361.7000,=1069995707303,=657214720806.5232,=7.3967,=0.6923,=7.8596,=6.8488,=5.7611
2020-08-21,=9373.8180,=10069.4289,=1396913033722.3999,=1063122230213,=652206864040.5079,=7.3497,=0.6707,=7.8596,=6.8279,=5.7611
2020-08-20,=9435.5672,=10135.7604,=1402936988693.6001,=1070759312673,=654188357723.3628,=7.4118,=0.6980,=7.8596,=6.8271,=5.7611
2020-08-19,=9535.2431,=10242.8330,=1420414451081.2998,=1085244608466,=659624959839.2341,=7.5160,=0.7336,=7.8596,=6.8264,=5.7611
2020-08-18,=9907.4499,=10642.6605,=1466515702622.3999,=1127239172382,=684121946585.8088,=7.7724,=0.7778,=7.8596,=6.8215,=5.7611
2020-08-17,=9955.8448,=10694.6467,=1476032537840.1001,=1133283061652,=687570665923.4470,=7.8228,=0.7934,=7.8729,=6.8165,=5.7466
2020-08-14,=9763.4877,=10488.0152,=1451724475803.8999,=1112089380831,=674247098473.4723,=7.8825,=0.8091,=7.8729,=6.8073,=5.7466
2020-08-13,=9643.2679,=10358.6700,=1433088132551.8999,=1099193199286,=665993093789.4999,=7.7805,=0.7875,=7.8596,=6.7980,=5.7466
2020-08-12,=9719.8219,=10440.9033,=1442084179021.8003,=1107914331695,=671369048876.8086,=8.0439,=0.8410,=7.8596,=6.7979,=5.7466
2020-08-11,=9694.9691,=10413.8771,=1437480921987,=1104529809615,=669869502811.1212,=8.0167,=0.8361,=7.8135,=6.7977,=5.7466
2020-08-10,=9938.2298,=10675.1763,=1471822770295.6001,=1130457086814,=684926819867.1385,=8.2179,=0.8776,=7.8135,=6.7911,=5.7406
2020-08-07,=9932.4096,=10668.9245,=1465237352190.8000,=1127098711800,=684728098423.1763,=8.1811,=0.8644,=7.8052,=6.7844,=5.7406
2020-08-06,=10263.0165,=11024.0468,=1519377354196,=1160884696065,=707843511393.2114,=8.4897,=0.9021,=7.7298,=6.7757,=5.7406
2020-08-05,=10278.7175,=11040.9120,=1529981613033.5000,=1164601505901,=709156659494.0322,=8.5490,=0.9188,=7.7082,=6.7670,=5.7406
2020-08-04,=10083.3756,=10831.0849,=1504243891489.3999,=1143789714092,=695861031568.0646,=8.4051,=0.9013,=7.7053,=6.7644,=5.7406
2020-08-03,=10379.1719,=11148.8153,=1546751701651.8999,=1177049764237,=716044405970.3483,=8.6427,=0.9267,=7.7053,=6.7617,=5.7401
2020-07-31,=9987.1370,=10727.7100,=1496412541048.7002,=1131455487780,=689562451806.3104,=8.3614,=0.9048,=7.6849,=6.7566,=5.7401
2020-07-30,=9742.7283,=10465.1777,=1462141120191.3000,=1103459905652,=673031153500.3633,=8.1699,=0.8826,=7.6784,=6.7516,=5.7401
2020-07-29,=9805.1233,=10532.1994,=1471244653016.3999,=1109587748976,=677309098223.9189,=8.2208,=0.8996,=7.6715,=6.7289,=5.7401
2020-07-28,=9326.9502,=10018.5685,=1398364336333.4998,=1055922872198,=644009094129.7725,=7.8135,=0.8333,=7.6456,=6.7062,=5.7401
2020-07-27,=9338.5920,=10031.0736,=1396878532644.8000,=1056896079039,=644714489132.6487,=7.8052,=0.8326,=7.6456,=6.7019,=5.7286
2020-07-24,=9296.6352,=9986.0056,=1379333622432.6001,=1051857394991,=641979135312.1218,=8.2801,=0.9027,=7.6352,=6.6976,=5.7286
2020-07-23,=9894.9089,=10628.4652,=1466635339837.2000,=1117711823528,=683153515446.9290,=8.8010,=0.9289,=7.6262,=6.6944,=5.7286
2020-07-22,=9935.5730,=10672.1439,=1478040415761.7998,=1122777396441,=686258103436.9430,=8.8695,=0.9420,=7.5671,=6.6911,=5.7286
2020-07-21,=9881.0218,=10613.5486,=1468884407672.5000,=1117427925221,=682649953661.6615,=8.8145,=0.9417,=7.5076,=6.6763,=5.7286
2020-07-20,=9877.0173,=10609.2472,=1467198015895.5000,=1115731029147,=681977227222.6810,=8.8044,=0.9414,=7.5076,=6.6615,=5.7249
2020-07-17,=9472.5716,=10174.8181,=1415709630783.8000,=1071526800376,=653904755296.8101,=8.4954,=0.9276,=7.5017,=6.6414,=5.7249
2020-07-16,=9582.4729,=10292.3661,=1421794513951.3000,=1085121647364,=661358600268.0936,=8.5292,=0.9364,=7.4838,=6.6212,=5.7249
2020-07-15,=10507.4116,=11285.7082,=1559168309800.1001,=1190258862728,=725102324083.9983,=9.3522,=0.9726,=7.4505,=6.6199,=5.7249
2020-07-14,=11170.1264,=11997.5110,=1662697461616.2998,=1263953769162,=771406985332.2960,=9.9748,=0.9954,=7.4407,=6.6186,=5.7249
2020-07-13,=11317.6872,=12156.0018,=1681164975633.3000,=1281973572563,=781400695547.6782,=10.0856,=1,=7.4407,=6.6141,=5.7223
2020-07-10,=10882.3018,=11688.3669,=1626632868759.3999,=1235794300590,=751856026632.3296,=9.7584,=0.9954,=7.4252,=6.6097,=5.7223
2020-07-09,=10765.9990,=11563.4494,=1609162217506.2002,=1225388950135,=744420634123.1609,=9.6536,=0.9953,=7.4192,=6.6082,=5.7223
2020-07-08,=10338.1511,=11103.9103,=1545886716679.8999,=1179187265321,=714259073373.1202,=9.2740,=0.9907,=7.4178,=6.6068,=5.7223
2020-07-07,=10078.0508,=10823.5928,=1512135159657.8999,=1151165228481,=696627044710.5374,=9.0620,=0.9906,=7.3969,=6.6039,=5.7223
2020-07-06,=9872.8301,=10603.1906,=1483439396908.1001,=1126604968993,=682424430606.9683,=8.8900,=0.9811,=7.3969,=6.6011,=5.6949
2020-07-03,=9127.6300,=9802.8630,=1369349874245,=1041672756119,=630613591632.9738,=8.2063,=0.9621,=7.3914,=6.5997,=5.6949
2020-07-02,=9071.0546,=9742.1023,=1365443958176.6001,=1032709360206,=627025175797.4688,=8.1829,=0.9571,=7.3844,=6.5982,=5.6949
2020-07-01,=8855.4409,=9510.5382,=1339358843568,=1013049144460,=612452172182.1029,=8.0266,=0.9426,=7.3840,=6.5968,=5.6949
2020-06-30,=8733.8305,=9379.9315,=1318654108017.7000,=999943501021,=603822158715.9719,=7.9025,=0.9279,=7.3834,=6.5955,=5.6949
2020-06-29,=8524.0106,=9153.3603,=1287163002115,=975211903542,=589496693199.8065,=7.7053,=0.8986,=7.3834,=6.5800,=5.6708
2020-06-24,=8695.4642,=9337.4728,=1315165433826.3999,=994145390694,=601598547469.2839,=7.8729,=0.9175,=7.3682,=6.5646,=5.6708
2020-06-23,=8557.3634,=9188.6788,=1291571481922.2998,=975458134101,=591992009963.8413,=7.7298,=0.9122,=7.3490,=6.5560,=5.6708
2020-06-22,=8537.8648,=9164.4938,=1276098973268,=973724341698,=590525169843.9447,=7.9524,=0.9363,=7.3454,=6.5473,=5.6708
2020-06-19,=8181.4222,=8781.8904,=1224503822349.3000,=932628247041,=565845925383.1860,=7.6352,=0.8916,=7.3326,=6.5428,=5.6708
2020-06-18,=8036.5276,=8626.3614,=1193301630857.1001,=911320739852,=555464341300.4740,=7.4407,=0.8614,=7.3326,=6.5382,=5.6619
2020-06-17,=7862.9524,=8440.0468,=1166942924635.8999,=872301112570,=543480553871.3758,=7.2763,=0.7811,=7.3199,=6.5329,=5.6619
2020-06-16,=7946.3011,=8529.5128,=1178606744402.7000,=881584619567,=549321308070.0845,=7.3490,=0.8150,=7.3199,=6.5276,=5.6619
2020-06-15,=7837.4936,=8412.7194,=1165384768285.5000,=868881209357,=541709848435.0138,=7.2666,=0.7789,=7.3110,=6.5192,=5.6619
2020-06-12,=8003.5495,=8590.9628,=1095605886444.8000,=829946731927,=505356231044.6328,=7.0595,=0.6869,=7.3110,=6.5108,=5.6619
2020-06-11,=8121.1347,=8717.1781,=1112392086141.2998,=843343803201,=512553641149.7192,=7.1677,=0.7208,=7.3199,=6.5013,=5.6452
2020-06-10,=8199.2060,=8800.9794,=1124668809805.2998,=852664461488,=517627742514.5088,=7.2468,=0.7602,=7.3199,=6.4919,=5.6452
2020-06-09,=8265.2575,=8870.8215,=1130485388391.2000,=860919129796,=521425326545.7191,=7.2783,=0.7846,=7.3199,=6.4888,=5.6452
2020-06-08,=8170.1600,=8768.7566,=1113974845778.1001,=851561221969,=515423531319.1186,=7.1720,=0.7371,=7.3199,=6.4857,=5.6452
2020-06-05,=8282.4452,=8889.2685,=1128792522833.6001,=845643557879,=522526511639.0750,=7.2674,=0.7824,=7.3199,=6.4824,=5.6452
2020-06-04,=8112.6096,=8706.9897,=1104982962626,=828753732548,=511266459355.5825,=7.1141,=0.7240,=7.3326,=6.4791,=5.6293
2020-06-03,=8177.2405,=8776.3559,=1113153603352.7000,=834804513529,=515199171473.2609,=7.1667,=0.7330,=7.3326,=6.4762,=5.6293
2020-06-02,=8161.6813,=8757.4134,=1106934371243,=832599905491,=513960996289.6652,=7.3110,=0.7895,=7.3326,=6.4734,=5.6293
2020-06-01,=8105.4250,=8691.9337,=1102736851908.3999,=826433748668,=510465462000.4531,=7.2580,=0.7831,=7.3326,=6.4668,=5.6293
2020-05-29,=7693.8683,=8250.5968,=1049095635536.6000,=784455986256,=484380175682.2319,=6.9050,=0.6649,=7.3326,=6.4603,=5.6293
2020-05-28,=7722.7024,=8281.2848,=1051073064191.5000,=786579478874,=486245645729.4713,=6.9164,=0.6684,=7.3454,=6.4443,=5.6181
2020-05-27,=7774.1307,=8336.4329,=1058262493066.4998,=791024312302,=488827480094.9669,=6.9637,=0.6989,=7.3454,=6.4284,=5.6181
2020-05-26,=8000.3374,=8579.0011,=1090181335578.5000,=812909994137,=503162617725.8309,=7.1737,=0.7459,=7.3454,=6.4281,=5.6181
2020-05-25,=7790.4610,=8353.9443,=1057636891861,=791303516556,=490069938904.7686,=6.9595,=0.6957,=7.3454,=6.4278,=5.6181
2020-05-22,=7922.9932,=8496.0626,=1077707392285.8000,=804615917693,=498559096579.0554,=7.0916,=0.7322,=7.3454,=6.4180,=5.6181
2020-05-21,=8109.7977,=8696.3787,=1100928210307.5000,=825304789431,=510544904881.4779,=7.2444,=0.7582,=7.3682,=6.4081,=5.6150
2020-05-20,=8414.7037,=9022.5126,=1141620709720.3999,=857464975074,=529647242296.9515,=7.5076,=0.8674,=7.3682,=6.4076,=5.6150
2020-05-19,=8578.9775,=9198.6522,=1167596653604.8999,=870958901120,=539771252721.6822,=7.6784,=0.8944,=7.3454,=6.4070,=5.6150
2020-05-18,=8147.2546,=8735.7452,=1113086310478,=827423082649,=513093416845.4154,=7.3199,=0.7933,=7.3326,=6.4069,=5.6150
2020-05-15,=8526.2489,=9142.1149,=1172077479159.3999,=865271121770,=537626566927.9582,=7.7082,=0.9045,=7.3326,=6.4067,=5.6150
2020-05-14,=8205.1375,=8797.8091,=1128131484660.8999,=834408179789,=517043792200.9205,=7.4192,=0.8531,=7.3326,=6.4026,=5.5723
2020-05-13,=8227.3533,=8821.6296,=1132886378716.3000,=837875301112,=518450032032.2918,=7.4505,=0.8636,=7.2945,=6.3985,=5.5723
2020-05-12,=8197.2967,=8788.3636,=1128652611949,=834820746088,=516862517941.8686,=7.4178,=0.8571,=7.2507,=6.3956,=5.5723
2020-05-11,=8068.2265,=8649.9868,=1117630991312.6001,=825153521957,=509416526446.7410,=7.3454,=0.8218,=7.2502,=6.3926,=5.5723
2020-05-08,=8110.0135,=8694.7868,=1123566064927.2000,=828295188691,=511920461701.5387,=7.3844,=0.8439,=7.2456,=6.3925,=5.5723
2020-05-07,=8071.5675,=8653.5687,=1115692894240,=822484425800,=509240158011.2431,=7.3326,=0.8256,=7.2456,=6.3925,=5.5652
2020-05-06,=8125.9625,=8710.6834,=1125531068445.1001,=830494354822,=512690986527.7600,=7.3914,=0.8480,=7.2381,=6.3908,=5.5652
2020-04-30,=7656.9389,=8207.9102,=1059695954618.1000,=784646889445,=482740924090.1299,=6.9590,=0.7471,=7.2313,=6.3892,=5.5652
2020-04-29,=7125.2155,=7637.9255,=984504672364.8000,=731613362876,=448917827410.0499,=6.5108,=0.5858,=7.2313,=6.3696,=5.5652
2020-04-28,=7203.0150,=7721.3233,=995912954391.1000,=744503408516,=440418805413.0900,=6.6615,=0.6548,=7.2313,=6.3500,=5.5652
2020-04-27,=6907.5708,=7404.6197,=954220631451.6000,=713764420190,=422214273140.2500,=6.3926,=0.5210,=7.2381,=6.3455,=5.5605
2020-04-24,=6968.5088,=7469.9426,=961847809470.9000,=721535518445,=425207129464.2801,=6.4603,=0.5602,=7.2381,=6.3409,=5.5605
2020-04-23,=7134.4377,=7647.8113,=983919992441.3000,=740362004696,=432085005320.2328,=6.6976,=0.6606,=7.2381,=6.3386,=5.5605
2020-04-22,=7286.8559,=7811.1971,=1002583826134.1000,=753488105610,=440955524982.2504,=6.8279,=0.7195,=7.2381,=6.3362,=5.5605
2020-04-21,=7237.0115,=7757.7660,=997134822536.9000,=748230226827,=427981549886.7197,=6.8264,=0.7178,=7.2381,=6.3184,=5.5605
2020-04-20,=7431.3808,=7966.1215,=1024837823260.5000,=768508661018,=439587437816.8640,=7.0160,=0.7531,=7.2456,=6.3005,=5.5415
2020-04-17,=7388.3126,=7919.9542,=1019429562601.1000,=765922239523,=437158131861.1650,=6.9835,=0.7516,=7.2456,=6.2937,=5.5415
2020-04-16,=7201.7631,=7719.9811,=992355657836.2000,=745096041025,=426018362862.2115,=6.7980,=0.7188,=7.2456,=6.2868,=5.5415
2020-04-15,=7105.8276,=7617.1423,=978951089658.5000,=736902499895,=420390249862.2832,=6.7062,=0.6855,=7.2456,=6.2821,=5.5415
2020-04-14,=7022.6519,=7527.9815,=964859094375.1000,=729042004817,=415309265490.6042,=6.6097,=0.6646,=7.2456,=6.2774,=5.5415
2020-04-13,=6752.3872,=7238.2694,=926952141538.7000,=701684216176,=399301355460.2099,=6.3500,=0.5350,=7.2502,=6.2693,=5.5359
2020-04-10,=6981.3261,=7483.6821,=963189885177.7000,=726323606697,=412919715819.2270,=6.5982,=0.6474,=7.2502,=6.2613,=5.5359
2020-04-09,=7342.3029,=7870.6338,=1012510801128.1000,=764099927062,=434366386699.3446,=6.9497,=0.7355,=7.2502,=6.2599,=5.5359
2020-04-08,=7451.2105,=7987.3781,=1029349802459.9000,=775405148775,=440778776611.1766,=7.0653,=0.7532,=7.2502,=6.2586,=5.5359
2020-04-07,=7409.8887,=7943.0830,=1024172300064.2000,=772295718412,=438222293517.5744,=7.0298,=0.7516,=7.2502,=6.2515,=5.5359
2020-04-03,=7224.9904,=7744.8799,=1000846108019.2000,=753483016831,=427282892207.9397,=6.8697,=0.7368,=7.2507,=6.2445,=5.4769
2020-04-02,=7312.7044,=7838.9056,=1014481865336.5000,=762847619977,=432425556805.2699,=6.9633,=0.7483,=7.2507,=6.2295,=5.4769
2020-04-01,=6794.3324,=7283.2331,=942802814584.3000,=707710905717,=401374131313.3418,=6.4734,=0.6133,=7.2507,=6.2144,=5.4769
2020-03-31,=6697.8805,=7179.8407,=933029464193.2000,=697661858126,=395713391847.1717,=6.4067,=0.5839,=7.2507,=6.2120,=5.4769
2020-03-30,=6771.3948,=7258.6449,=943107102995,=705002528167,=398993076401.5746,=6.4857,=0.6216,=7.2507,=6.2097,=5.4769
2020-03-27,=6950.6067,=7450.7524,=961078151326.8000,=725870672911,=409257670210.7392,=6.6186,=0.6803,=7.2945,=6.2087,=5.4566
2020-03-26,=7044.9268,=7551.8595,=969802010899.5000,=734711551204,=409422576289.5430,=6.6911,=0.6918,=7.2945,=6.2078,=5.4566
2020-03-25,=7283.1065,=7807.1780,=1005779032128.7000,=760320105855,=423084023916.9100,=6.9393,=0.7379,=7.2945,=6.2046,=5.4566
2020-03-24,=7136.9051,=7650.4564,=980803216710,=744538846719,=414607039349.9177,=6.7670,=0.7153,=7.2945,=6.2014,=5.4566
2020-03-23,=7130.7191,=7643.8253,=979467453266.5000,=744778812512,=414186906572.6248,=6.7617,=0.7133,=7.2945,=6.1899,=5.4566
2020-03-20,=7737.7741,=8294.5622,=1056647558916.3000,=807835871779,=449595856202.2105,=7.2945,=0.7958,=7.3682,=6.1783,=5.4496
2020-03-19,=7840.9185,=8405.1285,=1069616946151.8000,=817120395210,=455421877074.5907,=7.3840,=0.8156,=7.3682,=6.1748,=5.4496
2020-03-18,=7581.0016,=8126.5087,=1033652133174.8000,=789006789005,=440412524662.1381,=7.1358,=0.7571,=7.2507,=6.1713,=5.4496
2020-03-17,=7687.7331,=8240.9203,=1047491181480.3000,=800232922285,=446605120120.9580,=7.2313,=0.7698,=7.2507,=6.1656,=5.4496
2020-03-16,=7526.5879,=8068.1796,=1026389339402.1000,=780592074132,=437241109029.6743,=7.0856,=0.7609,=7.2507,=6.1599,=5.4496
2020-03-13,=8034.0836,=8612.1933,=1096129626524.7000,=833063874426,=466743321538.3017,=7.5671,=0.8467,=7.3682,=6.1500,=5.4431
2020-03-12,=7803.3259,=8364.8310,=1071484308029.5000,=810189459888,=453289220127.8075,=7.3969,=0.8235,=7.2507,=6.1401,=5.4431
2020-03-11,=7767.1473,=8326.0491,=1067320886185.2000,=809042623396,=451162457183.6244,=7.3682,=0.8148,=7.2502,=6.1393,=5.4431
2020-03-10,=8112.2350,=8695.9683,=1113191619551.1001,=845380650341,=471210741355.0870,=7.6849,=0.8731,=7.2456,=6.1385,=5.4431
2020-03-09,=7546.3710,=8089.3863,=1038458676140.5000,=786081928659,=438346606344.4892,=7.1689,=0.7895,=7.2381,=6.1308,=5.4431
2020-03-06,=8254.8278,=8848.8216,=1138506271556.2998,=861048603310,=479525542659.2321,=7.8596,=0.8788,=7.2456,=6.1231,=5.4308
2020-03-05,=8369.8426,=8972.1126,=1152883979681.7998,=871842159202,=486325733035.6124,=7.9589,=0.9084,=7.2381,=6.0931,=5.4308
2020-03-04,=8287.3606,=8883.6954,=1140804969599.3999,=863128559876,=481578690215.7067,=7.8755,=0.8923,=6.8165,=6.0630,=5.4308
2020-03-03,=8624.3953,=9244.9822,=1186282065794.6001,=898691103835,=501143474381.2033,=8.1894,=0.9380,=6.7977,=6.0512,=5.4308
2020-03-02,=8575.5224,=9192.5926,=1177696731565.1001,=892370597729,=498317163962.4830,=8.1302,=0.9375,=6.7844,=6.0393,=5.4308
2020-02-28,=8530.7854,=9144.6364,=1173975024229.8000,=888069410906,=495637967412.0915,=8.1045,=0.9370,=6.7844,=6.0158,=5.4291
2020-02-27,=9051.5656,=9702.8904,=1244956421849.7998,=940974017322,=525981540432.5441,=8.5945,=0.9603,=6.7516,=5.9922,=5.4291
2020-02-26,=9460.0387,=10140.7560,=1302868660092.8000,=983252345101,=549780835373.7487,=8.9943,=0.9760,=6.6212,=5.9859,=5.4291
2020-02-25,=10378.4167,=11125.2179,=1427202742212.3003,=1080162135396,=603225131207.2939,=9.8526,=1,=6.6068,=5.9797,=5.4291
2020-02-24,=10042.2271,=10764.8371,=1387910666465.2000,=1045230675406,=583532259136.6410,=9.5814,=1,=6.6011,=5.9762,=5.4291
2020-02-21,=9505.5131,=10189.5027,=1308706177628.5000,=991918626304,=552417527418.1603,=9.0346,=1,=6.6011,=5.9726,=5.4233
2020-02-20,=9289.5458,=9957.9950,=1286680523185.8000,=969703510529,=539968466343.0096,=8.8825,=1,=6.5955,=5.9696,=5.4233
2020-02-19,=8920.8708,=9562.7912,=1234516715380.5000,=931883183691,=518319928092.9134,=8.5224,=1,=6.5646,=5.9666,=5.4233
2020-02-18,=8783.2885,=9415.3088,=1218933572419.6001,=915966261226,=510608725134.8604,=8.4148,=1,=6.5473,=5.9604,=5.4233
2020-02-17,=8395.1778,=8999.2708,=1169709645793.8999,=872085361341,=487905609859.6993,=8.0750,=1,=6.5382,=5.9541,=5.4233
2020-02-14,=8184.7117,=8773.6602,=1141827452597.5000,=848909863293,=475758439984.3495,=7.8825,=0.9915,=6.5382,=5.9507,=5.4036
2020-02-13,=8153.1604,=8739.8386,=1145182344169.8000,=847602869874,=473615243269.0859,=7.9057,=1,=6.5276,=5.9473,=5.4036
2020-02-12,=7937.4522,=8508.6086,=1111256856976.3999,=826358860048,=461118711150.9664,=7.6715,=1,=6.4919,=5.9451,=5.4036
2020-02-11,=7698.8552,=8252.8428,=1084060819894,=802349122015,=447334982659.9223,=7.4838,=0.9737,=6.4791,=5.9429,=5.4036
2020-02-10,=7617.4652,=8165.5962,=1069516619770,=793570215681,=442620850910.8516,=7.3834,=0.9646,=6.4284,=5.9388,=5.4036
2020-02-07,=7828.5899,=8391.9128,=1107508863102.5000,=818294908525,=454728500525.8245,=7.6456,=1,=6.4284,=5.9346,=5.3791
2020-02-06,=7544.4013,=8087.2748,=1075573828254,=789901367289,=437935693770.7014,=7.4252,=0.9820,=6.4278,=5.9318,=5.3791
2020-02-05,=7361.8106,=7891.5454,=1050303084364.1000,=772045166969,=427440982592.9475,=7.2507,=0.9818,=6.4081,=5.9289,=5.3791
2020-02-04,=7365.7646,=7895.7839,=1048476047840.3000,=773174857931,=427789545626.9198,=7.2381,=0.9633,=6.4070,=5.9204,=5.3791
2020-02-03,=6920.0014,=7417.9449,=978001124030.6000,=722698717261,=402004894821.9162,=6.7516,=0.9352,=6.3985,=5.9119,=5.3791
2020-01-23,=7688.8296,=8242.0958,=1086662577198.1000,=798715347236,=446669068547.8558,=7.5017,=0.9907,=6.3985,=5.8927,=5.3625
2020-01-22,=7841.5006,=8405.7526,=1104691734622.8999,=809950483452,=455870136831.0633,=7.6262,=1,=6.3925,=5.8734,=5.3625
2020-01-21,=7423.3879,=7957.5537,=1050235519524.5000,=762756736576,=431514536675.1452,=7.2502,=1,=6.3892,=5.8730,=5.3625
2020-01-20,=7425.3400,=7959.6463,=1049556328976.3000,=762185270855,=431702140596.2512,=7.2456,=1,=6.3409,=5.8725,=5.3625
2020-01-17,=7007.2459,=7511.4674,=987412311147.1000,=716483838138,=407492888600.0160,=6.8165,=1,=6.3362,=5.8315,=5.3625
2020-01-16,=6999.6352,=7503.3090,=984687647874.3000,=714633569133,=407052650400.0048,=6.7977,=1,=6.3362,=5.7904,=5.3623
2020-01-15,=6986.7871,=7489.5363,=982761804170.9000,=711082733080,=406411679138.0021,=6.7844,=1,=6.3005,=5.7891,=5.3623
2020-01-14,=6746.0717,=7231.4997,=948415722902.7000,=688592102103,=392382733308.2702,=6.5473,=0.9500,=6.2868,=5.7878,=5.3623
2020-01-13,=6817.8489,=7308.4417,=957027278607.2000,=693246710550,=396595835657.4739,=6.6068,=0.9899,=6.2774,=5.7744,=5.3623
2020-01-10,=6446.6582,=6910.5412,=900186464832,=653726437795,=375238502487.3115,=6.2144,=0.7653,=6.2613,=5.7611,=5.3623
2020-01-09,=6193.3709,=6639.0281,=860863932733.5000,=625466670238,=360416526915.2805,=5.9429,=0.5876,=6.2774,=5.7538,=5.3396
2020-01-08,=6005.8131,=6437.9742,=832426787470.7000,=607231677692,=349481316866.2008,=5.7466,=0.5000,=6.2774,=5.7466,=5.3396
2020-01-07,=6162.0405,=6605.4432,=850794587675.3000,=623687525345,=358561544285.5196,=5.8734,=0.5474,=6.2774,=5.7508,=5.3396
2020-01-06,=6221.1639,=6668.8210,=858838462685,=628349808373,=362126594493.0101,=5.9289,=0.5638,=6.2774,=5.7406,=5.3396
2020-01-03,=6171.3807,=6615.4556,=856376076263.3000,=624129750715,=359254956993.0518,=5.9119,=0.5591,=6.2774,=5.7404,=5.3396
2020-01-02,=6205.3545,=6651.8741,=864298409820.4001,=626469205800,=361173711035.8219,=5.9666,=0.5978,=6.2868,=5.7401,=5.3394
2019-12-31,=5950.0760,=6378.2265,=828898051421.5999,=599879454150,=346379699064.1894,=5.7223,=0.4725,=6.2868,=5.7344,=5.3394
2019-12-30,=5958.0113,=6386.7328,=829811179186.6000,=600451600286,=346895192681.7957,=5.7286,=0.4889,=6.2868,=5.7401,=5.3394
2019-12-27,=5934.0472,=6361.0443,=829288109587,=597006283515,=345505511253.6826,=5.7249,=0.4831,=6.2868,=5.7404,=5.3394
2019-12-26,=6165.9939,=6609.6812,=862487410798.9000,=619943698178,=359010067320.0381,=5.9541,=0.5795,=6.2868,=5.7406,=5.3394
2019-12-25,=6229.0196,=6677.2421,=874827739978,=625171806153,=362775079621.8371,=6.0393,=0.6207,=6.3005,=5.7404,=5.3351
2019-12-24,=5924.4478,=6350.7541,=831489979957.2999,=594830939946,=345264534508.9478,=5.7401,=0.5000,=6.3005,=5.7401,=5.3351
2019-12-23,=5716.9240,=6128.2975,=805463220453.7000,=574674647730,=333011807326.7340,=5.5605,=0.3882,=6.3005,=5.7178,=5.3351
2019-12-20,=5908.0129,=6333.1366,=831554588890.7000,=595195892047,=343969260391.6085,=5.7406,=0.5000,=6.3005,=5.7406,=5.3351
2019-12-19,=5975.0599,=6405.0081,=838767995280.6000,=603007640816,=347985047741.7482,=5.7904,=0.5301,=6.3005,=5.7280,=5.3351
2019-12-18,=6124.3071,=6564.9947,=859654579810.3999,=619013783493,=356682347335.1114,=5.9346,=0.5488,=6.3362,=5.6949,=5.3345
2019-12-17,=6171.7385,=6615.8391,=859773672796.9000,=624486511793,=359498865528.2855,=6.2078,=0.7037,=6.3362,=5.6829,=5.3345
2019-12-16,=6162.2860,=6605.7064,=855692729373.4999,=623106422277,=358985015695.2224,=6.1783,=0.6875,=6.3362,=5.6708,=5.3345
2019-12-13,=6030.7688,=6464.7257,=796905172722.9000,=565795735824,=335841280797.1226,=6.6011,=0.9873,=6.3362,=5.6664,=5.3345
2019-12-12,=6029.1607,=6463.0019,=799337938525.5999,=565636681451,=335820390917.7741,=6.6212,=1,=6.3005,=5.6619,=5.3345
2019-12-11,=5932.0061,=6358.8563,=789314482124,=557019132255,=330636897127.2286,=6.5382,=0.9740,=6.3005,=5.6535,=5.3212
2019-12-10,=5987.9283,=6418.8026,=792500592976.3000,=560572329156,=333578393133.3904,=6.5646,=0.9868,=6.2868,=5.6452,=5.3212
2019-12-09,=5843.8098,=6264.3138,=771722640397.5999,=548630086381,=325823837907.2794,=6.3925,=0.8800,=6.2774,=5.6372,=5.3212
2019-12-06,=5795.1285,=6212.1296,=764242483120.3000,=540805756381,=322704644966.6376,=6.3409,=0.8649,=6.2613,=5.6293,=5.3212
2019-12-05,=5664.1572,=6071.7339,=744144980788.2999,=529983750571,=315662183465.0430,=6.2774,=0.8219,=6.2586,=5.6237,=5.3212
2019-12-04,=5616.6540,=6020.8125,=741915953043.7000,=526016295397,=313095734404.3816,=6.2586,=0.8056,=6.2586,=5.6181,=5.3120
2019-12-03,=5593.4756,=5995.9663,=742238794949.2001,=523605159112,=311823147889.8501,=6.2613,=0.8169,=6.2445,=5.6165,=5.3120
2019-12-02,=5438.1296,=5829.4420,=716190819294.3000,=510091247289,=303005272877.9887,=6.5955,=1,=6.2097,=5.6150,=5.3120
2019-11-29,=5295.4605,=5676.5068,=693792270398.3999,=498663702895,=295297037302.5601,=6.3892,=0.8841,=6.2014,=5.5936,=5.3120
2019-11-28,=5295.8010,=5676.8718,=695729068818.7999,=498998706644,=295403445044.2304,=6.4070,=0.9118,=6.1713,=5.5723,=5.3120
2019-11-27,=5293.9532,=5674.8910,=695845923607.1000,=497670124065,=295242763474.3582,=6.4081,=0.9254,=6.1713,=5.5687,=5.3068
2019-11-26,=5081.4492,=5447.0958,=664896038246.7000,=478731255793,=283577078321.5882,=6.1231,=0.7576,=6.1599,=5.5652,=5.3068
2019-11-25,=4998.6891,=5358.3805,=650680778249.8000,=470570731447,=278795798405.6522,=5.9922,=0.7385,=6.1599,=5.5533,=5.3068
2019-11-22,=5228.3639,=5604.5821,=684165086904.7001,=494795650157,=291954579512.5183,=6.3005,=0.8906,=6.1599,=5.5415,=5.3068
2019-11-21,=5340.4478,=5724.7313,=698044166384.1000,=504812094876,=298391193911.5952,=6.4284,=0.9524,=6.1401,=5.5387,=5.3068
2019-11-20,=5331.7812,=5715.4411,=694806512565.2001,=503712076349,=297851583096.2465,=6.3985,=0.9355,=6.1401,=5.5359,=5.3005
2019-11-19,=5432.0431,=5822.9175,=708816943987.2000,=512890724003,=303441189692.5770,=6.5276,=1,=6.1385,=5.5064,=5.3005
2019-11-18,=5346.8196,=5731.5616,=697984683164,=505791893145,=298686941205.1298,=6.4278,=0.9667,=6.0630,=5.4769,=5.3005
2019-11-15,=5374.2343,=5760.9490,=704940714916.1001,=505150270370,=300125562896.0475,=6.4919,=1,=5.9797,=5.4667,=5.3005
2019-11-14,=5407.4740,=5796.5805,=703555546886.9000,=505650161959,=301496652584.4121,=6.4791,=1,=5.9726,=5.4566,=5.3005
2019-11-13,=5278.0130,=5657.8038,=688036121762.3999,=494662139685,=294405561604.0979,=6.3362,=1,=5.9726,=5.4531,=5.2934
2019-11-12,=5086.2913,=5452.2863,=658372728657.2000,=476859799069,=283544459396.8060,=6.0630,=0.8571,=5.9473,=5.4496,=5.2934
2019-11-11,=5145.0805,=5515.3058,=666745864336.7001,=484029119852,=286990314252.3001,=6.1401,=0.8909,=5.8725,=5.4463,=5.2934
2019-11-08,=5255.6574,=5633.8395,=678083752659.8999,=492315833074,=293020211287.7366,=6.2445,=0.9815,=5.7878,=5.4431,=5.2934
2019-11-07,=5240.3021,=5617.3793,=674301728413.9999,=489518845190,=291963767142.7916,=6.2097,=0.9811,=5.7611,=5.4369,=5.2934
2019-11-06,=5211.8142,=5586.8415,=673401354561.4000,=486103086048,=290368350049.8584,=6.2014,=0.9808,=5.7611,=5.4308,=5.2846
2019-11-05,=5318.9520,=5701.6886,=682677296589.1001,=494845462795,=296069218474.7943,=6.2868,=1,=5.6949,=5.4299,=5.2846
2019-11-04,=5214.7931,=5590.0347,=666571852173,=485019776206,=290261795382.5798,=6.1385,=0.9600,=5.6708,=5.4291,=5.2846
2019-11-01,=5099.2638,=5466.1922,=648558015233.5999,=473043739399,=283588280209.5761,=5.9726,=0.9388,=5.6619,=5.4262,=5.2846
2019-10-31,=5083.7332,=5449.4417,=649382534427,=471153541890,=282760369726.1700,=5.9797,=0.9583,=5.6452,=5.4233,=5.2846
2019-10-30,=5111.8471,=5479.5780,=651742876331,=474855900066,=279883890912.9200,=5.6181,=0.7660,=5.6452,=5.4135,=5.2696
2019-10-29,=4989.0748,=5347.9738,=605144464450.5000,=464582959899,=266440390528.0300,=5.2696,=0.1957,=5.6452,=5.4036,=5.2696
2019-10-28,=5104.7640,=5471.9853,=619765746300.5000,=476165833082,=270023028860.5532,=5.4291,=0.5333,=5.6452,=5.4135,=5.2846
2019-10-25,=4942.6538,=5298.2134,=604220917789.8000,=463463835093,=261612036421.7746,=5.3068,=0.2727,=5.6452,=5.4036,=5.2846
2019-10-24,=4882.1168,=5233.3216,=597621867036.8999,=458909510677,=256389299328.4364,=5.2934,=0.2326,=5.6452,=5.4135,=5.2846
2019-10-23,=4922.0139,=5276.0887,=601388328673.9001,=463126416278,=258451698572.8623,=5.3351,=0.3333,=5.6619,=5.4233,=5.2375
2019-10-22,=4941.6995,=5297.1904,=601721549952.8000,=463427289464,=259267700128.9116,=5.3396,=0.3659,=5.6619,=5.4270,=5.2375
2019-10-21,=4829.2939,=5176.6986,=586215350363.2000,=452505444495,=253381633703.8915,=5.2064,=0.0750,=5.6619,=5.4308,=5.2375
2019-10-18,=4826.1025,=5173.2777,=586744949897.6000,=452410661985,=253405099032.5760,=5.2111,=0.1026,=5.6619,=5.4369,=5.2846
2019-10-17,=4961.0363,=5317.9182,=603795245878.6000,=465801703336,=260400432081.8711,=5.3625,=0.3684,=5.6619,=5.4431,=5.3005
2019-10-16,=4981.1537,=5339.4828,=603764381631,=423809128627,=261348893381.1716,=5.3623,=0.3514,=5.6708,=5.4463,=5.2846
2019-10-15,=5025.9655,=5387.5183,=608421881425.3999,=427472467790,=263470463168.5427,=5.4036,=0.3889,=5.6708,=5.4496,=5.2846
2019-10-14,=5231.2481,=5607.5683,=632217997844.8999,=444375472836,=274144566017.7464,=5.6150,=0.6857,=5.6708,=5.4531,=5.2846
2019-10-11,=5076.2582,=5441.4289,=614384803006.2999,=432456135206,=266213717122.8673,=5.4566,=0.5294,=5.6708,=5.4496,=5.2846
2019-10-10,=5160.4281,=5531.6537,=623310418580.7001,=439320419586,=270361392538.0675,=5.5359,=0.5758,=5.6708,=5.4463,=5.2846
2019-10-09,=5078.6102,=5443.9501,=612863229308.3000,=431715517395,=266029593355.4655,=5.4431,=0.5000,=5.6949,=5.4431,=5.2375
2019-10-08,=4968.8403,=5326.2837,=599145585464.5000,=422270921280,=260413433973.3108,=5.3212,=0.3226,=5.6949,=5.4402,=5.2375
2019-09-30,=5038.0820,=5400.5064,=610635810722.6000,=429000069090,=264237628008.5614,=5.4233,=0.4333,=5.6949,=5.4496,=5.2375
2019-09-27,=5223.0660,=5598.7976,=638508727156.9999,=445835559678,=274142352693.6469,=5.6708,=0.7586,=5.6949,=5.4632,=5.2375
2019-09-26,=5134.7045,=5504.0797,=623941530148.9000,=438175108670,=269374170473.5294,=5.5415,=0.5714,=5.6949,=5.4496,=5.2375
2019-09-25,=5436.8535,=5827.9644,=658339044384.5999,=464173459295,=284792730655.9904,=5.8725,=0.8889,=5.7611,=5.4402,=5.2276
2019-09-24,=5706.5849,=6117.0994,=690557201276.5999,=486450187751,=298852951176.5564,=6.1599,=0.9615,=5.6949,=5.4308,=5.2276
2019-09-23,=5713.9023,=6124.9431,=691839614098.5000,=486700720686,=299066164039.8419,=6.1713,=1,=5.6619,=5.4050,=5.2276
2019-09-20,=5527.0587,=5924.6585,=666717530647.8000,=469058893520,=289575408829.6190,=5.9473,=1,=5.6452,=5.3791,=5.2276
2019-09-19,=5370.6352,=5756.7625,=645994363077.3000,=455420240845,=281487602761.0024,=5.7611,=0.9565,=5.6293,=5.3593,=5.2276
2019-09-18,=5203.4617,=5577.5699,=624824593217.8000,=440668372403,=272810842946.3879,=5.5723,=0.7727,=5.6293,=5.3394,=5.2201
2019-09-17,=5185.5745,=5558.3967,=624033559577.6001,=439577102091,=271955707468.5897,=5.5652,=0.7619,=5.6293,=5.3370,=5.2201
2019-09-16,=5356.1731,=5741.2607,=638580379778.5000,=453590446901,=280824652519.2699,=5.6949,=0.9500,=5.6293,=5.3345,=5.2201
2019-09-12,=5284.7330,=5664.6844,=631218883326.8000,=446474608710,=277083078015.3408,=5.6293,=0.8421,=5.4769,=5.3233,=5.2201
2019-09-11,=5268.4127,=5647.1907,=633000162950.2001,=444395535059,=276251231656.6986,=5.6452,=0.8889,=5.4496,=5.3120,=5.2201
2019-09-10,=5283.9259,=5663.8192,=634873232788.4000,=446372880658,=277237430279.4694,=5.6619,=0.9412,=5.4496,=5.3063,=5.2095
2019-09-09,=5408.4266,=5797.2710,=648990089656.9000,=457882950060,=284005303728.6756,=5.7878,=1,=5.4308,=5.3005,=5.2095
2019-09-06,=5110.7973,=5478.2433,=611069265032.7000,=432182907069,=268408324786.1381,=5.4496,=0.9333,=5.3791,=5.2926,=5.2095
2019-09-05,=5134.9253,=5504.1060,=614128068849,=435342231832,=269748730269.2323,=5.4769,=1,=5.3394,=5.2846,=5.2095
2019-09-04,=5100.6577,=5467.3747,=608961607561.8000,=431572420079,=268094633105.6771,=5.4308,=1,=5.3345,=5.2611,=5.2095
2019-09-03,=4958.8374,=5315.3581,=598166973799.2001,=419377365471,=260786500019.2551,=5.3345,=0.8333,=5.3345,=5.2375,=5.1080
2019-09-02,=4832.5236,=5179.9629,=585333689335.6000,=408448357524,=254506004049.5873,=5.2201,=0.3636,=5.3120,=5.2326,=5.1080
2019-08-30,=4646.5057,=4980.5710,=559583746542.2000,=392690356297,=244734250253.0296,=4.9976,=0.1000,=5.3120,=5.2375,=5.1080
2019-08-29,=4687.9570,=5025.0025,=569607085834.9000,=397010976934,=241232583635.8252,=5.1080,=0.1111,=5.3120,=5.2611,=5.2095
2019-08-28,=4584.1708,=4913.7545,=518527443458.6000,=387819469825,=235394695639.7417,=5.3120,=0.7500,=5.3120,=5.2846,=5.2276
2019-08-27,=4614.5769,=4946.3467,=522158600383.3000,=390703643523,=234786331233.6132,=5.3791,=1,=5.3394,=5.2611,=5.2095
2019-08-26,=4523.1277,=4848.3227,=512936422586.2000,=383053670181,=230606283634.7314,=5.2846,=0.6667,=5.3005,=5.2375,=5.2095
2019-08-23,=4486.1744,=4808.7126,=507331050750.8000,=379614679625,=228729635115.9311,=5.2375,=0.6000,=5.3005,=5.2326,=5.2095
2019-08-22,=4537.8064,=4864.0567,=512926728367.7000,=377627150030,=231392660405.4281,=5.3005,=0.7500,=5.3005,=5.2276,=5.2095
2019-08-21,=4557.3906,=4885.0489,=514985726364.8000,=378941788596,=232403726736.4396,=5.3394,=1,=5.2276,=5.2186,=5.2095
2019-08-20,=4462.9311,=4783.7982,=502131311822.9999,=370012299037,=225970764425.6690,=5.2095,=0.5000,=5.2276,=5.2095,=4.9151
2019-08-19,=4483.4824,=4805.8270,=503589076585.7000,=372195688214,=227241405887.3235,=5.2276,=1,=5.2276,=5.0714,=4.9151
2019-08-16,=4233.7176,=4538.1051,=473484239238.9000,=344297485719,=214437323063.2778,=4.9151,,=4.9151,=4.9151,=4.9151

数据来源于：理杏仁网站(lixinger.com)