日期,收盘点位,全收益收盘点位(元),市值(元),流通市值(元),自由流通市值(元),PS-TTM等权,PS-TTM 分位点,PS-TTM 80%分位点值,PS-TTM 50%分位点值,PS-TTM 20%分位点值
2026-07-17,=1715.4000,=1770.0700,=7267156533226.2197,=5158265433069,=3051934153149.7729,=4.1015,=0.3793,=9.1070,=4.4507,=3.5302
2026-07-16,=1846.8800,=1905.7300,=7823327075783.5801,=5531910612749,=3285075216740.3037,=4.2406,=0.4155,=9.1070,=4.4517,=3.5302
2026-07-15,=1924.2700,=1985.5900,=8048272577820.2598,=5747716720152,=3428244032602.9995,=4.2466,=0.4171,=9.1070,=4.4526,=3.5302
2026-07-14,=2009.7300,=2073.6800,=8433200859293.4199,=5982019271965,=3581036390832.6626,=4.2346,=0.4140,=9.1200,=4.4534,=3.5280
2026-07-13,=1994.3200,=2057.7800,=8430073917108.1504,=5954677326595,=3552738719162.7979,=4.2295,=0.4122,=9.1200,=4.4542,=3.5280
2026-07-10,=2064.9800,=2130.6900,=8618112231856.2822,=6152438628079,=3673468102269.9761,=4.4672,=0.5073,=9.1200,=4.4547,=3.5280
2026-07-09,=2185.8300,=2255.3800,=9128579727857.8105,=6498826162831,=3891142485865.5361,=4.4361,=0.4924,=9.1200,=4.4542,=3.5280
2026-07-08,=2016.2300,=2080.3900,=8359478184141.2197,=6032646100406,=3583661691525.3223,=4.3307,=0.4456,=9.1200,=4.4547,=3.5280
2026-07-07,=2001.5900,=2065.2800,=8233102021293.6504,=5999866002794,=3556662028775.4683,=4.4154,=0.4806,=9.1279,=4.4552,=3.5262
2026-07-06,=1996.1000,=2059.6200,=8130320887391.4287,=5981197265975,=3549324640321.8462,=4.4471,=0.4962,=9.1279,=4.4559,=3.5262
2026-07-03,=1975.6000,=2038.4700,=8014132443329.6377,=5920275738146,=3509572731705.6270,=4.5531,=0.5278,=9.1279,=4.4566,=3.5262
2026-07-02,=1987.2900,=2050.3600,=8071053854902.9004,=5949167032049,=3530090786899.6533,=4.5451,=0.5268,=9.1279,=4.4559,=3.5262
2026-07-01,=2153.0400,=2221.3700,=8688821290477.1982,=6406938389318,=3831422445811.0811,=4.6467,=0.5327,=9.1279,=4.4552,=3.5262
2026-06-30,=2207.8600,=2277.8300,=8961805112310.0293,=6577023242255,=3935911903393.8701,=4.6147,=0.5303,=9.1294,=4.4547,=3.5261
2026-06-29,=2126.0100,=2193.3800,=8622845416354.3701,=6322487534303,=3784135221537.3188,=4.4960,=0.5181,=9.1294,=4.4542,=3.5261
2026-06-26,=2032.2800,=2096.5500,=8278699026816.6816,=6064060506246,=3617445717511.1182,=4.4306,=0.4913,=9.1294,=4.4534,=3.5261
2026-06-25,=2066.3300,=2131.6300,=8485761913766.6602,=6178483960404,=3686047165781.2329,=4.4976,=0.5188,=9.1294,=4.4542,=3.5261
2026-06-24,=1989.4300,=2052.2700,=8201145991288.2998,=5948946602446,=3545480526498.8828,=4.4205,=0.4871,=9.1294,=4.4534,=3.5261
2026-06-23,=1916.2100,=1976.7500,=7896420091228.4463,=5743957270361,=3414231096208.1812,=4.4215,=0.4874,=9.1441,=4.4542,=3.5257
2026-06-22,=1948.9300,=2010.4200,=7902005895276.8594,=5835130943447,=3480600352165.6396,=4.5405,=0.5248,=9.1441,=4.4547,=3.5257
2026-06-18,=1911.5100,=1971.8300,=7807399390545.9307,=5769305135176,=3420985150739.2124,=4.4751,=0.5112,=9.1441,=4.4542,=3.5257
2026-06-17,=1840.8200,=1898.9100,=7462724105579.4199,=5522413616600,=3279971786430.8965,=4.5207,=0.5220,=9.1441,=4.4534,=3.5257
2026-06-16,=1758.4200,=1813.9100,=7171262175670.4111,=5296504529725,=3136523942118.7451,=4.4958,=0.5175,=9.1441,=4.4526,=3.5257
2026-06-15,=1748.3300,=1803.4500,=7156404206399.4189,=5292464931140,=3123898096817.2212,=4.4570,=0.5032,=9.1527,=4.4517,=3.5228
2026-06-12,=1663.2200,=1715.6600,=5814874523530.6270,=4860137774949,=2778299966901.3330,=3.8924,=0.3015,=9.1527,=4.4507,=3.5228
2026-06-11,=1662.4400,=1714.8500,=5819550753371.2891,=4845761064664,=2777982495046.8003,=3.8150,=0.2765,=9.1527,=4.4517,=3.5228
2026-06-10,=1652.2200,=1704.3100,=5772333195552.3623,=4808660169406,=2757949924486.8628,=3.8586,=0.2907,=9.1527,=4.4526,=3.5228
2026-06-09,=1663.1100,=1715.4800,=5804079809074.8184,=4826166317268,=2773242116821.2212,=3.8674,=0.2923,=9.1527,=4.4534,=3.5228
2026-06-08,=1596.5700,=1646.8400,=5576431952393.6904,=4616596595096,=2661080926272.7539,=3.7963,=0.2722,=9.1541,=4.4542,=3.5223
2026-06-05,=1668.3300,=1720.7400,=5823110824687.7705,=4819237862148,=2781735101099.2231,=3.9547,=0.3209,=9.1541,=4.4547,=3.5223
2026-06-04,=1738.0600,=1792.5700,=6074179475301.4893,=5016549219514,=2902514940247.6978,=4.0027,=0.3423,=9.1541,=4.4552,=3.5223
2026-06-03,=1726.1800,=1780.2800,=6037167213785.6504,=4987209534900,=2882242761844.4805,=4.0342,=0.3629,=9.1541,=4.4559,=3.5223
2026-06-02,=1690.5600,=1743.5400,=5917715601795.6406,=4882203925662,=2820327271912.0615,=4.0579,=0.3681,=9.1541,=4.4566,=3.5223
2026-06-01,=1663.6900,=1715.8400,=5827548630788.1504,=4792736441184,=2773166772542.9004,=4.1245,=0.3874,=9.1545,=4.4577,=3.5223
2026-05-29,=1751.3200,=1806.1100,=6138443981639.8496,=5046018418862,=2924587583121.8105,=4.1710,=0.3976,=9.1545,=4.4587,=3.5223
2026-05-28,=1844.2500,=1901.7800,=6491291311938.1797,=5300228062880,=3080012134352.6245,=4.3368,=0.4481,=9.1545,=4.4600,=3.5223
2026-05-27,=1815.4500,=1872.0800,=6366175245764.2803,=5226940240662,=3035135062887.1587,=4.3212,=0.4427,=9.1545,=4.4612,=3.5223
2026-05-26,=1867.7100,=1925.9700,=6551261902723.9316,=5394258553732,=3126023568186.7129,=4.3765,=0.4621,=9.1545,=4.4614,=3.5223
2026-05-25,=1896.0400,=1955.1800,=6637976591169.9883,=5431740877114,=3172964873089.5142,=4.4123,=0.4788,=9.1584,=4.4617,=3.5210
2026-05-22,=1790.7700,=1846.6300,=6195453699357.6611,=5143681805829,=2993576411055.2397,=4.4314,=0.4876,=9.1584,=4.4618,=3.5210
2026-05-21,=1764.1700,=1818.8200,=6092268091753.1719,=5074609977030,=2947791803290.0024,=4.3419,=0.4496,=9.1584,=4.4620,=3.5210
2026-05-20,=1832.0200,=1888.5800,=6339632717685.6807,=5271320792213,=3060427926375.5845,=4.4740,=0.5046,=9.1584,=4.4633,=3.5210
2026-05-19,=1775.1300,=1829.9300,=6103603249135.4805,=5127590190018,=2962348991021.6440,=4.4750,=0.5050,=9.1584,=4.4620,=3.5210
2026-05-18,=1709.9600,=1762.7500,=5895007378337.3291,=4921601115439,=2854000788502.3936,=4.4120,=0.4790,=9.1700,=4.4618,=3.5207
2026-05-15,=1696.2600,=1748.6200,=5864970397101.4111,=4882509573468,=2831803697462.8003,=4.3968,=0.4723,=9.1700,=4.4620,=3.5207
2026-05-14,=1725.0900,=1778.3500,=5970981049421.7705,=4987701093593,=2880533253519.2085,=4.4709,=0.5039,=9.1700,=4.4633,=3.5207
2026-05-13,=1770.1500,=1824.7400,=6154793757569.3408,=5145651861154,=2957352468341.5605,=4.5484,=0.5171,=9.1700,=4.4620,=3.5207
2026-05-12,=1723.7800,=1776.9400,=6021771086040.9785,=5022023946891,=2878672320654.3428,=4.4552,=0.4968,=9.1700,=4.4618,=3.5207
2026-05-11,=1716.6900,=1769.6300,=5999012285864.7100,=4992549283827,=2865789926416.5005,=4.4873,=0.5071,=9.1742,=4.4620,=3.5206
2026-05-08,=1640.4600,=1691.0500,=5769449484746.6602,=4776757438293,=2734229573699.7852,=4.4158,=0.4825,=9.1742,=4.4618,=3.5206
2026-05-07,=1678.8900,=1730.4800,=5923482866287.1992,=4899256462636,=2802258061235.7598,=4.3994,=0.4743,=9.1742,=4.4620,=3.5206
2026-05-06,=1656.9500,=1707.8600,=5852482521752.1406,=4841534482925,=2766102110343.8608,=4.3837,=0.4668,=9.1742,=4.4633,=3.5206
2026-04-30,=1571.0700,=1619.3400,=5558542259325.9902,=4550643368921,=2616232529267.8789,=4.3269,=0.4499,=9.1742,=4.4646,=3.5206
2026-04-29,=1493.5000,=1539.4000,=5282973057187.9990,=4313292904532,=2474250187888.0693,=4.2793,=0.4359,=9.1771,=4.4652,=3.5201
2026-04-28,=1488.6600,=1534.4000,=5270235865935.9883,=4302220169730,=2463455183758.5098,=4.2308,=0.4191,=9.1771,=4.4658,=3.5201
2026-04-27,=1508.3800,=1554.7300,=5355202284178.8486,=4367945127408,=2476039124610.4600,=4.2741,=0.4323,=9.1771,=4.4660,=3.5201
2026-04-24,=1453.6900,=1498.3500,=5173387265130.5801,=4225530488318,=2383675719221.3599,=4.2180,=0.4161,=9.1771,=4.4662,=3.5201
2026-04-23,=1432.5900,=1476.6100,=5074026349051.2402,=4158820146906,=2345396563056.1899,=4.2580,=0.4235,=9.1771,=4.4673,=3.5201
2026-04-22,=1451.1400,=1495.7300,=5123906426222.5293,=4200544960356,=2366119444269.8501,=4.4194,=0.4813,=9.1820,=4.4685,=3.5167
2026-04-21,=1426.6800,=1470.5200,=5051364344322.6592,=4134063042892,=2324886437256.3003,=4.3951,=0.4709,=9.1820,=4.4696,=3.5167
2026-04-20,=1450.5200,=1495.0900,=5134655295268.2900,=4207932776032,=2363826654583.0303,=4.4354,=0.4856,=9.1820,=4.4707,=3.5167
2026-04-17,=1423.3500,=1467.0900,=5040762688269.5293,=4135946379590,=2320785349183.6396,=4.3879,=0.4694,=9.1820,=4.4742,=3.5167
2026-04-16,=1422.2300,=1465.9300,=5021064781481.3301,=4122222571932,=2319306748973.7388,=4.4106,=0.4769,=9.1820,=4.4777,=3.5167
2026-04-15,=1406.3200,=1449.5400,=4968197275598.9199,=4073023071383,=2291779460640.3604,=4.3564,=0.4571,=9.1891,=4.4789,=3.5164
2026-04-14,=1405.0700,=1448.2500,=4943538319083.8213,=4061340054365,=2288867802572.8403,=4.3611,=0.4596,=9.1891,=4.4801,=3.5164
2026-04-13,=1375.2900,=1417.5500,=4852046509759.7197,=3977718864018,=2239983636023.3398,=4.3375,=0.4527,=9.1891,=4.4802,=3.5164
2026-04-10,=1364.4900,=1406.4200,=4808788446825.8701,=3933141220919,=2220514758030.2104,=4.3277,=0.4509,=9.1891,=4.4803,=3.5164
2026-04-09,=1343.9500,=1385.2400,=4742783812466.8008,=3875243132294,=2184453589468.6504,=4.2759,=0.4353,=9.1891,=4.4803,=3.5164
2026-04-08,=1352.6900,=1394.2500,=4779203709370.9697,=3900473445056,=2197337512791.7100,=4.3706,=0.4602,=9.1907,=4.4803,=3.5152
2026-04-07,=1274.0100,=1313.1600,=4506261958094.2695,=3679797663994,=2070184619475.0496,=4.1390,=0.4004,=9.1907,=4.4844,=3.5152
2026-04-03,=1256.2100,=1294.8100,=4427611486989.6201,=3627997877380,=2039444979943.9304,=4.1528,=0.4043,=9.1907,=4.4885,=3.5152
2026-04-02,=1262.1800,=1300.9700,=4451249320747.7910,=3642972348032,=2048152159026.0601,=4.2397,=0.4235,=9.1907,=4.4889,=3.5152
2026-04-01,=1298.2000,=1338.0900,=4580507617119.3496,=3745747860963,=2107803520596.2190,=4.3588,=0.4557,=9.1907,=4.4892,=3.5152
2026-03-31,=1256.3300,=1294.9300,=4431333813583.9893,=3617998360237,=2038339318549.6003,=4.2858,=0.4401,=9.1931,=4.4913,=3.5150
2026-03-30,=1289.7800,=1329.4100,=4534324269964.3906,=3705210833802,=2079769706122.7209,=4.3873,=0.4651,=9.1931,=4.4934,=3.5150
2026-03-27,=1300.7600,=1340.7300,=4579780902493.0293,=3738200832693,=2094225818196.6704,=4.5091,=0.5033,=9.1931,=4.4952,=3.5150
2026-03-26,=1288.8100,=1328.4100,=4530806819127.3291,=3695303895456,=2075770398451.9199,=4.4457,=0.4847,=9.1931,=4.4934,=3.5150
2026-03-25,=1315.4100,=1355.8300,=4625431271788.5098,=3759714460672,=2118463891486.6699,=4.5752,=0.5069,=9.1931,=4.4952,=3.5150
2026-03-24,=1290.7900,=1330.4500,=4553176857007.2402,=3691469054523,=2077881657566.0801,=4.5271,=0.5044,=9.2112,=4.4934,=3.5150
2026-03-23,=1261.4400,=1300.2000,=4448549633247.7891,=3598082232128,=2030333966237.7605,=4.4587,=0.4894,=9.2112,=4.4913,=3.5150
2026-03-20,=1318.3100,=1358.8200,=4646396362249.2793,=3759098788702,=2122053138902.3701,=4.6144,=0.5073,=9.2112,=4.4934,=3.5150
2026-03-19,=1339.0300,=1380.1800,=4727101916454.5508,=3813505269348,=2140516848408.2903,=4.6272,=0.5084,=9.2112,=4.4913,=3.5150
2026-03-18,=1372.5800,=1414.7500,=4832539530372.2002,=3907072832863,=2193679094921.3796,=4.6943,=0.5095,=9.2112,=4.4892,=3.5150
2026-03-17,=1354.1500,=1395.7600,=4781543805899.0703,=3864392271551,=2164440428935.8401,=4.7088,=0.5099,=9.2115,=4.4889,=3.5124
2026-03-16,=1384.9900,=1427.5400,=4891573130805.1387,=3949816296177,=2211616683164.6499,=4.8181,=0.5124,=9.2115,=4.4885,=3.5124
2026-03-13,=1373.6400,=1415.8400,=4769400208537.2695,=3860339698329,=2122649392845.2104,=4.2132,=0.4220,=9.2115,=4.4844,=3.5124
2026-03-12,=1383.6500,=1426.1700,=4799699192072.3994,=3893792028028,=2138281269237.1101,=4.2230,=0.4238,=9.2115,=4.4885,=3.5124
2026-03-11,=1401.0800,=1444.1400,=4854167987477.3594,=3937429774583,=2163643552048.3501,=4.1819,=0.4131,=9.2115,=4.4889,=3.5124
2026-03-10,=1420.5400,=1464.1900,=4910582299224.8896,=3995047431202,=2196795112451.6997,=4.1523,=0.4090,=9.2174,=4.4892,=3.5123
2026-03-09,=1390.4800,=1433.2100,=4796964176910.1201,=3901184112854,=2149277814100.4399,=4.0606,=0.3835,=9.2174,=4.4913,=3.5123
2026-03-06,=1414.3900,=1457.8600,=4874844721291.7207,=3967387968985,=2187769172956.9199,=4.0822,=0.3919,=9.2174,=4.4934,=3.5123
2026-03-05,=1405.3500,=1448.5400,=4853157937083.1113,=3947848623113,=2178368245995.5400,=3.9989,=0.3554,=9.2174,=4.4952,=3.5123
2026-03-04,=1381.5600,=1424.0100,=4774814404887.0811,=3874937161467,=2139525186811.8301,=3.9758,=0.3446,=9.2174,=4.4971,=3.5123
2026-03-03,=1388.4100,=1431.0700,=4818343196328.2793,=3905585429403,=2152551888521.4500,=4.0313,=0.3744,=9.2204,=4.4979,=3.5116
2026-03-02,=1464.7700,=1509.7800,=5067923507461.3203,=4116617248634,=2271667151348.5405,=4.1530,=0.4071,=9.2204,=4.4987,=3.5116
2026-02-27,=1488.0200,=1533.7500,=5135855465398.1699,=4165304159787,=2305344565949.5908,=4.2623,=0.4295,=9.2204,=4.4999,=3.5116
2026-02-26,=1485.8600,=1531.5200,=5138564262704.1396,=4159952518047,=2301650967225.1099,=4.2776,=0.4343,=9.2204,=4.5011,=3.5116
2026-02-25,=1473.2800,=1518.5600,=5081987488958.0195,=4103659447297,=2276447678483.0010,=4.3244,=0.4472,=9.2204,=4.5043,=3.5116
2026-02-24,=1465.3700,=1510.3900,=5052837077620.5596,=4077626095054,=2264355982564.6499,=4.2870,=0.4393,=9.2264,=4.5076,=3.5074
2026-02-13,=1470.3300,=1515.5100,=5088155530519.8203,=4111789846928,=2275957635251.3398,=4.2627,=0.4308,=9.2264,=4.5130,=3.5074
2026-02-12,=1480.9900,=1526.5000,=5117248241962.6289,=4145444244760,=2291869880327.7305,=4.3602,=0.4533,=9.2264,=4.5184,=3.5074
2026-02-11,=1455.1100,=1499.8300,=5030926712444.6895,=4071917124621,=2251837173453.3301,=4.3434,=0.4500,=9.2264,=4.5254,=3.5074
2026-02-10,=1471.5000,=1516.7100,=5082597499353.1592,=4115179618710,=2279110907769.1602,=4.3637,=0.4540,=9.2264,=4.5324,=3.5074
2026-02-09,=1458.1600,=1502.9700,=5033334952863.8203,=4073834680040,=2256487354740.2988,=4.4068,=0.4670,=9.2270,=4.5338,=3.5068
2026-02-06,=1422.4100,=1466.1100,=4907902080624.0195,=3979797176291,=2198970925373.6399,=4.3657,=0.4547,=9.2270,=4.5352,=3.5068
2026-02-05,=1432.5200,=1476.5400,=4922660724633.1602,=3999579278552,=2214575529949.9702,=4.3428,=0.4506,=9.2270,=4.5400,=3.5068
2026-02-04,=1453.4800,=1498.1400,=5004696358909.3203,=4057072486298,=2246514726084.9502,=4.4125,=0.4680,=9.2270,=4.5448,=3.5068
2026-02-03,=1471.0700,=1516.2700,=5058636856897.0703,=4107276191621,=2278511366372.7095,=4.2724,=0.4356,=9.2270,=4.5722,=3.5068
2026-02-02,=1450.9000,=1495.4800,=5028461393339.6484,=4076845301619,=2256609885739.5405,=4.1141,=0.4031,=9.2373,=4.5995,=3.5034
2026-01-30,=1509.4000,=1555.7800,=5233180562621.7998,=4233154400409,=2345084068270.6997,=4.2070,=0.4191,=9.2373,=4.6102,=3.5034
2026-01-29,=1507.6400,=1553.9700,=5241255718198.9902,=4239199810460,=2337264026977.7808,=4.3460,=0.4500,=9.2373,=4.6210,=3.5034
2026-01-28,=1554.8000,=1602.5300,=5407343038347.3691,=4359905168290,=2413172986464.0103,=4.4065,=0.4645,=9.2373,=4.6277,=3.5034
2026-01-27,=1555.9800,=1603.7400,=5396761044928.3604,=4373769920497,=2413133526538.0098,=4.4617,=0.4821,=9.2373,=4.6345,=3.5034
2026-01-26,=1532.8000,=1579.8500,=5328017948159.6094,=4328811037169,=2380445167264.0801,=4.4380,=0.4757,=9.2447,=4.6821,=3.5014
2026-01-23,=1553.7100,=1601.4000,=5422205043151.9404,=4402548931292,=2414560492814.7397,=4.5352,=0.4963,=9.2447,=4.7297,=3.5014
2026-01-22,=1541.6400,=1588.9600,=5403503776741.7402,=4291465851126,=2401651092270.2700,=4.2604,=0.4322,=9.2447,=4.7457,=3.5014
2026-01-21,=1535.3900,=1582.5200,=5394489371909.4707,=4275194948772,=2392593192242.7705,=4.2118,=0.4220,=9.2447,=4.7618,=3.5014
2026-01-20,=1482.9900,=1528.5200,=5208720685076.0381,=4122872927454,=2306396274118.0103,=4.1973,=0.4186,=9.2447,=4.7620,=3.5014
2026-01-19,=1506.8600,=1553.1100,=5314091514972.2500,=4203228284657,=2347430831011.3101,=4.3253,=0.4482,=9.2522,=4.7622,=3.5009
2026-01-16,=1514.0700,=1560.5400,=5328026889794.8203,=4208228923032,=2355761566892.1997,=4.3141,=0.4463,=9.2522,=4.8039,=3.5009
2026-01-15,=1493.9500,=1539.8000,=5266041833670.2900,=4166603316487,=2326829961590.9497,=4.3021,=0.4429,=9.2522,=4.8455,=3.5009
2026-01-14,=1500.9100,=1546.9800,=5304336909748.7500,=4196059901038,=2336492758552.0200,=4.3229,=0.4470,=9.2522,=4.8499,=3.5009
2026-01-13,=1469.5700,=1514.6800,=5200169538465.8896,=4097571228196,=2285649737412.6499,=4.3142,=0.4465,=9.2522,=4.8543,=3.5009
2026-01-12,=1511.8400,=1558.2400,=5362961404578.7197,=4233669728131,=2356437454285.3389,=4.3996,=0.4604,=9.2582,=4.8725,=3.4984
2026-01-09,=1475.9700,=1521.2700,=5266011385499.2002,=4131619333352,=2304032635765.6499,=4.2810,=0.4389,=9.2582,=4.8908,=3.4984
2026-01-08,=1455.1700,=1499.8400,=5201328313498.6406,=4064282650007,=2272216178635.9995,=4.2606,=0.4340,=9.2582,=4.8924,=3.4984
2026-01-07,=1443.3900,=1487.6900,=5143889489324.5801,=4005366640087,=2248604092767.7002,=4.2016,=0.4215,=9.2582,=4.8940,=3.4984
2026-01-06,=1429.3000,=1473.1800,=5112943238435.8408,=3966648493916,=2226879673802.0698,=4.2034,=0.4218,=9.2582,=4.9110,=3.4984
2026-01-05,=1403.4100,=1446.4900,=5034827969830.7412,=3906135209301,=2188237795605.8604,=4.1045,=0.4070,=9.2631,=4.9280,=3.4984
2025-12-31,=1344.2000,=1385.4600,=4841677758938.4600,=3760130218349,=2092443760108.1096,=4.0081,=0.3679,=9.2631,=4.9287,=3.4984
2025-12-30,=1359.8700,=1401.6200,=4900947411295.3398,=3803758234469,=2119844775256.8999,=4.0402,=0.3886,=9.2631,=4.9295,=3.4984
2025-12-29,=1346.3200,=1387.6500,=4842602142837.7588,=3742956750294,=2094249404241.2800,=4.0672,=0.3942,=9.2631,=4.9295,=3.4984
2025-12-26,=1345.8300,=1387.1400,=4831371318796.4697,=3717697259529,=2089068616771.5403,=4.0932,=0.4021,=9.2631,=4.9295,=3.4984
2025-12-25,=1349.0600,=1390.4700,=4846221243179.7813,=3731774673226,=2095887543133.1597,=4.0739,=0.3971,=9.2790,=4.9297,=3.4931
2025-12-24,=1352.1300,=1393.6300,=4854652417646.2295,=3735786626322,=2100218467484.3401,=4.0463,=0.3906,=9.2790,=4.9300,=3.4931
2025-12-23,=1340.0200,=1381.1500,=4806661417800,=3708915589645,=2082340307291.3003,=3.9965,=0.3643,=9.2790,=4.9370,=3.4931
2025-12-22,=1335.2500,=1376.2300,=4785365583100.2100,=3661505080839,=2071081294836.7500,=4.0131,=0.3706,=9.2790,=4.9440,=3.4931
2025-12-19,=1308.5900,=1348.7600,=4669615549955.0391,=3587881010745,=2027341763394.4597,=4.0033,=0.3679,=9.2790,=4.9590,=3.4931
2025-12-18,=1305.9700,=1346.0500,=4660473449369.4805,=3587107994141,=2024367610040.7000,=3.9739,=0.3544,=9.2911,=4.9739,=3.4931
2025-12-17,=1325.3300,=1366.0200,=4728654084633.6416,=3647901011205,=2055146203106.5190,=4.0244,=0.3768,=9.2911,=4.9772,=3.4931
2025-12-16,=1293.3800,=1333.0800,=4609890569664.3516,=3551594976607,=2004050465241.7695,=3.9612,=0.3496,=9.2911,=4.9806,=3.4931
2025-12-15,=1318.9100,=1359.3900,=4704416204174.1494,=3625584386996,=2046206805449.7705,=4.0423,=0.3873,=9.2911,=4.9826,=3.4931
2025-12-12,=1348.8800,=1390.2900,=4758227049596.9482,=3663386579779,=2070660797746.3503,=3.9984,=0.3654,=9.2911,=4.9846,=3.4931
2025-12-11,=1325.8300,=1366.5300,=4679700318926.6387,=3609500702818,=2036288726454.6599,=3.8938,=0.3267,=9.3501,=4.9888,=3.4895
2025-12-10,=1346.7000,=1388.0400,=4758892226746.4717,=3669689042030,=2069509975515.6304,=3.9321,=0.3361,=9.3501,=4.9931,=3.4895
2025-12-09,=1347.1100,=1388.4600,=4758513205768.5313,=3671887429944,=2071233055715.7000,=3.9367,=0.3379,=9.3501,=4.9933,=3.4895
2025-12-08,=1350.8000,=1392.2600,=4766072138989.5488,=3672232084550,=2075886717486.6697,=3.9571,=0.3474,=9.3501,=4.9936,=3.4895
2025-12-05,=1326.1000,=1366.8100,=4673088661801.4287,=3599902755355,=2035335874340.1001,=3.9419,=0.3400,=9.3501,=4.9977,=3.4895
2025-12-04,=1326.1600,=1366.8700,=4677418216350.5215,=3602252455537,=2036559935585.6699,=3.9072,=0.3310,=9.3616,=5.0018,=3.4889
2025-12-03,=1308.3700,=1348.5300,=4607576259151.9404,=3552196185168,=2006319197720.7100,=3.9328,=0.3367,=9.3616,=5.0038,=3.4889
2025-12-02,=1320.1600,=1360.6600,=4650426506870.5195,=3582579172666,=2024090180457.6609,=3.9860,=0.3569,=9.3616,=5.0058,=3.4889
2025-12-01,=1336.7600,=1377.7600,=4710630924193.8398,=3631730560106,=2051223057055.0601,=3.9936,=0.3603,=9.3616,=5.0095,=3.4889
2025-11-28,=1327.1500,=1367.8600,=4678021451228.6709,=3597015189411,=2036365322054.9299,=3.9799,=0.3559,=9.3616,=5.0132,=3.4889
2025-11-27,=1310.7000,=1350.9100,=4625762450748.2998,=3555466094869,=2011501887112.3101,=3.9384,=0.3392,=9.3850,=5.0135,=3.4887
2025-11-26,=1315.0400,=1355.3800,=4636150051002.1504,=3564694902958,=2017398062719.2500,=3.9428,=0.3403,=9.3850,=5.0139,=3.4887
2025-11-25,=1302.1700,=1342.1100,=4586375486962.7607,=3520383108283,=1994786843459.5305,=3.9717,=0.3506,=9.3850,=5.0147,=3.4887
2025-11-24,=1296.6000,=1336.3800,=4563680687943.2090,=3509299897878,=1986725377644.4304,=3.9378,=0.3393,=9.3850,=5.0156,=3.4887
2025-11-21,=1285.8300,=1325.2800,=4532770441676.5293,=3476705871243,=1970936339837.2896,=3.9234,=0.3364,=9.3850,=5.0183,=3.4887
2025-11-20,=1328.1900,=1368.9300,=4682944567863.3408,=3591597439696,=2038367045741.5696,=4.0268,=0.3715,=9.3864,=5.0210,=3.4886
2025-11-19,=1344.8000,=1386.0500,=4723930645436.2500,=3633886433061,=2062621387236.4600,=4.1074,=0.3935,=9.3864,=5.0234,=3.4886
2025-11-18,=1357.9300,=1399.5800,=4769010005128.5078,=3663735388798,=2081969109789.4199,=4.1582,=0.4023,=9.3864,=5.0257,=3.4886
2025-11-17,=1354.0400,=1395.5800,=4752846879084.8496,=3648802536795,=2073816498123.7395,=4.1638,=0.4026,=9.3864,=5.0259,=3.4886
2025-11-14,=1361.2300,=1402.9900,=4780293557459.6797,=3671557250561,=2085491023541.7000,=4.2063,=0.4068,=9.3864,=5.0261,=3.4886
2025-11-13,=1399.2900,=1442.2200,=4915212474856.4492,=3773801068035,=2144003118854.8110,=4.2440,=0.4149,=9.4226,=5.0262,=3.4884
2025-11-12,=1379.4500,=1421.7700,=4840719037985.3604,=3728351999149,=2113674074606.4895,=4.1776,=0.4044,=9.4226,=5.0264,=3.4884
2025-11-11,=1387.5300,=1430.1000,=4849431255837.3594,=3740892943637,=2122198538843.3391,=4.2815,=0.4226,=9.4226,=5.0264,=3.4884
2025-11-10,=1407.5600,=1450.7400,=4925222549846.0703,=3804894374760,=2155589849842.8904,=4.2909,=0.4245,=9.4226,=5.0264,=3.4884
2025-11-07,=1415.6900,=1459.1200,=4967446052204.1104,=3836348992998,=2171141064035.4900,=4.2833,=0.4240,=9.4226,=5.0272,=3.4884
2025-11-06,=1436.8600,=1480.9400,=5047798125311.3398,=3898294176472,=2205375482202.9902,=4.3082,=0.4267,=9.4556,=5.0280,=3.4867
2025-11-05,=1390.3900,=1433.0500,=4871599332303.3291,=3755882067348,=2127610283190.5400,=4.2816,=0.4239,=9.4556,=5.0300,=3.4867
2025-11-04,=1387.2400,=1429.8000,=4857589060404.6895,=3751095883485,=2123413840410.3799,=4.1738,=0.4055,=9.4556,=5.0319,=3.4867
2025-11-03,=1400.8600,=1443.8300,=4904400778865.8291,=3785928381893,=2142773305020.1211,=4.2287,=0.4128,=9.4556,=5.0328,=3.4867
2025-10-31,=1415.5300,=1458.9500,=4963216373351.7900,=3825464859087,=2167163218684.2505,=4.1841,=0.4061,=9.4556,=5.0336,=3.4867
2025-10-30,=1461.3000,=1505.9500,=5100290547698.8896,=3939103721444,=2231778472863.5498,=4.2143,=0.4103,=9.4678,=5.0339,=3.4842
2025-10-29,=1489.1200,=1534.6300,=5203983759832.1807,=4014629700134,=2269468869309.1904,=4.2356,=0.4130,=9.4678,=5.0342,=3.4842
2025-10-28,=1471.7300,=1516.7000,=5153548334171.7305,=3971893325244,=2242854145481.6387,=4.0783,=0.3914,=9.4678,=5.0346,=3.4842
2025-10-27,=1484.2100,=1529.5000,=5203216856569.7012,=4004877225785,=2258476950415.8779,=4.1170,=0.3987,=9.4678,=5.0350,=3.4842
2025-10-24,=1462.2200,=1506.8500,=5138061165275.0703,=3948733631256,=2226123603458.1147,=4.0717,=0.3896,=9.4678,=5.0360,=3.4842
2025-10-23,=1401.2600,=1444.0200,=4924297440856.7197,=3777161757439,=2128397791286.5190,=4.0312,=0.3797,=9.4893,=5.0369,=3.4826
2025-10-22,=1405.4100,=1448.3000,=4937419737356.4102,=3797138257029,=2136091999802.6023,=4.0092,=0.3666,=9.4893,=5.0375,=3.4826
2025-10-21,=1406.3200,=1449.0800,=4933473861322.9502,=3786252721335,=2133473592134.5601,=4.0622,=0.3874,=9.4893,=5.0382,=3.4826
2025-10-20,=1367.9000,=1409.4700,=4788846838723.8408,=3676445037553,=2071845124084.3877,=4.0259,=0.3767,=9.4893,=5.0384,=3.4826
2025-10-17,=1363.1700,=1404.5100,=4764942520657.2002,=3658198742882,=2062809584503.9253,=4.0244,=0.3754,=9.4893,=5.0387,=3.4826
2025-10-16,=1416.5800,=1459.4800,=4944418891197.3301,=3792053439594,=2142255360143.7605,=4.2327,=0.4088,=9.4917,=5.0399,=3.4762
2025-10-15,=1430,=1473.3100,=4987372527751.5498,=3826911927387,=2139654303011.8960,=4.2779,=0.4163,=9.4917,=5.0412,=3.4762
2025-10-14,=1410.3000,=1453.0200,=4899993106218.3398,=3757793131002,=2108257526072.4517,=4.2131,=0.4063,=9.4917,=5.0425,=3.4762
2025-10-13,=1473.0200,=1517.6300,=5141180034656.0996,=3928454543609,=2205083366977.2998,=4.2185,=0.4074,=9.4917,=5.0438,=3.4762
2025-10-10,=1452.6800,=1496.6800,=5035222228258.3398,=3874252989666,=2172216819611.4021,=4.2588,=0.4101,=9.4917,=5.0441,=3.4762
2025-10-09,=1539.0800,=1585.7000,=5349365841743.8711,=4106925010749,=2304954959164.3589,=4.4220,=0.4398,=9.5285,=5.0444,=3.4747
2025-09-30,=1495.2900,=1540.5800,=5232703957702.7607,=3995569962348,=2242284665074.5703,=4.2687,=0.4132,=9.5285,=5.0471,=3.4747
2025-09-29,=1470.4100,=1514.9500,=5154493949166.0117,=3952348926498,=2206144846168.2974,=4.1955,=0.4063,=9.5285,=5.0498,=3.4747
2025-09-26,=1450.8200,=1494.7700,=5097947945419.9805,=3916853718302,=2177162716461.3215,=4.1397,=0.4027,=9.5285,=5.0505,=3.4747
2025-09-25,=1474.4900,=1519.1500,=5173487959929.2813,=3991473838774,=2214869075971.9702,=4.1491,=0.4046,=9.5285,=5.0512,=3.4747
2025-09-24,=1456.4700,=1500.5300,=5116968856731.3301,=3942157113816,=2188965806666.8916,=4.0992,=0.3962,=9.5734,=5.0513,=3.4747
2025-09-23,=1407.3000,=1449.8800,=4947327634430.7393,=3819346804033,=2116286851137.0496,=3.9790,=0.3631,=9.5734,=5.0515,=3.4747
2025-09-22,=1408.6400,=1451.2600,=4966554559732.3008,=3836291910659,=2120086266092.6001,=3.9750,=0.3610,=9.5734,=5.0528,=3.4747
2025-09-19,=1362.6500,=1403.8700,=4793486017493.2607,=3706304523704,=2047822135641.4705,=4.0187,=0.3740,=9.5734,=5.0540,=3.4747
2025-09-18,=1380.3500,=1422.1100,=4861915280540.8398,=3769733170518,=2077090649466.9780,=4.0060,=0.3695,=9.5734,=5.0550,=3.4747
2025-09-17,=1370.4300,=1411.8900,=4812701808185.3994,=3748690896532,=2060557113312.6985,=4.0676,=0.3882,=9.5856,=5.0560,=3.4723
2025-09-16,=1358.0500,=1399.1300,=4742423054629.2002,=3730212613000,=2040025675392.4541,=4.0387,=0.3845,=9.5856,=5.0564,=3.4723
2025-09-15,=1340.4000,=1380.9500,=4681330951641.6211,=3677157361624,=2014373143114.6384,=4.0314,=0.3808,=9.5856,=5.0568,=3.4723
2025-09-12,=1338.0200,=1378.5000,=4620739657744.4502,=3619510455291,=2002570591174.5576,=4.0145,=0.3739,=9.5856,=5.0569,=3.4723
2025-09-11,=1326.0300,=1366.1500,=4601378951536.2900,=3590153827483,=1981599323746.2241,=4.0781,=0.3878,=9.5856,=5.0570,=3.4723
2025-09-10,=1259.1000,=1296.9400,=4352242424735.8198,=3385280222870,=1881849761379.3069,=4.0253,=0.3777,=9.6349,=5.0573,=3.4718
2025-09-09,=1245.5300,=1282.9000,=4318185081812.2822,=3348421676828,=1861522136515.6731,=4.0887,=0.3884,=9.6349,=5.0576,=3.4718
2025-09-08,=1275.8700,=1314.1500,=4463376138559.2598,=3398446114361,=1909021819511.7605,=4.1035,=0.3920,=9.6349,=5.0590,=3.4718
2025-09-05,=1268.5500,=1306.6200,=4446499357456.5215,=3357343388476,=1898257281709.8411,=4.0616,=0.3867,=9.6349,=5.0605,=3.4718
2025-09-04,=1226.9800,=1263.8000,=4319010717215.8110,=3240579009344,=1836947947223.9292,=3.8480,=0.3290,=9.6349,=5.0607,=3.4718
2025-09-03,=1306.4800,=1345.6800,=4555820666492.5703,=3465530916886,=1953862968572.0630,=3.8854,=0.3398,=9.6458,=5.0610,=3.4711
2025-09-02,=1328.2800,=1368.1300,=4604706693469.2998,=3533607223602,=1995133588592.6023,=3.8753,=0.3344,=9.6458,=5.0665,=3.4711
2025-09-01,=1357.1500,=1397.8700,=4681471177669.6201,=3606200340527,=2037708045175.3340,=3.9789,=0.3637,=9.6458,=5.0720,=3.4711
2025-08-29,=1341.3100,=1381.5600,=4628172441629.3701,=3535845880296,=2010016776421.6624,=3.9500,=0.3551,=9.6458,=5.0728,=3.4711
2025-08-28,=1364.6000,=1405.5500,=4727439752450.1289,=3619532279427,=2032479439839.7351,=3.9189,=0.3473,=9.6458,=5.0736,=3.4711
2025-08-27,=1272.5600,=1310.7400,=4379642951124.2002,=3384237857998,=1886975600157.5725,=3.8222,=0.3217,=9.6572,=5.0737,=3.4697
2025-08-26,=1270.8700,=1309,=4389031331149.9702,=3306640030939,=1882535527418.1589,=3.8856,=0.3406,=9.6572,=5.0739,=3.4697
2025-08-25,=1287.7300,=1326.3700,=4450097509525.8096,=3358953204108,=1902017765525.5583,=3.8769,=0.3352,=9.6572,=5.0748,=3.4697
2025-08-22,=1247.8600,=1285.3000,=4317809955978.9199,=3229466546049,=1839764061865.8030,=3.7967,=0.3136,=9.6572,=5.0758,=3.4697
2025-08-21,=1149.1500,=1183.6300,=3953232029783.7798,=2924063222895,=1692917614433.6541,=3.7019,=0.2903,=9.6572,=5.0806,=3.4697
2025-08-20,=1148.1500,=1182.6000,=3952128865162.6499,=2920098422400,=1691578040789.0752,=3.7079,=0.2938,=9.6666,=5.0854,=3.4691
2025-08-19,=1112.2700,=1145.4400,=3832580478926.1001,=2826870554543,=1635217128881.8081,=3.6612,=0.2786,=9.6666,=5.0876,=3.4691
2025-08-18,=1124.8200,=1158.3700,=3887232483793.1802,=2861615984119,=1654305704667.6218,=3.6969,=0.2886,=9.6666,=5.0898,=3.4691
2025-08-15,=1101.2900,=1134.1400,=3820548063678.1909,=2819276605592,=1619422368673.7629,=3.6220,=0.2644,=9.6666,=5.0899,=3.4691
2025-08-14,=1085.7400,=1118.1200,=3767756006288.9600,=2787397490375,=1596438246406.8347,=3.5201,=0.2272,=9.6666,=5.0900,=3.4691
2025-08-13,=1077.7000,=1109.8400,=3732971296341.6191,=2802512912007,=1584473685137.6040,=3.5998,=0.2543,=9.6888,=5.0901,=3.4665
2025-08-12,=1069.8100,=1101.7100,=3706145563808.9497,=2783476859682,=1572904985866.6206,=3.5865,=0.2520,=9.6888,=5.0902,=3.4665
2025-08-11,=1049.7300,=1081.0400,=3642759005355.2300,=2529934395052,=1542980791819.8650,=3.6185,=0.2612,=9.6888,=5.0906,=3.4665
2025-08-08,=1043.5400,=1074.6600,=3617779175479.8701,=2511464642318,=1534039186437.8840,=3.5759,=0.2484,=9.6888,=5.0910,=3.4665
2025-08-07,=1058.2100,=1089.5900,=3675789837827.2700,=2545422441336,=1556356529086.1226,=3.5671,=0.2469,=9.6888,=5.0943,=3.4665
2025-08-06,=1059.7600,=1091.1900,=3688010051168.1499,=2552456358949,=1559008643862.6753,=3.6018,=0.2537,=9.6904,=5.0976,=3.4664
2025-08-05,=1053.6500,=1084.8900,=3671440411786.2598,=2538823716025,=1549966509245.7480,=3.5769,=0.2490,=9.6904,=5.0976,=3.4664
2025-08-04,=1049.4100,=1080.5300,=3658438647137.7202,=2529073173566,=1543742061806.9285,=3.5419,=0.2410,=9.6904,=5.0976,=3.4664
2025-08-01,=1036.7700,=1067.5200,=3619260853132.1001,=2503198126785,=1524146587247.3289,=3.5507,=0.2428,=9.6904,=5.0979,=3.4664
2025-07-31,=1047.8700,=1078.8100,=3650845286607.9199,=2525855636750,=1540673832223.3257,=3.5257,=0.2340,=9.6904,=5.0982,=3.4664
2025-07-30,=1058.5700,=1089.8300,=3689318506611.8398,=2546332221233,=1555793814633.7971,=3.6192,=0.2572,=9.7116,=5.0984,=3.4662
2025-07-29,=1070.4500,=1102.0500,=3733436393676.7490,=2574870292542,=1573805255120.6111,=3.6566,=0.2681,=9.7116,=5.0986,=3.4662
2025-07-28,=1055.1100,=1086.2600,=3688022899119.4800,=2535856082394,=1551396449419.9851,=3.6121,=0.2535,=9.7116,=5.0993,=3.4662
2025-07-25,=1054.2000,=1085.3200,=3689854788597.4502,=2532141455547,=1550336239376.1362,=3.6176,=0.2562,=9.7116,=5.1001,=3.4662
2025-07-24,=1032.8400,=1063,=3624746999273.7891,=2438734826146,=1518543961353.7488,=3.6377,=0.2605,=9.7116,=5.1013,=3.4662
2025-07-23,=1020.8600,=1050.6700,=3575192180262.2109,=2411285777707,=1500763767555.1831,=3.5641,=0.2459,=9.7472,=5.1026,=3.4654
2025-07-22,=1016.2700,=1045.9500,=3563976632439.8906,=2399082026538,=1493852893219.5984,=3.5896,=0.2494,=9.7472,=5.1041,=3.4654
2025-07-21,=1007.8900,=1037.3300,=3531244785933.0996,=2355439308305,=1481817854193.6672,=3.5223,=0.2339,=9.7472,=5.1057,=3.4654
2025-07-18,=1007.5300,=1036.9500,=3528166140231.9102,=2352260412552,=1481154338574.4587,=3.4884,=0.2126,=9.7472,=5.1076,=3.4654
2025-07-17,=1005.6500,=1035.0200,=3517932682959.8813,=2345366277857,=1478754976936.5305,=3.5124,=0.2252,=9.7472,=5.1096,=3.4654
2025-07-16,=997.6300,=1026.7700,=3484288981691.3906,=2326997412156,=1466616742495.7195,=3.4826,=0.2104,=9.7606,=5.1117,=3.4601
2025-07-15,=996.2500,=1025.3400,=3482837453925.2490,=2321560206304,=1464833710154.7500,=3.4889,=0.2139,=9.7606,=5.1139,=3.4601
2025-07-14,=992.3900,=1021.3700,=3470905975534.8789,=2314632838481,=1459161370284.6858,=3.5150,=0.2249,=9.7606,=5.1139,=3.4601
2025-07-11,=994.4500,=1023.4800,=3479673926808.9009,=2310892336588,=1462353355018.6990,=3.5164,=0.2259,=9.7606,=5.1139,=3.4601
2025-07-10,=979.9900,=1008.4600,=3429152150546.2100,=2277369679712,=1440446334668.1174,=3.5167,=0.2261,=9.7606,=5.1171,=3.4601
2025-07-09,=983.1100,=1011.5800,=3439574671999.9897,=2285028897529,=1444983320289.0493,=3.4984,=0.2180,=9.7606,=5.1204,=3.4587
2025-07-08,=991.9500,=1020.6700,=3467076769012.7402,=2303928590739,=1458135651308.4814,=3.5152,=0.2248,=9.7606,=5.1224,=3.4587
2025-07-07,=978.2900,=1006.5300,=3422484076583.8804,=2272316178374,=1437846816479.3254,=3.4144,=0.1750,=9.7606,=5.1245,=3.4587
2025-07-04,=984.8000,=1013.2300,=3441705769743.4995,=2287013280037,=1447548937095.5544,=3.4264,=0.1793,=9.7606,=5.1247,=3.4601
2025-07-03,=984.9500,=1013.3700,=3442979575455.7900,=2289165666578,=1447925490226.8171,=3.4517,=0.1978,=9.7606,=5.1249,=3.4654
2025-07-02,=982.6400,=1010.9300,=3436183165782.0103,=2285385746226,=1444380597838.3335,=3.4421,=0.1930,=9.8049,=5.1253,=3.4654
2025-07-01,=994.8000,=1023.3700,=3477259529442.6304,=2315559636731,=1462613716611.5298,=3.4073,=0.1747,=9.8049,=5.1257,=3.4662
2025-06-30,=1003.4100,=1032.2300,=3505700207078.0591,=2335869650943,=1475130591942.8904,=3.4452,=0.1941,=9.8049,=5.1260,=3.4664
2025-06-27,=988.2100,=1016.5700,=3453117266703.0903,=2281056740684,=1452637375670.9800,=3.3855,=0.1650,=9.8049,=5.1262,=3.4665
2025-06-26,=989.9700,=1018.3800,=3460393809602.6494,=2282686191732,=1455500648314.4700,=3.3632,=0.1542,=9.8049,=5.1302,=3.4691
2025-06-25,=995.6100,=1024.1800,=3479575737696.6304,=2298358708419,=1464151821181.2000,=3.3981,=0.1711,=9.8430,=5.1341,=3.4691
2025-06-24,=978.7100,=1006.8000,=3415590264172.9302,=2261166679377,=1438725892488.9502,=3.3601,=0.1528,=9.8430,=5.1347,=3.4697
2025-06-23,=961.4900,=988.9700,=3357591491065.9595,=2202836097631,=1413042614998.5698,=3.2901,=0.1244,=9.8430,=5.1353,=3.4711
2025-06-20,=957.8700,=985.2500,=3327992911450.0898,=2192413340781,=1406646600266.8804,=3.2790,=0.1186,=9.8430,=5.1358,=3.4718
2025-06-19,=962.9400,=990.4700,=3344922929055.1387,=2206926433435,=1414207020193.5596,=3.2707,=0.1162,=9.8430,=5.1363,=3.4723
2025-06-18,=968.1800,=995.6800,=3369697567972.2891,=2220661296375,=1421848592284.7302,=3.3255,=0.1356,=9.8701,=5.1363,=3.4723
2025-06-17,=963.0800,=990.4400,=3356595500553.4185,=2205581260234,=1414664476495.2798,=3.3046,=0.1307,=9.8701,=5.1363,=3.4747
2025-06-16,=970.8900,=998.4700,=3388035514457.7197,=2226048954194,=1426298228910.3604,=3.2982,=0.1274,=9.8701,=5.1368,=3.4747
2025-06-13,=972.9400,=1000.4800,=3365871016751.8301,=2198536490376,=1400104219548.9202,=3.2938,=0.1242,=9.8701,=5.1372,=3.4762
2025-06-12,=977.9700,=1005.2000,=3377419968425.0601,=2209307587096,=1407113995454.1299,=3.3420,=0.1403,=9.8701,=5.1396,=3.4842
2025-06-11,=980.9300,=1008.2200,=3384896706956.3296,=2214071653203,=1411602471435.0300,=3.3571,=0.1455,=9.8874,=5.1419,=3.4842
2025-06-10,=982.9000,=1010.2400,=3392376063256.2402,=2214997694114,=1414175216987.1101,=3.3304,=0.1355,=9.8874,=5.1427,=3.4867
2025-06-09,=997.6100,=1025.3600,=3440372438635.2212,=2252477538209,=1435617074190.9795,=3.3908,=0.1593,=9.8874,=5.1436,=3.4886
2025-06-06,=991.6400,=1019.0900,=3414290443813.0811,=2226174121042,=1427731878569.9102,=3.3611,=0.1459,=9.8874,=5.1452,=3.4887
2025-06-05,=996.4100,=1023.9900,=3425405049250.0811,=2237987413305,=1434804743058.1399,=3.3651,=0.1477,=9.8874,=5.1468,=3.4895
2025-06-04,=986.1100,=1012.9100,=3396486340389.2104,=2216714872652,=1419999496611.2400,=3.3724,=0.1495,=9.9042,=5.1477,=3.4895
2025-06-03,=981.7100,=1008.3900,=3377964307215.3203,=2205128515854,=1413830963639.1699,=3.3433,=0.1403,=9.9042,=5.1487,=3.4931
2025-05-30,=977.0300,=1003.5100,=3369535777478.0195,=2196944803707,=1406634189352.0503,=3.3310,=0.1362,=9.9042,=5.1489,=3.4931
2025-05-29,=986.3000,=1012.4100,=3397258183850.7397,=2219401176928,=1420457792932.7805,=3.3633,=0.1448,=9.9042,=5.1491,=3.4984
2025-05-28,=970.6400,=996.3300,=3342190851618.6802,=2182864186389,=1397803224749.7900,=3.3115,=0.1321,=9.9042,=5.1494,=3.5009
2025-05-27,=972.9200,=998.6300,=3356142068918.8901,=2187857478646,=1401292989438.6602,=3.3284,=0.1348,=9.9313,=5.1497,=3.5009
2025-05-26,=982.2600,=1008.2200,=3386320358371.6309,=2212008368357,=1414977127167.3401,=3.3513,=0.1401,=9.9313,=5.1535,=3.5014
2025-05-23,=980.5800,=1006.4900,=3373162023540.2412,=2207732681161,=1412516080082.3904,=3.3514,=0.1402,=9.9313,=5.1573,=3.5034
2025-05-22,=990.7100,=1016.8900,=3408165160490.1904,=2229291042377,=1426949786119.3403,=3.3877,=0.1497,=9.9313,=5.1574,=3.5068
2025-05-21,=995.4900,=1021.7900,=3425677391795.4600,=2241479428042,=1433985911243.7402,=3.4253,=0.1601,=9.9313,=5.1575,=3.5074
2025-05-20,=997.6800,=1024.0400,=3435632718631.4502,=2247227929674,=1437113293604.7195,=3.4271,=0.1611,=9.9812,=5.1591,=3.5074
2025-05-19,=995.2500,=1021.5600,=3434290953891.8496,=2243877262807,=1433734706524.3301,=3.4361,=0.1698,=9.9812,=5.1607,=3.5116
2025-05-16,=995.2400,=1021.5400,=3430516607449.0498,=2244718821869,=1433228025683.4695,=3.4226,=0.1597,=9.9812,=5.1630,=3.5123
2025-05-15,=1000.9700,=1027.2800,=3445525299736.3906,=2256673838474,=1441325288062.2300,=3.4314,=0.1667,=9.9812,=5.1652,=3.5150
2025-05-14,=1013.7700,=1040.4200,=3491822109904.9609,=2284643821769,=1459921410284.6892,=3.4867,=0.1874,=9.9812,=5.1660,=3.5206
2025-05-13,=1009.6800,=1036.2200,=3479546285946.8491,=2275186988982,=1453614139868.7195,=3.5014,=0.1936,=9.9847,=5.1667,=3.5206
2025-05-12,=1011.2300,=1037.8100,=3488637772306.2300,=2279454620177,=1456549554204.0300,=3.4842,=0.1869,=9.9847,=5.1713,=3.5207
2025-05-09,=1006.3200,=1032.7700,=3475547482021.7798,=2271902811664,=1449179671385.6299,=3.3954,=0.1543,=9.9847,=5.1760,=3.5210
2025-05-08,=1026.4400,=1053.3500,=3549304762855.3804,=2312790977649,=1479088587549.4998,=3.4515,=0.1734,=9.9847,=5.1806,=3.5223
2025-05-07,=1030.1900,=1057.1900,=3564906898049.2388,=2318923753773,=1484535641982.4597,=3.4057,=0.1554,=9.9847,=5.1853,=3.5228
2025-05-06,=1026.5200,=1053.4300,=3542766412042.9902,=2308302153510,=1479326111198.6499,=3.3824,=0.1504,=9.9979,=5.1878,=3.5228
2025-04-30,=1012.4200,=1038.9600,=3496655135875.9507,=2275318628002,=1459202783091.1101,=3.3178,=0.1341,=9.9979,=5.1904,=3.5261
2025-04-29,=1003.8700,=1030.1800,=3475255936546.3496,=2259999595270,=1434597400642.7800,=3.0854,=0.0615,=9.9979,=5.1916,=3.5262
2025-04-28,=1002.8300,=1029.1200,=3477254888614.7305,=2262417127472,=1426979439630.8994,=3.1266,=0.0624,=9.9979,=5.1929,=3.5280
2025-04-25,=1004.5700,=1030.9100,=3477278093875.3496,=2261587092366,=1428557227076.8799,=3.1466,=0.0685,=9.9979,=5.1930,=3.5302
2025-04-24,=1003.3200,=1029.6200,=3479341008633.0298,=2238503812077,=1427000948317.6602,=3.1426,=0.0668,=10.0084,=5.1931,=3.5302
2025-04-23,=1012.6500,=1039.2000,=3509497800376.1299,=2257000327546,=1434061640374.9204,=3.1705,=0.0730,=10.0084,=5.1946,=3.5338
2025-04-22,=1016.2200,=1042.8600,=3526265265900.1196,=2267478156242,=1439358959443.1899,=3.1510,=0.0696,=10.0084,=5.1960,=3.5363
2025-04-21,=1019.4100,=1046.1400,=3531247738388.9609,=2275274503304,=1444188444043.8101,=3.1905,=0.0827,=10.0084,=5.1960,=3.5374
2025-04-18,=1008.6000,=1035.0400,=3500853539798.9292,=2190262298648,=1368339310642.2200,=3.1797,=0.0758,=10.0084,=5.1961,=3.5414
2025-04-17,=1016.8100,=1043.4700,=3529349773534.0103,=2206322000384,=1377898258205.5696,=3.1847,=0.0776,=10.0187,=5.1986,=3.5414
2025-04-16,=1014.5100,=1041.1100,=3525502872718.6909,=2201330625667,=1377442588032.8899,=3.2047,=0.0838,=10.0187,=5.2012,=3.5480
2025-04-15,=1006.3400,=1032.7200,=3489260399218.7700,=2182048315654,=1367949988358.9402,=3.2264,=0.0908,=10.0187,=5.2021,=3.5483
2025-04-14,=1014.2800,=1040.8700,=3514619842361.4604,=2200411203830,=1378357805536.4700,=3.2373,=0.0944,=10.0187,=5.2029,=3.5528
2025-04-11,=1011.7100,=1038.2300,=3510408971460.5303,=2195366694795,=1373871768093.5503,=3.2324,=0.0919,=10.0187,=5.2052,=3.5573
2025-04-10,=991.2200,=1017.2100,=3441601949557.2808,=2156949779037,=1345648453444.0500,=3.2153,=0.0867,=10.0303,=5.2076,=3.5573
2025-04-09,=980.5700,=1006.2800,=3410635769915.2896,=2134845307527,=1329794968429.7705,=3.1669,=0.0719,=10.0303,=5.2078,=3.5587
2025-04-08,=940.0900,=964.7400,=3263332681867.2495,=2047523755828,=1276224757936.5298,=3.0960,=0.0623,=10.0303,=5.2080,=3.5735
2025-04-07,=924.1700,=948.4000,=3203385580163.5898,=2005011909726,=1254685416207.3999,=2.9906,=0.0404,=10.0303,=5.2100,=3.5763
2025-04-03,=1018.0700,=1044.7600,=3504288742003.6699,=2207454871970,=1378231383017.5703,=3.4718,=0.1670,=10.0303,=5.2120,=3.5827
2025-04-02,=1022.7500,=1049.5600,=3505551371148.1104,=2215078130987,=1384556246074.6599,=3.5302,=0.1891,=10.0425,=5.2125,=3.5827
2025-04-01,=1024.3800,=1051.2300,=3508157269247.4502,=2218393314963,=1386243506772.3899,=3.5483,=0.1937,=10.0425,=5.2131,=3.5860
2025-03-31,=1022.7100,=1049.5300,=3509920825536.8101,=2212790155453,=1384724477979.8601,=3.5262,=0.1877,=10.0425,=5.2139,=3.5991
2025-03-28,=1029.4800,=1056.4700,=3532893835311.0698,=2230167736720,=1393790142062.7305,=3.6145,=0.2046,=10.0425,=5.2148,=3.6006
2025-03-27,=1040.5700,=1067.8500,=3571860328933.7490,=2253085670503,=1408888336878.2100,=3.6469,=0.2118,=10.0425,=5.2156,=3.6006
2025-03-26,=1029.0500,=1056.0300,=3531398478704.6411,=2233430700842,=1391642121786.2000,=3.6699,=0.2182,=10.0441,=5.2165,=3.5991
2025-03-25,=1031.7000,=1058.7400,=3539241637647.4102,=2239141746339,=1395341153473.6997,=3.6525,=0.2131,=10.0441,=5.2199,=3.5991
2025-03-24,=1045.9400,=1073.3600,=3588724321008.6299,=2265109492197,=1412329959949.0701,=3.6401,=0.2097,=10.0441,=5.2232,=3.5991
2025-03-21,=1042.8900,=1070.2300,=3585338238604.7998,=2260550966600,=1407877062011.2395,=3.6681,=0.2161,=10.0441,=5.2249,=3.5991
2025-03-20,=1064.7900,=1092.7100,=3657318309081.8799,=2305819032829,=1437288965857.9602,=3.6993,=0.2252,=10.0441,=5.2265,=3.5991
2025-03-19,=1076.9400,=1105.1700,=3692827370981.9102,=2331881460193,=1453930513437.5205,=3.7244,=0.2334,=10.0474,=5.2275,=3.5860
2025-03-18,=1089.8300,=1118.4000,=3733652010575.5811,=2362439663732,=1468017412305.5100,=3.7431,=0.2371,=10.0474,=5.2285,=3.5860
2025-03-17,=1083.2100,=1111.6100,=3715318237290.9102,=2347766532673,=1458277634621.0198,=3.7023,=0.2258,=10.0474,=5.2289,=3.5860
2025-03-14,=1088.1100,=1116.6400,=3734482532302.2710,=2343468841688,=1455273512172.6201,=3.7040,=0.2269,=10.0474,=5.2293,=3.5860
2025-03-13,=1069.7000,=1097.7500,=3674750873811.8701,=2306200249636,=1430833526954.1602,=3.6287,=0.2084,=10.0474,=5.2295,=3.5860
2025-03-12,=1092.7100,=1121.3500,=3753595589138.8501,=2351201035688,=1460306383247.2700,=3.6590,=0.2148,=10.0778,=5.2297,=3.5827
2025-03-11,=1100.7400,=1129.6000,=3775738072774.1899,=2369705387608,=1469719337704.2000,=3.7031,=0.2248,=10.0778,=5.2309,=3.5827
2025-03-10,=1105.1600,=1134.1400,=3783097395408.8589,=2377044236317,=1476930561607.9297,=3.7047,=0.2250,=10.0778,=5.2320,=3.5827
2025-03-07,=1107.6200,=1136.6600,=3792416061452.4790,=2388640894948,=1483797223305.2795,=3.6844,=0.2198,=10.0778,=5.2380,=3.5827
2025-03-06,=1121.5800,=1150.9900,=3844072544916.8701,=2417002751174,=1501130595569.8696,=3.7161,=0.2263,=10.0778,=5.2440,=3.5827
2025-03-05,=1083.8200,=1112.2300,=3730261602592.6299,=2334452422084,=1454527560884.0500,=3.6586,=0.2149,=10.0879,=5.2445,=3.5763
2025-03-04,=1080.6600,=1109,=3720828196017.3091,=2329575241576,=1452165285839.9297,=3.6921,=0.2222,=10.0879,=5.2450,=3.5763
2025-03-03,=1062.3500,=1090.2000,=3669246927498.0898,=2294312318820,=1426283939847.3301,=3.6916,=0.2215,=10.0879,=5.2453,=3.5763
2025-02-28,=1078.8000,=1107.0800,=3723731934299.0991,=2317995914501,=1445473734103.2100,=3.6598,=0.2154,=10.0879,=5.2455,=3.5763
2025-02-27,=1126.2900,=1155.8100,=3878267297875.0103,=2417309073138,=1506724749513.1597,=3.7530,=0.2309,=10.0879,=5.2470,=3.5763
2025-02-26,=1126.8200,=1156.3600,=3886238358386.0801,=2425225451323,=1508414025989.7498,=3.7650,=0.2329,=10.0882,=5.2485,=3.5735
2025-02-25,=1102.9000,=1131.8200,=3798306909566.7402,=2377671927022,=1475661594882.6094,=3.6359,=0.2115,=10.0882,=5.2490,=3.5735
2025-02-24,=1100.0500,=1128.8900,=3800324882242.3398,=2374107446929,=1473989361913.8899,=3.6347,=0.2108,=10.0882,=5.2495,=3.5735
2025-02-21,=1094.7700,=1123.4700,=3791989194155.5498,=2361586431714,=1470484829792.5300,=3.6469,=0.2128,=10.0882,=5.2517,=3.5735
2025-02-20,=1033.0900,=1060.1700,=3582977447282.4893,=2239808461155,=1395788222530.3904,=3.5763,=0.2013,=10.0882,=5.2539,=3.5735
2025-02-19,=1034.5700,=1061.6900,=3600339939835.4102,=2242870006801,=1397805551397.1497,=3.5991,=0.2033,=10.0948,=5.2555,=3.5587
2025-02-18,=1011.1700,=1037.6800,=3519967620910.8389,=2192777984473,=1363955189648.2598,=3.5480,=0.1971,=10.0948,=5.2571,=3.5587
2025-02-17,=1037.3100,=1064.5000,=3605308466003.8101,=2246101434584,=1397374411859.8999,=3.5827,=0.2009,=10.0948,=5.2581,=3.5735
2025-02-14,=1022.4600,=1049.2700,=3553627769724.2305,=2218264323257,=1379284331661.5901,=3.5587,=0.1993,=10.0948,=5.2592,=3.5735
2025-02-13,=1017.0900,=1043.7500,=3550553884103.5010,=2206623953441,=1371503535125.6396,=3.5228,=0.1913,=10.0948,=5.2638,=3.5860
2025-02-12,=1041.1400,=1068.4300,=3639737567453.8101,=2257916403051,=1403776357930.2402,=3.5573,=0.1978,=10.1042,=5.2685,=3.5860
2025-02-11,=1024.4100,=1051.2700,=3573352352153.3599,=2220621656250,=1378304286657.7097,=3.5206,=0.1880,=10.1042,=5.2697,=3.6006
2025-02-10,=1036.7700,=1063.9500,=3625104259989.8296,=2247521170972,=1397844659254.4399,=3.6054,=0.2009,=10.1042,=5.2710,=3.6051
2025-02-07,=1018.8000,=1045.5100,=3566193789507.4707,=2209340924145,=1377120060514.5903,=3.6051,=0.2002,=10.1042,=5.2719,=3.6051
2025-02-06,=1011.2200,=1037.7300,=3552696142410.1104,=2189484308439,=1370853515806.5801,=3.5363,=0.1940,=10.1042,=5.2729,=3.6128
2025-02-05,=982.8300,=1008.5900,=3459360993249.7495,=2130992478790,=1329494840068.5002,=3.4277,=0.1522,=10.1127,=5.2733,=3.6128
2025-01-27,=955.0900,=980.1300,=3344191584857.6802,=2071745796152,=1288854242266.7800,=3.4351,=0.1578,=10.1127,=5.2737,=3.6141
2025-01-24,=974.8300,=1000.3900,=3416122295559.9893,=2065626308553,=1313529679143.1599,=3.4697,=0.1699,=10.1127,=5.2742,=3.6262
2025-01-23,=966.1100,=991.4300,=3384011476147.3198,=2043176536089,=1300511204415.7800,=3.4268,=0.1508,=10.1127,=5.2746,=3.6278
2025-01-22,=975.3400,=1000.9100,=3420672438553.8398,=2058787153868,=1312581446700.9399,=3.4298,=0.1537,=10.1127,=5.2766,=3.6454
2025-01-21,=976.3000,=1001.8600,=3433582974831.0396,=2060615420813,=1316005688273.3301,=3.4482,=0.1612,=10.1228,=5.2785,=3.6454
2025-01-20,=968.2700,=993.6200,=3416147289379.3198,=2042810510350,=1305331023583.7305,=3.4664,=0.1650,=10.1228,=5.2786,=3.6463
2025-01-17,=965.9000,=991.1900,=3417534337430.9907,=2037737137833,=1305098332826.3398,=3.4711,=0.1670,=10.1228,=5.2787,=3.6548
2025-01-16,=956.4000,=981.4400,=3362551083047.0107,=2015932034870,=1289229607929.6399,=3.4747,=0.1680,=10.1228,=5.2788,=3.6702
2025-01-15,=977.6600,=1003.2600,=3441883076852.6099,=2054609411674,=1310272710060.2200,=3.4400,=0.1581,=10.1228,=5.2790,=3.6703
2025-01-14,=981.7800,=1007.4800,=3451753195985.3203,=2067254288416,=1316013792626.6897,=3.4654,=0.1628,=10.1640,=5.2815,=3.6703
2025-01-13,=952.1900,=977.1200,=3350209037088.3398,=1995435893940,=1272042784775.8701,=3.3664,=0.1372,=10.1640,=5.2841,=3.6726
2025-01-10,=950.5900,=975.4800,=3331850019945.8188,=1987880752935,=1268003218254.4399,=3.3331,=0.1300,=10.1640,=5.2849,=3.6761
2025-01-09,=961.4400,=986.6100,=3359191523452.3101,=2010684962958,=1283112750410.9399,=3.4307,=0.1531,=10.1640,=5.2856,=3.6902
2025-01-08,=965.1200,=990.3900,=3358795339898.7798,=2018959117613,=1286000063288.8098,=3.4665,=0.1616,=10.1640,=5.2933,=3.6908
2025-01-07,=965.5300,=990.8100,=3368384069850.3506,=2020979740383,=1288213038283.6802,=3.4587,=0.1590,=10.1657,=5.3011,=3.6908
2025-01-06,=938.7100,=963.2800,=3275322451765.1094,=1972033053291,=1256346009927.7200,=3.4691,=0.1610,=10.1657,=5.3032,=3.6934
2025-01-03,=941.8200,=966.4800,=3291911603743.3696,=1978562402489,=1263453409998.1694,=3.4931,=0.1676,=10.1657,=5.3054,=3.7089
2025-01-02,=955.3300,=980.3500,=3345465339777.6201,=2006203419663,=1280327694612.0305,=3.5414,=0.1816,=10.1657,=5.3074,=3.7138
2024-12-31,=988.9300,=1014.8300,=3471570581126.1602,=2073754947450,=1326889772074.7698,=3.6278,=0.1883,=10.1657,=5.3093,=3.7182
2024-12-30,=1020.6300,=1047.3600,=3581442114334.9995,=2136499824390,=1369742859346.9900,=3.7089,=0.1978,=10.1729,=5.3141,=3.7182
2024-12-27,=1018.5800,=1045.2500,=3563009357436.0503,=2128258906473,=1368478711830.2302,=3.7182,=0.1989,=10.1729,=5.3189,=3.7201
2024-12-26,=1027.0200,=1053.9100,=3578389426801.6094,=2142494197562,=1379292751254.8000,=3.7634,=0.2056,=10.1729,=5.3192,=3.7253
2024-12-25,=1017.3600,=1043.9900,=3567571690437.2603,=2124385800821,=1366086417157,=3.7529,=0.2048,=10.1729,=5.3195,=3.7253
2024-12-24,=1014.0200,=1040.5700,=3548138306999.7808,=2127045578015,=1361601535097.1499,=3.8167,=0.2181,=10.1729,=5.3238,=3.7253
2024-12-23,=998.6100,=1024.7500,=3493944553483.9297,=2096715482736,=1341045721184.7700,=3.7687,=0.2062,=10.1744,=5.3280,=3.7201
2024-12-20,=1011.2100,=1037.6900,=3524377770639.0811,=2128566532229,=1355346578303.7495,=3.8194,=0.2176,=10.1744,=5.3283,=3.7201
2024-12-19,=993,=1019,=3434459062984.6099,=2097342750300,=1330485672780.3701,=3.8424,=0.2234,=10.1744,=5.3286,=3.7201
2024-12-18,=981.5127,=1007.2100,=3394712376425.4702,=2077810476771,=1315821764401.2300,=3.8435,=0.2236,=10.1744,=5.3303,=3.7201
2024-12-17,=967.2764,=992.6000,=3353537621912.0898,=2048701210475,=1300115565730.3899,=3.8417,=0.2228,=10.1744,=5.3320,=3.7201
2024-12-16,=975.2684,=1000.8000,=3371830288078.7290,=2062237719949,=1310241513827.5601,=3.8805,=0.2324,=10.2071,=5.3363,=3.7138
2024-12-13,=989.7764,=1015.6900,=3423839344382.9297,=2096743482973,=1331481793043.2000,=3.9582,=0.2533,=10.2071,=5.3405,=3.7138
2024-12-12,=1010.8953,=1037.3600,=3511033250293.3496,=2139260448482,=1360252661419.9895,=4.0190,=0.2714,=10.2071,=5.3436,=3.7138
2024-12-11,=1007.1900,=1033.5600,=3498277765767.1699,=2134120611354,=1358457573827.5701,=4.0190,=0.2716,=10.2071,=5.3467,=3.7138
2024-12-10,=1010.9100,=1037.3800,=3515316516615.0298,=2135445332670,=1364853204422.7500,=4.0140,=0.2700,=10.2071,=5.3472,=3.7138
2024-12-09,=1003.3800,=1029.6500,=3492798732492.2095,=2121537465101,=1355227320413.1802,=3.9995,=0.2665,=10.2300,=5.3476,=3.6934
2024-12-06,=1014.4500,=1041.0100,=3531059629805.0288,=2140776344511,=1369095331405.8601,=4.0287,=0.2743,=10.2300,=5.3493,=3.6934
2024-12-05,=1001.8400,=1028.0800,=3489157197788.2295,=2116111675570,=1350543970487.5403,=3.9750,=0.2594,=10.2300,=5.3510,=3.6934
2024-12-04,=999.3600,=1025.5200,=3484601252248.4004,=2106895921406,=1347643976362.9294,=3.9677,=0.2578,=10.2300,=5.3550,=3.6934
2024-12-03,=1005.2600,=1031.5900,=3503900412394.7012,=2123417399574,=1353917655999.0598,=4.0327,=0.2741,=10.2300,=5.3591,=3.6934
2024-12-02,=1015.7900,=1042.3800,=3539617692672.3999,=2143731926922,=1369324401924.6899,=4.0341,=0.2744,=10.2377,=5.3671,=3.6908
2024-11-29,=1007.3900,=1033.7700,=3511941195411.4600,=2126076785259,=1356602882399.5801,=3.9909,=0.2623,=10.2377,=5.3751,=3.6908
2024-11-28,=983.6800,=1009.4400,=3431433100630.5308,=2073041290358,=1324311755337.1804,=3.9061,=0.2427,=10.2377,=5.3835,=3.6908
2024-11-27,=985.9700,=1011.7900,=3439037996181.4189,=2079431066489,=1328033985773.9800,=3.9214,=0.2448,=10.2377,=5.3919,=3.6908
2024-11-26,=951.5900,=976.5100,=3322405062181.9590,=2010936769682,=1284814823600.5400,=3.8292,=0.2222,=10.2377,=5.3954,=3.6908
2024-11-25,=957.9200,=983,=3344875261906.8198,=2025141325577,=1292407122508.7102,=3.8532,=0.2291,=10.2410,=5.3989,=3.6902
2024-11-22,=969.3500,=994.7300,=3381813082993.6792,=2044773866564,=1307734105856.8799,=3.8155,=0.2198,=10.2410,=5.4083,=3.6902
2024-11-21,=1011.4600,=1037.9500,=3528737313660.8804,=2131011981235,=1363973074777.3501,=3.9910,=0.2590,=10.2410,=5.4176,=3.6902
2024-11-20,=1002.5400,=1028.2800,=3504591461537.1899,=2113787286991,=1355473992435.8398,=3.9912,=0.2593,=10.2410,=5.4268,=3.6902
2024-11-19,=998.0100,=1023.6400,=3492179795978.7603,=2102115709491,=1350584106420.2100,=3.9979,=0.2595,=10.2410,=5.4360,=3.6902
2024-11-18,=968.7100,=993.5900,=3391860261236.8989,=2039762455775,=1311181789755.7800,=3.8937,=0.2378,=10.2991,=5.4369,=3.6761
2024-11-15,=986.8800,=1012.2200,=3457120124181.3203,=2041906310588,=1337472512058.1304,=3.9615,=0.2524,=10.2991,=5.4377,=3.6761
2024-11-14,=1027.3200,=1053.7000,=3583254762810.7305,=2123364334733,=1393773011876.8298,=4.0898,=0.2727,=10.2991,=5.4384,=3.6761
2024-11-13,=1061.3700,=1088.6200,=3695395913928.8198,=2192764237719,=1440023802225.0903,=4.2083,=0.2845,=10.2991,=5.4390,=3.6761
2024-11-12,=1050.5400,=1077.5100,=3672889308876.4609,=2166111445900,=1430103934920.0803,=4.2132,=0.2848,=10.2991,=5.4425,=3.6761
2024-11-11,=1073.8400,=1101.4100,=3763770379442.5898,=2207277323102,=1460784088063.4895,=4.2744,=0.2917,=10.3103,=5.4461,=3.6726
2024-11-08,=1025.6400,=1051.9700,=3610836661485.0400,=2108765517307,=1391290932181.9895,=4.1410,=0.2824,=10.3103,=5.4462,=3.6726
2024-11-07,=1028.4400,=1054.8500,=3624622925745.7798,=2111413737254,=1386775149690.1201,=4.1124,=0.2769,=10.3103,=5.4463,=3.6726
2024-11-06,=998.0900,=1023.7200,=3512697102444.4990,=2050457370921,=1347371526517.2605,=4.0960,=0.2753,=10.3103,=5.4467,=3.6726
2024-11-05,=996.1700,=1021.7500,=3501225310407.8604,=2030753616902,=1347270258972.5100,=4.0905,=0.2746,=10.3103,=5.4471,=3.6726
2024-11-04,=954.6700,=979.1800,=3337085420613.5908,=1949162622153,=1292108173566.4097,=3.9845,=0.2584,=10.3355,=5.4552,=3.6703
2024-11-01,=939.7600,=963.9000,=3284791514004.6211,=1919119493177,=1270723738726.5198,=3.9451,=0.2519,=10.3355,=5.4632,=3.6703
2024-10-31,=969.4500,=994.3400,=3381845489522.1509,=1979063536044,=1308222367121.4800,=4.0270,=0.2657,=10.3355,=5.4634,=3.6703
2024-10-30,=958.8200,=983.4400,=3341790006489.5898,=1960124300094,=1290594509421.8181,=3.9430,=0.2505,=10.3355,=5.4635,=3.6703
2024-10-29,=975.3700,=1000.4200,=3421206304399.6108,=1990686192454,=1311791370287.2798,=4.0241,=0.2623,=10.3355,=5.4644,=3.6703
2024-10-28,=986.5600,=1011.8900,=3461066927239.7603,=2014339951929,=1324566322255.1621,=4.1291,=0.2733,=10.3685,=5.4653,=3.6702
2024-10-25,=991.2200,=1016.6700,=3482325409162.0298,=2021413177961,=1324385793522.9468,=4.1859,=0.2774,=10.3685,=5.4662,=3.6702
2024-10-24,=977.6000,=1002.7000,=3438435767690.1416,=1993844659358,=1305249625128.3147,=3.9786,=0.2573,=10.3685,=5.4671,=3.6702
2024-10-23,=979.1500,=1004.2900,=3445427122924.7988,=2000914201665,=1308435418177.5381,=4.0816,=0.2702,=10.3685,=5.4685,=3.6702
2024-10-22,=985.8300,=1011.1500,=3466408014697.0098,=2010784585441,=1318470018894.2002,=4.0243,=0.2626,=10.3685,=5.4700,=3.6702
2024-10-21,=1000.3700,=1026.0600,=3511056600465.6709,=2041879587931,=1334868147173.1938,=3.9676,=0.2561,=10.3720,=5.4729,=3.6548
2024-10-18,=978.6600,=1003.7600,=3413515352953.0596,=2001747428497,=1305058881808.3186,=3.8579,=0.2339,=10.3720,=5.4758,=3.6548
2024-10-17,=879.1000,=901.6500,=3063223964659.8496,=1812107399551,=1175415351537.9280,=3.6454,=0.1980,=10.3720,=5.4763,=3.6548
2024-10-16,=875.6900,=898.1500,=3052070990047.5811,=1806463190496,=1173094059882.7051,=3.6934,=0.2061,=10.3720,=5.4768,=3.6702
2024-10-15,=898.8300,=921.8400,=3123718840296.4600,=1856158054083,=1202758140639.3999,=3.8133,=0.2219,=10.3720,=5.4774,=3.6702
2024-10-14,=925.9600,=949.6600,=3218666661756.0601,=1910695863278,=1238408156380.4341,=3.8947,=0.2397,=10.4195,=5.4781,=3.6548
2024-10-11,=898.9000,=921.9100,=3112052729435.2700,=1859071039125,=1204151618514.1648,=3.8445,=0.2282,=10.4195,=5.4785,=3.6548
2024-10-10,=954.1700,=978.5900,=3299033516913.8901,=1969460987519,=1278218653599.2036,=4.0011,=0.2539,=10.4195,=5.4790,=3.6548
2024-10-09,=997.8500,=1023.3600,=3441040074042.0103,=2044236632162,=1335349665940.3594,=4.0269,=0.2571,=10.4195,=5.4894,=3.6548
2024-10-08,=1023.9700,=1050.1400,=3503558001102.5591,=2130779388458,=1375665637023.5188,=4.4987,=0.3350,=10.4195,=5.4999,=3.6548
2024-09-30,=872.3700,=894.6600,=2991040647355.1602,=1822793246691,=1172024587990.8181,=3.8812,=0.2360,=10.4460,=5.5028,=3.6463
2024-09-27,=740.0200,=758.9300,=2541033483710.4902,=1550170257265,=996133532409.5389,=3.3269,=0.1368,=10.4460,=5.5056,=3.6463
2024-09-26,=693.1500,=710.8700,=2383010033854.3701,=1454440883708,=933007058864.1448,=3.1339,=0.0700,=10.4460,=5.5092,=3.6548
2024-09-25,=667.3400,=684.3900,=2299693154202.9307,=1401639966777,=897900009141.4441,=3.0292,=0.0562,=10.4460,=5.5127,=3.6702
2024-09-24,=667.0500,=684.1000,=2293059718467.5195,=1399881943890,=897901491726.8966,=3.0290,=0.0553,=10.4460,=5.5141,=3.6703
2024-09-23,=643.0400,=659.4800,=2213250974141.1611,=1349721838151,=865036929619.0514,=2.9013,=0.0128,=10.4670,=5.5155,=3.6703
2024-09-20,=648.3600,=664.9300,=2231069200680.3999,=1353896509601,=873082977227.5282,=2.9211,=0.0198,=10.4670,=5.5207,=3.6726
2024-09-19,=651.4700,=668.1200,=2238581708975.6904,=1356674917471,=876646105379.0291,=2.9344,=0.0228,=10.4670,=5.5260,=3.6761
2024-09-18,=647.4100,=663.9600,=2220242184887.3696,=1347417493308,=870999144728.3350,=2.8977,=0.0119,=10.4670,=5.5281,=3.6902
2024-09-13,=655.0500,=671.7900,=2200046115296.6401,=1325773183847,=860311626827.2604,=2.8768,=0.0079,=10.4670,=5.5302,=3.6908
2024-09-12,=658.8500,=675.6900,=2211646552856.5996,=1333947702534,=866343863469.5737,=2.9211,=0.0169,=10.4870,=5.5554,=3.6908
2024-09-11,=664.3300,=681.3100,=2227511875208.3296,=1344945300972,=873413369651.7100,=2.9194,=0.0149,=10.4870,=5.5805,=3.7138
2024-09-10,=660.0100,=676.8800,=2218268671442.1499,=1333019738559,=867692825552.1914,=2.8807,=0.0090,=10.4870,=5.5842,=3.7201
2024-09-09,=654.9400,=671.6800,=2205687094674.3999,=1322706875217,=861457875313.0389,=2.8677,=0.0070,=10.4870,=5.5878,=3.7253
2024-09-06,=662.3400,=679.2700,=2230069706242.9800,=1339510414871,=871390507830.7501,=2.9086,=0.0110,=10.4870,=5.6064,=3.7298
2024-09-05,=671.2600,=688.4200,=2260135450110.6899,=1357722849588,=884639664026.5475,=2.9767,=0.0319,=10.5064,=5.6251,=3.7298
2024-09-04,=672.2800,=689.4700,=2261721571666.4404,=1357230940451,=882591412696.9054,=2.9472,=0.0200,=10.5064,=5.6353,=3.7315
2024-09-03,=674.9600,=692.2100,=2272022154271.0098,=1360161621023,=886073303282.1910,=2.9531,=0.0200,=10.5064,=5.6455,=3.7406
2024-09-02,=670.0100,=687.1400,=2262294795221.6299,=1348974757601,=877955822520.7323,=2.9169,=0.0110,=10.5064,=5.6479,=3.7465
2024-08-30,=694.1600,=711.9100,=2337365408860.9800,=1391171195151,=894166910341.5052,=2.9456,=0.0180,=10.5064,=5.6504,=3.7642
2024-08-29,=679.5900,=696.9600,=2291863399429.7202,=1364591475251,=872355097351.4342,=2.9203,=0.0110,=10.5376,=5.6570,=3.7642
2024-08-28,=671.2200,=688.3800,=2267706907485.5000,=1346635946735,=861061860045.8174,=2.8410,=0.0040,=10.5376,=5.6635,=3.7718
2024-08-27,=674.3500,=691.5800,=2274659824424.4600,=1355255644917,=863393197679.4193,=2.8369,=0.0030,=10.5376,=5.6697,=3.7817
2024-08-26,=682.5000,=699.9400,=2304736434099.8896,=1373325438783,=869463294976.2631,=2.8554,=0.0040,=10.5376,=5.6759,=3.7826
2024-08-23,=685.7600,=703.2900,=2319274844901.1211,=1379339439953,=872511294026.1754,=2.8278,=0.0020,=10.5376,=5.6862,=3.7926
2024-08-22,=685.5300,=703.0500,=2314902974201.7705,=1376310868397,=862645489923.6429,=2.8158,=0,=10.5404,=5.6965,=3.7926
2024-08-21,=691.6400,=709.3100,=2335626224934.4604,=1388330524669,=870507816769.2836,=2.8536,=0.0010,=10.5404,=5.7110,=3.7951
2024-08-20,=693.5200,=711.2500,=2344517994347.4102,=1391800255377,=874374483362.1426,=2.8777,=0.0010,=10.5404,=5.7256,=3.8058
2024-08-19,=703.3200,=721.3000,=2376979882329.5796,=1409305684279,=885654380984.3993,=2.9076,=0.0030,=10.5404,=5.7387,=3.8092
2024-08-16,=705.2200,=723.2500,=2381562324138.3906,=1407452738536,=888976380291.1506,=2.9411,=0.0081,=10.5404,=5.7519,=3.8105
2024-08-15,=707.5500,=725.6400,=2388528869691.4204,=1411398218679,=891623526361.8881,=2.9617,=0.0101,=10.5420,=5.7535,=3.8105
2024-08-14,=700.9300,=718.8500,=2363689539637.5098,=1399796191126,=883764700170.4221,=2.9353,=0.0061,=10.5420,=5.7551,=3.8137
2024-08-13,=710.7500,=728.9100,=2392113860007.2202,=1420380199015,=890906188078.0381,=2.9733,=0.0142,=10.5420,=5.7553,=3.8158
2024-08-12,=707.3300,=725.4100,=2381235583539.0801,=1413671356821,=886340372060.6567,=2.9657,=0.0112,=10.5420,=5.7555,=3.8213
2024-08-09,=705.5500,=723.5800,=2375057985938.0498,=1411183955942,=883426189505.5083,=2.9625,=0.0092,=10.5420,=5.7600,=3.8322
2024-08-08,=708.9200,=727.0400,=2382260686022.4399,=1418419473309,=889284989627.4656,=2.9923,=0.0183,=10.5498,=5.7646,=3.8322
2024-08-07,=707.5900,=725.1200,=2379447381910.3296,=1416151978218,=887616741936.9927,=2.9928,=0.0183,=10.5498,=5.7681,=3.8378
2024-08-06,=713.8600,=731.5500,=2395198340079.2603,=1427261187250,=895029419478.6240,=3.0036,=0.0204,=10.5498,=5.7717,=3.8414
2024-08-05,=704.3000,=721.7500,=2365806046552.5698,=1408381973268,=882790333587.9281,=2.9286,=0.0041,=10.5498,=5.7781,=3.8447
2024-08-02,=725.6600,=743.6400,=2429056731747.1094,=1440186516843,=908982572075.8566,=2.9728,=0.0102,=10.5498,=5.7844,=3.8457
2024-08-01,=738.8700,=757.1800,=2467425868910.0801,=1465270024082,=924703577105.7660,=3.0189,=0.0194,=10.5810,=5.7957,=3.8457
2024-07-31,=743.3700,=761.7900,=2478772033813.0098,=1476999975602,=930187793601.5616,=3.0568,=0.0277,=10.5810,=5.8070,=3.8501
2024-07-30,=710.0100,=727.5600,=2374645828450.0298,=1410447281144,=889302893986.6179,=2.9289,=0.0041,=10.5810,=5.8239,=3.8648
2024-07-29,=707.6000,=724.8300,=2369068745202.9102,=1409071076335,=885783486538.0834,=2.9409,=0.0041,=10.5810,=5.8408,=3.8655
2024-07-26,=719.8700,=737.4100,=2415438823505.0303,=1430372091036,=901218380671.5298,=2.9997,=0.0154,=10.5810,=5.8501,=3.8702
2024-07-25,=713.8800,=730.9400,=2393230467249.9097,=1420190091467,=892747422859.8162,=2.9915,=0.0134,=10.5879,=5.8594,=3.8702
2024-07-24,=713.3200,=730.3200,=2386635810664.2300,=1417479556506,=891945017124.7086,=2.9285,=0.0031,=10.5879,=5.8631,=3.8774
2024-07-23,=721.1100,=738.2500,=2411162314559.3696,=1433210657717,=903052831244.1158,=2.9846,=0.0093,=10.5879,=5.8668,=3.8816
2024-07-22,=752,=769.8700,=2506747147024.4800,=1492692152436,=941229468181.2000,=3.0770,=0.0248,=10.5879,=5.8669,=3.8821
2024-07-19,=749.4700,=767.2800,=2499332593780.6792,=1488779983925,=937405920861.5120,=3.0767,=0.0238,=10.5879,=5.8671,=3.8856
2024-07-18,=735.4100,=752.8500,=2445960797842.8198,=1459538088976,=920152774229.8252,=3.0320,=0.0145,=10.5916,=5.8802,=3.8856
2024-07-17,=729,=746.2200,=2421335005947.7900,=1445787535229,=912284219085.6416,=2.9910,=0.0104,=10.5916,=5.8933,=3.8962
2024-07-16,=732.0600,=749.3600,=2436325778671.5498,=1449146408881,=915871185890.2122,=2.9870,=0.0093,=10.5916,=5.8976,=3.9021
2024-07-15,=715.8600,=732.7700,=2392240366923.8203,=1417084139911,=898694875173.2561,=2.9635,=0.0052,=10.5916,=5.9020,=3.9101
2024-07-12,=718.3700,=735.3400,=2402784026286.7002,=1427021027000,=902636664880.2948,=3.0473,=0.0125,=10.5916,=5.9047,=3.9126
2024-07-11,=718.0400,=735,=2405086740921.7305,=1430307766169,=901903973353.5586,=3.0514,=0.0146,=10.5921,=5.9074,=3.9126
2024-07-10,=710.3700,=727.1500,=2381417223841.0796,=1413034434854,=891160481174.0129,=2.9686,=0.0052,=10.5921,=5.9088,=3.9307
2024-07-09,=709.8900,=726.6600,=2382298877733.8901,=1411361635245,=890698293238.2158,=2.9547,=0.0031,=10.5921,=5.9103,=3.9308
2024-07-08,=692.4900,=708.8500,=2324638669249.5000,=1378277154479,=870076650084.6586,=2.9015,=0.0021,=10.5921,=5.9110,=3.9366
2024-07-05,=698.8500,=715.3600,=2349515923559.3706,=1391761764694,=878100172074.7296,=2.9836,=0.0042,=10.5921,=5.9118,=3.9426
2024-07-04,=690.3800,=706.6800,=2320572412289.3589,=1375931579036,=866876639602.3251,=2.9581,=0.0021,=10.6021,=5.9123,=3.9426
2024-07-03,=701.7800,=718.3600,=2356800864683.9204,=1399717918820,=881324998125.5536,=3.0146,=0.0042,=10.6021,=5.9128,=3.9429
2024-07-02,=699.1200,=715.6400,=2350639360482.6504,=1397587764865,=877645457556.6338,=3.0250,=0.0042,=10.6021,=5.9191,=3.9439
2024-07-01,=709.6000,=726.3200,=2381405673666.9497,=1419155426688,=890498871422.4338,=3.0685,=0.0084,=10.6021,=5.9254,=3.9523
2024-06-28,=712.0800,=728.8600,=2384721447991.9009,=1426566252502,=894746075230.4059,=3.0482,=0.0063,=10.6021,=5.9289,=3.9534
2024-06-27,=715.3600,=732.0600,=2387326608439.2104,=1435218391071,=899123087425.6619,=3.0541,=0.0063,=10.6031,=5.9323,=3.9534
2024-06-26,=729.6400,=746.6800,=2434806276583.8301,=1464171619450,=917074315683.5840,=3.1347,=0.0084,=10.6031,=5.9366,=3.9664
2024-06-25,=717.7500,=734.5100,=2396229207646.5601,=1439920387863,=901976364144.9480,=3.0725,=0.0063,=10.6031,=5.9408,=3.9698
2024-06-24,=739.1400,=756.4000,=2465244353398.4692,=1478813805080,=928411234449.9940,=3.1362,=0.0084,=10.6031,=5.9475,=3.9877
2024-06-21,=758.3700,=776.0800,=2533429379761.0908,=1515272008959,=952309703782.4060,=3.2402,=0.0380,=10.6031,=5.9542,=4.0115
2024-06-20,=755.1500,=772.6800,=2525844234765.7402,=1509033815381,=947916358875.9358,=3.2319,=0.0348,=10.6152,=5.9563,=4.0115
2024-06-19,=751.6900,=768.6100,=2514240479821.2988,=1503711710804,=943301753762.0680,=3.2792,=0.0571,=10.6152,=5.9583,=4.0131
2024-06-18,=756.9000,=773.7700,=2535594313634.0498,=1516593278163,=950170144924.4780,=3.3528,=0.0370,=10.6152,=5.9600,=4.0140
2024-06-17,=757.1100,=773.8500,=2535807227530.1504,=1517591234851,=949962970610.7180,=3.3581,=0.0784,=10.6152,=5.9617,=4.0320
2024-06-14,=754.2600,=770.8600,=2487107403080.5205,=1502965298041,=945928162252.7760,=3.1861,=0.0212,=10.6152,=5.9663,=4.0352
2024-06-13,=758.9800,=775.6600,=2509342200616.9399,=1512105311383,=953831456312.7976,=3.1918,=0.0234,=10.6179,=5.9708,=4.0352
2024-06-12,=754.9300,=771.5000,=2495651574877.7300,=1503302705043,=949055941017.2482,=3.1509,=0.0106,=10.6179,=5.9832,=4.0477
2024-06-11,=755.8300,=772.3500,=2502028057490.9897,=1502986666130,=950015669165.2180,=3.1495,=0.0096,=10.6179,=5.9955,=4.0487
2024-06-07,=737.9300,=754.0300,=2449595458925.7104,=1462801322510,=928432183993.4778,=3.1361,=0.0075,=10.6179,=5.9971,=4.0613
2024-06-06,=743.2300,=758.3200,=2463271441194.4502,=1475140285075,=935832504277.9301,=3.1794,=0.0139,=10.6179,=5.9987,=4.0722
2024-06-05,=752.0400,=766.8800,=2488902278064.9702,=1492745423023,=946357088995.8719,=3.2564,=0.0395,=10.6217,=6.0018,=4.0722
2024-06-04,=753.6400,=768.5100,=2488695276638.6699,=1496887058218,=948024144079.8680,=3.2869,=0.0534,=10.6217,=6.0050,=4.1034
2024-06-03,=750.4300,=765.2300,=2473260511359.4897,=1489260688783,=943328223772.8524,=3.2678,=0.0449,=10.6217,=6.0051,=4.1204
2024-05-31,=743.2300,=757.8900,=2453545103471.4497,=1474473500079,=933784337269.2760,=3.2781,=0.0482,=10.6217,=6.0052,=4.1337
2024-05-30,=742.7000,=757.2500,=2447733418240.3999,=1473337645691,=932956647983.2098,=3.2752,=0.0472,=10.6217,=6.0061,=4.1345
2024-05-29,=734.3300,=748.4100,=2416061258652.7100,=1460496471175,=922412493261.5104,=3.2606,=0.0397,=10.6264,=6.0070,=4.1345
2024-05-28,=734.8500,=748.9400,=2417485396582.5801,=1461133049893,=922484211281.9280,=3.1881,=0.0172,=10.6264,=6.0073,=4.1351
2024-05-27,=738.6500,=752.8100,=2431579412826.9907,=1468391761218,=927176974891.0880,=3.2223,=0.0258,=10.6264,=6.0076,=4.1415
2024-05-24,=727.2100,=741.1500,=2392548868757.4404,=1450673367581,=913848375158.6340,=3.2065,=0.0205,=10.6264,=6.0083,=4.2268
2024-05-23,=742.4000,=756.6100,=2436667196700.5200,=1482129086793,=931739315706.7679,=3.2512,=0.0323,=10.6264,=6.0090,=4.2425
2024-05-22,=754.9700,=769.4100,=2479976593219.4404,=1506721451916,=947349784353.2502,=3.3326,=0.0572,=10.6387,=6.0144,=4.2425
2024-05-21,=748.2400,=762.5500,=2455495935844.1396,=1495955897191,=938235243752.0800,=3.1903,=0.0173,=10.6387,=6.0199,=4.2565
2024-05-20,=753.5400,=767.9600,=2474751329420.2705,=1504512423605,=944256123209.1158,=3.2413,=0.0270,=10.6387,=6.0211,=4.2596
2024-05-17,=754.4200,=768.8500,=2480509182630,=1507107738009,=946319486070.4102,=3.2665,=0.0357,=10.6387,=6.0224,=4.2612
2024-05-16,=746.4700,=760.6300,=2454646743811.5898,=1492203958753,=937616866427.4700,=3.2557,=0.0325,=10.6387,=6.0241,=4.2673
2024-05-15,=749.4700,=763.6900,=2465051705840.3701,=1501975929604,=942525131835.6100,=3.2899,=0.0412,=10.6391,=6.0259,=4.2673
2024-05-14,=760.3000,=774.7300,=2499078549690.6196,=1523354912175,=956597545377.5698,=3.3360,=0.0521,=10.6391,=6.0275,=4.2713
2024-05-13,=763.6900,=778.1800,=2510068865890.4297,=1531439491845,=961104203723.0900,=3.3513,=0.0543,=10.6391,=6.0292,=4.2815
2024-05-10,=767.1700,=781.7300,=2523356259068.4502,=1537155567866,=965779991654.6200,=3.3823,=0.0609,=10.6391,=6.0297,=4.2989
2024-05-09,=778.8700,=793.6500,=2557872123557.1504,=1557779842233,=979351877906.3496,=3.4169,=0.0686,=10.6391,=6.0302,=4.3025
2024-05-08,=761.6600,=776.1100,=2501379478775.2891,=1524149370562,=959383986004.3101,=3.3107,=0.0502,=10.6425,=6.0307,=4.3025
2024-05-07,=769.7900,=784.4000,=2523253880113.3301,=1538365452021,=969814241623.7000,=3.3692,=0.0546,=10.6425,=6.0311,=4.3048
2024-05-06,=777.6600,=792.4200,=2544189821373.7500,=1555510103570,=979150563123.7100,=3.3754,=0.0568,=10.6425,=6.0345,=4.3103
2024-04-30,=767.4600,=782.0200,=2501767556898.3799,=1519732937848,=964413387094.8800,=3.3010,=0.0470,=10.6425,=6.0379,=4.3330
2024-04-29,=776.1500,=790.8800,=2532561297439.4600,=1535668371210,=982583050460.9602,=3.3012,=0.0471,=10.6425,=6.0379,=4.3367
2024-04-26,=752.2500,=766.5200,=2466267001940.7295,=1491542630259,=941288831623.3398,=3.1763,=0.0132,=10.6482,=6.0380,=4.3367
2024-04-25,=733.3400,=747.2600,=2407839524438.0400,=1455086092106,=913818395595.5096,=3.1291,=0.0066,=10.6482,=6.0394,=4.3481
2024-04-24,=738.6300,=752.6500,=2423345108479.6709,=1471226989832,=920071222178.8900,=3.1540,=0.0088,=10.6482,=6.0408,=4.3529
2024-04-23,=727.8500,=741.6600,=2392024380881.9990,=1449565991710,=906600843889.5602,=3.1859,=0.0132,=10.6482,=6.0434,=4.3564
2024-04-22,=731.8100,=745.6900,=2405295379642.6904,=1459518571259,=902910927240.9600,=3.2513,=0.0264,=10.6482,=6.0460,=4.3608
2024-04-19,=730.5600,=744.4200,=2402516908782.8301,=1455906341740,=901016291139.3400,=3.2453,=0.0254,=10.6602,=6.0476,=4.3608
2024-04-18,=745.6900,=759.8400,=2443167245723.7500,=1482741762004,=919427457685.3300,=3.2953,=0.0364,=10.6602,=6.0491,=4.3742
2024-04-17,=750.8900,=765.1300,=2454736825329.9097,=1491499851827,=925879025458.0298,=3.3063,=0.0398,=10.6602,=6.0615,=4.3746
2024-04-16,=733.1500,=747.0600,=2398256388573.9805,=1458514556557,=904378451559.4404,=3.1996,=0.0144,=10.6602,=6.0738,=4.3761
2024-04-15,=750.9000,=765.1400,=2452107687214.5303,=1494630070236,=926433958473.0200,=3.2961,=0.0365,=10.6602,=6.0806,=4.3763
2024-04-12,=738.4300,=752.4400,=2412426111298.6011,=1465756021106,=908865808831.4500,=3.2523,=0.0244,=10.6602,=6.0875,=4.3763
2024-04-11,=738.6700,=752.6900,=2417940421050.6396,=1464847620628,=908426185192.1600,=3.2090,=0.0144,=10.6602,=6.0891,=4.3834
2024-04-10,=735.7300,=749.6900,=2415132079418.6396,=1455361739722,=904874257520.5398,=3.2171,=0.0156,=10.6602,=6.0908,=4.3838
2024-04-09,=749.6300,=763.8500,=2457255892396.4600,=1480453464099,=921387098858.3000,=3.2859,=0.0300,=10.6602,=6.0917,=4.3842
2024-04-08,=740.6700,=754.7200,=2427110234005.1602,=1463621881156,=907082012109.3300,=3.1747,=0.0089,=10.6602,=6.0925,=4.3864
2024-04-03,=756.7600,=771.1200,=2481471577094.8301,=1493022297913,=926807632033.3600,=3.2669,=0.0234,=10.6609,=6.0948,=4.3864
2024-04-02,=768.7900,=783.3700,=2516882164226.4805,=1520710016955,=941368297784.0398,=3.2960,=0.0290,=10.6609,=6.0970,=4.3867
2024-04-01,=775.5300,=790.2400,=2539472623264.5498,=1533969170749,=949923582932.4498,=3.2858,=0.0268,=10.6609,=6.0989,=4.3913
2024-03-29,=762.7400,=777.2100,=2501018201281.7500,=1508979585401,=933279021187.2800,=3.1980,=0.0123,=10.6609,=6.1009,=4.3938
2024-03-28,=763.2700,=777.7600,=2496839278989.8496,=1508869966377,=933987958400.8398,=3.1799,=0.0101,=10.6609,=6.1016,=4.3958
2024-03-27,=752.8200,=767.1000,=2460383444765.8301,=1487514391061,=921002888329.8600,=3.1443,=0.0067,=10.6663,=6.1024,=4.3958
2024-03-26,=772.0900,=786.7400,=2519676667200.8301,=1523012704159,=944544852468.5598,=3.2419,=0.0157,=10.6663,=6.1033,=4.4001
2024-03-25,=781.6500,=796.4800,=2545260138453.2905,=1539245844618,=955245283298.6000,=3.2100,=0.0101,=10.6663,=6.1043,=4.4054
2024-03-22,=794.2000,=809.2700,=2586016633216.3599,=1563126930641,=968809299614.4598,=3.2637,=0.0169,=10.6663,=6.1149,=4.4071
2024-03-21,=806.1400,=821.4300,=2632262437896.4600,=1581454058378,=983031332320.1802,=3.3649,=0.0259,=10.6663,=6.1254,=4.4101
2024-03-20,=814.0300,=829.4700,=2661006168128.3501,=1598645244224,=992129150779.5498,=3.4278,=0.0395,=10.6720,=6.1256,=4.4101
2024-03-19,=811.7700,=827.1700,=2654939772684.8496,=1590112644135,=989198779840.4398,=3.4451,=0.0463,=10.6720,=6.1258,=4.4143
2024-03-18,=825.4000,=841.0600,=2693970763194.8501,=1613925422883,=1006113296874.8602,=3.4895,=0.0542,=10.6720,=6.1271,=4.4157
2024-03-15,=808.6700,=824.0200,=2642614244476.4795,=1582467765105,=985841409787.4402,=3.4424,=0.0452,=10.6720,=6.1284,=4.4161
2024-03-14,=804.8600,=820.1200,=2624342350667.6201,=1572045236137,=981187609253.1000,=3.4321,=0.0419,=10.6720,=6.1284,=4.4164
2024-03-13,=814.9300,=830.3900,=2655030363358.5898,=1591161714019,=993579677011.3496,=3.4762,=0.0488,=10.6797,=6.1284,=4.4164
2024-03-12,=817.7500,=833.2600,=2662864241671.6797,=1596829479693,=997161008722.6300,=3.5074,=0.0568,=10.6797,=6.1287,=4.4239
2024-03-11,=818.4400,=833.9700,=2671419879976.0498,=1597727265735,=997623883913.7704,=3.5374,=0.0670,=10.6797,=6.1290,=4.4242
2024-03-08,=803.2000,=818.4400,=2554643324047.2300,=1574584385619,=983395931597.3300,=3.3805,=0.0284,=10.6797,=6.1357,=4.4258
2024-03-07,=794.2400,=809.3100,=2525879147747.9805,=1558197903457,=972544111190.0300,=3.3182,=0.0228,=10.6797,=6.1424,=4.4292
2024-03-06,=811.9000,=827.3000,=2578862457211.3501,=1590961710241,=994131829872.9604,=3.3930,=0.0296,=10.6802,=6.1517,=4.4292
2024-03-05,=817.7700,=833.2900,=2592393807114.4404,=1600738174043,=1001728384671.0398,=3.3441,=0.0240,=10.6802,=6.1610,=4.4337
2024-03-04,=818.5100,=834.0400,=2597042991981.5601,=1598913986501,=1002328688812.5402,=3.3955,=0.0297,=10.6802,=6.1654,=4.4372
2024-03-01,=815.4900,=830.9600,=2591777385217.5195,=1591347044070,=998645734926.6398,=3.4199,=0.0320,=10.6802,=6.1699,=4.4379
2024-02-29,=807.7100,=823.0300,=2568568521288.1797,=1573762967734,=989183327677.8098,=3.3745,=0.0252,=10.6802,=6.1718,=4.4411
2024-02-28,=771.5900,=786.2300,=2454683427870.8203,=1504300642280,=944544031326.0200,=3.2440,=0.0149,=10.6843,=6.1737,=4.4411
2024-02-27,=796.9100,=812.0300,=2530463889956.5103,=1550194025255,=975936359141.0100,=3.3366,=0.0218,=10.6843,=6.1756,=4.4414
2024-02-26,=768.4900,=783.0700,=2443622931455.8604,=1500292516032,=941278714803.1604,=3.2701,=0.0172,=10.6843,=6.1775,=4.4477
2024-02-23,=764.4800,=778.9900,=2428210197799.9199,=1492191037025,=936505075307.4700,=3.2608,=0.0150,=10.6843,=6.1902,=4.4507
2024-02-22,=762.3800,=776.8500,=2423107564121.1899,=1488164159298,=933562714532.6300,=3.2330,=0.0127,=10.6843,=6.2030,=4.4526
2024-02-21,=755.1600,=769.4800,=2401597153494.2896,=1474343654689,=924918557644.1801,=3.2224,=0.0115,=10.6905,=6.2069,=4.4526
2024-02-20,=754.7000,=769.0200,=2397922391814.6904,=1473770562948,=924624291710.5798,=3.1821,=0.0092,=10.6905,=6.2108,=4.4542
2024-02-19,=763.3200,=777.8000,=2424382164826.7603,=1487332944058,=934749161014.9598,=3.2193,=0.0092,=10.6905,=6.2132,=4.4566
2024-02-08,=751.5000,=765.7600,=2391235133218,=1457726293664,=920626051043.8700,=3.2686,=0.0104,=10.6905,=6.2157,=4.4612
2024-02-07,=743.4200,=757.5300,=2362197827725.5791,=1446276199096,=910784173872.0298,=3.1762,=0.0081,=10.6905,=6.2162,=4.4620
2024-02-06,=720.8000,=734.4700,=2305418998929.3301,=1400248352581,=883318334440.2301,=3.0407,=0.0046,=10.6942,=6.2167,=4.4620
2024-02-05,=676.7900,=689.6300,=2163188211038.8201,=1314741356657,=830173994512.7399,=2.8234,=0,=10.6942,=6.2199,=4.4646
2024-02-02,=673.4100,=686.1800,=2154383506330.6597,=1309550384183,=825570482354.8998,=2.8831,=0,=10.6942,=6.2230,=4.4658
2024-02-01,=690.0100,=703.1000,=2203028755749.8105,=1340407174517,=845567528946.4696,=2.9748,=0,=10.6942,=6.2284,=4.4662
2024-01-31,=684.8500,=697.8400,=2194884998511.4399,=1331242376885,=839063699134.2399,=2.9944,=0,=10.6942,=6.2337,=4.4685
2024-01-30,=697.8500,=711.0800,=2230449076281.9800,=1357397528193,=854727130206.7899,=3.0477,=0,=10.6977,=6.2463,=4.4685
2024-01-29,=725.3100,=739.0700,=2317477215341.9297,=1407602467739,=888099215553.5201,=3.1519,=0,=10.6977,=6.2589,=4.4707
2024-01-26,=746.1000,=760.2500,=2381007910190.7598,=1446969328495,=913925641149.0200,=3.2998,=0.0035,=10.6977,=6.2710,=4.4777
2024-01-25,=765.7900,=780.3200,=2437747391297.2705,=1480436569560,=938023840643.9696,=3.3729,=0.0035,=10.6977,=6.2830,=4.4801
2024-01-24,=750.2700,=764.5100,=2380472905591.2412,=1448844903320,=918992958101.0200,=3.2848,=0.0012,=10.6977,=6.2972,=4.4803
2024-01-23,=749.7400,=763.9700,=2372635516471.3003,=1442324161107,=918474195759.7600,=3.2904,=0.0012,=10.7036,=6.3114,=4.4803
2024-01-22,=742.2300,=756.3100,=2344618909055.9897,=1429677330076,=909893935871.3500,=3.2365,=0,=10.7036,=6.3286,=4.4803
2024-01-19,=765.4700,=779.9900,=2418712656254.4697,=1473947656095,=938332238188.1300,=3.3938,=0.0024,=10.7036,=6.3458,=4.4885
2024-01-18,=768.2800,=782.8600,=2428520005643.1997,=1480615059531,=941101342750.9598,=3.4285,=0.0059,=10.7036,=6.3540,=4.4892
2024-01-17,=757.0400,=771.4100,=2394021226823.9292,=1439150142789,=927188630770.8900,=3.3897,=0,=10.7036,=6.3622,=4.4934
2024-01-16,=777.4000,=792.1500,=2458618166693.9209,=1476649399058,=952233550793.5300,=3.4984,=0.0165,=10.7042,=6.3715,=4.4934
2024-01-15,=773.4100,=788.0800,=2446271474254.7397,=1467650807991,=946991690098.7800,=3.4723,=0.0106,=10.7042,=6.3807,=4.4971
2024-01-12,=778.3600,=793.1200,=2457799114774.8096,=1477539456922,=953146098238.8302,=3.5150,=0.0213,=10.7042,=6.3905,=4.5011
2024-01-11,=789.8600,=804.8500,=2493867448708.7705,=1496233325854,=967512971396.5000,=3.5210,=0.0225,=10.7042,=6.4002,=4.5076
2024-01-10,=777.1500,=791.9000,=2458548951897.3696,=1470768830522,=951986196476.7200,=3.4365,=0.0059,=10.7042,=6.4059,=4.5184
2024-01-09,=782.9300,=797.7800,=2478512771715.8003,=1481424477268,=959371679593.1500,=3.4164,=0.0024,=10.7122,=6.4116,=4.5184
2024-01-08,=784.4300,=799.3100,=2487310038815.0400,=1484907778506,=961137747802.1100,=3.3900,=0,=10.7122,=6.4213,=4.5324
2024-01-05,=807.7300,=823.0500,=2557424247907.2402,=1520082913463,=989673095116.5398,=3.4747,=0.0071,=10.7122,=6.4310,=4.5448
2024-01-04,=823.8500,=839.4800,=2610373567792.1699,=1548471638962,=1009330745399.5601,=3.5280,=0.0203,=10.7122,=6.4359,=4.5995
2024-01-03,=829.7700,=845.5100,=2628919308632.3101,=1560415699579,=1016563017968.2900,=3.5860,=0.0239,=10.7122,=6.4408,=4.6210
2024-01-02,=839.8000,=855.7300,=2657005008599.6396,=1582380456209,=1029422306404.9800,=3.6006,=0.0239,=10.7235,=6.4895,=4.6210
2023-12-29,=852,=868.1700,=2687015928375.8101,=1586136373798,=1044498709028.9000,=3.6548,=0.0287,=10.7235,=6.5382,=4.6345
2023-12-28,=850.3900,=866.5200,=2682353063526.3599,=1580668336306,=1042357499363.1700,=3.6703,=0.0299,=10.7235,=6.5453,=4.7297
2023-12-27,=830.0600,=845.8000,=2619531399738.9502,=1541945310337,=1017974357937.2102,=3.4887,=0.0084,=10.7235,=6.5523,=4.7618
2023-12-26,=825.2600,=840.9100,=2609079711778.5498,=1531050121327,=1011307127932.7598,=3.5068,=0.0120,=10.7235,=6.5601,=4.7622
2023-12-25,=837.2200,=853.1100,=2644331688450.6201,=1553144020776,=1026056149937.1500,=3.5338,=0.0180,=10.7261,=6.5678,=4.7622
2023-12-22,=843.3200,=859.3200,=2663866879489.0498,=1558887704494,=1033443850518.3702,=3.5207,=0.0144,=10.7261,=6.6027,=4.8455
2023-12-21,=847.8200,=863.9000,=2674597415149.6797,=1568927304070,=1039466071063.3900,=3.4886,=0.0072,=10.7261,=6.6376,=4.8543
2023-12-20,=835.7100,=851.5700,=2639792386073.1895,=1547563456792,=1025034542295.4900,=3.4058,=0,=10.7261,=6.6420,=4.8908
2023-12-19,=845.8600,=861.9100,=2670149122997.3999,=1565969250798,=1037219331950.5300,=3.4402,=0.0024,=10.7261,=6.6465,=4.8940
2023-12-18,=840.6800,=856.6300,=2653919554889.9102,=1558397298307,=1030840087020.5900,=3.4276,=0,=10.7284,=6.6480,=4.8940
2023-12-15,=847.5100,=863.5900,=2675591701042.1099,=1570624064478,=1038919582717.6002,=3.5009,=0.0048,=10.7284,=6.6494,=4.9280
2023-12-14,=855.9000,=872.1400,=2697845805868.2402,=1585061181139,=1049626418796.2300,=3.5034,=0.0048,=10.7284,=6.7050,=4.9295
2023-12-13,=861.2500,=877.5900,=2720194248223.8203,=1594203848464,=1056311626018.3800,=3.5116,=0.0049,=10.7284,=6.7606,=4.9295
2023-12-12,=869.9700,=886.4700,=2744539288992.5601,=1608980849130,=1066204346443.9598,=3.5735,=0.0097,=10.7284,=6.8427,=4.9300
2023-12-11,=878.5200,=895.1800,=2755931142589.7095,=1623887992968,=1076391675926.0900,=3.6141,=0.0109,=10.7365,=6.9247,=4.9300
2023-12-08,=868.2300,=884.7100,=2708499255838.2998,=1618977454551,=1074279190102.4000,=3.5223,=0.0061,=10.7365,=6.9416,=4.9440
2023-12-07,=847.4800,=863.5500,=2644251253066.3198,=1575296508723,=1045998689619.9399,=3.4601,=0.0012,=10.7365,=6.9584,=4.9739
2023-12-06,=848.7900,=864.8900,=2649547603445.0400,=1576625379430,=1051829749300.2300,=3.4662,=0.0012,=10.7365,=6.9846,=4.9806
2023-12-05,=845.8000,=861.8500,=2634284750406.8203,=1567192945667,=1044508164087.2600,=3.4310,=0,=10.7365,=7.0109,=4.9846
2023-12-04,=861.9200,=878.2700,=2678201706531.3999,=1595383121605,=1061912202453.3096,=3.4931,=0,=10.7387,=7.0120,=4.9846
2023-12-01,=867.5400,=883.9900,=2691661266311.1597,=1600175566605,=1065909225239.2902,=3.5123,=0,=10.7387,=7.0132,=4.9931
2023-11-30,=865.6800,=882.1100,=2685550563820.2305,=1593335262944,=1063633735072.5300,=3.5261,=0,=10.7387,=7.0381,=4.9936
2023-11-29,=862.0400,=878.3900,=2674765630143.2300,=1586149149169,=1056770297542.9498,=3.5528,=0,=10.7387,=7.0630,=5.0018
2023-11-28,=871.9100,=887.4700,=2695709043829.5396,=1599098513830,=1063838465606.9200,=3.6262,=0.0012,=10.7387,=7.0702,=5.0058
2023-11-27,=868.0300,=883.5200,=2678636772698.4502,=1588232762602,=1055500376725.2800,=3.6128,=0,=10.7425,=7.0774,=5.0058
2023-11-24,=864.7700,=880.0600,=2658860126238.8901,=1579550462912,=1046882679294.7502,=3.6702,=0.0012,=10.7425,=7.1139,=5.0132
2023-11-23,=877.7700,=893.2900,=2694151427504.1597,=1595939581433,=1063268256892.8298,=3.7201,=0.0074,=10.7425,=7.1504,=5.0139
2023-11-22,=870.7600,=886.1500,=2671634959817.2695,=1584360875961,=1054833972364.5699,=3.6902,=0.0037,=10.7425,=7.1574,=5.0156
2023-11-21,=884.8900,=900.5400,=2711002270954.1099,=1607033058355,=1069114751383.7998,=3.7642,=0.0124,=10.7425,=7.1643,=5.0210
2023-11-20,=892.6300,=908.4100,=2730954358478.4102,=1620258646681,=1078266423994.3199,=3.7826,=0.0149,=10.7431,=7.1655,=5.0210
2023-11-17,=891.3800,=907.0600,=2717748882782.2300,=1613811368319,=1074342880592.2704,=3.7951,=0.0161,=10.7431,=7.1667,=5.0257
2023-11-16,=887.1100,=902.7200,=2705230515258.2998,=1605292390363,=1068544749783.8704,=3.7817,=0.0137,=10.7431,=7.1781,=5.0261
2023-11-15,=902.1800,=918.0500,=2748966739791.0200,=1630416482265,=1085563143785.6500,=3.8702,=0.0323,=10.7431,=7.1895,=5.0264
2023-11-14,=904.3400,=920.2500,=2756614152257.0405,=1634313819039,=1088988031049.8000,=3.8501,=0.0286,=10.7431,=7.1919,=5.0264
2023-11-13,=896.5500,=912.3300,=2727438443335.8799,=1622289631503,=1077286325743.4004,=3.8322,=0.0224,=10.7520,=7.1944,=5.0264
2023-11-10,=889.7500,=905.4000,=2710687704074.3906,=1609317916517,=1070152424793.2798,=3.8158,=0.0200,=10.7520,=7.2044,=5.0280
2023-11-09,=893.8000,=909.5200,=2733024024807.2598,=1614325551203,=1073986061140.7104,=3.8378,=0.0213,=10.7520,=7.2145,=5.0319
2023-11-08,=899.6300,=915.4500,=2757910057401.3008,=1625454375670,=1084189818968.6600,=3.8105,=0.0175,=10.7520,=7.2469,=5.0336
2023-11-07,=891.4600,=907.1400,=2736823815138.0400,=1613304133121,=1074240557800.2498,=3.7926,=0.0138,=10.7520,=7.2792,=5.0342
2023-11-06,=890.2100,=905.8700,=2731625611112.0708,=1609554470115,=1070153303235.8600,=3.8213,=0.0176,=10.7554,=7.2954,=5.0342
2023-11-03,=875.3700,=890.7700,=2689816910561.0298,=1580522173062,=1052573654724.3198,=3.7253,=0.0063,=10.7554,=7.3117,=5.0350
2023-11-02,=859.9300,=875.0600,=2644141807458.5596,=1551563588111,=1032786393854.6300,=3.6726,=0.0013,=10.7554,=7.3210,=5.0369
2023-11-01,=869.9200,=885.2200,=2674463995644.9604,=1566351093640,=1044696194663.5002,=3.7298,=0.0050,=10.7554,=7.3302,=5.0382
2023-10-31,=874.4100,=889.7900,=2680672405834.5903,=1574900373748,=1048926924215.8503,=3.7718,=0.0088,=10.7554,=7.3396,=5.0387
2023-10-30,=878.1300,=893.5000,=2695374347636.7700,=1581009403360,=1049477193734.1198,=3.8414,=0.0126,=10.7591,=7.3490,=5.0387
2023-10-27,=861.8500,=876.9400,=2646630148335.2500,=1542878173915,=1019361570696.3698,=3.8058,=0.0088,=10.7591,=7.3504,=5.0412
2023-10-26,=849.3100,=864.1700,=2611903958481.7612,=1526386531589,=1003180856891.8236,=3.7138,=0.0038,=10.7591,=7.3518,=5.0438
2023-10-25,=848.6500,=863.5000,=2603870165461.1997,=1521197688581,=1002232148682.2828,=3.6761,=0.0013,=10.7591,=7.3680,=5.0444
2023-10-24,=850.6100,=865.5000,=2603397347640.3804,=1521161900004,=1002227367037.4536,=3.6908,=0.0013,=10.7591,=7.3842,=5.0498
2023-10-23,=840.1400,=854.8500,=2584200207174.3989,=1502136562949,=987794407018.1316,=3.6463,=0,=10.7681,=7.4133,=5.0498
2023-10-20,=861.8100,=876.8900,=2635947966791.7705,=1535965545001,=1010618117478.4156,=3.7406,=0.0013,=10.7681,=7.4424,=5.0512
2023-10-19,=870.1000,=885.3300,=2645307489408.8696,=1551886238306,=1018137281056.3622,=3.7315,=0,=10.7681,=7.4776,=5.0515
2023-10-18,=869.7600,=884.9800,=2634860857844.5200,=1555980968960,=1016178187460.6892,=3.7465,=0,=10.7681,=7.5129,=5.0540
2023-10-17,=882.1900,=897.6300,=2660051698622.7900,=1578598564697,=1027505325363.6956,=3.8092,=0,=10.7681,=7.6245,=5.0560
2023-10-16,=874.0300,=889.3200,=2635181016794.1797,=1562982656576,=1016471222539.3368,=3.8137,=0,=10.7684,=7.7362,=5.0560
2023-10-13,=891.7200,=907.3300,=2692183017759.7202,=1593048879109,=1022907485242.6912,=3.8821,=0.0077,=10.7684,=7.7487,=5.0568
2023-10-12,=899.9800,=915.7100,=2716693240237.8901,=1608950979703,=1033505792220.0286,=3.9426,=0.0179,=10.7684,=7.7612,=5.0570
2023-10-11,=893.4500,=909.0600,=2699917042014.5903,=1597453217111,=1024397831145.5682,=3.8774,=0.0051,=10.7684,=7.7615,=5.0576
2023-10-10,=882.0400,=897.4600,=2655300069381.1299,=1578357192227,=1008956265548.1288,=3.8655,=0.0039,=10.7684,=7.7617,=5.0605
2023-10-09,=887.2100,=902.7200,=2667430009185.6401,=1587479186777,=1013242978844.6128,=3.9101,=0.0090,=10.7725,=7.7805,=5.0605
2023-09-28,=887.8000,=903.3200,=2674176166529.2295,=1578398880459,=1014629358712.0756,=3.9307,=0.0103,=10.7725,=7.7993,=5.0610
2023-09-27,=880.1700,=895.5500,=2654709710359.3096,=1567371486434,=1006742405884.2704,=3.9366,=0.0116,=10.7725,=7.8099,=5.0720
2023-09-26,=876.0500,=891.3600,=2632703259599.6792,=1559647683202,=1000788574470.3502,=3.8816,=0.0039,=10.7725,=7.8205,=5.0736
2023-09-25,=874.5500,=889.7500,=2635654540468.2803,=1552270808789,=999026797384.8298,=3.9021,=0.0065,=10.7725,=7.8481,=5.0739
2023-09-22,=882.8800,=898.2200,=2659422755381.7798,=1567606659816,=1009278724260.4900,=3.9439,=0.0104,=10.7873,=7.8758,=5.0739
2023-09-21,=860.3900,=875.3400,=2588724317553.9800,=1525777569387,=980711125241.0496,=3.8648,=0.0026,=10.7873,=7.8779,=5.0758
2023-09-20,=866.0200,=881.0700,=2600884455064.3301,=1528282297556,=987063381902.9202,=3.8856,=0.0026,=10.7873,=7.8801,=5.0854
2023-09-19,=873.6200,=888.8000,=2620586855235.9907,=1541552460198,=996279570769.2798,=3.8962,=0.0026,=10.7873,=7.8831,=5.0898
2023-09-18,=879.5300,=894.8200,=2640404639752.6211,=1550671921877,=1003300377379.1500,=3.9429,=0.0052,=10.7873,=7.8862,=5.0900
2023-09-15,=887.0100,=902.4300,=2668186084806.6401,=1550992399593,=1012094896766.6904,=3.9308,=0.0039,=10.7890,=7.8987,=5.0900
2023-09-14,=880.8000,=896.1100,=2648994473681.5093,=1543950844672,=1005055875773.9398,=3.9126,=0.0026,=10.7890,=7.9112,=5.0902
2023-09-13,=889.1300,=904.5800,=2672945756021.3999,=1557460476141,=1015646426991.5798,=3.9523,=0.0026,=10.7890,=7.9155,=5.0910
2023-09-12,=901.6200,=917.2900,=2710226108126.3296,=1579156828913,=1029973141666.7798,=4.0115,=0.0079,=10.7890,=7.9198,=5.0976
2023-09-11,=907.5100,=923.2700,=2731054153337.5107,=1590983160055,=1038728395804.9200,=4.0131,=0.0079,=10.7890,=7.9217,=5.0976
2023-09-08,=901.5100,=917.1700,=2671601388828.8296,=1540218313896,=1010077679238.0100,=3.8447,=0,=10.7900,=7.9236,=5.0976
2023-09-07,=899.8300,=915.4600,=2669887001671.0898,=1540513878317,=1009235982483.7500,=3.8457,=0,=10.7900,=7.9290,=5.0982
2023-09-06,=934.6000,=950.8400,=2774173655526.4600,=1590309264911,=1047059678921.9800,=3.9534,=0,=10.7900,=7.9345,=5.0986
2023-09-05,=930.6300,=946.8000,=2761807139575.1196,=1584356077982,=1037061912514.1324,=4.0140,=0.0040,=10.7900,=7.9350,=5.1001
2023-09-04,=942.4300,=958.8000,=2800605619599.4702,=1606433350057,=1051945269490.2468,=4.0487,=0.0079,=10.7900,=7.9356,=5.1026
2023-09-01,=934.7900,=951.0300,=2765159795422.1401,=1592517572203,=1042201544546.6884,=4.0320,=0.0040,=10.7927,=7.9391,=5.1026
2023-08-31,=942.6100,=958.9900,=2785613035084.0200,=1607338851762,=1044860065941.5924,=4.0477,=0.0053,=10.7927,=7.9426,=5.1057
2023-08-30,=939.6500,=955.9800,=2775460511156.2900,=1600178004724,=989430406890.5118,=4.1204,=0.0093,=10.7927,=7.9641,=5.1096
2023-08-29,=916.4600,=932.3800,=2705789547533.9800,=1558123687493,=917508659978.5380,=4.1337,=0.0093,=10.7927,=7.9856,=5.1139
2023-08-28,=880.1900,=895.4900,=2600465070276.2212,=1493128465742,=872920482300.9941,=4.0352,=0.0040,=10.7927,=7.9863,=5.1139
2023-08-25,=870.4000,=885.5200,=2569328084268.4204,=1476334605096,=863174182868.4280,=3.9698,=0.0013,=10.7942,=7.9870,=5.1139
2023-08-24,=885.4800,=900.8600,=2609067846758.8901,=1502617264644,=875022933492.2776,=3.9877,=0.0013,=10.7942,=7.9883,=5.1204
2023-08-23,=879.4600,=894.7400,=2593538938513.1509,=1498358137551,=862132739047.5330,=3.9664,=0,=10.7942,=7.9897,=5.1245
2023-08-22,=901.1300,=916.7900,=2654996386174.5000,=1536815039797,=871555961648.0558,=4.0613,=0,=10.7942,=8.0034,=5.1249
2023-08-21,=892.0900,=907.5900,=2639590020988.3599,=1457523199844,=862831567577.8889,=4.0722,=0,=10.7942,=8.0172,=5.1257
2023-08-18,=904.2500,=919.9600,=2674922607341.9902,=1475480187302,=872630183729.3210,=4.1345,=0.0013,=10.7949,=8.0194,=5.1257
2023-08-17,=910.3800,=926.2000,=2692605968077.9102,=1469904959508,=878817897908.8522,=4.1415,=0.0027,=10.7949,=8.0216,=5.1262
2023-08-16,=901.7900,=917.4600,=2668531734790.4600,=1456632524082,=870487888879.5048,=4.1034,=0,=10.7949,=8.0233,=5.1341
2023-08-15,=917.4500,=933.3900,=2709200185242.7197,=1485837267310,=886259077804.8718,=4.1351,=0,=10.7949,=8.0250,=5.1353
2023-08-14,=930.5000,=946.6600,=2743251510209.0903,=1504017186459,=898237790892.1548,=4.2612,=0.0054,=10.7949,=8.0305,=5.1363
2023-08-11,=938.7700,=955.0600,=2765374938680.1602,=1465805046320,=906138204926.9476,=4.3330,=0.0148,=10.7958,=8.0359,=5.1363
2023-08-10,=959.1700,=975.5800,=2825957099196.5000,=1495842141476,=925501809310.2804,=4.4054,=0.0391,=10.7958,=8.0446,=5.1363
2023-08-09,=957.3700,=973.7500,=2827548785824.7788,=1496362613391,=923787662065.1748,=4.3864,=0.0311,=10.7958,=8.0532,=5.1372
2023-08-08,=965.5300,=982.0500,=2856185380321.2397,=1511892169147,=931786108183.6146,=4.3938,=0.0338,=10.7958,=8.1489,=5.1419
2023-08-07,=968.9000,=985.3300,=2861794857165.3105,=1511091904275,=935037849404.3990,=4.4239,=0.0447,=10.7958,=8.2445,=5.1436
2023-08-04,=975.7800,=992.3300,=2885292157437.9297,=1514790821550,=941819573514.6479,=4.4379,=0.0516,=10.8105,=8.2450,=5.1436
2023-08-03,=970.3700,=986.8300,=2873339910250.7998,=1503261040991,=936129838494.2008,=4.4101,=0.0380,=10.8105,=8.2455,=5.1468
2023-08-02,=968.4400,=984.8700,=2860572228510.4600,=1500038265199,=934263277218.9344,=4.3742,=0.0218,=10.8105,=8.3551,=5.1487
2023-08-01,=969.6800,=986.1300,=2863330422918.9697,=1502408249623,=935654081195.6350,=4.3763,=0.0245,=10.8105,=8.4646,=5.1491
2023-07-31,=968.9900,=985.4300,=2864971762363.9497,=1498040151337,=934814869560.1864,=4.3867,=0.0286,=10.8105,=8.5000,=5.1497
2023-07-28,=962.6400,=978.9800,=2845973674581.8003,=1489900510639,=929072941510.8928,=4.3048,=0.0123,=10.8111,=8.5353,=5.1497
2023-07-27,=952.3000,=968.4500,=2818549957216.1597,=1474300649369,=919035064383.0656,=4.2425,=0.0014,=10.8111,=8.5395,=5.1573
2023-07-26,=961.6000,=977.9100,=2845851103308.7500,=1486639138366,=928409705198.0640,=4.2815,=0.0068,=10.8111,=8.5436,=5.1575
2023-07-25,=964.4000,=980.7600,=2851955798799.0898,=1496345599800,=931352225209.7928,=4.2989,=0.0069,=10.8111,=8.5710,=5.1607
2023-07-24,=950.5500,=966.6800,=2813831597724.3398,=1472952991142,=917743341042.4182,=4.2268,=0,=10.8111,=8.5984,=5.1652
2023-07-21,=955.5500,=971.7600,=2826543011092.7505,=1470269242186,=922535420551.4980,=4.2565,=0,=10.8206,=8.6009,=5.1652
2023-07-20,=961.1300,=977.4000,=2852142199216.1797,=1477965197346,=928001241488.2024,=4.2673,=0.0014,=10.8206,=8.6033,=5.1667
2023-07-19,=975.1100,=991.1100,=2890762416040.6899,=1498763590068,=941377267111.8840,=4.3103,=0.0041,=10.8206,=8.6034,=5.1760
2023-07-18,=980.0200,=996.1000,=2908244463925.1792,=1500869885228,=946052337459.7716,=4.3529,=0.0069,=10.8206,=8.6036,=5.1853
2023-07-17,=984.8200,=1000.9500,=2917962962832.5903,=1508741479270,=950865806798.5906,=4.3367,=0.0041,=10.8206,=8.6090,=5.1904
2023-07-14,=991.5600,=1007.8000,=2943296632243.9595,=1513078350099,=957392837142.3770,=4.3834,=0.0111,=10.8223,=8.6145,=5.1904
2023-07-13,=995.9700,=1012.1000,=2954134303016.7300,=1516102909249,=961253379792.8575,=4.4685,=0.0485,=10.8223,=8.6171,=5.1929
2023-07-12,=984.9800,=1000.9300,=2923174031487.6411,=1501025433983,=950372957480.0432,=4.4414,=0.0333,=10.8223,=8.6198,=5.1931
2023-07-11,=1001.4100,=1017.4400,=2977455176936.0293,=1526811362573,=966897661693.2228,=4.4507,=0.0348,=10.8223,=8.6231,=5.1960
2023-07-10,=993.7300,=1009.6300,=2946889162001.1899,=1518525322363,=959605833768.4296,=4.4372,=0.0306,=10.8223,=8.6264,=5.1961
2023-07-07,=991.8500,=1007.5700,=2930071304920.4199,=1521919318458,=957911414912.9460,=4.3958,=0.0153,=10.8381,=8.6291,=5.1961
2023-07-06,=1002.1100,=1018,=2961065563845.5698,=1534272017979,=967827456779.0844,=4.4242,=0.0237,=10.8381,=8.6317,=5.2012
2023-07-05,=1005.7300,=1021.6800,=2975668907860.2402,=1539642209140,=971758818289.4399,=4.4337,=0.0266,=10.8381,=8.6363,=5.2029
2023-07-04,=1015.4000,=1031.4600,=3004853146321.3008,=1553885925613,=980972345672.9476,=4.4662,=0.0392,=10.8381,=8.6409,=5.2076
2023-07-03,=1008.4000,=1024.3500,=2982392393832.9902,=1541552243634,=974276159535.5004,=4.4777,=0.0407,=10.8381,=8.6455,=5.2080
2023-06-30,=1005.1500,=1021.0400,=2967549278957.8691,=1545802053618,=971352402513.0408,=4.4801,=0.0407,=10.8490,=8.6502,=5.2080
2023-06-29,=1001.4600,=1017.2900,=2961729821391.7700,=1540718234638,=967421469456.9594,=4.4292,=0.0253,=10.8490,=8.6541,=5.2120
2023-06-28,=1008.2200,=1024.0900,=2980430113541.6396,=1545955688808,=974083507066.9775,=4.4258,=0.0239,=10.8490,=8.6580,=5.2131
2023-06-27,=1011.3500,=1027.2700,=2994723525288.6396,=1561263788942,=977694447287.2400,=4.4164,=0.0226,=10.8490,=8.6610,=5.2148
2023-06-26,=1010.3100,=1025.7000,=2983788746218.1792,=1554938429120,=976286927653.0876,=4.4157,=0.0198,=10.8490,=8.6641,=5.2165
2023-06-21,=1020.2200,=1035.2000,=3014712541900.0708,=1537013586627,=985548412303.1864,=4.3761,=0.0099,=10.8532,=8.6656,=5.2165
2023-06-20,=1055.4100,=1070.7300,=3118776115766.2510,=1586668610177,=1018982963479.2850,=4.4612,=0.0269,=10.8532,=8.6670,=5.2232
2023-06-19,=1055.4500,=1070.7800,=3123427285755.5098,=1580650576661,=1019573584160.1080,=4.4803,=0.0340,=10.8532,=8.6694,=5.2265
2023-06-16,=1052.8800,=1068.1700,=3112121412047.7500,=1573442964493,=1017168860478.4926,=4.4971,=0.0384,=10.8532,=8.6717,=5.2285
2023-06-15,=1033.8500,=1048.8600,=3057578978888.9497,=1536044252371,=998235846468.6952,=4.4646,=0.0284,=10.8532,=8.6798,=5.2293
2023-06-14,=1035.3100,=1050.0900,=3069351798013.1191,=1541378395729,=1000271437639.3510,=4.3608,=0.0071,=10.8827,=8.6879,=5.2293
2023-06-13,=1039.4600,=1054.3000,=3076726744750.0898,=1548121526445,=1003604130687.3644,=4.4071,=0.0143,=10.8827,=8.6882,=5.2297
2023-06-12,=1026.6400,=1041.1800,=3042967715443.1401,=1530938764906,=990404242484.7970,=4.4143,=0.0143,=10.8827,=8.6885,=5.2320
2023-06-09,=1032.5500,=1047.1700,=3017254236300.5308,=1528729541465,=1000605377405.4600,=4.3564,=0.0057,=10.8827,=8.6901,=5.2440
2023-06-08,=1007.1200,=1021.2000,=2938021804025.7900,=1483394846948,=974866616518.6750,=4.2596,=0,=10.8827,=8.6917,=5.2450
2023-06-07,=1019.0500,=1033.2900,=2970277351319.2012,=1496814650023,=986658991419.4561,=4.2713,=0,=10.8925,=8.6944,=5.2450
2023-06-06,=1022.9800,=1037.2300,=2977333714152.3188,=1501278411788,=990352499122.8954,=4.3025,=0,=10.8925,=8.6970,=5.2455
2023-06-05,=1051.7300,=1066.2500,=3058987174766.2402,=1545867041269,=1017679434830.5192,=4.3746,=0.0014,=10.8925,=8.7000,=5.2485
2023-06-02,=1053.2900,=1067.8200,=3061594656604.8003,=1542647254832,=1018743077559.7904,=4.4526,=0.0115,=10.8925,=8.7029,=5.2495
2023-06-01,=1053.5500,=1068.0800,=3069768320871.4204,=1538868720967,=1018964721337.6678,=4.4001,=0.0058,=10.8925,=8.7116,=5.2539
2023-05-31,=1053.9100,=1068.4500,=3085133140969.0801,=1532154613334,=1018606127330.1500,=4.3842,=0.0029,=10.8981,=8.7202,=5.2539
2023-05-30,=1044.4300,=1058.2000,=3050795779338.5195,=1520294781513,=1009056664226.2336,=4.3838,=0.0014,=10.8981,=8.7277,=5.2571
2023-05-29,=1028.3800,=1041.9200,=3004364415089.9600,=1494182211557,=994426830791.6416,=4.3481,=0,=10.8981,=8.7353,=5.2592
2023-05-26,=1038.6600,=1052.3300,=3024399363379.3701,=1500882725736,=1001455956530.1724,=4.4566,=0.0073,=10.8981,=8.7382,=5.2685
2023-05-25,=1021.7200,=1035.1700,=2979540840173.9800,=1474045043309,=987210164313.0334,=4.4934,=0.0160,=10.8981,=8.7412,=5.2710
2023-05-24,=1011.7700,=1025.0900,=2939391721468.4204,=1464483242060,=977550861728.3026,=4.4658,=0.0087,=10.9000,=8.7418,=5.2710
2023-05-23,=1016.1100,=1029.4800,=2959353843893.2700,=1468464289973,=981263341683.8026,=4.4477,=0.0044,=10.9000,=8.7424,=5.2729
2023-05-22,=1032.1100,=1045.6900,=2998678223426.1812,=1490618260108,=995458674282.2648,=4.4892,=0.0117,=10.9000,=8.7473,=5.2737
2023-05-19,=1040.1600,=1053.8500,=3022573798414.9204,=1505334361135,=1002201719345.0162,=4.4803,=0.0088,=10.9000,=8.7522,=5.2746
2023-05-18,=1034.8200,=1048.3300,=3011496331037.0010,=1495833749360,=996783201478.8380,=4.4620,=0.0059,=10.9000,=8.7586,=5.2785
2023-05-17,=1029.6500,=1043,=2995342902648.7305,=1484052542113,=992085177266.0288,=4.5184,=0.0117,=10.9005,=8.7650,=5.2785
2023-05-16,=1025.8700,=1039.1700,=2978102323184.5098,=1479141903865,=988771460944.9000,=4.5011,=0.0088,=10.9005,=8.7663,=5.2787
2023-05-15,=1025.7900,=1039.0900,=2989097793107.3589,=1480897090204,=988732901877.7008,=4.5076,=0.0088,=10.9005,=8.7677,=5.2790
2023-05-12,=1014.1100,=1027.2600,=2940109641726.9800,=1467499161742,=976824496367.8140,=4.3913,=0,=10.9005,=8.7694,=5.2841
2023-05-11,=1025.9700,=1039.2800,=2973044103858.6304,=1486294938204,=987975236011.5990,=4.4542,=0.0029,=10.9005,=8.7710,=5.2856
2023-05-10,=1025.7100,=1039.0100,=2973017777437.2310,=1488520631527,=987185421429.9174,=4.4411,=0.0015,=10.9006,=8.7715,=5.2856
2023-05-09,=1034.2100,=1047.6300,=3012555173476.4707,=1501807342261,=995035987712.1300,=4.4161,=0,=10.9006,=8.7720,=5.3011
2023-05-08,=1057.2100,=1070.9300,=3088468218819.5801,=1525748857697,=1018431462761.1689,=4.4885,=0.0015,=10.9006,=8.7777,=5.3054
2023-05-05,=1049.0900,=1062.7000,=3076048886919.0400,=1506178464592,=1010656179524.3145,=4.4707,=0,=10.9006,=8.7833,=5.3093
2023-05-04,=1064.2000,=1078.0100,=3115709390694.4600,=1528886225471,=1024893811824.0718,=4.5324,=0,=10.9006,=8.7850,=5.3189
2023-04-28,=1087.8700,=1101.9800,=3181843472017.7397,=1561467304379,=1034922104350.4063,=4.6345,=0.0045,=10.9101,=8.7868,=5.3189
2023-04-27,=1068.0100,=1081.8600,=3115094459173.1411,=1526567115833,=986728861470.0344,=4.5995,=0.0015,=10.9101,=8.7875,=5.3195
2023-04-26,=1069.0100,=1082.8700,=3128753578546.6099,=1528764625404,=981670730081.0028,=4.6210,=0.0015,=10.9101,=8.7882,=5.3280
2023-04-25,=1076.8600,=1089.6500,=3167036555168.9497,=1547818143821,=984920651693.0580,=4.5448,=0,=10.9101,=8.7900,=5.3286
2023-04-24,=1096.3800,=1109.4000,=3200456672592.7705,=1571911621432,=1000534988260.7562,=4.7622,=0.0030,=10.9101,=8.7919,=5.3320
2023-04-21,=1116.8300,=1129.9700,=3255031088294.2388,=1592365614343,=1019837203859.7202,=4.8543,=0.0045,=10.9136,=8.8003,=5.3320
2023-04-20,=1164.9500,=1178.6600,=3390215231921.6396,=1663278406807,=1063857804779.4402,=5.0257,=0.0315,=10.9136,=8.8087,=5.3405
2023-04-19,=1134.4000,=1147.7600,=3305557592967.5400,=1585396608295,=1037062159044.7300,=5.0515,=0.0556,=10.9136,=8.8229,=5.3467
2023-04-18,=1129.8200,=1143.1200,=3282756381023.4199,=1582191718023,=1033833732819.1500,=5.1139,=0.0934,=10.9136,=8.8371,=5.3476
2023-04-17,=1140.1300,=1153.5500,=3306613470312.3496,=1594231762600,=1042602368144.5396,=5.1363,=0.1056,=10.9136,=8.8384,=5.3510
2023-04-14,=1136.2100,=1149.5900,=3283381257703.0010,=1583550441850,=1037376003726.7400,=5.0982,=0.0831,=10.9210,=8.8398,=5.3510
2023-04-13,=1100.1300,=1113.0800,=3190311950929.9902,=1536745243210,=1003358804587.0398,=5.0261,=0.0318,=10.9210,=8.8502,=5.3591
2023-04-12,=1129.4100,=1142.7000,=3269717307534.9292,=1584185724522,=1029493096478.8202,=5.0758,=0.0697,=10.9210,=8.8607,=5.3751
2023-04-11,=1121.7400,=1134.9500,=3235841058900.9604,=1570038948332,=1022525302092.3900,=5.1139,=0.0880,=10.9210,=8.8657,=5.3919
2023-04-10,=1129.1700,=1142.4700,=3257487778476.6196,=1575352376467,=1025015360447.0298,=5.1257,=0.0927,=10.9210,=8.8708,=5.3989
2023-04-07,=1161.0200,=1174.6900,=3339595859263.4004,=1632054849509,=1052632397359.9102,=5.1607,=0.1126,=10.9222,=8.8774,=5.3989
2023-04-06,=1146.9600,=1160.4700,=3302020948980.7104,=1617357987710,=1040153088695.2200,=5.1491,=0.1067,=10.9222,=8.8841,=5.4176
2023-04-04,=1129.0800,=1142.3800,=3255565430256.3989,=1590212113571,=1023672048219.3101,=5.0898,=0.0718,=10.9222,=8.8854,=5.4360
2023-04-03,=1126.4900,=1139.7500,=3245037167459.6802,=1589515998575,=1022534158461,=5.1419,=0.0994,=10.9222,=8.8867,=5.4377
2023-03-31,=1081.5400,=1094.2700,=3116645599112.2397,=1522731941492,=982160440060.9803,=5.0382,=0.0444,=10.9222,=8.8875,=5.4390
2023-03-30,=1065.6900,=1078.2400,=3081296241175.7495,=1490235522635,=948252342295.1198,=5.0264,=0.0337,=10.9427,=8.8882,=5.4390
2023-03-29,=1062.1400,=1074.6400,=3074237049419.0298,=1490053735540,=945296345584.0400,=5.0058,=0.0246,=10.9427,=8.8911,=5.4461
2023-03-28,=1038.6300,=1050.8500,=3008257750887.8501,=1448829794711,=923786178186.4600,=5.1262,=0.0877,=10.9427,=8.8941,=5.4463
2023-03-27,=1057.4900,=1069.9400,=3054857783026.3208,=1474909116181,=939828307464.0898,=5.2485,=0.1433,=10.9427,=8.9003,=5.4471
2023-03-24,=1060.9900,=1073.4800,=3069061680556.8198,=1479380978430,=943409802815.8002,=5.2455,=0.1420,=10.9427,=8.9064,=5.4632
2023-03-23,=1058.9900,=1071.4500,=3073424923255.0503,=1468406565904,=937516850850.1604,=5.2592,=0.1468,=10.9428,=8.9073,=5.4632
2023-03-22,=1034.0500,=1046.2200,=3022957498414.6396,=1422769688301,=915675930895.2400,=5.2076,=0.1207,=10.9428,=8.9081,=5.4635
2023-03-21,=1030.1900,=1042.3100,=3013293320928.0293,=1420330776134,=911769002724.8101,=5.1931,=0.1132,=10.9428,=8.9104,=5.4653
2023-03-20,=1025.3200,=1037.3900,=2986466863718.9795,=1415308821935,=907388052332.8600,=5.1341,=0.0885,=10.9428,=8.9127,=5.4671
2023-03-17,=1015.7600,=1027.7200,=2968981379425.3389,=1405928099110,=899440250139.0701,=5.0986,=0.0762,=10.9428,=8.9193,=5.4700
2023-03-16,=992.4400,=1004.1200,=2903273586058.3398,=1369669421361,=878003364650.3998,=5.0902,=0.0701,=10.9460,=8.9259,=5.4700
2023-03-15,=1007.3000,=1019.1600,=2949944948117.2705,=1387060391349,=889900778418.7301,=5.2131,=0.1186,=10.9460,=8.9262,=5.4758
2023-03-14,=1013.3900,=1025.3200,=2963225480120.9014,=1398242481469,=895805464115.4999,=5.2148,=0.1188,=10.9460,=8.9264,=5.4768
2023-03-13,=998.9100,=1010.6700,=2911978317703.3203,=1381434863953,=882414106842.0201,=5.1960,=0.1095,=10.9460,=8.9318,=5.4781
2023-03-10,=993.5500,=1005.2500,=2796278378483.7788,=1395981055093,=879199904164.9301,=5.2120,=0.1160,=10.9460,=8.9372,=5.4790
2023-03-09,=998.3000,=1010.0600,=2810287614024.8501,=1404398117096,=883426625114.6200,=5.2293,=0.1224,=10.9552,=8.9385,=5.4790
2023-03-08,=994.8900,=1006.6000,=2800033431214.7300,=1399397375591,=880321373265.6000,=5.2285,=0.1211,=10.9552,=8.9398,=5.4999
2023-03-07,=990.5800,=1002.2400,=2786725805228.2192,=1390178906853,=876106223604.7501,=5.2495,=0.1276,=10.9552,=8.9401,=5.5056
2023-03-06,=1007.6300,=1019.5000,=2843030857814.0801,=1416061124040,=891385969584.8300,=5.3189,=0.1514,=10.9552,=8.9403,=5.5127
2023-03-03,=998.9000,=1010.6600,=2811767099767.3696,=1404213506562,=883492731779.2900,=5.2787,=0.1406,=10.9552,=8.9404,=5.5155
2023-03-02,=988.8900,=1000.5400,=2784402163340.2798,=1392022133148,=875023234464.3401,=5.2571,=0.1297,=10.9565,=8.9405,=5.5155
2023-03-01,=994.6300,=1006.3400,=2807874619633.0996,=1396203238047,=879803355124.0199,=5.3011,=0.1442,=10.9565,=8.9423,=5.5260
2023-02-28,=990.4700,=1002.1300,=2798698769926.3501,=1387630569024,=875920101075.5099,=5.2729,=0.1333,=10.9565,=8.9441,=5.5302
2023-02-27,=986.2800,=997.8900,=2786055505347.7500,=1382381771590,=871854920678.5099,=5.2232,=0.1192,=10.9565,=8.9449,=5.5805
2023-02-24,=990.6300,=1002.2900,=2798820113953.0298,=1339758383606,=872346522419.5200,=5.2737,=0.1322,=10.9565,=8.9458,=5.5878
2023-02-23,=992.4600,=1004.1500,=2802783290038.6489,=1342491992823,=873892561242.9900,=5.3054,=0.1404,=10.9569,=8.9464,=5.5878
2023-02-22,=989.6500,=1001.3000,=2795203850321.3599,=1341351521593,=871660240711.2799,=5.2856,=0.1390,=10.9569,=8.9471,=5.6251
2023-02-21,=995.7300,=1007.4500,=2809446984428.3389,=1346110025949,=877055873384.3900,=5.3195,=0.1408,=10.9569,=8.9526,=5.6455
2023-02-20,=998.8300,=1010.5900,=2819286777803.3599,=1350208755561,=879780301828.4601,=5.3093,=0.1394,=10.9569,=8.9582,=5.6504
2023-02-17,=986.3300,=997.9500,=2787241831821.5508,=1334392055618,=868678669320.9198,=5.2685,=0.1300,=10.9569,=8.9620,=5.6635
2023-02-16,=1005.1800,=1017.0100,=2841769807458.7202,=1363108926608,=885640514565.6598,=5.3476,=0.1463,=10.9624,=8.9659,=5.6635
2023-02-15,=1024.2200,=1036.2700,=2898680699608.2202,=1387367953027,=902538815159.5798,=5.4632,=0.1659,=10.9624,=8.9662,=5.6759
2023-02-14,=1022.6700,=1034.7100,=2890179236283.9502,=1381811929961,=901206642674.4600,=5.4671,=0.1694,=10.9624,=8.9666,=5.6965
2023-02-13,=1024.0400,=1036.0900,=2893827654236.6299,=1382106799462,=902402564342.8400,=5.4781,=0.1745,=10.9624,=8.9695,=5.7256
2023-02-10,=1024.5400,=1036.6000,=2890585276370.0195,=1381311001507,=902730521541.4399,=5.4758,=0.1715,=10.9624,=8.9724,=5.7519
2023-02-09,=1036.8600,=1049.0700,=2923623501277.4497,=1402155974575,=914038787201.8400,=5.5260,=0.1815,=10.9655,=8.9736,=5.7519
2023-02-08,=1010.6900,=1022.5900,=2848836842173.3799,=1367676824931,=890867670562.3400,=5.4390,=0.1607,=10.9655,=8.9749,=5.7551
2023-02-07,=1020.1700,=1032.1800,=2874481414458.0098,=1378978782307,=899185071313.6400,=5.4635,=0.1659,=10.9655,=8.9773,=5.7555
2023-02-06,=1024.4300,=1036.4900,=2888847545163.0195,=1386406180851,=903242022016.5104,=5.4463,=0.1629,=10.9655,=8.9797,=5.7646
2023-02-03,=1033.8700,=1046.0400,=2911345421737.6992,=1397934023292,=911782994512.1400,=5.4790,=0.1697,=10.9655,=8.9901,=5.7717
2023-02-02,=1031.6800,=1043.8200,=2904010189659.2705,=1390867123876,=909611916136.8000,=5.4999,=0.1699,=10.9670,=9.0005,=5.7717
2023-02-01,=1026.4000,=1038.4800,=2890051291960.2598,=1379502979642,=904623346600.1398,=5.5127,=0.1718,=10.9670,=9.0048,=5.7844
2023-01-31,=1014.3600,=1026.3000,=2847514903743.6411,=1362277080673,=893313385923.0599,=5.4461,=0.1623,=10.9670,=9.0091,=5.8070
2023-01-30,=1031.6100,=1043.7500,=2891384673133.5205,=1389141840928,=908620255551.4900,=5.4768,=0.1675,=10.9670,=9.0132,=5.8408
2023-01-20,=1029.1400,=1041.2500,=2892057037092.9189,=1330609862699,=906033782201.5900,=5.4377,=0.1612,=10.9670,=9.0174,=5.8594
2023-01-19,=1023.6500,=1035.7000,=2880308988609.6997,=1324464081088,=900957808394.1700,=5.4176,=0.1582,=10.9755,=9.0174,=5.8594
2023-01-18,=1006.7500,=1018.6000,=2832946663958.2603,=1299752919971,=885946579302.1201,=5.3591,=0.1518,=10.9755,=9.0174,=5.8668
2023-01-17,=1003.6800,=1015.4900,=2830687924111.7905,=1295900576552,=882929719207.5101,=5.3467,=0.1488,=10.9755,=9.0187,=5.8671
2023-01-16,=992.6100,=1004.3000,=2807554607072.4995,=1281497189556,=873723977725.1302,=5.2841,=0.1407,=10.9755,=9.0200,=5.8933
2023-01-13,=974.3100,=985.7800,=2752696183980.4702,=1242144393353,=857371199041.3101,=5.1853,=0.1111,=10.9755,=9.0251,=5.9020
2023-01-12,=974.1900,=985.6600,=2746485683984.7900,=1241716340630,=857148566638.0099,=5.1468,=0.0980,=11.0071,=9.0301,=5.9020
2023-01-11,=973.9600,=985.4300,=2751430849216.7100,=1233431890712,=856937676225.6100,=5.1372,=0.0948,=11.0071,=9.0336,=5.9074
2023-01-10,=990.3200,=1001.9700,=2800243586900.9199,=1253343936792,=871405683114.3097,=5.2080,=0.1167,=11.0071,=9.0370,=5.9103
2023-01-09,=988.6700,=1000.3100,=2791710283398.4102,=1251852117994,=869945361160.5999,=5.2029,=0.1152,=11.0071,=9.0473,=5.9118
2023-01-06,=991.1000,=1002.7600,=2795819946188.9897,=1255879454612,=872260809704.5901,=5.1961,=0.1120,=11.0071,=9.0576,=5.9128
2023-01-05,=983.5200,=995.1000,=2771170948080.5498,=1249038308687,=865682958653.3701,=5.1652,=0.1039,=11.0123,=9.0611,=5.9128
2023-01-04,=972.3800,=983.8300,=2746066254542.7197,=1237545128399,=856074882963.2102,=5.0976,=0.0772,=11.0123,=9.0647,=5.9254
2023-01-03,=979.9100,=991.4500,=2765266168388.8296,=1246014770552,=862444575423.5302,=5.1245,=0.0874,=11.0123,=9.0738,=5.9323
2022-12-30,=959.9000,=971.2100,=2710094098338.2700,=1218216970001,=844466551690.5801,=5.0280,=0.0354,=11.0123,=9.0830,=5.9408
2022-12-29,=962.2500,=973.5800,=2714309223444.9199,=1221238063048,=846782055222.9103,=5.0319,=0.0354,=11.0123,=9.0840,=5.9542
2022-12-28,=957.2700,=968.5400,=2702501838081.0811,=1212919849004,=842450401577.9398,=5.0512,=0.0507,=11.0190,=9.0851,=5.9542
2022-12-27,=963.1400,=974.4700,=2721451667616.2505,=1220432981236,=847904779799.5800,=5.0900,=0.0694,=11.0190,=9.0855,=5.9583
2022-12-26,=951.1100,=962.3100,=2694658837492.2305,=1203298047711,=837461249157.2699,=5.0350,=0.0390,=11.0190,=9.0859,=5.9617
2022-12-23,=920.3500,=931.1900,=2609310922413.4297,=1166772301361,=810769597568.5000,=4.8455,=0.0034,=11.0190,=9.0897,=5.9708
2022-12-22,=930.8000,=941.7600,=2629960939693.9492,=1177278899440,=819385415890.2201,=4.8908,=0.0034,=11.0190,=9.0936,=5.9955
2022-12-21,=940.8400,=951.9100,=2661178013818.8096,=1189902563434,=828487954797.1702,=4.9846,=0.0170,=11.0210,=9.0962,=5.9955
2022-12-20,=952.7700,=963.9800,=2696457925863.1294,=1204159635258,=838853732764.7601,=5.0739,=0.0597,=11.0210,=9.0989,=5.9987
2022-12-19,=956.1900,=967.4400,=2701383616776.2905,=1197225005664,=842411035977.7999,=5.0736,=0.0581,=11.0210,=9.0992,=6.0050
2022-12-16,=978.3600,=989.8800,=2765141199794.9297,=1225326616602,=861798386245.1001,=5.1487,=0.0788,=11.0210,=9.0995,=6.0052
2022-12-15,=989.2000,=1000.8400,=2791935233900.1299,=1238141568105,=871774570390.6398,=5.2012,=0.0909,=11.0210,=9.1024,=6.0070
2022-12-14,=984.2200,=995.8100,=2779827603475.4404,=1231822226609,=867270739970.9102,=5.1575,=0.0825,=11.0246,=9.1054,=6.0070
2022-12-13,=989.3100,=1000.9500,=2785257496399.3701,=1239522072779,=871330656088.7798,=5.1929,=0.0878,=11.0246,=9.1062,=6.0076
2022-12-12,=1004.6200,=1016.4500,=2828661689170.1699,=1256140236913,=884928039283.3098,=5.2710,=0.1000,=11.0246,=9.1070,=6.0090
2022-12-09,=1001.6900,=1013.4800,=2547440702385.8506,=1282745656939,=895583070055.0900,=5.0210,=0.0276,=11.0246,=9.1135,=6.0199
2022-12-08,=997.3100,=1009.0600,=2542547388836.1396,=1278004803361,=892906454689.7698,=5.0342,=0.0311,=11.0246,=9.1200,=6.0224
2022-12-07,=1000.4700,=1012.2500,=2544193722569.1802,=1279988304473,=894738332258.8701,=5.0387,=0.0329,=11.0288,=9.1239,=6.0224
2022-12-06,=1003.1400,=1014.9500,=2555734167931.5991,=1284154958137,=896559609064.6700,=5.0605,=0.0486,=11.0288,=9.1279,=6.0259
2022-12-05,=1003.6000,=1015.4100,=2556142096931.4800,=1282295578029,=895308298545.5502,=5.0854,=0.0522,=11.0288,=9.1287,=6.0292
2022-12-02,=1008.1400,=1020.0100,=2557842504736.8003,=1282629935505,=898305796698.9700,=5.0570,=0.0453,=11.0288,=9.1294,=6.0302
2022-12-01,=1009.3300,=1021.2100,=2552879264607.4199,=1288955763026,=899738042218.6600,=5.0438,=0.0349,=11.0288,=9.1368,=6.0311
2022-11-30,=1000.2600,=1012.0400,=2533928262764.1401,=1275633957403,=891911787936.9401,=4.9931,=0.0175,=11.0356,=9.1441,=6.0311
2022-11-29,=1002.4500,=1014.2500,=2547230799083.8188,=1277867570812,=893954638192.8497,=5.0018,=0.0193,=11.0356,=9.1484,=6.0379
2022-11-28,=992.8100,=1004.5000,=2515047171626.0898,=1263243490203,=885431075542.9598,=4.9295,=0.0070,=11.0356,=9.1527,=6.0380
2022-11-25,=999.9900,=1011.7600,=2531179330991.9902,=1271167374128,=890730318441.7500,=4.9440,=0.0105,=11.0356,=9.1534,=6.0408
2022-11-24,=1015.3600,=1027.3100,=2570507495296.1401,=1289792924729,=904485294068.8800,=5.0369,=0.0246,=11.0356,=9.1541,=6.0460
2022-11-23,=1017.0200,=1028.9900,=2574754231785.5298,=1292814811482,=905562004289.8904,=5.0132,=0.0159,=11.0415,=9.1543,=6.0460
2022-11-22,=1017.8200,=1029.8000,=2577551861562.0405,=1295518608806,=906263500812.8500,=4.9936,=0.0141,=11.0415,=9.1545,=6.0491
2022-11-21,=1032.4700,=1044.6300,=2616313404362.1812,=1312886644338,=918783499199.8600,=5.0720,=0.0354,=11.0415,=9.1564,=6.0738
2022-11-18,=1031.9900,=1044.1400,=2616146977153.5000,=1311971391158,=918592986569.6400,=5.0412,=0.0213,=11.0415,=9.1584,=6.0875
2022-11-17,=1041.6700,=1053.9400,=2638721843616.5493,=1255961970027,=928245217905.4301,=5.0976,=0.0355,=11.0415,=9.1642,=6.0908
2022-11-16,=1036.4900,=1048.6900,=2626077489192.8101,=1248244226475,=922281566916.2296,=5.1363,=0.0480,=11.0516,=9.1700,=6.0908
2022-11-15,=1052.0400,=1064.4300,=2665228772855.9990,=1268294598071,=937240720837.3199,=5.2165,=0.0588,=11.0516,=9.1721,=6.0925
2022-11-14,=1022.9100,=1034.9600,=2594329399248.8203,=1220511728532,=910007633386.7900,=5.0576,=0.0304,=11.0516,=9.1742,=6.0970
2022-11-11,=1023.2600,=1035.3100,=2591826873473.4600,=1218709335807,=910082363753.9200,=5.0540,=0.0250,=11.0516,=9.1756,=6.1009
2022-11-10,=1023.0600,=1035.1100,=2590730451906.2402,=1214519560622,=905478730320.2600,=5.0264,=0.0179,=11.0516,=9.1771,=6.1024
2022-11-09,=1037.5300,=1049.7400,=2626773206212.9199,=1231685097422,=918386587885.9800,=5.1096,=0.0359,=11.0665,=9.1795,=6.1024
2022-11-08,=1051.7100,=1064.0900,=2664115966204.5098,=1246724497836,=930389879389.1899,=5.1760,=0.0486,=11.0665,=9.1820,=6.1043
2022-11-07,=1061.3500,=1073.8500,=2686375174224.3789,=1257290392030,=938638167616.4098,=5.2297,=0.0523,=11.0665,=9.1855,=6.1254
2022-11-04,=1072.8700,=1085.5000,=2705929787082.4600,=1256854664212,=948231844794.6000,=5.2450,=0.0560,=11.0665,=9.1891,=6.1258
2022-11-03,=1048.0700,=1060.4100,=2647523678163.5200,=1231757218899,=927642060965.8199,=5.1249,=0.0380,=11.0665,=9.1899,=6.1284
2022-11-02,=1037.1800,=1049.3900,=2622002903609.2603,=1215566541526,=916478079748.8398,=5.0610,=0.0272,=11.0669,=9.1907,=6.1284
2022-11-01,=1024.5200,=1036.5800,=2584432515029.9189,=1200632252066,=904869892034.3000,=4.9806,=0.0127,=11.0669,=9.1919,=6.1284
2022-10-31,=1010.3300,=1022.2200,=2543724107228.9297,=1183977151599,=892559298733.2700,=4.8940,=0.0036,=11.0669,=9.1931,=6.1290
2022-10-28,=993.7200,=1005.4200,=2514453417968.8599,=1161092839090,=851249997269.1910,=4.9300,=0.0073,=11.0669,=9.2022,=6.1424
2022-10-27,=1004.9100,=1016.7400,=2539447962302.1611,=1173342024606,=835211284135.5704,=5.1001,=0.0237,=11.0669,=9.2112,=6.1610
2022-10-26,=1003.2500,=1015.0700,=2528330125328.7100,=1173518288089,=834533941228.6002,=5.1573,=0.0347,=11.0729,=9.2113,=6.1610
2022-10-25,=971.3300,=982.7700,=2445500146741.3408,=1137405466739,=805978123583.1172,=5.0139,=0.0092,=11.0729,=9.2115,=6.1699
2022-10-24,=969.4900,=980.9100,=2438587774097.8501,=1128311632327,=804655502814.4169,=5.0336,=0.0110,=11.0729,=9.2144,=6.1737
2022-10-21,=967.9800,=979.3800,=2448397658513.8101,=1127993918581,=794136269135.0923,=5.1026,=0.0202,=11.0729,=9.2174,=6.1775
2022-10-20,=963.9500,=975.3000,=2436317872871.9902,=1124574907246,=789981751916.8730,=5.1353,=0.0239,=11.0729,=9.2189,=6.2030
2022-10-19,=949.5000,=960.6800,=2404961397076.1904,=1105730241195,=778813619119.0433,=5.0910,=0.0185,=11.0794,=9.2204,=6.2030
2022-10-18,=960,=971.3000,=2430427387928.2598,=1116735171452,=787135746358.1646,=5.1204,=0.0203,=11.0794,=9.2234,=6.2108
2022-10-17,=963.2200,=974.5600,=2433515682914.0898,=1119125787790,=789175410202.8882,=5.0568,=0.0167,=11.0794,=9.2264,=6.2157
2022-10-14,=954.9200,=966.1700,=2425571003654.7803,=1095296385029,=772925125807.2847,=5.1057,=0.0167,=11.0794,=9.2267,=6.2167
2022-10-13,=926.5200,=937.4300,=2340276811542.6001,=1056990062104,=750338578442.0802,=4.9739,=0.0074,=11.0794,=9.2270,=6.2230
2022-10-12,=924.9100,=935.8000,=2339016901512.7295,=1053472438774,=748002224119.6761,=4.9280,=0.0037,=11.0811,=9.2322,=6.2230
2022-10-11,=892.7400,=903.2500,=2264363804043.8296,=1018315990536,=722765981769.3461,=4.7297,=0,=11.0811,=9.2373,=6.2337
2022-10-10,=897.3400,=907.9000,=2279439639798.6201,=1024013201255,=726118094755.1685,=4.7618,=0,=11.0811,=9.2410,=6.2589
2022-09-30,=939.3800,=950.4400,=2377414577338.5903,=1077423712097,=759692186687.9023,=4.9295,=0,=11.0811,=9.2447,=6.2830
2022-09-29,=961.4700,=972.7900,=2430810505896.5303,=1075533766199,=777740118392.5562,=5.0498,=0.0038,=11.0811,=9.2484,=6.3114
2022-09-28,=956.1900,=967.4400,=2417561387062.8804,=1068442903075,=773522932031.9240,=5.0156,=0,=11.0862,=9.2522,=6.3114
2022-09-27,=976.4500,=987.9400,=2466103483907.5200,=1090457363402,=789681916963.2544,=5.1436,=0.0038,=11.0862,=9.2552,=6.3458
2022-09-26,=961.8300,=973.1500,=2425815826453.9702,=1072301700114,=777776677104.7416,=5.0444,=0,=11.0862,=9.2582,=6.3622
2022-09-23,=960.9400,=972.2500,=2433181754070.7100,=1064280244109,=776883787349.0295,=5.0560,=0,=11.0862,=9.2606,=6.3807
2022-09-22,=975.8700,=987.3600,=2466938795972.3901,=1083674450681,=789109347672.9192,=5.1497,=0,=11.0862,=9.2631,=6.4002
2022-09-21,=970.3900,=981.8200,=2455573852028.7305,=1078568172502,=784708757368.7764,=5.1667,=0,=11.0926,=9.2710,=6.4002
2022-09-20,=985.1500,=996.7500,=2488228368644.7397,=1095363499196,=796534122199.1760,=5.2320,=0.0038,=11.0926,=9.2790,=6.4116
2022-09-19,=975.5500,=987.0300,=2458784186157.3809,=1087358125089,=789093295354.7089,=5.1904,=0,=11.0926,=9.2850,=6.4310
2022-09-16,=998.5200,=1010.2700,=2514999590211.8701,=1112811868182,=807680109906.0010,=5.2746,=0.0057,=11.0926,=9.2911,=6.4408
2022-09-15,=1000.0800,=1011.8500,=2525025641495.1504,=1114700825067,=808577133729.7231,=5.3510,=0.0172,=11.0926,=9.3206,=6.5382
2022-09-14,=1031.3000,=1043.4500,=2597854281298.6001,=1147827555804,=833607167030.7646,=5.5302,=0.0345,=11.1035,=9.3501,=6.5382
2022-09-13,=1031.1700,=1043.3100,=2601392284159.5098,=1146821159343,=833651028394.3473,=5.5878,=0.0365,=11.1035,=9.3559,=6.5523
2022-09-09,=1033.7800,=1045.9500,=2502166594088.1001,=1143161652778,=829011627398.5555,=5.3286,=0.0115,=11.1035,=9.3616,=6.5678
2022-09-08,=1040.7700,=1053.0300,=2513496603701.2192,=1150311601087,=834720833658.0336,=5.3280,=0.0096,=11.1035,=9.3733,=6.6376
2022-09-07,=1049.5800,=1061.9400,=2538099344757.8701,=1159341219392,=841810584941.2349,=5.3919,=0.0154,=11.1035,=9.3850,=6.6465
2022-09-06,=1035.7800,=1047.9800,=2510436232182.2402,=1141263026495,=831021765071.7922,=5.3320,=0.0097,=11.1059,=9.3857,=6.6465
2022-09-05,=1024.3900,=1036.4500,=2474809702925.5698,=1130318084050,=821616605089.6046,=5.2440,=0.0019,=11.1059,=9.3864,=6.6494
2022-09-02,=1030.1200,=1042.2500,=2487497610237.2397,=1131192702562,=825225177378.8448,=5.2785,=0.0039,=11.1059,=9.4045,=6.7606
2022-09-01,=1025.6600,=1037.7300,=2479462794591.9404,=1125590361903,=822289248941.8237,=5.2790,=0.0039,=11.1059,=9.4226,=6.9247
2022-08-31,=1029.6600,=1041.7800,=2484667929085.0298,=1129139309083,=825470167214.0229,=5.3405,=0.0039,=11.1059,=9.4391,=6.9584
2022-08-30,=1050.2800,=1062.6500,=2536171831527.3604,=1149342090742,=839945047975.0762,=5.5155,=0.0176,=11.1128,=9.4556,=6.9584
2022-08-29,=1054.2800,=1066.7000,=2544921097883.1401,=1154010982435,=843192420344.0885,=5.6759,=0.0274,=11.1128,=9.4617,=7.0109
2022-08-26,=1045.9900,=1058.3100,=2514793515916.7603,=1144212427346,=835179026614.4409,=5.6965,=0.0275,=11.1128,=9.4678,=7.0132
2022-08-25,=1055.8900,=1068.3200,=2533113923781.9399,=1156732777754,=833847813942.2605,=5.7717,=0.0373,=11.1128,=9.4785,=7.0630
2022-08-24,=1068.9800,=1081.5700,=2565689918875.5996,=1169111735006,=844489603494.0752,=5.8668,=0.0453,=11.1128,=9.4893,=7.0774
2022-08-23,=1107.3000,=1120.3400,=2651909437699.6211,=1212414126817,=874895418534.9044,=6.1024,=0.1203,=11.1204,=9.4905,=7.0774
2022-08-22,=1107.2800,=1120.2500,=2653488207106.0405,=1215891329454,=873985402911.3715,=6.1009,=0.1186,=11.1204,=9.4917,=7.1504
2022-08-19,=1108.4500,=1121.4300,=2661081816057.1699,=1214025426289,=874025241315.8333,=6.1043,=0.1188,=11.1204,=9.5101,=7.1643
2022-08-18,=1146.6300,=1160.0600,=2745467296365.4502,=1256078221009,=904931959571.1855,=6.2830,=0.1528,=11.1204,=9.5285,=7.1667
2022-08-17,=1132.3100,=1145.5100,=2713467921743.5303,=1228607975970,=889778744000.2413,=6.2167,=0.1451,=11.1204,=9.5509,=7.1895
2022-08-16,=1137.3000,=1150.5600,=2720652559978.2197,=1234396713638,=892827837845.0703,=6.2157,=0.1434,=11.1266,=9.5734,=7.1895
2022-08-15,=1143.7500,=1157.0800,=2729177091602.6812,=1242300088240,=897344990653.6931,=6.2030,=0.1397,=11.1266,=9.5795,=7.1944
2022-08-12,=1146.1900,=1159.5600,=2728590639838.2100,=1240695935325,=894220157143.5688,=6.2108,=0.1400,=11.1266,=9.5856,=7.2145
2022-08-11,=1173.1400,=1186.8200,=2793744370652.7900,=1272226004662,=916010790209.6696,=6.3622,=0.1503,=11.1266,=9.6102,=7.2792
2022-08-10,=1156.1600,=1169.6400,=2747577447495.3701,=1242631647362,=901943712170.2428,=6.1424,=0.1305,=11.1266,=9.6349,=7.3117
2022-08-09,=1162.3200,=1175.8700,=2762739426468.4395,=1248784693500,=907027502385.2860,=6.1610,=0.1308,=11.1392,=9.6404,=7.3117
2022-08-08,=1152.5800,=1166.0200,=2731588288593.6201,=1240352253912,=900071381522.7145,=6.1737,=0.1331,=11.1392,=9.6458,=7.3302
2022-08-05,=1157.3300,=1170.8300,=2748224941942.1704,=1196451619654,=903099952473.3414,=6.1699,=0.1313,=11.1392,=9.6515,=7.3490
2022-08-04,=1110.9200,=1123.7100,=2636835311913.5396,=1148428511581,=867068358127.6445,=5.9617,=0.0709,=11.1392,=9.6572,=7.3518
2022-08-03,=1100.3500,=1113.0100,=2614395292176.1499,=1136628408702,=858984107146.4122,=5.9542,=0.0669,=11.1392,=9.6619,=7.3842
2022-08-02,=1094.9100,=1107.5200,=2598196332671.3198,=1130829509688,=854378270072.5283,=6.0224,=0.0874,=11.1421,=9.6666,=7.3842
2022-08-01,=1100.1800,=1112.8500,=2622565723407.0293,=1135867182260,=858944446974.1066,=6.1258,=0.1181,=11.1421,=9.6777,=7.4424
2022-07-29,=1088.9100,=1101.4500,=2601382972973.7603,=1123351723749,=849866835925.5997,=6.0292,=0.0898,=11.1421,=9.6888,=7.5129
2022-07-28,=1108.7900,=1121.5500,=2644461994981.0908,=1143722287736,=865779810324.9150,=6.1254,=0.1145,=11.1421,=9.6896,=7.7362
2022-07-27,=1095.7000,=1107.9700,=2615052661110.0903,=1129577941073,=855905432944.4158,=6.0302,=0.0902,=11.1421,=9.6904,=7.7612
2022-07-26,=1084.6600,=1096.8100,=2581579669416.0293,=1118613709654,=847329150262.8198,=5.9254,=0.0616,=11.1585,=9.7010,=7.7612
2022-07-25,=1073.7600,=1085.7900,=2557757197036.6802,=1106357649124,=839380567801.1854,=5.9128,=0.0597,=11.1585,=9.7116,=7.7617
2022-07-22,=1084.9700,=1097.1300,=2593713351365.5298,=1116021998821,=848550760846.0277,=6.0076,=0.0784,=11.1585,=9.7294,=7.7993
2022-07-21,=1091.4100,=1103.5400,=2610242545772.2695,=1007956274978,=854051522948.3180,=6.0199,=0.0806,=11.1585,=9.7472,=7.8205
2022-07-20,=1079.5300,=1091.5300,=2586081798446.2397,=997973608164,=844772705392.8816,=6.0050,=0.0725,=11.1585,=9.7539,=7.8758
2022-07-19,=1061.8500,=1073.5900,=2530953260652.3701,=981416872649,=831201570110.8739,=5.8671,=0.0477,=11.1660,=9.7606,=7.8758
2022-07-18,=1069.3300,=1080.6100,=2550419580765.7900,=988119698720,=836593143133.7125,=5.8933,=0.0478,=11.1660,=9.7606,=7.8801
2022-07-15,=1072.2600,=1083.5700,=2552955112349.1201,=987570634992,=839388530172.2125,=5.9020,=0.0479,=11.1660,=9.7606,=7.8862
2022-07-14,=1076.8100,=1088.1600,=2569428228659.4702,=992086295760,=842692715125.4254,=5.9408,=0.0564,=11.1660,=9.7827,=7.9112
2022-07-13,=1052.7900,=1063.8900,=2521736740593.8604,=970025463862,=823948360032.2761,=5.7551,=0.0335,=11.1660,=9.8049,=7.9198
2022-07-12,=1049.2400,=1060.3100,=2516302033991.2500,=965765569537,=821029383045.5641,=5.7555,=0.0335,=11.1741,=9.8239,=7.9198
2022-07-11,=1081.1600,=1092.5600,=2586685924597.1499,=992597636814,=846534377249.1475,=5.9074,=0.0441,=11.1741,=9.8430,=7.9236
2022-07-08,=1104.0200,=1115.6600,=2638856847960.8901,=1012603752409,=864612658198.0779,=6.0070,=0.0611,=11.1741,=9.8565,=7.9345
2022-07-07,=1111.6700,=1123.3100,=2650752949136.2495,=1019869186161,=870965035668.2828,=6.0460,=0.0738,=11.1741,=9.8701,=7.9356
2022-07-06,=1101.7500,=1113.2800,=2636678868194.1401,=1010539172475,=862990793863.8739,=6.0259,=0.0634,=11.1741,=9.8788,=7.9426
2022-07-05,=1090.9300,=1102.3500,=2630259050994.9199,=1002499426332,=855834738008.8295,=6.0380,=0.0678,=11.1995,=9.8874,=7.9426
2022-07-04,=1095.0900,=1106.5400,=2640905031034.7002,=1007878253951,=859326179555.2888,=6.0925,=0.0786,=11.1995,=9.8958,=7.9856
2022-07-01,=1089.0300,=1100.4100,=2620611563214.6597,=1002506132422,=854365479394.5780,=5.9955,=0.0553,=11.1995,=9.9042,=7.9870
2022-06-30,=1105.6700,=1117.2300,=2657588328281.4800,=1017419653705,=866923827673.3500,=6.0738,=0.0704,=11.1995,=9.9178,=7.9897
2022-06-29,=1090.6800,=1102.0900,=2616357779863.4800,=1002486852740,=854205980753.4575,=6.0052,=0.0577,=11.1995,=9.9313,=8.0172
2022-06-28,=1117.2800,=1128.9600,=2678851904655.7896,=1025758247447,=875243179744.4058,=6.1775,=0.0814,=11.2153,=9.9563,=8.0172
2022-06-27,=1103.4000,=1114.9000,=2638040224577.0400,=1014003369184,=865257978153.0271,=6.1284,=0.0773,=11.2153,=9.9812,=8.0216
2022-06-24,=1101.4800,=1112.9600,=2641188395106.6797,=1006154654488,=863299196544.4895,=6.1284,=0.0753,=11.2153,=9.9830,=8.0250
2022-06-23,=1081.8400,=1093.0100,=2600500036716.1304,=987727635213,=848094928066.8396,=6.0491,=0.0668,=11.2153,=9.9847,=8.0359
2022-06-22,=1063.6900,=1074.2300,=2560634048175.1201,=962801384126,=833878138706.1946,=5.9323,=0.0497,=11.2153,=9.9913,=8.0532
2022-06-21,=1083.0200,=1093.7500,=2602833181768.2412,=980390551498,=848915489779.9194,=5.9987,=0.0541,=11.2351,=9.9979,=8.0532
2022-06-20,=1095.3300,=1106.0900,=2634487004815.7100,=990999838516,=858863367799.4480,=6.0970,=0.0672,=11.2351,=10.0032,=8.2445
2022-06-17,=1092.0900,=1102.7200,=2626541511632.0811,=987946881483,=856456016071.6747,=6.0908,=0.0652,=11.2351,=10.0084,=8.2455
2022-06-16,=1078.9500,=1089.4500,=2599220173183.4189,=976506883016,=845736749323.2626,=6.0090,=0.0545,=11.2351,=10.0136,=8.4646
2022-06-15,=1062.7100,=1073.0200,=2564359137999.4502,=961598464459,=832966853126.6001,=5.9118,=0.0480,=11.2351,=10.0187,=8.5353
2022-06-14,=1070.5400,=1080.9200,=2589571794376.5303,=968279264090,=838687605090.2175,=5.9583,=0.0481,=11.2364,=10.0245,=8.5353
2022-06-13,=1088.3800,=1098.8100,=2629342957912.6704,=985042794946,=852695579103.2848,=6.0408,=0.0548,=11.2364,=10.0303,=8.5436
2022-06-10,=1102.8500,=1113.3000,=2349988361715.9502,=983728570752,=845304780183.8829,=6.5382,=0.0813,=11.2364,=10.0364,=8.5984
2022-06-09,=1081.1700,=1091.3200,=2305516021926.9600,=966543153597,=830036955305.4952,=6.4002,=0.0727,=11.2364,=10.0425,=8.6033
2022-06-08,=1111.6700,=1121.8200,=2363609751134.9097,=991819130075,=852318483860.7762,=6.5523,=0.0795,=11.2364,=10.0433,=8.6036
2022-06-07,=1111.4000,=1121.4800,=2362664378574.0698,=991220366312,=851398552331.4651,=6.5678,=0.0796,=11.2365,=10.0441,=8.6036
2022-06-06,=1121.5400,=1131.7100,=2379527086218.8101,=1000760212509,=858872746592.1276,=6.6494,=0.0843,=11.2365,=10.0458,=8.6145
2022-06-02,=1079.8500,=1089.6500,=2292949887519.7100,=962382555546,=827096693896.5106,=6.4116,=0.0733,=11.2365,=10.0474,=8.6198
2022-06-01,=1031.5800,=1040.9100,=2196688839120.8804,=919192170813,=789564128354.0320,=6.1290,=0.0579,=11.2365,=10.0626,=8.6264
2022-05-31,=1035.3200,=1044.6100,=2200585121376.2197,=921259840627,=790981122520.7517,=6.0311,=0.0513,=11.2365,=10.0778,=8.6317
2022-05-30,=1001.5400,=1010.5300,=2129364142856.8501,=889820714324,=764443902067.6945,=5.8408,=0.0425,=11.2366,=10.0829,=8.6317
2022-05-27,=993.7000,=1002.6200,=2111226377193.1790,=871823166635,=756126887648.4611,=5.7519,=0.0336,=11.2366,=10.0879,=8.6409
2022-05-26,=1004.2600,=1013.1800,=2128776281461.5701,=883580927158,=765077458114.0754,=5.7844,=0.0360,=11.2366,=10.0881,=8.6502
2022-05-25,=1006.5200,=1015.1000,=2134729106963.4905,=885274792308,=766366056161.3400,=5.8070,=0.0360,=11.2366,=10.0882,=8.6580
2022-05-24,=996.6500,=1005.1400,=2110547500642.4399,=875610011516,=758416167922.0599,=5.7646,=0.0339,=11.2366,=10.0915,=8.6641
2022-05-23,=1046.1500,=1054.7500,=2212788203211.2100,=918354785145,=795333431264.6296,=6.0379,=0.0407,=11.2625,=10.0948,=8.6641
2022-05-20,=1045.3800,=1053.9800,=2207566753253.1597,=917330469873,=794425122708.1101,=5.9708,=0.0385,=11.2625,=10.0995,=8.6670
2022-05-19,=1036.3400,=1044.8700,=2178197381643.8301,=908798345104,=786740615188.8900,=5.8594,=0.0341,=11.2625,=10.1042,=8.6717
2022-05-18,=1014,=1022.3400,=2130658466067.1399,=888744241130,=769877116232,=5.7256,=0.0319,=11.2625,=10.1084,=8.6879
2022-05-17,=1010.3700,=1018.6800,=2123346448658.6499,=881291684173,=765022823977.7799,=5.6635,=0.0297,=11.2625,=10.1127,=8.6885
2022-05-16,=996.5100,=1004.7100,=2096226887553.7400,=867931409585,=753626903982.4099,=5.5805,=0.0206,=11.2676,=10.1177,=8.6885
2022-05-13,=1010.8000,=1019.0500,=2123554547461.3999,=880780504489,=763909552416.6998,=5.6251,=0.0206,=11.2676,=10.1228,=8.6917
2022-05-12,=1013.0600,=1021.3300,=2134432514525.6201,=882766510171,=765812894471.6798,=5.6504,=0.0230,=11.2676,=10.1434,=8.6970
2022-05-11,=1002.4600,=1010.5900,=2108613263980.7903,=873990912503,=758029923462.8201,=5.6455,=0.0207,=11.2676,=10.1640,=8.7029
2022-05-10,=972.1400,=980.0300,=2049763788576.3899,=848019941178,=734945012032.8101,=5.5056,=0.0185,=11.2676,=10.1648,=8.7202
2022-05-09,=946.7200,=954.4100,=1998590777330.2405,=825782429247,=715242203210.6698,=5.3751,=0.0046,=11.3021,=10.1657,=8.7202
2022-05-06,=942.2300,=949.8700,=1994630904158.2410,=823456734968,=713904789097.1501,=5.3989,=0.0046,=11.3021,=10.1693,=8.7353
2022-05-05,=956.1300,=963.7200,=2026179085159.1296,=835077097086,=724141555852.2899,=5.4471,=0.0070,=11.3021,=10.1729,=8.7412
2022-04-29,=947.1500,=954.6400,=2005610912414.4800,=826782385515,=712772870543.6699,=5.4700,=0.0093,=11.3021,=10.1737,=8.7424
2022-04-28,=903.0600,=910.2000,=1915061347147.0500,=787716446192,=667565888324.2802,=5.2539,=0.0023,=11.3021,=10.1744,=8.7522
2022-04-27,=906.4300,=913.6000,=1928450833471.9399,=792347092350,=665996445722.5400,=5.4360,=0.0023,=11.3058,=10.1908,=8.7522
2022-04-26,=868.0700,=874.9300,=1856104383503.0496,=759072923509,=638214769012.8000,=5.2265,=0,=11.3058,=10.2071,=8.7650
2022-04-25,=884.3000,=891.3000,=1886655977841.9199,=772792441719,=637214537243.1001,=5.4653,=0,=11.3058,=10.2186,=8.7677
2022-04-22,=942.0700,=949.5200,=2004301201763.0896,=821737719168,=669288854407.2002,=5.9103,=0,=11.3058,=10.2300,=8.7710
2022-04-21,=957.7200,=965.2900,=2027576668345.8701,=835852589626,=679727572719.7500,=6.0875,=0,=11.3058,=10.2338,=8.7720
2022-04-20,=973.5100,=981.2100,=2063517125662.3799,=848206564732,=690489324300.6500,=6.2230,=0,=11.3092,=10.2377,=8.7720
2022-04-19,=989.9300,=997.7600,=2090934812372.5000,=861509562785,=702039205152.9398,=6.3114,=0.0048,=11.3092,=10.2393,=8.7833
2022-04-18,=1004.6100,=1012.5500,=2118443920313.2896,=875126347626,=712002849881.7001,=6.4310,=0.0095,=11.3092,=10.2410,=8.7868
2022-04-15,=973.3600,=981.0500,=2061930809611.5703,=846999755993,=686714511612.6400,=6.2337,=0,=11.3092,=10.2701,=8.7882
2022-04-14,=975.5700,=983.2800,=2066571168783.6699,=849541675536,=682431253618.7201,=6.3458,=0.0024,=11.3092,=10.2991,=8.7919
2022-04-13,=964.8300,=972.4600,=2036606331691.7800,=837953072904,=673775012855.0699,=6.2589,=0,=11.3118,=10.3047,=8.7919
2022-04-12,=994.4400,=1002.3000,=2092858476504.8904,=863096927209,=694158825399.2499,=6.4408,=0.0024,=11.3118,=10.3103,=8.8087
2022-04-11,=988.7600,=996.5700,=2073280271150.0200,=856554848339,=677040140449.4802,=6.3807,=0,=11.3118,=10.3229,=8.8371
2022-04-08,=1027.2400,=1035.3600,=2159613807345.8303,=888359638158,=703678382865.1299,=6.6465,=0.0024,=11.3118,=10.3355,=8.8398
2022-04-07,=1036.0700,=1044.2600,=2179317736523.5107,=895685985507,=705581590849.2899,=6.7606,=0.0024,=11.3118,=10.3520,=8.8607
2022-04-06,=1058.4900,=1066.8600,=2222650915600.6304,=915592772574,=719160225722.3400,=6.9247,=0.0024,=11.3217,=10.3685,=8.8607
2022-04-01,=1089.1900,=1097.8000,=2275531995175.2603,=941332403931,=740432002378.2598,=7.0109,=0.0049,=11.3217,=10.3702,=8.8708
2022-03-31,=1091.0600,=1099.6800,=2279640710545.8203,=938405321263,=741903500756.2198,=7.0132,=0.0049,=11.3217,=10.3720,=8.8841
2022-03-30,=1112.5200,=1121.3100,=2319335954524.6895,=953536715796,=745911429714.5601,=7.1895,=0.0171,=11.3217,=10.3957,=8.8867
2022-03-29,=1079.9300,=1088.4700,=2259891568753.6304,=927448908558,=723602021496.4802,=7.0630,=0.0049,=11.3217,=10.4195,=8.8882
2022-03-28,=1090.7300,=1099.3500,=2282309553278.4004,=930312387612,=730615131915.1602,=7.1504,=0.0074,=11.3340,=10.4328,=8.8882
2022-03-25,=1106.8600,=1115.6100,=2311585080377.0298,=944247168333,=741671834419.5000,=7.1643,=0.0074,=11.3340,=10.4460,=8.8941
2022-03-24,=1134.5700,=1143.5400,=2365059297580.3506,=967468322421,=758114957196.6602,=7.3518,=0.0247,=11.3340,=10.4565,=8.9064
2022-03-23,=1144.0900,=1153.1300,=2385091387017.1304,=975725358190,=763308968822.8501,=7.4424,=0.0272,=11.3340,=10.4670,=8.9081
2022-03-22,=1134.3200,=1143.2800,=2364994025334.4199,=967972811517,=754589040754.3899,=7.3490,=0.0223,=11.3340,=10.4770,=8.9127
2022-03-21,=1152.3300,=1161.4300,=2399012572663.9004,=982859819551,=766609460926.3500,=7.3842,=0.0224,=11.3490,=10.4870,=8.9127
2022-03-18,=1144.3200,=1153.3600,=2380764658521.3003,=975810287719,=761064662619.9497,=7.3302,=0.0200,=11.3490,=10.4967,=8.9259
2022-03-17,=1142.7100,=1151.7400,=2367655282240.3301,=971600305790,=759711455344.2701,=7.3117,=0.0175,=11.3490,=10.5064,=8.9264
2022-03-16,=1125.4800,=1134.3800,=2332998452394.0195,=957545266016,=748429277829.1300,=7.1667,=0.0075,=11.3490,=10.5220,=8.9372
2022-03-15,=1093.4300,=1102.0700,=2185608379961.9399,=931037076832,=724531944857.8599,=6.6376,=0,=11.3490,=10.5376,=8.9398
2022-03-14,=1126.2800,=1135.1800,=2267651815077.2803,=963337877286,=747406582681.4799,=6.9584,=0,=11.3582,=10.5390,=8.9398
2022-03-11,=1161.2100,=1170.3900,=2342219600536.5103,=993255872123,=761196483542.3999,=7.2145,=0.0051,=11.3582,=10.5404,=8.9403
2022-03-10,=1153.3600,=1162.4700,=2329589828455.5000,=985499664686,=756282539195.9000,=7.1944,=0.0025,=11.3582,=10.5412,=8.9405
2022-03-09,=1129.6500,=1138.5700,=2287815990661.0693,=966164642170,=740452543467.4700,=7.0774,=0,=11.3582,=10.5420,=8.9441
2022-03-08,=1137.0700,=1146.0600,=2300663861141.6699,=974357653363,=745140413469.6099,=7.2792,=0,=11.3582,=10.5459,=8.9458
2022-03-07,=1169.9800,=1179.2300,=2357443700424.9102,=1001932213090,=767190664801.9901,=7.5129,=0,=11.3735,=10.5498,=8.9458
2022-03-04,=1203.0900,=1212.6000,=2419069825580.1104,=1029417064221,=788815974713.5800,=7.7362,=0,=11.3735,=10.5654,=8.9471
2022-03-03,=1209.8200,=1219.3800,=2429737601433.9800,=1034807233979,=793136724283.1801,=7.7993,=0.0051,=11.3735,=10.5810,=8.9582
2022-03-02,=1230.2800,=1240,=2458269502666.5400,=1042983402718,=806052394600.4001,=7.9345,=0.0231,=11.3735,=10.5845,=8.9659
2022-03-01,=1239.0200,=1248.8100,=2472238008370.2202,=1049602055595,=811607326421.5303,=7.9870,=0.0309,=11.3735,=10.5879,=8.9666
2022-02-28,=1249.5900,=1259.4600,=2486578707950.4199,=1059050741870,=818649791160.0402,=7.9897,=0.0310,=11.3998,=10.5898,=8.9666
2022-02-25,=1240.8800,=1250.6800,=2471014648474.7798,=1050891569758,=813198189919.9802,=8.0250,=0.0363,=11.3998,=10.5916,=8.9724
2022-02-24,=1214.9900,=1224.5900,=2425481421956.9497,=1027811050878,=796271426876.8000,=7.8758,=0.0078,=11.3998,=10.5918,=8.9749
2022-02-23,=1231.0800,=1240.8100,=2460912461254.3398,=1042301124013,=807048980826.3801,=8.0532,=0.0365,=11.3998,=10.5921,=8.9797
2022-02-22,=1183.9800,=1193.3400,=2372081376969.4697,=1003618038806,=776603179635.5900,=7.8205,=0.0052,=11.3998,=10.5971,=9.0005
2022-02-21,=1193.6000,=1203.0300,=2386777590617.4702,=1009595856001,=782953496329.4102,=7.9198,=0.0131,=11.4002,=10.6021,=9.0005
2022-02-18,=1204.3700,=1213.8900,=2403975644388,=1018313902660,=789980821721.6398,=7.9356,=0.0157,=11.4002,=10.6026,=9.0091
2022-02-17,=1207.8200,=1217.3700,=2410047637529.9897,=1021227811973,=791994963472.7603,=7.9236,=0.0132,=11.4002,=10.6031,=9.0174
2022-02-16,=1197.5600,=1207.0200,=2397391618000.5601,=1013195741433,=785642441961.1600,=7.8801,=0.0053,=11.4002,=10.6091,=9.0174
2022-02-15,=1203.1200,=1212.6300,=2404520277660.0200,=1018159813381,=789401271724.3101,=7.8862,=0.0053,=11.4002,=10.6152,=9.0200
2022-02-14,=1169.4400,=1178.6800,=2348387448632.1997,=991623125654,=767314998806.8300,=7.7617,=0.0027,=11.4111,=10.6165,=9.0200
2022-02-11,=1169.5900,=1178.8300,=2354148923392,=991856064374,=767177406847.3900,=7.7612,=0,=11.4111,=10.6179,=9.0301
2022-02-10,=1188.2000,=1197.5900,=2392114102883.5601,=1007044360594,=778885177400.6599,=7.9112,=0,=11.4111,=10.6198,=9.0370
2022-02-09,=1210.2900,=1219.8500,=2426459528380.6299,=1026218498910,=793523683218.8599,=8.0216,=0.0080,=11.4111,=10.6217,=9.0576
2022-02-08,=1204.0500,=1213.5700,=2409402509740.6201,=1020064706876,=789595479710.4899,=7.9426,=0,=11.4111,=10.6241,=9.0647
2022-02-07,=1233.6200,=1243.3700,=2456519959331.0801,=1046219666448,=808844579781.6700,=8.0359,=0.0054,=11.4122,=10.6264,=9.0647
2022-01-28,=1229.2200,=1238.9400,=2441784576874.9302,=1041565185614,=806276084162.9001,=7.9856,=0,=11.4122,=10.6325,=9.0830
2022-01-27,=1240.5500,=1250.3600,=2462966161633.8696,=1050689053031,=813522745566.6298,=8.0172,=0,=11.4122,=10.6387,=9.0851
2022-01-26,=1276.3600,=1286.4500,=2532320424212.7788,=1082822445487,=837046513648.1299,=8.2445,=0,=11.4122,=10.6389,=9.0859
2022-01-25,=1277,=1287.0900,=2531252085741.1401,=1084237022207,=837691572269.8099,=8.2455,=0,=11.4122,=10.6391,=9.0936
2022-01-24,=1307.7400,=1318.0800,=2597318275281.1099,=1109813841195,=858012674857.2302,=8.5353,=0.0027,=11.4176,=10.6408,=9.0936
2022-01-21,=1290.4100,=1300.6000,=2567133879769.1997,=1095014931139,=846528749683.2998,=8.4646,=0,=11.4176,=10.6425,=9.0989
2022-01-20,=1306.0200,=1316.3400,=2604316610875.8496,=1108187057706,=857139364196.2698,=8.5436,=0,=11.4176,=10.6454,=9.0995
2022-01-19,=1324.0900,=1334.5500,=2639778969624.7100,=1122917601289,=868786239569.2101,=8.6885,=0.0385,=11.4176,=10.6482,=9.1054
2022-01-18,=1342.3600,=1352.9600,=2674761148555.7705,=1137460976490,=880704834170.6301,=8.7650,=0.0606,=11.4176,=10.6542,=9.1070
2022-01-17,=1338.3200,=1348.8900,=2662815303535.5811,=1133111330185,=878357981918.4198,=8.7720,=0.0663,=11.4228,=10.6602,=9.1070
2022-01-14,=1312.2900,=1322.6600,=2616933695555.5796,=1111180352506,=860455479753.2900,=8.6670,=0.0305,=11.4228,=10.6602,=9.1200
2022-01-13,=1294.6500,=1304.8800,=2592345514977.8188,=1095355900420,=849266867356.6499,=8.6033,=0.0028,=11.4228,=10.6602,=9.1279
2022-01-12,=1316.3500,=1326.7600,=2637451295950.2402,=1113283404127,=863452142942.1200,=8.7353,=0.0446,=11.4228,=10.6606,=9.1294
2022-01-11,=1294.4000,=1304.6300,=2600570929871.6602,=1093838949500,=848623546349.5500,=8.6036,=0.0028,=11.4228,=10.6609,=9.1441
2022-01-10,=1318.2700,=1328.6800,=2643073822344.2397,=1114660718132,=864552939235.4902,=8.7412,=0.0420,=11.4303,=10.6636,=9.1441
2022-01-07,=1305.4900,=1315.8100,=2623205951841.0103,=1105266445303,=855322671003.0400,=8.6970,=0.0337,=11.4303,=10.6663,=9.1527
2022-01-06,=1320.9300,=1331.3700,=2649992731821.2700,=1119519879598,=865201112054.4601,=8.7710,=0.0479,=11.4303,=10.6691,=9.1541
2022-01-05,=1333.3300,=1343.8700,=2674600981617.3403,=1129339416966,=873029433913.6602,=8.8087,=0.0593,=11.4303,=10.6720,=9.1545
2022-01-04,=1364.9900,=1375.7800,=2728932690880.8101,=1155182081880,=892502410774.7504,=8.9797,=0.1303,=11.4303,=10.6759,=9.1584
2021-12-31,=1398.1900,=1409.2400,=2785466865113.7212,=1172273939988,=913870918895.4500,=9.0989,=0.1676,=11.4362,=10.6797,=9.1584
2021-12-30,=1375.5600,=1386.4300,=2746401267813.9502,=1151846917469,=898498191182.5895,=8.9749,=0.1282,=11.4362,=10.6800,=9.1700
2021-12-29,=1356.2100,=1366.9300,=2711278143622.5601,=1127057373770,=886108896689.9800,=8.8867,=0.0743,=11.4362,=10.6802,=9.1742
2021-12-28,=1369.6200,=1380.4400,=2737683950924.5000,=1138506021090,=895174319121.7103,=8.9666,=0.1203,=11.4362,=10.6823,=9.1771
2021-12-27,=1355.6400,=1366.3500,=2710780449736.1504,=1127098157321,=886361763148.5400,=8.8841,=0.0718,=11.4362,=10.6843,=9.1820
2021-12-24,=1358.7300,=1369.4700,=2720234205931.7100,=1126551565000,=887790040627.1101,=8.8708,=0.0692,=11.4534,=10.6874,=9.1820
2021-12-23,=1375.9700,=1386.8400,=2750361707108.9102,=1139571842783,=898779539512.3499,=9.0005,=0.1185,=11.4534,=10.6905,=9.1891
2021-12-22,=1375.0300,=1385.9000,=2755210853070.4204,=1139495219227,=898734189948.6801,=9.0576,=0.1362,=11.4534,=10.6923,=9.1907
2021-12-21,=1374.6500,=1385.5100,=2754845677655.7598,=1138153034547,=898639060113.0201,=9.0174,=0.1221,=11.4534,=10.6942,=9.1931
2021-12-20,=1363.9600,=1374.7300,=2731532650089.5000,=1126593759391,=891210735802.3699,=8.9264,=0.0875,=11.4534,=10.6960,=9.2112
2021-12-17,=1399.0600,=1410.1100,=2796405243296.5000,=1156553725219,=914408979102.4200,=9.1070,=0.1520,=11.4605,=10.6977,=9.2112
2021-12-16,=1425.9300,=1437.2000,=2844674002182.9902,=1179146765292,=931859991797.8600,=9.2522,=0.2199,=11.4605,=10.7007,=9.2115
2021-12-15,=1424.9000,=1436.1600,=2843673704063.9800,=1162110230506,=931077403936.0204,=9.2373,=0.2147,=11.4605,=10.7036,=9.2115
2021-12-14,=1439.4700,=1450.8400,=2870169993066.2397,=1172515463143,=940629447037.3898,=9.2911,=0.2271,=11.4605,=10.7039,=9.2115
2021-12-13,=1445.7100,=1457.1300,=2881434285893,=1176600945337,=945395826070.0900,=9.2790,=0.2249,=11.4605,=10.7042,=9.2115
2021-12-10,=1435.7000,=1447.0500,=2689702308005.9702,=1152334127614,=918305736306.8602,=8.9582,=0.1098,=11.4693,=10.7082,=9.2112
2021-12-09,=1434.5200,=1445.8600,=2673188520146.0996,=1143621277257,=911734149922.1896,=8.9471,=0.1071,=11.4693,=10.7122,=9.2115
2021-12-08,=1415.3700,=1426.5600,=2628021713737.1602,=1127435065034,=899080968250.7802,=8.8398,=0.0657,=11.4693,=10.7178,=9.2174
2021-12-07,=1389.4400,=1400.4200,=2583218897444.0698,=1106445453552,=882376854820.7100,=8.7029,=0.0359,=11.4693,=10.7235,=9.2204
2021-12-06,=1405.7700,=1416.8800,=2602198500305.5503,=1113735845369,=889353392223.7198,=8.7677,=0.0450,=11.4693,=10.7248,=9.2264
2021-12-03,=1444.8300,=1456.2500,=2667847557966.2598,=1132860211724,=911984058365.1300,=9.0091,=0.1054,=11.5022,=10.7261,=9.2264
2021-12-02,=1429.5000,=1440.7400,=2637473033875.5400,=1119187460830,=900801701589.0200,=8.8941,=0.0665,=11.5022,=10.7272,=9.2270
2021-12-01,=1456.4800,=1467.9400,=2687388537597.6997,=1143729797454,=918871825982.3101,=9.0647,=0.1152,=11.5022,=10.7284,=9.2447
2021-11-30,=1475.7100,=1487.3200,=2721062934318.2490,=1161097360291,=931881669954.1200,=9.1891,=0.1702,=11.5022,=10.7325,=9.2582
2021-11-29,=1471.2300,=1482.8000,=2708881140357.1401,=1155676880567,=928954740464.9902,=9.1742,=0.1616,=11.5022,=10.7365,=9.2631
2021-11-26,=1459.9300,=1471.4100,=2698394899291.9097,=1149369272292,=921710263934.5500,=9.1584,=0.1560,=11.5370,=10.7376,=9.2631
2021-11-25,=1468.0700,=1479.6200,=2715712183121.7197,=1155046752261,=926260367960.6500,=9.1820,=0.1626,=11.5370,=10.7387,=9.3501
2021-11-24,=1472.2200,=1483.8000,=2719381995925.5811,=1158059115512,=928854864691.6700,=9.2264,=0.1815,=11.5370,=10.7406,=9.3616
2021-11-23,=1476.2500,=1487.8600,=2728296264829.5811,=1141722696720,=931707249863.2400,=9.2204,=0.1790,=11.5370,=10.7425,=9.3850
2021-11-22,=1479.9900,=1491.6300,=2733004182971.4995,=1145614656975,=935247804099.1396,=9.2115,=0.1734,=11.5370,=10.7428,=9.3864
2021-11-19,=1444.7800,=1456.1500,=2676716290145.2798,=1122371951055,=915315424838.8000,=9.0830,=0.1180,=11.5422,=10.7431,=9.3864
2021-11-18,=1423.9700,=1435.1700,=2637823200029.5698,=1102942241268,=899726451761.2301,=8.9127,=0.0748,=11.5422,=10.7475,=9.4226
2021-11-17,=1436.1600,=1447.4500,=2662383773370.8096,=1110838619382,=906587061115.9702,=8.9659,=0.0969,=11.5422,=10.7520,=9.4556
2021-11-16,=1421.2700,=1432.4500,=2635205479243.1001,=1097278558083,=896393642596.9199,=8.8371,=0.0596,=11.5422,=10.7537,=9.4678
2021-11-15,=1432.6000,=1443.8700,=2659229174560.6899,=1106687863741,=904483407465.1600,=8.9259,=0.0723,=11.5422,=10.7554,=9.4893
2021-11-12,=1440.1600,=1451.4800,=2660949872017.9102,=1110186175146,=907295898186.3400,=8.9064,=0.0662,=11.5545,=10.7572,=9.4893
2021-11-11,=1437.1500,=1448.4500,=2662185044182.1704,=1105598857017,=859892408867.1101,=8.7833,=0.0475,=11.5545,=10.7591,=9.4917
2021-11-10,=1420.4500,=1431.6200,=2639921592666.4497,=1093603291955,=849779557647.6801,=8.7202,=0.0381,=11.5545,=10.7636,=9.5285
2021-11-09,=1420.5100,=1431.6800,=2633973363800.1602,=1094802731843,=850285624626.5699,=8.7424,=0.0382,=11.5545,=10.7681,=9.5734
2021-11-08,=1400.8000,=1411.8100,=2593550553735.5195,=1082065131608,=840307279887.9399,=8.6641,=0.0256,=11.5545,=10.7683,=9.5856
2021-11-05,=1396.7400,=1407.7200,=2604352244317.2900,=1080915537706,=839020148592.5901,=8.6717,=0.0256,=11.5613,=10.7684,=9.5856
2021-11-04,=1410.7400,=1421.8400,=2624172507297.2202,=1090307517171,=846437662680.4500,=8.7522,=0.0322,=11.5613,=10.7705,=9.6349
2021-11-03,=1399.5500,=1410.5600,=2599860478129.1104,=1081114144778,=839003937659.7599,=8.6409,=0.0161,=11.5613,=10.7725,=9.6458
2021-11-02,=1405.6400,=1416.6900,=2602540022360.9600,=1087762152405,=843565326963.3601,=8.6580,=0.0194,=11.5613,=10.7799,=9.6572
2021-11-01,=1404.2100,=1415.2500,=2598602921657.6211,=1085993279073,=843544156608.4901,=8.6917,=0.0227,=11.5613,=10.7873,=9.6666
2021-10-29,=1396.2000,=1407.1800,=2592600171984.9902,=1085679821372,=786489080975.6699,=8.6502,=0.0163,=11.6417,=10.7881,=9.6666
2021-10-28,=1356.3700,=1367.0400,=2519241912873.0498,=1027267789659,=732098608996.8098,=8.6264,=0.0098,=11.6417,=10.7890,=9.6888
2021-10-27,=1361.8200,=1372.5300,=2529188920493.4102,=1029315421138,=732714981137.4601,=8.8607,=0.0262,=11.6417,=10.7895,=9.6904
2021-10-26,=1376.1300,=1386.9500,=2571030626188.9600,=1032685489079,=737887185078.0901,=9.1200,=0.0855,=11.6417,=10.7900,=9.7116
2021-10-25,=1380.3100,=1391.1600,=2577675242181.3198,=1034218638024,=734894383150.7102,=9.2112,=0.1188,=11.6417,=10.7914,=9.7472
2021-10-22,=1368.1400,=1378.9000,=2561628608833.1011,=1023032486683,=726350243609.8402,=9.0851,=0.0695,=11.6435,=10.7927,=9.7472
2021-10-21,=1362.4000,=1373.1200,=2539932550161.0400,=1018587636486,=723719159843.7201,=9.1771,=0.1063,=11.6435,=10.7935,=9.7606
2021-10-20,=1373.5900,=1384.4000,=2568020631192.3398,=1027820965298,=730471752570.5898,=9.2174,=0.1133,=11.6435,=10.7942,=9.7606
2021-10-19,=1366.7900,=1377.5400,=2558927902757.4097,=1021365740146,=724645931203.1301,=9.1931,=0.1104,=11.6435,=10.7945,=9.8049
2021-10-18,=1352.5700,=1363.2100,=2534588363931.2700,=1010091165009,=717469279242.1903,=9.0859,=0.0705,=11.6435,=10.7949,=9.8430
2021-10-15,=1363.1600,=1373.8800,=2553454924880.1396,=1012600198520,=720864285253.3597,=9.0995,=0.0741,=11.6488,=10.7953,=9.8430
2021-10-14,=1347.2700,=1357.8600,=2530933245559.3799,=1004415316232,=713206452179.4598,=9.1541,=0.0912,=11.6488,=10.7958,=9.8701
2021-10-13,=1344.7600,=1355.3400,=2531462879984.3901,=1000309068071,=711296199193.8301,=9.1294,=0.0814,=11.6488,=10.8031,=9.8874
2021-10-12,=1319.3900,=1329.7700,=2489597718758.9302,=979519465860,=694867499091.1801,=8.9403,=0.0408,=11.6488,=10.8105,=9.9042
2021-10-11,=1349.7700,=1360.3900,=2534984883506.0596,=1000070161205,=709293133549.6599,=9.0301,=0.0614,=11.6488,=10.8108,=9.9313
2021-10-08,=1364.4600,=1375.1900,=2560405268887.1802,=1009056039133,=717203440175.1998,=9.0200,=0.0582,=11.6690,=10.8111,=9.9313
2021-09-30,=1368.7200,=1379.4800,=2563167234462.4902,=1013039202417,=720408185155.0302,=9.0370,=0.0584,=11.6690,=10.8159,=9.9812
2021-09-29,=1345.7700,=1356.3500,=2533371570540.2500,=996699279726,=707863851422.1099,=8.9458,=0.0483,=11.6690,=10.8206,=9.9847
2021-09-28,=1354.1000,=1364.7500,=2537913174757.0796,=999984330657,=711301517489.6700,=9.0174,=0.0519,=11.6690,=10.8215,=9.9979
2021-09-27,=1368.6900,=1379.4500,=2566920937609.0503,=1013295390280,=720621201111.5701,=9.1054,=0.0556,=11.6690,=10.8223,=10.0084
2021-09-24,=1375,=1385.8100,=2566548613775.5298,=1016590610354,=725410575709.5900,=9.2270,=0.0767,=11.6992,=10.8302,=10.0084
2021-09-23,=1363.7900,=1374.5100,=2552261731776.9502,=1006725739671,=718139370755.8499,=9.1700,=0.0699,=11.6992,=10.8381,=10.0187
2021-09-22,=1355.2800,=1365.9400,=2535594914187.8501,=999307663623,=712666300390.9100,=9.1441,=0.0596,=11.6992,=10.8435,=10.0303
2021-09-17,=1349.6800,=1360.3000,=2537333215314.8701,=984626705435,=709081251364.2002,=9.0936,=0.0528,=11.6992,=10.8490,=10.0425
2021-09-16,=1351.4300,=1362.0500,=2536165626613.7905,=985942588549,=710269322558.3900,=9.1279,=0.0530,=11.6992,=10.8511,=10.0441
2021-09-15,=1384.5200,=1395.4100,=2594963333550.5801,=1011818613996,=729034373805.4200,=9.3616,=0.0780,=11.7062,=10.8532,=10.0441
2021-09-14,=1396.6700,=1407.6500,=2619176657625.8701,=1020712437290,=734095922666.3900,=9.3864,=0.0819,=11.7062,=10.8679,=10.0474
2021-09-13,=1384.4300,=1395.3200,=2615686461935.7197,=1015869954394,=727819484475.2299,=9.4226,=0.0821,=11.7062,=10.8827,=10.0778
2021-09-10,=1426.8100,=1438.0300,=2547200094499.4902,=1054734744317,=733286370920.9100,=11.0190,=0.5771,=11.7062,=10.8876,=10.0879
2021-09-09,=1402.1900,=1413.2200,=2505116380713.3804,=1039263791388,=721204037946.1299,=10.9000,=0.5108,=11.7062,=10.8827,=10.0879
2021-09-08,=1412.7200,=1423.8300,=2530468807668.3999,=1049344548840,=726535892065.9701,=10.9670,=0.5632,=11.7284,=10.8679,=10.0778
2021-09-07,=1438.5700,=1449.8800,=2566481199580.3398,=1068720577907,=742206263095.3101,=11.1128,=0.6304,=11.7284,=10.8532,=10.0778
2021-09-06,=1439,=1450.3100,=2568192703120.0601,=1068038600605,=741918690827.8400,=11.1204,=0.6327,=11.7284,=10.8511,=10.0778
2021-09-03,=1400.8900,=1411.9100,=2512418493049.7300,=1045353465654,=723527001033.6101,=10.9428,=0.5438,=11.7284,=10.8490,=10.0778
2021-09-02,=1399.4800,=1410.4900,=2497679051900.9199,=1042346968637,=723513293322.2198,=10.9222,=0.5385,=11.7284,=10.8435,=10.0778
2021-09-01,=1424.6600,=1435.8700,=2532410765512.4604,=1054114214228,=734110117815.0502,=10.9460,=0.5441,=11.7341,=10.8381,=10.0474
2021-08-31,=1441.1700,=1452.5100,=2551319465519.1699,=1066797672965,=743824223208.9500,=10.9565,=0.5498,=11.7341,=10.8302,=10.0474
2021-08-30,=1471.4500,=1483.0300,=2614019144530.3101,=1093191148343,=748279908818.5798,=11.1660,=0.6444,=11.7341,=10.8223,=10.0474
2021-08-27,=1480.3100,=1491.9600,=2617386679840.3901,=1074801241202,=741676041849.1300,=11.3118,=0.6914,=11.7341,=10.8215,=10.0474
2021-08-26,=1497.3400,=1509.1100,=2645527127716.3403,=1084421618526,=746617930496.3899,=11.4111,=0.7201,=11.7341,=10.8206,=10.0474
2021-08-25,=1542.7800,=1554.9100,=2715647300189.3203,=1115942574571,=765074554404.2501,=11.8194,=0.8165,=11.7854,=10.8159,=10.0441
2021-08-24,=1578.0300,=1590.3900,=2754601739377.0801,=1137683818954,=754798180397.8800,=12.3450,=0.9023,=11.7341,=10.8111,=10.0441
2021-08-23,=1564.1100,=1576.3600,=2735504257518.5298,=1130020543575,=748221595296.1599,=12.2482,=0.8868,=11.7284,=10.8108,=10.0441
2021-08-20,=1529.0900,=1541.0600,=2672885589946.5801,=1100411169812,=730981990544.3602,=11.9946,=0.8409,=11.7062,=10.8105,=10.0441
2021-08-19,=1546.1100,=1558.2200,=2710315661718.0703,=1115729527661,=739581577379.9698,=12.1881,=0.8707,=11.6992,=10.8031,=10.0441
2021-08-18,=1507.9900,=1519.8000,=2653030130031.1699,=1090134779304,=721033054563.0499,=12.0279,=0.8511,=11.6992,=10.7958,=10.0425
2021-08-17,=1509.2500,=1521.0700,=2649298953158.7002,=1077297101771,=713793485540.8101,=12.0824,=0.8582,=11.6690,=10.7953,=10.0425
2021-08-16,=1547.9300,=1560.0600,=2728166464071.6401,=1106439688816,=729788865124.4298,=12.4671,=0.9269,=11.6488,=10.7949,=10.0425
2021-08-13,=1552.7800,=1564.9400,=2730121704931.8101,=1110490365864,=731955692972.0901,=12.4074,=0.9228,=11.6435,=10.7945,=10.0425
2021-08-12,=1586.5000,=1598.9300,=2815617596272.1812,=1114152089393,=747090263231.3600,=12.5784,=0.9535,=11.6417,=10.7942,=10.0425
2021-08-11,=1578.7900,=1591.1600,=2803911548536.8398,=1094119076671,=743245612205.5898,=12.6033,=0.9689,=11.6417,=10.7935,=10.0303
2021-08-10,=1588.1900,=1600.6300,=2834299703391.4600,=1100206379470,=747012318242.2100,=12.5825,=0.9609,=11.5613,=10.7927,=10.0303
2021-08-09,=1574.4400,=1586.7700,=2816546300769.9897,=1087914083838,=740460181183.3000,=12.4998,=0.9412,=11.5545,=10.7914,=10.0303
2021-08-06,=1586.6700,=1599.1000,=2855416785125.7500,=1093402091913,=744204510940.7202,=12.5673,=0.9528,=11.5422,=10.7900,=10.0303
2021-08-05,=1604.8100,=1617.3800,=2890492279231.5303,=1104268033146,=752551297799.6802,=12.6705,=0.9881,=11.5370,=10.7895,=10.0303
2021-08-04,=1605.8900,=1618.4700,=2869022749651.3389,=1098939509263,=752973587115.6998,=12.6305,=0.9841,=11.5370,=10.7890,=10.0187
2021-08-03,=1564.1900,=1576.4400,=2806367122505.7798,=1069040076298,=733238412359.7898,=12.3614,=0.9363,=11.5022,=10.7881,=10.0187
2021-08-02,=1599.4700,=1612,=2870966970983.5596,=1095933827495,=750209795553.8900,=12.5951,=0.9760,=11.4693,=10.7873,=10.0187
2021-07-30,=1591.2200,=1603.6800,=2854061882360.8101,=1087042214675,=744838439580.8800,=12.5401,=0.9639,=11.4605,=10.7799,=10.0187
2021-07-29,=1588.4700,=1600.9100,=2830261966638.8101,=1084054044159,=740599684048.8701,=12.6255,=0.9839,=11.4534,=10.7725,=10.0187
2021-07-28,=1518.7000,=1530.5600,=2705484876793.1401,=1035043826639,=708072457839.9700,=12.1411,=0.9109,=11.4534,=10.7705,=10.0084
2021-07-27,=1545.2900,=1557.3500,=2759330320077.6304,=1059052959862,=720842664677.3099,=12.4397,=0.9634,=11.4362,=10.7684,=10.0084
2021-07-26,=1556.9800,=1569.0600,=2740821525675.7202,=1062949016468,=726639041777.6798,=12.6150,=0.9837,=11.4303,=10.7683,=10.0084
2021-07-23,=1563.4900,=1575.6200,=2742985591204.3799,=1064790478105,=729813572940.4200,=12.7065,=0.9918,=11.4228,=10.7681,=10.0084
2021-07-22,=1582.1300,=1594.4100,=2783036825118.1201,=1076473155359,=738183275565.4600,=12.7303,=1,=11.4176,=10.7636,=10.0084
2021-07-21,=1565.6400,=1577.7900,=2757294844344.5298,=1025569932128,=730331992763.5400,=12.5740,=0.9876,=11.4176,=10.7591,=9.9979
2021-07-20,=1522.6300,=1534.4400,=2690074549104.7798,=998626643322,=710250136628.1299,=12.2465,=0.9502,=11.4122,=10.7572,=9.9979
2021-07-19,=1514.1800,=1525.9300,=2683012541293.2603,=969108002887,=706247498431.0598,=12.2100,=0.9500,=11.4002,=10.7554,=9.9979
2021-07-16,=1525.2300,=1537.0700,=2717225147133.5811,=955275790329,=711422774243.7999,=12.3096,=0.9582,=11.3998,=10.7537,=9.9979
2021-07-15,=1560.7000,=1572.7500,=2775343764969.6602,=931456909772,=727692753119.3898,=12.3799,=0.9748,=11.3735,=10.7520,=9.9979
2021-07-14,=1556.7200,=1567.6700,=2786346529895.8101,=901911449159,=725539137335.4698,=12.3450,=0.9705,=11.3735,=10.7475,=9.9847
2021-07-13,=1590.9800,=1602.1700,=2826974544036.9204,=921872466666,=741890742087.9202,=12.5893,=0.9915,=11.3582,=10.7431,=9.9847
2021-07-12,=1601.6100,=1612.7600,=2857029354824.9302,=926406705806,=746681277056.2599,=12.6347,=0.9957,=11.3490,=10.7428,=9.9847
2021-07-09,=1583.7100,=1594.7400,=2838462281390.3398,=918983535905,=738497382929.9799,=12.5690,=0.9957,=11.3340,=10.7425,=9.9847
2021-07-08,=1610.7700,=1621.9900,=2877428129668.0898,=936918474215,=751580414669.7401,=12.7275,=1,=11.3217,=10.7406,=9.9847
2021-07-07,=1570.0300,=1580.9600,=2827256911407.7012,=913436985091,=732195931661.1201,=12.5229,=1,=11.3217,=10.7387,=9.9812
2021-07-06,=1532.7900,=1543.4700,=2764825943025.5200,=890915308707,=715082215087.0399,=12.1699,=0.9740,=11.3092,=10.7376,=9.9812
2021-07-05,=1575.8900,=1586.8700,=2844596933335.1699,=914130773469,=734699113194.2400,=12.3793,=0.9957,=11.3058,=10.7365,=9.9812
2021-07-02,=1538.1600,=1548.8700,=2777647202407.4302,=895556968996,=717470365652.6000,=12.2038,=0.9825,=11.3021,=10.7325,=9.9812
2021-07-01,=1579.8000,=1590.8100,=2867994890534.5498,=920818010254,=737410846510.6200,=12.3964,=1,=11.2676,=10.7284,=9.9812
2021-06-30,=1588.2200,=1599.2800,=2889133208428.3799,=916416558998,=741109836962.8300,=12.3284,=1,=11.2676,=10.7272,=9.9313
2021-06-29,=1562.0800,=1572.9600,=2826313906790.4600,=902289182040,=729124760078.2200,=12.2078,=0.9956,=11.2625,=10.7261,=9.9313
2021-06-28,=1562.9800,=1573.6800,=2829507459775.3604,=902531764992,=729598285692.0898,=12.2691,=1,=11.2366,=10.7248,=9.9313
2021-06-25,=1534.8500,=1545.3600,=2790733471151.2803,=885920602256,=716723433510.3298,=11.9732,=0.9866,=11.2365,=10.7235,=9.9313
2021-06-24,=1504.8100,=1514.8400,=2728630494874.4902,=867444080970,=702515516876.2799,=11.7854,=0.9596,=11.2364,=10.7178,=9.9313
2021-06-23,=1534.3000,=1544.5200,=2774698885128.9307,=882516206843,=715842187737.4601,=11.8752,=0.9865,=11.2364,=10.7122,=9.9042
2021-06-22,=1523.3600,=1533.5100,=2728771229204.0400,=880372646267,=711983285688.6300,=11.7908,=0.9683,=11.2351,=10.7082,=9.9042
2021-06-21,=1528.1300,=1538.0900,=2739690560936.9097,=883283642369,=713961424439.0601,=11.8092,=0.9727,=11.2153,=10.7042,=9.9042
2021-06-18,=1494.7000,=1504.4400,=2690438978990.2104,=859034270878,=697734042718.5802,=11.3582,=0.8630,=11.1995,=10.7039,=9.9042
2021-06-17,=1473.5100,=1483.0700,=2663037186226.2803,=847724276292,=688122136626.1901,=11.1266,=0.7798,=11.1741,=10.7036,=9.9042
2021-06-16,=1406.4700,=1415.3800,=2540744595253.5400,=810333753601,=656905171731.3699,=10.7942,=0.5945,=11.1995,=10.7007,=9.8874
2021-06-15,=1448.2000,=1457.3800,=2598248613902.3999,=834478262227,=676980219292.9700,=11.0665,=0.7407,=11.1995,=10.6977,=9.8874
2021-06-11,=1436.2800,=1445.3800,=2285456972448.3398,=812136661826,=653511307054.5300,=9.5734,=0.1302,=11.1995,=10.6960,=9.8874
2021-06-10,=1450.4000,=1459.0600,=2300362726365.8901,=816138819120,=658372197701.7898,=9.6888,=0.1542,=11.1995,=10.6977,=9.9042
2021-06-09,=1427.3200,=1435.8000,=2264059097335.4502,=786477670749,=648926114462.1399,=9.3501,=0.0986,=11.1995,=10.7007,=9.9313
2021-06-08,=1419.0800,=1427.4800,=2246584846332.1904,=778370487602,=643674742204.5200,=9.3850,=0.0991,=11.2153,=10.7036,=9.9313
2021-06-07,=1433.5700,=1442.0400,=2265637551767.0703,=782992966284,=647863248445.8801,=9.4556,=0.0995,=11.2153,=10.7039,=9.9812
2021-06-04,=1431.5200,=1439.9700,=2258943598597.7002,=780903956874,=646240165893.7200,=9.4917,=0.1095,=11.2153,=10.7042,=9.9847
2021-06-03,=1414.5300,=1422.8100,=2246173286149.5303,=774681300176,=640257051466.9303,=9.4678,=0.1005,=11.2153,=10.7082,=9.9979
2021-06-02,=1426.8500,=1435.1900,=2269840183924.3105,=781838825855,=646089298708.7800,=9.5856,=0.1106,=11.2153,=10.7122,=10.0084
2021-06-01,=1460.5400,=1469.0800,=2332559364386.8398,=801086121149,=661597881325.6801,=9.7116,=0.1353,=11.2351,=10.7178,=10.0084
2021-05-31,=1442.6700,=1450.9600,=2298040158170.4497,=790641857859,=653613529351.8099,=9.5285,=0.1068,=11.2351,=10.7235,=10.0187
2021-05-28,=1386.0400,=1394,=2214219011597.5303,=757271288270,=626169229222.9700,=9.1907,=0.0829,=11.2351,=10.7248,=10.0303
2021-05-27,=1397.7700,=1405.7500,=2247894813257.4204,=767045499084,=632510949986.6200,=9.2582,=0.0882,=11.2351,=10.7261,=10.0425
2021-05-26,=1364.0400,=1371.7600,=2191687455814.7000,=749703910455,=618418996976.5399,=9.1545,=0.0788,=11.2351,=10.7272,=10.0441
2021-05-25,=1370.1200,=1377.8200,=2202520040898.2305,=754456758925,=622186604882.6799,=9.1527,=0.0743,=11.2364,=10.7284,=10.0441
2021-05-24,=1330.8700,=1338.3500,=2141583337270.8501,=731352727388,=603971089362.4998,=8.9724,=0.0697,=11.2364,=10.7325,=10.0474
2021-05-21,=1315.2100,=1322.6000,=2118021958153.4800,=723971134590,=597812717552.5100,=8.8882,=0.0400,=11.2364,=10.7365,=10.0778
2021-05-20,=1329.7900,=1337.2700,=2141692849260.0200,=730659015892,=603729001376.1299,=8.9405,=0.0553,=11.2364,=10.7376,=10.0879
2021-05-19,=1326.1400,=1333.3000,=2138446749259.4905,=727878269274,=601597458631.2400,=8.9372,=0.0455,=11.2364,=10.7387,=10.0882
2021-05-18,=1321.6400,=1328.7700,=2134633519208.6001,=725756010941,=599353978089.4600,=8.9441,=0.0508,=11.2365,=10.7406,=10.0882
2021-05-17,=1328.9200,=1336.0900,=2146290257591.3303,=730651533194,=602964860310.1902,=8.9081,=0.0408,=11.2365,=10.7425,=10.0948
2021-05-14,=1300.5400,=1307.5500,=2105973715999.2300,=713841569511,=589288014997.5300,=8.7882,=0.0308,=11.2365,=10.7428,=10.1042
2021-05-13,=1275.4800,=1282.3600,=2074589304832.8799,=699160293488,=573845147095.3700,=8.6198,=0.0103,=11.2365,=10.7431,=10.1127
2021-05-12,=1270.9100,=1277.7700,=2070760560081.1201,=698880814724,=573372939534.8000,=8.6317,=0.0104,=11.2365,=10.7475,=10.1228
2021-05-11,=1258.1100,=1264.9000,=2038699060282.9500,=690791727520,=567007203896.2300,=8.6145,=0.0052,=11.2366,=10.7520,=10.1228
2021-05-10,=1254.4900,=1261.2500,=2032359182991.9199,=688563785493,=565559285604.1801,=8.5984,=0,=11.2366,=10.7537,=10.1640
2021-05-07,=1263.9000,=1270.7100,=2043982415799.8401,=694944178079,=570313831415.2899,=8.6879,=0,=11.2366,=10.7554,=10.1657
2021-05-06,=1310.1300,=1317.1900,=2113770367003.2900,=722570852516,=592259011634.3600,=8.7868,=0,=11.2366,=10.7572,=10.1729
2021-04-30,=1322.2400,=1329.2800,=2139535284430.9504,=732262578682,=598751878061.4000,=8.7919,=0,=11.2366,=10.7591,=10.1744
2021-04-29,=1324.0500,=1331,=2130554430352.0701,=726244045118,=579400714195.8000,=8.9398,=0,=11.2625,=10.7636,=10.1744
2021-04-28,=1324.2400,=1331.1800,=2133759607507.3401,=725702867437,=572899797897.4700,=9.2631,=0.0054,=11.2625,=10.7681,=10.2071
2021-04-27,=1311.9100,=1318.8000,=2116251853455.1001,=717997680952,=562946106112.8201,=9.2447,=0,=11.2625,=10.7683,=10.2300
2021-04-26,=1314.9100,=1321.8100,=2114999263994.2300,=718272897613,=550038250429.8101,=9.4893,=0,=11.2625,=10.7684,=10.2377
2021-04-23,=1311.8300,=1318.6900,=2111875643248.7000,=716861984527,=538827869456.5399,=9.6349,=0,=11.2625,=10.7705,=10.2410
2021-04-22,=1305.1800,=1312.0100,=2105867882845.8401,=713540806299,=536201830214.1001,=9.6666,=0.0110,=11.2676,=10.7725,=10.2410
2021-04-21,=1286.8600,=1293.5900,=2075902903901.8804,=701832412348,=529807795207.3400,=9.6572,=0.0055,=11.2676,=10.7799,=10.2991
2021-04-20,=1290.5000,=1297.2500,=2084287142463.3401,=703605138173,=530516628298.9100,=9.8701,=0.0389,=11.2676,=10.7873,=10.3103
2021-04-19,=1299.0100,=1305.8000,=2098004467255.0601,=693144777017,=523168213814.4601,=9.9313,=0.0503,=11.2676,=10.7881,=10.3355
2021-04-16,=1274.7000,=1281.3000,=2057964969913.4800,=679547327859,=512665648059.9299,=9.7606,=0.0169,=11.2676,=10.7890,=10.3685
2021-04-15,=1264.1600,=1270.7000,=2050759916546.1499,=673286015499,=505665143143.4299,=9.7472,=0.0113,=11.3021,=10.7895,=10.3685
2021-04-14,=1254.7100,=1261.2100,=2041441759158.5095,=670068428083,=502097757033.7099,=9.7606,=0.0114,=11.3021,=10.7900,=10.3720
2021-04-13,=1241.4000,=1247.8300,=2022794399842.9700,=664117132847,=496772725971.8000,=9.6458,=0,=11.3021,=10.7914,=10.4195
2021-04-12,=1243.5000,=1249.9300,=2023476608320.2100,=665203476264,=497017452311.0098,=9.6904,=0,=11.3021,=10.7927,=10.4460
2021-04-09,=1271.4400,=1278.0300,=2068586854993.7900,=678970898642,=508801156022.5800,=9.8430,=0.0058,=11.3021,=10.7938,=10.4670
2021-04-08,=1291.8600,=1298.5500,=2097604438113.5901,=692836877475,=513314279956.7201,=10.0303,=0.0465,=11.3058,=10.7949,=10.4670
2021-04-07,=1298.7800,=1305.5100,=2113504280072.0801,=696954812312,=516398454393.2400,=10.0778,=0.0643,=11.3058,=10.7953,=10.4870
2021-04-06,=1296.6200,=1303.3300,=2115123665711.3201,=698771885385,=517376225426.0700,=10.0425,=0.0471,=11.3058,=10.7958,=10.5064
2021-04-02,=1299.9200,=1306.6500,=2122991520861.4600,=699263104554,=519317569056.8801,=9.9979,=0.0296,=11.3058,=10.8031,=10.5376
2021-04-01,=1266.7500,=1273.3000,=2063566956300.1201,=683319736615,=506837941872.8099,=9.8874,=0.0060,=11.3058,=10.8105,=10.5404
2021-03-31,=1248.3300,=1254.7400,=2031943276695.8601,=676432067421,=502397074895.5601,=9.8049,=0,=11.3092,=10.8108,=10.5404
2021-03-30,=1248.3400,=1254.7500,=2030837973266.9600,=675560331372,=495843807143.4700,=9.9847,=0.0120,=11.3092,=10.8111,=10.5420
2021-03-29,=1250.7700,=1257.1900,=2028388890217.5200,=676682127476,=496285721071.3001,=10.0187,=0.0182,=11.3092,=10.8159,=10.5498
2021-03-26,=1256.6600,=1263.1100,=2033468431735.8101,=679502269749,=498420785272.5900,=10.1744,=0.0854,=11.3092,=10.8206,=10.5810
2021-03-25,=1219.7100,=1225.9700,=1978545581149.6001,=658492464135,=477515018331.3602,=9.9812,=0.0061,=11.3092,=10.8215,=10.5879
2021-03-24,=1221.4500,=1227.7200,=1990220762582.2600,=657559553767,=477336829430.0200,=10.0084,=0.0062,=11.3217,=10.8223,=10.5879
2021-03-23,=1236.4700,=1242.8200,=2017553871393.3201,=662330197537,=448838311660.6701,=10.1042,=0.0373,=11.3217,=10.8302,=10.5916
2021-03-22,=1242.7600,=1249.1300,=2036188324021.8999,=666589150183,=445075849226.0100,=10.2071,=0.0688,=11.3217,=10.8381,=10.5921
2021-03-19,=1231.2900,=1237.6100,=2014890081583.1001,=659217052166,=437034711933.9101,=10.0441,=0.0063,=11.3217,=10.8435,=10.6021
2021-03-18,=1241.3100,=1247.6800,=2033288493089.1299,=665807476646,=441312195072.7400,=10.2377,=0.0696,=11.3217,=10.8490,=10.6031
2021-03-17,=1236.5400,=1242.8900,=2026132116334.1399,=661020075609,=439120038455.5101,=10.2300,=0.0637,=11.3340,=10.8511,=10.6031
2021-03-16,=1220.3700,=1226.6300,=1998973313044.9004,=650405543982,=432462730140.1101,=10.1657,=0.0513,=11.3340,=10.8532,=10.6152
2021-03-15,=1223.3900,=1229.6700,=2005609187831.6001,=650678131920,=434212934836.9400,=10.1127,=0.0323,=11.3340,=10.8679,=10.6179
2021-03-12,=1261.3200,=1267.8000,=1817538872639.1699,=654683096076,=429166979432.5000,=10.0879,=0.0130,=11.3340,=10.8827,=10.6217
2021-03-11,=1267.3000,=1273.8100,=1825009021838.9900,=656461163144,=431553755987.0200,=10.0948,=0.0196,=11.3340,=10.8876,=10.6264
2021-03-10,=1232.7300,=1239.0600,=1768612008751.6101,=641392722873,=419583833297.2100,=9.9042,=0,=11.3490,=10.8925,=10.6264
2021-03-09,=1230.1400,=1236.4500,=1756359567425.6602,=636125082074,=417678260047.5401,=10.1228,=0.0132,=11.3490,=10.8953,=10.6387
2021-03-08,=1275.4600,=1282,=1819673111952.4695,=657412946234,=432323718314.6101,=10.4670,=0.0800,=11.3490,=10.8981,=10.6391
2021-03-05,=1329.8400,=1336.6700,=1892536575827.3403,=685801584736,=450938827091.4800,=10.6797,=0.2483,=11.3490,=10.8993,=10.6425
2021-03-04,=1324.1600,=1330.9600,=1886908756088.4399,=680810016194,=449239738018.0901,=10.6217,=0.1757,=11.3490,=10.9005,=10.6425
2021-03-03,=1359.4000,=1366.3800,=1927723454547.0100,=700479543667,=460928775591.9900,=10.7890,=0.3946,=11.3735,=10.9005,=10.6425
2021-03-02,=1352.0400,=1358.9800,=1918912376244.6201,=696564754310,=458510323744.7800,=10.7122,=0.2945,=11.3735,=10.9006,=10.6425
2021-03-01,=1358.1400,=1365.1100,=1922413223779.1299,=699461370470,=461024291182.4900,=10.7591,=0.3586,=11.3735,=10.9054,=10.6425
2021-02-26,=1325.5900,=1332.3900,=1875788786275.6101,=681653818666,=450463806486.8200,=10.6387,=0.1875,=11.3735,=10.9101,=10.6425
2021-02-25,=1349.7100,=1356.6400,=1915265111530.4497,=696825246573,=458074817561.5801,=10.7261,=0.3007,=11.3735,=10.9118,=10.6482
2021-02-24,=1365.6400,=1372.6500,=1931893977258.2800,=700573220410,=463260273436.6801,=10.7958,=0.4014,=11.3998,=10.9136,=10.6425
2021-02-23,=1390.5300,=1397.6600,=1970920433987.0205,=718556665541,=472164354821.8600,=10.9006,=0.4823,=11.3998,=10.9173,=10.6425
2021-02-22,=1389.9200,=1397.0500,=1961942550557.0696,=714524329678,=471775931355.2000,=10.8490,=0.4429,=11.3998,=10.9210,=10.6425
2021-02-19,=1427.9100,=1435.2400,=2024487747354.1604,=713589721615,=485603515588.9000,=10.7873,=0.3813,=11.3998,=10.9319,=10.6425
2021-02-18,=1429.7400,=1437.0800,=2029062481856.8096,=714252691377,=486386444839.2600,=10.5921,=0.1522,=11.3998,=10.9427,=10.6425
2021-02-10,=1437.0200,=1444.4000,=2022115524409.8296,=707290128887,=488472439136.6600,=10.4870,=0.0876,=11.4002,=10.9490,=10.6425
2021-02-09,=1427.6800,=1435.0100,=2004817685813.2305,=702080852363,=485136893148.2599,=10.3103,=0.0441,=11.4002,=10.9552,=10.6482
2021-02-08,=1382.4800,=1389.5800,=1927844249148.4504,=676327313921,=468795208011.2100,=10.0882,=0.0074,=11.4002,=10.9561,=10.6602
2021-02-05,=1368.8000,=1375.8300,=1920847542617.6899,=673098370617,=464150270680.9299,=10.0474,=0,=11.4002,=10.9569,=10.6602
2021-02-04,=1394.1000,=1401.2500,=1953430106107.8696,=679573417642,=472375504529.9500,=10.1729,=0.0075,=11.4002,=10.9597,=10.6609
2021-02-03,=1410.1500,=1417.3800,=1968927072655.0696,=687664116224,=476212845348.4900,=10.2991,=0.0152,=11.4122,=10.9624,=10.6609
2021-02-02,=1438.0600,=1445.4400,=2003064415090.9705,=695960596352,=486465179516.7600,=10.5064,=0.0534,=11.4122,=10.9640,=10.6663
2021-02-01,=1421.4800,=1428.7800,=1992956235496.8301,=686994564421,=481175363305.2101,=10.4460,=0.0462,=11.4122,=10.9655,=10.6720
2021-01-29,=1421.9600,=1429.2600,=1991291586344.6699,=689752802792,=482231163322.4000,=10.6609,=0.1783,=11.4122,=10.9705,=10.6802
2021-01-28,=1421.5900,=1428.8800,=1979236370495.9299,=684985358945,=480707972250.9800,=10.6942,=0.2188,=11.4122,=10.9755,=10.6843
2021-01-27,=1458.3700,=1465.8600,=2031955348882.8501,=704183923024,=493574534881.9100,=10.8223,=0.3780,=11.4176,=10.9913,=10.6802
2021-01-26,=1478.4500,=1486.0400,=2079290478122.3301,=715954881046,=500755338031.9599,=10.8981,=0.4127,=11.4176,=11.0071,=10.6802
2021-01-25,=1498.6000,=1506.2900,=2100705673593.6599,=730239695585,=506980481077.3500,=10.9569,=0.4640,=11.4176,=11.0097,=10.6802
2021-01-22,=1486.3100,=1493.9400,=2079601227238.3401,=717097229946,=501079138589.0300,=11.0246,=0.5161,=11.4176,=11.0123,=10.6802
2021-01-21,=1482.2800,=1489.8900,=2076769619873.6001,=712288919835,=501105102220.2799,=11.1585,=0.6341,=11.4176,=11.0097,=10.6802
2021-01-20,=1481.4500,=1489.0600,=2067367072120.4600,=703891542707,=500179402359.8101,=11.0862,=0.5902,=11.4228,=11.0071,=10.6720
2021-01-19,=1443.9200,=1451.3300,=2019469442899.5896,=669315392132,=487294740727.1500,=10.9655,=0.4876,=11.4228,=10.9913,=10.6720
2021-01-18,=1481.2500,=1488.8500,=2070547663034.3999,=688639338385,=499670051680.2900,=10.8925,=0.4250,=11.4228,=11.0071,=10.6720
2021-01-15,=1447.5800,=1455.0100,=2027036921169.2600,=660645227001,=485674910519.1000,=10.8105,=0.3782,=11.4228,=11.0097,=10.6720
2021-01-14,=1447.2700,=1454.7000,=2041169363817.6396,=659092558026,=486640026622.7200,=10.7387,=0.2881,=11.4228,=11.0123,=10.6720
2021-01-13,=1407.4100,=1414.6400,=1983265224491.3501,=639947187642,=472480034123.3700,=10.3685,=0.0256,=11.4303,=11.0166,=10.6663
2021-01-12,=1405.2200,=1412.4400,=1983669471453.4104,=641583038991,=471850709736.4200,=10.4195,=0.0345,=11.4303,=11.0210,=10.6720
2021-01-11,=1390.6600,=1397.7900,=1964656602864.5601,=637142908486,=467171464798.6000,=10.3720,=0.0261,=11.4303,=11.0249,=10.6802
2021-01-08,=1378.7400,=1385.8200,=1940489004478.6201,=631843873261,=462813945749.5900,=10.5420,=0.0439,=11.4303,=11.0288,=10.6843
2021-01-07,=1381.9400,=1389.0400,=1930475062178.1299,=634747199342,=463740240877.5800,=10.5810,=0.0531,=11.4303,=11.0322,=10.6905
2021-01-06,=1415.0200,=1422.2900,=1981016486874.6499,=650526565791,=475569112971.9900,=10.9005,=0.3929,=11.4362,=11.0356,=10.6905
2021-01-05,=1425.1600,=1432.4800,=1982024435334.8799,=656840342989,=478453693452.8800,=11.0415,=0.5045,=11.4362,=11.0385,=10.6905
2021-01-04,=1422.1200,=1429.4200,=1966645600537.5305,=656966997859,=477303166994.6201,=11.0123,=0.4727,=11.4362,=11.0356,=10.6905
2020-12-31,=1393.0300,=1400.1800,=1931431147474.4099,=640635223384,=466803401682.6201,=10.7900,=0.3303,=11.4362,=11.0436,=10.6905
2020-12-30,=1362.9100,=1369.9100,=1880993339269.9199,=621717432692,=456275634434.9300,=10.6391,=0.1204,=11.4362,=11.0516,=10.6905
2020-12-29,=1337.4700,=1344.3300,=1834800564988.8301,=609542857862,=446488695988.5102,=10.6152,=0.0935,=11.4534,=11.0592,=10.6905
2020-12-28,=1339.0100,=1345.8800,=1833003734936.5496,=610021673699,=447054373583.3900,=10.5879,=0.0566,=11.4534,=11.0669,=10.6977
2020-12-25,=1349.7900,=1356.7200,=1856995852196.2100,=614046871476,=450402790198.0701,=10.6905,=0.1810,=11.4534,=11.0699,=10.7036
2020-12-24,=1348.0100,=1354.9300,=1855015673761.3896,=610602663363,=449655724262.0500,=10.5498,=0.0481,=11.4534,=11.0729,=10.7042
2020-12-23,=1376.6000,=1383.6600,=1896273851414.8701,=624637385789,=459416905151.9302,=10.7431,=0.2427,=11.4534,=11.0762,=10.7235
2020-12-22,=1358.6200,=1365.5900,=1871469205397.0601,=616161802767,=453646215866.7801,=10.7042,=0.1961,=11.4605,=11.0794,=10.7042
2020-12-21,=1388.6700,=1395.8000,=1898999239817.7705,=626088582771,=463182953159.8199,=10.8827,=0.3465,=11.4605,=11.0803,=10.7235
2020-12-18,=1361.1100,=1368.0900,=1871939335224.6499,=613786287454,=453875413318.5800,=10.6977,=0.1800,=11.4605,=11.0811,=10.7235
2020-12-17,=1363.3600,=1370.3600,=1883715339487.8799,=615295286150,=454606394644.4100,=10.6802,=0.1616,=11.4605,=11.0869,=10.7284
2020-12-16,=1345.1300,=1352.0400,=1857689779602.0400,=607297817316,=448990343046.3400,=10.5376,=0.0306,=11.4605,=11.0926,=10.7365
2020-12-15,=1363.1800,=1370.1800,=1897581484664.5000,=616202810572,=456037672753.5500,=10.6425,=0.0928,=11.4693,=11.0980,=10.7365
2020-12-14,=1375.0600,=1382.1200,=1919584719112.9600,=618391747760,=460922941748.2300,=10.6179,=0.0729,=11.4693,=11.1035,=10.7425
2020-12-11,=1362.9600,=1369.9600,=1181564469277.5200,=505129105912,=350613311811.8001,=10.1640,=0,=11.4693,=11.1047,=10.7520
2020-12-10,=1360.1800,=1367.1700,=1168246279503.3398,=496970998442,=342101273952.2401,=10.2410,=0,=11.4693,=11.1059,=10.7554
2020-12-09,=1365.0400,=1372.0400,=1162724580685.7000,=493414208174,=337485598734.4900,=10.3355,=0,=11.4693,=11.1226,=10.7681
2020-12-08,=1398.7300,=1405.9100,=1187737944632.3799,=503425325552,=343415017371.1201,=10.6021,=0.0217,=11.5022,=11.1392,=10.7681
2020-12-07,=1406.1900,=1413.4100,=1191623217956.3604,=503940975452,=343047776371.3701,=10.5916,=0.0110,=11.5022,=11.1407,=10.7684
2020-12-04,=1404.8700,=1412.0800,=1189292350064.8098,=501513729869,=341362230537.3900,=10.6031,=0.0111,=11.5022,=11.1421,=10.7725
2020-12-03,=1410.8300,=1418.0700,=1195780787407.6201,=503462434355,=343049236808.5299,=10.6602,=0.0337,=11.5022,=11.1581,=10.7927
2020-12-02,=1408.4900,=1415.7200,=1191973136062.8999,=501571982193,=343318237400.6200,=10.7284,=0.1023,=11.5022,=11.1741,=10.7949
2020-12-01,=1404.2400,=1411.4500,=1186222644142.6101,=498445544521,=340780128157.4400,=10.7425,=0.1149,=11.5370,=11.1868,=10.7949
2020-11-30,=1385.4800,=1392.5900,=1166677110280.8398,=489577952837,=334887713151.4900,=10.6602,=0.0349,=11.5370,=11.1995,=10.8111
2020-11-27,=1387.7700,=1394.8900,=1161977126579.3701,=486948875534,=332884584017.3101,=10.6482,=0.0235,=11.5370,=11.2074,=10.8206
2020-11-26,=1385.3100,=1392.4200,=1158368835112.3501,=484214603022,=331030400623.5200,=10.6264,=0.0119,=11.5370,=11.2153,=10.8381
2020-11-25,=1388.3600,=1395.4900,=1159084883824.5698,=485096388920,=331909216400.1900,=10.6663,=0.0120,=11.5370,=11.2252,=10.8532
2020-11-24,=1412.7500,=1420,=1176127610459.2502,=493062472663,=336816391526.2301,=10.7949,=0.1463,=11.5422,=11.2351,=10.8532
2020-11-23,=1418.1000,=1425.3800,=1181127539667.2400,=494513699905,=337292682019.1099,=10.7927,=0.1358,=11.5422,=11.2358,=10.9101
2020-11-20,=1430.7200,=1438.0600,=1193632618571.0500,=497760190755,=340599322691.3300,=10.8206,=0.1500,=11.5422,=11.2364,=10.9136
2020-11-19,=1435.9200,=1443.3000,=1201783476967.8799,=500718230993,=341412098440.1801,=10.8111,=0.1392,=11.5422,=11.2365,=10.9210
2020-11-18,=1419.2300,=1426.5100,=1184158849502.5801,=492298578645,=337158293105.3700,=10.7681,=0.1026,=11.5422,=11.2365,=10.9427
2020-11-17,=1430.8100,=1438.1500,=1192583605302.0601,=451950252715,=340184969266.9301,=10.9101,=0.1558,=11.5545,=11.2366,=10.9427
2020-11-16,=1446.9500,=1454.3800,=1206136279110.2998,=458348728121,=344060674190.5801,=11.0288,=0.2632,=11.5545,=11.2366,=10.9552
2020-11-13,=1436.8900,=1444.2600,=1197747870582.9902,=454151824966,=344077455028.3200,=10.9136,=0.1600,=11.5545,=11.2495,=10.9552
2020-11-12,=1413.2900,=1420.5500,=1176704090022.1001,=444477479516,=337025812038.1500,=10.7725,=0.1216,=11.5545,=11.2625,=10.9624
2020-11-11,=1395.5100,=1402.6700,=1160894138512.6599,=440056426788,=331238227113.7700,=10.6843,=0.0274,=11.5545,=11.2650,=10.9755
2020-11-10,=1441.9600,=1449.3700,=1202567053981.1599,=455321221225,=343624827303.3702,=10.9552,=0.1667,=11.5613,=11.2676,=10.9755
2020-11-09,=1485.1500,=1492.7700,=1239768349558.7100,=466753693831,=353235984551.5399,=11.1059,=0.3380,=11.5613,=11.2848,=11.0071
2020-11-06,=1441.4700,=1448.8700,=1201932036934.0901,=442588613866,=339929707528.6700,=10.8381,=0.1143,=11.5613,=11.3021,=11.0071
2020-11-05,=1475.3800,=1482.9500,=1229125224954.2700,=441395748047,=347164628782.8500,=11.0356,=0.2174,=11.5613,=11.3039,=11.0210
2020-11-04,=1458.9000,=1466.3800,=1217884174405.8899,=422092260339,=343913927253.8599,=10.9624,=0.1618,=11.5613,=11.3058,=11.0210
2020-11-03,=1449.0100,=1456.4400,=1211363557396.1699,=421126430181,=343050011248.2301,=10.9427,=0.1493,=11.6417,=11.3075,=11.0210
2020-11-02,=1400.9100,=1408.1000,=1170828672881.1699,=407602149639,=331422343133.1700,=10.6720,=0.0152,=11.6417,=11.3092,=11.0516
2020-10-30,=1393.9100,=1401.0600,=1163014167246.0400,=402523749270,=330257052096.7201,=10.7365,=0.0462,=11.6417,=11.3155,=11.0669
2020-10-29,=1412.0600,=1419.3000,=1177101621272.9500,=404819370227,=271180146917.6100,=11.0729,=0.2031,=11.6417,=11.3217,=11.0729
2020-10-28,=1406.0700,=1413.2400,=1170231385785.8098,=400077725310,=214405945795,=11.0926,=0.2381,=11.6417,=11.3279,=11.0794
2020-10-27,=1385.7500,=1392.8100,=1151903204752.3501,=387292688014,=178538817616.3800,=11.2366,=0.3871,=11.6435,=11.3340,=11.0669
2020-10-26,=1356.1100,=1363.0200,=1126704682503.9302,=381252435265,=173565337577.6700,=11.1392,=0.2623,=11.6435,=11.3415,=11.0669
2020-10-23,=1336.5300,=1343.3400,=1110865996069.6602,=369599252479,=170903622407.6500,=11.0071,=0.1500,=11.6435,=11.3490,=11.0669
2020-10-22,=1376.5800,=1383.5900,=1147571375610.1001,=381398088346,=173103995613.9700,=11.2676,=0.3898,=11.6435,=11.3613,=11.0794
2020-10-21,=1396.9800,=1404.1000,=1162595061293.5698,=385443684948,=172302180456.6200,=11.3735,=0.5000,=11.6435,=11.3735,=11.0794
2020-10-20,=1426.1800,=1433.4500,=1188391902949.8098,=395541621137,=175789309552.8100,=11.5613,=0.7544,=11.6488,=11.3744,=11.0669
2020-10-19,=1412.1500,=1419.3400,=1175213016654.7000,=391755651891,=173857352934.3000,=11.4693,=0.6786,=11.6488,=11.3490,=11.0669
2020-10-16,=1438.5300,=1445.8600,=1193841771710.7302,=398188413949,=177041595029.8300,=11.6417,=0.7636,=11.6488,=11.3415,=11.0669
2020-10-15,=1453.7900,=1461.2000,=1205795365672.9900,=402995482398,=169745998326.1200,=11.5545,=0.7593,=11.6488,=11.3340,=11.0669
2020-10-14,=1488.6700,=1496.2600,=1233986632130.2998,=411426268701,=173818816475.1000,=11.7341,=0.8868,=11.6488,=11.3279,=11.0669
2020-10-13,=1497.6000,=1505.2300,=1246085167291.2200,=415308934303,=174946048704.3800,=11.8309,=0.9231,=11.6488,=11.3217,=11.0516
2020-10-12,=1490.5800,=1498.1700,=1241214699457.0105,=414055810043,=174202012634.8100,=11.8367,=0.9412,=11.6435,=11.3155,=11.0516
2020-10-09,=1465.9600,=1473.4300,=1219332709066.5798,=406060672583,=171315011280.8401,=11.6690,=0.8600,=11.5422,=11.3092,=11.0516
2020-09-30,=1418.8000,=1426.0300,=1179092484155,=392701017582,=165626519853.2300,=11.2365,=0.4286,=11.5370,=11.3075,=11.0516
2020-09-29,=1389.9600,=1397.0500,=1157465469804.8999,=356316922954,=162331005705.3201,=11.0516,=0.2083,=11.5370,=11.3092,=11.0516
2020-09-28,=1338.9500,=1345.7700,=1115573336814.1001,=342370571889,=156431465306.3300,=10.7520,=0.0638,=11.5422,=11.3155,=11.0210
2020-09-25,=1364.0200,=1370.9800,=1133849732712,=348885073293,=159168036745.1400,=10.9755,=0.1522,=11.5422,=11.3217,=11.0669
2020-09-24,=1394.9300,=1402.0300,=1159680456596.1001,=351539835303,=162825578828,=11.1741,=0.2889,=11.5422,=11.3279,=11.0794
2020-09-23,=1423.9000,=1431.1600,=1185631003098.7000,=360385311818,=166277944929.4200,=11.3998,=0.5455,=11.5422,=11.3340,=11.0794
2020-09-22,=1390.0900,=1397.1700,=1159419556603.6001,=352013796365,=162502957655.6300,=11.1421,=0.2791,=11.5422,=11.3279,=11.0794
2020-09-21,=1397.7500,=1404.8700,=1167194930174.3000,=355554365948,=163408449588.0501,=11.4176,=0.5952,=11.6435,=11.3340,=11.0669
2020-09-18,=1403.9000,=1411.0500,=1171591993411.2000,=355354991014,=164223375665.1900,=11.4122,=0.5854,=11.6435,=11.3279,=11.0669
2020-09-17,=1383.5900,=1390.6400,=1154997855215,=349931068257,=161914804488.5800,=11.2364,=0.3750,=11.6435,=11.3217,=11.0669
2020-09-16,=1349.6700,=1356.5500,=1127462763108.2998,=340330451514,=157961729011.3000,=10.9210,=0.1538,=11.6435,=11.3279,=11.0669
2020-09-15,=1364.6000,=1371.5600,=1143649895729.7000,=344229546913,=159803691613.6500,=11.0794,=0.2105,=11.6435,=11.3340,=11.0794
2020-09-14,=1348.0700,=1354.9400,=1128170363146.1001,=337858085454,=157781913679.0600,=11.0210,=0.1622,=11.6488,=11.3415,=11.0669
2020-09-11,=1312.5100,=1319.2000,=1030320851047.4000,=324963777897,=147723590585.8500,=10.7235,=0.0556,=11.6488,=11.3490,=11.0811
2020-09-10,=1280.1900,=1286.7100,=1006940307569.1000,=316553238878,=144097672184.1600,=10.5404,=0,=11.6488,=11.3746,=11.1035
2020-09-09,=1298.0800,=1304.6900,=1016491875384.9000,=321921135769,=146074505205.3900,=10.7684,=0.0588,=11.6488,=11.4002,=11.1995
2020-09-08,=1344.6100,=1351.4600,=1051751880650,=334798676499,=151231431221.2000,=11.0811,=0.1212,=11.6488,=11.4115,=11.2153
2020-09-07,=1356.7000,=1363.6100,=1060219391409.4000,=338427854049,=152610523090.7900,=11.0669,=0.0938,=11.6992,=11.4228,=11.2153
2020-09-04,=1390.2800,=1397.3700,=1088356495239.7000,=348199316155,=156112127133.7301,=11.2625,=0.2258,=11.6992,=11.4265,=11.2351
2020-09-03,=1402.1400,=1409.2900,=1094817091759.8000,=348586473580,=157543839462.1900,=11.3092,=0.3000,=11.6992,=11.4303,=11.2351
2020-09-02,=1422.9500,=1430.2000,=1111426386962.8000,=351962340139,=160234610894.2600,=11.4362,=0.5172,=11.6992,=11.4333,=11.2351
2020-09-01,=1426.6500,=1433.9200,=1115106465835.5000,=354175042408,=160398967234.7000,=11.5422,=0.6786,=11.6992,=11.4303,=11.2351
2020-08-31,=1423.2400,=1430.4900,=1117418142390.8999,=352446341587,=160085697777.2001,=11.5370,=0.6667,=11.7062,=11.4265,=11.2153
2020-08-28,=1413.6400,=1420.8400,=1106404195472.3000,=349161887008,=158684385952.4900,=11.3340,=0.3846,=11.7062,=11.4228,=11.2153
2020-08-27,=1417.5600,=1424.7800,=1108350174752.3999,=348427967931,=159247234500.2300,=11.1995,=0.1600,=11.7062,=11.4265,=11.2153
2020-08-26,=1383.3100,=1390.3500,=1080707647724.1000,=338183821083,=155362200015.1200,=11.1035,=0.1250,=11.7062,=11.4303,=11.2351
2020-08-25,=1427.7000,=1434.9800,=1112624262831,=349666937839,=159692432532.2601,=11.3058,=0.2609,=11.7062,=11.4419,=11.3021
2020-08-24,=1450.6700,=1458.0600,=1130440807456.2000,=354857328609,=162384581520.6700,=11.4534,=0.5000,=11.7284,=11.4534,=11.2351
2020-08-21,=1447.7100,=1455.0900,=1129408311751.8000,=355290986662,=161394786516.3000,=11.4228,=0.4286,=11.7284,=11.4454,=11.2351
2020-08-20,=1442.5800,=1449.9300,=1122032986668.3999,=354918040359,=160089083303,=11.3490,=0.3500,=11.7284,=11.4605,=11.2351
2020-08-19,=1472.0200,=1479.5200,=1144418760615.3000,=360781142891,=163316655404.0300,=11.4605,=0.4737,=11.7284,=11.4814,=11.2351
2020-08-18,=1512.5100,=1520.2200,=1172960706938.5000,=370667831022,=166139621277.8400,=11.6992,=0.6667,=11.7284,=11.5022,=11.2351
2020-08-17,=1496.4000,=1504.0300,=1159716334414.2000,=367847958045,=163719961591.3000,=11.6435,=0.5882,=11.8193,=11.4663,=11.2153
2020-08-14,=1484.0400,=1491.6000,=1152588383306.6001,=364190304061,=162570038441.2500,=11.5022,=0.5625,=11.8193,=11.4303,=11.2153
2020-08-13,=1468.2300,=1475.7100,=1143903967186.8999,=362058358124,=160921190059.5300,=11.4002,=0.4667,=11.8193,=11.4153,=11.2153
2020-08-12,=1458.6400,=1466.0800,=1140083049385.6997,=361016607416,=159986273512.4000,=11.2351,=0.2857,=11.8193,=11.4303,=11.2153
2020-08-11,=1491.8400,=1499.4400,=1166482115790.6001,=355492640900,=163677816430.2501,=11.4303,=0.4615,=11.8193,=11.5395,=11.2153
2020-08-10,=1535.6000,=1543.4200,=1200408213327,=366129368410,=168577772659.0501,=11.7284,=0.6667,=12.0166,=11.6488,=10.8532
2020-08-07,=1526.8000,=1534.5800,=1191541821005.8000,=353276792534,=167497378310.4400,=11.7062,=0.6364,=12.0166,=11.4853,=10.8532
2020-08-06,=1573.8700,=1581.8900,=1232837186033.3000,=363789058665,=172697955527.4000,=12.0375,=0.9000,=12.0166,=11.3217,=10.8532
2020-08-05,=1588.6200,=1596.7200,=1245438068636.6001,=367172703967,=174386155932.1800,=12.1032,=1,=11.8193,=11.3119,=10.8532
2020-08-04,=1566.0600,=1574.0400,=1224095012275.5000,=362404642021,=171848342648.6100,=11.8193,=0.8750,=11.6488,=11.3021,=10.8532
2020-08-03,=1622.8100,=1631.0800,=1267782284755.8000,=375838743973,=178064194248.0700,=12.0166,=1,=11.6488,=11.2587,=10.7554
2020-07-31,=1512.9800,=1520.6900,=1186299448727.5000,=347942902195,=166050181390.5800,=11.3217,=0.8333,=11.3217,=11.2153,=10.7554
2020-07-30,=1472.7900,=1480.3000,=1159122956802,=339242970013,=161719997666.6100,=11.2153,=0.6000,=11.3021,=11.0342,=10.7554
2020-07-29,=1476.9200,=1484.4500,=1162683237142.7000,=339292931500,=162179631246.2001,=11.3021,=0.7500,=11.3021,=10.8532,=10.7554
2020-07-28,=1400.5400,=1407.6700,=1106245598810.8999,=320736493479,=153927306476.0500,=10.8532,=0.6667,=10.8532,=10.8043,=10.7554
2020-07-27,=1374.5200,=1381.5200,=1087181382392.3000,=315574524266,=150899911883.8700,=10.7036,=0,=11.6488,=10.7554,=10.7036
2020-07-24,=1389.3100,=1396.3800,=1101597441755.3999,=319564191069,=152949161882.6700,=10.7554,=0,=11.6488,=11.2021,=10.7554
2020-07-23,=1494.1400,=1501.7500,=1177304144651.6997,=341338849879,=164035403573.3301,=11.6488,,=11.6488,=11.6488,=11.6488

数据来源于：理杏仁网站(lixinger.com)