日期,收盘点位,全收益收盘点位(元),市值(元),流通市值(元),自由流通市值(元),PB中位数,PB 分位点,PB 80%分位点值,PB 50%分位点值,PB 20%分位点值
2026-07-17,=1715.4000,=1770.0700,=7267156533226.2197,=5158265433069,=3051934153149.7729,=6.9797,=0.7621,=7.5566,=5.6318,=4.6162
2026-07-16,=1846.8800,=1905.7300,=7823327075783.5801,=5531910612749,=3285075216740.3037,=7.4478,=0.7937,=7.5566,=5.6286,=4.6162
2026-07-15,=1924.2700,=1985.5900,=8048272577820.2598,=5747716720152,=3428244032602.9995,=7.5324,=0.7977,=7.5566,=5.6253,=4.6162
2026-07-14,=2009.7300,=2073.6800,=8433200859293.4199,=5982019271965,=3581036390832.6626,=7.3687,=0.7892,=7.5652,=5.6244,=4.6148
2026-07-13,=1994.3200,=2057.7800,=8430073917108.1504,=5954677326595,=3552738719162.7979,=7.4872,=0.7953,=7.5652,=5.6236,=4.6148
2026-07-10,=2064.9800,=2130.6900,=8618112231856.2822,=6152438628079,=3673468102269.9761,=7.6174,=0.8035,=7.5652,=5.6230,=4.6148
2026-07-09,=2185.8300,=2255.3800,=9128579727857.8105,=6498826162831,=3891142485865.5361,=8.1590,=0.8594,=7.5566,=5.6225,=4.6148
2026-07-08,=2016.2300,=2080.3900,=8359478184141.2197,=6032646100406,=3583661691525.3223,=7.8147,=0.8170,=7.5399,=5.6209,=4.6148
2026-07-07,=2001.5900,=2065.2800,=8233102021293.6504,=5999866002794,=3556662028775.4683,=7.6007,=0.8024,=7.5399,=5.6193,=4.6129
2026-07-06,=1996.1000,=2059.6200,=8130320887391.4287,=5981197265975,=3549324640321.8462,=7.8942,=0.8279,=7.5339,=5.6190,=4.6129
2026-07-03,=1975.6000,=2038.4700,=8014132443329.6377,=5920275738146,=3509572731705.6270,=8.0947,=0.8507,=7.5258,=5.6188,=4.6129
2026-07-02,=1987.2900,=2050.3600,=8071053854902.9004,=5949167032049,=3530090786899.6533,=8.1492,=0.8582,=7.5166,=5.6171,=4.6129
2026-07-01,=2153.0400,=2221.3700,=8688821290477.1982,=6406938389318,=3831422445811.0811,=8.2057,=0.8609,=7.5113,=5.6154,=4.6129
2026-06-30,=2207.8600,=2277.8300,=8961805112310.0293,=6577023242255,=3935911903393.8701,=8.1340,=0.8587,=7.5113,=5.6152,=4.6107
2026-06-29,=2126.0100,=2193.3800,=8622845416354.3701,=6322487534303,=3784135221537.3188,=7.6499,=0.8085,=7.4788,=5.6150,=4.6107
2026-06-26,=2032.2800,=2096.5500,=8278699026816.6816,=6064060506246,=3617445717511.1182,=7.1462,=0.7812,=7.4176,=5.6140,=4.6107
2026-06-25,=2066.3300,=2131.6300,=8485761913766.6602,=6178483960404,=3686047165781.2329,=7.3494,=0.7943,=7.4176,=5.6130,=4.6107
2026-06-24,=1989.4300,=2052.2700,=8201145991288.2998,=5948946602446,=3545480526498.8828,=7.1401,=0.7816,=7.4176,=5.6129,=4.6107
2026-06-23,=1916.2100,=1976.7500,=7896420091228.4463,=5743957270361,=3414231096208.1812,=7.2184,=0.7884,=7.4788,=5.6128,=4.6104
2026-06-22,=1948.9300,=2010.4200,=7902005895276.8594,=5835130943447,=3480600352165.6396,=7.6089,=0.8057,=7.4788,=5.6125,=4.6104
2026-06-18,=1911.5100,=1971.8300,=7807399390545.9307,=5769305135176,=3420985150739.2124,=7.6908,=0.8098,=7.4176,=5.6121,=4.6104
2026-06-17,=1840.8200,=1898.9100,=7462724105579.4199,=5522413616600,=3279971786430.8965,=7.6771,=0.8097,=7.4111,=5.6120,=4.6104
2026-06-16,=1758.4200,=1813.9100,=7171262175670.4111,=5296504529725,=3136523942118.7451,=7.4111,=0.8004,=7.3996,=5.6120,=4.6104
2026-06-15,=1748.3300,=1803.4500,=7156404206399.4189,=5292464931140,=3123898096817.2212,=7.2728,=0.7926,=7.3996,=5.6116,=4.6095
2026-06-12,=1663.2200,=1715.6600,=5814874523530.6270,=4860137774949,=2778299966901.3330,=6.6324,=0.7286,=7.3996,=5.6112,=4.6095
2026-06-11,=1662.4400,=1714.8500,=5819550753371.2891,=4845761064664,=2777982495046.8003,=6.6165,=0.7235,=7.3996,=5.6108,=4.6095
2026-06-10,=1652.2200,=1704.3100,=5772333195552.3623,=4808660169406,=2757949924486.8628,=6.6332,=0.7289,=7.3996,=5.6105,=4.6095
2026-06-09,=1663.1100,=1715.4800,=5804079809074.8184,=4826166317268,=2773242116821.2212,=6.8279,=0.7611,=7.3996,=5.6090,=4.6095
2026-06-08,=1596.5700,=1646.8400,=5576431952393.6904,=4616596595096,=2661080926272.7539,=6.6888,=0.7398,=7.4176,=5.6074,=4.6084
2026-06-05,=1668.3300,=1720.7400,=5823110824687.7705,=4819237862148,=2781735101099.2231,=6.7285,=0.7460,=7.4176,=5.6057,=4.6084
2026-06-04,=1738.0600,=1792.5700,=6074179475301.4893,=5016549219514,=2902514940247.6978,=6.7398,=0.7479,=7.4176,=5.6040,=4.6084
2026-06-03,=1726.1800,=1780.2800,=6037167213785.6504,=4987209534900,=2882242761844.4805,=6.7949,=0.7541,=7.4176,=5.6029,=4.6084
2026-06-02,=1690.5600,=1743.5400,=5917715601795.6406,=4882203925662,=2820327271912.0615,=6.7917,=0.7532,=7.4176,=5.6019,=4.6084
2026-06-01,=1663.6900,=1715.8400,=5827548630788.1504,=4792736441184,=2773166772542.9004,=6.8669,=0.7629,=7.4788,=5.5975,=4.6074
2026-05-29,=1751.3200,=1806.1100,=6138443981639.8496,=5046018418862,=2924587583121.8105,=6.7981,=0.7549,=7.4788,=5.5931,=4.6074
2026-05-28,=1844.2500,=1901.7800,=6491291311938.1797,=5300228062880,=3080012134352.6245,=6.8871,=0.7647,=7.4788,=5.5931,=4.6074
2026-05-27,=1815.4500,=1872.0800,=6366175245764.2803,=5226940240662,=3035135062887.1587,=6.5301,=0.7214,=7.4788,=5.5931,=4.6074
2026-05-26,=1867.7100,=1925.9700,=6551261902723.9316,=5394258553732,=3126023568186.7129,=6.7315,=0.7502,=7.4788,=5.5910,=4.6074
2026-05-25,=1896.0400,=1955.1800,=6637976591169.9883,=5431740877114,=3172964873089.5142,=6.7807,=0.7528,=7.5113,=5.5889,=4.6050
2026-05-22,=1790.7700,=1846.6300,=6195453699357.6611,=5143681805829,=2993576411055.2397,=6.6538,=0.7392,=7.5113,=5.5883,=4.6050
2026-05-21,=1764.1700,=1818.8200,=6092268091753.1719,=5074609977030,=2947791803290.0024,=6.6213,=0.7305,=7.5113,=5.5878,=4.6050
2026-05-20,=1832.0200,=1888.5800,=6339632717685.6807,=5271320792213,=3060427926375.5845,=6.7998,=0.7559,=7.5113,=5.5867,=4.6050
2026-05-19,=1775.1300,=1829.9300,=6103603249135.4805,=5127590190018,=2962348991021.6440,=6.6939,=0.7457,=7.5113,=5.5857,=4.6050
2026-05-18,=1709.9600,=1762.7500,=5895007378337.3291,=4921601115439,=2854000788502.3936,=6.3868,=0.7029,=7.5166,=5.5847,=4.6035
2026-05-15,=1696.2600,=1748.6200,=5864970397101.4111,=4882509573468,=2831803697462.8003,=6.2159,=0.6807,=7.5166,=5.5837,=4.6035
2026-05-14,=1725.0900,=1778.3500,=5970981049421.7705,=4987701093593,=2880533253519.2085,=6.2229,=0.6811,=7.5166,=5.5786,=4.6035
2026-05-13,=1770.1500,=1824.7400,=6154793757569.3408,=5145651861154,=2957352468341.5605,=6.4364,=0.7101,=7.5166,=5.5735,=4.6035
2026-05-12,=1723.7800,=1776.9400,=6021771086040.9785,=5022023946891,=2878672320654.3428,=6.2643,=0.6878,=7.5166,=5.5729,=4.6035
2026-05-11,=1716.6900,=1769.6300,=5999012285864.7100,=4992549283827,=2865789926416.5005,=6.3942,=0.7047,=7.5258,=5.5722,=4.6023
2026-05-08,=1640.4600,=1691.0500,=5769449484746.6602,=4776757438293,=2734229573699.7852,=6.3463,=0.6988,=7.5258,=5.5720,=4.6023
2026-05-07,=1678.8900,=1730.4800,=5923482866287.1992,=4899256462636,=2802258061235.7598,=6.2920,=0.6921,=7.5258,=5.5719,=4.6023
2026-05-06,=1656.9500,=1707.8600,=5852482521752.1406,=4841534482925,=2766102110343.8608,=6.2142,=0.6833,=7.5258,=5.5706,=4.6023
2026-04-30,=1571.0700,=1619.3400,=5558542259325.9902,=4550643368921,=2616232529267.8789,=6.0836,=0.6602,=7.5258,=5.5694,=4.6023
2026-04-29,=1493.5000,=1539.4000,=5282973057187.9990,=4313292904532,=2474250187888.0693,=5.8347,=0.5798,=7.5339,=5.5687,=4.6007
2026-04-28,=1488.6600,=1534.4000,=5270235865935.9883,=4302220169730,=2463455183758.5098,=6.0386,=0.6483,=7.5339,=5.5680,=4.6007
2026-04-27,=1508.3800,=1554.7300,=5355202284178.8486,=4367945127408,=2476039124610.4600,=6.0575,=0.6502,=7.5339,=5.5661,=4.6007
2026-04-24,=1453.6900,=1498.3500,=5173387265130.5801,=4225530488318,=2383675719221.3599,=5.7634,=0.5552,=7.5339,=5.5642,=4.6007
2026-04-23,=1432.5900,=1476.6100,=5074026349051.2402,=4158820146906,=2345396563056.1899,=5.6154,=0.5162,=7.5339,=5.5610,=4.6007
2026-04-22,=1451.1400,=1495.7300,=5123906426222.5293,=4200544960356,=2366119444269.8501,=6.2553,=0.6868,=7.5399,=5.5578,=4.6005
2026-04-21,=1426.6800,=1470.5200,=5051364344322.6592,=4134063042892,=2324886437256.3003,=6.1498,=0.6736,=7.5399,=5.5573,=4.6005
2026-04-20,=1450.5200,=1495.0900,=5134655295268.2900,=4207932776032,=2363826654583.0303,=6.2455,=0.6842,=7.5399,=5.5567,=4.6005
2026-04-17,=1423.3500,=1467.0900,=5040762688269.5293,=4135946379590,=2320785349183.6396,=6.1225,=0.6710,=7.5399,=5.5560,=4.6005
2026-04-16,=1422.2300,=1465.9300,=5021064781481.3301,=4122222571932,=2319306748973.7388,=6.0244,=0.6448,=7.5399,=5.5554,=4.6005
2026-04-15,=1406.3200,=1449.5400,=4968197275598.9199,=4073023071383,=2291779460640.3604,=5.8215,=0.5739,=7.5566,=5.5546,=4.6005
2026-04-14,=1405.0700,=1448.2500,=4943538319083.8213,=4061340054365,=2288867802572.8403,=5.8473,=0.5859,=7.5566,=5.5538,=4.6005
2026-04-13,=1375.2900,=1417.5500,=4852046509759.7197,=3977718864018,=2239983636023.3398,=5.7391,=0.5516,=7.5566,=5.5533,=4.6005
2026-04-10,=1364.4900,=1406.4200,=4808788446825.8701,=3933141220919,=2220514758030.2104,=5.6416,=0.5260,=7.5566,=5.5527,=4.6005
2026-04-09,=1343.9500,=1385.2400,=4742783812466.8008,=3875243132294,=2184453589468.6504,=5.5931,=0.5112,=7.5566,=5.5517,=4.6005
2026-04-08,=1352.6900,=1394.2500,=4779203709370.9697,=3900473445056,=2197337512791.7100,=5.7222,=0.5485,=7.5652,=5.5508,=4.5952
2026-04-07,=1274.0100,=1313.1600,=4506261958094.2695,=3679797663994,=2070184619475.0496,=5.3667,=0.4403,=7.5652,=5.5500,=4.5952
2026-04-03,=1256.2100,=1294.8100,=4427611486989.6201,=3627997877380,=2039444979943.9304,=5.3594,=0.4362,=7.5652,=5.5508,=4.5952
2026-04-02,=1262.1800,=1300.9700,=4451249320747.7910,=3642972348032,=2048152159026.0601,=5.4478,=0.4627,=7.5652,=5.5517,=4.5952
2026-04-01,=1298.2000,=1338.0900,=4580507617119.3496,=3745747860963,=2107803520596.2190,=5.6150,=0.5181,=7.5652,=5.5527,=4.5952
2026-03-31,=1256.3300,=1294.9300,=4431333813583.9893,=3617998360237,=2038339318549.6003,=5.3384,=0.4285,=7.6110,=5.5517,=4.5952
2026-03-30,=1289.7800,=1329.4100,=4534324269964.3906,=3705210833802,=2079769706122.7209,=5.3388,=0.4288,=7.6110,=5.5527,=4.5952
2026-03-27,=1300.7600,=1340.7300,=4579780902493.0293,=3738200832693,=2094225818196.6704,=5.2509,=0.4007,=7.6110,=5.5533,=4.5952
2026-03-26,=1288.8100,=1328.4100,=4530806819127.3291,=3695303895456,=2075770398451.9199,=5.1726,=0.3741,=7.6110,=5.5538,=4.5952
2026-03-25,=1315.4100,=1355.8300,=4625431271788.5098,=3759714460672,=2118463891486.6699,=5.3718,=0.4399,=7.6110,=5.5546,=4.5952
2026-03-24,=1290.7900,=1330.4500,=4553176857007.2402,=3691469054523,=2077881657566.0801,=5.3278,=0.4242,=7.6160,=5.5554,=4.5916
2026-03-23,=1261.4400,=1300.2000,=4448549633247.7891,=3598082232128,=2030333966237.7605,=5.2303,=0.3939,=7.6160,=5.5560,=4.5916
2026-03-20,=1318.3100,=1358.8200,=4646396362249.2793,=3759098788702,=2122053138902.3701,=5.5344,=0.4934,=7.6160,=5.5567,=4.5916
2026-03-19,=1339.0300,=1380.1800,=4727101916454.5508,=3813505269348,=2140516848408.2903,=5.7505,=0.5493,=7.6160,=5.5573,=4.5916
2026-03-18,=1372.5800,=1414.7500,=4832539530372.2002,=3907072832863,=2193679094921.3796,=5.9041,=0.6001,=7.6160,=5.5567,=4.5916
2026-03-17,=1354.1500,=1395.7600,=4781543805899.0703,=3864392271551,=2164440428935.8401,=5.7487,=0.5494,=7.6490,=5.5560,=4.5886
2026-03-16,=1384.9900,=1427.5400,=4891573130805.1387,=3949816296177,=2211616683164.6499,=5.8811,=0.5915,=7.6490,=5.5554,=4.5886
2026-03-13,=1373.6400,=1415.8400,=4769400208537.2695,=3860339698329,=2122649392845.2104,=5.4511,=0.4623,=7.6490,=5.5546,=4.5886
2026-03-12,=1383.6500,=1426.1700,=4799699192072.3994,=3893792028028,=2138281269237.1101,=5.4741,=0.4692,=7.6490,=5.5554,=4.5886
2026-03-11,=1401.0800,=1444.1400,=4854167987477.3594,=3937429774583,=2163643552048.3501,=5.4393,=0.4600,=7.6490,=5.5560,=4.5886
2026-03-10,=1420.5400,=1464.1900,=4910582299224.8896,=3995047431202,=2196795112451.6997,=5.4880,=0.4736,=7.6563,=5.5567,=4.5884
2026-03-09,=1390.4800,=1433.2100,=4796964176910.1201,=3901184112854,=2149277814100.4399,=5.3657,=0.4409,=7.6563,=5.5573,=4.5884
2026-03-06,=1414.3900,=1457.8600,=4874844721291.7207,=3967387968985,=2187769172956.9199,=5.4893,=0.4743,=7.6563,=5.5578,=4.5884
2026-03-05,=1405.3500,=1448.5400,=4853157937083.1113,=3947848623113,=2178368245995.5400,=5.5113,=0.4805,=7.6563,=5.5610,=4.5884
2026-03-04,=1381.5600,=1424.0100,=4774814404887.0811,=3874937161467,=2139525186811.8301,=5.5190,=0.4845,=7.6563,=5.5642,=4.5884
2026-03-03,=1388.4100,=1431.0700,=4818343196328.2793,=3905585429403,=2152551888521.4500,=5.5213,=0.4849,=7.6990,=5.5661,=4.5880
2026-03-02,=1464.7700,=1509.7800,=5067923507461.3203,=4116617248634,=2271667151348.5405,=5.9076,=0.5988,=7.6990,=5.5680,=4.5880
2026-02-27,=1488.0200,=1533.7500,=5135855465398.1699,=4165304159787,=2305344565949.5908,=5.9827,=0.6221,=7.6990,=5.5661,=4.5880
2026-02-26,=1485.8600,=1531.5200,=5138564262704.1396,=4159952518047,=2301650967225.1099,=6.0192,=0.6344,=7.6990,=5.5642,=4.5880
2026-02-25,=1473.2800,=1518.5600,=5081987488958.0195,=4103659447297,=2276447678483.0010,=5.9982,=0.6268,=7.6990,=5.5610,=4.5880
2026-02-24,=1465.3700,=1510.3900,=5052837077620.5596,=4077626095054,=2264355982564.6499,=6.0763,=0.6501,=7.7011,=5.5578,=4.5856
2026-02-13,=1470.3300,=1515.5100,=5088155530519.8203,=4111789846928,=2275957635251.3398,=5.9286,=0.6092,=7.7011,=5.5573,=4.5856
2026-02-12,=1480.9900,=1526.5000,=5117248241962.6289,=4145444244760,=2291869880327.7305,=5.9213,=0.6074,=7.7011,=5.5567,=4.5856
2026-02-11,=1455.1100,=1499.8300,=5030926712444.6895,=4071917124621,=2251837173453.3301,=5.9123,=0.6042,=7.7011,=5.5560,=4.5856
2026-02-10,=1471.5000,=1516.7100,=5082597499353.1592,=4115179618710,=2279110907769.1602,=6.0245,=0.6358,=7.7011,=5.5554,=4.5856
2026-02-09,=1458.1600,=1502.9700,=5033334952863.8203,=4073834680040,=2256487354740.2988,=5.9645,=0.6192,=7.7097,=5.5546,=4.5847
2026-02-06,=1422.4100,=1466.1100,=4907902080624.0195,=3979797176291,=2198970925373.6399,=5.8278,=0.5750,=7.7097,=5.5538,=4.5847
2026-02-05,=1432.5200,=1476.5400,=4922660724633.1602,=3999579278552,=2214575529949.9702,=5.8561,=0.5836,=7.7097,=5.5533,=4.5847
2026-02-04,=1453.4800,=1498.1400,=5004696358909.3203,=4057072486298,=2246514726084.9502,=5.9073,=0.6019,=7.7097,=5.5527,=4.5847
2026-02-03,=1471.0700,=1516.2700,=5058636856897.0703,=4107276191621,=2278511366372.7095,=5.8584,=0.5845,=7.7097,=5.5517,=4.5847
2026-02-02,=1450.9000,=1495.4800,=5028461393339.6484,=4076845301619,=2256609885739.5405,=5.6627,=0.5313,=7.7228,=5.5508,=4.5787
2026-01-30,=1509.4000,=1555.7800,=5233180562621.7998,=4233154400409,=2345084068270.6997,=5.8256,=0.5735,=7.7228,=5.5500,=4.5787
2026-01-29,=1507.6400,=1553.9700,=5241255718198.9902,=4239199810460,=2337264026977.7808,=5.9658,=0.6179,=7.7228,=5.5493,=4.5787
2026-01-28,=1554.8000,=1602.5300,=5407343038347.3691,=4359905168290,=2413172986464.0103,=6.3685,=0.6878,=7.7228,=5.5477,=4.5787
2026-01-27,=1555.9800,=1603.7400,=5396761044928.3604,=4373769920497,=2413133526538.0098,=6.4550,=0.6996,=7.7228,=5.5462,=4.5787
2026-01-26,=1532.8000,=1579.8500,=5328017948159.6094,=4328811037169,=2380445167264.0801,=6.3608,=0.6874,=7.7229,=5.5456,=4.5741
2026-01-23,=1553.7100,=1601.4000,=5422205043151.9404,=4402548931292,=2414560492814.7397,=6.0289,=0.6377,=7.7229,=5.5450,=4.5741
2026-01-22,=1541.6400,=1588.9600,=5403503776741.7402,=4291465851126,=2401651092270.2700,=5.9475,=0.6142,=7.7229,=5.5409,=4.5741
2026-01-21,=1535.3900,=1582.5200,=5394489371909.4707,=4275194948772,=2392593192242.7705,=5.9578,=0.6162,=7.7229,=5.5367,=4.5741
2026-01-20,=1482.9900,=1528.5200,=5208720685076.0381,=4122872927454,=2306396274118.0103,=5.8452,=0.5851,=7.7229,=5.5330,=4.5741
2026-01-19,=1506.8600,=1553.1100,=5314091514972.2500,=4203228284657,=2347430831011.3101,=6.0664,=0.6419,=7.7257,=5.5292,=4.5741
2026-01-16,=1514.0700,=1560.5400,=5328026889794.8203,=4208228923032,=2355761566892.1997,=6.0198,=0.6341,=7.7257,=5.5290,=4.5741
2026-01-15,=1493.9500,=1539.8000,=5266041833670.2900,=4166603316487,=2326829961590.9497,=6.0744,=0.6459,=7.7257,=5.5288,=4.5741
2026-01-14,=1500.9100,=1546.9800,=5304336909748.7500,=4196059901038,=2336492758552.0200,=6.0671,=0.6426,=7.7257,=5.5287,=4.5741
2026-01-13,=1469.5700,=1514.6800,=5200169538465.8896,=4097571228196,=2285649737412.6499,=6.0987,=0.6529,=7.7257,=5.5285,=4.5741
2026-01-12,=1511.8400,=1558.2400,=5362961404578.7197,=4233669728131,=2356437454285.3389,=6.3393,=0.6843,=7.7497,=5.5272,=4.5730
2026-01-09,=1475.9700,=1521.2700,=5266011385499.2002,=4131619333352,=2304032635765.6499,=6.2687,=0.6772,=7.7497,=5.5258,=4.5730
2026-01-08,=1455.1700,=1499.8400,=5201328313498.6406,=4064282650007,=2272216178635.9995,=6.0100,=0.6332,=7.7497,=5.5255,=4.5730
2026-01-07,=1443.3900,=1487.6900,=5143889489324.5801,=4005366640087,=2248604092767.7002,=5.9676,=0.6231,=7.7497,=5.5252,=4.5730
2026-01-06,=1429.3000,=1473.1800,=5112943238435.8408,=3966648493916,=2226879673802.0698,=5.8963,=0.6054,=7.7497,=5.5246,=4.5730
2026-01-05,=1403.4100,=1446.4900,=5034827969830.7412,=3906135209301,=2188237795605.8604,=5.8105,=0.5756,=7.7521,=5.5240,=4.5707
2025-12-31,=1344.2000,=1385.4600,=4841677758938.4600,=3760130218349,=2092443760108.1096,=5.6517,=0.5367,=7.7521,=5.5237,=4.5707
2025-12-30,=1359.8700,=1401.6200,=4900947411295.3398,=3803758234469,=2119844775256.8999,=5.6450,=0.5356,=7.7521,=5.5233,=4.5707
2025-12-29,=1346.3200,=1387.6500,=4842602142837.7588,=3742956750294,=2094249404241.2800,=5.6593,=0.5383,=7.7521,=5.5231,=4.5707
2025-12-26,=1345.8300,=1387.1400,=4831371318796.4697,=3717697259529,=2089068616771.5403,=5.7534,=0.5599,=7.7521,=5.5230,=4.5707
2025-12-25,=1349.0600,=1390.4700,=4846221243179.7813,=3731774673226,=2095887543133.1597,=5.8650,=0.5930,=7.7655,=5.5227,=4.5701
2025-12-24,=1352.1300,=1393.6300,=4854652417646.2295,=3735786626322,=2100218467484.3401,=5.8303,=0.5836,=7.7655,=5.5225,=4.5701
2025-12-23,=1340.0200,=1381.1500,=4806661417800,=3708915589645,=2082340307291.3003,=5.7070,=0.5521,=7.7655,=5.5204,=4.5701
2025-12-22,=1335.2500,=1376.2300,=4785365583100.2100,=3661505080839,=2071081294836.7500,=5.7081,=0.5525,=7.7655,=5.5183,=4.5701
2025-12-19,=1308.5900,=1348.7600,=4669615549955.0391,=3587881010745,=2027341763394.4597,=5.6398,=0.5369,=7.7655,=5.5172,=4.5701
2025-12-18,=1305.9700,=1346.0500,=4660473449369.4805,=3587107994141,=2024367610040.7000,=5.6019,=0.5244,=7.7855,=5.5161,=4.5700
2025-12-17,=1325.3300,=1366.0200,=4728654084633.6416,=3647901011205,=2055146203106.5190,=5.7083,=0.5523,=7.7855,=5.5160,=4.5700
2025-12-16,=1293.3800,=1333.0800,=4609890569664.3516,=3551594976607,=2004050465241.7695,=5.6369,=0.5359,=7.7855,=5.5160,=4.5700
2025-12-15,=1318.9100,=1359.3900,=4704416204174.1494,=3625584386996,=2046206805449.7705,=5.7005,=0.5485,=7.7855,=5.5153,=4.5700
2025-12-12,=1348.8800,=1390.2900,=4758227049596.9482,=3663386579779,=2070660797746.3503,=5.5450,=0.5107,=7.7855,=5.5145,=4.5700
2025-12-11,=1325.8300,=1366.5300,=4679700318926.6387,=3609500702818,=2036288726454.6599,=5.3580,=0.4552,=7.8012,=5.5141,=4.5626
2025-12-10,=1346.7000,=1388.0400,=4758892226746.4717,=3669689042030,=2069509975515.6304,=5.3349,=0.4472,=7.8012,=5.5145,=4.5626
2025-12-09,=1347.1100,=1388.4600,=4758513205768.5313,=3671887429944,=2071233055715.7000,=5.3504,=0.4529,=7.8012,=5.5153,=4.5626
2025-12-08,=1350.8000,=1392.2600,=4766072138989.5488,=3672232084550,=2075886717486.6697,=5.3496,=0.4517,=7.8012,=5.5160,=4.5626
2025-12-05,=1326.1000,=1366.8100,=4673088661801.4287,=3599902755355,=2035335874340.1001,=5.3789,=0.4612,=7.8012,=5.5160,=4.5626
2025-12-04,=1326.1600,=1366.8700,=4677418216350.5215,=3602252455537,=2036559935585.6699,=5.4854,=0.4900,=7.8020,=5.5161,=4.5590
2025-12-03,=1308.3700,=1348.5300,=4607576259151.9404,=3552196185168,=2006319197720.7100,=5.5136,=0.4973,=7.8020,=5.5172,=4.5590
2025-12-02,=1320.1600,=1360.6600,=4650426506870.5195,=3582579172666,=2024090180457.6609,=5.5735,=0.5185,=7.8020,=5.5183,=4.5590
2025-12-01,=1336.7600,=1377.7600,=4710630924193.8398,=3631730560106,=2051223057055.0601,=5.6799,=0.5404,=7.8020,=5.5172,=4.5590
2025-11-28,=1327.1500,=1367.8600,=4678021451228.6709,=3597015189411,=2036365322054.9299,=5.4836,=0.4900,=7.8020,=5.5161,=4.5590
2025-11-27,=1310.7000,=1350.9100,=4625762450748.2998,=3555466094869,=2011501887112.3101,=5.3900,=0.4672,=7.8036,=5.5172,=4.5590
2025-11-26,=1315.0400,=1355.3800,=4636150051002.1504,=3564694902958,=2017398062719.2500,=5.4611,=0.4846,=7.8036,=5.5183,=4.5590
2025-11-25,=1302.1700,=1342.1100,=4586375486962.7607,=3520383108283,=1994786843459.5305,=5.4393,=0.4788,=7.8036,=5.5204,=4.5590
2025-11-24,=1296.6000,=1336.3800,=4563680687943.2090,=3509299897878,=1986725377644.4304,=5.3884,=0.4675,=7.8036,=5.5225,=4.5590
2025-11-21,=1285.8300,=1325.2800,=4532770441676.5293,=3476705871243,=1970936339837.2896,=5.2520,=0.4246,=7.8036,=5.5227,=4.5590
2025-11-20,=1328.1900,=1368.9300,=4682944567863.3408,=3591597439696,=2038367045741.5696,=5.2309,=0.4180,=7.8152,=5.5230,=4.5584
2025-11-19,=1344.8000,=1386.0500,=4723930645436.2500,=3633886433061,=2062621387236.4600,=5.2812,=0.4307,=7.8152,=5.5231,=4.5584
2025-11-18,=1357.9300,=1399.5800,=4769010005128.5078,=3663735388798,=2081969109789.4199,=5.3235,=0.4442,=7.8152,=5.5233,=4.5584
2025-11-17,=1354.0400,=1395.5800,=4752846879084.8496,=3648802536795,=2073816498123.7395,=5.3210,=0.4430,=7.8152,=5.5237,=4.5584
2025-11-14,=1361.2300,=1402.9900,=4780293557459.6797,=3671557250561,=2085491023541.7000,=5.4354,=0.4736,=7.8152,=5.5240,=4.5584
2025-11-13,=1399.2900,=1442.2200,=4915212474856.4492,=3773801068035,=2144003118854.8110,=5.4444,=0.4771,=7.8252,=5.5246,=4.5565
2025-11-12,=1379.4500,=1421.7700,=4840719037985.3604,=3728351999149,=2113674074606.4895,=5.4067,=0.4673,=7.8252,=5.5252,=4.5565
2025-11-11,=1387.5300,=1430.1000,=4849431255837.3594,=3740892943637,=2122198538843.3391,=5.5527,=0.5066,=7.8252,=5.5255,=4.5565
2025-11-10,=1407.5600,=1450.7400,=4925222549846.0703,=3804894374760,=2155589849842.8904,=5.5722,=0.5132,=7.8252,=5.5252,=4.5565
2025-11-07,=1415.6900,=1459.1200,=4967446052204.1104,=3836348992998,=2171141064035.4900,=5.5680,=0.5113,=7.8252,=5.5246,=4.5565
2025-11-06,=1436.8600,=1480.9400,=5047798125311.3398,=3898294176472,=2205375482202.9902,=5.5694,=0.5117,=7.8295,=5.5240,=4.5559
2025-11-05,=1390.3900,=1433.0500,=4871599332303.3291,=3755882067348,=2127610283190.5400,=5.5292,=0.5043,=7.8295,=5.5237,=4.5559
2025-11-04,=1387.2400,=1429.8000,=4857589060404.6895,=3751095883485,=2123413840410.3799,=5.5554,=0.5086,=7.8295,=5.5233,=4.5559
2025-11-03,=1400.8600,=1443.8300,=4904400778865.8291,=3785928381893,=2142773305020.1211,=5.6074,=0.5168,=7.8295,=5.5231,=4.5559
2025-10-31,=1415.5300,=1458.9500,=4963216373351.7900,=3825464859087,=2167163218684.2505,=5.6391,=0.5266,=7.8295,=5.5230,=4.5559
2025-10-30,=1461.3000,=1505.9500,=5100290547698.8896,=3939103721444,=2231778472863.5498,=5.7822,=0.5552,=7.8324,=5.5227,=4.5556
2025-10-29,=1489.1200,=1534.6300,=5203983759832.1807,=4014629700134,=2269468869309.1904,=5.8714,=0.5807,=7.8324,=5.5225,=4.5556
2025-10-28,=1471.7300,=1516.7000,=5153548334171.7305,=3971893325244,=2242854145481.6387,=5.8334,=0.5733,=7.8324,=5.5204,=4.5556
2025-10-27,=1484.2100,=1529.5000,=5203216856569.7012,=4004877225785,=2258476950415.8779,=6.0748,=0.6334,=7.8324,=5.5183,=4.5556
2025-10-24,=1462.2200,=1506.8500,=5138061165275.0703,=3948733631256,=2226123603458.1147,=6.0203,=0.6229,=7.8324,=5.5172,=4.5556
2025-10-23,=1401.2600,=1444.0200,=4924297440856.7197,=3777161757439,=2128397791286.5190,=5.9108,=0.5959,=7.8446,=5.5161,=4.5533
2025-10-22,=1405.4100,=1448.3000,=4937419737356.4102,=3797138257029,=2136091999802.6023,=5.9828,=0.6121,=7.8446,=5.5160,=4.5533
2025-10-21,=1406.3200,=1449.0800,=4933473861322.9502,=3786252721335,=2133473592134.5601,=6.0390,=0.6268,=7.8446,=5.5160,=4.5533
2025-10-20,=1367.9000,=1409.4700,=4788846838723.8408,=3676445037553,=2071845124084.3877,=5.9628,=0.6091,=7.8446,=5.5153,=4.5533
2025-10-17,=1363.1700,=1404.5100,=4764942520657.2002,=3658198742882,=2062809584503.9253,=6.0143,=0.6222,=7.8446,=5.5145,=4.5533
2025-10-16,=1416.5800,=1459.4800,=4944418891197.3301,=3792053439594,=2142255360143.7605,=6.1777,=0.6527,=7.8460,=5.5126,=4.5500
2025-10-15,=1430,=1473.3100,=4987372527751.5498,=3826911927387,=2139654303011.8960,=6.2692,=0.6627,=7.8460,=5.5108,=4.5500
2025-10-14,=1410.3000,=1453.0200,=4899993106218.3398,=3757793131002,=2108257526072.4517,=6.3214,=0.6656,=7.8460,=5.5102,=4.5500
2025-10-13,=1473.0200,=1517.6300,=5141180034656.0996,=3928454543609,=2205083366977.2998,=6.5580,=0.6962,=7.8460,=5.5097,=4.5500
2025-10-10,=1452.6800,=1496.6800,=5035222228258.3398,=3874252989666,=2172216819611.4021,=6.4314,=0.6793,=7.8460,=5.5054,=4.5500
2025-10-09,=1539.0800,=1585.7000,=5349365841743.8711,=4106925010749,=2304954959164.3589,=6.7094,=0.7179,=7.8486,=5.5010,=4.5444
2025-09-30,=1495.2900,=1540.5800,=5232703957702.7607,=3995569962348,=2242284665074.5703,=6.4438,=0.6804,=7.8486,=5.5010,=4.5444
2025-09-29,=1470.4100,=1514.9500,=5154493949166.0117,=3952348926498,=2206144846168.2974,=6.1750,=0.6556,=7.8486,=5.5010,=4.5444
2025-09-26,=1450.8200,=1494.7700,=5097947945419.9805,=3916853718302,=2177162716461.3215,=6.2273,=0.6593,=7.8486,=5.5004,=4.5444
2025-09-25,=1474.4900,=1519.1500,=5173487959929.2813,=3991473838774,=2214869075971.9702,=6.2495,=0.6606,=7.8486,=5.4999,=4.5444
2025-09-24,=1456.4700,=1500.5300,=5116968856731.3301,=3942157113816,=2188965806666.8916,=6.0929,=0.6412,=7.8533,=5.4972,=4.5428
2025-09-23,=1407.3000,=1449.8800,=4947327634430.7393,=3819346804033,=2116286851137.0496,=6.0073,=0.6234,=7.8533,=5.4945,=4.5428
2025-09-22,=1408.6400,=1451.2600,=4966554559732.3008,=3836291910659,=2120086266092.6001,=5.8971,=0.6000,=7.8533,=5.4936,=4.5428
2025-09-19,=1362.6500,=1403.8700,=4793486017493.2607,=3706304523704,=2047822135641.4705,=5.7620,=0.5598,=7.8533,=5.4928,=4.5428
2025-09-18,=1380.3500,=1422.1100,=4861915280540.8398,=3769733170518,=2077090649466.9780,=5.7817,=0.5642,=7.8533,=5.4917,=4.5428
2025-09-17,=1370.4300,=1411.8900,=4812701808185.3994,=3748690896532,=2060557113312.6985,=5.8825,=0.5942,=7.8600,=5.4907,=4.5411
2025-09-16,=1358.0500,=1399.1300,=4742423054629.2002,=3730212613000,=2040025675392.4541,=5.8051,=0.5715,=7.8600,=5.4898,=4.5411
2025-09-15,=1340.4000,=1380.9500,=4681330951641.6211,=3677157361624,=2014373143114.6384,=5.7480,=0.5592,=7.8600,=5.4889,=4.5411
2025-09-12,=1338.0200,=1378.5000,=4620739657744.4502,=3619510455291,=2002570591174.5576,=5.7015,=0.5500,=7.8600,=5.4866,=4.5411
2025-09-11,=1326.0300,=1366.1500,=4601378951536.2900,=3590153827483,=1981599323746.2241,=5.7794,=0.5633,=7.8600,=5.4843,=4.5411
2025-09-10,=1259.1000,=1296.9400,=4352242424735.8198,=3385280222870,=1881849761379.3069,=5.5889,=0.5277,=7.8711,=5.4839,=4.5402
2025-09-09,=1245.5300,=1282.9000,=4318185081812.2822,=3348421676828,=1861522136515.6731,=5.4762,=0.4984,=7.8711,=5.4834,=4.5402
2025-09-08,=1275.8700,=1314.1500,=4463376138559.2598,=3398446114361,=1909021819511.7605,=5.8029,=0.5687,=7.8711,=5.4839,=4.5402
2025-09-05,=1268.5500,=1306.6200,=4446499357456.5215,=3357343388476,=1898257281709.8411,=5.6112,=0.5305,=7.8711,=5.4834,=4.5402
2025-09-04,=1226.9800,=1263.8000,=4319010717215.8110,=3240579009344,=1836947947223.9292,=5.5508,=0.5213,=7.8711,=5.4819,=4.5402
2025-09-03,=1306.4800,=1345.6800,=4555820666492.5703,=3465530916886,=1953862968572.0630,=5.8321,=0.5789,=7.8719,=5.4804,=4.5384
2025-09-02,=1328.2800,=1368.1300,=4604706693469.2998,=3533607223602,=1995133588592.6023,=5.9813,=0.6140,=7.8719,=5.4738,=4.5384
2025-09-01,=1357.1500,=1397.8700,=4681471177669.6201,=3606200340527,=2037708045175.3340,=5.9926,=0.6169,=7.8719,=5.4671,=4.5384
2025-08-29,=1341.3100,=1381.5600,=4628172441629.3701,=3535845880296,=2010016776421.6624,=5.8816,=0.5916,=7.8719,=5.4671,=4.5384
2025-08-28,=1364.6000,=1405.5500,=4727439752450.1289,=3619532279427,=2032479439839.7351,=5.9630,=0.6123,=7.8719,=5.4670,=4.5384
2025-08-27,=1272.5600,=1310.7400,=4379642951124.2002,=3384237857998,=1886975600157.5725,=5.7041,=0.5538,=7.8728,=5.4647,=4.5369
2025-08-26,=1270.8700,=1309,=4389031331149.9702,=3306640030939,=1882535527418.1589,=5.6767,=0.5469,=7.8728,=5.4623,=4.5369
2025-08-25,=1287.7300,=1326.3700,=4450097509525.8096,=3358953204108,=1902017765525.5583,=5.6552,=0.5433,=7.8728,=5.4613,=4.5369
2025-08-22,=1247.8600,=1285.3000,=4317809955978.9199,=3229466546049,=1839764061865.8030,=5.6899,=0.5502,=7.8728,=5.4603,=4.5369
2025-08-21,=1149.1500,=1183.6300,=3953232029783.7798,=2924063222895,=1692917614433.6541,=5.5642,=0.5280,=7.8728,=5.4596,=4.5369
2025-08-20,=1148.1500,=1182.6000,=3952128865162.6499,=2920098422400,=1691578040789.0752,=5.5010,=0.5106,=7.8737,=5.4589,=4.5367
2025-08-19,=1112.2700,=1145.4400,=3832580478926.1001,=2826870554543,=1635217128881.8081,=5.3367,=0.4703,=7.8737,=5.4574,=4.5367
2025-08-18,=1124.8200,=1158.3700,=3887232483793.1802,=2861615984119,=1654305704667.6218,=5.3646,=0.4789,=7.8737,=5.4589,=4.5367
2025-08-15,=1101.2900,=1134.1400,=3820548063678.1909,=2819276605592,=1619422368673.7629,=5.2104,=0.4337,=7.8737,=5.4596,=4.5367
2025-08-14,=1085.7400,=1118.1200,=3767756006288.9600,=2787397490375,=1596438246406.8347,=5.0977,=0.3909,=7.8737,=5.4603,=4.5367
2025-08-13,=1077.7000,=1109.8400,=3732971296341.6191,=2802512912007,=1584473685137.6040,=5.2262,=0.4368,=7.8838,=5.4613,=4.5364
2025-08-12,=1069.8100,=1101.7100,=3706145563808.9497,=2783476859682,=1572904985866.6206,=5.1541,=0.4103,=7.8838,=5.4623,=4.5364
2025-08-11,=1049.7300,=1081.0400,=3642759005355.2300,=2529934395052,=1542980791819.8650,=5.2068,=0.4318,=7.8838,=5.4647,=4.5364
2025-08-08,=1043.5400,=1074.6600,=3617779175479.8701,=2511464642318,=1534039186437.8840,=5.1599,=0.4118,=7.8838,=5.4670,=4.5364
2025-08-07,=1058.2100,=1089.5900,=3675789837827.2700,=2545422441336,=1556356529086.1226,=5.1184,=0.3966,=7.8838,=5.4671,=4.5364
2025-08-06,=1059.7600,=1091.1900,=3688010051168.1499,=2552456358949,=1559008643862.6753,=5.1839,=0.4214,=7.8851,=5.4671,=4.5355
2025-08-05,=1053.6500,=1084.8900,=3671440411786.2598,=2538823716025,=1549966509245.7480,=5.1467,=0.4070,=7.8851,=5.4738,=4.5355
2025-08-04,=1049.4100,=1080.5300,=3658438647137.7202,=2529073173566,=1543742061806.9285,=5.1219,=0.3992,=7.8851,=5.4804,=4.5355
2025-08-01,=1036.7700,=1067.5200,=3619260853132.1001,=2503198126785,=1524146587247.3289,=5.1475,=0.4069,=7.8851,=5.4819,=4.5355
2025-07-31,=1047.8700,=1078.8100,=3650845286607.9199,=2525855636750,=1540673832223.3257,=5.1771,=0.4171,=7.8851,=5.4834,=4.5355
2025-07-30,=1058.5700,=1089.8300,=3689318506611.8398,=2546332221233,=1555793814633.7971,=5.2310,=0.4339,=7.9197,=5.4839,=4.5349
2025-07-29,=1070.4500,=1102.0500,=3733436393676.7490,=2574870292542,=1573805255120.6111,=5.1740,=0.4169,=7.9197,=5.4843,=4.5349
2025-07-28,=1055.1100,=1086.2600,=3688022899119.4800,=2535856082394,=1551396449419.9851,=5.1978,=0.4255,=7.9197,=5.4866,=4.5349
2025-07-25,=1054.2000,=1085.3200,=3689854788597.4502,=2532141455547,=1550336239376.1362,=5.1793,=0.4176,=7.9197,=5.4889,=4.5349
2025-07-24,=1032.8400,=1063,=3624746999273.7891,=2438734826146,=1518543961353.7488,=4.9968,=0.3759,=7.9197,=5.4898,=4.5349
2025-07-23,=1020.8600,=1050.6700,=3575192180262.2109,=2411285777707,=1500763767555.1831,=4.9215,=0.3630,=7.9198,=5.4907,=4.5254
2025-07-22,=1016.2700,=1045.9500,=3563976632439.8906,=2399082026538,=1493852893219.5984,=5.0027,=0.3765,=7.9198,=5.4917,=4.5254
2025-07-21,=1007.8900,=1037.3300,=3531244785933.0996,=2355439308305,=1481817854193.6672,=4.8992,=0.3595,=7.9198,=5.4928,=4.5254
2025-07-18,=1007.5300,=1036.9500,=3528166140231.9102,=2352260412552,=1481154338574.4587,=4.8702,=0.3532,=7.9198,=5.4936,=4.5254
2025-07-17,=1005.6500,=1035.0200,=3517932682959.8813,=2345366277857,=1478754976936.5305,=4.8927,=0.3568,=7.9198,=5.4945,=4.5254
2025-07-16,=997.6300,=1026.7700,=3484288981691.3906,=2326997412156,=1466616742495.7195,=4.8316,=0.3438,=7.9281,=5.4972,=4.5249
2025-07-15,=996.2500,=1025.3400,=3482837453925.2490,=2321560206304,=1464833710154.7500,=4.8708,=0.3532,=7.9281,=5.4999,=4.5249
2025-07-14,=992.3900,=1021.3700,=3470905975534.8789,=2314632838481,=1459161370284.6858,=4.7490,=0.3054,=7.9281,=5.5005,=4.5249
2025-07-11,=994.4500,=1023.4800,=3479673926808.9009,=2310892336588,=1462353355018.6990,=4.7765,=0.3189,=7.9281,=5.5010,=4.5249
2025-07-10,=979.9900,=1008.4600,=3429152150546.2100,=2277369679712,=1440446334668.1174,=4.7159,=0.2918,=7.9281,=5.5054,=4.5249
2025-07-09,=983.1100,=1011.5800,=3439574671999.9897,=2285028897529,=1444983320289.0493,=4.7040,=0.2820,=7.9323,=5.5097,=4.5243
2025-07-08,=991.9500,=1020.6700,=3467076769012.7402,=2303928590739,=1458135651308.4814,=4.7385,=0.2973,=7.9323,=5.5102,=4.5243
2025-07-07,=978.2900,=1006.5300,=3422484076583.8804,=2272316178374,=1437846816479.3254,=4.6775,=0.2692,=7.9323,=5.5108,=4.5243
2025-07-04,=984.8000,=1013.2300,=3441705769743.4995,=2287013280037,=1447548937095.5544,=4.7049,=0.2827,=7.9323,=5.5126,=4.5243
2025-07-03,=984.9500,=1013.3700,=3442979575455.7900,=2289165666578,=1447925490226.8171,=4.7617,=0.3088,=7.9323,=5.5145,=4.5243
2025-07-02,=982.6400,=1010.9300,=3436183165782.0103,=2285385746226,=1444380597838.3335,=4.7685,=0.3124,=7.9347,=5.5153,=4.5209
2025-07-01,=994.8000,=1023.3700,=3477259529442.6304,=2315559636731,=1462613716611.5298,=4.8249,=0.3370,=7.9347,=5.5160,=4.5209
2025-06-30,=1003.4100,=1032.2300,=3505700207078.0591,=2335869650943,=1475130591942.8904,=4.8422,=0.3431,=7.9347,=5.5160,=4.5209
2025-06-27,=988.2100,=1016.5700,=3453117266703.0903,=2281056740684,=1452637375670.9800,=4.7398,=0.2973,=7.9347,=5.5161,=4.5209
2025-06-26,=989.9700,=1018.3800,=3460393809602.6494,=2282686191732,=1455500648314.4700,=4.7473,=0.3009,=7.9347,=5.5172,=4.5209
2025-06-25,=995.6100,=1024.1800,=3479575737696.6304,=2298358708419,=1464151821181.2000,=4.7712,=0.3121,=7.9452,=5.5183,=4.5198
2025-06-24,=978.7100,=1006.8000,=3415590264172.9302,=2261166679377,=1438725892488.9502,=4.7043,=0.2838,=7.9452,=5.5204,=4.5198
2025-06-23,=961.4900,=988.9700,=3357591491065.9595,=2202836097631,=1413042614998.5698,=4.6405,=0.2529,=7.9452,=5.5225,=4.5198
2025-06-20,=957.8700,=985.2500,=3327992911450.0898,=2192413340781,=1406646600266.8804,=4.6023,=0.2355,=7.9452,=5.5227,=4.5198
2025-06-19,=962.9400,=990.4700,=3344922929055.1387,=2206926433435,=1414207020193.5596,=4.6761,=0.2685,=7.9452,=5.5230,=4.5198
2025-06-18,=968.1800,=995.6800,=3369697567972.2891,=2220661296375,=1421848592284.7302,=4.7076,=0.2831,=7.9558,=5.5231,=4.5172
2025-06-17,=963.0800,=990.4400,=3356595500553.4185,=2205581260234,=1414664476495.2798,=4.5952,=0.2319,=7.9558,=5.5233,=4.5172
2025-06-16,=970.8900,=998.4700,=3388035514457.7197,=2226048954194,=1426298228910.3604,=4.6469,=0.2540,=7.9558,=5.5237,=4.5172
2025-06-13,=972.9400,=1000.4800,=3365871016751.8301,=2198536490376,=1400104219548.9202,=4.5626,=0.2204,=7.9558,=5.5240,=4.5172
2025-06-12,=977.9700,=1005.2000,=3377419968425.0601,=2209307587096,=1407113995454.1299,=4.6836,=0.2705,=7.9558,=5.5246,=4.5172
2025-06-11,=980.9300,=1008.2200,=3384896706956.3296,=2214071653203,=1411602471435.0300,=4.6742,=0.2657,=7.9807,=5.5252,=4.5170
2025-06-10,=982.9000,=1010.2400,=3392376063256.2402,=2214997694114,=1414175216987.1101,=4.6665,=0.2608,=7.9807,=5.5255,=4.5170
2025-06-09,=997.6100,=1025.3600,=3440372438635.2212,=2252477538209,=1435617074190.9795,=4.7523,=0.2975,=7.9807,=5.5258,=4.5170
2025-06-06,=991.6400,=1019.0900,=3414290443813.0811,=2226174121042,=1427731878569.9102,=4.6723,=0.2646,=7.9807,=5.5272,=4.5170
2025-06-05,=996.4100,=1023.9900,=3425405049250.0811,=2237987413305,=1434804743058.1399,=4.7240,=0.2869,=7.9807,=5.5285,=4.5170
2025-06-04,=986.1100,=1012.9100,=3396486340389.2104,=2216714872652,=1419999496611.2400,=4.6766,=0.2659,=7.9812,=5.5287,=4.5169
2025-06-03,=981.7100,=1008.3900,=3377964307215.3203,=2205128515854,=1413830963639.1699,=4.6793,=0.2662,=7.9812,=5.5288,=4.5169
2025-05-30,=977.0300,=1003.5100,=3369535777478.0195,=2196944803707,=1406634189352.0503,=4.7036,=0.2766,=7.9812,=5.5328,=4.5169
2025-05-29,=986.3000,=1012.4100,=3397258183850.7397,=2219401176928,=1420457792932.7805,=4.7892,=0.3075,=7.9812,=5.5367,=4.5169
2025-05-28,=970.6400,=996.3300,=3342190851618.6802,=2182864186389,=1397803224749.7900,=4.7475,=0.2924,=7.9812,=5.5415,=4.5169
2025-05-27,=972.9200,=998.6300,=3356142068918.8901,=2187857478646,=1401292989438.6602,=4.6074,=0.2389,=7.9822,=5.5462,=4.5169
2025-05-26,=982.2600,=1008.2200,=3386320358371.6309,=2212008368357,=1414977127167.3401,=4.6480,=0.2553,=7.9822,=5.5477,=4.5169
2025-05-23,=980.5800,=1006.4900,=3373162023540.2412,=2207732681161,=1412516080082.3904,=4.5533,=0.2171,=7.9822,=5.5493,=4.5169
2025-05-22,=990.7100,=1016.8900,=3408165160490.1904,=2229291042377,=1426949786119.3403,=4.5952,=0.2335,=7.9822,=5.5515,=4.5169
2025-05-21,=995.4900,=1021.7900,=3425677391795.4600,=2241479428042,=1433985911243.7402,=4.7402,=0.2868,=7.9822,=5.5538,=4.5169
2025-05-20,=997.6800,=1024.0400,=3435632718631.4502,=2247227929674,=1437113293604.7195,=4.7127,=0.2793,=7.9929,=5.5553,=4.5150
2025-05-19,=995.2500,=1021.5600,=3434290953891.8496,=2243877262807,=1433734706524.3301,=4.6700,=0.2624,=7.9929,=5.5567,=4.5150
2025-05-16,=995.2400,=1021.5400,=3430516607449.0498,=2244718821869,=1433228025683.4695,=4.6347,=0.2515,=7.9929,=5.5573,=4.5150
2025-05-15,=1000.9700,=1027.2800,=3445525299736.3906,=2256673838474,=1441325288062.2300,=4.6304,=0.2491,=7.9929,=5.5578,=4.5150
2025-05-14,=1013.7700,=1040.4200,=3491822109904.9609,=2284643821769,=1459921410284.6892,=4.6835,=0.2640,=7.9929,=5.5649,=4.5150
2025-05-13,=1009.6800,=1036.2200,=3479546285946.8491,=2275186988982,=1453614139868.7195,=4.6620,=0.2582,=7.9939,=5.5719,=4.5124
2025-05-12,=1011.2300,=1037.8100,=3488637772306.2300,=2279454620177,=1456549554204.0300,=4.7588,=0.2885,=7.9939,=5.5778,=4.5124
2025-05-09,=1006.3200,=1032.7700,=3475547482021.7798,=2271902811664,=1449179671385.6299,=4.6937,=0.2698,=7.9939,=5.5837,=4.5124
2025-05-08,=1026.4400,=1053.3500,=3549304762855.3804,=2312790977649,=1479088587549.4998,=4.8169,=0.3115,=7.9939,=5.5847,=4.5124
2025-05-07,=1030.1900,=1057.1900,=3564906898049.2388,=2318923753773,=1484535641982.4597,=4.7956,=0.3022,=7.9939,=5.5857,=4.5124
2025-05-06,=1026.5200,=1053.4300,=3542766412042.9902,=2308302153510,=1479326111198.6499,=4.7144,=0.2766,=7.9953,=5.5867,=4.5090
2025-04-30,=1012.4200,=1038.9600,=3496655135875.9507,=2275318628002,=1459202783091.1101,=4.6386,=0.2526,=7.9953,=5.5878,=4.5090
2025-04-29,=1003.8700,=1030.1800,=3475255936546.3496,=2259999595270,=1434597400642.7800,=4.5565,=0.2216,=7.9953,=5.5905,=4.5090
2025-04-28,=1002.8300,=1029.1200,=3477254888614.7305,=2262417127472,=1426979439630.8994,=4.6203,=0.2470,=7.9953,=5.5931,=4.5090
2025-04-25,=1004.5700,=1030.9100,=3477278093875.3496,=2261587092366,=1428557227076.8799,=4.7112,=0.2732,=7.9953,=5.5986,=4.5090
2025-04-24,=1003.3200,=1029.6200,=3479341008633.0298,=2238503812077,=1427000948317.6602,=4.6665,=0.2587,=8.0052,=5.6040,=4.5087
2025-04-23,=1012.6500,=1039.2000,=3509497800376.1299,=2257000327546,=1434061640374.9204,=4.7404,=0.2798,=8.0052,=5.6072,=4.5087
2025-04-22,=1016.2200,=1042.8600,=3526265265900.1196,=2267478156242,=1439358959443.1899,=4.7624,=0.2870,=8.0052,=5.6105,=4.5087
2025-04-21,=1019.4100,=1046.1400,=3531247738388.9609,=2275274503304,=1444188444043.8101,=4.8245,=0.3098,=8.0052,=5.6113,=4.5087
2025-04-18,=1008.6000,=1035.0400,=3500853539798.9292,=2190262298648,=1368339310642.2200,=4.7582,=0.2840,=8.0052,=5.6120,=4.5087
2025-04-17,=1016.8100,=1043.4700,=3529349773534.0103,=2206322000384,=1377898258205.5696,=4.7930,=0.2964,=8.0079,=5.6120,=4.5056
2025-04-16,=1014.5100,=1041.1100,=3525502872718.6909,=2201330625667,=1377442588032.8899,=4.7972,=0.2976,=8.0079,=5.6121,=4.5056
2025-04-15,=1006.3400,=1032.7200,=3489260399218.7700,=2182048315654,=1367949988358.9402,=4.7911,=0.2952,=8.0079,=5.6125,=4.5056
2025-04-14,=1014.2800,=1040.8700,=3514619842361.4604,=2200411203830,=1378357805536.4700,=4.8212,=0.3059,=8.0079,=5.6128,=4.5056
2025-04-11,=1011.7100,=1038.2300,=3510408971460.5303,=2195366694795,=1373871768093.5503,=4.8725,=0.3185,=8.0079,=5.6129,=4.5056
2025-04-10,=991.2200,=1017.2100,=3441601949557.2808,=2156949779037,=1345648453444.0500,=4.7058,=0.2723,=8.0147,=5.6130,=4.5036
2025-04-09,=980.5700,=1006.2800,=3410635769915.2896,=2134845307527,=1329794968429.7705,=4.6084,=0.2428,=8.0147,=5.6159,=4.5036
2025-04-08,=940.0900,=964.7400,=3263332681867.2495,=2047523755828,=1276224757936.5298,=4.4420,=0.1825,=8.0147,=5.6188,=4.5036
2025-04-07,=924.1700,=948.4000,=3203385580163.5898,=2005011909726,=1254685416207.3999,=4.3404,=0.1712,=8.0147,=5.6190,=4.5056
2025-04-03,=1018.0700,=1044.7600,=3504288742003.6699,=2207454871970,=1378231383017.5703,=4.9890,=0.3339,=8.0147,=5.6193,=4.5087
2025-04-02,=1022.7500,=1049.5600,=3505551371148.1104,=2215078130987,=1384556246074.6599,=5.1291,=0.3641,=8.0306,=5.6209,=4.5056
2025-04-01,=1024.3800,=1051.2300,=3508157269247.4502,=2218393314963,=1386243506772.3899,=5.1424,=0.3680,=8.0306,=5.6225,=4.5056
2025-03-31,=1022.7100,=1049.5300,=3509920825536.8101,=2212790155453,=1384724477979.8601,=5.0386,=0.3419,=8.0306,=5.6230,=4.5056
2025-03-28,=1029.4800,=1056.4700,=3532893835311.0698,=2230167736720,=1393790142062.7305,=5.0957,=0.3545,=8.0306,=5.6236,=4.5056
2025-03-27,=1040.5700,=1067.8500,=3571860328933.7490,=2253085670503,=1408888336878.2100,=5.1057,=0.3548,=8.0306,=5.6244,=4.5056
2025-03-26,=1029.0500,=1056.0300,=3531398478704.6411,=2233430700842,=1391642121786.2000,=5.0392,=0.3428,=8.0320,=5.6253,=4.5036
2025-03-25,=1031.7000,=1058.7400,=3539241637647.4102,=2239141746339,=1395341153473.6997,=5.1237,=0.3607,=8.0320,=5.6286,=4.5036
2025-03-24,=1045.9400,=1073.3600,=3588724321008.6299,=2265109492197,=1412329959949.0701,=5.1078,=0.3549,=8.0320,=5.6318,=4.5036
2025-03-21,=1042.8900,=1070.2300,=3585338238604.7998,=2260550966600,=1407877062011.2395,=5.1930,=0.3809,=8.0320,=5.6369,=4.5036
2025-03-20,=1064.7900,=1092.7100,=3657318309081.8799,=2305819032829,=1437288965857.9602,=5.2153,=0.3865,=8.0320,=5.6420,=4.5036
2025-03-19,=1076.9400,=1105.1700,=3692827370981.9102,=2331881460193,=1453930513437.5205,=5.2664,=0.3993,=8.0335,=5.6462,=4.5016
2025-03-18,=1089.8300,=1118.4000,=3733652010575.5811,=2362439663732,=1468017412305.5100,=5.2854,=0.4032,=8.0335,=5.6503,=4.5016
2025-03-17,=1083.2100,=1111.6100,=3715318237290.9102,=2347766532673,=1458277634621.0198,=5.3439,=0.4222,=8.0335,=5.6533,=4.5016
2025-03-14,=1088.1100,=1116.6400,=3734482532302.2710,=2343468841688,=1455273512172.6201,=5.2574,=0.3968,=8.0335,=5.6563,=4.5016
2025-03-13,=1069.7000,=1097.7500,=3674750873811.8701,=2306200249636,=1430833526954.1602,=5.1625,=0.3713,=8.0335,=5.6597,=4.5016
2025-03-12,=1092.7100,=1121.3500,=3753595589138.8501,=2351201035688,=1460306383247.2700,=5.3217,=0.4144,=8.0392,=5.6632,=4.4938
2025-03-11,=1100.7400,=1129.6000,=3775738072774.1899,=2369705387608,=1469719337704.2000,=5.3499,=0.4237,=8.0392,=5.6636,=4.4938
2025-03-10,=1105.1600,=1134.1400,=3783097395408.8589,=2377044236317,=1476930561607.9297,=5.2927,=0.4063,=8.0392,=5.6640,=4.4938
2025-03-07,=1107.6200,=1136.6600,=3792416061452.4790,=2388640894948,=1483797223305.2795,=5.3802,=0.4325,=8.0392,=5.6656,=4.4938
2025-03-06,=1121.5800,=1150.9900,=3844072544916.8701,=2417002751174,=1501130595569.8696,=5.3819,=0.4338,=8.0392,=5.6672,=4.4938
2025-03-05,=1083.8200,=1112.2300,=3730261602592.6299,=2334452422084,=1454527560884.0500,=5.3101,=0.4091,=8.0450,=5.6737,=4.4915
2025-03-04,=1080.6600,=1109,=3720828196017.3091,=2329575241576,=1452165285839.9297,=5.2755,=0.4023,=8.0450,=5.6803,=4.4915
2025-03-03,=1062.3500,=1090.2000,=3669246927498.0898,=2294312318820,=1426283939847.3301,=5.0731,=0.3552,=8.0450,=5.6807,=4.4915
2025-02-28,=1078.8000,=1107.0800,=3723731934299.0991,=2317995914501,=1445473734103.2100,=5.0703,=0.3537,=8.0450,=5.6811,=4.4915
2025-02-27,=1126.2900,=1155.8100,=3878267297875.0103,=2417309073138,=1506724749513.1597,=5.2119,=0.3881,=8.0450,=5.6815,=4.4915
2025-02-26,=1126.8200,=1156.3600,=3886238358386.0801,=2425225451323,=1508414025989.7498,=5.1364,=0.3669,=8.0516,=5.6818,=4.4885
2025-02-25,=1102.9000,=1131.8200,=3798306909566.7402,=2377671927022,=1475661594882.6094,=5.0286,=0.3483,=8.0516,=5.6830,=4.4885
2025-02-24,=1100.0500,=1128.8900,=3800324882242.3398,=2374107446929,=1473989361913.8899,=4.8972,=0.3270,=8.0516,=5.6842,=4.4885
2025-02-21,=1094.7700,=1123.4700,=3791989194155.5498,=2361586431714,=1470484829792.5300,=4.8850,=0.3246,=8.0516,=5.6917,=4.4885
2025-02-20,=1033.0900,=1060.1700,=3582977447282.4893,=2239808461155,=1395788222530.3904,=4.7974,=0.3032,=8.0516,=5.6992,=4.4885
2025-02-19,=1034.5700,=1061.6900,=3600339939835.4102,=2242870006801,=1397805551397.1497,=4.7647,=0.2945,=8.0542,=5.7010,=4.4846
2025-02-18,=1011.1700,=1037.6800,=3519967620910.8389,=2192777984473,=1363955189648.2598,=4.5584,=0.2297,=8.0542,=5.7028,=4.4846
2025-02-17,=1037.3100,=1064.5000,=3605308466003.8101,=2246101434584,=1397374411859.8999,=4.6935,=0.2751,=8.0542,=5.7031,=4.4846
2025-02-14,=1022.4600,=1049.2700,=3553627769724.2305,=2218264323257,=1379284331661.5901,=4.7369,=0.2853,=8.0542,=5.7034,=4.4846
2025-02-13,=1017.0900,=1043.7500,=3550553884103.5010,=2206623953441,=1371503535125.6396,=4.7145,=0.2801,=8.0542,=5.7074,=4.4846
2025-02-12,=1041.1400,=1068.4300,=3639737567453.8101,=2257916403051,=1403776357930.2402,=4.8331,=0.3140,=8.0644,=5.7113,=4.4821
2025-02-11,=1024.4100,=1051.2700,=3573352352153.3599,=2220621656250,=1378304286657.7097,=4.6959,=0.2770,=8.0644,=5.7129,=4.4821
2025-02-10,=1036.7700,=1063.9500,=3625104259989.8296,=2247521170972,=1397844659254.4399,=4.7754,=0.2936,=8.0644,=5.7145,=4.4821
2025-02-07,=1018.8000,=1045.5100,=3566193789507.4707,=2209340924145,=1377120060514.5903,=4.7598,=0.2884,=8.0644,=5.7164,=4.4821
2025-02-06,=1011.2200,=1037.7300,=3552696142410.1104,=2189484308439,=1370853515806.5801,=4.7606,=0.2887,=8.0644,=5.7182,=4.4821
2025-02-05,=982.8300,=1008.5900,=3459360993249.7495,=2130992478790,=1329494840068.5002,=4.5056,=0.2069,=8.0651,=5.7185,=4.4756
2025-01-27,=955.0900,=980.1300,=3344191584857.6802,=2071745796152,=1288854242266.7800,=4.4383,=0.1870,=8.0651,=5.7187,=4.4756
2025-01-24,=974.8300,=1000.3900,=3416122295559.9893,=2065626308553,=1313529679143.1599,=4.5355,=0.2192,=8.0651,=5.7209,=4.4821
2025-01-23,=966.1100,=991.4300,=3384011476147.3198,=2043176536089,=1300511204415.7800,=4.3985,=0.1837,=8.0651,=5.7231,=4.4821
2025-01-22,=975.3400,=1000.9100,=3420672438553.8398,=2058787153868,=1312581446700.9399,=4.3984,=0.1830,=8.0651,=5.7256,=4.4846
2025-01-21,=976.3000,=1001.8600,=3433582974831.0396,=2060615420813,=1316005688273.3301,=4.4567,=0.1905,=8.0662,=5.7281,=4.4846
2025-01-20,=968.2700,=993.6200,=3416147289379.3198,=2042810510350,=1305331023583.7305,=4.3099,=0.1687,=8.0662,=5.7304,=4.4885
2025-01-17,=965.9000,=991.1900,=3417534337430.9907,=2037737137833,=1305098332826.3398,=4.3289,=0.1752,=8.0662,=5.7327,=4.4915
2025-01-16,=956.4000,=981.4400,=3362551083047.0107,=2015932034870,=1289229607929.6399,=4.2399,=0.1543,=8.0662,=5.7370,=4.4938
2025-01-15,=977.6600,=1003.2600,=3441883076852.6099,=2054609411674,=1310272710060.2200,=4.1870,=0.1452,=8.0662,=5.7413,=4.5016
2025-01-14,=981.7800,=1007.4800,=3451753195985.3203,=2067254288416,=1316013792626.6897,=4.2499,=0.1564,=8.0762,=5.7484,=4.5016
2025-01-13,=952.1900,=977.1200,=3350209037088.3398,=1995435893940,=1272042784775.8701,=4.0885,=0.1206,=8.0762,=5.7555,=4.5036
2025-01-10,=950.5900,=975.4800,=3331850019945.8188,=1987880752935,=1268003218254.4399,=4.0323,=0.1078,=8.0762,=5.7585,=4.5087
2025-01-09,=961.4400,=986.6100,=3359191523452.3101,=2010684962958,=1283112750410.9399,=4.0666,=0.1144,=8.0762,=5.7614,=4.5090
2025-01-08,=965.1200,=990.3900,=3358795339898.7798,=2018959117613,=1286000063288.8098,=4.0799,=0.1173,=8.0762,=5.7656,=4.5124
2025-01-07,=965.5300,=990.8100,=3368384069850.3506,=2020979740383,=1288213038283.6802,=4.1646,=0.1312,=8.0763,=5.7697,=4.5124
2025-01-06,=938.7100,=963.2800,=3275322451765.1094,=1972033053291,=1256346009927.7200,=4.1738,=0.1369,=8.0763,=5.7710,=4.5150
2025-01-03,=941.8200,=966.4800,=3291911603743.3696,=1978562402489,=1263453409998.1694,=4.1886,=0.1407,=8.0763,=5.7722,=4.5169
2025-01-02,=955.3300,=980.3500,=3345465339777.6201,=2006203419663,=1280327694612.0305,=4.2266,=0.1474,=8.0763,=5.7725,=4.5169
2024-12-31,=988.9300,=1014.8300,=3471570581126.1602,=2073754947450,=1326889772074.7698,=4.3142,=0.1605,=8.0763,=5.7727,=4.5170
2024-12-30,=1020.6300,=1047.3600,=3581442114334.9995,=2136499824390,=1369742859346.9900,=4.4467,=0.1783,=8.0781,=5.7763,=4.5170
2024-12-27,=1018.5800,=1045.2500,=3563009357436.0503,=2128258906473,=1368478711830.2302,=4.4390,=0.1757,=8.0781,=5.7800,=4.5172
2024-12-26,=1027.0200,=1053.9100,=3578389426801.6094,=2142494197562,=1379292751254.8000,=4.4512,=0.1777,=8.0781,=5.7850,=4.5198
2024-12-25,=1017.3600,=1043.9900,=3567571690437.2603,=2124385800821,=1366086417157,=4.4569,=0.1778,=8.0781,=5.7900,=4.5209
2024-12-24,=1014.0200,=1040.5700,=3548138306999.7808,=2127045578015,=1361601535097.1499,=4.5411,=0.2088,=8.0781,=5.7921,=4.5243
2024-12-23,=998.6100,=1024.7500,=3493944553483.9297,=2096715482736,=1341045721184.7700,=4.4885,=0.1866,=8.0842,=5.7943,=4.5209
2024-12-20,=1011.2100,=1037.6900,=3524377770639.0811,=2128566532229,=1355346578303.7495,=4.5787,=0.2204,=8.0842,=5.7955,=4.5243
2024-12-19,=993,=1019,=3434459062984.6099,=2097342750300,=1330485672780.3701,=4.5556,=0.2112,=8.0842,=5.7967,=4.5243
2024-12-18,=981.5127,=1007.2100,=3394712376425.4702,=2077810476771,=1315821764401.2300,=4.5444,=0.2095,=8.0842,=5.7990,=4.5243
2024-12-17,=967.2764,=992.6000,=3353537621912.0898,=2048701210475,=1300115565730.3899,=4.5367,=0.2051,=8.0842,=5.8013,=4.5243
2024-12-16,=975.2684,=1000.8000,=3371830288078.7290,=2062237719949,=1310241513827.5601,=4.5169,=0.1949,=8.0852,=5.8013,=4.5209
2024-12-13,=989.7764,=1015.6900,=3423839344382.9297,=2096743482973,=1331481793043.2000,=4.6211,=0.2345,=8.0852,=5.8014,=4.5243
2024-12-12,=1010.8953,=1037.3600,=3511033250293.3496,=2139260448482,=1360252661419.9895,=4.8033,=0.2789,=8.0852,=5.8016,=4.5243
2024-12-11,=1007.1900,=1033.5600,=3498277765767.1699,=2134120611354,=1358457573827.5701,=4.7679,=0.2697,=8.0852,=5.8018,=4.5243
2024-12-10,=1010.9100,=1037.3800,=3515316516615.0298,=2135445332670,=1364853204422.7500,=4.7824,=0.2728,=8.0852,=5.8034,=4.5243
2024-12-09,=1003.3800,=1029.6500,=3492798732492.2095,=2121537465101,=1355227320413.1802,=4.7181,=0.2599,=8.0945,=5.8050,=4.5209
2024-12-06,=1014.4500,=1041.0100,=3531059629805.0288,=2140776344511,=1369095331405.8601,=4.7765,=0.2705,=8.0945,=5.8081,=4.5209
2024-12-05,=1001.8400,=1028.0800,=3489157197788.2295,=2116111675570,=1350543970487.5403,=4.6035,=0.2274,=8.0945,=5.8111,=4.5209
2024-12-04,=999.3600,=1025.5200,=3484601252248.4004,=2106895921406,=1347643976362.9294,=4.6415,=0.2389,=8.0945,=5.8123,=4.5209
2024-12-03,=1005.2600,=1031.5900,=3503900412394.7012,=2123417399574,=1353917655999.0598,=4.6552,=0.2410,=8.0945,=5.8134,=4.5209
2024-12-02,=1015.7900,=1042.3800,=3539617692672.3999,=2143731926922,=1369324401924.6899,=4.7229,=0.2583,=8.1047,=5.8145,=4.5198
2024-11-29,=1007.3900,=1033.7700,=3511941195411.4600,=2126076785259,=1356602882399.5801,=4.6851,=0.2491,=8.1047,=5.8155,=4.5198
2024-11-28,=983.6800,=1009.4400,=3431433100630.5308,=2073041290358,=1324311755337.1804,=4.6007,=0.2275,=8.1047,=5.8165,=4.5198
2024-11-27,=985.9700,=1011.7900,=3439037996181.4189,=2079431066489,=1328033985773.9800,=4.6603,=0.2419,=8.1047,=5.8175,=4.5198
2024-11-26,=951.5900,=976.5100,=3322405062181.9590,=2010936769682,=1284814823600.5400,=4.4743,=0.1861,=8.1047,=5.8183,=4.5198
2024-11-25,=957.9200,=983,=3344875261906.8198,=2025141325577,=1292407122508.7102,=4.5198,=0.1996,=8.1075,=5.8190,=4.5198
2024-11-22,=969.3500,=994.7300,=3381813082993.6792,=2044773866564,=1307734105856.8799,=4.5856,=0.2198,=8.1075,=5.8197,=4.5209
2024-11-21,=1011.4600,=1037.9500,=3528737313660.8804,=2131011981235,=1363973074777.3501,=4.7967,=0.2667,=8.1075,=5.8204,=4.5209
2024-11-20,=1002.5400,=1028.2800,=3504591461537.1899,=2113787286991,=1355473992435.8398,=4.8518,=0.2841,=8.1075,=5.8230,=4.5209
2024-11-19,=998.0100,=1023.6400,=3492179795978.7603,=2102115709491,=1350584106420.2100,=4.8047,=0.2700,=8.1075,=5.8256,=4.5209
2024-11-18,=968.7100,=993.5900,=3391860261236.8989,=2039762455775,=1311181789755.7800,=4.6717,=0.2436,=8.1078,=5.8257,=4.5172
2024-11-15,=986.8800,=1012.2200,=3457120124181.3203,=2041906310588,=1337472512058.1304,=4.6899,=0.2476,=8.1078,=5.8258,=4.5172
2024-11-14,=1027.3200,=1053.7000,=3583254762810.7305,=2123364334733,=1393773011876.8298,=4.9031,=0.2880,=8.1078,=5.8260,=4.5172
2024-11-13,=1061.3700,=1088.6200,=3695395913928.8198,=2192764237719,=1440023802225.0903,=5.1166,=0.3190,=8.1078,=5.8262,=4.5172
2024-11-12,=1050.5400,=1077.5100,=3672889308876.4609,=2166111445900,=1430103934920.0803,=5.1996,=0.3442,=8.1078,=5.8263,=4.5172
2024-11-11,=1073.8400,=1101.4100,=3763770379442.5898,=2207277323102,=1460784088063.4895,=5.1793,=0.3369,=8.1095,=5.8265,=4.5170
2024-11-08,=1025.6400,=1051.9700,=3610836661485.0400,=2108765517307,=1391290932181.9895,=4.9217,=0.2901,=8.1095,=5.8282,=4.5170
2024-11-07,=1028.4400,=1054.8500,=3624622925745.7798,=2111413737254,=1386775149690.1201,=4.9260,=0.2913,=8.1095,=5.8300,=4.5170
2024-11-06,=998.0900,=1023.7200,=3512697102444.4990,=2050457370921,=1347371526517.2605,=4.8315,=0.2772,=8.1095,=5.8305,=4.5170
2024-11-05,=996.1700,=1021.7500,=3501225310407.8604,=2030753616902,=1347270258972.5100,=4.8892,=0.2852,=8.1095,=5.8310,=4.5170
2024-11-04,=954.6700,=979.1800,=3337085420613.5908,=1949162622153,=1292108173566.4097,=4.6534,=0.2411,=8.1193,=5.8331,=4.5169
2024-11-01,=939.7600,=963.9000,=3284791514004.6211,=1919119493177,=1270723738726.5198,=4.6193,=0.2355,=8.1193,=5.8351,=4.5169
2024-10-31,=969.4500,=994.3400,=3381845489522.1509,=1979063536044,=1308222367121.4800,=4.7744,=0.2628,=8.1193,=5.8354,=4.5169
2024-10-30,=958.8200,=983.4400,=3341790006489.5898,=1960124300094,=1290594509421.8181,=4.7309,=0.2553,=8.1193,=5.8356,=4.5169
2024-10-29,=975.3700,=1000.4200,=3421206304399.6108,=1990686192454,=1311791370287.2798,=4.8323,=0.2749,=8.1193,=5.8360,=4.5169
2024-10-28,=986.5600,=1011.8900,=3461066927239.7603,=2014339951929,=1324566322255.1621,=5.0172,=0.2984,=8.1195,=5.8365,=4.5150
2024-10-25,=991.2200,=1016.6700,=3482325409162.0298,=2021413177961,=1324385793522.9468,=5.0894,=0.3104,=8.1195,=5.8412,=4.5150
2024-10-24,=977.6000,=1002.7000,=3438435767690.1416,=1993844659358,=1305249625128.3147,=5.0649,=0.3058,=8.1195,=5.8460,=4.5150
2024-10-23,=979.1500,=1004.2900,=3445427122924.7988,=2000914201665,=1308435418177.5381,=5.0939,=0.3100,=8.1195,=5.8478,=4.5150
2024-10-22,=985.8300,=1011.1500,=3466408014697.0098,=2010784585441,=1318470018894.2002,=5.0393,=0.3025,=8.1195,=5.8496,=4.5150
2024-10-21,=1000.3700,=1026.0600,=3511056600465.6709,=2041879587931,=1334868147173.1938,=4.9909,=0.2980,=8.1209,=5.8540,=4.5124
2024-10-18,=978.6600,=1003.7600,=3413515352953.0596,=2001747428497,=1305058881808.3186,=4.8307,=0.2758,=8.1209,=5.8584,=4.5124
2024-10-17,=879.1000,=901.6500,=3063223964659.8496,=1812107399551,=1175415351537.9280,=4.4430,=0.1844,=8.1209,=5.8593,=4.5124
2024-10-16,=875.6900,=898.1500,=3052070990047.5811,=1806463190496,=1173094059882.7051,=4.5209,=0.2041,=8.1209,=5.8603,=4.5150
2024-10-15,=898.8300,=921.8400,=3123718840296.4600,=1856158054083,=1202758140639.3999,=4.5847,=0.2229,=8.1209,=5.8612,=4.5150
2024-10-14,=925.9600,=949.6600,=3218666661756.0601,=1910695863278,=1238408156380.4341,=4.6162,=0.2348,=8.1270,=5.8621,=4.5124
2024-10-11,=898.9000,=921.9100,=3112052729435.2700,=1859071039125,=1204151618514.1648,=4.5249,=0.2057,=8.1270,=5.8628,=4.5124
2024-10-10,=954.1700,=978.5900,=3299033516913.8901,=1969460987519,=1278218653599.2036,=4.8037,=0.2657,=8.1270,=5.8636,=4.5124
2024-10-09,=997.8500,=1023.3600,=3441040074042.0103,=2044236632162,=1335349665940.3594,=4.8687,=0.2777,=8.1270,=5.8677,=4.5124
2024-10-08,=1023.9700,=1050.1400,=3503558001102.5591,=2130779388458,=1375665637023.5188,=5.4302,=0.3870,=8.1270,=5.8718,=4.5124
2024-09-30,=872.3700,=894.6600,=2991040647355.1602,=1822793246691,=1172024587990.8181,=4.6949,=0.2498,=8.1281,=5.8718,=4.5090
2024-09-27,=740.0200,=758.9300,=2541033483710.4902,=1550170257265,=996133532409.5389,=4.0202,=0.1142,=8.1281,=5.8718,=4.5090
2024-09-26,=693.1500,=710.8700,=2383010033854.3701,=1454440883708,=933007058864.1448,=3.6980,=0.0404,=8.1281,=5.8725,=4.5124
2024-09-25,=667.3400,=684.3900,=2299693154202.9307,=1401639966777,=897900009141.4441,=3.4492,=0.0118,=8.1281,=5.8732,=4.5150
2024-09-24,=667.0500,=684.1000,=2293059718467.5195,=1399881943890,=897901491726.8966,=3.5281,=0.0178,=8.1281,=5.8740,=4.5169
2024-09-23,=643.0400,=659.4800,=2213250974141.1611,=1349721838151,=865036929619.0514,=3.4058,=0.0079,=8.1505,=5.8749,=4.5169
2024-09-20,=648.3600,=664.9300,=2231069200680.3999,=1353896509601,=873082977227.5282,=3.3784,=0.0049,=8.1505,=5.8760,=4.5170
2024-09-19,=651.4700,=668.1200,=2238581708975.6904,=1356674917471,=876646105379.0291,=3.4055,=0.0059,=8.1505,=5.8771,=4.5172
2024-09-18,=647.4100,=663.9600,=2220242184887.3696,=1347417493308,=870999144728.3350,=3.3913,=0.0050,=8.1505,=5.8804,=4.5243
2024-09-13,=655.0500,=671.7900,=2200046115296.6401,=1325773183847,=860311626827.2604,=3.2850,=0,=8.1505,=5.8837,=4.5254
2024-09-12,=658.8500,=675.6900,=2211646552856.5996,=1333947702534,=866343863469.5737,=3.3319,=0,=8.1951,=5.8839,=4.5254
2024-09-11,=664.3300,=681.3100,=2227511875208.3296,=1344945300972,=873413369651.7100,=3.3557,=0,=8.1951,=5.8842,=4.5349
2024-09-10,=660.0100,=676.8800,=2218268671442.1499,=1333019738559,=867692825552.1914,=3.3699,=0,=8.1951,=5.8843,=4.5364
2024-09-09,=654.9400,=671.6800,=2205687094674.3999,=1322706875217,=861457875313.0389,=3.4203,=0.0010,=8.1951,=5.8844,=4.5369
2024-09-06,=662.3400,=679.2700,=2230069706242.9800,=1339510414871,=871390507830.7501,=3.4603,=0.0030,=8.1951,=5.8845,=4.5384
2024-09-05,=671.2600,=688.4200,=2260135450110.6899,=1357722849588,=884639664026.5475,=3.5190,=0.0060,=8.1962,=5.8845,=4.5384
2024-09-04,=672.2800,=689.4700,=2261721571666.4404,=1357230940451,=882591412696.9054,=3.5070,=0.0030,=8.1962,=5.8880,=4.5402
2024-09-03,=674.9600,=692.2100,=2272022154271.0098,=1360161621023,=886073303282.1910,=3.5140,=0.0040,=8.1962,=5.8914,=4.5428
2024-09-02,=670.0100,=687.1400,=2262294795221.6299,=1348974757601,=877955822520.7323,=3.4228,=0.0020,=8.1962,=5.8928,=4.5500
2024-08-30,=694.1600,=711.9100,=2337365408860.9800,=1391171195151,=894166910341.5052,=3.5710,=0.0090,=8.1962,=5.8941,=4.5559
2024-08-29,=679.5900,=696.9600,=2291863399429.7202,=1364591475251,=872355097351.4342,=3.6108,=0.0140,=8.2077,=5.8970,=4.5559
2024-08-28,=671.2200,=688.3800,=2267706907485.5000,=1346635946735,=861061860045.8174,=3.5575,=0.0080,=8.2077,=5.8998,=4.5590
2024-08-27,=674.3500,=691.5800,=2274659824424.4600,=1355255644917,=863393197679.4193,=3.5358,=0.0050,=8.2077,=5.9035,=4.5590
2024-08-26,=682.5000,=699.9400,=2304736434099.8896,=1373325438783,=869463294976.2631,=3.5808,=0.0070,=8.2077,=5.9071,=4.5700
2024-08-23,=685.7600,=703.2900,=2319274844901.1211,=1379339439953,=872511294026.1754,=3.5809,=0.0070,=8.2077,=5.9084,=4.5701
2024-08-22,=685.5300,=703.0500,=2314902974201.7705,=1376310868397,=862645489923.6429,=3.5308,=0.0040,=8.2180,=5.9096,=4.5701
2024-08-21,=691.6400,=709.3100,=2335626224934.4604,=1388330524669,=870507816769.2836,=3.5529,=0.0050,=8.2180,=5.9099,=4.5707
2024-08-20,=693.5200,=711.2500,=2344517994347.4102,=1391800255377,=874374483362.1426,=3.5458,=0.0040,=8.2180,=5.9102,=4.5730
2024-08-19,=703.3200,=721.3000,=2376979882329.5796,=1409305684279,=885654380984.3993,=3.5809,=0.0040,=8.2180,=5.9134,=4.5741
2024-08-16,=705.2200,=723.2500,=2381562324138.3906,=1407452738536,=888976380291.1506,=3.5928,=0.0051,=8.2180,=5.9166,=4.5741
2024-08-15,=707.5500,=725.6400,=2388528869691.4204,=1411398218679,=891623526361.8881,=3.7340,=0.0182,=8.2245,=5.9169,=4.5741
2024-08-14,=700.9300,=718.8500,=2363689539637.5098,=1399796191126,=883764700170.4221,=3.6708,=0.0061,=8.2245,=5.9173,=4.5880
2024-08-13,=710.7500,=728.9100,=2392113860007.2202,=1420380199015,=890906188078.0381,=3.7066,=0.0132,=8.2245,=5.9182,=4.5884
2024-08-12,=707.3300,=725.4100,=2381235583539.0801,=1413671356821,=886340372060.6567,=3.6560,=0.0051,=8.2245,=5.9191,=4.5886
2024-08-09,=705.5500,=723.5800,=2375057985938.0498,=1411183955942,=883426189505.5083,=3.6863,=0.0092,=8.2245,=5.9196,=4.5916
2024-08-08,=708.9200,=727.0400,=2382260686022.4399,=1418419473309,=889284989627.4656,=3.7428,=0.0173,=8.2272,=5.9201,=4.5916
2024-08-07,=707.5900,=725.1200,=2379447381910.3296,=1416151978218,=887616741936.9927,=3.8197,=0.0347,=8.2272,=5.9231,=4.6005
2024-08-06,=713.8600,=731.5500,=2395198340079.2603,=1427261187250,=895029419478.6240,=3.8808,=0.0500,=8.2272,=5.9261,=4.6005
2024-08-05,=704.3000,=721.7500,=2365806046552.5698,=1408381973268,=882790333587.9281,=3.7784,=0.0245,=8.2272,=5.9266,=4.6050
2024-08-02,=725.6600,=743.6400,=2429056731747.1094,=1440186516843,=908982572075.8566,=3.8747,=0.0460,=8.2272,=5.9271,=4.6095
2024-08-01,=738.8700,=757.1800,=2467425868910.0801,=1465270024082,=924703577105.7660,=3.9503,=0.0635,=8.2292,=5.9297,=4.6095
2024-07-31,=743.3700,=761.7900,=2478772033813.0098,=1476999975602,=930187793601.5616,=3.9462,=0.0625,=8.2292,=5.9323,=4.6104
2024-07-30,=710.0100,=727.5600,=2374645828450.0298,=1410447281144,=889302893986.6179,=3.7748,=0.0226,=8.2292,=5.9332,=4.6107
2024-07-29,=707.6000,=724.8300,=2369068745202.9102,=1409071076335,=885783486538.0834,=3.7674,=0.0195,=8.2292,=5.9342,=4.6129
2024-07-26,=719.8700,=737.4100,=2415438823505.0303,=1430372091036,=901218380671.5298,=3.8020,=0.0267,=8.2292,=5.9375,=4.6148
2024-07-25,=713.8800,=730.9400,=2393230467249.9097,=1420190091467,=892747422859.8162,=3.6944,=0.0103,=8.2294,=5.9408,=4.6148
2024-07-24,=713.3200,=730.3200,=2386635810664.2300,=1417479556506,=891945017124.7086,=3.6858,=0.0072,=8.2294,=5.9412,=4.6242
2024-07-23,=721.1100,=738.2500,=2411162314559.3696,=1433210657717,=903052831244.1158,=3.7576,=0.0165,=8.2294,=5.9415,=4.6274
2024-07-22,=752,=769.8700,=2506747147024.4800,=1492692152436,=941229468181.2000,=3.8822,=0.0423,=8.2294,=5.9434,=4.6310
2024-07-19,=749.4700,=767.2800,=2499332593780.6792,=1488779983925,=937405920861.5120,=3.8579,=0.0362,=8.2294,=5.9454,=4.6323
2024-07-18,=735.4100,=752.8500,=2445960797842.8198,=1459538088976,=920152774229.8252,=3.8407,=0.0321,=8.2556,=5.9467,=4.6323
2024-07-17,=729,=746.2200,=2421335005947.7900,=1445787535229,=912284219085.6416,=3.8109,=0.0259,=8.2556,=5.9480,=4.6427
2024-07-16,=732.0600,=749.3600,=2436325778671.5498,=1449146408881,=915871185890.2122,=3.7348,=0.0135,=8.2556,=5.9523,=4.6575
2024-07-15,=715.8600,=732.7700,=2392240366923.8203,=1417084139911,=898694875173.2561,=3.7676,=0.0156,=8.2556,=5.9567,=4.6613
2024-07-12,=718.3700,=735.3400,=2402784026286.7002,=1427021027000,=902636664880.2948,=3.8689,=0.0343,=8.2556,=5.9590,=4.6630
2024-07-11,=718.0400,=735,=2405086740921.7305,=1430307766169,=901903973353.5586,=3.8536,=0.0312,=8.2621,=5.9614,=4.6630
2024-07-10,=710.3700,=727.1500,=2381417223841.0796,=1413034434854,=891160481174.0129,=3.8315,=0.0271,=8.2621,=5.9617,=4.6668
2024-07-09,=709.8900,=726.6600,=2382298877733.8901,=1411361635245,=890698293238.2158,=3.7956,=0.0198,=8.2621,=5.9619,=4.6751
2024-07-08,=692.4900,=708.8500,=2324638669249.5000,=1378277154479,=870076650084.6586,=3.6850,=0.0063,=8.2621,=5.9681,=4.6834
2024-07-05,=698.8500,=715.3600,=2349515923559.3706,=1391761764694,=878100172074.7296,=3.7827,=0.0177,=8.2621,=5.9742,=4.6865
2024-07-04,=690.3800,=706.6800,=2320572412289.3589,=1375931579036,=866876639602.3251,=3.7369,=0.0125,=8.2628,=5.9774,=4.6865
2024-07-03,=701.7800,=718.3600,=2356800864683.9204,=1399717918820,=881324998125.5536,=3.8428,=0.0241,=8.2628,=5.9806,=4.6898
2024-07-02,=699.1200,=715.6400,=2350639360482.6504,=1397587764865,=877645457556.6338,=3.8751,=0.0272,=8.2628,=5.9853,=4.6906
2024-07-01,=709.6000,=726.3200,=2381405673666.9497,=1419155426688,=890498871422.4338,=3.9155,=0.0356,=8.2628,=5.9900,=4.6911
2024-06-28,=712.0800,=728.8600,=2384721447991.9009,=1426566252502,=894746075230.4059,=3.8854,=0.0294,=8.2628,=5.9902,=4.7077
2024-06-27,=715.3600,=732.0600,=2387326608439.2104,=1435218391071,=899123087425.6619,=3.8510,=0.0242,=8.2692,=5.9905,=4.7077
2024-06-26,=729.6400,=746.6800,=2434806276583.8301,=1464171619450,=917074315683.5840,=4.0020,=0.0526,=8.2692,=5.9910,=4.7080
2024-06-25,=717.7500,=734.5100,=2396229207646.5601,=1439920387863,=901976364144.9480,=3.9149,=0.0326,=8.2692,=5.9915,=4.7124
2024-06-24,=739.1400,=756.4000,=2465244353398.4692,=1478813805080,=928411234449.9940,=4.0568,=0.0590,=8.2692,=5.9968,=4.7267
2024-06-21,=758.3700,=776.0800,=2533429379761.0908,=1515272008959,=952309703782.4060,=4.1435,=0.0749,=8.2692,=6.0022,=4.7356
2024-06-20,=755.1500,=772.6800,=2525844234765.7402,=1509033815381,=947916358875.9358,=4.1288,=0.0729,=8.2916,=6.0030,=4.7356
2024-06-19,=751.6900,=768.6100,=2514240479821.2988,=1503711710804,=943301753762.0680,=4.1805,=0.0856,=8.2916,=6.0038,=4.7449
2024-06-18,=756.9000,=773.7700,=2535594313634.0498,=1516593278163,=950170144924.4780,=4.3025,=0.1048,=8.2916,=6.0057,=4.7452
2024-06-17,=757.1100,=773.8500,=2535807227530.1504,=1517591234851,=949962970610.7180,=4.2458,=0.0943,=8.2916,=6.0075,=4.7489
2024-06-14,=754.2600,=770.8600,=2487107403080.5205,=1502965298041,=945928162252.7760,=4.1609,=0.0753,=8.2916,=6.0087,=4.7506
2024-06-13,=758.9800,=775.6600,=2509342200616.9399,=1512105311383,=953831456312.7976,=4.3215,=0.1083,=8.2975,=6.0099,=4.7506
2024-06-12,=754.9300,=771.5000,=2495651574877.7300,=1503302705043,=949055941017.2482,=4.2865,=0.1010,=8.2975,=6.0101,=4.7609
2024-06-11,=755.8300,=772.3500,=2502028057490.9897,=1502986666130,=950015669165.2180,=4.2634,=0.1000,=8.2975,=6.0103,=4.7630
2024-06-07,=737.9300,=754.0300,=2449595458925.7104,=1462801322510,=928432183993.4778,=4.0462,=0.0564,=8.2975,=6.0104,=4.7819
2024-06-06,=743.2300,=758.3200,=2463271441194.4502,=1475140285075,=935832504277.9301,=4.1183,=0.0682,=8.2975,=6.0105,=4.7884
2024-06-05,=752.0400,=766.8800,=2488902278064.9702,=1492745423023,=946357088995.8719,=4.1718,=0.0790,=8.3189,=6.0116,=4.7884
2024-06-04,=753.6400,=768.5100,=2488695276638.6699,=1496887058218,=948024144079.8680,=4.1241,=0.0694,=8.3189,=6.0128,=4.7923
2024-06-03,=750.4300,=765.2300,=2473260511359.4897,=1489260688783,=943328223772.8524,=4.0558,=0.0578,=8.3189,=6.0202,=4.7993
2024-05-31,=743.2300,=757.8900,=2453545103471.4497,=1474473500079,=933784337269.2760,=4.0478,=0.0567,=8.3189,=6.0276,=4.7999
2024-05-30,=742.7000,=757.2500,=2447733418240.3999,=1473337645691,=932956647983.2098,=3.9943,=0.0504,=8.3189,=6.0276,=4.8103
2024-05-29,=734.3300,=748.4100,=2416061258652.7100,=1460496471175,=922412493261.5104,=3.9811,=0.0440,=8.3354,=6.0276,=4.8103
2024-05-28,=734.8500,=748.9400,=2417485396582.5801,=1461133049893,=922484211281.9280,=3.9722,=0.0430,=8.3354,=6.0281,=4.8144
2024-05-27,=738.6500,=752.8100,=2431579412826.9907,=1468391761218,=927176974891.0880,=4.0374,=0.0516,=8.3354,=6.0287,=4.8174
2024-05-24,=727.2100,=741.1500,=2392548868757.4404,=1450673367581,=913848375158.6340,=4.0434,=0.0517,=8.3354,=6.0288,=4.8197
2024-05-23,=742.4000,=756.6100,=2436667196700.5200,=1482129086793,=931739315706.7679,=4.1470,=0.0647,=8.3354,=6.0289,=4.8241
2024-05-22,=754.9700,=769.4100,=2479976593219.4404,=1506721451916,=947349784353.2502,=4.2542,=0.0841,=8.3383,=6.0291,=4.8241
2024-05-21,=748.2400,=762.5500,=2455495935844.1396,=1495955897191,=938235243752.0800,=4.2074,=0.0756,=8.3383,=6.0293,=4.8249
2024-05-20,=753.5400,=767.9600,=2474751329420.2705,=1504512423605,=944256123209.1158,=4.3150,=0.0897,=8.3383,=6.0373,=4.8331
2024-05-17,=754.4200,=768.8500,=2480509182630,=1507107738009,=946319486070.4102,=4.3161,=0.0909,=8.3383,=6.0453,=4.8373
2024-05-16,=746.4700,=760.6300,=2454646743811.5898,=1492203958753,=937616866427.4700,=4.2119,=0.0758,=8.3383,=6.0529,=4.8375
2024-05-15,=749.4700,=763.6900,=2465051705840.3701,=1501975929604,=942525131835.6100,=4.2560,=0.0824,=8.3403,=6.0605,=4.8375
2024-05-14,=760.3000,=774.7300,=2499078549690.6196,=1523354912175,=956597545377.5698,=4.2910,=0.0847,=8.3403,=6.0622,=4.8477
2024-05-13,=763.6900,=778.1800,=2510068865890.4297,=1531439491845,=961104203723.0900,=4.2469,=0.0804,=8.3403,=6.0639,=4.8478
2024-05-10,=767.1700,=781.7300,=2523356259068.4502,=1537155567866,=965779991654.6200,=4.3302,=0.0892,=8.3403,=6.0656,=4.8536
2024-05-09,=778.8700,=793.6500,=2557872123557.1504,=1557779842233,=979351877906.3496,=4.3488,=0.0904,=8.3403,=6.0674,=4.8936
2024-05-08,=761.6600,=776.1100,=2501379478775.2891,=1524149370562,=959383986004.3101,=4.2258,=0.0785,=8.3441,=6.0688,=4.8936
2024-05-07,=769.7900,=784.4000,=2523253880113.3301,=1538365452021,=969814241623.7000,=4.3092,=0.0830,=8.3441,=6.0703,=4.9015
2024-05-06,=777.6600,=792.4200,=2544189821373.7500,=1555510103570,=979150563123.7100,=4.3097,=0.0831,=8.3441,=6.0712,=4.9024
2024-04-30,=767.4600,=782.0200,=2501767556898.3799,=1519732937848,=964413387094.8800,=4.2246,=0.0766,=8.3441,=6.0721,=4.9163
2024-04-29,=776.1500,=790.8800,=2532561297439.4600,=1535668371210,=982583050460.9602,=4.1019,=0.0613,=8.3441,=6.0732,=4.9241
2024-04-26,=752.2500,=766.5200,=2466267001940.7295,=1491542630259,=941288831623.3398,=3.9859,=0.0461,=8.3540,=6.0743,=4.9241
2024-04-25,=733.3400,=747.2600,=2407839524438.0400,=1455086092106,=913818395595.5096,=3.8803,=0.0274,=8.3540,=6.0755,=4.9265
2024-04-24,=738.6300,=752.6500,=2423345108479.6709,=1471226989832,=920071222178.8900,=3.8830,=0.0275,=8.3540,=6.0767,=4.9320
2024-04-23,=727.8500,=741.6600,=2392024380881.9990,=1449565991710,=906600843889.5602,=3.8279,=0.0231,=8.3540,=6.0796,=4.9344
2024-04-22,=731.8100,=745.6900,=2405295379642.6904,=1459518571259,=902910927240.9600,=3.8915,=0.0286,=8.3540,=6.0825,=4.9364
2024-04-19,=730.5600,=744.4200,=2402516908782.8301,=1455906341740,=901016291139.3400,=3.7487,=0.0132,=8.3594,=6.0831,=4.9364
2024-04-18,=745.6900,=759.8400,=2443167245723.7500,=1482741762004,=919427457685.3300,=3.8252,=0.0210,=8.3594,=6.0837,=4.9475
2024-04-17,=750.8900,=765.1300,=2454736825329.9097,=1491499851827,=925879025458.0298,=3.8063,=0.0188,=8.3594,=6.0852,=4.9540
2024-04-16,=733.1500,=747.0600,=2398256388573.9805,=1458514556557,=904378451559.4404,=3.7259,=0.0088,=8.3594,=6.0868,=4.9541
2024-04-15,=750.9000,=765.1400,=2452107687214.5303,=1494630070236,=926433958473.0200,=3.7758,=0.0133,=8.3594,=6.0878,=4.9628
2024-04-12,=738.4300,=752.4400,=2412426111298.6011,=1465756021106,=908865808831.4500,=3.7277,=0.0089,=8.3651,=6.0888,=4.9628
2024-04-11,=738.6700,=752.6900,=2417940421050.6396,=1464847620628,=908426185192.1600,=3.6863,=0.0067,=8.3651,=6.0910,=4.9756
2024-04-10,=735.7300,=749.6900,=2415132079418.6396,=1455361739722,=904874257520.5398,=3.7697,=0.0100,=8.3651,=6.0933,=4.9897
2024-04-09,=749.6300,=763.8500,=2457255892396.4600,=1480453464099,=921387098858.3000,=3.8323,=0.0145,=8.3651,=6.0958,=4.9992
2024-04-08,=740.6700,=754.7200,=2427110234005.1602,=1463621881156,=907082012109.3300,=3.7343,=0.0089,=8.3651,=6.0982,=5.0239
2024-04-03,=756.7600,=771.1200,=2481471577094.8301,=1493022297913,=926807632033.3600,=3.8596,=0.0134,=8.3667,=6.0995,=5.0239
2024-04-02,=768.7900,=783.3700,=2516882164226.4805,=1520710016955,=941368297784.0398,=3.8689,=0.0134,=8.3667,=6.1007,=5.0270
2024-04-01,=775.5300,=790.2400,=2539472623264.5498,=1533969170749,=949923582932.4498,=3.9055,=0.0156,=8.3667,=6.1008,=5.0277
2024-03-29,=762.7400,=777.2100,=2501018201281.7500,=1508979585401,=933279021187.2800,=3.8864,=0.0145,=8.3667,=6.1009,=5.0488
2024-03-28,=763.2700,=777.7600,=2496839278989.8496,=1508869966377,=933987958400.8398,=3.8857,=0.0134,=8.3667,=6.1029,=5.0557
2024-03-27,=752.8200,=767.1000,=2460383444765.8301,=1487514391061,=921002888329.8600,=3.8149,=0.0123,=8.3669,=6.1049,=5.0557
2024-03-26,=772.0900,=786.7400,=2519676667200.8301,=1523012704159,=944544852468.5598,=3.9693,=0.0213,=8.3669,=6.1050,=5.0583
2024-03-25,=781.6500,=796.4800,=2545260138453.2905,=1539245844618,=955245283298.6000,=3.9816,=0.0213,=8.3669,=6.1051,=5.0689
2024-03-22,=794.2000,=809.2700,=2586016633216.3599,=1563126930641,=968809299614.4598,=4.0193,=0.0259,=8.3669,=6.1067,=5.0718
2024-03-21,=806.1400,=821.4300,=2632262437896.4600,=1581454058378,=983031332320.1802,=4.0821,=0.0304,=8.3669,=6.1082,=5.0796
2024-03-20,=814.0300,=829.4700,=2661006168128.3501,=1598645244224,=992129150779.5498,=4.1658,=0.0383,=8.3760,=6.1089,=5.0796
2024-03-19,=811.7700,=827.1700,=2654939772684.8496,=1590112644135,=989198779840.4398,=4.1708,=0.0418,=8.3760,=6.1097,=5.0890
2024-03-18,=825.4000,=841.0600,=2693970763194.8501,=1613925422883,=1006113296874.8602,=4.1888,=0.0452,=8.3760,=6.1140,=5.1137
2024-03-15,=808.6700,=824.0200,=2642614244476.4795,=1582467765105,=985841409787.4402,=4.1200,=0.0351,=8.3760,=6.1183,=5.1166
2024-03-14,=804.8600,=820.1200,=2624342350667.6201,=1572045236137,=981187609253.1000,=4.0981,=0.0340,=8.3760,=6.1213,=5.1203
2024-03-13,=814.9300,=830.3900,=2655030363358.5898,=1591161714019,=993579677011.3496,=4.1784,=0.0420,=8.4617,=6.1242,=5.1203
2024-03-12,=817.7500,=833.2600,=2662864241671.6797,=1596829479693,=997161008722.6300,=4.2600,=0.0477,=8.4617,=6.1251,=5.1207
2024-03-11,=818.4400,=833.9700,=2671419879976.0498,=1597727265735,=997623883913.7704,=4.1666,=0.0364,=8.4617,=6.1260,=5.1219
2024-03-08,=803.2000,=818.4400,=2554643324047.2300,=1574584385619,=983395931597.3300,=4.0940,=0.0307,=8.4617,=6.1287,=5.1262
2024-03-07,=794.2400,=809.3100,=2525879147747.9805,=1558197903457,=972544111190.0300,=4.0953,=0.0319,=8.4617,=6.1314,=5.1353
2024-03-06,=811.9000,=827.3000,=2578862457211.3501,=1590961710241,=994131829872.9604,=4.2562,=0.0433,=8.4626,=6.1356,=5.1353
2024-03-05,=817.7700,=833.2900,=2592393807114.4404,=1600738174043,=1001728384671.0398,=4.1749,=0.0365,=8.4626,=6.1397,=5.1361
2024-03-04,=818.5100,=834.0400,=2597042991981.5601,=1598913986501,=1002328688812.5402,=4.0697,=0.0297,=8.4626,=6.1506,=5.1371
2024-03-01,=815.4900,=830.9600,=2591777385217.5195,=1591347044070,=998645734926.6398,=4.0686,=0.0286,=8.4626,=6.1614,=5.1495
2024-02-29,=807.7100,=823.0300,=2568568521288.1797,=1573762967734,=989183327677.8098,=4.0371,=0.0263,=8.4626,=6.1621,=5.1499
2024-02-28,=771.5900,=786.2300,=2454683427870.8203,=1504300642280,=944544031326.0200,=3.9338,=0.0149,=8.4686,=6.1629,=5.1499
2024-02-27,=796.9100,=812.0300,=2530463889956.5103,=1550194025255,=975936359141.0100,=4.0951,=0.0264,=8.4686,=6.1655,=5.1499
2024-02-26,=768.4900,=783.0700,=2443622931455.8604,=1500292516032,=941278714803.1604,=4.0666,=0.0253,=8.4686,=6.1681,=5.1547
2024-02-23,=764.4800,=778.9900,=2428210197799.9199,=1492191037025,=936505075307.4700,=3.9374,=0.0161,=8.4686,=6.1682,=5.1611
2024-02-22,=762.3800,=776.8500,=2423107564121.1899,=1488164159298,=933562714532.6300,=3.9299,=0.0138,=8.4686,=6.1684,=5.1672
2024-02-21,=755.1600,=769.4800,=2401597153494.2896,=1474343654689,=924918557644.1801,=3.9347,=0.0138,=8.4940,=6.1701,=5.1672
2024-02-20,=754.7000,=769.0200,=2397922391814.6904,=1473770562948,=924624291710.5798,=3.9829,=0.0173,=8.4940,=6.1718,=5.1681
2024-02-19,=763.3200,=777.8000,=2424382164826.7603,=1487332944058,=934749161014.9598,=3.9651,=0.0162,=8.4940,=6.1721,=5.1694
2024-02-08,=751.5000,=765.7600,=2391235133218,=1457726293664,=920626051043.8700,=3.9971,=0.0185,=8.4940,=6.1724,=5.1714
2024-02-07,=743.4200,=757.5300,=2362197827725.5791,=1446276199096,=910784173872.0298,=3.9591,=0.0151,=8.4940,=6.1769,=5.1717
2024-02-06,=720.8000,=734.4700,=2305418998929.3301,=1400248352581,=883318334440.2301,=3.6939,=0.0070,=8.5361,=6.1813,=5.1717
2024-02-05,=676.7900,=689.6300,=2163188211038.8201,=1314741356657,=830173994512.7399,=3.3758,=0,=8.5361,=6.1813,=5.1811
2024-02-02,=673.4100,=686.1800,=2154383506330.6597,=1309550384183,=825570482354.8998,=3.4213,=0,=8.5361,=6.1814,=5.1846
2024-02-01,=690.0100,=703.1000,=2203028755749.8105,=1340407174517,=845567528946.4696,=3.5121,=0,=8.5361,=6.1924,=5.1851
2024-01-31,=684.8500,=697.8400,=2194884998511.4399,=1331242376885,=839063699134.2399,=3.5271,=0,=8.5361,=6.2035,=5.1858
2024-01-30,=697.8500,=711.0800,=2230449076281.9800,=1357397528193,=854727130206.7899,=3.5861,=0,=8.5462,=6.2067,=5.1858
2024-01-29,=725.3100,=739.0700,=2317477215341.9297,=1407602467739,=888099215553.5201,=3.6848,=0,=8.5462,=6.2100,=5.1885
2024-01-26,=746.1000,=760.2500,=2381007910190.7598,=1446969328495,=913925641149.0200,=3.8019,=0.0023,=8.5462,=6.2209,=5.1887
2024-01-25,=765.7900,=780.3200,=2437747391297.2705,=1480436569560,=938023840643.9696,=3.9571,=0.0047,=8.5462,=6.2319,=5.1962
2024-01-24,=750.2700,=764.5100,=2380472905591.2412,=1448844903320,=918992958101.0200,=3.8048,=0.0023,=8.5462,=6.2408,=5.2055
2024-01-23,=749.7400,=763.9700,=2372635516471.3003,=1442324161107,=918474195759.7600,=3.7817,=0.0012,=8.5502,=6.2497,=5.2055
2024-01-22,=742.2300,=756.3100,=2344618909055.9897,=1429677330076,=909893935871.3500,=3.7277,=0,=8.5502,=6.2505,=5.2068
2024-01-19,=765.4700,=779.9900,=2418712656254.4697,=1473947656095,=938332238188.1300,=3.9269,=0,=8.5502,=6.2513,=5.2082
2024-01-18,=768.2800,=782.8600,=2428520005643.1997,=1480615059531,=941101342750.9598,=3.9918,=0,=8.5502,=6.2537,=5.2166
2024-01-17,=757.0400,=771.4100,=2394021226823.9292,=1439150142789,=927188630770.8900,=3.9941,=0,=8.5502,=6.2560,=5.2176
2024-01-16,=777.4000,=792.1500,=2458618166693.9209,=1476649399058,=952233550793.5300,=4.1250,=0,=8.5624,=6.2605,=5.2176
2024-01-15,=773.4100,=788.0800,=2446271474254.7397,=1467650807991,=946991690098.7800,=4.1764,=0.0035,=8.5624,=6.2650,=5.2264
2024-01-12,=778.3600,=793.1200,=2457799114774.8096,=1477539456922,=953146098238.8302,=4.2251,=0.0047,=8.5624,=6.2668,=5.2328
2024-01-11,=789.8600,=804.8500,=2493867448708.7705,=1496233325854,=967512971396.5000,=4.2429,=0.0047,=8.5624,=6.2686,=5.2368
2024-01-10,=777.1500,=791.9000,=2458548951897.3696,=1470768830522,=951986196476.7200,=4.1291,=0,=8.5624,=6.2847,=5.2368
2024-01-09,=782.9300,=797.7800,=2478512771715.8003,=1481424477268,=959371679593.1500,=4.1680,=0,=8.5672,=6.3009,=5.2368
2024-01-08,=784.4300,=799.3100,=2487310038815.0400,=1484907778506,=961137747802.1100,=4.1693,=0,=8.5672,=6.3086,=5.2409
2024-01-05,=807.7300,=823.0500,=2557424247907.2402,=1520082913463,=989673095116.5398,=4.3384,=0.0060,=8.5672,=6.3163,=5.2453
2024-01-04,=823.8500,=839.4800,=2610373567792.1699,=1548471638962,=1009330745399.5601,=4.4274,=0.0131,=8.5672,=6.3171,=5.2469
2024-01-03,=829.7700,=845.5100,=2628919308632.3101,=1560415699579,=1016563017968.2900,=4.5016,=0.0263,=8.5672,=6.3180,=5.2492
2024-01-02,=839.8000,=855.7300,=2657005008599.6396,=1582380456209,=1029422306404.9800,=4.5243,=0.0358,=8.5694,=6.3228,=5.2492
2023-12-29,=852,=868.1700,=2687015928375.8101,=1586136373798,=1044498709028.9000,=4.6005,=0.0622,=8.5694,=6.3276,=5.2586
2023-12-28,=850.3900,=866.5200,=2682353063526.3599,=1580668336306,=1042357499363.1700,=4.5916,=0.0599,=8.5694,=6.3317,=5.2601
2023-12-27,=830.0600,=845.8000,=2619531399738.9502,=1541945310337,=1017974357937.2102,=4.3955,=0.0084,=8.5694,=6.3358,=5.2637
2023-12-26,=825.2600,=840.9100,=2609079711778.5498,=1531050121327,=1011307127932.7598,=4.3981,=0.0084,=8.5694,=6.3358,=5.2691
2023-12-25,=837.2200,=853.1100,=2644331688450.6201,=1553144020776,=1026056149937.1500,=4.4756,=0.0180,=8.5715,=6.3358,=5.2691
2023-12-22,=843.3200,=859.3200,=2663866879489.0498,=1558887704494,=1033443850518.3702,=4.4592,=0.0120,=8.5715,=6.3373,=5.2771
2023-12-21,=847.8200,=863.9000,=2674597415149.6797,=1568927304070,=1039466071063.3900,=4.4635,=0.0120,=8.5715,=6.3389,=5.2821
2023-12-20,=835.7100,=851.5700,=2639792386073.1895,=1547563456792,=1025034542295.4900,=4.4152,=0.0097,=8.5715,=6.3446,=5.2868
2023-12-19,=845.8600,=861.9100,=2670149122997.3999,=1565969250798,=1037219331950.5300,=4.4727,=0.0121,=8.5715,=6.3504,=5.2870
2023-12-18,=840.6800,=856.6300,=2653919554889.9102,=1558397298307,=1030840087020.5900,=4.5090,=0.0206,=8.5812,=6.3565,=5.2870
2023-12-15,=847.5100,=863.5900,=2675591701042.1099,=1570624064478,=1038919582717.6002,=4.6427,=0.0642,=8.5812,=6.3625,=5.2910
2023-12-14,=855.9000,=872.1400,=2697845805868.2402,=1585061181139,=1049626418796.2300,=4.6613,=0.0655,=8.5812,=6.3665,=5.2947
2023-12-13,=861.2500,=877.5900,=2720194248223.8203,=1594203848464,=1056311626018.3800,=4.6865,=0.0704,=8.5812,=6.3704,=5.2971
2023-12-12,=869.9700,=886.4700,=2744539288992.5601,=1608980849130,=1066204346443.9598,=4.7452,=0.0814,=8.5812,=6.3742,=5.3104
2023-12-11,=878.5200,=895.1800,=2755931142589.7095,=1623887992968,=1076391675926.0900,=4.7884,=0.0876,=8.5978,=6.3781,=5.3104
2023-12-08,=868.2300,=884.7100,=2708499255838.2998,=1618977454551,=1074279190102.4000,=4.6310,=0.0621,=8.5978,=6.3826,=5.3113
2023-12-07,=847.4800,=863.5500,=2644251253066.3198,=1575296508723,=1045998689619.9399,=4.5590,=0.0378,=8.5978,=6.3871,=5.3132
2023-12-06,=848.7900,=864.8900,=2649547603445.0400,=1576625379430,=1051829749300.2300,=4.6107,=0.0549,=8.5978,=6.3872,=5.3142
2023-12-05,=845.8000,=861.8500,=2634284750406.8203,=1567192945667,=1044508164087.2600,=4.5730,=0.0428,=8.5978,=6.3874,=5.3162
2023-12-04,=861.9200,=878.2700,=2678201706531.3999,=1595383121605,=1061912202453.3096,=4.6050,=0.0502,=8.6030,=6.3924,=5.3162
2023-12-01,=867.5400,=883.9900,=2691661266311.1597,=1600175566605,=1065909225239.2902,=4.6911,=0.0674,=8.6030,=6.3974,=5.3210
2023-11-30,=865.6800,=882.1100,=2685550563820.2305,=1593335262944,=1063633735072.5300,=4.6668,=0.0613,=8.6030,=6.4019,=5.3241
2023-11-29,=862.0400,=878.3900,=2674765630143.2300,=1586149149169,=1056770297542.9498,=4.6906,=0.0651,=8.6030,=6.4064,=5.3254
2023-11-28,=871.9100,=887.4700,=2695709043829.5396,=1599098513830,=1063838465606.9200,=4.8144,=0.0836,=8.6030,=6.4081,=5.3258
2023-11-27,=868.0300,=883.5200,=2678636772698.4502,=1588232762602,=1055500376725.2800,=4.8375,=0.0911,=8.6033,=6.4098,=5.3258
2023-11-24,=864.7700,=880.0600,=2658860126238.8901,=1579550462912,=1046882679294.7502,=4.8103,=0.0826,=8.6033,=6.4142,=5.3265
2023-11-23,=877.7700,=893.2900,=2694151427504.1597,=1595939581433,=1063268256892.8298,=4.7993,=0.0802,=8.6033,=6.4186,=5.3285
2023-11-22,=870.7600,=886.1500,=2671634959817.2695,=1584360875961,=1054833972364.5699,=4.7356,=0.0705,=8.6033,=6.4189,=5.3308
2023-11-21,=884.8900,=900.5400,=2711002270954.1099,=1607033058355,=1069114751383.7998,=4.7609,=0.0743,=8.6033,=6.4191,=5.3339
2023-11-20,=892.6300,=908.4100,=2730954358478.4102,=1620258646681,=1078266423994.3199,=4.7506,=0.0731,=8.6326,=6.4232,=5.3339
2023-11-17,=891.3800,=907.0600,=2717748882782.2300,=1613811368319,=1074342880592.2704,=4.8241,=0.0806,=8.6326,=6.4273,=5.3443
2023-11-16,=887.1100,=902.7200,=2705230515258.2998,=1605292390363,=1068544749783.8704,=4.8174,=0.0783,=8.6326,=6.4362,=5.3443
2023-11-15,=902.1800,=918.0500,=2748966739791.0200,=1630416482265,=1085563143785.6500,=4.9241,=0.0920,=8.6326,=6.4451,=5.3470
2023-11-14,=904.3400,=920.2500,=2756614152257.0405,=1634313819039,=1088988031049.8000,=4.9024,=0.0897,=8.6326,=6.4462,=5.3533
2023-11-13,=896.5500,=912.3300,=2727438443335.8799,=1622289631503,=1077286325743.4004,=4.8373,=0.0823,=8.6801,=6.4473,=5.3533
2023-11-10,=889.7500,=905.4000,=2710687704074.3906,=1609317916517,=1070152424793.2798,=4.8249,=0.0799,=8.6801,=6.4483,=5.3574
2023-11-09,=893.8000,=909.5200,=2733024024807.2598,=1614325551203,=1073986061140.7104,=4.7819,=0.0750,=8.6801,=6.4494,=5.3602
2023-11-08,=899.6300,=915.4500,=2757910057401.3008,=1625454375670,=1084189818968.6600,=4.7999,=0.0763,=8.6801,=6.4533,=5.3610
2023-11-07,=891.4600,=907.1400,=2736823815138.0400,=1613304133121,=1074240557800.2498,=4.6898,=0.0652,=8.6801,=6.4573,=5.3635
2023-11-06,=890.2100,=905.8700,=2731625611112.0708,=1609554470115,=1070153303235.8600,=4.7449,=0.0703,=8.6830,=6.4581,=5.3635
2023-11-03,=875.3700,=890.7700,=2689816910561.0298,=1580522173062,=1052573654724.3198,=4.6751,=0.0628,=8.6830,=6.4590,=5.3689
2023-11-02,=859.9300,=875.0600,=2644141807458.5596,=1551563588111,=1032786393854.6300,=4.5402,=0.0340,=8.6830,=6.4608,=5.3764
2023-11-01,=869.9200,=885.2200,=2674463995644.9604,=1566351093640,=1044696194663.5002,=4.5741,=0.0428,=8.6830,=6.4626,=5.3773
2023-10-31,=874.4100,=889.7900,=2680672405834.5903,=1574900373748,=1048926924215.8503,=4.5150,=0.0227,=8.6830,=6.4640,=5.3787
2023-10-30,=878.1300,=893.5000,=2695374347636.7700,=1581009403360,=1049477193734.1198,=4.5701,=0.0391,=8.6896,=6.4655,=5.3787
2023-10-27,=861.8500,=876.9400,=2646630148335.2500,=1542878173915,=1019361570696.3698,=4.5124,=0.0215,=8.6896,=6.4707,=5.3789
2023-10-26,=849.3100,=864.1700,=2611903958481.7612,=1526386531589,=1003180856891.8236,=4.3268,=0.0038,=8.6896,=6.4759,=5.3808
2023-10-25,=848.6500,=863.5000,=2603870165461.1997,=1521197688581,=1002232148682.2828,=4.4846,=0.0139,=8.6896,=6.4798,=5.3851
2023-10-24,=850.6100,=865.5000,=2603397347640.3804,=1521161900004,=1002227367037.4536,=4.4915,=0.0140,=8.6896,=6.4837,=5.3925
2023-10-23,=840.1400,=854.8500,=2584200207174.3989,=1502136562949,=987794407018.1316,=4.4451,=0.0089,=8.6917,=6.4856,=5.3925
2023-10-20,=861.8100,=876.8900,=2635947966791.7705,=1535965545001,=1010618117478.4156,=4.5590,=0.0305,=8.6917,=6.4874,=5.4081
2023-10-19,=870.1000,=885.3300,=2645307489408.8696,=1551886238306,=1018137281056.3622,=4.5384,=0.0255,=8.6917,=6.4876,=5.4143
2023-10-18,=869.7600,=884.9800,=2634860857844.5200,=1555980968960,=1016178187460.6892,=4.6104,=0.0395,=8.6917,=6.4878,=5.4163
2023-10-17,=882.1900,=897.6300,=2660051698622.7900,=1578598564697,=1027505325363.6956,=4.6834,=0.0485,=8.6917,=6.4890,=5.4186
2023-10-16,=874.0300,=889.3200,=2635181016794.1797,=1562982656576,=1016471222539.3368,=4.7080,=0.0499,=8.7410,=6.4903,=5.4186
2023-10-13,=891.7200,=907.3300,=2692183017759.7202,=1593048879109,=1022907485242.6912,=4.7489,=0.0525,=8.7410,=6.4936,=5.4237
2023-10-12,=899.9800,=915.7100,=2716693240237.8901,=1608950979703,=1033505792220.0286,=4.7267,=0.0513,=8.7410,=6.4968,=5.4240
2023-10-11,=893.4500,=909.0600,=2699917042014.5903,=1597453217111,=1024397831145.5682,=4.6575,=0.0462,=8.7410,=6.5003,=5.4339
2023-10-10,=882.0400,=897.4600,=2655300069381.1299,=1578357192227,=1008956265548.1288,=4.5369,=0.0244,=8.7410,=6.5037,=5.4356
2023-10-09,=887.2100,=902.7200,=2667430009185.6401,=1587479186777,=1013242978844.6128,=4.6095,=0.0373,=8.7558,=6.5069,=5.4356
2023-09-28,=887.8000,=903.3200,=2674176166529.2295,=1578398880459,=1014629358712.0756,=4.6242,=0.0399,=8.7558,=6.5100,=5.4381
2023-09-27,=880.1700,=895.5500,=2654709710359.3096,=1567371486434,=1006742405884.2704,=4.6630,=0.0426,=8.7558,=6.5106,=5.4389
2023-09-26,=876.0500,=891.3600,=2632703259599.6792,=1559647683202,=1000788574470.3502,=4.5349,=0.0220,=8.7558,=6.5111,=5.4397
2023-09-25,=874.5500,=889.7500,=2635654540468.2803,=1552270808789,=999026797384.8298,=4.5700,=0.0272,=8.7558,=6.5119,=5.4527
2023-09-22,=882.8800,=898.2200,=2659422755381.7798,=1567606659816,=1009278724260.4900,=4.6129,=0.0350,=8.7603,=6.5127,=5.4527
2023-09-21,=860.3900,=875.3400,=2588724317553.9800,=1525777569387,=980711125241.0496,=4.5172,=0.0195,=8.7603,=6.5217,=5.4534
2023-09-20,=866.0200,=881.0700,=2600884455064.3301,=1528282297556,=987063381902.9202,=4.5087,=0.0156,=8.7603,=6.5306,=5.4558
2023-09-19,=873.6200,=888.8000,=2620586855235.9907,=1541552460198,=996279570769.2798,=4.5741,=0.0260,=8.7603,=6.5310,=5.4589
2023-09-18,=879.5300,=894.8200,=2640404639752.6211,=1550671921877,=1003300377379.1500,=4.5880,=0.0260,=8.7603,=6.5314,=5.4603
2023-09-15,=887.0100,=902.4300,=2668186084806.6401,=1550992399593,=1012094896766.6904,=4.6274,=0.0313,=8.7688,=6.5432,=5.4603
2023-09-14,=880.8000,=896.1100,=2648994473681.5093,=1543950844672,=1005055875773.9398,=4.5170,=0.0170,=8.7688,=6.5551,=5.4623
2023-09-13,=889.1300,=904.5800,=2672945756021.3999,=1557460476141,=1015646426991.5798,=4.5707,=0.0235,=8.7688,=6.5636,=5.4670
2023-09-12,=901.6200,=917.2900,=2710226108126.3296,=1579156828913,=1029973141666.7798,=4.6148,=0.0275,=8.7688,=6.5722,=5.4671
2023-09-11,=907.5100,=923.2700,=2731054153337.5107,=1590983160055,=1038728395804.9200,=4.6323,=0.0275,=8.7688,=6.5783,=5.4804
2023-09-08,=901.5100,=917.1700,=2671601388828.8296,=1540218313896,=1010077679238.0100,=4.3277,=0.0039,=8.7794,=6.5843,=5.4804
2023-09-07,=899.8300,=915.4600,=2669887001671.0898,=1540513878317,=1009235982483.7500,=4.3491,=0.0039,=8.7794,=6.5888,=5.4834
2023-09-06,=934.6000,=950.8400,=2774173655526.4600,=1590309264911,=1047059678921.9800,=4.4736,=0.0079,=8.7794,=6.5933,=5.4843
2023-09-05,=930.6300,=946.8000,=2761807139575.1196,=1584356077982,=1037061912514.1324,=4.5254,=0.0132,=8.7794,=6.5989,=5.4889
2023-09-04,=942.4300,=958.8000,=2800605619599.4702,=1606433350057,=1051945269490.2468,=4.5559,=0.0172,=8.7794,=6.6045,=5.4907
2023-09-01,=934.7900,=951.0300,=2765159795422.1401,=1592517572203,=1042201544546.6884,=4.5036,=0.0106,=8.7811,=6.6073,=5.4907
2023-08-31,=942.6100,=958.9900,=2785613035084.0200,=1607338851762,=1044860065941.5924,=4.4938,=0.0093,=8.7811,=6.6101,=5.4928
2023-08-30,=939.6500,=955.9800,=2775460511156.2900,=1600178004724,=989430406890.5118,=4.5884,=0.0146,=8.7811,=6.6129,=5.4945
2023-08-29,=916.4600,=932.3800,=2705789547533.9800,=1558123687493,=917508659978.5380,=4.5169,=0.0093,=8.7811,=6.6157,=5.4999
2023-08-28,=880.1900,=895.4900,=2600465070276.2212,=1493128465742,=872920482300.9941,=4.2538,=0.0013,=8.7811,=6.6211,=5.5010
2023-08-25,=870.4000,=885.5200,=2569328084268.4204,=1476334605096,=863174182868.4280,=4.1961,=0,=8.7918,=6.6265,=5.5010
2023-08-24,=885.4800,=900.8600,=2609067846758.8901,=1502617264644,=875022933492.2776,=4.3159,=0,=8.7918,=6.6269,=5.5097
2023-08-23,=879.4600,=894.7400,=2593538938513.1509,=1498358137551,=862132739047.5330,=4.3500,=0,=8.7918,=6.6273,=5.5108
2023-08-22,=901.1300,=916.7900,=2654996386174.5000,=1536815039797,=871555961648.0558,=4.4821,=0.0027,=8.7918,=6.6276,=5.5145
2023-08-21,=892.0900,=907.5900,=2639590020988.3599,=1457523199844,=862831567577.8889,=4.4659,=0.0013,=8.7918,=6.6279,=5.5160
2023-08-18,=904.2500,=919.9600,=2674922607341.9902,=1475480187302,=872630183729.3210,=4.5364,=0.0013,=8.8113,=6.6290,=5.5160
2023-08-17,=910.3800,=926.2000,=2692605968077.9102,=1469904959508,=878817897908.8522,=4.5886,=0.0040,=8.8113,=6.6301,=5.5161
2023-08-16,=901.7900,=917.4600,=2668531734790.4600,=1456632524082,=870487888879.5048,=4.6005,=0.0040,=8.8113,=6.6306,=5.5183
2023-08-15,=917.4500,=933.3900,=2709200185242.7197,=1485837267310,=886259077804.8718,=4.7124,=0.0054,=8.8113,=6.6311,=5.5225
2023-08-14,=930.5000,=946.6600,=2743251510209.0903,=1504017186459,=898237790892.1548,=4.8477,=0.0108,=8.8113,=6.6316,=5.5230
2023-08-11,=938.7700,=955.0600,=2765374938680.1602,=1465805046320,=906138204926.9476,=4.9628,=0.0270,=8.8136,=6.6321,=5.5230
2023-08-10,=959.1700,=975.5800,=2825957099196.5000,=1495842141476,=925501809310.2804,=5.1203,=0.0472,=8.8136,=6.6327,=5.5233
2023-08-09,=957.3700,=973.7500,=2827548785824.7788,=1496362613391,=923787662065.1748,=5.0583,=0.0378,=8.8136,=6.6334,=5.5240
2023-08-08,=965.5300,=982.0500,=2856185380321.2397,=1511892169147,=931786108183.6146,=4.9897,=0.0284,=8.8136,=6.6341,=5.5252
2023-08-07,=968.9000,=985.3300,=2861794857165.3105,=1511091904275,=935037849404.3990,=5.0796,=0.0393,=8.8136,=6.6348,=5.5258
2023-08-04,=975.7800,=992.3300,=2885292157437.9297,=1514790821550,=941819573514.6479,=5.1681,=0.0597,=8.8231,=6.6352,=5.5258
2023-08-03,=970.3700,=986.8300,=2873339910250.7998,=1503261040991,=936129838494.2008,=5.1717,=0.0625,=8.8231,=6.6357,=5.5285
2023-08-02,=968.4400,=984.8700,=2860572228510.4600,=1500038265199,=934263277218.9344,=5.1811,=0.0626,=8.8231,=6.6370,=5.5288
2023-08-01,=969.6800,=986.1300,=2863330422918.9697,=1502408249623,=935654081195.6350,=5.1714,=0.0613,=8.8231,=6.6383,=5.5367
2023-07-31,=968.9900,=985.4300,=2864971762363.9497,=1498040151337,=934814869560.1864,=5.2586,=0.0873,=8.8231,=6.6424,=5.5462
2023-07-28,=962.6400,=978.9800,=2845973674581.8003,=1489900510639,=929072941510.8928,=5.1846,=0.0615,=8.8348,=6.6465,=5.5462
2023-07-27,=952.3000,=968.4500,=2818549957216.1597,=1474300649369,=919035064383.0656,=5.0689,=0.0369,=8.8348,=6.6471,=5.5493
2023-07-26,=961.6000,=977.9100,=2845851103308.7500,=1486639138366,=928409705198.0640,=5.1611,=0.0562,=8.8348,=6.6478,=5.5538
2023-07-25,=964.4000,=980.7600,=2851955798799.0898,=1496345599800,=931352225209.7928,=5.1887,=0.0631,=8.8348,=6.6527,=5.5567
2023-07-24,=950.5500,=966.6800,=2813831597724.3398,=1472952991142,=917743341042.4182,=5.1137,=0.0398,=8.8348,=6.6575,=5.5578
2023-07-21,=955.5500,=971.7600,=2826543011092.7505,=1470269242186,=922535420551.4980,=5.1262,=0.0440,=8.8359,=6.6596,=5.5578
2023-07-20,=961.1300,=977.4000,=2852142199216.1797,=1477965197346,=928001241488.2024,=5.1353,=0.0441,=8.8359,=6.6616,=5.5719
2023-07-19,=975.1100,=991.1100,=2890762416040.6899,=1498763590068,=941377267111.8840,=5.1547,=0.0510,=8.8359,=6.6687,=5.5837
2023-07-18,=980.0200,=996.1000,=2908244463925.1792,=1500869885228,=946052337459.7716,=5.2601,=0.0773,=8.8359,=6.6758,=5.5857
2023-07-17,=984.8200,=1000.9500,=2917962962832.5903,=1508741479270,=950865806798.5906,=5.2469,=0.0747,=8.8359,=6.6767,=5.5878
2023-07-14,=991.5600,=1007.8000,=2943296632243.9595,=1513078350099,=957392837142.3770,=5.2870,=0.0831,=8.8518,=6.6776,=5.5878
2023-07-13,=995.9700,=1012.1000,=2954134303016.7300,=1516102909249,=961253379792.8575,=5.3162,=0.0929,=8.8518,=6.6779,=5.5931
2023-07-12,=984.9800,=1000.9300,=2923174031487.6411,=1501025433983,=950372957480.0432,=5.3339,=0.1028,=8.8518,=6.6781,=5.6040
2023-07-11,=1001.4100,=1017.4400,=2977455176936.0293,=1526811362573,=966897661693.2228,=5.4534,=0.1419,=8.8518,=6.6795,=5.6105
2023-07-10,=993.7300,=1009.6300,=2946889162001.1899,=1518525322363,=959605833768.4296,=5.3808,=0.1212,=8.8518,=6.6810,=5.6120
2023-07-07,=991.8500,=1007.5700,=2930071304920.4199,=1521919318458,=957911414912.9460,=5.3443,=0.1046,=8.8755,=6.6810,=5.6120
2023-07-06,=1002.1100,=1018,=2961065563845.5698,=1534272017979,=967827456779.0844,=5.4671,=0.1466,=8.8755,=6.6810,=5.6121
2023-07-05,=1005.7300,=1021.6800,=2975668907860.2402,=1539642209140,=971758818289.4399,=5.4804,=0.1469,=8.8755,=6.6864,=5.6128
2023-07-04,=1015.4000,=1031.4600,=3004853146321.3008,=1553885925613,=980972345672.9476,=5.5183,=0.1653,=8.8755,=6.6917,=5.6130
2023-07-03,=1008.4000,=1024.3500,=2982392393832.9902,=1541552243634,=974276159535.5004,=5.3443,=0.1038,=8.8755,=6.6976,=5.6188
2023-06-30,=1005.1500,=1021.0400,=2967549278957.8691,=1545802053618,=971352402513.0408,=5.3925,=0.1208,=8.9211,=6.7035,=5.6188
2023-06-29,=1001.4600,=1017.2900,=2961729821391.7700,=1540718234638,=967421469456.9594,=5.3689,=0.1125,=8.9211,=6.7097,=5.6193
2023-06-28,=1008.2200,=1024.0900,=2980430113541.6396,=1545955688808,=974083507066.9775,=5.3142,=0.0930,=8.9211,=6.7158,=5.6225
2023-06-27,=1011.3500,=1027.2700,=2994723525288.6396,=1561263788942,=977694447287.2400,=5.2637,=0.0776,=8.9211,=6.7163,=5.6236
2023-06-26,=1010.3100,=1025.7000,=2983788746218.1792,=1554938429120,=976286927653.0876,=5.1694,=0.0537,=8.9211,=6.7169,=5.6253
2023-06-21,=1020.2200,=1035.2000,=3014712541900.0708,=1537013586627,=985548412303.1864,=5.2409,=0.0721,=8.9392,=6.7170,=5.6253
2023-06-20,=1055.4100,=1070.7300,=3118776115766.2510,=1586668610177,=1018982963479.2850,=5.3602,=0.1034,=8.9392,=6.7171,=5.6318
2023-06-19,=1055.4500,=1070.7800,=3123427285755.5098,=1580650576661,=1019573584160.1080,=5.4237,=0.1191,=8.9392,=6.7195,=5.6420
2023-06-16,=1052.8800,=1068.1700,=3112121412047.7500,=1573442964493,=1017168860478.4926,=5.4381,=0.1236,=8.9392,=6.7218,=5.6503
2023-06-15,=1033.8500,=1048.8600,=3057578978888.9497,=1536044252371,=998235846468.6952,=5.1858,=0.0555,=8.9392,=6.7252,=5.6563
2023-06-14,=1035.3100,=1050.0900,=3069351798013.1191,=1541378395729,=1000271437639.3510,=5.1219,=0.0442,=8.9776,=6.7285,=5.6563
2023-06-13,=1039.4600,=1054.3000,=3076726744750.0898,=1548121526445,=1003604130687.3644,=5.2055,=0.0571,=8.9776,=6.7403,=5.6632
2023-06-12,=1026.6400,=1041.1800,=3042967715443.1401,=1530938764906,=990404242484.7970,=5.1962,=0.0557,=8.9776,=6.7522,=5.6640
2023-06-09,=1032.5500,=1047.1700,=3017254236300.5308,=1528729541465,=1000605377405.4600,=4.9265,=0.0186,=8.9776,=6.7554,=5.6672
2023-06-08,=1007.1200,=1021.2000,=2938021804025.7900,=1483394846948,=974866616518.6750,=4.8536,=0.0129,=8.9776,=6.7585,=5.6803
2023-06-07,=1019.0500,=1033.2900,=2970277351319.2012,=1496814650023,=986658991419.4561,=4.9540,=0.0230,=9.0083,=6.7682,=5.6803
2023-06-06,=1022.9800,=1037.2300,=2977333714152.3188,=1501278411788,=990352499122.8954,=5.0277,=0.0302,=9.0083,=6.7780,=5.6811
2023-06-05,=1051.7300,=1066.2500,=3058987174766.2402,=1545867041269,=1017679434830.5192,=5.0718,=0.0331,=9.0083,=6.7808,=5.6818
2023-06-02,=1053.2900,=1067.8200,=3061594656604.8003,=1542647254832,=1018743077559.7904,=5.2453,=0.0605,=9.0083,=6.7837,=5.6842
2023-06-01,=1053.5500,=1068.0800,=3069768320871.4204,=1538868720967,=1018964721337.6678,=5.1672,=0.0447,=9.0083,=6.7850,=5.6992
2023-05-31,=1053.9100,=1068.4500,=3085133140969.0801,=1532154613334,=1018606127330.1500,=5.0270,=0.0289,=9.0536,=6.7864,=5.6992
2023-05-30,=1044.4300,=1058.2000,=3050795779338.5195,=1520294781513,=1009056664226.2336,=5.1207,=0.0347,=9.0536,=6.7904,=5.7028
2023-05-29,=1028.3800,=1041.9200,=3004364415089.9600,=1494182211557,=994426830791.6416,=5.1371,=0.0362,=9.0536,=6.7943,=5.7034
2023-05-26,=1038.6600,=1052.3300,=3024399363379.3701,=1500882725736,=1001455956530.1724,=5.2328,=0.0508,=9.0536,=6.7967,=5.7113
2023-05-25,=1021.7200,=1035.1700,=2979540840173.9800,=1474045043309,=987210164313.0334,=5.2691,=0.0552,=9.0536,=6.7990,=5.7145
2023-05-24,=1011.7700,=1025.0900,=2939391721468.4204,=1464483242060,=977550861728.3026,=5.2492,=0.0539,=9.1183,=6.8022,=5.7145
2023-05-23,=1016.1100,=1029.4800,=2959353843893.2700,=1468464289973,=981263341683.8026,=5.2368,=0.0510,=9.1183,=6.8054,=5.7182
2023-05-22,=1032.1100,=1045.6900,=2998678223426.1812,=1490618260108,=995458674282.2648,=5.2910,=0.0569,=9.1183,=6.8061,=5.7187
2023-05-19,=1040.1600,=1053.8500,=3022573798414.9204,=1505334361135,=1002201719345.0162,=5.2868,=0.0556,=9.1183,=6.8068,=5.7231
2023-05-18,=1034.8200,=1048.3300,=3011496331037.0010,=1495833749360,=996783201478.8380,=5.3265,=0.0688,=9.1183,=6.8125,=5.7281
2023-05-17,=1029.6500,=1043,=2995342902648.7305,=1484052542113,=992085177266.0288,=5.3851,=0.0850,=9.1317,=6.8181,=5.7281
2023-05-16,=1025.8700,=1039.1700,=2978102323184.5098,=1479141903865,=988771460944.9000,=5.2971,=0.0573,=9.1317,=6.8209,=5.7327
2023-05-15,=1025.7900,=1039.0900,=2989097793107.3589,=1480897090204,=988732901877.7008,=5.3308,=0.0691,=9.1317,=6.8238,=5.7413
2023-05-12,=1014.1100,=1027.2600,=2940109641726.9800,=1467499161742,=976824496367.8140,=5.2771,=0.0530,=9.1317,=6.8238,=5.7555
2023-05-11,=1025.9700,=1039.2800,=2973044103858.6304,=1486294938204,=987975236011.5990,=5.4081,=0.0811,=9.1317,=6.8239,=5.7614
2023-05-10,=1025.7100,=1039.0100,=2973017777437.2310,=1488520631527,=987185421429.9174,=5.3132,=0.0591,=9.1320,=6.8242,=5.7614
2023-05-09,=1034.2100,=1047.6300,=3012555173476.4707,=1501807342261,=995035987712.1300,=5.2947,=0.0547,=9.1320,=6.8244,=5.7697
2023-05-08,=1057.2100,=1070.9300,=3088468218819.5801,=1525748857697,=1018431462761.1689,=5.3789,=0.0770,=9.1320,=6.8263,=5.7722
2023-05-05,=1049.0900,=1062.7000,=3076048886919.0400,=1506178464592,=1010656179524.3145,=5.2082,=0.0460,=9.1320,=6.8281,=5.7727
2023-05-04,=1064.2000,=1078.0100,=3115709390694.4600,=1528886225471,=1024893811824.0718,=5.3787,=0.0743,=9.1320,=6.8377,=5.7800
2023-04-28,=1087.8700,=1101.9800,=3181843472017.7397,=1561467304379,=1034922104350.4063,=5.3210,=0.0565,=9.1887,=6.8472,=5.7800
2023-04-27,=1068.0100,=1081.8600,=3115094459173.1411,=1526567115833,=986728861470.0344,=5.2368,=0.0507,=9.1887,=6.8513,=5.7900
2023-04-26,=1069.0100,=1082.8700,=3128753578546.6099,=1528764625404,=981670730081.0028,=5.1885,=0.0433,=9.1887,=6.8555,=5.7943
2023-04-25,=1076.8600,=1089.6500,=3167036555168.9497,=1547818143821,=984920651693.0580,=5.1166,=0.0344,=9.1887,=6.8641,=5.7967
2023-04-24,=1096.3800,=1109.4000,=3200456672592.7705,=1571911621432,=1000534988260.7562,=5.3773,=0.0674,=9.1887,=6.8727,=5.8013
2023-04-21,=1116.8300,=1129.9700,=3255031088294.2388,=1592365614343,=1019837203859.7202,=5.4163,=0.0690,=9.2116,=6.8767,=5.8013
2023-04-20,=1164.9500,=1178.6600,=3390215231921.6396,=1663278406807,=1063857804779.4402,=5.7900,=0.1937,=9.2116,=6.8806,=5.8014
2023-04-19,=1134.4000,=1147.7600,=3305557592967.5400,=1585396608295,=1037062159044.7300,=5.9905,=0.2842,=9.2116,=6.8873,=5.8018
2023-04-18,=1129.8200,=1143.1200,=3282756381023.4199,=1582191718023,=1033833732819.1500,=6.0868,=0.3193,=9.2116,=6.8940,=5.8018
2023-04-17,=1140.1300,=1153.5500,=3306613470312.3496,=1594231762600,=1042602368144.5396,=6.0703,=0.3107,=9.2116,=6.9005,=5.8018
2023-04-14,=1136.2100,=1149.5900,=3283381257703.0010,=1583550441850,=1037376003726.7400,=6.2035,=0.3520,=9.2135,=6.9069,=5.8014
2023-04-13,=1100.1300,=1113.0800,=3190311950929.9902,=1536745243210,=1003358804587.0398,=5.9480,=0.2753,=9.2135,=6.9071,=5.8014
2023-04-12,=1129.4100,=1142.7000,=3269717307534.9292,=1584185724522,=1029493096478.8202,=6.1813,=0.3485,=9.2135,=6.9073,=5.8014
2023-04-11,=1121.7400,=1134.9500,=3235841058900.9604,=1570038948332,=1022525302092.3900,=6.0825,=0.3156,=9.2135,=6.9093,=5.8014
2023-04-10,=1129.1700,=1142.4700,=3257487778476.6196,=1575352376467,=1025015360447.0298,=6.0038,=0.2888,=9.2135,=6.9113,=5.8014
2023-04-07,=1161.0200,=1174.6900,=3339595859263.4004,=1632054849509,=1052632397359.9102,=6.1724,=0.3455,=9.2214,=6.9172,=5.8013
2023-04-06,=1146.9600,=1160.4700,=3302020948980.7104,=1617357987710,=1040153088695.2200,=6.1049,=0.3247,=9.2214,=6.9230,=5.8013
2023-04-04,=1129.0800,=1142.3800,=3255565430256.3989,=1590212113571,=1023672048219.3101,=6.0453,=0.3053,=9.2214,=6.9303,=5.8013
2023-04-03,=1126.4900,=1139.7500,=3245037167459.6802,=1589515998575,=1022534158461,=5.8718,=0.2385,=9.2214,=6.9376,=5.8013
2023-03-31,=1081.5400,=1094.2700,=3116645599112.2397,=1522731941492,=982160440060.9803,=5.6811,=0.1669,=9.2214,=6.9436,=5.8013
2023-03-30,=1065.6900,=1078.2400,=3081296241175.7495,=1490235522635,=948252342295.1198,=5.7145,=0.1764,=9.2346,=6.9496,=5.8013
2023-03-29,=1062.1400,=1074.6400,=3074237049419.0298,=1490053735540,=945296345584.0400,=5.5233,=0.1121,=9.2346,=6.9531,=5.8014
2023-03-28,=1038.6300,=1050.8500,=3008257750887.8501,=1448829794711,=923786178186.4600,=5.5145,=0.1046,=9.2346,=6.9566,=5.8018
2023-03-27,=1057.4900,=1069.9400,=3054857783026.3208,=1474909116181,=939828307464.0898,=5.5161,=0.1063,=9.2346,=6.9601,=5.8050
2023-03-24,=1060.9900,=1073.4800,=3069061680556.8198,=1479380978430,=943409802815.8002,=5.6236,=0.1481,=9.2346,=6.9636,=5.8111
2023-03-23,=1058.9900,=1071.4500,=3073424923255.0503,=1468406565904,=937516850850.1604,=5.6188,=0.1437,=9.2381,=6.9703,=5.8111
2023-03-22,=1034.0500,=1046.2200,=3022957498414.6396,=1422769688301,=915675930895.2400,=5.5258,=0.1130,=9.2381,=6.9769,=5.8134
2023-03-21,=1030.1900,=1042.3100,=3013293320928.0293,=1420330776134,=911769002724.8101,=5.5285,=0.1132,=9.2381,=6.9779,=5.8155
2023-03-20,=1025.3200,=1037.3900,=2986466863718.9795,=1415308821935,=907388052332.8600,=5.4356,=0.0761,=9.2381,=6.9789,=5.8175
2023-03-17,=1015.7600,=1027.7200,=2968981379425.3389,=1405928099110,=899440250139.0701,=5.4240,=0.0731,=9.2381,=6.9854,=5.8190
2023-03-16,=992.4400,=1004.1200,=2903273586058.3398,=1369669421361,=878003364650.3998,=5.4527,=0.0779,=9.2421,=6.9918,=5.8190
2023-03-15,=1007.3000,=1019.1600,=2949944948117.2705,=1387060391349,=889900778418.7301,=5.6120,=0.1310,=9.2421,=6.9945,=5.8204
2023-03-14,=1013.3900,=1025.3200,=2963225480120.9014,=1398242481469,=895805464115.4999,=5.8998,=0.2391,=9.2421,=6.9972,=5.8256
2023-03-13,=998.9100,=1010.6700,=2911978317703.3203,=1381434863953,=882414106842.0201,=5.9415,=0.2582,=9.2421,=7.0035,=5.8256
2023-03-10,=993.5500,=1005.2500,=2796278378483.7788,=1395981055093,=879199904164.9301,=5.8621,=0.2210,=9.2421,=7.0098,=5.8256
2023-03-09,=998.3000,=1010.0600,=2810287614024.8501,=1404398117096,=883426625114.6200,=5.7697,=0.1758,=9.3087,=7.0103,=5.8204
2023-03-08,=994.8900,=1006.6000,=2800033431214.7300,=1399397375591,=880321373265.6000,=5.6105,=0.1305,=9.3087,=7.0109,=5.8256
2023-03-07,=990.5800,=1002.2400,=2786725805228.2192,=1390178906853,=876106223604.7501,=5.6420,=0.1417,=9.3087,=7.0240,=5.8258
2023-03-06,=1007.6300,=1019.5000,=2843030857814.0801,=1416061124040,=891385969584.8300,=5.7967,=0.1798,=9.3087,=7.0371,=5.8262
2023-03-03,=998.9000,=1010.6600,=2811767099767.3696,=1404213506562,=883492731779.2900,=5.7231,=0.1643,=9.3087,=7.0464,=5.8265
2023-03-02,=988.8900,=1000.5400,=2784402163340.2798,=1392022133148,=875023234464.3401,=5.7281,=0.1646,=9.3680,=7.0558,=5.8265
2023-03-01,=994.6300,=1006.3400,=2807874619633.0996,=1396203238047,=879803355124.0199,=5.8155,=0.1870,=9.3680,=7.0608,=5.8300
2023-02-28,=990.4700,=1002.1300,=2798698769926.3501,=1387630569024,=875920101075.5099,=5.8718,=0.2143,=9.3680,=7.0659,=5.8310
2023-02-27,=986.2800,=997.8900,=2786055505347.7500,=1382381771590,=871854920678.5099,=5.9342,=0.2448,=9.3680,=7.0677,=5.8310
2023-02-24,=990.6300,=1002.2900,=2798820113953.0298,=1339758383606,=872346522419.5200,=5.8351,=0.2022,=9.3680,=7.0695,=5.8310
2023-02-23,=992.4600,=1004.1500,=2802783290038.6489,=1342491992823,=873892561242.9900,=5.8300,=0.1994,=9.4000,=7.0738,=5.8300
2023-02-22,=989.6500,=1001.3000,=2795203850321.3599,=1341351521593,=871660240711.2799,=5.7555,=0.1693,=9.4000,=7.0781,=5.8310
2023-02-21,=995.7300,=1007.4500,=2809446984428.3389,=1346110025949,=877055873384.3900,=5.8845,=0.2208,=9.4000,=7.0873,=5.8356
2023-02-20,=998.8300,=1010.5900,=2819286777803.3599,=1350208755561,=879780301828.4601,=5.8460,=0.2035,=9.4000,=7.0965,=5.8356
2023-02-17,=986.3300,=997.9500,=2787241831821.5508,=1334392055618,=868678669320.9198,=5.6632,=0.1477,=9.4000,=7.0972,=5.8356
2023-02-16,=1005.1800,=1017.0100,=2841769807458.7202,=1363108926608,=885640514565.6598,=5.8190,=0.1881,=9.4027,=7.0978,=5.8356
2023-02-15,=1024.2200,=1036.2700,=2898680699608.2202,=1387367953027,=902538815159.5798,=5.8111,=0.1836,=9.4027,=7.1051,=5.8365
2023-02-14,=1022.6700,=1034.7100,=2890179236283.9502,=1381811929961,=901206642674.4600,=5.8771,=0.2097,=9.4027,=7.1124,=5.8496
2023-02-13,=1024.0400,=1036.0900,=2893827654236.6299,=1382106799462,=902402564342.8400,=5.8837,=0.2100,=9.4027,=7.1230,=5.8496
2023-02-10,=1024.5400,=1036.6000,=2890585276370.0195,=1381311001507,=902730521541.4399,=5.8496,=0.2006,=9.4027,=7.1336,=5.8496
2023-02-09,=1036.8600,=1049.0700,=2923623501277.4497,=1402155974575,=914038787201.8400,=5.9191,=0.2237,=9.4084,=7.1362,=5.8365
2023-02-08,=1010.6900,=1022.5900,=2848836842173.3799,=1367676824931,=890867670562.3400,=5.7800,=0.1753,=9.4084,=7.1389,=5.8365
2023-02-07,=1020.1700,=1032.1800,=2874481414458.0098,=1378978782307,=899185071313.6400,=5.8842,=0.2081,=9.4084,=7.1392,=5.8584
2023-02-06,=1024.4300,=1036.4900,=2888847545163.0195,=1386406180851,=903242022016.5104,=5.8844,=0.2085,=9.4084,=7.1395,=5.8584
2023-02-03,=1033.8700,=1046.0400,=2911345421737.6992,=1397934023292,=911782994512.1400,=5.9619,=0.2333,=9.4084,=7.1430,=5.8584
2023-02-02,=1031.6800,=1043.8200,=2904010189659.2705,=1390867123876,=909611916136.8000,=5.9915,=0.2386,=9.4159,=7.1465,=5.8365
2023-02-01,=1026.4000,=1038.4800,=2890051291960.2598,=1379502979642,=904623346600.1398,=6.1009,=0.2750,=9.4159,=7.1526,=5.8365
2023-01-31,=1014.3600,=1026.3000,=2847514903743.6411,=1362277080673,=893313385923.0599,=6.0099,=0.2426,=9.4159,=7.1586,=5.8365
2023-01-30,=1031.6100,=1043.7500,=2891384673133.5205,=1389141840928,=908620255551.4900,=6.1260,=0.2824,=9.4159,=7.1627,=5.8365
2023-01-20,=1029.1400,=1041.2500,=2892057037092.9189,=1330609862699,=906033782201.5900,=6.0982,=0.2714,=9.4159,=7.1668,=5.8365
2023-01-19,=1023.6500,=1035.7000,=2880308988609.6997,=1324464081088,=900957808394.1700,=6.0293,=0.2554,=9.4611,=7.1753,=5.8356
2023-01-18,=1006.7500,=1018.6000,=2832946663958.2603,=1299752919971,=885946579302.1201,=5.9201,=0.2228,=9.4611,=7.1839,=5.8356
2023-01-17,=1003.6800,=1015.4900,=2830687924111.7905,=1295900576552,=882929719207.5101,=5.9323,=0.2264,=9.4611,=7.1919,=5.8356
2023-01-16,=992.6100,=1004.3000,=2807554607072.4995,=1281497189556,=873723977725.1302,=5.8258,=0.1937,=9.4611,=7.2000,=5.8356
2023-01-13,=974.3100,=985.7800,=2752696183980.4702,=1242144393353,=857371199041.3101,=5.6803,=0.1559,=9.4611,=7.2037,=5.8365
2023-01-12,=974.1900,=985.6600,=2746485683984.7900,=1241716340630,=857148566638.0099,=5.6640,=0.1528,=9.4637,=7.2073,=5.8365
2023-01-11,=973.9600,=985.4300,=2751430849216.7100,=1233431890712,=856937676225.6100,=5.6842,=0.1564,=9.4637,=7.2083,=5.8584
2023-01-10,=990.3200,=1001.9700,=2800243586900.9199,=1253343936792,=871405683114.3097,=5.8262,=0.1900,=9.4637,=7.2093,=5.8603
2023-01-09,=988.6700,=1000.3100,=2791710283398.4102,=1251852117994,=869945361160.5999,=5.8014,=0.1786,=9.4637,=7.2104,=5.8636
2023-01-06,=991.1000,=1002.7600,=2795819946188.9897,=1255879454612,=872260809704.5901,=5.8310,=0.1906,=9.4637,=7.2116,=5.8732
2023-01-05,=983.5200,=995.1000,=2771170948080.5498,=1249038308687,=865682958653.3701,=5.7028,=0.1591,=9.4817,=7.2149,=5.8732
2023-01-04,=972.3800,=983.8300,=2746066254542.7197,=1237545128399,=856074882963.2102,=5.6563,=0.1527,=9.4817,=7.2182,=5.8749
2023-01-03,=979.9100,=991.4500,=2765266168388.8296,=1246014770552,=862444575423.5302,=5.7413,=0.1664,=9.4817,=7.2204,=5.8914
2022-12-30,=959.9000,=971.2100,=2710094098338.2700,=1218216970001,=844466551690.5801,=5.5010,=0.1044,=9.4817,=7.2226,=5.8941
2022-12-29,=962.2500,=973.5800,=2714309223444.9199,=1221238063048,=846782055222.9103,=5.5578,=0.1265,=9.4817,=7.2436,=5.9071
2022-12-28,=957.2700,=968.5400,=2702501838081.0811,=1212919849004,=842450401577.9398,=5.5225,=0.1098,=9.4928,=7.2646,=5.9071
2022-12-27,=963.1400,=974.4700,=2721451667616.2505,=1220432981236,=847904779799.5800,=5.4603,=0.0880,=9.4928,=7.2885,=5.9096
2022-12-26,=951.1100,=962.3100,=2694658837492.2305,=1203298047711,=837461249157.2699,=5.3635,=0.0729,=9.4928,=7.3123,=5.9102
2022-12-23,=920.3500,=931.1900,=2609310922413.4297,=1166772301361,=810769597568.5000,=5.1851,=0.0458,=9.4928,=7.3159,=5.9166
2022-12-22,=930.8000,=941.7600,=2629960939693.9492,=1177278899440,=819385415890.2201,=5.2068,=0.0459,=9.4928,=7.3194,=5.9173
2022-12-21,=940.8400,=951.9100,=2661178013818.8096,=1189902563434,=828487954797.1702,=5.2176,=0.0477,=9.4963,=7.3242,=5.9173
2022-12-20,=952.7700,=963.9800,=2696457925863.1294,=1204159635258,=838853732764.7601,=5.3610,=0.0666,=9.4963,=7.3289,=5.9261
2022-12-19,=956.1900,=967.4400,=2701383616776.2905,=1197225005664,=842411035977.7999,=5.3104,=0.0513,=9.4963,=7.3345,=5.9271
2022-12-16,=978.3600,=989.8800,=2765141199794.9297,=1225326616602,=861798386245.1001,=5.7182,=0.1473,=9.4963,=7.3401,=5.9408
2022-12-15,=989.2000,=1000.8400,=2791935233900.1299,=1238141568105,=871774570390.6398,=5.8603,=0.1767,=9.4963,=7.3401,=5.9454
2022-12-14,=984.2200,=995.8100,=2779827603475.4404,=1231822226609,=867270739970.9102,=5.8256,=0.1684,=9.5085,=7.3401,=5.9454
2022-12-13,=989.3100,=1000.9500,=2785257496399.3701,=1239522072779,=871330656088.7798,=5.8365,=0.1721,=9.5085,=7.3460,=5.9567
2022-12-12,=1004.6200,=1016.4500,=2828661689170.1699,=1256140236913,=884928039283.3098,=5.9166,=0.1879,=9.5085,=7.3519,=5.9614
2022-12-09,=1001.6900,=1013.4800,=2547440702385.8506,=1282745656939,=895583070055.0900,=5.5160,=0.0984,=9.5085,=7.3658,=5.9742
2022-12-08,=997.3100,=1009.0600,=2542547388836.1396,=1278004803361,=892906454689.7698,=5.5108,=0.0969,=9.5085,=7.3798,=5.9806
2022-12-07,=1000.4700,=1012.2500,=2544193722569.1802,=1279988304473,=894738332258.8701,=5.4928,=0.0901,=9.5219,=7.3842,=5.9806
2022-12-06,=1003.1400,=1014.9500,=2555734167931.5991,=1284154958137,=896559609064.6700,=5.4143,=0.0677,=9.5219,=7.3885,=5.9900
2022-12-05,=1003.6000,=1015.4100,=2556142096931.4800,=1282295578029,=895308298545.5502,=5.5240,=0.0957,=9.5219,=7.3891,=6.0022
2022-12-02,=1008.1400,=1020.0100,=2557842504736.8003,=1282629935505,=898305796698.9700,=5.5252,=0.0958,=9.5219,=7.3897,=6.0075
2022-12-01,=1009.3300,=1021.2100,=2552879264607.4199,=1288955763026,=899738042218.6600,=5.5230,=0.0942,=9.5219,=7.3915,=6.0103
2022-11-30,=1000.2600,=1012.0400,=2533928262764.1401,=1275633957403,=891911787936.9401,=5.5719,=0.1049,=9.5238,=7.3933,=6.0103
2022-11-29,=1002.4500,=1014.2500,=2547230799083.8188,=1277867570812,=893954638192.8497,=5.6225,=0.1208,=9.5238,=7.3965,=6.0105
2022-11-28,=992.8100,=1004.5000,=2515047171626.0898,=1263243490203,=885431075542.9598,=5.5367,=0.0965,=9.5238,=7.3996,=6.0128
2022-11-25,=999.9900,=1011.7600,=2531179330991.9902,=1271167374128,=890730318441.7500,=5.5567,=0.1019,=9.5238,=7.4086,=6.0276
2022-11-24,=1015.3600,=1027.3100,=2570507495296.1401,=1289792924729,=904485294068.8800,=5.4999,=0.0915,=9.5238,=7.4176,=6.0276
2022-11-23,=1017.0200,=1028.9900,=2574754231785.5298,=1292814811482,=905562004289.8904,=5.4889,=0.0864,=9.5239,=7.4482,=6.0276
2022-11-22,=1017.8200,=1029.8000,=2577551861562.0405,=1295518608806,=906263500812.8500,=5.5493,=0.0954,=9.5239,=7.4788,=6.0287
2022-11-21,=1032.4700,=1044.6300,=2616313404362.1812,=1312886644338,=918783499199.8600,=5.8018,=0.1398,=9.5239,=7.4950,=6.0289
2022-11-18,=1031.9900,=1044.1400,=2616146977153.5000,=1311971391158,=918592986569.6400,=5.6992,=0.1223,=9.5239,=7.5113,=6.0605
2022-11-17,=1041.6700,=1053.9400,=2638721843616.5493,=1255961970027,=928245217905.4301,=5.7327,=0.1279,=9.5239,=7.5139,=6.0639
2022-11-16,=1036.4900,=1048.6900,=2626077489192.8101,=1248244226475,=922281566916.2296,=5.8636,=0.1495,=9.5353,=7.5166,=6.0639
2022-11-15,=1052.0400,=1064.4300,=2665228772855.9990,=1268294598071,=937240720837.3199,=5.9071,=0.1569,=9.5353,=7.5212,=6.0674
2022-11-14,=1022.9100,=1034.9600,=2594329399248.8203,=1220511728532,=910007633386.7900,=5.7722,=0.1304,=9.5353,=7.5258,=6.0721
2022-11-11,=1023.2600,=1035.3100,=2591826873473.4600,=1218709335807,=910082363753.9200,=5.5462,=0.0948,=9.5353,=7.5299,=6.0743
2022-11-10,=1023.0600,=1035.1100,=2590730451906.2402,=1214519560622,=905478730320.2600,=5.7113,=0.1237,=9.5353,=7.5339,=6.0767
2022-11-09,=1037.5300,=1049.7400,=2626773206212.9199,=1231685097422,=918386587885.9800,=5.7943,=0.1293,=9.5848,=7.5369,=6.0767
2022-11-08,=1051.7100,=1064.0900,=2664115966204.5098,=1246724497836,=930389879389.1899,=5.9096,=0.1511,=9.5848,=7.5399,=6.0837
2022-11-07,=1061.3500,=1073.8500,=2686375174224.3789,=1257290392030,=938638167616.4098,=6.0276,=0.1802,=9.5848,=7.5482,=6.0888
2022-11-04,=1072.8700,=1085.5000,=2705929787082.4600,=1256854664212,=948231844794.6000,=6.1629,=0.2184,=9.5848,=7.5566,=6.0933
2022-11-03,=1048.0700,=1060.4100,=2647523678163.5200,=1231757218899,=927642060965.8199,=5.8914,=0.1483,=9.5848,=7.5609,=6.0933
2022-11-02,=1037.1800,=1049.3900,=2622002903609.2603,=1215566541526,=916478079748.8398,=5.8134,=0.1341,=9.6044,=7.5652,=6.0933
2022-11-01,=1024.5200,=1036.5800,=2584432515029.9189,=1200632252066,=904869892034.3000,=5.7187,=0.1252,=9.6044,=7.5881,=6.1007
2022-10-31,=1010.3300,=1022.2200,=2543724107228.9297,=1183977151599,=892559298733.2700,=5.8050,=0.1309,=9.6044,=7.6110,=6.1051
2022-10-28,=993.7200,=1005.4200,=2514453417968.8599,=1161092839090,=851249997269.1910,=5.4945,=0.0911,=9.6044,=7.6135,=6.1082
2022-10-27,=1004.9100,=1016.7400,=2539447962302.1611,=1173342024606,=835211284135.5704,=5.5288,=0.0931,=9.6044,=7.6160,=6.1097
2022-10-26,=1003.2500,=1015.0700,=2528330125328.7100,=1173518288089,=834533941228.6002,=5.5837,=0.0951,=9.6059,=7.6325,=6.1097
2022-10-25,=971.3300,=982.7700,=2445500146741.3408,=1137405466739,=805978123583.1172,=5.2166,=0.0495,=9.6059,=7.6490,=6.1183
2022-10-24,=969.4900,=980.9100,=2438587774097.8501,=1128311632327,=804655502814.4169,=5.4907,=0.0881,=9.6059,=7.6527,=6.1242
2022-10-21,=967.9800,=979.3800,=2448397658513.8101,=1127993918581,=794136269135.0923,=5.4558,=0.0772,=9.6059,=7.6563,=6.1314
2022-10-20,=963.9500,=975.3000,=2436317872871.9902,=1124574907246,=789981751916.8730,=5.4670,=0.0810,=9.6059,=7.6776,=6.1397
2022-10-19,=949.5000,=960.6800,=2404961397076.1904,=1105730241195,=778813619119.0433,=5.4186,=0.0701,=9.6146,=7.6990,=6.1397
2022-10-18,=960,=971.3000,=2430427387928.2598,=1116735171452,=787135746358.1646,=5.6503,=0.1054,=9.6146,=7.7001,=6.1614
2022-10-17,=963.2200,=974.5600,=2433515682914.0898,=1119125787790,=789175410202.8882,=5.5097,=0.0833,=9.6146,=7.7011,=6.1681
2022-10-14,=954.9200,=966.1700,=2425571003654.7803,=1095296385029,=772925125807.2847,=5.4834,=0.0798,=9.6146,=7.7054,=6.1684
2022-10-13,=926.5200,=937.4300,=2340276811542.6001,=1056990062104,=750338578442.0802,=4.9756,=0.0316,=9.6146,=7.7097,=6.1718
2022-10-12,=924.9100,=935.8000,=2339016901512.7295,=1053472438774,=748002224119.6761,=4.9320,=0.0223,=9.6268,=7.7162,=6.1718
2022-10-11,=892.7400,=903.2500,=2264363804043.8296,=1018315990536,=722765981769.3461,=4.9541,=0.0280,=9.6268,=7.7228,=6.1814
2022-10-10,=897.3400,=907.9000,=2279439639798.6201,=1024013201255,=726118094755.1685,=5.0890,=0.0355,=9.6268,=7.7228,=6.2100
2022-09-30,=939.3800,=950.4400,=2377414577338.5903,=1077423712097,=759692186687.9023,=5.3113,=0.0468,=9.6268,=7.7229,=6.2319
2022-09-29,=961.4700,=972.7900,=2430810505896.5303,=1075533766199,=777740118392.5562,=5.3258,=0.0507,=9.6268,=7.7243,=6.2497
2022-09-28,=956.1900,=967.4400,=2417561387062.8804,=1068442903075,=773522932031.9240,=5.0488,=0.0320,=9.6280,=7.7257,=6.2497
2022-09-27,=976.4500,=987.9400,=2466103483907.5200,=1090457363402,=789681916963.2544,=5.1495,=0.0358,=9.6280,=7.7377,=6.2513
2022-09-26,=961.8300,=973.1500,=2425815826453.9702,=1072301700114,=777776677104.7416,=4.8331,=0.0132,=9.6280,=7.7497,=6.2560
2022-09-23,=960.9400,=972.2500,=2433181754070.7100,=1064280244109,=776883787349.0295,=4.9015,=0.0170,=9.6280,=7.7509,=6.2650
2022-09-22,=975.8700,=987.3600,=2466938795972.3901,=1083674450681,=789109347672.9192,=5.0557,=0.0284,=9.6280,=7.7521,=6.2686
2022-09-21,=970.3900,=981.8200,=2455573852028.7305,=1078568172502,=784708757368.7764,=5.1361,=0.0285,=9.6331,=7.7588,=6.2686
2022-09-20,=985.1500,=996.7500,=2488228368644.7397,=1095363499196,=796534122199.1760,=5.2821,=0.0342,=9.6331,=7.7655,=6.3009
2022-09-19,=975.5500,=987.0300,=2458784186157.3809,=1087358125089,=789093295354.7089,=5.3574,=0.0438,=9.6331,=7.7755,=6.3163
2022-09-16,=998.5200,=1010.2700,=2514999590211.8701,=1112811868182,=807680109906.0010,=5.5857,=0.0592,=9.6331,=7.7855,=6.3180
2022-09-15,=1000.0800,=1011.8500,=2525025641495.1504,=1114700825067,=808577133729.7231,=5.7034,=0.0803,=9.6331,=7.7933,=6.3276
2022-09-14,=1031.3000,=1043.4500,=2597854281298.6001,=1147827555804,=833607167030.7646,=5.6672,=0.0766,=9.6363,=7.8012,=6.3276
2022-09-13,=1031.1700,=1043.3100,=2601392284159.5098,=1146821159343,=833651028394.3473,=5.6253,=0.0729,=9.6363,=7.8016,=6.3358
2022-09-09,=1033.7800,=1045.9500,=2502166594088.1001,=1143161652778,=829011627398.5555,=5.3533,=0.0423,=9.6363,=7.8020,=6.3358
2022-09-08,=1040.7700,=1053.0300,=2513496603701.2192,=1150311601087,=834720833658.0336,=5.4397,=0.0482,=9.6363,=7.8028,=6.3389
2022-09-07,=1049.5800,=1061.9400,=2538099344757.8701,=1159341219392,=841810584941.2349,=5.6121,=0.0618,=9.6363,=7.8036,=6.3504
2022-09-06,=1035.7800,=1047.9800,=2510436232182.2402,=1141263026495,=831021765071.7922,=5.4389,=0.0464,=9.6444,=7.8094,=6.3504
2022-09-05,=1024.3900,=1036.4500,=2474809702925.5698,=1130318084050,=821616605089.6046,=5.6318,=0.0659,=9.6444,=7.8152,=6.3625
2022-09-02,=1030.1200,=1042.2500,=2487497610237.2397,=1131192702562,=825225177378.8448,=5.8584,=0.0816,=9.6444,=7.8202,=6.3704
2022-09-01,=1025.6600,=1037.7300,=2479462794591.9404,=1125590361903,=822289248941.8237,=5.5878,=0.0545,=9.6444,=7.8252,=6.3781
2022-08-31,=1029.6600,=1041.7800,=2484667929085.0298,=1129139309083,=825470167214.0229,=5.5931,=0.0546,=9.6444,=7.8273,=6.3871
2022-08-30,=1050.2800,=1062.6500,=2536171831527.3604,=1149342090742,=839945047975.0762,=5.8204,=0.0723,=9.6485,=7.8295,=6.3871
2022-08-29,=1054.2800,=1066.7000,=2544921097883.1401,=1154010982435,=843192420344.0885,=5.9102,=0.0822,=9.6485,=7.8309,=6.3874
2022-08-26,=1045.9900,=1058.3100,=2514793515916.7603,=1144212427346,=835179026614.4409,=6.0075,=0.1039,=9.6485,=7.8324,=6.3974
2022-08-25,=1055.8900,=1068.3200,=2533113923781.9399,=1156732777754,=833847813942.2605,=6.1684,=0.1532,=9.6485,=7.8385,=6.4064
2022-08-24,=1068.9800,=1081.5700,=2565689918875.5996,=1169111735006,=844489603494.0752,=6.2100,=0.1575,=9.6485,=7.8446,=6.4098
2022-08-23,=1107.3000,=1120.3400,=2651909437699.6211,=1212414126817,=874895418534.9044,=6.4064,=0.1972,=9.6749,=7.8453,=6.4098
2022-08-22,=1107.2800,=1120.2500,=2653488207106.0405,=1215891329454,=873985402911.3715,=6.5306,=0.2391,=9.6749,=7.8460,=6.4186
2022-08-19,=1108.4500,=1121.4300,=2661081816057.1699,=1214025426289,=874025241315.8333,=6.7522,=0.3069,=9.6749,=7.8473,=6.4186
2022-08-18,=1146.6300,=1160.0600,=2745467296365.4502,=1256078221009,=904931959571.1855,=6.8281,=0.3313,=9.6749,=7.8486,=6.4186
2022-08-17,=1132.3100,=1145.5100,=2713467921743.5303,=1228607975970,=889778744000.2413,=6.8244,=0.3300,=9.6749,=7.8510,=6.4186
2022-08-16,=1137.3000,=1150.5600,=2720652559978.2197,=1234396713638,=892827837845.0703,=6.7171,=0.3028,=9.6840,=7.8533,=6.4098
2022-08-15,=1143.7500,=1157.0800,=2729177091602.6812,=1242300088240,=897344990653.6931,=6.6781,=0.2894,=9.6840,=7.8567,=6.4098
2022-08-12,=1146.1900,=1159.5600,=2728590639838.2100,=1240695935325,=894220157143.5688,=6.6917,=0.2940,=9.6840,=7.8600,=6.4098
2022-08-11,=1173.1400,=1186.8200,=2793744370652.7900,=1272226004662,=916010790209.6696,=6.7837,=0.3086,=9.6840,=7.8656,=6.4098
2022-08-10,=1156.1600,=1169.6400,=2747577447495.3701,=1242631647362,=901943712170.2428,=6.5100,=0.2369,=9.6840,=7.8711,=6.4098
2022-08-09,=1162.3200,=1175.8700,=2762739426468.4395,=1248784693500,=907027502385.2860,=6.4451,=0.2093,=9.6872,=7.8715,=6.3974
2022-08-08,=1152.5800,=1166.0200,=2731588288593.6201,=1240352253912,=900071381522.7145,=6.3504,=0.1875,=9.6872,=7.8719,=6.3974
2022-08-05,=1157.3300,=1170.8300,=2748224941942.1704,=1196451619654,=903099952473.3414,=6.4573,=0.2121,=9.6872,=7.8723,=6.4098
2022-08-04,=1110.9200,=1123.7100,=2636835311913.5396,=1148428511581,=867068358127.6445,=6.0933,=0.1356,=9.6872,=7.8728,=6.4098
2022-08-03,=1100.3500,=1113.0100,=2614395292176.1499,=1136628408702,=858984107146.4122,=6.0674,=0.1237,=9.6872,=7.8732,=6.4186
2022-08-02,=1094.9100,=1107.5200,=2598196332671.3198,=1130829509688,=854378270072.5283,=5.9742,=0.0996,=9.6905,=7.8737,=6.4186
2022-08-01,=1100.1800,=1112.8500,=2622565723407.0293,=1135867182260,=858944446974.1066,=6.0639,=0.1202,=9.6905,=7.8788,=6.4191
2022-07-29,=1088.9100,=1101.4500,=2601382972973.7603,=1123351723749,=849866835925.5997,=6.0287,=0.1143,=9.6905,=7.8838,=6.4273
2022-07-28,=1108.7900,=1121.5500,=2644461994981.0908,=1143722287736,=865779810324.9150,=6.1183,=0.1370,=9.6905,=7.8845,=6.4473
2022-07-27,=1095.7000,=1107.9700,=2615052661110.0903,=1129577941073,=855905432944.4158,=5.9261,=0.0881,=9.6905,=7.8851,=6.4494
2022-07-26,=1084.6600,=1096.8100,=2581579669416.0293,=1118613709654,=847329150262.8198,=5.9454,=0.0924,=9.6908,=7.9024,=6.4494
2022-07-25,=1073.7600,=1085.7900,=2557757197036.6802,=1106357649124,=839380567801.1854,=5.8941,=0.0844,=9.6908,=7.9197,=6.4590
2022-07-22,=1084.9700,=1097.1300,=2593713351365.5298,=1116021998821,=848550760846.0277,=5.9614,=0.0928,=9.6908,=7.9198,=6.4626
2022-07-21,=1091.4100,=1103.5400,=2610242545772.2695,=1007956274978,=854051522948.3180,=6.1082,=0.1260,=9.6908,=7.9198,=6.4655
2022-07-20,=1079.5300,=1091.5300,=2586081798446.2397,=997973608164,=844772705392.8816,=5.9806,=0.0932,=9.6908,=7.9240,=6.4759
2022-07-19,=1061.8500,=1073.5900,=2530953260652.3701,=981416872649,=831201570110.8739,=6.0289,=0.1058,=9.6942,=7.9281,=6.4759
2022-07-18,=1069.3300,=1080.6100,=2550419580765.7900,=988119698720,=836593143133.7125,=5.9567,=0.0915,=9.6942,=7.9302,=6.4837
2022-07-15,=1072.2600,=1083.5700,=2552955112349.1201,=987570634992,=839388530172.2125,=6.0022,=0.0938,=9.6942,=7.9323,=6.4874
2022-07-14,=1076.8100,=1088.1600,=2569428228659.4702,=992086295760,=842692715125.4254,=6.0743,=0.1065,=9.6942,=7.9335,=6.4878
2022-07-13,=1052.7900,=1063.8900,=2521736740593.8604,=970025463862,=823948360032.2761,=6.0276,=0.1004,=9.6942,=7.9347,=6.4903
2022-07-12,=1049.2400,=1060.3100,=2516302033991.2500,=965765569537,=821029383045.5641,=5.8749,=0.0839,=9.6966,=7.9399,=6.4903
2022-07-11,=1081.1600,=1092.5600,=2586685924597.1499,=992597636814,=846534377249.1475,=6.0767,=0.1029,=9.6966,=7.9452,=6.4968
2022-07-08,=1104.0200,=1115.6600,=2638856847960.8901,=1012603752409,=864612658198.0779,=6.1314,=0.1158,=9.6966,=7.9505,=6.5037
2022-07-07,=1111.6700,=1123.3100,=2650752949136.2495,=1019869186161,=870965035668.2828,=6.2650,=0.1350,=9.6966,=7.9558,=6.5111
2022-07-06,=1101.7500,=1113.2800,=2636678868194.1401,=1010539172475,=862990793863.8739,=6.3009,=0.1374,=9.6966,=7.9682,=6.5127
2022-07-05,=1090.9300,=1102.3500,=2630259050994.9199,=1002499426332,=855834738008.8295,=6.2497,=0.1292,=9.6978,=7.9807,=6.5127
2022-07-04,=1095.0900,=1106.5400,=2640905031034.7002,=1007878253951,=859326179555.2888,=6.3358,=0.1423,=9.6978,=7.9809,=6.5314
2022-07-01,=1089.0300,=1100.4100,=2620611563214.6597,=1002506132422,=854365479394.5780,=6.2686,=0.1340,=9.6978,=7.9812,=6.5551
2022-06-30,=1105.6700,=1117.2300,=2657588328281.4800,=1017419653705,=866923827673.3500,=6.5127,=0.1940,=9.6978,=7.9817,=6.5722
2022-06-29,=1090.6800,=1102.0900,=2616357779863.4800,=1002486852740,=854205980753.4575,=6.3358,=0.1410,=9.6978,=7.9822,=6.5843
2022-06-28,=1117.2800,=1128.9600,=2678851904655.7896,=1025758247447,=875243179744.4058,=6.6465,=0.2313,=9.7033,=7.9876,=6.5843
2022-06-27,=1103.4000,=1114.9000,=2638040224577.0400,=1014003369184,=865257978153.0271,=6.4903,=0.1845,=9.7033,=7.9929,=6.5843
2022-06-24,=1101.4800,=1112.9600,=2641188395106.6797,=1006154654488,=863299196544.4895,=6.4968,=0.1849,=9.7033,=7.9934,=6.5933
2022-06-23,=1081.8400,=1093.0100,=2600500036716.1304,=987727635213,=848094928066.8396,=6.4098,=0.1573,=9.7033,=7.9939,=6.6045
2022-06-22,=1063.6900,=1074.2300,=2560634048175.1201,=962801384126,=833878138706.1946,=6.3389,=0.1425,=9.7033,=7.9946,=6.6101
2022-06-21,=1083.0200,=1093.7500,=2602833181768.2412,=980390551498,=848915489779.9194,=6.3874,=0.1515,=9.7174,=7.9953,=6.6101
2022-06-20,=1095.3300,=1106.0900,=2634487004815.7100,=990999838516,=858863367799.4480,=6.4590,=0.1649,=9.7174,=8.0002,=6.6157
2022-06-17,=1092.0900,=1102.7200,=2626541511632.0811,=987946881483,=856456016071.6747,=6.1007,=0.1109,=9.7174,=8.0052,=6.6265
2022-06-16,=1078.9500,=1089.4500,=2599220173183.4189,=976506883016,=845736749323.2626,=6.1681,=0.1220,=9.7174,=8.0066,=6.6273
2022-06-15,=1062.7100,=1073.0200,=2564359137999.4502,=961598464459,=832966853126.6001,=5.8013,=0.0764,=9.7174,=8.0079,=6.6279
2022-06-14,=1070.5400,=1080.9200,=2589571794376.5303,=968279264090,=838687605090.2175,=6.0103,=0.0941,=9.7207,=8.0113,=6.6279
2022-06-13,=1088.3800,=1098.8100,=2629342957912.6704,=985042794946,=852695579103.2848,=6.0888,=0.1053,=9.7207,=8.0147,=6.6301
2022-06-10,=1102.8500,=1113.3000,=2349988361715.9502,=983728570752,=845304780183.8829,=5.9173,=0.0857,=9.7207,=8.0226,=6.6311
2022-06-09,=1081.1700,=1091.3200,=2305516021926.9600,=966543153597,=830036955305.4952,=5.8265,=0.0793,=9.7207,=8.0306,=6.6321
2022-06-08,=1111.6700,=1121.8200,=2363609751134.9097,=991819130075,=852318483860.7762,=5.9900,=0.0883,=9.7207,=8.0313,=6.6334
2022-06-07,=1111.4000,=1121.4800,=2362664378574.0698,=991220366312,=851398552331.4651,=6.0128,=0.0907,=9.7433,=8.0320,=6.6334
2022-06-06,=1121.5400,=1131.7100,=2379527086218.8101,=1000760212509,=858872746592.1276,=6.1051,=0.0976,=9.7433,=8.0327,=6.6348
2022-06-02,=1079.8500,=1089.6500,=2292949887519.7100,=962382555546,=827096693896.5106,=5.8356,=0.0800,=9.7433,=8.0335,=6.6357
2022-06-01,=1031.5800,=1040.9100,=2196688839120.8804,=919192170813,=789564128354.0320,=5.6040,=0.0624,=9.7433,=8.0363,=6.6383
2022-05-31,=1035.3200,=1044.6100,=2200585121376.2197,=921259840627,=790981122520.7517,=5.6130,=0.0647,=9.7433,=8.0392,=6.6478
2022-05-30,=1001.5400,=1010.5300,=2129364142856.8501,=889820714324,=764443902067.6945,=5.4339,=0.0515,=9.7443,=8.0421,=6.6478
2022-05-27,=993.7000,=1002.6200,=2111226377193.1790,=871823166635,=756126887648.4611,=5.3241,=0.0404,=9.7443,=8.0450,=6.6575
2022-05-26,=1004.2600,=1013.1800,=2128776281461.5701,=883580927158,=765077458114.0754,=5.2264,=0.0382,=9.7443,=8.0483,=6.6616
2022-05-25,=1006.5200,=1015.1000,=2134729106963.4905,=885274792308,=766366056161.3400,=5.3254,=0.0383,=9.7443,=8.0516,=6.6758
2022-05-24,=996.6500,=1005.1400,=2110547500642.4399,=875610011516,=758416167922.0599,=5.3470,=0.0406,=9.7443,=8.0529,=6.6776
2022-05-23,=1046.1500,=1054.7500,=2212788203211.2100,=918354785145,=795333431264.6296,=5.4843,=0.0475,=9.7585,=8.0542,=6.6776
2022-05-20,=1045.3800,=1053.9800,=2207566753253.1597,=917330469873,=794425122708.1101,=5.3285,=0.0385,=9.7585,=8.0593,=6.6810
2022-05-19,=1036.3400,=1044.8700,=2178197381643.8301,=908798345104,=786740615188.8900,=5.1499,=0.0364,=9.7585,=8.0644,=6.6810
2022-05-18,=1014,=1022.3400,=2130658466067.1399,=888744241130,=769877116232,=5.0239,=0.0319,=9.7585,=8.0647,=6.7035
2022-05-17,=1010.3700,=1018.6800,=2123346448658.6499,=881291684173,=765022823977.7799,=4.9992,=0.0297,=9.7585,=8.0651,=6.7158
2022-05-16,=996.5100,=1004.7100,=2096226887553.7400,=867931409585,=753626903982.4099,=4.8936,=0.0183,=9.7667,=8.0656,=6.7158
2022-05-13,=1010.8000,=1019.0500,=2123554547461.3999,=880780504489,=763909552416.6998,=4.9344,=0.0206,=9.7667,=8.0662,=6.7169
2022-05-12,=1013.0600,=1021.3300,=2134432514525.6201,=882766510171,=765812894471.6798,=4.9475,=0.0230,=9.7667,=8.0712,=6.7218
2022-05-11,=1002.4600,=1010.5900,=2108613263980.7903,=873990912503,=758029923462.8201,=4.9163,=0.0184,=9.7667,=8.0762,=6.7285
2022-05-10,=972.1400,=980.0300,=2049763788576.3899,=848019941178,=734945012032.8101,=4.9364,=0.0185,=9.7667,=8.0762,=6.7585
2022-05-09,=946.7200,=954.4100,=1998590777330.2405,=825782429247,=715242203210.6698,=4.8197,=0.0139,=9.7676,=8.0763,=6.7585
2022-05-06,=942.2300,=949.8700,=1994630904158.2410,=823456734968,=713904789097.1501,=4.7923,=0.0116,=9.7676,=8.0772,=6.7780
2022-05-05,=956.1300,=963.7200,=2026179085159.1296,=835077097086,=724141555852.2899,=4.8478,=0.0116,=9.7676,=8.0781,=6.7864
2022-04-29,=947.1500,=954.6400,=2005610912414.4800,=826782385515,=712772870543.6699,=4.7077,=0.0070,=9.7676,=8.0812,=6.7943
2022-04-28,=903.0600,=910.2000,=1915061347147.0500,=787716446192,=667565888324.2802,=4.4042,=0,=9.7676,=8.0842,=6.7990
2022-04-27,=906.4300,=913.6000,=1928450833471.9399,=792347092350,=665996445722.5400,=4.5428,=0,=9.7714,=8.0847,=6.7990
2022-04-26,=868.0700,=874.9300,=1856104383503.0496,=759072923509,=638214769012.8000,=4.5500,=0,=9.7714,=8.0852,=6.8054
2022-04-25,=884.3000,=891.3000,=1886655977841.9199,=772792441719,=637214537243.1001,=4.7630,=0,=9.7714,=8.0899,=6.8068
2022-04-22,=942.0700,=949.5200,=2004301201763.0896,=821737719168,=669288854407.2002,=5.1499,=0,=9.7714,=8.0945,=6.8181
2022-04-21,=957.7200,=965.2900,=2027576668345.8701,=835852589626,=679727572719.7500,=5.3764,=0,=9.7714,=8.0996,=6.8238
2022-04-20,=973.5100,=981.2100,=2063517125662.3799,=848206564732,=690489324300.6500,=5.6193,=0.0095,=9.7818,=8.1047,=6.8238
2022-04-19,=989.9300,=997.7600,=2090934812372.5000,=861509562785,=702039205152.9398,=5.6128,=0.0071,=9.7818,=8.1061,=6.8239
2022-04-18,=1004.6100,=1012.5500,=2118443920313.2896,=875126347626,=712002849881.7001,=5.7727,=0.0119,=9.7818,=8.1075,=6.8472
2022-04-15,=973.3600,=981.0500,=2061930809611.5703,=846999755993,=686714511612.6400,=5.4589,=0,=9.7818,=8.1076,=6.8555
2022-04-14,=975.5700,=983.2800,=2066571168783.6699,=849541675536,=682431253618.7201,=5.5538,=0.0024,=9.7818,=8.1078,=6.8727
2022-04-13,=964.8300,=972.4600,=2036606331691.7800,=837953072904,=673775012855.0699,=5.4623,=0,=9.8013,=8.1086,=6.8727
2022-04-12,=994.4400,=1002.3000,=2092858476504.8904,=863096927209,=694158825399.2499,=5.7614,=0.0024,=9.8013,=8.1095,=6.8806
2022-04-11,=988.7600,=996.5700,=2073280271150.0200,=856554848339,=677040140449.4802,=5.6818,=0,=9.8013,=8.1144,=6.8940
2022-04-08,=1027.2400,=1035.3600,=2159613807345.8303,=888359638158,=703678382865.1299,=6.0105,=0.0097,=9.8013,=8.1193,=6.9069
2022-04-07,=1036.0700,=1044.2600,=2179317736523.5107,=895685985507,=705581590849.2899,=6.0721,=0.0121,=9.8013,=8.1194,=6.9073
2022-04-06,=1058.4900,=1066.8600,=2222650915600.6304,=915592772574,=719160225722.3400,=6.1718,=0.0243,=9.8117,=8.1195,=6.9073
2022-04-01,=1089.1900,=1097.8000,=2275531995175.2603,=941332403931,=740432002378.2598,=6.3163,=0.0341,=9.8117,=8.1202,=6.9113
2022-03-31,=1091.0600,=1099.6800,=2279640710545.8203,=938405321263,=741903500756.2198,=6.3180,=0.0341,=9.8117,=8.1209,=6.9230
2022-03-30,=1112.5200,=1121.3100,=2319335954524.6895,=953536715796,=745911429714.5601,=6.5111,=0.0782,=9.8117,=8.1240,=6.9376
2022-03-29,=1079.9300,=1088.4700,=2259891568753.6304,=927448908558,=723602021496.4802,=6.2560,=0.0319,=9.8117,=8.1270,=6.9496
2022-03-28,=1090.7300,=1099.3500,=2282309553278.4004,=930312387612,=730615131915.1602,=6.4186,=0.0467,=9.8118,=8.1276,=6.9496
2022-03-25,=1106.8600,=1115.6100,=2311585080377.0298,=944247168333,=741671834419.5000,=6.4874,=0.0665,=9.8118,=8.1281,=6.9566
2022-03-24,=1134.5700,=1143.5400,=2365059297580.3506,=967468322421,=758114957196.6602,=6.6265,=0.0914,=9.8118,=8.1393,=6.9636
2022-03-23,=1144.0900,=1153.1300,=2385091387017.1304,=975725358190,=763308968822.8501,=6.7780,=0.1460,=9.8118,=8.1505,=6.9769
2022-03-22,=1134.3200,=1143.2800,=2364994025334.4199,=967972811517,=754589040754.3899,=6.6616,=0.1191,=9.8118,=8.1728,=6.9789
2022-03-21,=1152.3300,=1161.4300,=2399012572663.9004,=982859819551,=766609460926.3500,=6.7585,=0.1418,=9.8244,=8.1951,=6.9789
2022-03-18,=1144.3200,=1153.3600,=2380764658521.3003,=975810287719,=761064662619.9497,=6.6776,=0.1222,=9.8244,=8.1957,=6.9918
2022-03-17,=1142.7100,=1151.7400,=2367655282240.3301,=971600305790,=759711455344.2701,=6.8068,=0.1500,=9.8244,=8.1962,=6.9972
2022-03-16,=1125.4800,=1134.3800,=2332998452394.0195,=957545266016,=748429277829.1300,=6.4759,=0.0627,=9.8244,=8.2020,=7.0098
2022-03-15,=1093.4300,=1102.0700,=2185608379961.9399,=931037076832,=724531944857.8599,=6.3781,=0.0402,=9.8244,=8.2077,=7.0109
2022-03-14,=1126.2800,=1135.1800,=2267651815077.2803,=963337877286,=747406582681.4799,=6.8238,=0.1486,=9.8264,=8.2129,=7.0109
2022-03-11,=1161.2100,=1170.3900,=2342219600536.5103,=993255872123,=761196483542.3999,=7.1389,=0.2222,=9.8264,=8.2180,=7.0371
2022-03-10,=1153.3600,=1162.4700,=2329589828455.5000,=985499664686,=756282539195.9000,=7.1124,=0.2177,=9.8264,=8.2212,=7.0371
2022-03-09,=1129.6500,=1138.5700,=2287815990661.0693,=966164642170,=740452543467.4700,=6.9376,=0.1751,=9.8264,=8.2245,=7.0371
2022-03-08,=1137.0700,=1146.0600,=2300663861141.6699,=974357653363,=745140413469.6099,=7.2226,=0.2443,=9.8264,=8.2258,=7.0558
2022-03-07,=1169.9800,=1179.2300,=2357443700424.9102,=1001932213090,=767190664801.9901,=7.4788,=0.2781,=9.8310,=8.2272,=7.0371
2022-03-04,=1203.0900,=1212.6000,=2419069825580.1104,=1029417064221,=788815974713.5800,=7.5399,=0.2890,=9.8310,=8.2282,=7.0371
2022-03-03,=1209.8200,=1219.3800,=2429737601433.9800,=1034807233979,=793136724283.1801,=7.6160,=0.2974,=9.8310,=8.2292,=7.0371
2022-03-02,=1230.2800,=1240,=2458269502666.5400,=1042983402718,=806052394600.4001,=7.8446,=0.3470,=9.8310,=8.2293,=7.0371
2022-03-01,=1239.0200,=1248.8100,=2472238008370.2202,=1049602055595,=811607326421.5303,=7.8295,=0.3428,=9.8310,=8.2294,=7.0371
2022-02-28,=1249.5900,=1259.4600,=2486578707950.4199,=1059050741870,=818649791160.0402,=7.8252,=0.3411,=9.8390,=8.2425,=7.0109
2022-02-25,=1240.8800,=1250.6800,=2471014648474.7798,=1050891569758,=813198189919.9802,=7.9822,=0.3938,=9.8390,=8.2556,=7.0109
2022-02-24,=1214.9900,=1224.5900,=2425481421956.9497,=1027811050878,=796271426876.8000,=7.9452,=0.3844,=9.8390,=8.2589,=7.0109
2022-02-23,=1231.0800,=1240.8100,=2460912461254.3398,=1042301124013,=807048980826.3801,=8.2180,=0.4844,=9.8390,=8.2621,=7.0109
2022-02-22,=1183.9800,=1193.3400,=2372081376969.4697,=1003618038806,=776603179635.5900,=7.7497,=0.3238,=9.8390,=8.2625,=7.0109
2022-02-21,=1193.6000,=1203.0300,=2386777590617.4702,=1009595856001,=782953496329.4102,=7.8152,=0.3403,=9.8549,=8.2628,=7.0098
2022-02-18,=1204.3700,=1213.8900,=2403975644388,=1018313902660,=789980821721.6398,=7.7228,=0.3176,=9.8549,=8.2660,=7.0098
2022-02-17,=1207.8200,=1217.3700,=2410047637529.9897,=1021227811973,=791994963472.7603,=7.7257,=0.3211,=9.8549,=8.2692,=7.0098
2022-02-16,=1197.5600,=1207.0200,=2397391618000.5601,=1013195741433,=785642441961.1600,=7.6110,=0.3034,=9.8549,=8.2804,=7.0098
2022-02-15,=1203.1200,=1212.6300,=2404520277660.0200,=1018159813381,=789401271724.3101,=7.5339,=0.2963,=9.8549,=8.2916,=7.0098
2022-02-14,=1169.4400,=1178.6800,=2348387448632.1997,=991623125654,=767314998806.8300,=7.3123,=0.2573,=9.8620,=8.2945,=6.9972
2022-02-11,=1169.5900,=1178.8300,=2354148923392,=991856064374,=767177406847.3900,=7.3289,=0.2606,=9.8620,=8.2975,=6.9972
2022-02-10,=1188.2000,=1197.5900,=2392114102883.5601,=1007044360594,=778885177400.6599,=7.5113,=0.2853,=9.8620,=8.3082,=6.9972
2022-02-09,=1210.2900,=1219.8500,=2426459528380.6299,=1026218498910,=793523683218.8599,=7.6990,=0.3021,=9.8620,=8.3189,=6.9972
2022-02-08,=1204.0500,=1213.5700,=2409402509740.6201,=1020064706876,=789595479710.4899,=7.7097,=0.3056,=9.8620,=8.3271,=6.9972
2022-02-07,=1233.6200,=1243.3700,=2456519959331.0801,=1046219666448,=808844579781.6700,=7.9198,=0.3575,=9.8706,=8.3354,=6.9918
2022-01-28,=1229.2200,=1238.9400,=2441784576874.9302,=1041565185614,=806276084162.9001,=7.7011,=0.3046,=9.8706,=8.3368,=6.9918
2022-01-27,=1240.5500,=1250.3600,=2462966161633.8696,=1050689053031,=813522745566.6298,=7.8460,=0.3270,=9.8706,=8.3383,=6.9918
2022-01-26,=1276.3600,=1286.4500,=2532320424212.7788,=1082822445487,=837046513648.1299,=8.0542,=0.4038,=9.8706,=8.3393,=6.9918
2022-01-25,=1277,=1287.0900,=2531252085741.1401,=1084237022207,=837691572269.8099,=8.2292,=0.4701,=9.8706,=8.3403,=6.9918
2022-01-24,=1307.7400,=1318.0800,=2597318275281.1099,=1109813841195,=858012674857.2302,=8.6033,=0.5586,=9.8909,=8.3422,=6.9789
2022-01-21,=1290.4100,=1300.6000,=2567133879769.1997,=1095014931139,=846528749683.2998,=8.3594,=0.5082,=9.8909,=8.3403,=6.9789
2022-01-20,=1306.0200,=1316.3400,=2604316610875.8496,=1108187057706,=857139364196.2698,=8.3667,=0.5123,=9.8909,=8.3393,=6.9789
2022-01-19,=1324.0900,=1334.5500,=2639778969624.7100,=1122917601289,=868786239569.2101,=8.5462,=0.5330,=9.8909,=8.3383,=6.9789
2022-01-18,=1342.3600,=1352.9600,=2674761148555.7705,=1137460976490,=880704834170.6301,=8.5715,=0.5455,=9.8909,=8.3368,=6.9789
2022-01-17,=1338.3200,=1348.8900,=2662815303535.5811,=1133111330185,=878357981918.4198,=8.6917,=0.5663,=9.9047,=8.3354,=6.9769
2022-01-14,=1312.2900,=1322.6600,=2616933695555.5796,=1111180352506,=860455479753.2900,=8.4617,=0.5235,=9.9047,=8.3271,=6.9769
2022-01-13,=1294.6500,=1304.8800,=2592345514977.8188,=1095355900420,=849266867356.6499,=8.3383,=0.5056,=9.9047,=8.3189,=6.9769
2022-01-12,=1316.3500,=1326.7600,=2637451295950.2402,=1113283404127,=863452142942.1200,=8.5361,=0.5320,=9.9047,=8.3082,=6.9769
2022-01-11,=1294.4000,=1304.6300,=2600570929871.6602,=1093838949500,=848623546349.5500,=8.6896,=0.5615,=9.9047,=8.2975,=6.9769
2022-01-10,=1318.2700,=1328.6800,=2643073822344.2397,=1114660718132,=864552939235.4902,=8.8136,=0.5854,=9.9089,=8.2945,=6.9636
2022-01-07,=1305.4900,=1315.8100,=2623205951841.0103,=1105266445303,=855322671003.0400,=8.7918,=0.5815,=9.9089,=8.2916,=6.9636
2022-01-06,=1320.9300,=1331.3700,=2649992731821.2700,=1119519879598,=865201112054.4601,=9.0536,=0.6113,=9.9089,=8.2804,=6.9636
2022-01-05,=1333.3300,=1343.8700,=2674600981617.3403,=1129339416966,=873029433913.6602,=9.2135,=0.6271,=9.9089,=8.2692,=6.9636
2022-01-04,=1364.9900,=1375.7800,=2728932690880.8101,=1155182081880,=892502410774.7504,=9.4159,=0.6544,=9.9089,=8.2660,=6.9636
2021-12-31,=1398.1900,=1409.2400,=2785466865113.7212,=1172273939988,=913870918895.4500,=9.8706,=0.7898,=9.9103,=8.2628,=6.9566
2021-12-30,=1375.5600,=1386.4300,=2746401267813.9502,=1151846917469,=898498191182.5895,=9.6044,=0.6895,=9.9103,=8.2625,=6.9566
2021-12-29,=1356.2100,=1366.9300,=2711278143622.5601,=1127057373770,=886108896689.9800,=9.5085,=0.6743,=9.9103,=8.2621,=6.9566
2021-12-28,=1369.6200,=1380.4400,=2737683950924.5000,=1138506021090,=895174319121.7103,=9.8244,=0.7736,=9.9103,=8.2589,=6.9566
2021-12-27,=1355.6400,=1366.3500,=2710780449736.1504,=1127098157321,=886361763148.5400,=9.5239,=0.6839,=9.9103,=8.2556,=6.9566
2021-12-24,=1358.7300,=1369.4700,=2720234205931.7100,=1126551565000,=887790040627.1101,=9.4000,=0.6571,=9.9214,=8.2425,=6.9496
2021-12-23,=1375.9700,=1386.8400,=2750361707108.9102,=1139571842783,=898779539512.3499,=9.9493,=0.8179,=9.9214,=8.2294,=6.9496
2021-12-22,=1375.0300,=1385.9000,=2755210853070.4204,=1139495219227,=898734189948.6801,=9.9214,=0.8029,=9.9103,=8.2283,=6.9496
2021-12-21,=1374.6500,=1385.5100,=2754845677655.7598,=1138153034547,=898639060113.0201,=9.8117,=0.7733,=9.9089,=8.2272,=6.9496
2021-12-20,=1363.9600,=1374.7300,=2731532650089.5000,=1126593759391,=891210735802.3699,=9.4928,=0.6793,=9.9089,=8.2258,=6.9496
2021-12-17,=1399.0600,=1410.1100,=2796405243296.5000,=1156553725219,=914408979102.4200,=9.9089,=0.7982,=9.9103,=8.2245,=6.9230
2021-12-16,=1425.9300,=1437.2000,=2844674002182.9902,=1179146765292,=931859991797.8600,=9.9828,=0.8240,=9.9103,=8.2161,=6.9230
2021-12-15,=1424.9000,=1436.1600,=2843673704063.9800,=1162110230506,=931077403936.0204,=10.1440,=0.8735,=9.9047,=8.2077,=6.9230
2021-12-14,=1439.4700,=1450.8400,=2870169993066.2397,=1172515463143,=940629447037.3898,=9.6966,=0.7434,=9.8909,=8.2020,=6.9230
2021-12-13,=1445.7100,=1457.1300,=2881434285893,=1176600945337,=945395826070.0900,=9.6059,=0.7041,=9.8909,=8.1962,=6.9230
2021-12-10,=1435.7000,=1447.0500,=2689702308005.9702,=1152334127614,=918305736306.8602,=9.5353,=0.7003,=9.9047,=8.1957,=6.9113
2021-12-09,=1434.5200,=1445.8600,=2673188520146.0996,=1143621277257,=911734149922.1896,=9.6444,=0.7202,=9.9047,=8.1951,=6.9113
2021-12-08,=1415.3700,=1426.5600,=2628021713737.1602,=1127435065034,=899080968250.7802,=9.6363,=0.7194,=9.9047,=8.1728,=6.9113
2021-12-07,=1389.4400,=1400.4200,=2583218897444.0698,=1106445453552,=882376854820.7100,=9.4027,=0.6826,=9.9047,=8.1505,=6.9113
2021-12-06,=1405.7700,=1416.8800,=2602198500305.5503,=1113735845369,=889353392223.7198,=9.4637,=0.6907,=9.9047,=8.1393,=6.9113
2021-12-03,=1444.8300,=1456.2500,=2667847557966.2598,=1132860211724,=911984058365.1300,=9.6749,=0.7229,=9.9103,=8.1281,=6.9073
2021-12-02,=1429.5000,=1440.7400,=2637473033875.5400,=1119187460830,=900801701589.0200,=9.6146,=0.7100,=9.9103,=8.1276,=6.9073
2021-12-01,=1456.4800,=1467.9400,=2687388537597.6997,=1143729797454,=918871825982.3101,=9.9702,=0.8212,=9.9103,=8.1270,=6.9073
2021-11-30,=1475.7100,=1487.3200,=2721062934318.2490,=1161097360291,=931881669954.1200,=10.2307,=0.8906,=9.9047,=8.1240,=6.9073
2021-11-29,=1471.2300,=1482.8000,=2708881140357.1401,=1155676880567,=928954740464.9902,=9.9964,=0.8262,=9.8909,=8.1209,=6.9073
2021-11-26,=1459.9300,=1471.4100,=2698394899291.9097,=1149369272292,=921710263934.5500,=9.7667,=0.7676,=9.8909,=8.1202,=6.9069
2021-11-25,=1468.0700,=1479.6200,=2715712183121.7197,=1155046752261,=926260367960.6500,=9.8118,=0.7822,=9.8909,=8.1195,=6.9069
2021-11-24,=1472.2200,=1483.8000,=2719381995925.5811,=1158059115512,=928854864691.6700,=9.9429,=0.8185,=9.8909,=8.1194,=6.9069
2021-11-23,=1476.2500,=1487.8600,=2728296264829.5811,=1141722696720,=931707249863.2400,=10.2571,=0.8981,=9.8620,=8.1193,=6.9069
2021-11-22,=1479.9900,=1491.6300,=2733004182971.4995,=1145614656975,=935247804099.1396,=10.4419,=0.9319,=9.8549,=8.1144,=6.9069
2021-11-19,=1444.7800,=1456.1500,=2676716290145.2798,=1122371951055,=915315424838.8000,=10.1800,=0.8820,=9.8549,=8.1095,=6.8940
2021-11-18,=1423.9700,=1435.1700,=2637823200029.5698,=1102942241268,=899726451761.2301,=9.8264,=0.7944,=9.8390,=8.1086,=6.8940
2021-11-17,=1436.1600,=1447.4500,=2662383773370.8096,=1110838619382,=906587061115.9702,=9.7033,=0.7656,=9.8390,=8.1078,=6.8940
2021-11-16,=1421.2700,=1432.4500,=2635205479243.1001,=1097278558083,=896393642596.9199,=9.8549,=0.8025,=9.8390,=8.1076,=6.8940
2021-11-15,=1432.6000,=1443.8700,=2659229174560.6899,=1106687863741,=904483407465.1600,=9.6908,=0.7610,=9.8310,=8.1075,=6.8940
2021-11-12,=1440.1600,=1451.4800,=2660949872017.9102,=1110186175146,=907295898186.3400,=9.6840,=0.7539,=9.8390,=8.1061,=6.8806
2021-11-11,=1437.1500,=1448.4500,=2662185044182.1704,=1105598857017,=859892408867.1101,=9.1183,=0.6867,=9.8390,=8.1047,=6.8806
2021-11-10,=1420.4500,=1431.6200,=2639921592666.4497,=1093603291955,=849779557647.6801,=9.0083,=0.6857,=9.8390,=8.0996,=6.8806
2021-11-09,=1420.5100,=1431.6800,=2633973363800.1602,=1094802731843,=850285624626.5699,=9.2346,=0.7038,=9.8390,=8.0945,=6.8806
2021-11-08,=1400.8000,=1411.8100,=2593550553735.5195,=1082065131608,=840307279887.9399,=9.2214,=0.7029,=9.8390,=8.0899,=6.8806
2021-11-05,=1396.7400,=1407.7200,=2604352244317.2900,=1080915537706,=839020148592.5901,=9.1320,=0.6955,=9.8620,=8.0852,=6.8727
2021-11-04,=1410.7400,=1421.8400,=2624172507297.2202,=1090307517171,=846437662680.4500,=9.3680,=0.7138,=9.8620,=8.0847,=6.8727
2021-11-03,=1399.5500,=1410.5600,=2599860478129.1104,=1081114144778,=839003937659.7599,=9.2381,=0.7065,=9.8620,=8.0842,=6.8727
2021-11-02,=1405.6400,=1416.6900,=2602540022360.9600,=1087762152405,=843565326963.3601,=9.4817,=0.7217,=9.8620,=8.0812,=6.8727
2021-11-01,=1404.2100,=1415.2500,=2598602921657.6211,=1085993279073,=843544156608.4901,=9.4963,=0.7240,=9.8620,=8.0781,=6.8727
2021-10-29,=1396.2000,=1407.1800,=2592600171984.9902,=1085679821372,=786489080975.6699,=9.4611,=0.7231,=9.8909,=8.0772,=6.8555
2021-10-28,=1356.3700,=1367.0400,=2519241912873.0498,=1027267789659,=732098608996.8098,=9.2421,=0.7157,=9.8909,=8.0763,=6.8555
2021-10-27,=1361.8200,=1372.5300,=2529188920493.4102,=1029315421138,=732714981137.4601,=9.5238,=0.7279,=9.8909,=8.0762,=6.8555
2021-10-26,=1376.1300,=1386.9500,=2571030626188.9600,=1032685489079,=737887185078.0901,=9.6872,=0.7467,=9.8909,=8.0762,=6.8555
2021-10-25,=1380.3100,=1391.1600,=2577675242181.3198,=1034218638024,=734894383150.7102,=9.7443,=0.7690,=9.8909,=8.0712,=6.8555
2021-10-22,=1368.1400,=1378.9000,=2561628608833.1011,=1023032486683,=726350243609.8402,=9.8390,=0.7914,=9.9047,=8.0662,=6.8472
2021-10-21,=1362.4000,=1373.1200,=2539932550161.0400,=1018587636486,=723719159843.7201,=9.6485,=0.7508,=9.9047,=8.0656,=6.8472
2021-10-20,=1373.5900,=1384.4000,=2568020631192.3398,=1027820965298,=730471752570.5898,=9.6942,=0.7567,=9.9047,=8.0651,=6.8472
2021-10-19,=1366.7900,=1377.5400,=2558927902757.4097,=1021365740146,=724645931203.1301,=9.9486,=0.8161,=9.9047,=8.0647,=6.8472
2021-10-18,=1352.5700,=1363.2100,=2534588363931.2700,=1010091165009,=717469279242.1903,=9.7174,=0.7651,=9.8909,=8.0644,=6.8472
2021-10-15,=1363.1600,=1373.8800,=2553454924880.1396,=1012600198520,=720864285253.3597,=10.0786,=0.8451,=9.9047,=8.0580,=6.8239
2021-10-14,=1347.2700,=1357.8600,=2530933245559.3799,=1004415316232,=713206452179.4598,=10.0820,=0.8480,=9.8909,=8.0516,=6.8239
2021-10-13,=1344.7600,=1355.3400,=2531462879984.3901,=1000309068071,=711296199193.8301,=10.1224,=0.8678,=9.8620,=8.0483,=6.8239
2021-10-12,=1319.3900,=1329.7700,=2489597718758.9302,=979519465860,=694867499091.1801,=9.9251,=0.8197,=9.8310,=8.0450,=6.8239
2021-10-11,=1349.7700,=1360.3900,=2534984883506.0596,=1000070161205,=709293133549.6599,=10.0467,=0.8396,=9.8013,=8.0421,=6.8239
2021-10-08,=1364.4600,=1375.1900,=2560405268887.1802,=1009056039133,=717203440175.1998,=10.0249,=0.8390,=9.8013,=8.0392,=6.8181
2021-09-30,=1368.7200,=1379.4800,=2563167234462.4902,=1013039202417,=720408185155.0302,=10.0709,=0.8419,=9.7818,=8.0363,=6.8181
2021-09-29,=1345.7700,=1356.3500,=2533371570540.2500,=996699279726,=707863851422.1099,=10.1146,=0.8586,=9.7714,=8.0335,=6.8181
2021-09-28,=1354.1000,=1364.7500,=2537913174757.0796,=999984330657,=711301517489.6700,=10.2299,=0.8824,=9.7676,=8.0327,=6.8181
2021-09-27,=1368.6900,=1379.4500,=2566920937609.0503,=1013295390280,=720621201111.5701,=10.4231,=0.9201,=9.7585,=8.0320,=6.8181
2021-09-24,=1375,=1385.8100,=2566548613775.5298,=1016590610354,=725410575709.5900,=10.5284,=0.9373,=9.7585,=8.0313,=6.8054
2021-09-23,=1363.7900,=1374.5100,=2552261731776.9502,=1006725739671,=718139370755.8499,=10.4011,=0.9231,=9.7433,=8.0306,=6.8054
2021-09-22,=1355.2800,=1365.9400,=2535594914187.8501,=999307663623,=712666300390.9100,=10.2406,=0.8947,=9.7207,=8.0226,=6.8054
2021-09-17,=1349.6800,=1360.3000,=2537333215314.8701,=984626705435,=709081251364.2002,=9.9103,=0.8415,=9.6978,=8.0147,=6.8054
2021-09-16,=1351.4300,=1362.0500,=2536165626613.7905,=985942588549,=710269322558.3900,=9.6331,=0.7951,=9.6905,=8.0113,=6.8054
2021-09-15,=1384.5200,=1395.4100,=2594963333550.5801,=1011818613996,=729034373805.4200,=10.0763,=0.8652,=9.6978,=8.0079,=6.7990
2021-09-14,=1396.6700,=1407.6500,=2619176657625.8701,=1020712437290,=734095922666.3900,=10.1150,=0.8754,=9.6905,=8.0066,=6.7990
2021-09-13,=1384.4300,=1395.3200,=2615686461935.7197,=1015869954394,=727819484475.2299,=9.9232,=0.8500,=9.6280,=8.0052,=6.7990
2021-09-10,=1426.8100,=1438.0300,=2547200094499.4902,=1054734744317,=733286370920.9100,=9.5219,=0.7921,=9.6268,=8.0002,=6.7990
2021-09-09,=1402.1900,=1413.2200,=2505116380713.3804,=1039263791388,=721204037946.1299,=9.6978,=0.8094,=9.6268,=7.9953,=6.7990
2021-09-08,=1412.7200,=1423.8300,=2530468807668.3999,=1049344548840,=726535892065.9701,=9.6280,=0.8051,=9.6268,=7.9946,=6.7943
2021-09-07,=1438.5700,=1449.8800,=2566481199580.3398,=1068720577907,=742206263095.3101,=9.8620,=0.8406,=9.5848,=7.9939,=6.7943
2021-09-06,=1439,=1450.3100,=2568192703120.0601,=1068038600605,=741918690827.8400,=9.7818,=0.8327,=9.4084,=7.9934,=6.7943
2021-09-03,=1400.8900,=1411.9100,=2512418493049.7300,=1045353465654,=723527001033.6101,=9.2116,=0.7956,=9.3087,=7.9929,=6.7943
2021-09-02,=1399.4800,=1410.4900,=2497679051900.9199,=1042346968637,=723513293322.2198,=9.4084,=0.8022,=9.3087,=7.9870,=6.7943
2021-09-01,=1424.6600,=1435.8700,=2532410765512.4604,=1054114214228,=734110117815.0502,=9.1317,=0.7941,=9.3087,=7.9812,=6.7864
2021-08-31,=1441.1700,=1452.5100,=2551319465519.1699,=1066797672965,=743824223208.9500,=9.1887,=0.7970,=9.3087,=7.9809,=6.7864
2021-08-30,=1471.4500,=1483.0300,=2614019144530.3101,=1093191148343,=748279908818.5798,=9.3087,=0.8000,=9.3087,=7.9807,=6.7864
2021-08-27,=1480.3100,=1491.9600,=2617386679840.3901,=1074801241202,=741676041849.1300,=10.0124,=0.8587,=8.9776,=7.9682,=6.7864
2021-08-26,=1497.3400,=1509.1100,=2645527127716.3403,=1084421618526,=746617930496.3899,=10.0755,=0.8619,=8.9392,=7.9558,=6.7864
2021-08-25,=1542.7800,=1554.9100,=2715647300189.3203,=1115942574571,=765074554404.2501,=10.0933,=0.8689,=8.9392,=7.9452,=6.7285
2021-08-24,=1578.0300,=1590.3900,=2754601739377.0801,=1137683818954,=754798180397.8800,=9.8310,=0.8459,=8.9211,=7.9347,=6.7285
2021-08-23,=1564.1100,=1576.3600,=2735504257518.5298,=1130020543575,=748221595296.1599,=9.6268,=0.8189,=8.8755,=7.9335,=6.7285
2021-08-20,=1529.0900,=1541.0600,=2672885589946.5801,=1100411169812,=730981990544.3602,=9.6905,=0.8220,=8.8518,=7.9323,=6.7285
2021-08-19,=1546.1100,=1558.2200,=2710315661718.0703,=1115729527661,=739581577379.9698,=9.8013,=0.8441,=8.8359,=7.9302,=6.7285
2021-08-18,=1507.9900,=1519.8000,=2653030130031.1699,=1090134779304,=721033054563.0499,=9.7585,=0.8359,=8.8359,=7.9281,=6.7218
2021-08-17,=1509.2500,=1521.0700,=2649298953158.7002,=1077297101771,=713793485540.8101,=9.7207,=0.8314,=8.8348,=7.9239,=6.7218
2021-08-16,=1547.9300,=1560.0600,=2728166464071.6401,=1106439688816,=729788865124.4298,=9.8909,=0.8462,=8.8231,=7.9197,=6.7218
2021-08-13,=1552.7800,=1564.9400,=2730121704931.8101,=1110490365864,=731955692972.0901,=9.7714,=0.8456,=8.8113,=7.9024,=6.7218
2021-08-12,=1586.5000,=1598.9300,=2815617596272.1812,=1114152089393,=747090263231.3600,=9.7433,=0.8411,=8.7811,=7.8851,=6.7218
2021-08-11,=1578.7900,=1591.1600,=2803911548536.8398,=1094119076671,=743245612205.5898,=9.7676,=0.8444,=8.7811,=7.8845,=6.7169
2021-08-10,=1588.1900,=1600.6300,=2834299703391.4600,=1100206379470,=747012318242.2100,=9.9634,=0.8555,=8.7794,=7.8838,=6.7169
2021-08-09,=1574.4400,=1586.7700,=2816546300769.9897,=1087914083838,=740460181183.3000,=9.9257,=0.8549,=8.7688,=7.8788,=6.7169
2021-08-06,=1586.6700,=1599.1000,=2855416785125.7500,=1093402091913,=744204510940.7202,=9.9047,=0.8543,=8.7603,=7.8737,=6.7169
2021-08-05,=1604.8100,=1617.3800,=2890492279231.5303,=1104268033146,=752551297799.6802,=10.3887,=0.9130,=8.7558,=7.8732,=6.7169
2021-08-04,=1605.8900,=1618.4700,=2869022749651.3389,=1098939509263,=752973587115.6998,=10.2705,=0.8929,=8.7558,=7.8728,=6.7158
2021-08-03,=1564.1900,=1576.4400,=2806367122505.7798,=1069040076298,=733238412359.7898,=10.2096,=0.8845,=8.7410,=7.8723,=6.7158
2021-08-02,=1599.4700,=1612,=2870966970983.5596,=1095933827495,=750209795553.8900,=10.1173,=0.8760,=8.6830,=7.8719,=6.7158
2021-07-30,=1591.2200,=1603.6800,=2854061882360.8101,=1087042214675,=744838439580.8800,=10.2475,=0.8916,=8.6801,=7.8715,=6.7158
2021-07-29,=1588.4700,=1600.9100,=2830261966638.8101,=1084054044159,=740599684048.8701,=10.2133,=0.8911,=8.6326,=7.8711,=6.7158
2021-07-28,=1518.7000,=1530.5600,=2705484876793.1401,=1035043826639,=708072457839.9700,=9.5848,=0.8745,=8.6326,=7.8656,=6.7035
2021-07-27,=1545.2900,=1557.3500,=2759330320077.6304,=1059052959862,=720842664677.3099,=10.0832,=0.8821,=8.6030,=7.8600,=6.7035
2021-07-26,=1556.9800,=1569.0600,=2740821525675.7202,=1062949016468,=726639041777.6798,=10.3036,=0.8939,=8.5978,=7.8567,=6.7035
2021-07-23,=1563.4900,=1575.6200,=2742985591204.3799,=1064790478105,=729813572940.4200,=10.1508,=0.8893,=8.5812,=7.8533,=6.7035
2021-07-22,=1582.1300,=1594.4100,=2783036825118.1201,=1076473155359,=738183275565.4600,=10.3858,=0.9095,=8.5694,=7.8510,=6.7035
2021-07-21,=1565.6400,=1577.7900,=2757294844344.5298,=1025569932128,=730331992763.5400,=10.6880,=0.9463,=8.5694,=7.8486,=6.6810
2021-07-20,=1522.6300,=1534.4400,=2690074549104.7798,=998626643322,=710250136628.1299,=10.3846,=0.9129,=8.5672,=7.8405,=6.6810
2021-07-19,=1514.1800,=1525.9300,=2683012541293.2603,=969108002887,=706247498431.0598,=10.5126,=0.9292,=8.5624,=7.8324,=6.6810
2021-07-16,=1525.2300,=1537.0700,=2717225147133.5811,=955275790329,=711422774243.7999,=10.3240,=0.9121,=8.5502,=7.8180,=6.6810
2021-07-15,=1560.7000,=1572.7500,=2775343764969.6602,=931456909772,=727692753119.3898,=10.1847,=0.9118,=8.4940,=7.8036,=6.6810
2021-07-14,=1556.7200,=1567.6700,=2786346529895.8101,=901911449159,=725539137335.4698,=10.4379,=0.9198,=8.4940,=7.8028,=6.6810
2021-07-13,=1590.9800,=1602.1700,=2826974544036.9204,=921872466666,=741890742087.9202,=10.8115,=0.9534,=8.4686,=7.8020,=6.6810
2021-07-12,=1601.6100,=1612.7600,=2857029354824.9302,=926406705806,=746681277056.2599,=10.6532,=0.9489,=8.4626,=7.8016,=6.6810
2021-07-09,=1583.7100,=1594.7400,=2838462281390.3398,=918983535905,=738497382929.9799,=10.6413,=0.9487,=8.3760,=7.8012,=6.6810
2021-07-08,=1610.7700,=1621.9900,=2877428129668.0898,=936918474215,=751580414669.7401,=10.5536,=0.9442,=8.3669,=7.7933,=6.6810
2021-07-07,=1570.0300,=1580.9600,=2827256911407.7012,=913436985091,=732195931661.1201,=10.4608,=0.9397,=8.3669,=7.7855,=6.6758
2021-07-06,=1532.7900,=1543.4700,=2764825943025.5200,=890915308707,=715082215087.0399,=10.4709,=0.9437,=8.3651,=7.7755,=6.6758
2021-07-05,=1575.8900,=1586.8700,=2844596933335.1699,=914130773469,=734699113194.2400,=10.9079,=0.9565,=8.3540,=7.7655,=6.6758
2021-07-02,=1538.1600,=1548.8700,=2777647202407.4302,=895556968996,=717470365652.6000,=10.9922,=0.9651,=8.3441,=7.7588,=6.6758
2021-07-01,=1579.8000,=1590.8100,=2867994890534.5498,=920818010254,=737410846510.6200,=11.1124,=0.9737,=8.3403,=7.7521,=6.6758
2021-06-30,=1588.2200,=1599.2800,=2889133208428.3799,=916416558998,=741109836962.8300,=11.1319,=0.9824,=8.3403,=7.7375,=6.6575
2021-06-29,=1562.0800,=1572.9600,=2826313906790.4600,=902289182040,=729124760078.2200,=11.0562,=0.9779,=8.3354,=7.7229,=6.6575
2021-06-28,=1562.9800,=1573.6800,=2829507459775.3604,=902531764992,=729598285692.0898,=11.1817,=0.9867,=8.3189,=7.6896,=6.6575
2021-06-25,=1534.8500,=1545.3600,=2790733471151.2803,=885920602256,=716723433510.3298,=11.2051,=0.9911,=8.2975,=7.6563,=6.6575
2021-06-24,=1504.8100,=1514.8400,=2728630494874.4902,=867444080970,=702515516876.2799,=10.7700,=0.9821,=8.2916,=7.6527,=6.6575
2021-06-23,=1534.3000,=1544.5200,=2774698885128.9307,=882516206843,=715842187737.4601,=11.2471,=1,=8.2916,=7.6490,=6.6478
2021-06-22,=1523.3600,=1533.5100,=2728771229204.0400,=880372646267,=711983285688.6300,=11.2289,=1,=8.2692,=7.6071,=6.6478
2021-06-21,=1528.1300,=1538.0900,=2739690560936.9097,=883283642369,=713961424439.0601,=11.1215,=1,=8.2628,=7.5652,=6.6478
2021-06-18,=1494.7000,=1504.4400,=2690438978990.2104,=859034270878,=697734042718.5802,=10.9277,=1,=8.2621,=7.5609,=6.6478
2021-06-17,=1473.5100,=1483.0700,=2663037186226.2803,=847724276292,=688122136626.1901,=10.3804,=0.9954,=8.2556,=7.5566,=6.6478
2021-06-16,=1406.4700,=1415.3800,=2540744595253.5400,=810333753601,=656905171731.3699,=9.9989,=0.9954,=8.2556,=7.5412,=6.6383
2021-06-15,=1448.2000,=1457.3800,=2598248613902.3999,=834478262227,=676980219292.9700,=10.5576,=1,=8.2294,=7.5258,=6.6383
2021-06-11,=1436.2800,=1445.3800,=2285456972448.3398,=812136661826,=653511307054.5300,=8.3403,=0.8465,=8.2272,=7.5212,=6.6383
2021-06-10,=1450.4000,=1459.0600,=2300362726365.8901,=816138819120,=658372197701.7898,=8.6801,=0.9252,=8.2245,=7.5166,=6.6383
2021-06-09,=1427.3200,=1435.8000,=2264059097335.4502,=786477670749,=648926114462.1399,=8.6830,=0.9296,=8.2077,=7.4671,=6.6383
2021-06-08,=1419.0800,=1427.4800,=2246584846332.1904,=778370487602,=643674742204.5200,=8.7603,=0.9434,=8.2077,=7.4176,=6.6357
2021-06-07,=1433.5700,=1442.0400,=2265637551767.0703,=782992966284,=647863248445.8801,=8.9392,=0.9953,=8.1962,=7.4086,=6.6357
2021-06-04,=1431.5200,=1439.9700,=2258943598597.7002,=780903956874,=646240165893.7200,=8.7688,=0.9524,=8.1951,=7.3996,=6.6357
2021-06-03,=1414.5300,=1422.8100,=2246173286149.5303,=774681300176,=640257051466.9303,=8.8359,=0.9809,=8.1505,=7.3965,=6.6357
2021-06-02,=1426.8500,=1435.1900,=2269840183924.3105,=781838825855,=646089298708.7800,=8.5672,=0.9231,=8.1281,=7.3933,=6.6357
2021-06-01,=1460.5400,=1469.0800,=2332559364386.8398,=801086121149,=661597881325.6801,=8.9776,=1,=8.1281,=7.3915,=6.6348
2021-05-31,=1442.6700,=1450.9600,=2298040158170.4497,=790641857859,=653613529351.8099,=8.7811,=0.9709,=8.1270,=7.3897,=6.6348
2021-05-28,=1386.0400,=1394,=2214219011597.5303,=757271288270,=626169229222.9700,=8.3651,=0.8976,=8.1209,=7.3891,=6.6348
2021-05-27,=1397.7700,=1405.7500,=2247894813257.4204,=767045499084,=632510949986.6200,=8.3441,=0.8922,=8.1195,=7.3885,=6.6348
2021-05-26,=1364.0400,=1371.7600,=2191687455814.7000,=749703910455,=618418996976.5399,=8.1075,=0.7833,=8.1193,=7.3842,=6.6348
2021-05-25,=1370.1200,=1377.8200,=2202520040898.2305,=754456758925,=622186604882.6799,=8.0651,=0.7426,=8.1195,=7.3798,=6.6334
2021-05-24,=1330.8700,=1338.3500,=2141583337270.8501,=731352727388,=603971089362.4998,=7.7855,=0.5771,=8.1195,=7.3658,=6.6334
2021-05-21,=1315.2100,=1322.6000,=2118021958153.4800,=723971134590,=597812717552.5100,=7.5166,=0.5350,=8.1195,=7.3519,=6.6334
2021-05-20,=1329.7900,=1337.2700,=2141692849260.0200,=730659015892,=603729001376.1299,=7.5566,=0.5427,=8.1195,=7.3460,=6.6334
2021-05-19,=1326.1400,=1333.3000,=2138446749259.4905,=727878269274,=601597458631.2400,=7.5258,=0.5404,=8.1195,=7.3401,=6.6334
2021-05-18,=1321.6400,=1328.7700,=2134633519208.6001,=725756010941,=599353978089.4600,=7.3885,=0.5178,=8.1209,=7.3401,=6.6321
2021-05-17,=1328.9200,=1336.0900,=2146290257591.3303,=730651533194,=602964860310.1902,=7.3519,=0.5102,=8.1209,=7.3401,=6.6321
2021-05-14,=1300.5400,=1307.5500,=2105973715999.2300,=713841569511,=589288014997.5300,=7.3401,=0.5026,=8.1209,=7.3297,=6.6321
2021-05-13,=1275.4800,=1282.3600,=2074589304832.8799,=699160293488,=573845147095.3700,=7.3897,=0.5155,=8.1209,=7.3194,=6.6321
2021-05-12,=1270.9100,=1277.7700,=2070760560081.1201,=698880814724,=573372939534.8000,=7.0695,=0.4197,=8.1209,=7.2920,=6.6321
2021-05-11,=1258.1100,=1264.9000,=2038699060282.9500,=690791727520,=567007203896.2300,=7.0098,=0.3958,=8.1270,=7.3194,=6.6311
2021-05-10,=1254.4900,=1261.2500,=2032359182991.9199,=688563785493,=565559285604.1801,=6.7943,=0.2880,=8.1270,=7.3297,=6.6311
2021-05-07,=1263.9000,=1270.7100,=2043982415799.8401,=694944178079,=570313831415.2899,=6.9496,=0.3579,=8.1270,=7.3401,=6.6311
2021-05-06,=1310.1300,=1317.1900,=2113770367003.2900,=722570852516,=592259011634.3600,=7.2646,=0.4868,=8.1270,=7.3599,=6.6311
2021-04-30,=1322.2400,=1329.2800,=2139535284430.9504,=732262578682,=598751878061.4000,=7.2116,=0.4787,=8.1270,=7.3798,=6.6311
2021-04-29,=1324.0500,=1331,=2130554430352.0701,=726244045118,=579400714195.8000,=7.6563,=0.5294,=8.1281,=7.3865,=6.6301
2021-04-28,=1324.2400,=1331.1800,=2133759607507.3401,=725702867437,=572899797897.4700,=7.8012,=0.5484,=8.1281,=7.3798,=6.6301
2021-04-27,=1311.9100,=1318.8000,=2116251853455.1001,=717997680952,=562946106112.8201,=7.8020,=0.5514,=8.1281,=7.3599,=6.6301
2021-04-26,=1314.9100,=1321.8100,=2114999263994.2300,=718272897613,=550038250429.8101,=7.8324,=0.5598,=8.1281,=7.3401,=6.6301
2021-04-23,=1311.8300,=1318.6900,=2111875643248.7000,=716861984527,=538827869456.5399,=7.8036,=0.5574,=8.1281,=7.3297,=6.6301
2021-04-22,=1305.1800,=1312.0100,=2105867882845.8401,=713540806299,=536201830214.1001,=7.9197,=0.6099,=8.1505,=7.3194,=6.6279
2021-04-21,=1286.8600,=1293.5900,=2075902903901.8804,=701832412348,=529807795207.3400,=7.9281,=0.6133,=8.1505,=7.2688,=6.6279
2021-04-20,=1290.5000,=1297.2500,=2084287142463.3401,=703605138173,=530516628298.9100,=7.8737,=0.6000,=8.1505,=7.2182,=6.6279
2021-04-19,=1299.0100,=1305.8000,=2098004467255.0601,=693144777017,=523168213814.4601,=8.1078,=0.7598,=8.1505,=7.2137,=6.6279
2021-04-16,=1274.7000,=1281.3000,=2057964969913.4800,=679547327859,=512665648059.9299,=8.0147,=0.6742,=8.1505,=7.2093,=6.6279
2021-04-15,=1264.1600,=1270.7000,=2050759916546.1499,=673286015499,=505665143143.4299,=8.0320,=0.6836,=8.1951,=7.2083,=6.6273
2021-04-14,=1254.7100,=1261.2100,=2041441759158.5095,=670068428083,=502097757033.7099,=7.9812,=0.6477,=8.1951,=7.2073,=6.6273
2021-04-13,=1241.4000,=1247.8300,=2022794399842.9700,=664117132847,=496772725971.8000,=7.4176,=0.5486,=8.1951,=7.2037,=6.6273
2021-04-12,=1243.5000,=1249.9300,=2023476608320.2100,=665203476264,=497017452311.0098,=7.5652,=0.5517,=8.1951,=7.2000,=6.6273
2021-04-09,=1271.4400,=1278.0300,=2068586854993.7900,=678970898642,=508801156022.5800,=7.9323,=0.6243,=8.1951,=7.1919,=6.6273
2021-04-08,=1291.8600,=1298.5500,=2097604438113.5901,=692836877475,=513314279956.7201,=7.8600,=0.5930,=8.1962,=7.1839,=6.6157
2021-04-07,=1298.7800,=1305.5100,=2113504280072.0801,=696954812312,=516398454393.2400,=7.8533,=0.5906,=8.1962,=7.1753,=6.6157
2021-04-06,=1296.6200,=1303.3300,=2115123665711.3201,=698771885385,=517376225426.0700,=7.8851,=0.6176,=8.1962,=7.1668,=6.6157
2021-04-02,=1299.9200,=1306.6500,=2122991520861.4600,=699263104554,=519317569056.8801,=7.8486,=0.5917,=8.1962,=7.1627,=6.6157
2021-04-01,=1266.7500,=1273.3000,=2063566956300.1201,=683319736615,=506837941872.8099,=7.8719,=0.6012,=8.1962,=7.1586,=6.6157
2021-03-31,=1248.3300,=1254.7400,=2031943276695.8601,=676432067421,=502397074895.5601,=7.7655,=0.5928,=8.2077,=7.1526,=6.6101
2021-03-30,=1248.3400,=1254.7500,=2030837973266.9600,=675560331372,=495843807143.4700,=8.0662,=0.6988,=8.2077,=7.1465,=6.6101
2021-03-29,=1250.7700,=1257.1900,=2028388890217.5200,=676682127476,=496285721071.3001,=8.1095,=0.7455,=8.2077,=7.1430,=6.6101
2021-03-26,=1256.6600,=1263.1100,=2033468431735.8101,=679502269749,=498420785272.5900,=8.3354,=0.8659,=8.2077,=7.1395,=6.6101
2021-03-25,=1219.7100,=1225.9700,=1978545581149.6001,=658492464135,=477515018331.3602,=8.1195,=0.7607,=8.1962,=7.1365,=6.6101
2021-03-24,=1221.4500,=1227.7200,=1990220762582.2600,=657559553767,=477336829430.0200,=8.0052,=0.6667,=8.2077,=7.1336,=6.6045
2021-03-23,=1236.4700,=1242.8200,=2017553871393.3201,=662330197537,=448838311660.6701,=8.1281,=0.7764,=8.2077,=7.1157,=6.6045
2021-03-22,=1242.7600,=1249.1300,=2036188324021.8999,=666589150183,=445075849226.0100,=8.1505,=0.7813,=8.2077,=7.0978,=6.6045
2021-03-19,=1231.2900,=1237.6100,=2014890081583.1001,=659217052166,=437034711933.9101,=8.0450,=0.7044,=8.2077,=7.0972,=6.6045
2021-03-18,=1241.3100,=1247.6800,=2033288493089.1299,=665807476646,=441312195072.7400,=8.2077,=0.7975,=8.2077,=7.0965,=6.6045
2021-03-17,=1236.5400,=1242.8900,=2026132116334.1399,=661020075609,=439120038455.5101,=8.0392,=0.7070,=8.2245,=7.0873,=6.5933
2021-03-16,=1220.3700,=1226.6300,=1998973313044.9004,=650405543982,=432462730140.1101,=8.0079,=0.6923,=8.2245,=7.0781,=6.5933
2021-03-15,=1223.3900,=1229.6700,=2005609187831.6001,=650678131920,=434212934836.9400,=8.1270,=0.7806,=8.2245,=7.0720,=6.5933
2021-03-12,=1261.3200,=1267.8000,=1817538872639.1699,=654683096076,=429166979432.5000,=7.7229,=0.6299,=8.2245,=7.0659,=6.5933
2021-03-11,=1267.3000,=1273.8100,=1825009021838.9900,=656461163144,=431553755987.0200,=7.8711,=0.6405,=8.2245,=7.0608,=6.5933
2021-03-10,=1232.7300,=1239.0600,=1768612008751.6101,=641392722873,=419583833297.2100,=7.6490,=0.6316,=8.2272,=7.0558,=6.5843
2021-03-09,=1230.1400,=1236.4500,=1756359567425.6602,=636125082074,=417678260047.5401,=7.7521,=0.6358,=8.2272,=7.0464,=6.5843
2021-03-08,=1275.4600,=1282,=1819673111952.4695,=657412946234,=432323718314.6101,=8.1193,=0.7667,=8.2272,=7.0371,=6.5843
2021-03-05,=1329.8400,=1336.6700,=1892536575827.3403,=685801584736,=450938827091.4800,=8.5694,=0.9128,=8.2272,=7.0240,=6.5843
2021-03-04,=1324.1600,=1330.9600,=1886908756088.4399,=680810016194,=449239738018.0901,=8.3189,=0.8581,=8.2245,=7.0109,=6.5843
2021-03-03,=1359.4000,=1366.3800,=1927723454547.0100,=700479543667,=460928775591.9900,=8.7558,=0.9524,=8.2245,=7.0040,=6.5722
2021-03-02,=1352.0400,=1358.9800,=1918912376244.6201,=696564754310,=458510323744.7800,=8.6030,=0.9384,=8.1962,=6.9972,=6.5722
2021-03-01,=1358.1400,=1365.1100,=1922413223779.1299,=699461370470,=461024291182.4900,=8.5502,=0.9172,=8.1951,=6.9945,=6.5722
2021-02-26,=1325.5900,=1332.3900,=1875788786275.6101,=681653818666,=450463806486.8200,=7.9939,=0.7083,=8.1209,=6.9918,=6.5722
2021-02-25,=1349.7100,=1356.6400,=1915265111530.4497,=696825246573,=458074817561.5801,=8.0852,=0.7762,=8.1209,=6.9854,=6.5722
2021-02-24,=1365.6400,=1372.6500,=1931893977258.2800,=700573220410,=463260273436.6801,=8.5624,=0.9225,=8.1951,=6.9789,=6.5551
2021-02-23,=1390.5300,=1397.6600,=1970920433987.0205,=718556665541,=472164354821.8600,=8.4626,=0.9078,=8.1209,=6.9779,=6.5551
2021-02-22,=1389.9200,=1397.0500,=1961942550557.0696,=714524329678,=471775931355.2000,=8.7794,=0.9571,=8.1047,=6.9769,=6.5551
2021-02-19,=1427.9100,=1435.2400,=2024487747354.1604,=713589721615,=485603515588.9000,=8.3669,=0.9065,=8.0945,=6.9703,=6.5551
2021-02-18,=1429.7400,=1437.0800,=2029062481856.8096,=714252691377,=486386444839.2600,=8.2294,=0.8551,=8.0842,=6.9636,=6.5551
2021-02-10,=1437.0200,=1444.4000,=2022115524409.8296,=707290128887,=488472439136.6600,=8.2975,=0.8978,=8.0842,=6.9601,=6.5314
2021-02-09,=1427.6800,=1435.0100,=2004817685813.2305,=702080852363,=485136893148.2599,=8.2245,=0.8529,=8.0781,=6.9566,=6.5314
2021-02-08,=1382.4800,=1389.5800,=1927844249148.4504,=676327313921,=468795208011.2100,=8.2621,=0.8741,=8.0763,=6.9398,=6.5314
2021-02-05,=1368.8000,=1375.8300,=1920847542617.6899,=673098370617,=464150270680.9299,=8.0306,=0.7687,=8.0762,=6.9230,=6.5314
2021-02-04,=1394.1000,=1401.2500,=1953430106107.8696,=679573417642,=472375504529.9500,=8.3760,=0.9098,=8.0762,=6.9172,=6.5314
2021-02-03,=1410.1500,=1417.3800,=1968927072655.0696,=687664116224,=476212845348.4900,=8.4686,=0.9167,=8.0762,=6.9113,=6.5037
2021-02-02,=1438.0600,=1445.4400,=2003064415090.9705,=695960596352,=486465179516.7600,=8.8755,=0.9924,=8.0644,=6.9093,=6.5037
2021-02-01,=1421.4800,=1428.7800,=1992956235496.8301,=686994564421,=481175363305.2101,=8.9211,=1,=8.0516,=6.9073,=6.5037
2021-01-29,=1421.9600,=1429.2600,=1991291586344.6699,=689752802792,=482231163322.4000,=8.8348,=0.9922,=8.0335,=6.9071,=6.5037
2021-01-28,=1421.5900,=1428.8800,=1979236370495.9299,=684985358945,=480707972250.9800,=8.8113,=0.9844,=7.9953,=6.9069,=6.5037
2021-01-27,=1458.3700,=1465.8600,=2031955348882.8501,=704183923024,=493574534881.9100,=8.8231,=0.9921,=7.9953,=6.9005,=6.4878
2021-01-26,=1478.4500,=1486.0400,=2079290478122.3301,=715954881046,=500755338031.9599,=8.7410,=0.9921,=7.9929,=6.8940,=6.4878
2021-01-25,=1498.6000,=1506.2900,=2100705673593.6599,=730239695585,=506980481077.3500,=8.8518,=1,=7.9807,=6.8873,=6.4878
2021-01-22,=1486.3100,=1493.9400,=2079601227238.3401,=717097229946,=501079138589.0300,=8.5978,=0.9919,=7.9558,=6.8806,=6.4878
2021-01-21,=1482.2800,=1489.8900,=2076769619873.6001,=712288919835,=501105102220.2799,=8.4940,=0.9837,=7.9347,=6.8767,=6.4878
2021-01-20,=1481.4500,=1489.0600,=2067367072120.4600,=703891542707,=500179402359.8101,=8.2916,=0.9754,=7.9347,=6.8727,=6.4837
2021-01-19,=1443.9200,=1451.3300,=2019469442899.5896,=669315392132,=487294740727.1500,=8.0335,=0.8512,=7.8838,=6.8641,=6.4837
2021-01-18,=1481.2500,=1488.8500,=2070547663034.3999,=688639338385,=499670051680.2900,=8.1209,=0.9250,=7.8728,=6.8555,=6.4837
2021-01-15,=1447.5800,=1455.0100,=2027036921169.2600,=660645227001,=485674910519.1000,=8.2692,=0.9748,=7.3996,=6.8513,=6.4837
2021-01-14,=1447.2700,=1454.7000,=2041169363817.6396,=659092558026,=486640026622.7200,=8.1951,=0.9407,=7.3933,=6.8472,=6.4837
2021-01-13,=1407.4100,=1414.6400,=1983265224491.3501,=639947187642,=472480034123.3700,=7.9929,=0.8632,=7.3933,=6.8355,=6.4655
2021-01-12,=1405.2200,=1412.4400,=1983669471453.4104,=641583038991,=471850709736.4200,=8.2272,=0.9569,=7.3798,=6.8239,=6.4655
2021-01-11,=1390.6600,=1397.7900,=1964656602864.5601,=637142908486,=467171464798.6000,=7.8728,=0.8348,=7.3401,=6.8210,=6.4655
2021-01-08,=1378.7400,=1385.8200,=1940489004478.6201,=631843873261,=462813945749.5900,=8.0945,=0.9386,=7.3194,=6.8181,=6.4655
2021-01-07,=1381.9400,=1389.0400,=1930475062178.1299,=634747199342,=463740240877.5800,=8.1962,=0.9558,=7.2182,=6.8118,=6.4655
2021-01-06,=1415.0200,=1422.2900,=1981016486874.6499,=650526565791,=475569112971.9900,=8.3540,=0.9821,=7.2182,=6.8054,=6.4626
2021-01-05,=1425.1600,=1432.4800,=1982024435334.8799,=656840342989,=478453693452.8800,=8.5812,=0.9910,=7.2093,=6.8022,=6.4626
2021-01-04,=1422.1200,=1429.4200,=1966645600537.5305,=656966997859,=477303166994.6201,=8.6326,=1,=7.2073,=6.7990,=6.4626
2020-12-31,=1393.0300,=1400.1800,=1931431147474.4099,=640635223384,=466803401682.6201,=8.0644,=0.9358,=7.2000,=6.7927,=6.4626
2020-12-30,=1362.9100,=1369.9100,=1880993339269.9199,=621717432692,=456275634434.9300,=7.9953,=0.9259,=7.1839,=6.7864,=6.4626
2020-12-29,=1337.4700,=1344.3300,=1834800564988.8301,=609542857862,=446488695988.5102,=8.0762,=0.9439,=7.1839,=6.7574,=6.4494
2020-12-28,=1339.0100,=1345.8800,=1833003734936.5496,=610021673699,=447054373583.3900,=8.2628,=1,=7.1668,=6.7285,=6.4494
2020-12-25,=1349.7900,=1356.7200,=1856995852196.2100,=614046871476,=450402790198.0701,=8.0842,=0.9810,=7.1586,=6.7252,=6.4494
2020-12-24,=1348.0100,=1354.9300,=1855015673761.3896,=610602663363,=449655724262.0500,=8.0516,=0.9615,=7.1465,=6.7218,=6.4494
2020-12-23,=1376.6000,=1383.6600,=1896273851414.8701,=624637385789,=459416905151.9302,=8.2556,=1,=7.1395,=6.7194,=6.4494
2020-12-22,=1358.6200,=1365.5900,=1871469205397.0601,=616161802767,=453646215866.7801,=8.1047,=1,=7.1395,=6.7169,=6.4473
2020-12-21,=1388.6700,=1395.8000,=1898999239817.7705,=626088582771,=463182953159.8199,=8.0781,=1,=7.1336,=6.7163,=6.4473
2020-12-18,=1361.1100,=1368.0900,=1871939335224.6499,=613786287454,=453875413318.5800,=7.9807,=0.9900,=7.0978,=6.7158,=6.4473
2020-12-17,=1363.3600,=1370.3600,=1883715339487.8799,=615295286150,=454606394644.4100,=8.0763,=1,=7.0965,=6.7097,=6.4473
2020-12-16,=1345.1300,=1352.0400,=1857689779602.0400,=607297817316,=448990343046.3400,=7.8838,=0.9796,=7.0781,=6.7035,=6.4473
2020-12-15,=1363.1800,=1370.1800,=1897581484664.5000,=616202810572,=456037672753.5500,=7.9558,=1,=7.0781,=6.6923,=6.4273
2020-12-14,=1375.0600,=1382.1200,=1919584719112.9600,=618391747760,=460922941748.2300,=7.9347,=1,=7.0659,=6.6810,=6.4273
2020-12-11,=1362.9600,=1369.9600,=1181564469277.5200,=505129105912,=350613311811.8001,=5.8175,=0,=7.0558,=6.6810,=6.4273
2020-12-10,=1360.1800,=1367.1700,=1168246279503.3398,=496970998442,=342101273952.2401,=5.8732,=0,=7.0558,=6.6810,=6.4473
2020-12-09,=1365.0400,=1372.0400,=1162724580685.7000,=493414208174,=337485598734.4900,=5.9271,=0,=7.0558,=6.6923,=6.4494
2020-12-08,=1398.7300,=1405.9100,=1187737944632.3799,=503425325552,=343415017371.1201,=6.1097,=0.0326,=7.0659,=6.7035,=6.4494
2020-12-07,=1406.1900,=1413.4100,=1191623217956.3604,=503940975452,=343047776371.3701,=6.0605,=0.0110,=7.0659,=6.7097,=6.4626
2020-12-04,=1404.8700,=1412.0800,=1189292350064.8098,=501513729869,=341362230537.3900,=6.1242,=0.0222,=7.0659,=6.7158,=6.4655
2020-12-03,=1410.8300,=1418.0700,=1195780787407.6201,=503462434355,=343049236808.5299,=6.1814,=0.0449,=7.0659,=6.7163,=6.4837
2020-12-02,=1408.4900,=1415.7200,=1191973136062.8999,=501571982193,=343318237400.6200,=6.3276,=0.0682,=7.0659,=6.7169,=6.4878
2020-12-01,=1404.2400,=1411.4500,=1186222644142.6101,=498445544521,=340780128157.4400,=6.3871,=0.0920,=7.0781,=6.7194,=6.4878
2020-11-30,=1385.4800,=1392.5900,=1166677110280.8398,=489577952837,=334887713151.4900,=6.4494,=0.1395,=7.0781,=6.7218,=6.5037
2020-11-27,=1387.7700,=1394.8900,=1161977126579.3701,=486948875534,=332884584017.3101,=6.3704,=0.0824,=7.0781,=6.7252,=6.5314
2020-11-26,=1385.3100,=1392.4200,=1158368835112.3501,=484214603022,=331030400623.5200,=6.3625,=0.0714,=7.0781,=6.7285,=6.5551
2020-11-25,=1388.3600,=1395.4900,=1159084883824.5698,=485096388920,=331909216400.1900,=6.4655,=0.1325,=7.0781,=6.7574,=6.5722
2020-11-24,=1412.7500,=1420,=1176127610459.2502,=493062472663,=336816391526.2301,=6.4626,=0.1220,=7.0965,=6.7864,=6.5722
2020-11-23,=1418.1000,=1425.3800,=1181127539667.2400,=494513699905,=337292682019.1099,=6.4473,=0.1111,=7.0965,=6.7927,=6.5843
2020-11-20,=1430.7200,=1438.0600,=1193632618571.0500,=497760190755,=340599322691.3300,=6.5314,=0.1500,=7.0965,=6.7990,=6.5933
2020-11-19,=1435.9200,=1443.3000,=1201783476967.8799,=500718230993,=341412098440.1801,=6.5843,=0.1772,=7.0965,=6.8022,=6.6045
2020-11-18,=1419.2300,=1426.5100,=1184158849502.5801,=492298578645,=337158293105.3700,=6.6478,=0.3462,=7.0965,=6.8054,=6.6101
2020-11-17,=1430.8100,=1438.1500,=1192583605302.0601,=451950252715,=340184969266.9301,=6.7990,=0.4805,=7.0978,=6.8118,=6.6045
2020-11-16,=1446.9500,=1454.3800,=1206136279110.2998,=458348728121,=344060674190.5801,=6.7864,=0.4737,=7.0978,=6.8181,=6.6045
2020-11-13,=1436.8900,=1444.2600,=1197747870582.9902,=454151824966,=344077455028.3200,=6.6348,=0.3200,=7.0978,=6.8210,=6.6045
2020-11-12,=1413.2900,=1420.5500,=1176704090022.1001,=444477479516,=337025812038.1500,=6.6045,=0.2027,=7.0978,=6.8239,=6.6045
2020-11-11,=1395.5100,=1402.6700,=1160894138512.6599,=440056426788,=331238227113.7700,=6.6279,=0.2466,=7.0978,=6.8355,=6.6101
2020-11-10,=1441.9600,=1449.3700,=1202567053981.1599,=455321221225,=343624827303.3702,=6.9230,=0.6111,=7.1336,=6.8472,=6.5933
2020-11-09,=1485.1500,=1492.7700,=1239768349558.7100,=466753693831,=353235984551.5399,=7.0978,=0.7887,=7.1336,=6.8355,=6.5933
2020-11-06,=1441.4700,=1448.8700,=1201932036934.0901,=442588613866,=339929707528.6700,=6.8181,=0.4857,=7.1336,=6.8239,=6.5933
2020-11-05,=1475.3800,=1482.9500,=1229125224954.2700,=441395748047,=347164628782.8500,=6.8806,=0.5507,=7.1336,=6.8355,=6.5933
2020-11-04,=1458.9000,=1466.3800,=1217884174405.8899,=422092260339,=343913927253.8599,=6.6758,=0.3676,=7.1336,=6.8239,=6.5933
2020-11-03,=1449.0100,=1456.4400,=1211363557396.1699,=421126430181,=343050011248.2301,=6.6810,=0.3731,=7.1395,=6.8355,=6.5722
2020-11-02,=1400.9100,=1408.1000,=1170828672881.1699,=407602149639,=331422343133.1700,=6.5037,=0.1667,=7.1395,=6.8472,=6.5722
2020-10-30,=1393.9100,=1401.0600,=1163014167246.0400,=402523749270,=330257052096.7201,=6.4273,=0.1231,=7.1395,=6.8513,=6.5933
2020-10-29,=1412.0600,=1419.3000,=1177101621272.9500,=404819370227,=271180146917.6100,=6.6157,=0.2188,=7.1395,=6.8555,=6.6101
2020-10-28,=1406.0700,=1413.2400,=1170231385785.8098,=400077725310,=214405945795,=6.7218,=0.4127,=7.1395,=6.8641,=6.6101
2020-10-27,=1385.7500,=1392.8100,=1151903204752.3501,=387292688014,=178538817616.3800,=6.6810,=0.3548,=7.1465,=6.8727,=6.5933
2020-10-26,=1356.1100,=1363.0200,=1126704682503.9302,=381252435265,=173565337577.6700,=6.6101,=0.2131,=7.1465,=6.8833,=6.5933
2020-10-23,=1336.5300,=1343.3400,=1110865996069.6602,=369599252479,=170903622407.6500,=6.4837,=0.1333,=7.1465,=6.8940,=6.5933
2020-10-22,=1376.5800,=1383.5900,=1147571375610.1001,=381398088346,=173103995613.9700,=6.5933,=0.1864,=7.1465,=6.9005,=6.6273
2020-10-21,=1396.9800,=1404.1000,=1162595061293.5698,=385443684948,=172302180456.6200,=7.0659,=0.7069,=7.1465,=6.9069,=6.6301
2020-10-20,=1426.1800,=1433.4500,=1188391902949.8098,=395541621137,=175789309552.8100,=7.1586,=0.8070,=7.1586,=6.9005,=6.6273
2020-10-19,=1412.1500,=1419.3400,=1175213016654.7000,=391755651891,=173857352934.3000,=7.0965,=0.7500,=7.1465,=6.8940,=6.6273
2020-10-16,=1438.5300,=1445.8600,=1193841771710.7302,=398188413949,=177041595029.8300,=7.2182,=0.9091,=7.1465,=6.8833,=6.6273
2020-10-15,=1453.7900,=1461.2000,=1205795365672.9900,=402995482398,=169745998326.1200,=7.2093,=0.9074,=7.1395,=6.8727,=6.6273
2020-10-14,=1488.6700,=1496.2600,=1233986632130.2998,=411426268701,=173818816475.1000,=7.3401,=0.9434,=7.1336,=6.8641,=6.6273
2020-10-13,=1497.6000,=1505.2300,=1246085167291.2200,=415308934303,=174946048704.3800,=7.1668,=0.8654,=7.1336,=6.8555,=6.5722
2020-10-12,=1490.5800,=1498.1700,=1241214699457.0105,=414055810043,=174202012634.8100,=7.2073,=0.9216,=7.0781,=6.8513,=6.5722
2020-10-09,=1465.9600,=1473.4300,=1219332709066.5798,=406060672583,=171315011280.8401,=7.0781,=0.8200,=7.0558,=6.8472,=6.5722
2020-09-30,=1418.8000,=1426.0300,=1179092484155,=392701017582,=165626519853.2300,=6.9073,=0.6122,=7.0371,=6.8355,=6.5722
2020-09-29,=1389.9600,=1397.0500,=1157465469804.8999,=356316922954,=162331005705.3201,=6.8239,=0.5000,=7.0371,=6.8239,=6.5722
2020-09-28,=1338.9500,=1345.7700,=1115573336814.1001,=342370571889,=156431465306.3300,=6.6311,=0.2766,=7.0558,=6.8263,=6.5551
2020-09-25,=1364.0200,=1370.9800,=1133849732712,=348885073293,=159168036745.1400,=6.8727,=0.5435,=7.0558,=6.8472,=6.5551
2020-09-24,=1394.9300,=1402.0300,=1159680456596.1001,=351539835303,=162825578828,=6.9769,=0.6667,=7.0558,=6.8263,=6.5551
2020-09-23,=1423.9000,=1431.1600,=1185631003098.7000,=360385311818,=166277944929.4200,=7.1395,=0.8409,=7.0558,=6.8054,=6.5551
2020-09-22,=1390.0900,=1397.1700,=1159419556603.6001,=352013796365,=162502957655.6300,=6.8940,=0.5814,=7.0371,=6.7670,=6.5551
2020-09-21,=1397.7500,=1404.8700,=1167194930174.3000,=355554365948,=163408449588.0501,=6.9789,=0.6905,=7.0558,=6.7285,=6.4878
2020-09-18,=1403.9000,=1411.0500,=1171591993411.2000,=355354991014,=164223375665.1900,=6.9972,=0.7317,=7.0558,=6.7227,=6.4878
2020-09-17,=1383.5900,=1390.6400,=1154997855215,=349931068257,=161914804488.5800,=6.8555,=0.6000,=7.0558,=6.7169,=6.4878
2020-09-16,=1349.6700,=1356.5500,=1127462763108.2998,=340330451514,=157961729011.3000,=6.6273,=0.2821,=7.0558,=6.7163,=6.4878
2020-09-15,=1364.6000,=1371.5600,=1143649895729.7000,=344229546913,=159803691613.6500,=6.7285,=0.5263,=7.0558,=6.7169,=6.4878
2020-09-14,=1348.0700,=1354.9400,=1128170363146.1001,=337858085454,=157781913679.0600,=6.5722,=0.2703,=7.1336,=6.7163,=6.4191
2020-09-11,=1312.5100,=1319.2000,=1030320851047.4000,=324963777897,=147723590585.8500,=6.0837,=0.0278,=7.1336,=6.7169,=6.4191
2020-09-10,=1280.1900,=1286.7100,=1006940307569.1000,=316553238878,=144097672184.1600,=5.9408,=0,=7.1336,=6.7611,=6.4878
2020-09-09,=1298.0800,=1304.6900,=1016491875384.9000,=321921135769,=146074505205.3900,=6.1614,=0.0294,=7.1336,=6.8054,=6.5551
2020-09-08,=1344.6100,=1351.4600,=1051751880650,=334798676499,=151231431221.2000,=6.4191,=0.1212,=7.1336,=6.8263,=6.6301
2020-09-07,=1356.7000,=1363.6100,=1060219391409.4000,=338427854049,=152610523090.7900,=6.3974,=0.0938,=7.1465,=6.8472,=6.6301
2020-09-04,=1390.2800,=1397.3700,=1088356495239.7000,=348199316155,=156112127133.7301,=6.6321,=0.1935,=7.1465,=6.8771,=6.6321
2020-09-03,=1402.1400,=1409.2900,=1094817091759.8000,=348586473580,=157543839462.1900,=6.6383,=0.2667,=7.1465,=6.9069,=6.6334
2020-09-02,=1422.9500,=1430.2000,=1111426386962.8000,=351962340139,=160234610894.2600,=6.6575,=0.2759,=7.1465,=6.9091,=6.6334
2020-09-01,=1426.6500,=1433.9200,=1115106465835.5000,=354175042408,=160398967234.7000,=6.7169,=0.3571,=7.1465,=6.9113,=6.6334
2020-08-31,=1423.2400,=1430.4900,=1117418142390.8999,=352446341587,=160085697777.2001,=6.6334,=0.2222,=7.1839,=6.9340,=6.6301
2020-08-28,=1413.6400,=1420.8400,=1106404195472.3000,=349161887008,=158684385952.4900,=6.4878,=0.1154,=7.1839,=6.9566,=6.6301
2020-08-27,=1417.5600,=1424.7800,=1108350174752.3999,=348427967931,=159247234500.2300,=6.6357,=0.2000,=7.1839,=6.9601,=6.6357
2020-08-26,=1383.3100,=1390.3500,=1080707647724.1000,=338183821083,=155362200015.1200,=6.5551,=0.1250,=7.1839,=6.9636,=6.7035
2020-08-25,=1427.7000,=1434.9800,=1112624262831,=349666937839,=159692432532.2601,=6.8054,=0.2609,=7.1839,=6.9777,=6.7158
2020-08-24,=1450.6700,=1458.0600,=1130440807456.2000,=354857328609,=162384581520.6700,=7.0109,=0.5455,=7.2000,=6.9918,=6.7035
2020-08-21,=1447.7100,=1455.0900,=1129408311751.8000,=355290986662,=161394786516.3000,=6.9113,=0.3810,=7.2000,=6.9777,=6.7035
2020-08-20,=1442.5800,=1449.9300,=1122032986668.3999,=354918040359,=160089083303,=6.7158,=0.2500,=7.2000,=6.9918,=6.7035
2020-08-19,=1472.0200,=1479.5200,=1144418760615.3000,=360781142891,=163316655404.0300,=6.9636,=0.4211,=7.2000,=7.0145,=6.7035
2020-08-18,=1512.5100,=1520.2200,=1172960706938.5000,=370667831022,=166139621277.8400,=7.1336,=0.6111,=7.2000,=7.0371,=6.7035
2020-08-17,=1496.4000,=1504.0300,=1159716334414.2000,=367847958045,=163719961591.3000,=7.1465,=0.6471,=7.3194,=7.0145,=6.6301
2020-08-14,=1484.0400,=1491.6000,=1152588383306.6001,=364190304061,=162570038441.2500,=7.0558,=0.6250,=7.3194,=6.9918,=6.6301
2020-08-13,=1468.2300,=1475.7100,=1143903967186.8999,=362058358124,=160921190059.5300,=6.9566,=0.4667,=7.3194,=6.9742,=6.6301
2020-08-12,=1458.6400,=1466.0800,=1140083049385.6997,=361016607416,=159986273512.4000,=6.8472,=0.3571,=7.3194,=6.9918,=6.6301
2020-08-11,=1491.8400,=1499.4400,=1166482115790.6001,=355492640900,=163677816430.2501,=7.0371,=0.5385,=7.3194,=7.0145,=6.6301
2020-08-10,=1535.6000,=1543.4200,=1200408213327,=366129368410,=168577772659.0501,=7.2000,=0.6667,=7.3798,=6.9918,=6.2513
2020-08-07,=1526.8000,=1534.5800,=1191541821005.8000,=353276792534,=167497378310.4400,=7.3194,=0.7273,=7.3798,=6.9494,=6.2513
2020-08-06,=1573.8700,=1581.8900,=1232837186033.3000,=363789058665,=172697955527.4000,=7.3798,=0.8000,=7.3798,=6.9069,=6.2513
2020-08-05,=1588.6200,=1596.7200,=1245438068636.6001,=367172703967,=174386155932.1800,=7.3933,=0.8889,=7.1839,=6.8052,=6.2513
2020-08-04,=1566.0600,=1574.0400,=1224095012275.5000,=362404642021,=171848342648.6100,=7.1839,=0.8750,=6.9918,=6.7035,=6.2513
2020-08-03,=1622.8100,=1631.0800,=1267782284755.8000,=375838743973,=178064194248.0700,=7.3996,=1,=6.9918,=6.6668,=6.2319
2020-07-31,=1512.9800,=1520.6900,=1186299448727.5000,=347942902195,=166050181390.5800,=6.9918,=1,=6.9069,=6.6301,=6.2319
2020-07-30,=1472.7900,=1480.3000,=1159122956802,=339242970013,=161719997666.6100,=6.7035,=0.8000,=6.7035,=6.4407,=6.2319
2020-07-29,=1476.9200,=1484.4500,=1162683237142.7000,=339292931500,=162179631246.2001,=6.6301,=0.7500,=6.6301,=6.2513,=6.2319
2020-07-28,=1400.5400,=1407.6700,=1106245598810.8999,=320736493479,=153927306476.0500,=6.2513,=0.6667,=6.2513,=6.2416,=6.2319
2020-07-27,=1374.5200,=1381.5200,=1087181382392.3000,=315574524266,=150899911883.8700,=6.1397,=0,=6.9069,=6.2319,=6.1397
2020-07-24,=1389.3100,=1396.3800,=1101597441755.3999,=319564191069,=152949161882.6700,=6.2319,=0,=6.9069,=6.5694,=6.2319
2020-07-23,=1494.1400,=1501.7500,=1177304144651.6997,=341338849879,=164035403573.3301,=6.9069,,=6.9069,=6.9069,=6.9069

数据来源于：理杏仁网站(lixinger.com)