日期,收盘点位,全收益收盘点位(元),市值(元),流通市值(元),自由流通市值(元),PE-TTM市值加权,PE-TTM 分位点,PE-TTM 80%分位点值,PE-TTM 50%分位点值,PE-TTM 20%分位点值
2026-07-17,=12327.9000,=17295.7800,=3867205312775.4102,=3539871471203,=1747150613827.4231,=19.8469,=0.1452,=39.7178,=28.6121,=21.1138
2026-07-16,=12536.4900,=17579.7200,=3917868936568.3198,=3584480778554,=1768529718720.8701,=20.1069,=0.1581,=39.7188,=28.6126,=21.1138
2026-07-15,=12439.5200,=17374.9400,=3894021685029.4609,=3564786415354,=1756912111915.2202,=19.9845,=0.1521,=39.7188,=28.6132,=21.1180
2026-07-14,=11997.6600,=16757.7800,=3764615653766.2905,=3446562190692,=1699026655662.8943,=19.3204,=0.1185,=39.7188,=28.6166,=21.1446
2026-07-13,=11953.6100,=16696.2500,=3749826531103.7202,=3432351807805,=1692985266805.0906,=19.2445,=0.1113,=39.7188,=28.6200,=21.1458
2026-07-10,=11968.1500,=16715.8500,=3747676555434.5190,=3431126058871,=1691240903985.1182,=19.2335,=0.1101,=39.7188,=28.6239,=21.1635
2026-07-09,=11736.4700,=16391.6300,=3674602259984.2500,=3364111476377,=1659377317753.1021,=18.8584,=0.0806,=39.7299,=28.6278,=21.1635
2026-07-08,=11853.8200,=16555.5300,=3717570730759.0103,=3405501999982,=1678919647054.9976,=19.0790,=0.0954,=39.7299,=28.6289,=21.1662
2026-07-07,=11942.8500,=16679.8700,=3720534174264.2100,=3403519464053,=1681112257361.3899,=19.0942,=0.0971,=39.7299,=28.6301,=21.1709
2026-07-06,=12125.1800,=16934.5200,=3781372883873.3789,=3459616950491,=1706419928279.6499,=19.4064,=0.1242,=39.7299,=28.6361,=21.1723
2026-07-03,=11888.2800,=16603.6600,=3725148660498.7998,=3411746420413,=1678835432499.6602,=19.1179,=0.0991,=39.7299,=28.6421,=21.1797
2026-07-02,=11885.5800,=16596.6300,=3730629610829.6299,=3437541824555,=1682533784486.0845,=19.1460,=0.1010,=39.7382,=28.6437,=21.1797
2026-07-01,=11921.4700,=16646.7300,=3730828662608.0698,=3437162323754,=1681324018671.8042,=19.1470,=0.1011,=39.7382,=28.6454,=21.1817
2026-06-30,=11658.4600,=16279.4800,=3670753232876.3701,=3387969928141,=1653837618888.9036,=18.8387,=0.0790,=39.7382,=28.6481,=21.1861
2026-06-29,=11779.9200,=16435.2900,=3705438497594.1382,=3417232441329,=1669930894480.4617,=19.0167,=0.0924,=39.7382,=28.6508,=21.1984
2026-06-26,=11451.0900,=15976.5100,=3613457297878.0308,=3331823489520,=1627194224046.8601,=18.5446,=0.0575,=39.7382,=28.6563,=21.1989
2026-06-25,=11592.1800,=16135.2000,=3694360091674.5703,=3411171365808,=1661627763019.3645,=18.9598,=0.0869,=39.7443,=28.6617,=21.1989
2026-06-24,=11564.9200,=16097.2600,=3684781655792.2412,=3400790900198,=1656808215894.2500,=18.9107,=0.0830,=39.7443,=28.6631,=21.2070
2026-06-23,=11746.1100,=16332.9200,=3736214573913.3179,=3446620514913,=1680233112900.4199,=19.1746,=0.1027,=39.7443,=28.6646,=21.2078
2026-06-22,=11933.8800,=16589.4500,=3792983596949.9888,=3499627742518,=1706424076337.8440,=19.4660,=0.1258,=39.7443,=28.6665,=21.2109
2026-06-18,=11832.4800,=16448.5000,=3744536837043.0298,=3453459621087,=1683933586404.1399,=19.2174,=0.1068,=39.7443,=28.6685,=21.2137
2026-06-17,=12111.3800,=16831.7000,=3828650423210.6802,=3530658498753,=1721540811363.3721,=19.6490,=0.1341,=39.7471,=28.6685,=21.2137
2026-06-16,=12234.7800,=16989.1600,=3872266853592.8599,=3568822753659,=1740227070187.1541,=19.8729,=0.1421,=39.7471,=28.6686,=21.2237
2026-06-15,=12453.5700,=17292.9600,=3934258299925.5410,=3624949492278,=1768152136949.0081,=20.1910,=0.1577,=39.7471,=28.6687,=21.2607
2026-06-12,=12532.0100,=17381.2100,=4017229560115.6992,=3705322831127,=1809550890916.5120,=21.0575,=0.1935,=39.7471,=28.6688,=21.2699
2026-06-11,=12412.8100,=17214.6400,=3977528047951.8398,=3671878389198,=1792870972624.8464,=20.8494,=0.1838,=39.7471,=28.6701,=21.2710
2026-06-10,=12420.4600,=17225.2400,=3975981368811.8101,=3667967967166,=1791428467460.4141,=20.8413,=0.1834,=39.7578,=28.6714,=21.2710
2026-06-09,=12302.3500,=17061.4500,=3932140160305.9009,=3626385489669,=1771219779251.0295,=20.6115,=0.1747,=39.7578,=28.6720,=21.2776
2026-06-08,=12364.6500,=17147.8600,=3951115442425.5498,=3645120941738,=1780564644600.8335,=20.7109,=0.1776,=39.7578,=28.6726,=21.3089
2026-06-05,=12557.5100,=17410.3800,=4003300792466.5308,=3692284387914,=1802944192695.2524,=20.9845,=0.1891,=39.7578,=28.6745,=21.3332
2026-06-04,=12623.7600,=17432.8500,=4006648586394.9302,=3695886800789,=1808051345784.8535,=21.0020,=0.1896,=39.7578,=28.6764,=21.3337
2026-06-03,=12856.3300,=17740.8000,=4073558065846.1211,=3753771795261,=1836536625486.6875,=21.3528,=0.2004,=39.7596,=28.6772,=21.3337
2026-06-02,=13034.5700,=17979.3600,=4138458966668.8198,=3813213102302,=1865106637040.1599,=21.6930,=0.2077,=39.7596,=28.6779,=21.3337
2026-06-01,=13244.4800,=18268.4600,=4185941986086.4102,=3854188499644,=1885940605625.7395,=21.9419,=0.2132,=39.7596,=28.6781,=21.3337
2026-05-29,=13190.3900,=18193.8500,=4189991576584.6699,=3862601696716,=1889122092687.4116,=21.9631,=0.2137,=39.7596,=28.6783,=21.3337
2026-05-28,=12865.4100,=17745.5900,=4069919056588.0698,=3749573288476,=1833822110207.1985,=21.3337,=0.2001,=39.7596,=28.6789,=21.3337
2026-05-27,=13099.6500,=18067.6000,=4151302290140.9302,=3824021834990,=1869304217215.6699,=21.7603,=0.2089,=39.7666,=28.6796,=21.3332
2026-05-26,=13074.6100,=18016.2200,=4110709491533.8198,=3784342906208,=1853140738085.1465,=21.5475,=0.2048,=39.7666,=28.6844,=21.3332
2026-05-25,=13104.6400,=18049.8300,=4134015921145.0986,=3809386357559,=1862288805056.5315,=21.6697,=0.2071,=39.7666,=28.6893,=21.3332
2026-05-22,=13093.3400,=18034.2700,=4137037425066.8589,=3811210958596,=1862875114489.2544,=21.6855,=0.2071,=39.7666,=28.6924,=21.3332
2026-05-21,=13270.0800,=18277.7100,=4192190894349.5210,=3863258817448,=1890058555490.5640,=21.9746,=0.2128,=39.7666,=28.6956,=21.3332
2026-05-20,=13420.8000,=18483.4800,=4230777072330.7900,=3897104048284,=1906245910900.1096,=22.1769,=0.2160,=39.7929,=28.6958,=21.3089
2026-05-19,=13451.4600,=18525.7100,=4247127171147.1001,=3910692839382,=1913532437201.2280,=22.2626,=0.2188,=39.7929,=28.6961,=21.3089
2026-05-18,=13467.5700,=18547.8900,=4249274462522.2700,=3912923994043,=1914210154697.0603,=22.2738,=0.2190,=39.7929,=28.6961,=21.3089
2026-05-15,=13642.8100,=18781.5700,=4295479840818.6694,=3951725240816,=1935507258258.8601,=22.5160,=0.2252,=39.7929,=28.6962,=21.3089
2026-05-14,=13850.6700,=19067.7300,=4352859857293.6899,=4004978557057,=1960139379464.7200,=22.8168,=0.2323,=39.7929,=28.7003,=21.3089
2026-05-13,=13839.3100,=19052.1000,=4355778558935.4189,=4005848374334,=1960347960518.6597,=22.8321,=0.2326,=39.8023,=28.7043,=21.2776
2026-05-12,=13938.7100,=19188.9400,=4386589846841.7998,=4034753237321,=1974848330682.0896,=22.9936,=0.2352,=39.8023,=28.7157,=21.2776
2026-05-11,=14146.9700,=19475.6400,=4435101766829.7002,=4077283718202,=1997698190645.2600,=23.2479,=0.2413,=39.8023,=28.7270,=21.2776
2026-05-08,=14116.9500,=19434.3100,=4443811005627.6807,=4088227490889,=1995304325916.8997,=23.2936,=0.2426,=39.8023,=28.7295,=21.2776
2026-05-07,=14214.3600,=19568.4100,=4463413397332.0996,=4105774284925,=2003547092753.7695,=23.3963,=0.2456,=39.8023,=28.7321,=21.2776
2026-05-06,=14272.1200,=19647.9200,=4477518762516.7695,=4116421287578,=2010731858315.4297,=24.8295,=0.2865,=39.8123,=28.7343,=21.2710
2026-04-30,=14358.2300,=19766.4700,=4511969248634.1699,=4150988604855,=2025227604103.1597,=25.0206,=0.2937,=39.8123,=28.7366,=21.2710
2026-04-29,=14352.7300,=19758.9100,=4536968036493.9805,=4178086099275,=2019366941077.4705,=23.9346,=0.2565,=39.8123,=28.7386,=21.2710
2026-04-28,=14103.8500,=19404.0800,=4498226335356.2295,=4145827720900,=1996830517310.7903,=22.6054,=0.2280,=39.8123,=28.7405,=21.2710
2026-04-27,=14051.1500,=19331.5800,=4488132227004.8896,=4137719031290,=1991425984501.5801,=22.3101,=0.2202,=39.8123,=28.7405,=21.2710
2026-04-24,=14198.5100,=19534.3100,=4575848651483.5195,=4222826969453,=2030746639238.5701,=22.7870,=0.2313,=39.8191,=28.7405,=21.2699
2026-04-23,=14193.6000,=19527.5700,=4534798642900.8096,=4179299949373,=2011342913352.9597,=20.9114,=0.1870,=39.8191,=28.7449,=21.2699
2026-04-22,=14187.8000,=19519.5900,=4518719140259.0791,=4159906605785,=2005014642893.6204,=20.7905,=0.1821,=39.8191,=28.7494,=21.2710
2026-04-21,=14285.9000,=19654.5500,=4541717119266.5107,=4180220024052,=2016085183137.3701,=19.7098,=0.1378,=39.8191,=28.7575,=21.2776
2026-04-20,=14275.1100,=19633.0100,=4535673404376.8115,=4174475368596,=2014344283409.0803,=19.6836,=0.1371,=39.8191,=28.7656,=21.3089
2026-04-17,=14276.3700,=19634.7300,=4533542217399.7100,=4171528641305,=2013009982320.9500,=19.6176,=0.1339,=39.8312,=28.7678,=21.3089
2026-04-16,=14490.6600,=19929.4600,=4634635616878.6104,=4269289135429,=2060984537411.0095,=19.4078,=0.1237,=39.8312,=28.7701,=21.3332
2026-04-15,=14481.9200,=19917.4400,=4634575515929.5400,=4271457293775,=2073660474049.1299,=19.4075,=0.1234,=39.8312,=28.7751,=21.3485
2026-04-14,=14457.6900,=19884.1100,=4607657743749.8486,=4244820874826,=2061817044487.2700,=19.3062,=0.1149,=39.8312,=28.7800,=21.3589
2026-04-13,=14319.0500,=19693.4300,=4579813507314.1689,=4221554512979,=2047465922494.7900,=19.1895,=0.1043,=39.8312,=28.7876,=21.3595
2026-04-10,=14319.4300,=19693.9600,=4590750099562.3096,=4234287114852,=2052062351784.2100,=19.2257,=0.1078,=39.8436,=28.7951,=21.3595
2026-04-09,=14363.5200,=19754.6000,=4605847740059.8896,=4249179235377,=2059319474031.6003,=19.2889,=0.1123,=39.8436,=28.7982,=21.3647
2026-04-08,=14560.5300,=20025.5500,=4652592549117.5303,=4290196359405,=2080034799209.7507,=19.4847,=0.1268,=39.8436,=28.8012,=21.3781
2026-04-07,=14354.3500,=19741.9900,=4585476845754.2793,=4228914722427,=2048824597104.4497,=19.2036,=0.1062,=39.8436,=28.8052,=21.3842
2026-04-03,=14371.8400,=19766.0500,=4608937663167.1699,=4255528656647,=2060116559713.5105,=19.3018,=0.1131,=39.8436,=28.8091,=21.4120
2026-04-02,=14571.8400,=20041.1100,=4652577003036.7900,=4292360057475,=2079206452156.6399,=19.4846,=0.1261,=39.8501,=28.8092,=21.4120
2026-04-01,=14455.4900,=19881.0900,=4629942189284.9287,=4271030080252,=2056488923319.5601,=19.3898,=0.1203,=39.8501,=28.8092,=21.4124
2026-03-31,=14326.9400,=19704.2900,=4587502213135.7793,=4233075578895,=2040383785921.5601,=19.2121,=0.1070,=39.8501,=28.8107,=21.4165
2026-03-30,=14486.9800,=19924.3900,=4593629549050.6201,=4232070254769,=2039488928948.3999,=19.2429,=0.1085,=39.8501,=28.8122,=21.4170
2026-03-27,=14476.7400,=19910.3200,=4583563223977.0508,=4220058686851,=2035537029374.5305,=18.6738,=0.0662,=39.8501,=28.8134,=21.4225
2026-03-26,=14222.8400,=19561.1200,=4509398035931.3711,=4152172608033,=2004601618343.6997,=18.3825,=0.0480,=39.8685,=28.8145,=21.4225
2026-03-25,=14365.1300,=19756.8100,=4551223623462.9209,=4189053218949,=2021747308902.7795,=18.5530,=0.0584,=39.8685,=28.8177,=21.4271
2026-03-24,=14255.9700,=19606.6900,=4524999395381.7402,=4166691438420,=2010077121923.7800,=18.4432,=0.0525,=39.8685,=28.8208,=21.4832
2026-03-23,=14184.7700,=19508.7500,=4509307618457.3096,=4150202417575,=2003195058284.0703,=18.3792,=0.0473,=39.8685,=28.8233,=21.4986
2026-03-20,=14761.7900,=20302.3500,=4668538604123.1309,=4290058387188,=2073305758699.0601,=19.0407,=0.0927,=39.8685,=28.8259,=21.5067
2026-03-19,=14839.0400,=20408.6000,=4695949949804.3193,=4315512099297,=2083953265604.2695,=19.1525,=0.1011,=39.8788,=28.8340,=21.5067
2026-03-18,=15038.0700,=20682.3400,=4753312521074.7305,=4367872834803,=2109876085280.3296,=19.3864,=0.1179,=39.8788,=28.8421,=21.5159
2026-03-17,=15182.5100,=20880.9800,=4802918498397.2695,=4412231307619,=2130943622309.1997,=19.5888,=0.1280,=39.8788,=28.8457,=21.5201
2026-03-16,=15203.5900,=20909.9800,=4783314339732.7100,=4390839113055,=2120855133159.1909,=19.5088,=0.1256,=39.8788,=28.8493,=21.5222
2026-03-13,=15037.7900,=20681.9500,=4698045359605.4688,=4306222882983,=2082998013364.6897,=19.1610,=0.1017,=39.8788,=28.8531,=21.5474
2026-03-12,=14996.3300,=20624.9300,=4656274432178.4102,=4268459638359,=2068703011891.5601,=18.9907,=0.0893,=39.8831,=28.8569,=21.5474
2026-03-11,=14930.4300,=20534.2900,=4656989828860.2891,=4270903426994,=2066226746888.3203,=18.9936,=0.0901,=39.8831,=28.8590,=21.5652
2026-03-10,=14848.1300,=20421.1000,=4642180918791.7305,=4258898434268,=2059495200219.9500,=18.9492,=0.0862,=39.8831,=28.8612,=21.5705
2026-03-09,=14865.4200,=20443.9500,=4643509924539.8906,=4254688751632,=2058316928524.4604,=18.9546,=0.0862,=39.8831,=28.8612,=21.5732
2026-03-06,=14896.7700,=20487.0600,=4644930799379.5498,=4268538334264,=2063414922432.2495,=18.9576,=0.0862,=39.8831,=28.8613,=21.5808
2026-03-05,=14530.5400,=19983.3900,=4567358113063.9902,=4201579763481,=2028450637960.3203,=18.6410,=0.0620,=39.9200,=28.8614,=21.5808
2026-03-04,=14578.5000,=20049.3500,=4575564756688.7510,=4206195248782,=2033430511444.5205,=18.6745,=0.0652,=39.9200,=28.8615,=21.6219
2026-03-03,=14729.1900,=20256.6000,=4635122386645.4600,=4267309933778,=2059392488005.1504,=18.9175,=0.0836,=39.9200,=28.8616,=21.6229
2026-03-02,=14771.4000,=20314.6400,=4656023209181.3398,=4288224649167,=2070220899352.4304,=19.0029,=0.0893,=39.9200,=28.8617,=21.6433
2026-02-27,=14897.7900,=20488.4600,=4699499307247.2998,=4327866209310,=2088708350913.3904,=19.1803,=0.1004,=39.9200,=28.8620,=21.6467
2026-02-26,=14816.5100,=20376.3900,=4697830672392.7402,=4330235406309,=2086557466493.7100,=19.1735,=0.1002,=39.9221,=28.8623,=21.6467
2026-02-25,=14934.3100,=20538.4000,=4749114791041.1191,=4381346077929,=2109455989051.1799,=19.3828,=0.1148,=39.9221,=28.8645,=21.6640
2026-02-24,=14850.0400,=20422.5100,=4707940290785.4600,=4342018751187,=2090257309811.1597,=19.2147,=0.1030,=39.9221,=28.8667,=21.7287
2026-02-13,=14952.5200,=20563.4400,=4747621961611.6406,=4379469665446,=2108428510934.4199,=19.3767,=0.1141,=39.9221,=28.8704,=21.7313
2026-02-12,=14996.4400,=20623.8300,=4757038333635.3906,=4386580501972,=2112314552757.1499,=19.4151,=0.1171,=39.9221,=28.8741,=21.7326
2026-02-11,=15197.6100,=20900.5000,=4819139421446.6807,=4443315159899,=2139446163999.0200,=19.6686,=0.1281,=39.9312,=28.8750,=21.7326
2026-02-10,=15179.8400,=20876.0600,=4815774851070.9717,=4440817496534,=2138315370438.7200,=19.6549,=0.1274,=39.9312,=28.8758,=21.7397
2026-02-09,=15363.3800,=21126.0800,=4875056849460.4102,=4496297300881,=2164795682061.7395,=19.8968,=0.1353,=39.9312,=28.8770,=21.7595
2026-02-06,=15333.4800,=21084.9600,=4857497882741.7402,=4480207324318,=2157108549267.5105,=19.8251,=0.1324,=39.9312,=28.8782,=21.7734
2026-02-05,=15518.6100,=21332.2000,=4927647255085.5107,=4560442447591,=2193463314318.8000,=20.1114,=0.1460,=39.9312,=28.8787,=21.7888
2026-02-04,=15391.3300,=21157.2400,=4863915426314.7197,=4501121845133,=2167664838992.1697,=19.8513,=0.1332,=39.9410,=28.8793,=21.7888
2026-02-03,=15073.7500,=20720.6900,=4745238815118.1299,=4388492083038,=2115165537193.5403,=19.3670,=0.1131,=39.9410,=28.8837,=21.7930
2026-02-02,=14936.8700,=20532.5300,=4659444294889.7793,=4315541739218,=2079984343468.7400,=19.0168,=0.0906,=39.9410,=28.8882,=21.8136
2026-01-30,=14964.9900,=20571.1800,=4635652268249.8516,=4284535598716,=2069113679275.5300,=18.9197,=0.0841,=39.9410,=28.8892,=21.8160
2026-01-29,=15341.6900,=21074.3500,=4763441086292.2295,=4404962630314,=2122739426896.6204,=19.4413,=0.1174,=39.9410,=28.8903,=21.8324
2026-01-28,=14575.3300,=20021.6300,=4472210302759.7090,=4126046500345,=1995473393632.5500,=18.2526,=0.0395,=39.9440,=28.8993,=21.8324
2026-01-27,=14583.6700,=20033.0900,=4493441270063.0391,=4146692876668,=2006040231400.9199,=18.3393,=0.0447,=39.9440,=28.9083,=21.8489
2026-01-26,=14819.2100,=20356.6300,=4541315227885.3896,=4187017313205,=2027339943768.4905,=18.5347,=0.0571,=39.9440,=28.9130,=21.8548
2026-01-23,=14860.6100,=20413.5000,=4545696704520.3711,=4193727397388,=2029194484295.2400,=18.5526,=0.0574,=39.9440,=28.9177,=21.8623
2026-01-22,=14860.5800,=20413.4700,=4549014031043.1904,=4198763117223,=2030581322097.6599,=18.5661,=0.0579,=39.9440,=28.9206,=21.8627
2026-01-21,=14899.8500,=20467.4100,=4569365779817.0293,=4217756375275,=2039431486059.1599,=18.6492,=0.0624,=39.9569,=28.9235,=21.8627
2026-01-20,=15098.3500,=20740.0800,=4635844119287.7813,=4280592202433,=2068825506363.5093,=18.9205,=0.0828,=39.9569,=28.9263,=21.8706
2026-01-19,=15047.2100,=20669.8400,=4625137343544.0215,=4271366621818,=2065379359728.2505,=18.8768,=0.0799,=39.9569,=28.9290,=21.8764
2026-01-16,=15035.5700,=20653.8500,=4632059339515.2900,=4280491569851,=2066993712094.3999,=18.9050,=0.0811,=39.9569,=28.9291,=21.8824
2026-01-15,=15213.5600,=20898.3400,=4673422582284.3604,=4317568487019,=2087241210707.7800,=19.0739,=0.0901,=39.9569,=28.9292,=21.8878
2026-01-14,=15271.5900,=20978.0600,=4696357740639.8701,=4338124714671,=2097660960699.7400,=19.1675,=0.0973,=39.9750,=28.9338,=21.8878
2026-01-13,=15342.4400,=21075.3700,=4725934058888.4307,=4369027210091,=2110505676147.0801,=19.2882,=0.1043,=39.9750,=28.9383,=21.9069
2026-01-12,=15496.5800,=21287.1200,=4769106576724.4297,=4407889569931,=2130420509910.5903,=19.4644,=0.1158,=39.9750,=28.9404,=21.9378
2026-01-09,=15414.9800,=21175.0300,=4743690752222.5908,=4385339372275,=2120365047685.2505,=19.3607,=0.1096,=39.9750,=28.9425,=21.9527
2026-01-08,=15357.9300,=21096.6500,=4725959072430.3496,=4367861478115,=2111432385404.1404,=19.2883,=0.1044,=39.9750,=28.9460,=21.9582
2026-01-07,=15456,=21231.3700,=4752421808526.4814,=4393748817184,=2126724984361.5295,=19.3963,=0.1117,=39.9872,=28.9495,=21.9582
2026-01-06,=15564.9100,=21380.9800,=4778892855996.4805,=4418238147479,=2139142683161.2900,=19.5043,=0.1172,=39.9872,=28.9495,=21.9956
2026-01-05,=15430.1200,=21195.8200,=4749514064277.0303,=4393097756607,=2126115024204.2800,=19.3844,=0.1110,=39.9872,=28.9495,=22.0223
2025-12-31,=15248.5700,=20946.4300,=4653682201413.0898,=4301136521305,=2086085984673.1001,=18.9933,=0.0868,=39.9872,=28.9502,=22.0264
2025-12-30,=15348.4200,=21083.6000,=4688896805895.9609,=4333436993265,=2101811876021.6001,=19.1370,=0.0951,=39.9872,=28.9510,=22.0317
2025-12-29,=15347.7200,=21082.6300,=4702477869894.7412,=4349140436074,=2107902336828.5403,=19.1924,=0.0981,=39.9942,=28.9568,=22.0317
2025-12-26,=15415.9700,=21174.3300,=4732764514052.9404,=4379591688851,=2120773360442.0696,=19.3161,=0.1066,=39.9942,=28.9626,=22.0407
2025-12-25,=15472.5100,=21251.9800,=4741948839552.4404,=4392077480694,=2126145130444.3701,=19.3535,=0.1081,=39.9942,=28.9671,=22.0455
2025-12-24,=15362.2600,=21100.5500,=4706028706778.3994,=4357426083452,=2109131556905.8701,=19.2069,=0.0997,=39.9942,=28.9717,=22.0895
2025-12-23,=15459.6000,=21234.2600,=4732744702415.0605,=4381351504888,=2121253573207.8701,=19.3160,=0.1062,=39.9942,=28.9738,=22.0967
2025-12-22,=15561.0800,=21373.6400,=4752973518312.7393,=4398298534775,=2130956534298.9700,=19.3985,=0.1099,=40.0003,=28.9760,=22.0967
2025-12-19,=15554.4400,=21364.5100,=4753954325487.0303,=4399342933199,=2131561568273.0095,=19.4025,=0.1107,=40.0003,=28.9791,=22.1115
2025-12-18,=15453.3800,=21189.7400,=4753485297170.9199,=4401753041032,=2132412516771.6899,=19.4006,=0.1105,=40.0003,=28.9822,=22.1335
2025-12-17,=15537.4500,=21252.0100,=4776916643440.1826,=4423829449014,=2142218319639.7700,=19.4963,=0.1138,=40.0003,=28.9837,=22.1405
2025-12-16,=15477.0600,=21134.1200,=4750608906503.0684,=4399746791068,=2131603960010.2600,=19.3889,=0.1096,=40.0003,=28.9851,=22.1709
2025-12-15,=15507.0400,=21175.0700,=4759403250471.7090,=4409260570469,=2135449309971.0601,=19.4248,=0.1113,=40.0031,=28.9853,=22.1709
2025-12-12,=15417.2900,=21049.7900,=4775315232252.0303,=4433481430830,=2131265341519.8301,=19.3739,=0.1091,=40.0031,=28.9854,=22.1725
2025-12-11,=15332.5200,=20934.0600,=4754937793704.9404,=4415293648713,=2119378767782.1003,=19.2912,=0.1041,=40.0031,=28.9903,=22.1997
2025-12-10,=15418.4000,=21051.3100,=4763121379915.6914,=4419473180752,=2122750756083.9199,=19.3244,=0.1069,=40.0031,=28.9951,=22.2020
2025-12-09,=15358.9200,=20970.1000,=4744719146475.3213,=4403177567829,=2116252610166.4800,=19.2498,=0.1022,=40.0031,=29.0028,=22.2029
2025-12-08,=15545.9000,=21225.3900,=4800630856607.5400,=4456663000301,=2142713115734.9800,=19.4766,=0.1120,=40.0184,=29.0105,=22.2029
2025-12-05,=15670.3600,=21395.3200,=4840887917751.8213,=4494181394939,=2160209719222.2705,=19.6399,=0.1178,=40.0184,=29.0117,=22.2061
2025-12-04,=15636.7100,=21349.3800,=4824950465017.5322,=4479600178837,=2153906444835.0901,=19.5753,=0.1153,=40.0184,=29.0130,=22.2152
2025-12-03,=15792.7100,=21562.3700,=4864814081629.8994,=4517062814100,=2170925173405.6499,=19.7370,=0.1211,=40.0184,=29.0164,=22.2173
2025-12-02,=15917.9100,=21733.3100,=4902427730517.7813,=4550920741724,=2185841216988.9204,=19.8896,=0.1246,=40.0184,=29.0199,=22.2254
2025-12-01,=16047.2000,=21909.8300,=4942822335920.7207,=4588147474705,=2203994662587.0698,=20.0535,=0.1332,=40.0242,=29.0229,=22.2254
2025-11-28,=16082.9900,=21958.7000,=4949572630140.2813,=4593547099889,=2208669322232.8896,=20.0809,=0.1347,=40.0242,=29.0259,=22.2406
2025-11-27,=15989.5400,=21831.1000,=4931463585591.0801,=4577151474191,=2198444711788.2805,=20.0074,=0.1307,=40.0242,=29.0270,=22.2480
2025-11-26,=15992.0400,=21834.5200,=4931988997103.5088,=4578413927238,=2200021483848.7598,=20.0096,=0.1310,=40.0242,=29.0282,=22.2572
2025-11-25,=16002.6100,=21848.9600,=4931513913169.7510,=4575207961973,=2199637450800.5796,=20.0076,=0.1308,=40.0242,=29.0301,=22.2621
2025-11-24,=15973.3500,=21809.0100,=4935741732901.5391,=4579709411786,=2200208404177.2295,=20.0248,=0.1316,=40.0569,=29.0319,=22.2621
2025-11-21,=15990.6600,=21832.6400,=4960894686387.7285,=4604264339913,=2209496543362.9697,=20.1268,=0.1354,=40.0569,=29.0319,=22.2690
2025-11-20,=16116.8200,=22004.8800,=4990572525962.9883,=4627873589412,=2221772145139.2104,=20.2472,=0.1397,=40.0569,=29.0319,=22.2752
2025-11-19,=16202.7700,=22122.2500,=5014175605235.0986,=4645856520772,=2231202691792.9600,=20.3430,=0.1422,=40.0569,=29.0321,=22.2777
2025-11-18,=16252.0300,=22189.5000,=5030311365866.1797,=4661111876675,=2238409251005.1299,=20.4085,=0.1456,=40.0569,=29.0323,=22.3199
2025-11-17,=16252.6300,=22188.8200,=5030927979606.5908,=4660548008108,=2235104114277.0103,=20.4110,=0.1456,=40.0652,=29.0328,=22.3199
2025-11-14,=16333.6400,=22299.4100,=5032591239674.2197,=4652926288185,=2235366822028.7100,=20.4177,=0.1459,=40.0652,=29.0333,=22.3654
2025-11-13,=16528.6400,=22565.6300,=5087406163447.8711,=4703025441642,=2259903541317.5596,=20.6401,=0.1550,=40.0652,=29.0348,=22.3702
2025-11-12,=16444.6800,=22451.0100,=5064990522033.6094,=4680705526020,=2249504921849.0303,=20.5492,=0.1515,=40.0652,=29.0363,=22.3801
2025-11-11,=16433.4800,=22435.7200,=5058236877482,=4673318568718,=2245770522581,=20.5218,=0.1495,=40.0652,=29.0383,=22.3836
2025-11-10,=16448.9200,=22456.8000,=5061579576179.8506,=4679075319348,=2248649690388.4204,=20.5353,=0.1498,=40.1151,=29.0403,=22.3836
2025-11-07,=15911.7300,=21723.4000,=4915575273961.4600,=4546799904039,=2184520934807.5503,=19.9430,=0.1282,=40.1151,=29.0481,=22.4073
2025-11-06,=15900.1900,=21707.6400,=4913360187145.3613,=4545521249781,=2184035756709.8296,=19.9340,=0.1277,=40.1151,=29.0559,=22.4346
2025-11-05,=15882.9800,=21684.1500,=4894430492935.0391,=4526277232896,=2175490473034.6001,=19.8572,=0.1245,=40.1151,=29.0621,=22.4397
2025-11-04,=15907.2700,=21717.3100,=4912662027888.8389,=4544086635340,=2182057072717.8601,=19.9311,=0.1270,=40.1151,=29.0682,=22.4554
2025-11-03,=16143.9900,=22040.4900,=4969605010111.3701,=4594098575438,=2206997770475.5405,=20.1622,=0.1359,=40.1363,=29.0703,=22.4554
2025-10-31,=16095.4100,=21950.9500,=4956506635361.2598,=4581517503727,=2200230272264.0898,=20.1090,=0.1344,=40.1363,=29.0724,=22.4618
2025-10-30,=15966.9100,=21775.7000,=4921659556825.5693,=4553338745141,=2189133050738.7500,=18.9696,=0.0847,=40.1363,=29.0872,=22.4654
2025-10-29,=16011.7800,=21836.8900,=4936817972844.3203,=4566818032170,=2203199173810.4302,=19.1073,=0.0933,=40.1363,=29.1020,=22.4664
2025-10-28,=16016.2700,=21843.0200,=4951470252264.9902,=4583681308948,=2210514018599.3296,=19.1609,=0.0974,=40.1363,=29.1083,=22.4774
2025-10-27,=16077.5200,=21926.5500,=4958901188155.2002,=4589764802282,=2214402326448.6196,=19.1956,=0.0984,=40.1645,=29.1146,=22.4774
2025-10-24,=16021.2900,=21849.8700,=4960280607533.6895,=4595904482822,=2213529454637.3799,=19.2376,=0.1007,=40.1645,=29.1149,=22.4801
2025-10-23,=16179.9100,=22066.1900,=5014611620209.2500,=4649447206531,=2236739423562.0596,=19.4502,=0.1104,=40.1645,=29.1151,=22.4829
2025-10-22,=16138.6600,=22009.9400,=5000083058058.6406,=4631795116183,=2228112009476.3706,=19.3717,=0.1076,=40.1645,=29.1198,=22.4841
2025-10-21,=16248.5300,=22159.7700,=5027626036645.4287,=4654911864095,=2240132475645.9800,=19.2302,=0.1001,=40.1645,=29.1245,=22.4882
2025-10-20,=16225.7300,=22128.6800,=5018127858242.6621,=4646121472055,=2235830159771.9897,=19.2040,=0.0996,=40.1654,=29.1249,=22.4882
2025-10-17,=16361.5500,=22313.9100,=5043698594422.6484,=4668263816714,=2246412243011.7900,=19.3022,=0.1039,=40.1654,=29.1253,=22.4900
2025-10-16,=16557.2100,=22577.9900,=5116977726625.9492,=4736314394926,=2279563168267.8501,=19.5826,=0.1138,=40.1654,=29.1270,=22.4927
2025-10-15,=16517.0800,=22486.7700,=5080973804747.3896,=4696464821548,=2264744294935.5396,=19.4448,=0.1093,=40.1654,=29.1287,=22.4990
2025-10-14,=16452.8500,=22399.3300,=5053499464718.4102,=4671103024216,=2253912661575.6597,=19.3397,=0.1060,=40.1654,=29.1291,=22.5041
2025-10-13,=16271.7000,=22152.7100,=4982753519765.3301,=4601732303253,=2221267622102.5400,=19.0689,=0.0906,=40.1770,=29.1296,=22.5041
2025-10-10,=16436.9500,=22377.6700,=5032188251851.7500,=4648384842659,=2241525668785.2300,=19.2581,=0.1012,=40.1770,=29.1325,=22.5112
2025-10-09,=16386.5500,=22309.0700,=5029741864433.6797,=4647122513543,=2240489678695.5200,=19.2488,=0.1010,=40.1770,=29.1354,=22.5187
2025-09-30,=16411.6200,=22343.2000,=5046115551441.4785,=4662957113949,=2245444470426.8799,=19.3114,=0.1041,=40.1770,=29.1376,=22.5191
2025-09-29,=16437.2700,=22378.1100,=5069178972689.2080,=4684649359749,=2256287761282.7095,=19.3997,=0.1066,=40.1770,=29.1397,=22.5352
2025-09-26,=16278.1700,=22161.5100,=5004293892898.3311,=4622866955116,=2229060656883.1997,=19.1514,=0.0968,=40.1837,=29.1449,=22.5352
2025-09-25,=16295.4400,=22185.0200,=5016739610958.5498,=4634264085489,=2232803105745.2598,=19.1990,=0.0983,=40.1837,=29.1501,=22.5375
2025-09-24,=16442.8300,=22383.2700,=5049084875892.3486,=4663099369951,=2248104136870.8506,=19.3228,=0.1042,=40.1837,=29.1511,=22.5757
2025-09-23,=16401.1800,=22320.2800,=5044978025627.6396,=4661213605906,=2247284249456.1001,=19.3071,=0.1032,=40.1837,=29.1521,=22.5832
2025-09-22,=16489.7700,=22436.6200,=5071301872945.4209,=4684627503325,=2257999979727.5400,=19.4078,=0.1060,=40.1837,=29.1657,=22.5837
2025-09-19,=16688.8600,=22707.5100,=5130791995800.9785,=4739823348099,=2283412503351.1499,=19.6355,=0.1129,=40.2201,=29.1793,=22.5837
2025-09-18,=16668.7400,=22680.1300,=5127230395030.8193,=4735855885879,=2281402237956.9189,=19.6219,=0.1124,=40.2201,=29.1826,=22.6025
2025-09-17,=16939.3200,=23048.3000,=5208046917288.7402,=4809898736787,=2319339032464.5005,=19.9311,=0.1216,=40.2201,=29.1860,=22.6040
2025-09-16,=17040.0200,=23185.3100,=5236271147088.0488,=4835270525935,=2330990411938.2700,=20.0392,=0.1254,=40.2201,=29.1904,=22.6087
2025-09-15,=17176.1100,=23370.4800,=5280431415607.9492,=4873781845403,=2351309287908.0103,=20.2082,=0.1318,=40.2201,=29.1949,=22.6222
2025-09-12,=17125.6400,=23298.1600,=5276272216526.8301,=4872369618439,=2347250895647.1304,=20.1922,=0.1313,=40.2261,=29.1960,=22.6222
2025-09-11,=17292.0100,=23524.4900,=5322913815957.1094,=4913958110357,=2366742946041.2397,=20.3707,=0.1359,=40.2261,=29.1972,=22.6235
2025-09-10,=17058.6700,=23207.0400,=5278718380832.9580,=4877757704735,=2344479707568.9102,=20.2016,=0.1314,=40.2261,=29.2020,=22.6490
2025-09-09,=17111.2100,=23278.2300,=5274768828323.3105,=4871548779382,=2341434855331.7988,=20.1865,=0.1312,=40.2261,=29.2067,=22.6517
2025-09-08,=17101.6100,=23265.1800,=5271388908443.0703,=4864427103214,=2338654172670.7998,=20.1736,=0.1309,=40.2261,=29.2109,=22.6553
2025-09-05,=16784.2800,=22833.4800,=5184644300534.8604,=4786280138946,=2300172822249.2705,=19.8416,=0.1190,=40.2316,=29.2150,=22.6553
2025-09-04,=16640.7900,=22638.2800,=5141922677103.5410,=4748336911982,=2281687994514.8105,=19.6781,=0.1142,=40.2316,=29.2213,=22.6616
2025-09-03,=16678.3400,=22689.3500,=5161583088666.0508,=4766667313005,=2288648046102.6904,=19.7533,=0.1168,=40.2316,=29.2276,=22.6632
2025-09-02,=16921.7100,=23020.4400,=5226530493314.6104,=4825080072270,=2317083949383.3203,=20.0019,=0.1240,=40.2316,=29.2317,=22.6854
2025-09-01,=16973.0200,=23090.2400,=5224858053373.3604,=4819634422866,=2314543755254.8198,=19.9955,=0.1235,=40.2316,=29.2359,=22.6943
2025-08-29,=16991.4600,=23115.3300,=5234741390912.6504,=4830682014944,=2319248270647.1597,=19.9605,=0.1217,=40.2335,=29.2379,=22.6943
2025-08-28,=16648.5500,=22648.8300,=5117640403686.1484,=4723371274576,=2270624915792.8804,=19.5649,=0.1111,=40.2335,=29.2399,=22.7059
2025-08-27,=16728.9800,=22758.2400,=5135655728545.7490,=4741648093613,=2265476276433.6104,=19.5082,=0.1096,=40.2335,=29.2427,=22.7264
2025-08-26,=17148.8700,=23329.4600,=5261704874908.1797,=4859984903943,=2320384294872.0801,=19.9981,=0.1228,=40.2335,=29.2456,=22.7275
2025-08-25,=16947.8400,=23055.9800,=5238182099522.0801,=4841291590308,=2305570998338.2803,=19.8774,=0.1185,=40.2335,=29.2475,=22.7551
2025-08-22,=16535.3000,=22487.2300,=5116686771798.9287,=4728016451256,=2253788691120.7295,=19.4128,=0.1066,=40.2460,=29.2495,=22.7551
2025-08-21,=16463.0600,=22379.1900,=5085684653473.8398,=4699060596860,=2239743748911.5098,=19.2952,=0.1028,=40.2460,=29.2505,=22.8019
2025-08-20,=16372.4300,=22256,=5072131198439.8887,=4689768354292,=2233575186933.8101,=19.4527,=0.1069,=40.2460,=29.2516,=22.8098
2025-08-19,=16167.7900,=21977.8100,=5014927029350.9912,=4638378919922,=2209083122758.6396,=19.2165,=0.0998,=40.2460,=29.2525,=22.8105
2025-08-18,=16035.8100,=21798.4100,=4976346209602.3203,=4600278722653,=2192789679217.4795,=18.9824,=0.0865,=40.2460,=29.2534,=22.8136
2025-08-15,=15952.1400,=21684.6700,=4951011068486.7100,=4577670317030,=2181923125134.2104,=18.9266,=0.0848,=40.2529,=29.2585,=22.8136
2025-08-14,=15913.8500,=21632.6200,=4948010305610.9697,=4575132171367,=2180622549444.5200,=18.9151,=0.0835,=40.2529,=29.2636,=22.8260
2025-08-13,=15967.0200,=21704.9000,=4948665450072.2510,=4575300468644,=2182258650984.5503,=18.9176,=0.0840,=40.2529,=29.2637,=22.8420
2025-08-12,=15956.9500,=21684.8600,=4959792018954.7197,=4590243108383,=2189641035869.6399,=19.0802,=0.0912,=40.2529,=29.2639,=22.8666
2025-08-11,=15980.8300,=21717.3200,=4972156001524.9980,=4603166813368,=2196135508470.5000,=19.1278,=0.0943,=40.2529,=29.2664,=22.8679
2025-08-08,=15830.5400,=21513.0700,=4911748160215.1299,=4546394967037,=2170262778597.3799,=18.9245,=0.0841,=40.2544,=29.2690,=22.8679
2025-08-07,=15895.6900,=21552.7200,=4926149907260.3711,=4560477830870,=2177215247910.4705,=18.9800,=0.0854,=40.2544,=29.2708,=22.8982
2025-08-06,=15896.1500,=21553.3400,=4927928439898.2520,=4563088178935,=2177585271197.7600,=18.9868,=0.0857,=40.2544,=29.2726,=22.9073
2025-08-05,=15881.3900,=21533.3200,=4929433273151.2500,=4564774931733,=2178058218012.3601,=18.9926,=0.0867,=40.2544,=29.2735,=22.9259
2025-08-04,=15727.7500,=21325.0100,=4887129090824.4990,=4524267277214,=2159857985974.0603,=18.8296,=0.0791,=40.2544,=29.2744,=22.9289
2025-08-01,=15690.5600,=21274.5900,=4878510303610.8506,=4515787492333,=2155657630268.7800,=18.7964,=0.0758,=40.2555,=29.2746,=22.9289
2025-07-31,=15694.8100,=21280.3500,=4884347045212.1514,=4521115387617,=2158309528766.8701,=18.8189,=0.0778,=40.2555,=29.2748,=22.9302
2025-07-30,=16048.8600,=21760.4000,=4992790813131.6484,=4621534283941,=2205067790525.5210,=19.2367,=0.0971,=40.2555,=29.2776,=22.9384
2025-07-29,=15916.7000,=21581.2000,=4955225904350.4912,=4584515041277,=2187534327620.3501,=19.0920,=0.0902,=40.2555,=29.2804,=22.9921
2025-07-28,=16008.0100,=21701.1400,=4970916092883.3701,=4596915616166,=2195962384593.3103,=19.1592,=0.0945,=40.2555,=29.2834,=23.0123
2025-07-25,=16106.8700,=21835.1600,=5006652644729.3018,=4632880495701,=2209917191518.1904,=19.3214,=0.1002,=40.2648,=29.2863,=23.0123
2025-07-24,=16279.6400,=22068.7200,=5081602556888.7793,=4706774015833,=2244418308289.0005,=19.6106,=0.1072,=40.2648,=29.2864,=23.0125
2025-07-23,=16252.2800,=22031.6300,=5055021972738,=4681802143880,=2234046409634.4707,=19.5081,=0.1046,=40.2648,=29.2865,=23.0184
2025-07-22,=16292.3600,=22085.9600,=5053685471993.0215,=4680122974529,=2232785964823.1001,=19.5029,=0.1044,=40.2648,=29.2928,=23.0224
2025-07-21,=15964.5400,=21641.5700,=4962735381388.4600,=4594404055165,=2191535155656.6497,=19.1519,=0.0944,=40.2648,=29.2990,=23.0232
2025-07-18,=15886.7800,=21536.1600,=4945518558854.1719,=4581816212005,=2182323805184.6599,=19.0855,=0.0898,=40.2718,=29.2996,=23.0232
2025-07-17,=15764.1500,=21314.2800,=4899491131847.4004,=4538357727555,=2163123350732.7495,=18.9078,=0.0829,=40.2718,=29.3002,=23.0498
2025-07-16,=15675,=21193.7400,=4875163418848.8799,=4515565214702,=2152094726649.4597,=18.8140,=0.0763,=40.2718,=29.3027,=23.0524
2025-07-15,=15619.2200,=21118.3100,=4865311597915.2891,=4506440085467,=2146833329047.0105,=18.7759,=0.0734,=40.2718,=29.3051,=23.0616
2025-07-14,=15774.7800,=21328.4000,=4907918378750.2490,=4545988701001,=2166734616675.6589,=18.9404,=0.0830,=40.2718,=29.3075,=23.0927
2025-07-11,=15742.6100,=21284.6000,=4901495148772.2588,=4539811775280,=2165210682805.3296,=18.9156,=0.0825,=40.3151,=29.3098,=23.0927
2025-07-10,=15673.4400,=21191.0800,=4885952860892.4912,=4525526888533,=2157638641265.2996,=18.8556,=0.0797,=40.3151,=29.3118,=23.1028
2025-07-09,=15670.0700,=21186.5300,=4878327176771.1299,=4516465259165,=2152752119772.9905,=18.8262,=0.0781,=40.3151,=29.3137,=23.1044
2025-07-08,=15566.0300,=21045.8600,=4856175504465.7100,=4496898658570,=2141948546367.8296,=18.7407,=0.0712,=40.3151,=29.3207,=23.1074
2025-07-07,=15506.7900,=20965.7600,=4836810873111.2793,=4479546844696,=2133482760792,=18.6659,=0.0653,=40.3151,=29.3276,=23.1191
2025-07-04,=15618.9200,=21081.5600,=4870533711969.4688,=4511714762828,=2149548575905.7104,=18.7961,=0.0751,=40.3244,=29.3317,=23.1191
2025-07-03,=15591.3600,=21044.3600,=4854251083828.6094,=4498530007301,=2143546307051.5095,=18.7333,=0.0705,=40.3244,=29.3357,=23.1284
2025-07-02,=15541.6800,=20977.3000,=4839120414499.8623,=4484770540578,=2136066747962.9905,=18.6749,=0.0662,=40.3244,=29.3410,=23.1337
2025-07-01,=15537.8800,=20972.1700,=4838260517567.2207,=4483126048358,=2132823041247.3003,=18.6715,=0.0659,=40.3244,=29.3463,=23.1534
2025-06-30,=15522.0300,=20950.7800,=4835319325972.9609,=4468666286102,=2134073347927.8000,=18.6602,=0.0652,=40.3244,=29.3548,=23.1848
2025-06-27,=15477.8100,=20891.0900,=4819601207467.6807,=4455352968421,=2127143413042.4705,=18.5995,=0.0605,=40.3428,=29.3633,=23.1848
2025-06-26,=15597.4600,=21008.1300,=4864591514863.5898,=4497992637870,=2145983999875.4700,=18.7732,=0.0714,=40.3428,=29.3675,=23.1854
2025-06-25,=15666.1200,=21026.4500,=4891146556432.1904,=4522254522039,=2156350657541.5000,=18.8756,=0.0784,=40.3428,=29.3716,=23.1916
2025-06-24,=15604.0800,=20943.1800,=4886529241704.2412,=4519716055203,=2154479178564.9800,=18.8578,=0.0776,=40.3428,=29.3721,=23.1976
2025-06-23,=15474.8500,=20769.7400,=4837764428290.7500,=4473831040030,=2133939298393.7805,=18.6696,=0.0650,=40.3428,=29.3725,=23.2088
2025-06-20,=15617.4900,=20961.1900,=4876728661474.6201,=4512348239631,=2151251182240.7097,=18.8200,=0.0753,=40.3546,=29.3753,=23.2088
2025-06-19,=15503.1000,=20804.5400,=4849859350164.6602,=4483344257269,=2138674045153.5496,=18.7163,=0.0679,=40.3546,=29.3782,=23.2094
2025-06-18,=15619.7400,=20961.0700,=4867092537613.2793,=4507871557277,=2149490633099.9504,=18.7828,=0.0723,=40.3546,=29.3821,=23.2231
2025-06-17,=15605.3000,=20941.7000,=4862366940487.2402,=4502326828513,=2149453920331.4700,=18.7646,=0.0702,=40.3546,=29.3861,=23.2247
2025-06-16,=15639.2800,=20980.3100,=4865957013722.1406,=4506034083857,=2150158975168.7395,=18.7784,=0.0713,=40.3546,=29.3953,=23.2329
2025-06-13,=15713.7300,=21080.1900,=4890190901840.9502,=4524305407755,=2172280675717.5403,=18.8811,=0.0767,=40.3567,=29.4046,=23.2329
2025-06-12,=16010.0300,=21472.8700,=4990510930526.2607,=4619719478346,=2216129823696.4902,=19.2684,=0.0912,=40.3567,=29.4120,=23.2596
2025-06-11,=16197.7100,=21724.6000,=5051055850851.8096,=4678096579527,=2244061964862.0601,=19.5022,=0.0977,=40.3567,=29.4195,=23.2652
2025-06-10,=16069.8000,=21553.0400,=5022286008892.4297,=4654819056453,=2230240168467.7998,=19.3911,=0.0954,=40.3567,=29.4202,=23.2659
2025-06-09,=16180.3800,=21701.3500,=5058380305293.1094,=4687195388038,=2245873876183.7988,=19.5305,=0.0975,=40.3567,=29.4209,=23.2675
2025-06-06,=16137.3100,=21643.5900,=5078527700719.3281,=4711055969212,=2251771638785.4097,=19.6082,=0.0993,=40.3643,=29.4225,=23.2675
2025-06-05,=16205.8400,=21618.7600,=5088947592110.4199,=4722102375307,=2263107249078.1504,=19.6485,=0.0998,=40.3643,=29.4241,=23.2849
2025-06-04,=16340.8400,=21776.1000,=5110533113040.9307,=4737293535211,=2273257383741.0005,=19.7318,=0.1027,=40.3643,=29.4294,=23.3019
2025-06-03,=16298.4300,=21714.7300,=5099846001858.1504,=4727937607620,=2269180101137.7202,=19.6906,=0.1012,=40.3643,=29.4347,=23.3088
2025-05-30,=16211.9500,=21599.5200,=5099169156665.3516,=4734664777790,=2268753746153.4697,=19.6879,=0.1010,=40.3643,=29.4390,=23.3158
2025-05-29,=16226.5300,=21617.4900,=5126260657731.3105,=4762362676665,=2279561283580.6499,=19.7925,=0.1033,=40.3918,=29.4434,=23.3158
2025-05-28,=16234.0600,=21627.4000,=5120760575829.0908,=4758440767677,=2279144627986.9102,=19.7713,=0.1028,=40.3918,=29.4436,=23.3176
2025-05-27,=16157.8700,=21525.9000,=5108521771092.1709,=4747700852711,=2275226186058.1699,=19.7241,=0.1021,=40.3918,=29.4437,=23.3187
2025-05-26,=16161.2600,=21530.4200,=5115499455588.8789,=4754791931014,=2279373104535.2402,=19.7510,=0.1024,=40.3918,=29.4504,=23.3322
2025-05-23,=16217.4000,=21590.0200,=5153834315818.9707,=4792412745035,=2295892063030.6504,=19.8990,=0.1047,=40.3918,=29.4570,=23.3340
2025-05-22,=16329.9900,=21720.5900,=5185682650606.1416,=4820986204380,=2309703343885.4697,=20.0220,=0.1084,=40.3952,=29.4578,=23.3340
2025-05-21,=16358.0100,=21757.8500,=5194595092088.8799,=4827583358744,=2312441225266.0698,=20.0564,=0.1089,=40.3952,=29.4587,=23.3435
2025-05-20,=16349.4200,=21746.4400,=5195429307866.6807,=4828236258338,=2314045332140.2305,=20.0596,=0.1092,=40.3952,=29.4602,=23.3457
2025-05-19,=16230.5600,=21587.6500,=5167631141341.7314,=4803398129510,=2300056345547.7202,=19.9523,=0.1061,=40.3952,=29.4618,=23.3494
2025-05-16,=16320.6200,=21707.4300,=5224787149267.4307,=4860850951946,=2325815231754.1699,=20.1730,=0.1129,=40.3952,=29.4659,=23.3536
2025-05-15,=16487.1400,=21928.9100,=5282105671813.3994,=4915053856900,=2350935141171.8096,=20.3943,=0.1186,=40.4060,=29.4699,=23.3536
2025-05-14,=16538.6700,=21997.4600,=5298844801250.4902,=4928988805689,=2357899936471.0200,=20.4589,=0.1215,=40.4060,=29.4713,=23.3560
2025-05-13,=16318.1600,=21704.1600,=5201859194816.6699,=4837057228630,=2315474873381.3701,=20.0844,=0.1101,=40.4060,=29.4727,=23.3992
2025-05-12,=16330.6400,=21720.7500,=5219367346076.9102,=4854592717266,=2323523923607.5698,=20.1520,=0.1115,=40.4060,=29.4733,=23.4162
2025-05-09,=16316.3900,=21701.8100,=5201075484851.9678,=4835786918620,=2314298752522.6401,=20.0814,=0.1099,=40.4060,=29.4740,=23.4199
2025-05-08,=16303.6000,=21684.7900,=5185367099568.8984,=4818241086603,=2307332009612.3799,=20.0208,=0.1081,=40.4087,=29.4747,=23.4199
2025-05-07,=16273.1200,=21644.2500,=5152932889991.8613,=4784731444420,=2292263455785.3496,=19.8955,=0.1045,=40.4087,=29.4754,=23.4275
2025-05-06,=16235.9200,=21594.7800,=5137440050698.6807,=4769143376507,=2286018825632.0303,=19.8357,=0.1035,=40.4087,=29.4777,=23.4370
2025-04-30,=16217.9300,=21570.8400,=5132577143051.2012,=4764146732232,=2282148185548.7695,=19.8169,=0.1030,=40.4087,=29.4800,=23.4566
2025-04-29,=16175.9800,=21503.9400,=5129189008898.7002,=4763039109239,=2274089598749.2598,=19.8905,=0.1038,=40.4087,=29.4846,=23.5146
2025-04-28,=16225.5100,=21568.8500,=5148632929144.1904,=4782385587861,=2280829057761.6201,=19.7125,=0.1018,=40.4135,=29.4892,=23.5146
2025-04-25,=16239.9900,=21588.1100,=5150627535724.5996,=4781629024832,=2281573745141.7388,=19.3729,=0.0955,=40.4135,=29.4927,=23.5214
2025-04-24,=16324.6900,=21700.7000,=5174941860939.2813,=4794329730849,=2289588296372.0103,=20.0697,=0.1078,=40.4135,=29.4962,=23.5215
2025-04-23,=16312.4000,=21684.3600,=5167356086960.6719,=4790899415203,=2292062946075.1895,=20.6470,=0.1253,=40.4135,=29.4978,=23.5236
2025-04-22,=16423.4800,=21832.0200,=5187178564322.1211,=4808202382842,=2300002174358.7598,=20.7262,=0.1279,=40.4135,=29.4995,=23.5264
2025-04-21,=16391.9400,=21784.8700,=5181653396620.8604,=4801972753623,=2297668993436.2695,=20.8084,=0.1316,=40.4252,=29.4997,=23.5264
2025-04-18,=16481.8200,=21904.3200,=5214943101151.2891,=4834306572295,=2313991135191.2896,=20.9420,=0.1361,=40.4252,=29.5000,=23.5475
2025-04-17,=16655.4900,=22127.7200,=5258770326884.1719,=4874914059514,=2331589454648.9302,=21.1180,=0.1439,=40.4252,=29.5012,=23.5599
2025-04-16,=16568.6700,=22012.3700,=5227707852262.7490,=4844832564172,=2319095336817.5000,=20.9933,=0.1385,=40.4252,=29.5024,=23.5838
2025-04-15,=16489.7200,=21907.4900,=5209390926150.2998,=4826772585390,=2310776143387.8198,=20.9463,=0.1364,=40.4252,=29.5114,=23.5878
2025-04-14,=16451,=21856.0400,=5193973518720.1797,=4810140314772,=2304194883182.2798,=20.8843,=0.1336,=40.4516,=29.5204,=23.5878
2025-04-11,=16511.3800,=21936.2600,=5224581009108.4502,=4840847615358,=2317860658344.3501,=21.0427,=0.1404,=40.4516,=29.5233,=23.6397
2025-04-10,=16738.3400,=22237.7900,=5247860032433.1611,=4857457813945,=2329173492138.9399,=21.1138,=0.1428,=40.4516,=29.5262,=23.6514
2025-04-09,=16719.6300,=22212.9300,=5231728346196.9609,=4843113408458,=2322703998965.8496,=21.0500,=0.1405,=40.4516,=29.5291,=23.6577
2025-04-08,=16450.0800,=21854.8200,=5175149567379.7920,=4791815069255,=2299790394286.0103,=20.6025,=0.1243,=40.4516,=29.5320,=23.6600
2025-04-07,=15816.3600,=21012.8900,=4997741019863.3994,=4635796255699,=2217915249527.2495,=19.8962,=0.1037,=40.4635,=29.5353,=23.6600
2025-04-03,=16377.3200,=21758.1500,=5201609324605.6113,=4821251460031,=2304903451999.6904,=20.7078,=0.1270,=40.4635,=29.5386,=23.6635
2025-04-02,=16179.4900,=21495.3200,=5141773636926.7607,=4765542947127,=2277305739293.1797,=20.7642,=0.1297,=40.4635,=29.5398,=23.6875
2025-04-01,=16217.9000,=21546.3600,=5157607617274.8682,=4779396050598,=2284831319190.8408,=20.8282,=0.1313,=40.4635,=29.5411,=23.7007
2025-03-31,=16126.9900,=21425.5800,=5137416763653.2793,=4766405240720,=2278952575786.0498,=20.7466,=0.1290,=40.4635,=29.5465,=23.7133
2025-03-28,=16279.7800,=21628.5600,=5194503752730.4297,=4819178910631,=2305580002841.7700,=20.9709,=0.1363,=40.4775,=29.5518,=23.7133
2025-03-27,=16398.8600,=21786.4200,=5223902930126.8311,=4845151346190,=2318598701338.8989,=21.0896,=0.1408,=40.4775,=29.5557,=23.7562
2025-03-26,=16259.0600,=21600.6900,=5176584254676.8828,=4800167900245,=2299702437838.6099,=20.8986,=0.1332,=40.4775,=29.5596,=23.7685
2025-03-25,=16209.8800,=21535.3600,=5168967166371.8809,=4794112473374,=2295423311171.4595,=20.9066,=0.1335,=40.4775,=29.5654,=23.7829
2025-03-24,=16187.1900,=21505.2100,=5175398920358.2217,=4802198097033,=2297291588455.8804,=20.9326,=0.1338,=40.4775,=29.5712,=23.7841
2025-03-21,=16146.4600,=21451.1000,=5158259904281.3105,=4787385892131,=2288786650471.2700,=20.8879,=0.1328,=40.4821,=29.5844,=23.7841
2025-03-20,=16327.4500,=21691.5600,=5227110718160.1006,=4854234134803,=2320944949555.7412,=21.1446,=0.1399,=40.4821,=29.5976,=23.7887
2025-03-19,=16546.1400,=21982.0900,=5309238466946.8691,=4931886448766,=2357958429340.2197,=22.3654,=0.1662,=40.4821,=29.5992,=23.8174
2025-03-18,=16618.1900,=22077.8100,=5312721555436.0098,=4933303543871,=2359205319836.4702,=22.3801,=0.1665,=40.4821,=29.6007,=23.8227
2025-03-17,=16751.6600,=22255.1300,=5355748498647.0215,=4973061300376,=2377797093702.6895,=22.5352,=0.1718,=40.4821,=29.6043,=23.8244
2025-03-14,=16742.9300,=22243.5400,=5342656816236.3594,=4959748919755,=2373864360532.5400,=22.4801,=0.1689,=40.4827,=29.6080,=23.8244
2025-03-13,=16112.2400,=21405.6400,=5113500062472.6191,=4739399115085,=2267230582717.0400,=21.5159,=0.1496,=40.4827,=29.6082,=23.8272
2025-03-12,=16112.9500,=21406.5800,=5120999857178.2598,=4746590895969,=2269984203837.3691,=21.5474,=0.1501,=40.4827,=29.6084,=23.8506
2025-03-11,=16284.9000,=21635.0200,=5166699283984.4512,=4789641225986,=2289656313747.9507,=21.7397,=0.1533,=40.4827,=29.6119,=23.8587
2025-03-10,=15935.6900,=21171.0800,=5064319954961.0820,=4694730100164,=2245184212158.4004,=21.3089,=0.1452,=40.4827,=29.6154,=23.8713
2025-03-07,=15966.8400,=21212.4800,=5071318834616.6396,=4703526245021,=2248987451620.5254,=21.3595,=0.1460,=40.4912,=29.6167,=23.8713
2025-03-06,=15831.8000,=21033.0700,=5024772496992.4209,=4655550004757,=2227822986084.0796,=21.1635,=0.1406,=40.4912,=29.6181,=23.8724
2025-03-05,=15625.1900,=20758.5700,=4933298062875.5195,=4568623900935,=2188461853940.4509,=20.7782,=0.1301,=40.4912,=29.6195,=23.8852
2025-03-04,=15679.8200,=20831.1600,=4948742096954.7402,=4581788728010,=2196070802929.7571,=20.8433,=0.1317,=40.4912,=29.6209,=23.8935
2025-03-03,=15738.3700,=20908.9400,=4977923296179.3809,=4613306316675,=2210063092093.8599,=20.9662,=0.1349,=40.4912,=29.6270,=23.9060
2025-02-28,=15791.5300,=20979.5600,=5003833496169.0303,=4640363991228,=2222124938687.6870,=21.0753,=0.1389,=40.4943,=29.6331,=23.9060
2025-02-27,=15813.8600,=21009.2300,=4998771130772.8994,=4630268283992,=2217909724302.4219,=21.0641,=0.1381,=40.4943,=29.6364,=23.9080
2025-02-26,=15540.5200,=20646.1000,=4913487144789.3691,=4547210731745,=2178964249420.3621,=20.7047,=0.1276,=40.4943,=29.6397,=23.9092
2025-02-25,=15404.0300,=20464.7600,=4875484965544.2695,=4512207212646,=2163668844075.0310,=20.5446,=0.1224,=40.4943,=29.6426,=23.9140
2025-02-24,=15662.6700,=20808.3700,=4960931265129.0605,=4591545393752,=2200668162769.0303,=20.9047,=0.1327,=40.4943,=29.6455,=23.9269
2025-02-21,=15563.4000,=20676.4900,=4944697660009.0020,=4581366758520,=2196205559897.7505,=20.8363,=0.1312,=40.4961,=29.6476,=23.9269
2025-02-20,=15531.2400,=20633.7700,=4917409811178.3691,=4559105933081,=2185844779109.0295,=20.7213,=0.1278,=40.4961,=29.6497,=23.9279
2025-02-19,=15571.4300,=20687.1500,=4939994900036.0498,=4581989486423,=2198471953307.0251,=20.8164,=0.1307,=40.4961,=29.6543,=23.9417
2025-02-18,=15444.3100,=20518.2700,=4901955817255.2891,=4546134319302,=2178048889982.8896,=20.6562,=0.1260,=40.4961,=29.6589,=23.9637
2025-02-17,=15601.4600,=20727.0600,=4934311269530.3594,=4571749361060,=2191210956454.2080,=20.7925,=0.1297,=40.4961,=29.6685,=23.9715
2025-02-14,=15586,=20706.5100,=4934281050071.7002,=4570468620611,=2191659392922.4104,=20.7924,=0.1295,=40.4987,=29.6781,=23.9715
2025-02-13,=15598.6000,=20723.2500,=4925709756241.8291,=4561639295364,=2187772488198.0996,=20.7563,=0.1293,=40.4987,=29.6791,=23.9738
2025-02-12,=15254.3200,=20265.8700,=4831567873797.8301,=4472479482487,=2144800012503.2310,=20.3596,=0.1153,=40.4987,=29.6801,=23.9789
2025-02-11,=15107.7700,=20071.1800,=4771948324347.8896,=4415521744645,=2118943594357.8850,=20.1083,=0.1095,=40.4987,=29.6811,=23.9946
2025-02-10,=15227.3800,=20230.0700,=4811817689767.0313,=4452526883914,=2137241026562.2195,=20.2763,=0.1122,=40.4987,=29.6822,=24.0045
2025-02-07,=15256.8400,=20269.2100,=4821448733200,=4462710842309,=2142220108757.7690,=20.3169,=0.1135,=40.5132,=29.6837,=24.0045
2025-02-06,=15121.2900,=20089.1400,=4766457111788.4590,=4410334109194,=2117641935488.9304,=20.0852,=0.1094,=40.5132,=29.6852,=24.0175
2025-02-05,=15047.7400,=19991.4100,=4742054477435.9502,=4386990040204,=2106160917898.6909,=19.9824,=0.1075,=40.5132,=29.6885,=24.0235
2025-01-27,=15313.1600,=20344.0400,=4831955838182.3691,=4473334144638,=2146523765981.5249,=20.3612,=0.1144,=40.5132,=29.6918,=24.0391
2025-01-24,=15302.1100,=20309.3700,=4831602468753.5908,=4473919440495,=2145970133304.4470,=20.3597,=0.1142,=40.5132,=29.6971,=24.0518
2025-01-23,=15312.2400,=20289.2000,=4844714149385.4902,=4487123988856,=2150715722850.2507,=20.4149,=0.1161,=40.5207,=29.7024,=24.0518
2025-01-22,=15293.3100,=20222.6500,=4841390163056.9189,=4485577683974,=2149340607657.3989,=20.4009,=0.1156,=40.5207,=29.7074,=24.0554
2025-01-21,=15513.3600,=20513.6300,=4922811392133.4102,=4562552439372,=2184032802533.3000,=20.7440,=0.1265,=40.5207,=29.7124,=24.0597
2025-01-20,=15605.6200,=20635.6200,=4947961872031.7109,=4584384568975,=2195897832189.8811,=20.8500,=0.1273,=40.5207,=29.7161,=24.0638
2025-01-17,=15566.4500,=20583.8300,=4913408788917.8984,=4550185177523,=2182048080812.3896,=20.7044,=0.1249,=40.5207,=29.7198,=24.0711
2025-01-16,=15428.5500,=20400.2300,=4874437633093.8408,=4513613144773,=2165349531837.1709,=20.5402,=0.1197,=40.5245,=29.7208,=24.0711
2025-01-15,=15515.4400,=20515.1300,=4920845649622.8721,=4560427755892,=2185906777224.3464,=20.7358,=0.1258,=40.5245,=29.7218,=24.1075
2025-01-14,=15641.9600,=20682.4200,=4949220690667.2305,=4585633522828,=2197794299725.3428,=20.8553,=0.1266,=40.5245,=29.7243,=24.1103
2025-01-13,=15348.7100,=20294.6600,=4853112616676.6895,=4497374099183,=2155064985220.8689,=20.4503,=0.1179,=40.5245,=29.7268,=24.1128
2025-01-10,=15280.1100,=20203.9600,=4828730839529.2793,=4476277538465,=2144643618827.7739,=20.3476,=0.1142,=40.5245,=29.7317,=24.1145
2025-01-09,=15480.7400,=20467.4800,=4876261841139.3105,=4518260856260,=2168117309660.5811,=20.5479,=0.1198,=40.5253,=29.7366,=24.1145
2025-01-08,=15524.6400,=20525.5200,=4880986487207.0410,=4520571499121,=2171124594230.1089,=20.5678,=0.1204,=40.5253,=29.7424,=24.1445
2025-01-07,=15564.0900,=20577.6800,=4889259301465.1699,=4526153459292,=2174253106733.4016,=20.6027,=0.1218,=40.5253,=29.7482,=24.1659
2025-01-06,=15548.4300,=20556.9700,=4884552431055.4893,=4524551455925,=2173056058116.8899,=20.5828,=0.1210,=40.5253,=29.7654,=24.1717
2025-01-03,=15753.8800,=20828.6000,=4976229231466.8809,=4610826286297,=2211674353088.8398,=20.9691,=0.1277,=40.5253,=29.7827,=24.1830
2025-01-02,=15918.4200,=21046.1500,=5024452353919.2197,=4655121514811,=2233782790478.0259,=21.1723,=0.1325,=40.5349,=29.7864,=24.1830
2024-12-31,=16256.2300,=21492.7700,=5137028068789.2090,=4762724224449,=2283449464998.7080,=21.6467,=0.1426,=40.5349,=29.7902,=24.2101
2024-12-30,=16346.4800,=21612.0900,=5157107371480.7002,=4780075577516,=2292927193036.1450,=21.7313,=0.1432,=40.5349,=29.7920,=24.2192
2024-12-27,=16470.9300,=21744.9000,=5188191364618.8418,=4807133198836,=2306842781401.3330,=21.8623,=0.1459,=40.5349,=29.7938,=24.2253
2024-12-26,=16387.3200,=21634.5200,=5170748402739.4785,=4792164746203,=2298691488158.1470,=21.7888,=0.1440,=40.5349,=29.7948,=24.2333
2024-12-25,=16434.0900,=21696.2600,=5185004930240.7100,=4805044167764,=2304412631535.6489,=21.8489,=0.1451,=40.5406,=29.7959,=24.2333
2024-12-24,=16514.2700,=21802.1200,=5210947788343.6709,=4827588212241,=2316149360826.8179,=21.9582,=0.1476,=40.5406,=29.7989,=24.2345
2024-12-23,=16353.3800,=21589.7100,=5163793532722.2197,=4784684122547,=2294838973909.7715,=21.7595,=0.1436,=40.5406,=29.8020,=24.2497
2024-12-20,=16438.4700,=21702.0400,=5181083640234.9883,=4798384541871,=2300114653224.6182,=21.8324,=0.1447,=40.5406,=29.8021,=24.2649
2024-12-19,=16495.9500,=21738.5500,=5219822286258.4307,=4838609489734,=2319486095244.3901,=21.9956,=0.1472,=40.5406,=29.8022,=24.2673
2024-12-18,=16662.1600,=21957.5900,=5277954983643.9287,=4894532898656,=2344953694108.4609,=22.2406,=0.1522,=40.5469,=29.8051,=24.2673
2024-12-17,=16687.9900,=21991.6200,=5268257486017.2793,=4882311883607,=2340174560677.5601,=22.1997,=0.1504,=40.5469,=29.8080,=24.2802
2024-12-16,=16667.2900,=21964.3500,=5231661351777.3115,=4844930827322,=2323163483497.9639,=22.0455,=0.1473,=40.5469,=29.8085,=24.2996
2024-12-13,=16892.3300,=22260.9100,=5251969637456.9014,=4875104200625,=2337331776060.6533,=22.2061,=0.1508,=40.5469,=29.8091,=24.3161
2024-12-12,=17343.8100,=22855.8700,=5398583142736.3887,=5010153616036,=2402293334689.6030,=22.8260,=0.1652,=40.5469,=29.8135,=24.3204
2024-12-11,=16990.6900,=22390.5300,=5290799751838.9395,=4911480493069,=2354873734409.3599,=22.3702,=0.1535,=40.5471,=29.8179,=24.3204
2024-12-10,=16808.4600,=22150.3900,=5261888018254.2402,=4890063723598,=2343282301287.1250,=22.2480,=0.1517,=40.5471,=29.8182,=24.3304
2024-12-09,=16505.3300,=21750.9200,=5168894052799.3691,=4801876069920,=2300375559502.1719,=21.8548,=0.1451,=40.5471,=29.8186,=24.3512
2024-12-06,=16604.1500,=21881.1500,=5188525887631.6211,=4818144493274,=2310745399225.4404,=21.9378,=0.1467,=40.5471,=29.8266,=24.3517
2024-12-05,=16474.6800,=21707.6000,=5149650354286.7705,=4782497848591,=2293509667096.5508,=21.7734,=0.1441,=40.5471,=29.8345,=24.3574
2024-12-04,=16552.9100,=21810.6800,=5175429136279.2998,=4807363319190,=2305258821040.2256,=21.8824,=0.1457,=40.5492,=29.8426,=24.3574
2024-12-03,=16703.6700,=22009.3200,=5212863499192.1094,=4841094505720,=2322811942995.9507,=22.0407,=0.1474,=40.5492,=29.8507,=24.3611
2024-12-02,=16680.0500,=21978.2000,=5210732771769.9512,=4837978867342,=2320098548028.0903,=22.0317,=0.1471,=40.5492,=29.8518,=24.3676
2024-11-29,=16527.4500,=21777.1300,=5173998095716.6709,=4806586613779,=2305678214533.0469,=21.8764,=0.1456,=40.5492,=29.8529,=24.3683
2024-11-28,=16306.3600,=21485.8100,=5114050829788.5693,=4752860322741,=2280094132924.0820,=21.6229,=0.1429,=40.5492,=29.8532,=24.3709
2024-11-27,=16479.2600,=21713.6300,=5154265774274.3389,=4789822024189,=2298085365455.7480,=21.7930,=0.1440,=40.5796,=29.8535,=24.3709
2024-11-26,=16289.5400,=21463.6600,=5101646441737.7109,=4742575072350,=2274853886301.2197,=21.5705,=0.1419,=40.5796,=29.8551,=24.3759
2024-11-25,=16185.4100,=21326.4500,=5067731490120.4590,=4710255022963,=2260068390863.7363,=21.4271,=0.1401,=40.5796,=29.8568,=24.3792
2024-11-22,=16248.7800,=21409.9500,=5089733449417.0098,=4731697269720,=2270851575136.2334,=21.5201,=0.1409,=40.5796,=29.8568,=24.3838
2024-11-21,=16810.2600,=22144.9800,=5251003752617.6299,=4878971248911,=2341833043934.1919,=22.2020,=0.1477,=40.5796,=29.8568,=24.3856
2024-11-20,=16804.0300,=22136.7800,=5254118279635.7607,=4880126139173,=2340920471356.8188,=22.2152,=0.1480,=40.5936,=29.8682,=24.3856
2024-11-19,=16742.6600,=22055.9300,=5236451962016.0898,=4864359195379,=2333520931555.3872,=22.1405,=0.1469,=40.5936,=29.8796,=24.3868
2024-11-18,=16756.5600,=22074.2500,=5256544605325.4922,=4887105637209,=2343255111807.3696,=22.2254,=0.1481,=40.5936,=29.8820,=24.3917
2024-11-15,=16957.1800,=22327.2800,=5299566614596.2500,=4926205323841,=2362455512303.9590,=22.4073,=0.1500,=40.5936,=29.8844,=24.3917
2024-11-14,=17145.2100,=22574.8600,=5357377187888.3896,=4977212661967,=2387416427945.9868,=22.6517,=0.1572,=40.5936,=29.9033,=24.3993
2024-11-13,=17402.1600,=22913.1900,=5415660055469.6611,=5025169209504,=2412860070546.0869,=22.8982,=0.1616,=40.6101,=29.9223,=24.3993
2024-11-12,=17411.9900,=22926.1300,=5417826256946.7695,=5025837714666,=2413380518118.7671,=22.9073,=0.1616,=40.6101,=29.9312,=24.4031
2024-11-11,=17543.9400,=23099.8600,=5467923393602.7197,=5072138506490,=2435166958715.3901,=23.1191,=0.1662,=40.6101,=29.9402,=24.4074
2024-11-08,=17681.4000,=23280.8500,=5512777575351.5303,=5114920131635,=2454585429504.4131,=23.3088,=0.1711,=40.6101,=29.9417,=24.4084
2024-11-07,=18024.5800,=23732.7100,=5633075469314.1211,=5228058637283,=2507551010057.8027,=23.8174,=0.1813,=40.6101,=29.9431,=24.4119
2024-11-06,=17045.7700,=22440.9200,=5322454471649.0996,=4945852649924,=2375523504223.0137,=22.5041,=0.1537,=40.6200,=29.9447,=24.4119
2024-11-05,=17094.5100,=22505.0900,=5341281121122.9902,=4948105865512,=2383740245849.3774,=22.5837,=0.1554,=40.6200,=29.9462,=24.4123
2024-11-04,=16778.2400,=22088.7200,=5234812558825.3408,=4850879986462,=2339413826700.5190,=22.1335,=0.1471,=40.6200,=29.9511,=24.4135
2024-11-01,=16558.8500,=21799.8800,=5172628804567.7803,=4795403977947,=2312162791337.3452,=21.8706,=0.1447,=40.6200,=29.9559,=24.4172
2024-10-31,=16426.9600,=21626.2500,=5139986458713.1582,=4762560650749,=2297252798067.4932,=21.7326,=0.1437,=40.6200,=29.9560,=24.4173
2024-10-30,=16441.4800,=21645.3600,=5163055566805.4912,=4780998356531,=2303527183501.8374,=21.8627,=0.1443,=40.6209,=29.9561,=24.4173
2024-10-29,=16562.8800,=21805.1900,=5196753965426.1396,=4812677259709,=2309530848858.9521,=22.9302,=0.1610,=40.6209,=29.9587,=24.4252
2024-10-28,=16886.6900,=22231.4900,=5299456002539.1992,=4907014932614,=2356943494218.1016,=23.3536,=0.1718,=40.6209,=29.9614,=24.4300
2024-10-25,=16565.8200,=21809.0600,=5219633513958.9395,=4833607088014,=2321826741440.2905,=23.1848,=0.1656,=40.6209,=29.9653,=24.4469
2024-10-24,=16433.2600,=21634.5400,=5182632301346.4990,=4799280214009,=2305734061459.4824,=23.0123,=0.1616,=40.6209,=29.9693,=24.4528
2024-10-23,=16701.8100,=21988.0900,=5255196604241.1006,=4865497213221,=2338217278186.9707,=23.3158,=0.1692,=40.6255,=29.9693,=24.4528
2024-10-22,=16526.5600,=21757.3800,=5189359019235.7207,=4800959486253,=2308585015256.5249,=23.5146,=0.1730,=40.6255,=29.9693,=24.4554
2024-10-21,=16279.7800,=21432.4900,=5125382386914.2803,=4740944242777,=2278196318570.6699,=23.2247,=0.1672,=40.6255,=29.9710,=24.4573
2024-10-18,=16207.0600,=21336.7500,=5125005042086.2510,=4742725714015,=2277836696439.4502,=23.2596,=0.1675,=40.6255,=29.9727,=24.4744
2024-10-17,=15741.7800,=20724.0600,=4974314142491.0498,=4605187080120,=2210963981441.0161,=22.5757,=0.1543,=40.6255,=29.9790,=24.4804
2024-10-16,=16061.3300,=21144.7500,=5070553744569.3916,=4697965227849,=2255360855528.7979,=23.0125,=0.1616,=40.6349,=29.9852,=24.4804
2024-10-15,=16270.0600,=21418.0200,=5155756507934.9102,=4777730095288,=2290888904587.9805,=23.3992,=0.1706,=40.6349,=30,=24.4915
2024-10-14,=16828.9500,=22153.7500,=5328465433829,=4936799323432,=2367223897515.2412,=24.1830,=0.1876,=40.6349,=30.0147,=24.4916
2024-10-11,=16678.6400,=21955.8800,=5296745435897.0410,=4909798129981,=2355482201503.1587,=24.0391,=0.1841,=40.6349,=30.0162,=24.4929
2024-10-10,=17143.8800,=22568.3200,=5435422466239.4785,=5031980762363,=2414787170531.0200,=24.6684,=0.2079,=40.6349,=30.0177,=24.4936
2024-10-09,=16788.2000,=22100.1000,=5324699035113.9209,=4921045283693,=2358425401579.5801,=24.1659,=0.1869,=40.6482,=30.0199,=24.4929
2024-10-08,=18403.4400,=24222.2000,=5816738832298.1104,=5363435674957,=2574846743623.1899,=26.3990,=0.3076,=40.6482,=30.0221,=24.4936
2024-09-30,=17976.3700,=23660.1000,=5719496722353.5098,=5302881805514,=2547670411302.4702,=25.9577,=0.2731,=40.6482,=30.0279,=24.4936
2024-09-27,=16518.2800,=21741,=5260014518858.9717,=4892743346161,=2351223322214.9102,=23.8724,=0.1795,=40.6482,=30.0338,=24.4936
2024-09-26,=15372.3500,=20232.7600,=4904131787199.0498,=4564324068652,=2192636697905,=22.2572,=0.1483,=40.6482,=30.0343,=24.5049
2024-09-25,=14262.2300,=18771.6300,=4526100562208.1904,=4208062041307,=2023347368738.4297,=20.5415,=0.1218,=40.6710,=30.0348,=24.5049
2024-09-24,=14162.3300,=18636.1900,=4476070810203.9785,=4159040342608,=2000542231515.3201,=20.3145,=0.1151,=40.6710,=30.0355,=24.5188
2024-09-23,=13357.4900,=17577.1000,=4189846194621.5098,=3889800661664,=1870167374392.5295,=19.0154,=0.0851,=40.6710,=30.0363,=24.5200
2024-09-20,=13373.0900,=17597.6300,=4193905752907.0210,=3888623318093,=1871151654957.3899,=19.0339,=0.0854,=40.6710,=30.0463,=24.5208
2024-09-19,=13420.2600,=17659.6900,=4201961393883.4102,=3894541285921,=1874341170653.6499,=19.0704,=0.0865,=40.6710,=30.0563,=24.5258
2024-09-18,=13127.2700,=17274.1600,=4146399805449.5508,=3847913744606,=1849121495653.2600,=18.8183,=0.0774,=40.6835,=30.0609,=24.5258
2024-09-13,=13295.6700,=17495.7600,=4216333930248.9097,=3913262624413,=1882699222928.2903,=19.1357,=0.0898,=40.6835,=30.0656,=24.5276
2024-09-12,=13504.2100,=17770.1700,=4296916234729.6201,=3990179613042,=1918753881455.7896,=19.5014,=0.1001,=40.6835,=30.0728,=24.5523
2024-09-11,=13777.4800,=18129.7700,=4400522826626.8398,=4090346273280,=1966190419874.8003,=19.9716,=0.1077,=40.6835,=30.0801,=24.5585
2024-09-10,=13786.5400,=18132.0400,=4401541373962.0400,=4090806270738,=1966238352553.8503,=19.9762,=0.1080,=40.6835,=30.0804,=24.5600
2024-09-09,=13802.1800,=18152.6000,=4398847037146.0400,=4088343490025,=1966025284261.2000,=19.9640,=0.1073,=40.7002,=30.0807,=24.5600
2024-09-06,=13937.7800,=18330.9500,=4453532324978.7900,=4141549098391,=1989884548372.0105,=20.2122,=0.1116,=40.7002,=30.0938,=24.5670
2024-09-05,=14113.0900,=18561.5200,=4499059997590.0898,=4184163815106,=2009958065558.3701,=20.4188,=0.1154,=40.7002,=30.1068,=24.5718
2024-09-04,=14023.1700,=18443.2500,=4476562075257.1797,=4164095652446,=1999260800758.3999,=20.3167,=0.1128,=40.7002,=30.1112,=24.5741
2024-09-03,=14181,=18650.8300,=4522022106184.6094,=4205231705575,=2018872532754.4099,=20.5230,=0.1182,=40.7002,=30.1157,=24.5863
2024-09-02,=14012.1100,=18428.7100,=4474146057554.5703,=4160771860796,=1995874171038.4905,=20.3057,=0.1126,=40.7060,=30.1180,=24.5863
2024-08-30,=14414.6600,=18958.1400,=4609068960895.2695,=4289739334013,=2055134977661.6201,=21.1861,=0.1316,=40.7060,=30.1203,=24.5921
2024-08-29,=14081.2200,=18519.5900,=4493990699346.1504,=4189273131212,=2008202726556.8003,=20.5818,=0.1191,=40.7060,=30.1265,=24.6021
2024-08-28,=13879.9500,=18254.8900,=4423228307021.1797,=4120969375903,=1975276823887.5901,=20.3334,=0.1132,=40.7060,=30.1327,=24.6030
2024-08-27,=14069.8800,=18504.6800,=4484668626095.2383,=4182679571524,=2001288392705.6604,=20.6362,=0.1197,=40.7060,=30.1385,=24.6052
2024-08-26,=14205.6200,=18683.2000,=4516792445792.1709,=4209537672434,=2017793981215.7800,=21.2237,=0.1325,=40.7526,=30.1443,=24.6052
2024-08-23,=14297.0300,=18803.4300,=4543367434983.8311,=4235923019565,=2029411606827.5000,=21.3332,=0.1337,=40.7526,=30.1465,=24.6055
2024-08-22,=14320.5100,=18778.4200,=4541758439621.0498,=4233739468039,=2028929634123.3989,=21.3781,=0.1345,=40.7526,=30.1488,=24.6107
2024-08-21,=14496.8700,=19009.6800,=4585134803413.9199,=4273512754684,=2048978504052.7600,=21.5732,=0.1375,=40.7526,=30.1567,=24.6256
2024-08-20,=14647.0700,=19206.6200,=4618185567539.0303,=4300507505923,=2065280191561.4104,=21.7287,=0.1387,=40.7526,=30.1646,=24.6259
2024-08-19,=14857.3500,=19482.3700,=4661453945260.4785,=4336254529551,=2085799958653.8401,=21.9527,=0.1398,=40.7527,=30.1706,=24.6259
2024-08-16,=14977.4100,=19639.8100,=4691094461286.6494,=4361920702379,=2099990072630.5620,=22.0895,=0.1404,=40.7527,=30.1767,=24.6353
2024-08-15,=15093.6400,=19791.1300,=4708719588170.7900,=4375242739888,=2108172270470.9780,=22.1725,=0.1412,=40.7527,=30.1787,=24.6391
2024-08-14,=15029.5500,=19707.0800,=4677472419089.4404,=4346792661106,=2095160932699.7119,=22.0223,=0.1399,=40.7527,=30.1808,=24.6403
2024-08-13,=15238.2400,=19980.7300,=4734777393366.1406,=4396118376906,=2119268003762.7815,=22.2690,=0.1418,=40.7527,=30.1817,=24.6409
2024-08-12,=15346.9900,=20122.9900,=4775779423735.5400,=4435646720396,=2136553446575.6936,=22.4618,=0.1438,=40.7669,=30.1825,=24.6409
2024-08-09,=15324.9000,=20094.0300,=4776542529703.6895,=4436653948482,=2135076969688.2981,=22.4654,=0.1438,=40.7669,=30.1832,=24.6412
2024-08-08,=15438.6000,=20243.1100,=4793163070227.0908,=4449543220033,=2142667359228.4304,=22.9921,=0.1542,=40.7669,=30.1838,=24.6598
2024-08-07,=15216.1200,=19950.3500,=4727951503927.8896,=4389663344253,=2114625429875.8855,=22.6854,=0.1499,=40.7669,=30.1868,=24.6683
2024-08-06,=15241.4400,=19983.5500,=4715048197566.5889,=4374313670678,=2111262611789.1799,=22.6235,=0.1486,=40.7669,=30.1897,=24.6700
2024-08-05,=15181.1600,=19904.5200,=4705040412707.0791,=4365967746115,=2108520599489.6499,=22.5375,=0.1470,=40.7703,=30.1981,=24.6700
2024-08-02,=15065.5400,=19752.9300,=4653426761337.0303,=4314134340781,=2085265228699.2117,=22.8136,=0.1517,=40.7703,=30.2066,=24.6796
2024-08-01,=15046.9400,=19728.5400,=4652798723230.2803,=4315406352300,=2084048380999.1765,=22.8105,=0.1514,=40.7703,=30.2126,=24.6803
2024-07-31,=15358.1200,=20136.5400,=4756443644203.9707,=4413447151038,=2130343261814.9492,=23.3187,=0.1602,=40.7703,=30.2186,=24.6853
2024-07-30,=14886.2700,=19517.8900,=4612043155314.3008,=4280482875043,=2065839961384.9695,=22.6087,=0.1480,=40.7703,=30.2298,=24.6881
2024-07-29,=14906.9600,=19535.5600,=4634948209783.2998,=4305869876412,=2078069835394.6599,=22.8019,=0.1507,=40.7721,=30.2410,=24.6881
2024-07-26,=15165.6800,=19874.6100,=4714147574609.3682,=4382143884514,=2114433017761.2383,=23.1916,=0.1565,=40.7721,=30.2587,=24.6967
2024-07-25,=15158,=19864.5500,=4720553481565.0215,=4387567414277,=2117653318490.5044,=23.2231,=0.1574,=40.7721,=30.2765,=24.6986
2024-07-24,=15154.9100,=19860.5000,=4729264097676.2686,=4397346304796,=2122040945000.1440,=23.2659,=0.1580,=40.7721,=30.2814,=24.7226
2024-07-23,=15340.3500,=20101.5400,=4782215989680.7803,=4445384301197,=2146057222110.3999,=23.5264,=0.1629,=40.7721,=30.2863,=24.7448
2024-07-22,=15898.1300,=20832.4400,=4949969437178.7393,=4601467210251,=2219379837946.0903,=24.3517,=0.1807,=40.7743,=30.2873,=24.7448
2024-07-19,=16164.2200,=21181.1100,=5035965922674.4600,=4682547242445,=2257052042032.4155,=24.7748,=0.2013,=40.7743,=30.2883,=24.7472
2024-07-18,=15970.1100,=20926.7600,=4962288405292.9395,=4612447770052,=2224774884783.1758,=24.4123,=0.1855,=40.7743,=30.2906,=24.7472
2024-07-17,=15911.3900,=20849.8100,=4953861091551.4912,=4604426931486,=2220914156950.0957,=24.3709,=0.1820,=40.7743,=30.2930,=24.7497
2024-07-16,=15619.4200,=20466.7400,=4859775581629.2412,=4518263795778,=2180680935898.5903,=23.9080,=0.1703,=40.7743,=30.2953,=24.7609
2024-07-15,=15620.1300,=20457,=4859376911166.9189,=4520657159134,=2180083548972.4641,=23.9060,=0.1700,=40.7815,=30.2977,=24.7609
2024-07-12,=15517.8000,=20322.9900,=4849755220209.9902,=4511493360290,=2172653945337.7595,=23.8587,=0.1690,=40.7815,=30.3013,=24.7671
2024-07-11,=15571.8900,=20319.6500,=4842787091392.4707,=4502048677010,=2171789938855.4419,=23.8244,=0.1682,=40.7815,=30.3049,=24.7683
2024-07-10,=15263.4900,=19917.2200,=4745039753775.7197,=4411323823149,=2130141347257.7119,=23.3435,=0.1600,=40.7815,=30.3095,=24.7833
2024-07-09,=15220.9600,=19861.7300,=4743091736220.8691,=4405323225897,=2127064423764.2395,=23.3340,=0.1598,=40.7815,=30.3140,=24.7975
2024-07-08,=15233.5700,=19878.1900,=4717764337481.6797,=4377530082210,=2118532957799.9919,=23.2094,=0.1577,=40.7822,=30.3257,=24.7975
2024-07-05,=15453.5300,=20165.2000,=4805238383281.5898,=4461067895406,=2155989156195.9055,=23.6397,=0.1637,=40.7822,=30.3373,=24.8001
2024-07-04,=15556.1300,=20269.3100,=4863813662738.2793,=4519939337878,=2181746642505.5664,=23.9279,=0.1695,=40.7822,=30.3514,=24.8177
2024-07-03,=15732.5800,=20485.9000,=4913383643855.1201,=4564854476703,=2204634772673.0122,=24.1717,=0.1748,=40.7822,=30.3654,=24.8184
2024-07-02,=15817.1000,=20595.9600,=4924282108582.1396,=4575653887891,=2207540979561.8403,=24.2253,=0.1754,=40.7822,=30.3777,=24.8206
2024-07-01,=15775.4300,=20541.7000,=4856821185857.0195,=4507557296812,=2177347095773.7480,=23.8935,=0.1686,=40.8004,=30.3899,=24.8206
2024-06-28,=15722.7000,=20473.0400,=4879402209995.2900,=4533149221133,=2185053954556.9016,=24.0045,=0.1711,=40.8004,=30.4096,=24.8220
2024-06-27,=15889.7200,=20690.5200,=4942731907297.4902,=4593857540119,=2212039744905.2402,=24.3161,=0.1769,=40.8004,=30.4293,=24.8327
2024-06-26,=16009.1900,=20846.0900,=4971423502893.9785,=4618067212025,=2222815801112.7920,=24.4573,=0.1844,=40.8004,=30.4325,=24.8375
2024-06-25,=16008.6100,=20806.2000,=4969321932121.3408,=4619004562243,=2221713801496.6001,=24.4469,=0.1836,=40.8004,=30.4356,=24.8483
2024-06-24,=16018.7800,=20819.4200,=4960421447039.4385,=4608108383388,=2217367791110.5259,=24.4031,=0.1812,=40.8249,=30.4443,=24.8483
2024-06-21,=16039.2700,=20846.0600,=4951872154254.1602,=4592374673061,=2216158026094.8198,=24.3611,=0.1782,=40.8249,=30.4530,=24.8488
2024-06-20,=16175.1300,=21022.6400,=5018345627463.6211,=4655267028045,=2242888273492.4941,=24.6881,=0.1942,=40.8249,=30.4570,=24.8520
2024-06-19,=16350.8600,=21240.8000,=5058692436883.1484,=4691302634193,=2260204875571.0044,=24.8866,=0.2009,=40.8249,=30.4609,=24.8573
2024-06-18,=16508.2700,=21367.8200,=5111903870516.7891,=4742070823296,=2283742013511.5796,=25.1484,=0.2144,=40.8249,=30.4666,=24.8573
2024-06-17,=16716.4800,=21633.9600,=5174445303113.8311,=4801345277283,=2312805638715.5161,=25.4560,=0.2302,=40.8636,=30.4722,=24.8520
2024-06-14,=16806.3300,=21750.2500,=5157731166999.3691,=4787998038240,=2300597782121.0503,=25.7193,=0.2429,=40.8636,=30.4729,=24.8520
2024-06-13,=16678.5300,=21578.7300,=5134625010261.7598,=4767606735504,=2289441398378.0200,=25.6041,=0.2383,=40.8636,=30.4736,=24.8520
2024-06-12,=16976.8800,=21964.7400,=5211040241333.9688,=4834414924509,=2325384948177.7295,=25.9851,=0.2618,=40.8636,=30.4873,=24.8520
2024-06-11,=16981.1100,=21961.3700,=5209434115408.0996,=4832387605357,=2324581961818.6597,=25.9771,=0.2610,=40.8636,=30.5010,=24.8520
2024-06-07,=17275.6300,=22337.9700,=5325769372112.3105,=4944692444634,=2377014285407.8701,=26.5572,=0.3008,=40.8702,=30.5059,=24.8488
2024-06-06,=17420.7900,=22525.6600,=5378836225446.0781,=4997773572435,=2401518870316.6099,=26.8218,=0.3196,=40.8702,=30.5107,=24.8488
2024-06-05,=17563.4100,=22697.7400,=5412620173243.5703,=5028281419299,=2416224675699.1997,=26.9903,=0.3277,=40.8702,=30.5114,=24.8488
2024-06-04,=17827.3400,=22924.2600,=5468834018194.0215,=5080876711523,=2444973329172.8203,=27.2706,=0.3438,=40.8702,=30.5121,=24.8488
2024-06-03,=17673.7300,=22726.7400,=5421176008632.5918,=5035878269999,=2423731988215.5200,=27.0330,=0.3312,=40.8702,=30.5153,=24.8488
2024-05-31,=17615.2100,=22650.8100,=5420019313853.8701,=5037263310245,=2423497670206.3198,=27.0272,=0.3305,=40.8933,=30.5185,=24.8483
2024-05-30,=17679.3900,=22733.3300,=5432569848028.7803,=5047662790210,=2429192692018.0503,=27.0898,=0.3347,=40.8933,=30.5240,=24.8483
2024-05-29,=17902.3900,=23020.0800,=5503835667654.3809,=5114544784592,=2462560433376.7598,=27.4452,=0.3517,=40.8933,=30.5296,=24.8483
2024-05-28,=17907.9000,=23027.1700,=5499736045295.5488,=5109086606026,=2458732983636.1699,=27.4247,=0.3501,=40.8933,=30.5326,=24.8483
2024-05-27,=18106.7500,=23278.6400,=5546175767251.0391,=5150148227914,=2479570476584.2588,=27.6563,=0.3651,=40.8933,=30.5356,=24.8483
2024-05-24,=18036.4300,=23188.2300,=5540590758802.9004,=5093133990781,=2476405354950.9390,=27.6284,=0.3625,=40.9149,=30.5399,=24.8375
2024-05-23,=18215.6000,=23414.1500,=5599686096879.5098,=5147892956722,=2500752173634.7700,=27.9231,=0.3803,=40.9149,=30.5442,=24.8375
2024-05-22,=18448.7500,=23713.8400,=5658787730075.2002,=5197906143294,=2524596306780.5405,=28.2178,=0.3986,=40.9149,=30.5484,=24.8375
2024-05-21,=18591.1400,=23896.8700,=5697749257240.7695,=5236017941199,=2541550625664.8198,=28.4121,=0.4148,=40.9149,=30.5527,=24.8375
2024-05-20,=18591.7700,=23897.6800,=5707548335983.0703,=5245475953279,=2543281440346.4409,=28.4610,=0.4179,=40.9149,=30.5541,=24.8375
2024-05-17,=18408.6200,=23662.2500,=5682489214820.3281,=5225306059567,=2529913126381.1201,=28.3360,=0.4086,=40.9260,=30.5555,=24.8327
2024-05-16,=18163.5600,=23347.2600,=5620811645553.2695,=5169563307359,=2501799335436.8701,=28.0285,=0.3863,=40.9260,=30.5603,=24.8327
2024-05-15,=18102.6900,=23269.0100,=5601093966200.5000,=5150180558981,=2492481696153.1992,=27.9301,=0.3812,=40.9260,=30.5651,=24.8327
2024-05-14,=18256.5600,=23466.8000,=5632085273666.1309,=5176845802025,=2506632163219.9004,=28.0847,=0.3882,=40.9260,=30.5679,=24.8327
2024-05-13,=18241.3800,=23447.2900,=5634372610199.7305,=5179880941773,=2507090742670.3101,=28.0961,=0.3891,=40.9260,=30.5708,=24.8327
2024-05-10,=18391.7200,=23640.5400,=5712190702332.2490,=5255051815203,=2538235327611.5298,=28.4841,=0.4178,=40.9550,=30.5849,=24.8220
2024-05-09,=18430.0100,=23689.7500,=5739428573682.5713,=5281578299778,=2550263843018.1392,=28.6200,=0.4268,=40.9550,=30.5990,=24.8220
2024-05-08,=18356.3100,=23595.0200,=5735965480042.6621,=5280644568735,=2547688576684.5596,=28.6027,=0.4255,=40.9550,=30.6028,=24.8220
2024-05-07,=18355.5100,=23593.0500,=5750749984857.3809,=5297798860151,=2551379167710.6792,=28.6764,=0.4301,=40.9550,=30.6066,=24.8220
2024-05-06,=18302.6900,=23525.1600,=5723669036487.8516,=5275287751160,=2541370422727.6011,=28.5414,=0.4210,=40.9550,=30.6128,=24.8220
2024-04-30,=17929.0300,=23044.8900,=5577800247120.4014,=5139766143605,=2479562216493.7300,=27.8140,=0.3751,=40.9658,=30.6190,=24.8206
2024-04-29,=17906.6700,=23016.1400,=5572931470257.5801,=5140102482504,=2477192197403.7803,=28.6132,=0.4263,=40.9658,=30.6363,=24.8206
2024-04-26,=17815.9600,=22899.5500,=5556982200435.2480,=5129849206292,=2472134330663.7905,=26.9457,=0.3278,=40.9658,=30.6536,=24.8206
2024-04-25,=17585.7400,=22590.1700,=5486223108824.4395,=5062975562270,=2441662812688.5801,=26.6044,=0.3079,=40.9658,=30.6542,=24.8206
2024-04-24,=17622.0100,=22634.7200,=5494015904146.8115,=5070961982377,=2444682420826.3599,=26.6160,=0.3085,=40.9658,=30.6548,=24.8206
2024-04-23,=17627.4000,=22641.6400,=5490956987729.4502,=5065978886294,=2442831562792.5098,=26.5828,=0.3061,=40.9701,=30.6644,=24.8184
2024-04-22,=17516.2500,=22498.8900,=5449753106053.6504,=5022326021770,=2422196212344.3799,=26.3918,=0.2948,=40.9701,=30.6739,=24.8184
2024-04-19,=17200.5100,=22080.4800,=5353010064789.4414,=4937050103410,=2379966185098.0200,=25.9191,=0.2576,=40.9701,=30.6871,=24.8184
2024-04-18,=17357.5100,=22282.0200,=5414371720595.9395,=4994118075141,=2406634291600.4102,=26.2132,=0.2796,=40.9701,=30.7004,=24.8184
2024-04-17,=17241.5400,=22133.1400,=5389955598283.2490,=4971479960345,=2394998627777.7197,=26.0950,=0.2719,=40.9701,=30.7122,=24.8184
2024-04-16,=17162.6500,=22031.8700,=5374534257781.9102,=4961713712347,=2389362142029.8706,=26.0204,=0.2650,=40.9733,=30.7240,=24.8177
2024-04-15,=17305.4700,=22215.2100,=5415777956083.6416,=4999264437777,=2404443352145.0396,=26.2212,=0.2796,=40.9733,=30.7361,=24.8177
2024-04-12,=16877.7800,=21666.1900,=5275984207153.6787,=4867840362490,=2344127081587.1816,=25.5578,=0.2384,=40.9733,=30.7482,=24.8177
2024-04-11,=17161.2400,=22030.0700,=5349701005423.8779,=4932495374082,=2376455618475.6211,=25.9149,=0.2575,=40.9733,=30.7512,=24.8177
2024-04-10,=17232.5100,=22121.5600,=5364056612052.1689,=4942768507649,=2383088554519.3696,=25.9845,=0.2631,=40.9733,=30.7542,=24.8177
2024-04-09,=17442.0400,=22390.5300,=5423952511329.7285,=4998514093729,=2410520875930.3496,=26.2746,=0.2832,=40.9744,=30.7619,=24.8001
2024-04-08,=17483.2900,=22443.4800,=5436130329207.6191,=5009890337746,=2417183796231.5103,=26.3274,=0.2869,=40.9744,=30.7697,=24.8001
2024-04-03,=17952.2000,=23045.4300,=5590478933722.8281,=5158527274723,=2486080141472.7212,=27.0749,=0.3322,=40.9744,=30.7728,=24.8001
2024-04-02,=17888.8500,=22964.1100,=5581123721054.1572,=5152323031248,=2480600949216.8901,=27.5012,=0.3524,=40.9744,=30.7758,=24.8001
2024-04-01,=18014.1500,=23124.9500,=5614542336358.2510,=5182445271556,=2496316809982.7100,=27.6659,=0.3642,=40.9744,=30.7808,=24.8001
2024-03-29,=17633.2800,=22636.0300,=5512922766451.2490,=5090883799843,=2452387478519.5698,=27.1486,=0.3358,=40.9853,=30.7858,=24.7975
2024-03-28,=17529.0200,=22502.1900,=5495933582857.6494,=5075268788452,=2442664745964.3408,=27.0738,=0.3323,=40.9853,=30.7888,=24.7975
2024-03-27,=17574.1800,=22560.1600,=5499951593315.4502,=5079832651429,=2445839263997.9204,=27.0596,=0.3316,=40.9853,=30.7919,=24.7975
2024-03-26,=17795.9000,=22844.7900,=5561883797207.1289,=5137151919684,=2470754752740.1992,=27.2419,=0.3403,=40.9853,=30.7932,=24.7975
2024-03-25,=17589.8200,=22580.2400,=5488301163204.9990,=5066836772499,=2440620281566.7700,=26.8815,=0.3231,=40.9853,=30.7946,=24.7975
2024-03-22,=17731.1700,=22761.6900,=5531875017967.1504,=5092392055899,=2459837497353.0205,=27.1030,=0.3338,=40.9910,=30.8025,=24.7833
2024-03-21,=18073.0500,=23200.5700,=5614948096302.8398,=5164031618660,=2495339633307.8306,=27.5100,=0.3518,=40.9910,=30.8103,=24.7833
2024-03-20,=17942.6500,=23033.1600,=5592715024440.2285,=5146825450553,=2484795525588.0498,=27.3963,=0.3474,=40.9910,=30.8137,=24.7833
2024-03-19,=17974.2600,=23073.7500,=5596583466671.8691,=5152654907817,=2487140987457.0308,=27.4152,=0.3475,=40.9910,=30.8171,=24.7833
2024-03-18,=17750.7100,=22786.7700,=5552281776480.3799,=5113434099283,=2465167914976.9600,=27.1893,=0.3373,=40.9910,=30.8250,=24.7833
2024-03-15,=17694.9700,=22715.2200,=5548649505386.2803,=5112964743684,=2463967669504.6602,=27.1645,=0.3365,=41.0124,=30.8329,=24.7683
2024-03-14,=17615.5300,=22613.2500,=5530818307266.7910,=5095404091362,=2454686684676.2197,=27.0772,=0.3330,=41.0124,=30.8347,=24.7683
2024-03-13,=17681.8300,=22698.3600,=5554365450203.5498,=5113163492460,=2464241118456.5000,=27.1925,=0.3375,=41.0124,=30.8364,=24.7683
2024-03-12,=17876.1700,=22947.8300,=5606244116836.3799,=5160849809480,=2490087024512.8291,=27.4465,=0.3486,=41.0124,=30.8382,=24.7683
2024-03-11,=17362.2100,=22288.0500,=5433546866143.6104,=4996707037752,=2416615526791.9102,=26.6010,=0.3066,=41.0124,=30.8400,=24.7683
2024-03-08,=17040.8000,=21875.4600,=5336537048904.5107,=4910336435959,=2376148974916.7896,=26.1261,=0.2753,=41.0144,=30.8472,=24.7671
2024-03-07,=17138.8000,=22001.2600,=5368638427470.2695,=4938011103518,=2390602339852.2910,=26.2832,=0.2855,=41.0144,=30.8544,=24.7671
2024-03-06,=17171.0900,=22042.7100,=5375289179131.5996,=4942412806324,=2392410019956.5693,=26.3158,=0.2870,=41.0144,=30.8548,=24.7671
2024-03-05,=17378.5800,=22309.0700,=5437093254120.6924,=5001062304957,=2419243518519.4199,=26.6184,=0.3070,=41.0144,=30.8551,=24.7671
2024-03-04,=17137.0500,=21999.0200,=5366828456819.3193,=4938491154485,=2388487286364.2998,=26.2744,=0.2846,=41.0144,=30.8625,=24.7671
2024-03-01,=17276.3000,=22177.7700,=5407578642184.1602,=4975858520666,=2406497077278.1396,=26.4739,=0.2981,=41.0207,=30.8698,=24.7609
2024-02-29,=17319.8000,=22233.6100,=5423082099825.8691,=4989569275270,=2415221669712.0195,=26.5498,=0.3013,=41.0207,=30.8931,=24.7609
2024-02-28,=17060.5700,=21900.8300,=5349769439694.1094,=4922972820437,=2384699329060.6504,=26.1908,=0.2789,=41.0207,=30.9164,=24.7609
2024-02-27,=17206.3000,=22087.9100,=5386025429557.7803,=4952569991447,=2401296727142.0898,=26.3683,=0.2911,=41.0207,=30.9212,=24.7609
2024-02-26,=17155.4800,=22022.6800,=5382248094996.3301,=4952362908164,=2399423516060.6304,=26.3498,=0.2889,=41.0207,=30.9261,=24.7609
2024-02-23,=17347.0100,=22268.5400,=5446873936990.4199,=5012763806219,=2426503460042.7788,=26.6662,=0.3087,=41.0388,=30.9265,=24.7497
2024-02-22,=17338.2600,=22257.3100,=5449045000555.7695,=5014163410952,=2427517801551.9102,=26.6769,=0.3091,=41.0388,=30.9269,=24.7497
2024-02-21,=17255.2700,=22150.7700,=5429696684923.2900,=4994649336716,=2419730947280.4697,=26.5821,=0.3038,=41.0388,=30.9281,=24.7497
2024-02-20,=16799.0500,=21565.1200,=5270417524665.4600,=4843286972540,=2352832472503.3604,=25.8024,=0.2530,=41.0388,=30.9292,=24.7497
2024-02-19,=16798.2300,=21564.0600,=5304590664814.2813,=4879435429357,=2366446973079.9893,=25.9697,=0.2640,=41.0388,=30.9326,=24.7497
2024-02-08,=16834.2200,=21610.2600,=5315079877744.2803,=4886641096870,=2372943638336.4604,=26.0210,=0.2666,=41.0576,=30.9361,=24.7472
2024-02-07,=16874.5400,=21662.0300,=5327500824286.9805,=4902850601835,=2379430994615.9399,=26.0818,=0.2718,=41.0576,=30.9367,=24.7472
2024-02-06,=16492.5900,=21171.7100,=5216698662119.5400,=4797702334343,=2328782477976.1812,=25.5394,=0.2389,=41.0576,=30.9374,=24.7472
2024-02-05,=15892.9400,=20401.9400,=5032812585273.2207,=4632064538448,=2250977986850.6611,=24.6391,=0.1961,=41.0576,=30.9406,=24.7472
2024-02-02,=15694.1200,=20146.7100,=4953269168288.4404,=4556841161699,=2215259023514.1899,=24.2497,=0.1801,=41.0576,=30.9437,=24.7497
2024-02-01,=15739.1800,=20204.5500,=4980668234641.0605,=4583344110099,=2227874691946.6401,=24.3838,=0.1835,=41.0747,=30.9443,=24.7497
2024-01-31,=15678.0100,=20126.0300,=4959504057312.2002,=4565101615975,=2219888033919.3403,=24.2802,=0.1808,=41.0747,=30.9449,=24.7609
2024-01-30,=15870.9300,=20373.6800,=5009673199091.6895,=4608616823956,=2241241726426.6992,=24.5258,=0.1904,=41.0747,=30.9480,=24.7671
2024-01-29,=16254.5700,=20866.1600,=5134775809608.0615,=4723034566987,=2294742528016.6997,=25.1383,=0.2176,=41.0747,=30.9512,=24.7683
2024-01-26,=16201.0500,=20797.4700,=5109313023512.9404,=4698901703849,=2283317410688.5000,=25.0136,=0.2100,=41.0747,=30.9651,=24.7683
2024-01-25,=16209.3600,=20808.1300,=5113969524710.4209,=4700908339807,=2284313110524.6304,=25.0364,=0.2109,=41.0880,=30.9790,=24.7671
2024-01-24,=15941.0100,=20463.6400,=5041217013440.8096,=4636021492428,=2253413520562.6997,=24.6803,=0.1974,=41.0880,=30.9794,=24.7671
2024-01-23,=15871.1800,=20374,=5018079716371.2295,=4616519095957,=2243618825270.1597,=24.5670,=0.1918,=41.0880,=30.9798,=24.7683
2024-01-22,=15893.7100,=20402.9200,=5044568298482.0303,=4643867052358,=2256498745614.6904,=24.6967,=0.1975,=41.0880,=30.9921,=24.7833
2024-01-19,=16225.5000,=20828.8500,=5106352088456.8096,=4692846292266,=2282495962093.9399,=24.9991,=0.2083,=41.0880,=31.0045,=24.7975
2024-01-18,=16201.5800,=20798.1400,=5072343417090.7910,=4658645655365,=2267833612815.6797,=24.8327,=0.2019,=41.0950,=31.0072,=24.7833
2024-01-17,=15979.7600,=20513.3900,=4986722537363.3408,=4574937796673,=2230494698629.6299,=24.4135,=0.1861,=41.0950,=31.0098,=24.7833
2024-01-16,=16416.1700,=21073.6100,=5144719672817.6982,=4722214364688,=2300577334606.5698,=25.1870,=0.2190,=41.0950,=31.0159,=24.7975
2024-01-15,=16339.0200,=20974.5700,=5132415402610.4785,=4711968123250,=2294505336132.6909,=25.1267,=0.2145,=41.0950,=31.0219,=24.7975
2024-01-12,=16484.9100,=21161.8600,=5165294272371.7393,=4739693108082,=2308020233720.6602,=25.2877,=0.2228,=41.0950,=31.0219,=24.7975
2024-01-11,=16482.6700,=21158.9700,=5173729922847.9805,=4749155261673,=2310301407322.0498,=25.3290,=0.2251,=41.1075,=31.0219,=24.7833
2024-01-10,=16373.8600,=21019.2900,=5147101193524.1895,=4726803531937,=2298016803621.8999,=25.1986,=0.2195,=41.1075,=31.0254,=24.7833
2024-01-09,=16327.2700,=20959.4900,=5131345731708.9492,=4714146333543,=2292986059304.5903,=25.1215,=0.2142,=41.1075,=31.0289,=24.7833
2024-01-08,=16337.7900,=20973,=5140933360034.4111,=4720972602628,=2295490234202.7104,=25.1684,=0.2168,=41.1075,=31.0401,=24.7833
2024-01-05,=16607.5700,=21319.3200,=5219877704132.4297,=4791461011451,=2330286983530.0293,=25.5549,=0.2358,=41.1075,=31.0513,=24.7833
2024-01-04,=16725.1500,=21470.2500,=5254800512782.7188,=4821451112851,=2343871191388.7798,=25.7259,=0.2438,=41.1193,=31.0545,=24.7683
2024-01-03,=17000.1700,=21823.3000,=5343665879174.0508,=4903847827369,=2381687860309.5000,=26.1610,=0.2723,=41.1193,=31.0577,=24.7683
2024-01-02,=17106.3100,=21959.5500,=5353572780693.2891,=4912199453161,=2387006590758.8301,=26.2095,=0.2743,=41.1193,=31.0607,=24.7683
2023-12-29,=17426.7700,=22370.9300,=5471419696147.5986,=5023821655123,=2437140590081.2700,=26.7864,=0.3102,=41.1193,=31.0636,=24.7683
2023-12-28,=17415.8000,=22356.8400,=5468925655770.2314,=5022336664865,=2434959644438.0796,=26.7742,=0.3088,=41.1193,=31.0752,=24.7683
2023-12-27,=16932.3700,=21736.2600,=5296296256928.7500,=4860347104106,=2360936753726.4199,=25.9291,=0.2553,=41.1213,=31.0868,=24.7671
2023-12-26,=16801.2800,=21567.9800,=5281021634998.6309,=4849152137703,=2351270344906.3198,=25.8543,=0.2516,=41.1213,=31.0878,=24.7671
2023-12-25,=16907.4100,=21704.2200,=5301102663573.9697,=4867311400248,=2361442028433.6499,=25.9526,=0.2565,=41.1213,=31.0887,=24.7671
2023-12-22,=16783.8900,=21545.6600,=5271378329083.1104,=4839628334423,=2349483338113.7197,=25.8071,=0.2489,=41.1213,=31.0903,=24.7671
2023-12-21,=16752.8700,=21505.8400,=5267302958854.5391,=4835262656891,=2347013719390.3896,=25.7871,=0.2482,=41.1213,=31.0918,=24.7671
2023-12-20,=16562.9500,=21262.0300,=5201080102354.4805,=4774585401254,=2319689596858.8198,=25.4629,=0.2320,=41.1284,=31.1008,=24.7609
2023-12-19,=16760.9000,=21491.2000,=5270787487220.1602,=4837818647019,=2349861020982.8896,=25.8042,=0.2483,=41.1284,=31.1098,=24.7609
2023-12-18,=16794.4200,=21534.1800,=5262474733403.2109,=4829344874685,=2347016647471.6411,=25.7635,=0.2475,=41.1284,=31.1141,=24.7609
2023-12-15,=16805.5300,=21548.4300,=5246495279009.2402,=4812715692490,=2339617606796.4893,=25.6852,=0.2419,=41.1284,=31.1185,=24.7609
2023-12-14,=16793.5000,=21533,=5232199805847.0195,=4797429301038,=2333443963396.5405,=25.6153,=0.2397,=41.1284,=31.1228,=24.7609
2023-12-13,=17011.1200,=21812.0300,=5304156081880.6602,=4864871511666,=2364438115065.0596,=25.9675,=0.2571,=41.1353,=31.1271,=24.7497
2023-12-12,=17507.9500,=22449.0800,=5465054412978.2207,=5016409568349,=2435317861270.6104,=26.7552,=0.3056,=41.1353,=31.1283,=24.7497
2023-12-11,=17438.4700,=22359.9900,=5438084813482.1914,=4987971895915,=2423700672936.2905,=26.6232,=0.2983,=41.1353,=31.1296,=24.7497
2023-12-08,=17529.9400,=22477.2700,=5512179141114.8213,=5058885115907,=2448736764505.0698,=26.7921,=0.3078,=41.1353,=31.1304,=24.7497
2023-12-07,=17570.7700,=22529.6200,=5509189037157.8926,=5054962968112,=2450120128365.0591,=26.7776,=0.3064,=41.1353,=31.1312,=24.7497
2023-12-06,=17615.8500,=22587.4300,=5522479394800.3701,=5067858451945,=2456669187277.5098,=26.8422,=0.3108,=41.1524,=31.1371,=24.7472
2023-12-05,=17497.5400,=22435.7400,=5506099578174.3184,=5056513614330,=2448358340338.9097,=26.7626,=0.3058,=41.1524,=31.1430,=24.7472
2023-12-04,=17808.4200,=22834.3400,=5616479592768.8809,=5160954230200,=2497469419432.1704,=27.2991,=0.3310,=41.1524,=31.1488,=24.7472
2023-12-01,=17959.2000,=23027.6800,=5664206172685.6504,=5205597115044,=2515886857816.9404,=27.5311,=0.3402,=41.1524,=31.1546,=24.7472
2023-11-30,=18226.6300,=23370.5800,=5757154925748.4297,=5289182799827,=2555548753788.6802,=27.9829,=0.3674,=41.1524,=31.1590,=24.7472
2023-11-29,=18105.1300,=23214.8000,=5713383441093.4688,=5248141388633,=2536299287074.0703,=27.7701,=0.3561,=41.1591,=31.1634,=24.7448
2023-11-28,=18156.3200,=23280.4400,=5717623348480.0303,=5250415220019,=2538310948344.5396,=27.7907,=0.3570,=41.1591,=31.1647,=24.7448
2023-11-27,=18175.1700,=23304.6100,=5714664477248.5088,=5247376706864,=2537216385620.1411,=27.7763,=0.3566,=41.1591,=31.1659,=24.7448
2023-11-24,=18344.4800,=23521.7000,=5774167890611.3389,=5302529924221,=2561483965630.7002,=28.0656,=0.3707,=41.1591,=31.1681,=24.7448
2023-11-23,=18325.4500,=23497.3000,=5782733319262.6514,=5311072453492,=2564145911490.9907,=28.1072,=0.3722,=41.1591,=31.1702,=24.7448
2023-11-22,=18326.9600,=23499.2400,=5780095960741.1113,=5309389993323,=2561918849941.1211,=28.0944,=0.3715,=41.1704,=31.1750,=24.7226
2023-11-21,=18420.3600,=23616.6700,=5808614873956.8291,=5338889211265,=2574898886400.4507,=28.2330,=0.3824,=41.1704,=31.1799,=24.7226
2023-11-20,=18232.2400,=23375.4700,=5740106179210.8281,=5273492963135,=2544996632769.7192,=27.9000,=0.3625,=41.1704,=31.1829,=24.7226
2023-11-17,=18083.7900,=23185.1500,=5703940685999.4385,=5243033727569,=2528218147499.1094,=27.7242,=0.3540,=41.1704,=31.1859,=24.7226
2023-11-16,=18179.0700,=23307.3000,=5732897732793.4785,=5270627108788,=2540562673830.7788,=27.8650,=0.3607,=41.1704,=31.1870,=24.7226
2023-11-15,=18354.5300,=23532.2700,=5785950845171.5391,=5317385371162,=2562591671787.0811,=28.1228,=0.3720,=41.1786,=31.1881,=24.6986
2023-11-14,=18260.0500,=23411.1300,=5751841376837.6113,=5286825931606,=2549820616263.9897,=27.9570,=0.3655,=41.1786,=31.1903,=24.6986
2023-11-13,=18245.3500,=23392.2800,=5745323719261.8428,=5280379062431,=2547146245693.5103,=27.9254,=0.3642,=41.1786,=31.1925,=24.6986
2023-11-10,=18368.3300,=23549.6200,=5786812202507.3604,=5319247293672,=2564868248935.3901,=28.1270,=0.3720,=41.1786,=31.1929,=24.6986
2023-11-09,=18495.1700,=23712.2300,=5835613172566.2998,=5367213570542,=2585687530862.9595,=28.3642,=0.3916,=41.1786,=31.1932,=24.6986
2023-11-08,=18481.4300,=23694.6200,=5837811368563.0215,=5369510419346,=2586569148551.3506,=28.3749,=0.3926,=41.1836,=31.1957,=24.6853
2023-11-07,=18530.3500,=23757.3400,=5840827772552.3018,=5371602161909,=2587824554741.8701,=28.3896,=0.3941,=41.1836,=31.1981,=24.6853
2023-11-06,=18589.9500,=23833.7400,=5876816961586.8008,=5407171839667,=2602927964108.8389,=28.5645,=0.4049,=41.1836,=31.1993,=24.6853
2023-11-03,=18615.9500,=23867.0800,=5877061269834.4121,=5407622869150,=2605099560219.7012,=28.5657,=0.4053,=41.1836,=31.2005,=24.6853
2023-11-02,=18446.4600,=23649.7800,=5808179473301.6318,=5340925353108,=2573819778755.5796,=28.2309,=0.3816,=41.1836,=31.2090,=24.6853
2023-11-01,=18640.0200,=23897.9400,=5854548514376.8408,=5381570006720,=2592806125207.2310,=28.4562,=0.3980,=41.1861,=31.2174,=24.6796
2023-10-31,=18429.1300,=23627.5600,=5710214422069.3184,=5234266743171,=2526136978897.0898,=27.7547,=0.3571,=41.1861,=31.2309,=24.6796
2023-10-30,=18374.6100,=23557.6600,=5698492542569.7607,=5224699364882,=2520099192128.8501,=28.0324,=0.3695,=41.1861,=31.2444,=24.6796
2023-10-27,=18160.3500,=23282.9700,=5646815823994.9209,=5178173338550,=2495871493157.2012,=26.6598,=0.3027,=41.1861,=31.2463,=24.6796
2023-10-26,=17773.2100,=22786.6300,=5556105105697.8408,=5105333539390,=2457457504349.4697,=26.3961,=0.2881,=41.1861,=31.2483,=24.6796
2023-10-25,=17654.1200,=22633.9400,=5532814243987.8496,=5087035448462,=2447056403394.0405,=25.8007,=0.2499,=41.1949,=31.2509,=24.6700
2023-10-24,=17274.9600,=22147.8300,=5413738982205.5293,=4972480281741,=2394272781948.1704,=25.2215,=0.2230,=41.1949,=31.2534,=24.6700
2023-10-23,=17174.2200,=22018.6700,=5393517334680.1504,=4955861958714,=2385944731953.4902,=25.1315,=0.2181,=41.1949,=31.2541,=24.6700
2023-10-20,=17243.9300,=22108.0500,=5408690848195.5273,=4966365681197,=2392371485374.1011,=25.4740,=0.2346,=41.1949,=31.2548,=24.6700
2023-10-19,=17320.4900,=22206.2000,=5410302956914.6592,=4964182700610,=2392641403074.0303,=25.4778,=0.2347,=41.1949,=31.2553,=24.6700
2023-10-18,=17887.6100,=22933.2900,=5632636097369.0420,=5174069189470,=2492078661233.3208,=26.5149,=0.2932,=41.2000,=31.2558,=24.6683
2023-10-17,=17930.8200,=22988.6900,=5646349189634.3291,=5181928257425,=2495724839565.7095,=26.5795,=0.2970,=41.2000,=31.2643,=24.6683
2023-10-16,=17870.1000,=22910.8500,=5640286995244.4785,=5175273353356,=2492016249774.7905,=26.5510,=0.2945,=41.2000,=31.2728,=24.6683
2023-10-13,=18138.7500,=23255.2700,=5727029198607.3584,=5257135347523,=2528314808933.3389,=26.9593,=0.3151,=41.2000,=31.3017,=24.6683
2023-10-12,=18429.8700,=23628.5100,=5829743691027.5791,=5352127289649,=2572172149079.1104,=27.4428,=0.3365,=41.2000,=31.3305,=24.6683
2023-10-11,=18400.6300,=23591.0300,=5815443179264.3506,=5338891258867,=2564442901692.9004,=27.3755,=0.3343,=41.2306,=31.3310,=24.6598
2023-10-10,=18362.5800,=23542.2300,=5792286378192.8701,=5317996740712,=2555883303651.6011,=27.2665,=0.3295,=41.2306,=31.3315,=24.6598
2023-10-09,=18400.7900,=23591.2300,=5812616937660.9912,=5339193948496,=2563166872116.6392,=27.3622,=0.3330,=41.2306,=31.3329,=24.6598
2023-09-28,=18542.7700,=23773.2500,=5864530831293.5313,=5385561918842,=2586771172249.4810,=27.6066,=0.3438,=41.2306,=31.3343,=24.6598
2023-09-27,=18790.7600,=24091.2000,=5930580411125.5723,=5445490569856,=2615752671870.4097,=27.9175,=0.3615,=41.2306,=31.3350,=24.6598
2023-09-26,=18783.7600,=24082.2300,=5929121876009.4404,=5444032368562,=2615678207229.5498,=27.9106,=0.3611,=41.2419,=31.3357,=24.6412
2023-09-25,=18916.5600,=24248.8800,=5980155323624.8594,=5491864073651,=2636914271364.5503,=28.1508,=0.3704,=41.2419,=31.3460,=24.6412
2023-09-22,=19007.4800,=24365.4300,=6022341917988.1221,=5531664827584,=2653569542456.6299,=28.3494,=0.3876,=41.2419,=31.3563,=24.6412
2023-09-21,=18656.1900,=23915.1100,=5894764378045.7207,=5411362924083,=2596980104229.2603,=27.7489,=0.3541,=41.2419,=31.3596,=24.6412
2023-09-20,=19002.6600,=24359.2400,=5995813409692.1299,=5504563206200,=2640768100926.8906,=28.2246,=0.3771,=41.2419,=31.3629,=24.6412
2023-09-19,=19033.9100,=24399.3100,=6010769115439.5605,=5518911622256,=2645586814137.5698,=28.2950,=0.3821,=41.2907,=31.3632,=24.6409
2023-09-18,=19087.3000,=24467.7500,=6030864292748.8115,=5535969780795,=2652523687949.8506,=28.3896,=0.3898,=41.2907,=31.3635,=24.6409
2023-09-15,=18916.6000,=24248.9300,=5943531839911.0098,=5451526826265,=2612709313977.0708,=27.9784,=0.3641,=41.2907,=31.3640,=24.6409
2023-09-14,=19093.6100,=24475.8400,=6019457206911.6309,=5526020679723,=2647385504425.6699,=28.3359,=0.3856,=41.2907,=31.3646,=24.6409
2023-09-13,=19181.6700,=24588.7200,=6042560463976.4102,=5545123027522,=2657080806275.4502,=28.4446,=0.3924,=41.2907,=31.3681,=24.6409
2023-09-12,=19219.1900,=24636.8200,=6047421012111.5713,=5547853288260,=2659743889022.8696,=28.4675,=0.3934,=41.3414,=31.3717,=24.6403
2023-09-11,=19182.2400,=24589.4500,=6048839827283.6104,=5550320539532,=2658519464648.1094,=28.4742,=0.3935,=41.3414,=31.3726,=24.6403
2023-09-08,=19011.5900,=24359.7400,=6006826363296.2803,=5514353589477,=2640143484005.5298,=28.2764,=0.3812,=41.3414,=31.3736,=24.6403
2023-09-07,=19126.1900,=24506.5900,=6053404714331.9209,=5557572536281,=2660778558700.6104,=28.4957,=0.3940,=41.3414,=31.3746,=24.6403
2023-09-06,=19380.5300,=24832.4700,=6134660556808.5293,=5632324328977,=2695965342047.0200,=28.8782,=0.4150,=41.3414,=31.3756,=24.6403
2023-09-05,=19413.2800,=24874.4400,=6141060708303.7813,=5636193985824,=2697249814784.4004,=28.9083,=0.4160,=41.3522,=31.3766,=24.6353
2023-09-04,=19596.6200,=25109.3600,=6186993789851.1885,=5678870618951,=2718268041048.5698,=29.1245,=0.4257,=41.3522,=31.3777,=24.6353
2023-09-01,=19229.9300,=24639.5100,=6086369786878.8799,=5580391351278,=2673762254735.2095,=28.6508,=0.4026,=41.3522,=31.3865,=24.6353
2023-08-31,=18984.6700,=24325.2600,=6024626934458.4189,=5522819026261,=2647849427710.5996,=28.3602,=0.3879,=41.3522,=31.3952,=24.6353
2023-08-30,=19089.9000,=24460.0900,=6051227577258.7275,=5549397405080,=2662797417806.6792,=28.1932,=0.3755,=41.3522,=31.4022,=24.6353
2023-08-29,=19157.1000,=24546.1900,=6059709570989.6006,=5557675719923,=2667687079564.3535,=28.2508,=0.3797,=41.3572,=31.4091,=24.6259
2023-08-28,=18909.2300,=24228.6000,=5984388378233.2305,=5490008945379,=2637713580063.6011,=28.0853,=0.3694,=41.3572,=31.4093,=24.6259
2023-08-25,=18975.4500,=24269.8400,=5992112864828.6885,=5499125903363,=2642699427716.7744,=28.0695,=0.3692,=41.3572,=31.4094,=24.6259
2023-08-24,=19005.8300,=24305.0300,=5992445496722.2715,=5498144653170,=2641294749032.6201,=28.1439,=0.3710,=41.3572,=31.4103,=24.6259
2023-08-23,=18629.9800,=23823.3800,=5864841840995.3389,=5379735311147,=2587224124202.4180,=27.5446,=0.3432,=41.3572,=31.4111,=24.6259
2023-08-22,=18890.2600,=24156.2200,=5937157092517.2695,=5443328320491,=2618080859395.5859,=27.8843,=0.3617,=41.4191,=31.4143,=24.6256
2023-08-21,=18942.4700,=24222.9800,=5952599856182.8711,=5455960734121,=2623692015387.6709,=27.9717,=0.3650,=41.4191,=31.4175,=24.6256
2023-08-18,=19096.7500,=24420.2600,=5994858410975.3018,=5494514369772,=2643619213074.6030,=28.0587,=0.3680,=41.4191,=31.4276,=24.6256
2023-08-17,=19462.2100,=24887.6100,=6104533636040.4893,=5595855959020,=2691286473651.7788,=28.5616,=0.3975,=41.4191,=31.4377,=24.6256
2023-08-16,=19213.3300,=24569.3500,=6039208311386.3711,=5539088910520,=2664596238791.6597,=28.2680,=0.3796,=41.4191,=31.4409,=24.6256
2023-08-15,=19243.2700,=24607.6400,=6035844188179.6104,=5532878444368,=2663789109733.6294,=28.2626,=0.3788,=41.4293,=31.4441,=24.6107
2023-08-14,=19305.7100,=24687.4800,=6047033526617.4697,=5537546114054,=2666341142077.0459,=28.3088,=0.3827,=41.4293,=31.4476,=24.6107
2023-08-11,=19530.4900,=24974.9300,=6149834841933.4395,=5617752186556,=2703810653924.5771,=28.5561,=0.3965,=41.4293,=31.4511,=24.6107
2023-08-10,=19956.1400,=25519.2300,=6285472902755.6709,=5743315544385,=2763323222840.7163,=29.1860,=0.4255,=41.4293,=31.4513,=24.6107
2023-08-09,=19977.3600,=25546.3700,=6307133200156.7383,=5766140054321,=2772980117862.5840,=29.2865,=0.4312,=41.4293,=31.4514,=24.6107
2023-08-08,=19979.4000,=25548.9800,=6302195533821.0303,=5761800741269,=2772826534544.0547,=29.2636,=0.4289,=41.4711,=31.4515,=24.6055
2023-08-07,=20006.4200,=25583.5200,=6305805182258.2305,=5763105561427,=2774341460625.1226,=29.2804,=0.4305,=41.4711,=31.4517,=24.6055
2023-08-04,=20165.6000,=25787.0700,=6346517564551.5615,=5802685803777,=2781514459740.1899,=29.4587,=0.4371,=41.4711,=31.4569,=24.6055
2023-08-03,=20150.0400,=25767.1800,=6325975551582.5000,=5782620941337,=2772750972285.6948,=29.3633,=0.4334,=41.4711,=31.4622,=24.6055
2023-08-02,=20023.2600,=25605.0600,=6300708655005.4014,=5761249951630,=2762331853219.0908,=29.6084,=0.4435,=41.4711,=31.4693,=24.6055
2023-08-01,=20176.6500,=25801.2100,=6343410322115.6807,=5798011217959,=2781232120568.4990,=29.8091,=0.4515,=41.4879,=31.4764,=24.6052
2023-07-31,=20386.5400,=26069.6100,=6374697008295.1094,=5824604929572,=2796053769894.5586,=29.9561,=0.4560,=41.4879,=31.4778,=24.6052
2023-07-28,=20279.5500,=25932.8000,=6372600297742.5400,=5825845161285,=2794764913165.3540,=29.9462,=0.4556,=41.4879,=31.4792,=24.6052
2023-07-27,=19917.7500,=25470.1300,=6234426766552.2305,=5694515321446,=2732970787333.1851,=29.3137,=0.4329,=41.4879,=31.4801,=24.6052
2023-07-26,=19779.8400,=25293.7900,=6197417135878.1211,=5660741512417,=2716306146088.7383,=29.1397,=0.4257,=41.4879,=31.4810,=24.6052
2023-07-25,=19754.6500,=25261.5700,=6192170312372.2598,=5658336657810,=2715640889531.9756,=29.1151,=0.4243,=41.4890,=31.4816,=24.6030
2023-07-24,=19191.6200,=24541.5900,=5991621497141.3682,=5467037037128,=2632570960115.6924,=28.1721,=0.3756,=41.4890,=31.4823,=24.6030
2023-07-21,=19407.6100,=24817.7900,=6040272498958.8135,=5509153599988,=2651815543611.6968,=28.4009,=0.3900,=41.4890,=31.4877,=24.6030
2023-07-20,=19098.9800,=24423.1200,=5924775994834.5801,=5401295849221,=2600329284684.5811,=27.8578,=0.3629,=41.4890,=31.4932,=24.6030
2023-07-19,=19102.7100,=24427.8900,=5923641039850.0313,=5400603606070,=2599976406806.5225,=27.8525,=0.3624,=41.4890,=31.4938,=24.6030
2023-07-18,=19128.0800,=24460.3300,=5931870022061.9707,=5405250283744,=2601945911038.8789,=27.8912,=0.3637,=41.4898,=31.4943,=24.6021
2023-07-17,=19218.3000,=24575.7100,=5958300931412.4609,=5430972993874,=2614463300763.7915,=28.0154,=0.3685,=41.4898,=31.4998,=24.6021
2023-07-14,=19345.7700,=24738.7100,=6011808049347.1201,=5483429273609,=2638631334148.0620,=28.2670,=0.3798,=41.4898,=31.5054,=24.6021
2023-07-13,=19452.3600,=24866.0700,=6016951361988.6621,=5483054826985,=2641109527174.2500,=28.2912,=0.3816,=41.4898,=31.5063,=24.6021
2023-07-12,=18996.6400,=24247.8500,=5889217784069.5313,=5360413313213,=2583969162481.2373,=27.6906,=0.3562,=41.4898,=31.5073,=24.6021
2023-07-11,=18985.7300,=24230.0300,=5886261542101.1299,=5354741015796,=2581354768014.3955,=27.6767,=0.3552,=41.4961,=31.5090,=24.5921
2023-07-10,=18960.2100,=24197.4700,=5871528733412.2393,=5342744552250,=2574728159667.7183,=27.6074,=0.3494,=41.4961,=31.5108,=24.5921
2023-07-07,=18896.4800,=24116.1300,=5840557286584.7217,=5314970866586,=2563609065601.0615,=27.4618,=0.3430,=41.4961,=31.5135,=24.5921
2023-07-06,=18900.2200,=24115.6900,=5862412601527.1006,=5336036832821,=2570676920081.2661,=27.5646,=0.3472,=41.4961,=31.5162,=24.5921
2023-07-05,=19026.6400,=24276.9900,=5909400689989.0889,=5377103133129,=2588221919028.6104,=27.7855,=0.3594,=41.4961,=31.5187,=24.5921
2023-07-04,=19363.7400,=24707.1100,=5994440770522.0811,=5455553045812,=2626902345781.3364,=28.1604,=0.3721,=41.5048,=31.5212,=24.5863
2023-07-03,=19294,=24616.5500,=5968703819109.6094,=5429010028723,=2617220674968.6309,=28.0643,=0.3690,=41.5048,=31.5224,=24.5863
2023-06-30,=18897.2100,=24102.8700,=5841198160660.9805,=5312702252921,=2564577192677.2261,=27.4648,=0.3438,=41.5048,=31.5237,=24.5863
2023-06-29,=18933.9000,=24111.9300,=5872899708359.1611,=5347189895190,=2578843672149.9985,=27.6139,=0.3498,=41.5048,=31.5246,=24.5863
2023-06-28,=19138.6600,=24372.7000,=5937245505225.9209,=5410019838072,=2605449732699.9468,=27.9164,=0.3637,=41.5048,=31.5256,=24.5863
2023-06-27,=19111.6000,=24336.9500,=5912892889031.3408,=5385464977726,=2594313137788.3203,=27.8019,=0.3594,=41.5099,=31.5281,=24.5741
2023-06-26,=19043.9400,=24195.4100,=5900123015540.9014,=5375665666113,=2587658453955.6997,=27.7419,=0.3578,=41.5099,=31.5305,=24.5741
2023-06-21,=19387.8200,=24609.7500,=6007674502375.2578,=5477533038681,=2633954726195.3662,=28.2476,=0.3773,=41.5099,=31.5312,=24.5741
2023-06-20,=19609.7200,=24857.7800,=6069655313274.6367,=5532152063926,=2658402469889.5039,=28.5390,=0.3919,=41.5099,=31.5319,=24.5741
2023-06-19,=19787.3200,=25078.6700,=6111683381610.3896,=5571419072248,=2676434906433.1230,=28.7366,=0.4026,=41.5099,=31.5468,=24.5741
2023-06-16,=20109.8200,=25486.5700,=6246739591751.1885,=5701368173525,=2734722297358.7759,=29.3716,=0.4295,=41.5139,=31.5617,=24.5718
2023-06-15,=19956.5700,=25280.3500,=6170455840152.6211,=5629092727872,=2699238683837.7964,=29.0130,=0.4161,=41.5139,=31.5646,=24.5718
2023-06-14,=19657.6600,=24894.2100,=6071604344874.6191,=5536769221800,=2657116066019.9648,=28.5482,=0.3935,=41.5139,=31.5674,=24.5718
2023-06-13,=19388.1700,=24551.9900,=5975933399170.7900,=5447281273639,=2617244660659.3999,=28.0983,=0.3691,=41.5139,=31.5707,=24.5718
2023-06-12,=19375.6900,=24445,=5958320376384.5908,=5429185620549,=2612481225451.9712,=28.0155,=0.3678,=41.5139,=31.5739,=24.5718
2023-06-09,=18970.3200,=23917.8600,=5950539795006.6309,=5429785622528,=2633493130696.0942,=27.5575,=0.3481,=41.5240,=31.5755,=24.5600
2023-06-08,=19017.9400,=23977.9000,=5964756415731.7393,=5444076255282,=2639128867439.6938,=27.6234,=0.3517,=41.5240,=31.5772,=24.5600
2023-06-07,=18810.4000,=23716.2200,=5906068525455.0303,=5390289481502,=2611508781203.4385,=27.3516,=0.3400,=41.5240,=31.5778,=24.5600
2023-06-06,=18977.7400,=23926.8200,=5962689935136.9307,=5444171695799,=2635321974520.0649,=27.6138,=0.3505,=41.5240,=31.5784,=24.5600
2023-06-05,=19022.4200,=23983.1600,=5972343299860.4004,=5449263132272,=2638127161660.8257,=27.6585,=0.3541,=41.5240,=31.5971,=24.5600
2023-06-02,=19302.5100,=24333.7200,=6040616493610.7773,=5512622773210,=2668953016825.7920,=27.9747,=0.3652,=41.5331,=31.6157,=24.5585
2023-06-01,=18947.0100,=23885.5600,=5925449099018.3398,=5404880668528,=2617351914624.0020,=27.4414,=0.3437,=41.5331,=31.6176,=24.5585
2023-05-31,=18840.3400,=23737.8000,=5893251179329.6895,=5376680023098,=2602240037659.3711,=27.2922,=0.3385,=41.5331,=31.6195,=24.5585
2023-05-30,=19204.6900,=24196.1400,=6015195844306.2998,=5489386138890,=2657002559248.3672,=27.8570,=0.3611,=41.5331,=31.6245,=24.5585
2023-05-29,=19396.1800,=24436.0900,=6082572370313.3398,=5554909127491,=2686113295943.2817,=28.1690,=0.3706,=41.5331,=31.6296,=24.5585
2023-05-26,=19576.4900,=24649.9500,=6128413216422.4990,=5578746585402,=2704710646662.2915,=28.3813,=0.3835,=41.5864,=31.6303,=24.5523
2023-05-25,=19605.0200,=24683.7400,=6142225621198.7305,=5591634730639,=2711016403167.4717,=28.4453,=0.3868,=41.5864,=31.6310,=24.5523
2023-05-24,=19782.5400,=24903.3900,=6192822746269.0391,=5636108346599,=2733537201231.9131,=28.6796,=0.3979,=41.5864,=31.6374,=24.5523
2023-05-23,=20048.7800,=25238.5600,=6268106863514.0801,=5702529458161,=2767215279411.1777,=29.0282,=0.4140,=41.5864,=31.6439,=24.5523
2023-05-22,=20298.4200,=25552.8100,=6357824352225.6797,=5784324707107,=2801996484807.2549,=29.4437,=0.4293,=41.5864,=31.6525,=24.5523
2023-05-19,=19885.5800,=25029.7600,=6214509567602.5781,=5648554639563,=2736632624456.0322,=28.7800,=0.4018,=41.5904,=31.6611,=24.5276
2023-05-18,=19709.5400,=24808.1700,=6163573261504.0078,=5601330727860,=2715380178202.8452,=28.5441,=0.3907,=41.5904,=31.6661,=24.5276
2023-05-17,=19924.0800,=25078.2100,=6217776355270.5518,=5646441610770,=2740275644585.5176,=28.7951,=0.4018,=41.5904,=31.6712,=24.5276
2023-05-16,=20118.3600,=25322.7500,=6268906660641.8193,=5691534850411,=2760059733131.5000,=29.0319,=0.4141,=41.5904,=31.6712,=24.5276
2023-05-15,=20256.0100,=25496.0100,=6315037191111.5381,=5735197441989,=2779841441731.1499,=29.2456,=0.4210,=41.5904,=31.6712,=24.5276
2023-05-12,=20127.1600,=25333.8300,=6270718125399.8984,=5695416225329,=2761611400671.1650,=29.0403,=0.4152,=41.6005,=31.6758,=24.5208
2023-05-11,=20266.9000,=25509.7100,=6321341000835.4785,=5740341402999,=2781742831002.9458,=29.2748,=0.4231,=41.6005,=31.6804,=24.5208
2023-05-10,=20327.4200,=25585.8900,=6342443861374.8213,=5761936828854,=2791449118298.1470,=29.3725,=0.4256,=41.6005,=31.6807,=24.5208
2023-05-09,=20457.8600,=25737.5300,=6369965806490.3018,=5786489849933,=2802758330239.7520,=29.5000,=0.4310,=41.6005,=31.6810,=24.5208
2023-05-08,=20453.1200,=25731.5600,=6363487139396.9385,=5776049147093,=2800177583036.4521,=29.4699,=0.4288,=41.6005,=31.6842,=24.5208
2023-05-05,=20648.2300,=25975.1100,=6442211548192.6426,=5848805660024,=2833123545991.4131,=29.8345,=0.4432,=41.6501,=31.6875,=24.5200
2023-05-04,=20581.6400,=25891.3400,=6417447969373.4404,=5823751215668,=2824165151245.2651,=29.7198,=0.4392,=41.6501,=31.6912,=24.5200
2023-04-28,=20761.5000,=26117.6100,=6472725000817.8203,=5872547829122,=2845913919343.5610,=31.7032,=0.5012,=41.6501,=31.6950,=24.5200
2023-04-27,=20540.3000,=25839.3400,=6429576446657.0791,=5835734768053,=2822486370073.8105,=34.8924,=0.6297,=41.6501,=31.6912,=24.5200
2023-04-26,=20429.4900,=25683.8500,=6390208501932.6299,=5804204524320,=2804941548017.7539,=34.6038,=0.6251,=41.6501,=31.6875,=24.5200
2023-04-25,=20472.4100,=25737.8200,=6389474346279.9688,=5804637796188,=2805968860812.4058,=37.4397,=0.6887,=41.6554,=31.6842,=24.5188
2023-04-24,=20219.1400,=25419.4100,=6309528735485.7207,=5727081045995,=2765132040045.2832,=37.3909,=0.6877,=41.6554,=31.6810,=24.5188
2023-04-21,=20591.3700,=25887.3700,=6408283153319.2500,=5820287539711,=2811395014626.2451,=38.1444,=0.7073,=41.6554,=31.6807,=24.5188
2023-04-20,=20726.2300,=26054.5600,=6458321193767.0684,=5864685455384,=2831192135799.0708,=38.5113,=0.7171,=41.6554,=31.6804,=24.5188
2023-04-19,=20966.8500,=26357.0400,=6538961211716.4199,=5933975401164,=2863150074631.5405,=38.9770,=0.7331,=41.6554,=31.6758,=24.5188
2023-04-18,=21110.2700,=26537.3200,=6573950514758.1494,=5964838948080,=2877403342349.1455,=39.1811,=0.7387,=41.6557,=31.6712,=24.5049
2023-04-17,=21019.9900,=26423.8300,=6546935677366.2617,=5939755175934,=2866338426219.2471,=39.0301,=0.7350,=41.6557,=31.6712,=24.5049
2023-04-14,=20787.6900,=26131.8200,=6452238835216.3018,=5852504568432,=2824403018703.8237,=38.4655,=0.7170,=41.6557,=31.6712,=24.5049
2023-04-13,=20993.1400,=26390.0800,=6506732414203.5000,=5904324723330,=2849414715238.3960,=38.7904,=0.7283,=41.6557,=31.6661,=24.5049
2023-04-12,=20894.3000,=26265.8400,=6459030174824.2998,=5850342247578,=2826062537520.1924,=38.4936,=0.7174,=41.6557,=31.6611,=24.5049
2023-04-11,=21329.7400,=26813.2200,=6607806023564.8418,=5990720602573,=2893069128330.1812,=39.3802,=0.7445,=41.6619,=31.6525,=24.4936
2023-04-10,=21617.8300,=27174.4300,=6700266020217.8301,=6077131325515,=2934805607198.8789,=39.9312,=0.7588,=41.6619,=31.6439,=24.4936
2023-04-07,=21837.7700,=27450.9000,=6769322287691.8691,=6150036700203,=2966574049835.8599,=40.3428,=0.7680,=41.6619,=31.6374,=24.4936
2023-04-06,=21960.2000,=27604.8000,=6803962795630.7275,=6182858507987,=2981304238760.5693,=40.5492,=0.7760,=41.6619,=31.6310,=24.4936
2023-04-04,=22289.8300,=28019.1600,=6902298601945.4414,=6276258692091,=3023136302709.3101,=41.1353,=0.7900,=41.6619,=31.6303,=24.4936
2023-04-03,=22048.4100,=27715.6800,=6840486863990.4395,=6222917258822,=2993949123710.5811,=40.7669,=0.7807,=41.7323,=31.6296,=24.4929
2023-03-31,=22112.8300,=27796.6500,=6875302229323.8398,=6256516745122,=3009027776133.3599,=40.9744,=0.7857,=41.7323,=31.6245,=24.4929
2023-03-30,=22053.7300,=27722.3700,=6847890531737.7422,=6231244979874,=2985935177961.3589,=41.5904,=0.7982,=41.7323,=31.6195,=24.4929
2023-03-29,=21795.5700,=27397.8500,=6778361225244.2100,=6170947439025,=2954530951636.5503,=41.0950,=0.7889,=41.7323,=31.6176,=24.4929
2023-03-28,=21765.7400,=27360.3500,=6753212874429.0098,=6145147143307,=2946076141545.6187,=41.0124,=0.7870,=41.7323,=31.6157,=24.4929
2023-03-27,=21484.0400,=27006.2400,=6673018308713.1611,=6071048526379,=2911711026985.5298,=40.5253,=0.7761,=41.7641,=31.5971,=24.4916
2023-03-24,=21585.8200,=27134.1800,=6716664296910.0518,=6110613757030,=2927751647537.9492,=40.7815,=0.7827,=41.7641,=31.5784,=24.4916
2023-03-23,=21546.3200,=27084.5300,=6703333654070.9600,=6101187645565,=2923601682606.4902,=40.7721,=0.7823,=41.7641,=31.5778,=24.4916
2023-03-22,=21427.5700,=26935.2600,=6672219523388.5986,=6072936485316,=2910111747988.6602,=40.5469,=0.7774,=41.7641,=31.5772,=24.4916
2023-03-21,=21468.9200,=26987.2300,=6684246362903.2393,=6083364878216,=2914670852929.9116,=40.6200,=0.7789,=41.7641,=31.5755,=24.4916
2023-03-20,=21034.4600,=26441.1100,=6538110168684.3271,=5945121185606,=2849540416800.4795,=39.6943,=0.7551,=41.7750,=31.5739,=24.4915
2023-03-17,=21305.7200,=26782.0900,=6606697977004.6689,=6007950647053,=2882202554125.2808,=40.0652,=0.7652,=41.7750,=31.5707,=24.4915
2023-03-16,=21532.3700,=27067,=6674684749678.4785,=6070304425597,=2908760895123.7295,=40.4775,=0.7742,=41.7750,=31.5674,=24.4915
2023-03-15,=21679.3200,=27251.7200,=6698330695346.7803,=6087356893997,=2922782020795.5308,=40.6209,=0.7789,=41.7750,=31.5646,=24.4915
2023-03-14,=21848.1000,=27463.8800,=6755214522546.8682,=6141614236048,=2947020930244.7197,=40.9658,=0.7852,=41.7750,=31.5617,=24.4915
2023-03-13,=21854.1800,=27471.5200,=6773164980913.9512,=6156443112364,=2948037220637.1318,=41.0747,=0.7878,=41.8004,=31.5468,=24.4804
2023-03-10,=21491.6500,=27015.8200,=6675452517308.0293,=6067625058096,=2907087819066.0405,=40.4821,=0.7751,=41.8004,=31.5319,=24.4804
2023-03-09,=21746.4600,=27336.1200,=6753427256514.4814,=6137105787764,=2941448821401.5205,=40.9550,=0.7853,=41.8004,=31.5312,=24.4804
2023-03-08,=21904.1400,=27534.3200,=6791542735422.5498,=6169325896214,=2957392045754.4702,=41.1861,=0.7909,=41.8004,=31.5305,=24.4804
2023-03-07,=22052.8600,=27721.2700,=6844935976762.7090,=6218098935838,=2980156564296.7900,=41.5099,=0.7960,=41.8004,=31.5281,=24.4804
2023-03-06,=22542.8700,=28337.2400,=6973148139351.6895,=6333700097834,=3036481931427.7900,=42.2718,=0.8098,=41.8075,=31.5256,=24.4744
2023-03-03,=22587.6700,=28393.5400,=6992826118348.9980,=6354274508807,=3046275636441.2896,=42.3910,=0.8124,=41.8004,=31.5246,=24.4744
2023-03-02,=22689.9900,=28522.1600,=7026406549958.7207,=6386031619476,=3060417619593.1309,=42.5946,=0.8148,=41.7750,=31.5237,=24.4744
2023-03-01,=22757.1500,=28606.6000,=7054639914025.3301,=6412765827348,=3071471450344.1104,=42.7639,=0.8192,=41.7641,=31.5224,=24.4744
2023-02-28,=22569.2900,=28370.4500,=6986321636854.3496,=6348901481397,=3041310489809.5815,=42.3498,=0.8125,=41.7323,=31.5212,=24.4744
2023-02-27,=22528.4300,=28319.0900,=6967969532201.7217,=6339130497729,=3036512101739.3413,=42.2386,=0.8104,=41.7323,=31.5187,=24.4554
2023-02-24,=22385.7800,=28139.7600,=6906040278672.5098,=6275219526891,=3010343648051.4907,=41.8632,=0.8031,=41.6619,=31.5162,=24.4554
2023-02-23,=22638.9000,=28457.9500,=6998178470598.3604,=6353083695573,=3049726812681.5005,=42.4217,=0.8130,=41.6557,=31.5135,=24.4554
2023-02-22,=22798.9800,=28659.1700,=7059218398494.1191,=6404532121503,=3074111549222.1499,=42.7917,=0.8199,=41.6554,=31.5108,=24.4554
2023-02-21,=22835.5500,=28705.1500,=7091966382528.3486,=6449057918096,=3093079141615.8013,=42.9902,=0.8234,=41.6501,=31.5090,=24.4554
2023-02-20,=22917.0300,=28807.5700,=7124177288489.4316,=6483388560985,=3105561276476.4390,=43.1855,=0.8279,=41.6501,=31.5073,=24.4528
2023-02-17,=22532.5800,=28324.3000,=6983020764754.9395,=6350353159729,=3041973669004.2295,=42.3298,=0.8130,=41.6005,=31.5063,=24.4528
2023-02-16,=22652.7200,=28475.3200,=7051303203937.5088,=6418092648021,=3073127998008.9302,=42.7437,=0.8193,=41.5864,=31.5054,=24.4528
2023-02-15,=22701.6800,=28536.8700,=7038522698238.2998,=6401260205795,=3068294044651.9502,=42.6662,=0.8175,=41.5331,=31.4998,=24.4528
2023-02-14,=22843.9900,=28715.7600,=7065659466458.8105,=6424261971360,=3081443490815.0400,=42.8307,=0.8216,=41.5240,=31.4943,=24.4528
2023-02-13,=22939.6800,=28836.0400,=7098157062185.8408,=6459553465197,=3098298569813.5098,=43.0277,=0.8240,=41.5240,=31.4938,=24.4300
2023-02-10,=22420.4000,=28183.2800,=6919603037463.6924,=6293945121099,=3024408573337.1904,=41.9454,=0.8067,=41.5139,=31.4932,=24.4300
2023-02-09,=22397.3100,=28154.2600,=6925546543092.7100,=6301662566269,=3027299008502.1392,=41.9814,=0.8076,=41.5048,=31.4877,=24.4300
2023-02-08,=21967.2200,=27613.6200,=6784835371957.5508,=6172155700237,=2967134368488.9199,=41.1284,=0.7939,=41.4961,=31.4823,=24.4300
2023-02-07,=22143.2800,=27834.9400,=6844313672180.3691,=6224813069150,=2991405457578.2896,=41.4890,=0.7993,=41.4961,=31.4816,=24.4300
2023-02-06,=22181.6200,=27883.1300,=6845491720504.7100,=6225159020423,=2993879993128.6709,=41.4961,=0.7998,=41.5048,=31.4810,=24.4252
2023-02-03,=22498.1700,=28281.0400,=6946307462557.9893,=6319516150193,=3038181597255.8296,=42.1072,=0.8088,=41.5048,=31.4801,=24.4252
2023-02-02,=22750.1200,=28597.7500,=7022993885872.7803,=6388193758863,=3071036061146.1104,=42.5721,=0.8161,=41.4898,=31.4792,=24.4252
2023-02-01,=22628.6100,=28445.0100,=6999855308858.1621,=6372583202816,=3062084104459.0601,=42.4318,=0.8148,=41.4879,=31.4778,=24.4252
2023-01-31,=22459.4500,=28232.3700,=6964045474062.5996,=6343149008849,=3046117195773.4507,=42.2148,=0.8120,=41.4711,=31.4764,=24.4252
2023-01-30,=22870.1200,=28748.6000,=7109147411007.8896,=6483198674580,=3109086512592.6196,=43.0944,=0.8250,=41.4711,=31.4693,=24.4173
2023-01-20,=22658.0200,=28481.9800,=7029283614125.9004,=6401422672038,=3071232995075.7588,=42.6102,=0.8167,=41.4293,=31.4622,=24.4173
2023-01-19,=22681.3000,=28511.2500,=7056366815103.1689,=6424886268099,=3080650113148.3003,=42.7744,=0.8200,=41.4191,=31.4569,=24.4173
2023-01-18,=22739.3100,=28584.1700,=7088781292874.3604,=6454796532960,=3092549841136.9219,=42.9709,=0.8230,=41.3572,=31.4517,=24.4173
2023-01-17,=23014.1600,=28929.6600,=7153828553099.6904,=6511257225170,=3122414158455.1504,=43.3652,=0.8293,=41.3522,=31.4515,=24.4173
2023-01-16,=23225,=29194.6900,=7212757327025.3496,=6564918882139,=3146476049142.5610,=43.7224,=0.8360,=41.3522,=31.4514,=24.4172
2023-01-13,=22749.5100,=28596.9900,=7074083259852.9492,=6436340491577,=3085222669510.1401,=42.8818,=0.8229,=41.3414,=31.4513,=24.4172
2023-01-12,=22132.1300,=27820.9200,=6871764605909.2891,=6254631989203,=3000465549856.1196,=41.6554,=0.8049,=41.2907,=31.4511,=24.4172
2023-01-11,=22263.8500,=27986.5000,=6914684472642.2393,=6287939486875,=3018137195439.8101,=41.9156,=0.8088,=41.2419,=31.4476,=24.4172
2023-01-10,=22372.7500,=28123.3900,=6955011482163.8486,=6324484521073,=3033324390860.8789,=42.1600,=0.8133,=41.2306,=31.4441,=24.4172
2023-01-09,=22270.4900,=27994.8400,=6925172979163.3096,=6297089764487,=3018903147432.6895,=41.9791,=0.8102,=41.2306,=31.4409,=24.4119
2023-01-06,=21891.8100,=27518.8200,=6796648132253.1982,=6177324372886,=2962710030968.0400,=41.2000,=0.8001,=41.2000,=31.4377,=24.4119
2023-01-05,=21937.1800,=27575.8600,=6801684613788.3594,=6180612657163,=2964546887975.3701,=41.2306,=0.8003,=41.1949,=31.4276,=24.4119
2023-01-04,=21245.4900,=26706.3700,=6555498476546.1729,=5948306298434,=2859424299634.1401,=39.7382,=0.7674,=41.1836,=31.4175,=24.4119
2023-01-03,=21231.8300,=26689.2100,=6559027216060.7197,=5951445837164,=2860342497289.1396,=39.7596,=0.7685,=41.1836,=31.4143,=24.4119
2022-12-30,=21573.1500,=27118.2600,=6636887737037.4424,=6017167664417,=2891726712252.4409,=40.2316,=0.7785,=41.1949,=31.4111,=24.4084
2022-12-29,=21384.6200,=26881.2700,=6588949226627.6797,=5972253493360,=2869301111635.4199,=39.9410,=0.7729,=41.1949,=31.4103,=24.4084
2022-12-28,=21549.6100,=27088.6700,=6642365111940.1807,=6021413748599,=2892050215878.7588,=40.2648,=0.7802,=41.1949,=31.4094,=24.4084
2022-12-27,=21651.1700,=27216.3400,=6666100464946.6299,=6036601947265,=2901802612602.3311,=40.4087,=0.7832,=41.1949,=31.4093,=24.4084
2022-12-26,=21308.4800,=26751.3000,=6597720057728.9697,=5985653309550,=2873431037145.1396,=39.9942,=0.7749,=41.1949,=31.4091,=24.4084
2022-12-23,=21499.0100,=26990.4900,=6673172410707.3203,=6053750003949,=2905292733093.2896,=40.4516,=0.7839,=41.2419,=31.4022,=24.4074
2022-12-22,=21405.9800,=26873.7100,=6637193436884.3008,=6025335044555,=2894735705011.9697,=40.2335,=0.7793,=41.2419,=31.3952,=24.4074
2022-12-21,=21069.7600,=26451.6000,=6523106166759.8613,=5925915825783,=2847442647380.8501,=39.5419,=0.7652,=41.2419,=31.3865,=24.4074
2022-12-20,=20814.1600,=26130.7100,=6444863263795.4307,=5854616805342,=2811806345888.2900,=39.0676,=0.7526,=41.2419,=31.3777,=24.4074
2022-12-19,=21494.4700,=26984.7900,=6658771924421.7412,=6052857497947,=2905589396795.8604,=40.3643,=0.7822,=41.2419,=31.3766,=24.4074
2022-12-16,=21790.5900,=27356.5500,=6742234692846.6787,=6124714982170,=2940668537852.5000,=40.8702,=0.7931,=41.2907,=31.3756,=24.3993
2022-12-15,=21704.1400,=27248.0200,=6722830881126.7529,=6106409385731,=2932455580048.6592,=40.7526,=0.7909,=41.2907,=31.3746,=24.3993
2022-12-14,=21922.6000,=27522.2800,=6761217490955.5010,=6134459413107,=2946394631685.1509,=40.9853,=0.7948,=41.2907,=31.3736,=24.3993
2022-12-13,=21515.1100,=27010.7100,=6640399655581.0654,=6026759802596,=2896181360067.8203,=40.2529,=0.7807,=41.2907,=31.3726,=24.3993
2022-12-12,=21293.5300,=26732.5300,=6576983582303.0693,=5973035906708,=2869734089744.8306,=39.8685,=0.7739,=41.2907,=31.3717,=24.3993
2022-12-09,=21551.6000,=27056.5200,=6673653020163.4238,=6059295748776,=2884409061352.0898,=41.0144,=0.7952,=41.3414,=31.3681,=24.3917
2022-12-08,=21138.4700,=26537.8600,=6530778808222.1494,=5922003647392,=2820645521441.1001,=40.1363,=0.7786,=41.3414,=31.3646,=24.3917
2022-12-07,=21287.6500,=26725.1500,=6552822141313.3799,=5938156183180,=2832039250343.2808,=40.2718,=0.7816,=41.3414,=31.3640,=24.3917
2022-12-06,=21211.1500,=26629.1000,=6545383762607.6084,=5928009349769,=2827541207867.5703,=40.2261,=0.7806,=41.3414,=31.3635,=24.3917
2022-12-05,=20727.2700,=26021.6200,=6397510519804.3574,=5794390458899,=2768802774787.1597,=39.3173,=0.7610,=41.3414,=31.3632,=24.3917
2022-12-02,=20432.1500,=25651.1300,=6290644405927.7412,=5699164657041,=2723501143861.6001,=38.6605,=0.7416,=41.3522,=31.3629,=24.3917
2022-12-01,=20354.2400,=25553.3200,=6277144763378.1396,=5687122414094,=2715609931772.6499,=38.5776,=0.7384,=41.3522,=31.3596,=24.3917
2022-11-30,=19782.3800,=24835.3800,=6104803883227.7393,=5529842353762,=2642567980802.2798,=37.5184,=0.7110,=41.3522,=31.3563,=24.3917
2022-11-29,=19779.4100,=24831.6600,=6109187998499.8203,=5532772121509,=2641121369787.9805,=37.5454,=0.7119,=41.3522,=31.3460,=24.3917
2022-11-28,=19145.0200,=24035.2200,=5874129863063.4707,=5310308144229,=2537581757501.3706,=36.1008,=0.6786,=41.3522,=31.3357,=24.3917
2022-11-25,=19171.1800,=24061.3300,=5888621488088.1328,=5327252036949,=2544900772806.9199,=36.1898,=0.6828,=41.3572,=31.3350,=24.3868
2022-11-24,=19154.0200,=24039.8000,=5886523864491.8799,=5325916260546,=2543044105455.8696,=36.1769,=0.6827,=41.3572,=31.3343,=24.3868
2022-11-23,=19287.3900,=24207.1900,=5950353839522.3604,=5386323048894,=2569528276953.6299,=36.5692,=0.6925,=41.3572,=31.3329,=24.3868
2022-11-22,=19411.1900,=24362.5700,=5967404849133.6797,=5398756833965,=2576966674992.2700,=36.6740,=0.6951,=41.3572,=31.3315,=24.3868
2022-11-21,=19457.5000,=24420.6900,=5958478225919.3506,=5384791723417,=2570868336449.8198,=36.6191,=0.6935,=41.3572,=31.3310,=24.3868
2022-11-18,=19807.7300,=24860.2600,=6089351747471.6299,=5506815351321,=2627865089145.8398,=37.4235,=0.7085,=41.4191,=31.3305,=24.3856
2022-11-17,=19853.8900,=24918.1900,=6095988544277.8291,=5511199330210,=2631390430520.5996,=37.4642,=0.7090,=41.4191,=31.3017,=24.3856
2022-11-16,=19950.6100,=25039.5700,=6142523913765.9111,=5553754017644,=2649409325990.8989,=37.7502,=0.7160,=41.4191,=31.2728,=24.3856
2022-11-15,=19942.8100,=25029.7900,=6136132610229.8301,=5550595322634,=2650142065455.6597,=37.7110,=0.7153,=41.4191,=31.2643,=24.3856
2022-11-14,=19607.9000,=24609.4500,=6003349632917.3799,=5425643542240,=2591025945496.8496,=36.8949,=0.7020,=41.4191,=31.2558,=24.3856
2022-11-11,=19729.6300,=24762.2300,=6019630812701.9492,=5441663365935,=2599825263643.2197,=36.9950,=0.7034,=41.4293,=31.2553,=24.3792
2022-11-10,=19286.9200,=24206.6000,=5862075609134.0117,=5294171020182,=2532487500011.9297,=36.0267,=0.6793,=41.4293,=31.2548,=24.3792
2022-11-09,=19079.2800,=23945.9900,=5806818027879.0088,=5239295591977,=2506730567212.8398,=35.6871,=0.6693,=41.4293,=31.2541,=24.3792
2022-11-08,=19371.1100,=24312.2500,=5896043017166.4600,=5322650828484,=2546392366880.0010,=36.2354,=0.6850,=41.4293,=31.2534,=24.3792
2022-11-07,=19660.5700,=24675.5600,=5987103931613.1982,=5406798548912,=2585572024869.9404,=36.7951,=0.6984,=41.4293,=31.2509,=24.3792
2022-11-04,=19540.3500,=24524.6700,=5966743249025.6484,=5376114767982,=2578317455029.3296,=36.6699,=0.6962,=41.4711,=31.2483,=24.3759
2022-11-03,=18794.3900,=23588.4300,=5710615407805.8584,=5140224854289,=2468406868711.1597,=35.0958,=0.6566,=41.4711,=31.2463,=24.3759
2022-11-02,=19029.8200,=23883.9200,=5795340175019.1318,=5218835158872,=2506437865615.9209,=35.6165,=0.6673,=41.4711,=31.2444,=24.3759
2022-11-01,=18707.6100,=23479.5100,=5713905020652.3809,=5146097119693,=2470369121968.7700,=35.1161,=0.6576,=41.4711,=31.2309,=24.3759
2022-10-31,=17692.6600,=22205.6800,=5365369563527.3809,=4824172653645,=2319979411952.8604,=32.9741,=0.5791,=41.4711,=31.2174,=24.3759
2022-10-28,=17907.9900,=22475.9300,=5441280066892.5996,=4885845164182,=2346983440512.3804,=34.2877,=0.6389,=41.4879,=31.2090,=24.3683
2022-10-27,=18368.6100,=23054.0400,=5567873008779.5586,=4995698514384,=2402776028626.7896,=35.5844,=0.6666,=41.4879,=31.2005,=24.3683
2022-10-26,=18915.1100,=23739.9400,=5768558366390.0010,=5184152875752,=2485410994700.2495,=36.8677,=0.7005,=41.4879,=31.1993,=24.3683
2022-10-25,=19060.6900,=23922.6600,=5797675871882.4307,=5215610974485,=2500095310362.5898,=40.2201,=0.7786,=41.4879,=31.1981,=24.3683
2022-10-24,=19091.4000,=23961.2000,=5821891439426.6191,=5240906151517,=2513931249145.5298,=43.0833,=0.8218,=41.4879,=31.1957,=24.3683
2022-10-21,=20036.3100,=25147.1400,=6163814855202.1299,=5559958475553,=2661934262411.9995,=45.6136,=0.8670,=41.4879,=31.1932,=24.3676
2022-10-20,=20247.7500,=25412.5100,=6237539798471.3691,=5627895559114,=2691986883122.8389,=46.4927,=0.8799,=41.4711,=31.1929,=24.3676
2022-10-19,=20305.2000,=25484.6200,=6237245629614.8525,=5629028064250,=2701967625740.7197,=46.4905,=0.8799,=41.4293,=31.1925,=24.3676
2022-10-18,=20968.5500,=26317.1700,=6446942734528.2012,=5820553745856,=2791598997213.1494,=48.0535,=0.9052,=41.4191,=31.1903,=24.3676
2022-10-17,=21065.6000,=26438.9700,=6482614833982.6367,=5853221704799,=2805992949603.1499,=49.2229,=0.9216,=41.3572,=31.1881,=24.3676
2022-10-14,=21201.7500,=26609.8600,=6537722966927.1602,=5905383244579,=2827146945047.8901,=50.4044,=0.9442,=41.3572,=31.1870,=24.3574
2022-10-13,=20920.6100,=26257,=6425312797200.6592,=5802796671379,=2781111952319.2705,=49.5377,=0.9287,=41.3522,=31.1859,=24.3574
2022-10-12,=21012.9900,=26372.9400,=6502564353638.1602,=5886588746309,=2818834272217.9702,=50.1333,=0.9398,=41.3414,=31.1829,=24.3574
2022-10-11,=21021.1500,=26383.1900,=6534167813357.3428,=5920577113879,=2830330062797.4697,=50.3769,=0.9439,=41.2907,=31.1799,=24.3574
2022-10-10,=20997.6700,=26353.7200,=6541348602018.6904,=5927251477535,=2831053109178.9902,=50.4323,=0.9454,=41.2419,=31.1750,=24.3574
2022-09-30,=21594.8800,=27103.2600,=6796488234986.4287,=6176419612976,=2932516897076.3999,=52.3994,=0.9612,=41.2419,=31.1702,=24.3512
2022-09-29,=21646.3900,=27167.9200,=6816125762521.2695,=6196266798660,=2940720494649.0996,=52.5508,=0.9627,=41.1949,=31.1681,=24.3512
2022-09-28,=21687.7300,=27219.8000,=6824492242083.0215,=6157596946785,=2946184259670.1211,=52.6153,=0.9637,=41.1836,=31.1659,=24.3512
2022-09-27,=21770.3100,=27323.4400,=6846561184817.4297,=6174532905121,=2956042105693.9004,=52.7854,=0.9646,=41.1786,=31.1647,=24.3512
2022-09-26,=21115.1800,=26501.2100,=6663429345828.8301,=6014364583724,=2880019998368.8701,=51.3735,=0.9537,=41.1704,=31.1634,=24.3512
2022-09-23,=20992.9300,=26347.7700,=6591041394897.9482,=5942271470970,=2853741513454.3608,=50.8154,=0.9500,=41.1704,=31.1590,=24.3304
2022-09-22,=20956.8600,=26302.5100,=6571196162821.9199,=5921586058454,=2843249147064.9692,=50.6624,=0.9487,=41.1591,=31.1546,=24.3304
2022-09-21,=21236.3100,=26653.2300,=6663497939950.3604,=6006107770479,=2884426378572.0288,=51.3741,=0.9540,=41.1524,=31.1488,=24.3304
2022-09-20,=21556.0900,=27054.5800,=6766877627381.8115,=6097573162749,=2928588714142.2197,=52.1711,=0.9596,=41.1213,=31.1430,=24.3304
2022-09-19,=21454.9400,=26927.6400,=6730142158419.3779,=6062212268399,=2914997976940.1201,=51.8879,=0.9583,=41.1193,=31.1371,=24.3304
2022-09-16,=21267.1700,=26691.9600,=6677950345870.3281,=6010012714367,=2891398536019.7290,=51.4855,=0.9552,=41.1193,=31.1312,=24.3204
2022-09-15,=21680.9300,=27211.2700,=6796720857730.8301,=6110220460388,=2940434504350.4404,=52.4012,=0.9623,=41.1075,=31.1304,=24.3204
2022-09-14,=21691.3800,=27210.6100,=6779471088853.8984,=6090076753539,=2935001932635.1792,=52.2682,=0.9601,=41.0880,=31.1296,=24.3204
2022-09-13,=21842.4400,=27400.1200,=6818882623660.8604,=6126416895479,=2954242013197.8096,=52.5720,=0.9635,=41.0576,=31.1283,=24.3204
2022-09-09,=21505.6000,=26977.5600,=6707590077074.5488,=6019625236403,=2907086733613.1699,=51.7140,=0.9579,=41.0388,=31.1271,=24.3204
2022-09-08,=21256.6600,=26665.2800,=6612381815942.3203,=5930997149876,=2868632308020.8706,=50.9800,=0.9535,=41.0388,=31.1228,=24.2996
2022-09-07,=21285.5000,=26701.4600,=6617295225559.0703,=5933103703073,=2873231595670.7095,=51.0178,=0.9545,=41.0207,=31.1185,=24.2996
2022-09-06,=21581.6900,=27073.0200,=6712929802691.6797,=6019197554192,=2913089342500.7300,=51.7552,=0.9582,=40.9910,=31.1141,=24.2996
2022-09-05,=21521.2400,=26997.1800,=6685716858139.6904,=5992452886542,=2902635509814.3301,=51.5454,=0.9569,=40.9733,=31.1098,=24.2996
2022-09-02,=21826.3100,=27379.8800,=6800518780882.7197,=6098835204044,=2950768280852.5498,=52.4305,=0.9628,=40.9701,=31.1008,=24.2996
2022-09-01,=22061.2900,=27674.6400,=6864886041489.2598,=6155578327496,=2975943982405.3896,=52.9267,=0.9656,=40.9701,=31.0918,=24.2673
2022-08-31,=22369.3700,=28061.1100,=6979647471253.5889,=6264634317194,=3027460806260.9600,=53.8115,=0.9713,=40.9260,=31.0903,=24.2673
2022-08-30,=22180.9900,=27824.8100,=6866441650688.6016,=6153945755572,=2972653391672.2603,=52.2901,=0.9619,=40.9149,=31.0887,=24.2673
2022-08-29,=22200.9200,=27849.8000,=6880824173689.9102,=6171813542050,=2980388775919.2017,=52.4928,=0.9637,=40.8933,=31.0878,=24.2673
2022-08-26,=22425.5800,=28131.6300,=6954844466570.8896,=6241106570275,=3003930784952.6548,=54.2178,=0.9731,=40.8636,=31.0868,=24.2673
2022-08-25,=22185.5900,=27799,=6883744021992.4717,=6180077687764,=2976228760036.7202,=53.8201,=0.9718,=40.8636,=31.0752,=24.2649
2022-08-24,=21787.6500,=27299.0800,=6765558141827.3213,=6070805826100,=2925602857616.2856,=52.8511,=0.9665,=40.8249,=31.0636,=24.2649
2022-08-23,=21913.4200,=27456.6600,=6813592125021.6191,=6112452372743,=2945317027208.7197,=53.2077,=0.9674,=40.8004,=31.0607,=24.2649
2022-08-22,=22107.6600,=27700.0400,=6889873181129.3203,=6181442491738,=2975138296367.9922,=53.8645,=0.9728,=40.7822,=31.0577,=24.2649
2022-08-19,=21984.3500,=27545.5400,=6868212240581.9287,=6162933518739,=2966001894111.0649,=53.5240,=0.9699,=40.7743,=31.0545,=24.2649
2022-08-18,=21849.3700,=27376.4100,=6852054838301.3311,=6149180682330,=2941782200546.4424,=54.8052,=0.9743,=40.7743,=31.0513,=24.2345
2022-08-17,=22218.0400,=27838.3400,=6956995289363.0889,=6232619050617,=2986824064262.0869,=55.6570,=0.9777,=40.7703,=31.0401,=24.2345
2022-08-16,=22093.2200,=27681.9400,=6927966843693.9297,=6206681808670,=2974942558301.3062,=55.5019,=0.9774,=40.7527,=31.0289,=24.2345
2022-08-15,=22084.4200,=27670.9100,=6935310319819.0107,=6218478892394,=2973962943604.8228,=55.4232,=0.9768,=40.7060,=31.0254,=24.2345
2022-08-12,=22295.6700,=27935.6100,=6997192318455.1396,=6272999170387,=2998471621169.7378,=55.9178,=0.9796,=40.7002,=31.0219,=24.2345
2022-08-11,=22148.2300,=27750.8700,=6943689230760.5908,=6217239025691,=2974899753894.7358,=55.4902,=0.9774,=40.7002,=31.0219,=24.2333
2022-08-10,=21789.2600,=27301.0900,=6827895529661.9785,=6115307625335,=2926123622330.8379,=54.5486,=0.9752,=40.6835,=31.0219,=24.2333
2022-08-09,=22125.4500,=27722.3300,=6946024117502.6406,=6220253229570,=2974245007581.2480,=55.4924,=0.9777,=40.6710,=31.0159,=24.2333
2022-08-08,=22281.8600,=27918.3000,=6974619135282.9395,=6204718555412,=2989572908029.0859,=55.7208,=0.9790,=40.6482,=31.0098,=24.2333
2022-08-05,=22433.5400,=28108.3600,=7023791532433.4102,=6244026839787,=3009932748841.5371,=56.0377,=0.9805,=40.6349,=31.0072,=24.2333
2022-08-04,=22229.7500,=27852.3800,=6964229906790.2090,=6201875520975,=2986500717914.8540,=55.7679,=0.9796,=40.6349,=31.0045,=24.2192
2022-08-03,=21910.4300,=27452.2900,=6862545122211.5586,=6106288871614,=2942096259207.3232,=54.9536,=0.9774,=40.6255,=30.9921,=24.2192
2022-08-02,=22088,=27674.7800,=6890620139719.5898,=6130157357277,=2955870912510.7925,=56.0079,=0.9805,=40.6101,=30.9798,=24.2192
2022-08-01,=22378.0500,=28038.1900,=6965646089532.2227,=6190478770116,=2987873223670.8477,=56.6177,=0.9821,=40.5936,=30.9794,=24.2192
2022-07-29,=22266.2300,=27898.0800,=6942082120636.0215,=6177518488275,=2981944494775.0298,=56.4855,=0.9817,=40.5796,=30.9790,=24.2192
2022-07-28,=22628.3500,=28351.8000,=7045099846899.8496,=6269829894018,=3020188897665.5830,=57.3205,=0.9830,=40.5796,=30.9651,=24.2101
2022-07-27,=22695.9400,=28436.4800,=7078248772654.8398,=6302471404653,=3036588143180.4268,=57.5902,=0.9836,=40.5471,=30.9512,=24.2101
2022-07-26,=22916.2500,=28712.5200,=7163494749627.8516,=6385445334774,=3072241782375.3652,=58.2837,=0.9868,=40.5406,=30.9480,=24.2101
2022-07-25,=22728.4000,=28477.1600,=7114633139401.7715,=6339643670037,=3051024415396.2466,=57.8862,=0.9855,=40.5349,=30.9449,=24.2101
2022-07-22,=22624.4800,=28346.9500,=7092569970158.1104,=6319162296081,=3041489657112.9609,=57.7067,=0.9846,=40.5245,=30.9443,=24.2101
2022-07-21,=22744.5500,=28497.3900,=7110384381559.0215,=6327628456579,=3048110969097.3477,=57.8516,=0.9855,=40.5245,=30.9437,=24.1445
2022-07-20,=22929.1300,=28728.5300,=7168602425142.2207,=6379563872005,=3071796561857.0220,=58.3253,=0.9871,=40.5207,=30.9406,=24.1445
2022-07-19,=22830.0300,=28602.9100,=7129392210426.2510,=6348167565234,=3059354155066.0161,=58.0063,=0.9864,=40.5132,=30.9374,=24.1445
2022-07-18,=22805.5200,=28567.0300,=7132187450556.6104,=6348503019112,=3059874941820.9121,=58.0290,=0.9867,=40.4987,=30.9367,=24.1445
2022-07-15,=22846.8900,=28618.8600,=7142654604021.3301,=6359039505626,=3063732215021.0869,=58.1142,=0.9871,=40.4961,=30.9361,=24.1445
2022-07-14,=22967.7300,=28770.2300,=7168655762237.8213,=6377671547418,=3076486542481.5825,=58.3257,=0.9874,=40.4961,=30.9326,=24.1145
2022-07-13,=23121.4200,=28962,=7211326707856.4512,=6415123073652,=3094437771079.2979,=58.6729,=0.9880,=40.4943,=30.9292,=24.1145
2022-07-12,=23034.3100,=28850.4400,=7171836525962.2490,=6381105810484,=3079747701194.3745,=58.3516,=0.9880,=40.4912,=30.9281,=24.1145
2022-07-11,=23298.9500,=29180.6900,=7244520752830.4131,=6434281128523,=3108985075191.6064,=58.9430,=0.9886,=40.4827,=30.9269,=24.1145
2022-07-08,=23527.6800,=29467.1700,=7350744430476.6104,=6531402375547,=3148775409081.3271,=59.8072,=0.9893,=40.4635,=30.9265,=24.1145
2022-07-07,=23452.5000,=29373.0100,=7327444716996.3418,=6509638911233,=3137260142909.3745,=59.6177,=0.9892,=40.4635,=30.9261,=24.1128
2022-07-06,=23498.2500,=29428.6600,=7360647461790.3408,=6541177964153,=3149857458180.2881,=59.8878,=0.9899,=40.4252,=30.9212,=24.1128
2022-07-05,=24030.9900,=30095.8500,=7508664581946.5195,=6670803319801,=3213127616633.2256,=61.0921,=0.9911,=40.4135,=30.9164,=24.1128
2022-07-04,=24169.5400,=30269.3700,=7533693801252.7275,=6686081212674,=3219806510196.3452,=61.2958,=0.9918,=40.4060,=30.8931,=24.1128
2022-07-01,=23805.0400,=29812.8700,=7481305353425.8691,=6657383205753,=3196022976899.3374,=60.8695,=0.9915,=40.3952,=30.8698,=24.1128
2022-06-30,=23940.6000,=29982.6400,=7529097140190.1182,=6702456886163,=3214008920786.4297,=61.2584,=0.9918,=40.3952,=30.8625,=24.1103
2022-06-29,=23326.6300,=29181.4400,=7360468403824.3584,=6539286973419,=3145289401408.2319,=59.8864,=0.9911,=40.3918,=30.8551,=24.1103
2022-06-28,=23763.9400,=29680.7000,=7454591712465.2402,=6615535937766,=3191731622574.0781,=60.6522,=0.9918,=40.3567,=30.8548,=24.1103
2022-06-27,=23663.2200,=29543.1000,=7398385577219.8896,=6559957510213,=3166230027456.1958,=60.1949,=0.9918,=40.3546,=30.8544,=24.1103
2022-06-24,=22999.4200,=28714.3600,=7227313497290.5811,=6426385659592,=3101987111042.4829,=58.8030,=0.9918,=40.3244,=30.8472,=24.1103
2022-06-23,=22721.7800,=28366.1800,=7102523521595.1807,=6311899186953,=3049679612454.5859,=57.7877,=0.9914,=40.3244,=30.8400,=24.1075
2022-06-22,=22543.3600,=28136.3700,=7034189686503.5576,=6251539038897,=3022822308222.6387,=57.2317,=0.9908,=40.3151,=30.8382,=24.1075
2022-06-21,=22704.0300,=28309.6700,=7095281082951.4785,=6306877486076,=3044493394514.6621,=57.7287,=0.9914,=40.2555,=30.8364,=24.1075
2022-06-20,=22801.9300,=28431.7400,=7119117498502.7197,=6323878024992,=3052397819860.8091,=57.9227,=0.9917,=40.2544,=30.8347,=24.1075
2022-06-17,=22573.7700,=28146.3000,=7068921669445.8398,=6279885436698,=3035662991267.1997,=57.5143,=0.9917,=40.2460,=30.8329,=24.1075
2022-06-16,=22264.8900,=27761.1600,=6916267038756.1504,=6135034816980,=2970827733676.6328,=56.2722,=0.9911,=40.2460,=30.8250,=24.0711
2022-06-15,=22148.4700,=27604.4600,=6892564570836.5488,=6121700904293,=2959650533023.0703,=56.0794,=0.9911,=40.1837,=30.8171,=24.0711
2022-06-14,=21973.5000,=27386.2200,=6842149556495.8779,=6076039520486,=2939353374090.5371,=55.6692,=0.9901,=40.1770,=30.8137,=24.0711
2022-06-13,=21678.1000,=27018.0600,=6768803318909.3203,=6010044839182,=2905363206846.9888,=55.0724,=0.9889,=40.1654,=30.8103,=24.0711
2022-06-10,=21855.6000,=27234.5600,=6724650964330.2793,=6061938760925,=2929253917359.6030,=67.7039,=1,=40.1645,=30.8025,=24.0711
2022-06-09,=21644.9800,=26968.3800,=6621077250992.6299,=5968868361701,=2887316132756.3340,=66.6611,=0.9997,=40.1645,=30.7946,=24.0638
2022-06-08,=21862.0600,=27229.7600,=6700790626726.8916,=6027436387667,=2914270088247.7549,=67.4637,=1,=40.1151,=30.7932,=24.0638
2022-06-07,=21578.8700,=26877.0400,=6588447378298.6914,=5919904291008,=2863208324904.3110,=66.3326,=1,=40.0569,=30.7919,=24.0638
2022-06-06,=21274.2500,=26497.6200,=6486593274662.1309,=5824704460672,=2821563640860.4736,=65.3071,=0.9997,=40.0242,=30.7888,=24.0638
2022-06-02,=21099.9400,=26280.5100,=6436004442739.1592,=5779759908772,=2803315395208.4424,=64.7978,=0.9990,=40.0184,=30.7858,=24.0638
2022-06-01,=21244.4100,=26460.4500,=6467868325335.5605,=5807614047886,=2817495634658.5093,=65.1186,=0.9994,=40.0184,=30.7808,=24.0597
2022-05-31,=21499.8400,=26715.2800,=6531943977209.6191,=5863305958186,=2848259785941.0601,=65.7637,=1,=40.0031,=30.7758,=24.0597
2022-05-30,=20913.6500,=25977.5000,=6372606403745.1172,=5722143827405,=2781527396857.6548,=64.1595,=0.9994,=40.0003,=30.7728,=24.0597
2022-05-27,=20525.0600,=25479.6500,=6245132498680.7109,=5604244570588,=2730427713837.4385,=62.8761,=0.9962,=39.9872,=30.7697,=24.0597
2022-05-26,=20503.1600,=25452.4700,=6226314923720.8711,=5577758306979,=2722158383569.0625,=62.6866,=0.9959,=39.9750,=30.7619,=24.0597
2022-05-25,=20531.5900,=25487.7600,=6245729009782.8076,=5597625227769,=2730338121718.8213,=62.8821,=0.9965,=39.9750,=30.7542,=24.0554
2022-05-24,=20423.3700,=25349.5000,=6230446214256.4277,=5590287073455,=2722556424074.2471,=62.7282,=0.9965,=39.9569,=30.7512,=24.0554
2022-05-23,=20815.8000,=25836.5900,=6334152876835.7412,=5682074256014,=2768662011704.6392,=63.7724,=0.9994,=39.9440,=30.7482,=24.0554
2022-05-20,=20972.1100,=26027.5200,=6395650273444.7100,=5744482609065,=2793834584601.5068,=64.3915,=0.9997,=39.9221,=30.7361,=24.0554
2022-05-19,=20388.4500,=25303,=6212070816795.9609,=5573152257130,=2714666821298.3931,=62.5432,=0.9968,=39.9200,=30.7240,=24.0554
2022-05-18,=20626.8000,=25598.8000,=6264109333790.0498,=5618886853291,=2739087938935.6748,=63.0672,=0.9974,=39.9200,=30.7122,=24.0518
2022-05-17,=20734.0500,=25729.3400,=6297373300303.1201,=5648578751552,=2752564058783.3081,=63.4021,=0.9987,=39.8831,=30.7004,=24.0518
2022-05-16,=20686.2400,=25670.0200,=6272997494802.8916,=5622006450053,=2742434521587.2749,=63.1566,=0.9981,=39.8788,=30.6871,=24.0518
2022-05-13,=20795.0300,=25805.0100,=6320055946992.9395,=5672924490020,=2764234889356.2466,=63.6304,=0.9994,=39.8501,=30.6739,=24.0518
2022-05-12,=20885.8900,=25914.3200,=6324849525323.8086,=5671189308840,=2766268927112.8467,=63.6787,=0.9997,=39.8436,=30.6644,=24.0518
2022-05-11,=20856.1500,=25877.4200,=6319377992169.7305,=5665913716155,=2765314213830.5024,=63.6236,=0.9997,=39.8436,=30.6548,=24.0235
2022-05-10,=20777.6800,=25780.0600,=6282792131510.1406,=5635535131164,=2756376176683.9722,=63.2553,=0.9994,=39.8312,=30.6542,=24.0235
2022-05-09,=20506.3300,=25443.3800,=6217160294579.8994,=5574435562947,=2725203100632.0083,=62.5945,=0.9994,=39.8191,=30.6536,=24.0235
2022-05-06,=20633.9800,=25601.7600,=6292396377881.2793,=5652368566834,=2757490195126.0107,=63.3520,=0.9997,=39.8123,=30.6363,=24.0235
2022-05-05,=21239.5000,=26353.0600,=6473487735824.7598,=5818715188344,=2834297106225.5898,=65.1752,=1,=39.8023,=30.6190,=24.0235
2022-04-29,=21191.9200,=26294.0300,=6479205837945.8018,=5808599407889,=2818868119487.9009,=47.0076,=0.9224,=39.8023,=30.6128,=24.0175
2022-04-28,=21217.4600,=26279.2500,=6482984386821.5693,=5820537183681,=2821959267353.3979,=48.4049,=0.9429,=39.7929,=30.6066,=24.0175
2022-04-27,=21172.2300,=26223.2300,=6422648944791.9014,=5748313030166,=2795100547327.2881,=46.2996,=0.9098,=39.7666,=30.6028,=24.0175
2022-04-26,=20630.8800,=25552.7400,=6261447866611.5400,=5596446472520,=2718395924589.4814,=44.8305,=0.8873,=39.7578,=30.5990,=24.0175
2022-04-25,=20463.8400,=25345.8400,=6184682297180.0410,=5517767448504,=2687556830424.9771,=44.2723,=0.8750,=39.7471,=30.5849,=24.0175
2022-04-22,=21329.8800,=26418.4900,=6430417495999.5908,=5751721981645,=2799492741890.0137,=45.6950,=0.9013,=39.7471,=30.5708,=23.9946
2022-04-21,=21392.1900,=26492.5200,=6443703084428.5586,=5761895171602,=2804104791498.7100,=45.7219,=0.9023,=39.7443,=30.5679,=23.9946
2022-04-20,=21838.5100,=27045.2500,=6555886180549.0215,=5852498771904,=2853299158597.4307,=46.4667,=0.9119,=39.7299,=30.5651,=23.9946
2022-04-19,=21722.7300,=26901.8700,=6516381635723.0693,=5814107057447,=2839446854046.6592,=46.1867,=0.9077,=39.7188,=30.5603,=23.9946
2022-04-18,=21754.7000,=26941.4700,=6528556545525.5508,=5832245707499,=2844884866563.9399,=46.2279,=0.9083,=39.7178,=30.5555,=23.9946
2022-04-15,=21618.1900,=26772.4000,=6529692888428.3711,=5831847069817,=2845208761689.6299,=45.3338,=0.8954,=39.7178,=30.5541,=23.9789
2022-04-14,=21701.9700,=26876.1600,=6548765478959.9414,=5855619607515,=2855023242519.7002,=45.3764,=0.8973,=39.6961,=30.5527,=23.9789
2022-04-13,=20932.5200,=25923.2600,=6329941850893.6904,=5654132139159,=2762352741122.3198,=43.8602,=0.8686,=39.6779,=30.5484,=23.9789
2022-04-12,=21124.6000,=26152.9500,=6379665179621.0596,=5694166089707,=2786870234439.0903,=44.2047,=0.8763,=39.6644,=30.5442,=23.9789
2022-04-11,=20336.0300,=25176.6800,=6138524533730.1592,=5465138292054,=2683853710271.5308,=42.2274,=0.8447,=39.6568,=30.5399,=23.9789
2022-04-08,=20694.1400,=25620.0300,=6293094745136.1104,=5622793675994,=2749190581247.5005,=43.3068,=0.8604,=39.6568,=30.5356,=23.9738
2022-04-07,=20807.8100,=25760.7500,=6302027076318.7285,=5620549265582,=2749520127010.4307,=43.3683,=0.8613,=39.6451,=30.5326,=23.9738
2022-04-06,=21062.0200,=26075.4700,=6351101916185.3105,=5653910354128,=2771080465776.0103,=43.7060,=0.8674,=39.6052,=30.5296,=23.9738
2022-04-01,=21302.0700,=26371.7600,=6421234132766.8291,=5713015975815,=2797868201945.3311,=44.0391,=0.8719,=39.6023,=30.5240,=23.9738
2022-03-31,=20971.9900,=25963.1300,=6283091606073.5488,=5582507146936,=2736866330227.2305,=43.0917,=0.8573,=39.5969,=30.5185,=23.9738
2022-03-30,=21117.1900,=26142.8800,=6330049558723.3311,=5622423781700,=2756520496786.5493,=44.1253,=0.8747,=39.5969,=30.5153,=23.9715
2022-03-29,=20478.2900,=25351.9300,=6120139118503.4688,=5425321752165,=2665307493388.0903,=42.6783,=0.8521,=39.5779,=30.5121,=23.9715
2022-03-28,=20444.4800,=25310.0700,=6124398826966.9707,=5431140450268,=2663298186788.0903,=42.8017,=0.8543,=39.5448,=30.5114,=23.9715
2022-03-25,=20788.0700,=25735.4400,=6232384345296.2197,=5545948363242,=2709962236219.0698,=43.5230,=0.8639,=39.5309,=30.5107,=23.9715
2022-03-24,=21137.4600,=26167.9700,=6343669501873.8809,=5653247848371,=2758641190625.3101,=44.3410,=0.8778,=39.5274,=30.5059,=23.9715
2022-03-23,=21457.5600,=26564.2600,=6451462641548.4004,=5750011256761,=2796658195911.9502,=44.9497,=0.8920,=39.5274,=30.5010,=23.9637
2022-03-22,=21325.5300,=26400.8100,=6361259395160.7998,=5661628606879,=2757305541793.8491,=44.3212,=0.8777,=39.5042,=30.4873,=23.9637
2022-03-21,=21346.7000,=26427.0100,=6386119975102.3896,=5683948007262,=2764162107195.4404,=44.4593,=0.8809,=39.5021,=30.4736,=23.9637
2022-03-18,=21327.7800,=26403.5900,=6393676077158.4600,=5696605374825,=2767442609174.6504,=44.5119,=0.8822,=39.4996,=30.4729,=23.9637
2022-03-17,=21227.0800,=26278.9200,=6394523651658.6006,=5702813973102,=2761189677621.3809,=44.5410,=0.8824,=39.4882,=30.4722,=23.9637
2022-03-16,=20603.5100,=25506.9400,=6211702665426.2598,=5538817474072,=2683924776533.2085,=43.3003,=0.8630,=39.4882,=30.4666,=23.9417
2022-03-15,=20007.1400,=24768.6500,=6009079664944.0107,=5350034663796,=2592408554907.5605,=41.8879,=0.8445,=39.4850,=30.4609,=23.9417
2022-03-14,=21133.5000,=26163.0700,=6344370599273.7803,=5650579110224,=2740658786809.5698,=44.2251,=0.8781,=39.4842,=30.4570,=23.9417
2022-03-11,=22096.3000,=27355,=6628640202767.7803,=5901347725238,=2859295601737.0293,=46.2067,=0.9076,=39.4503,=30.4530,=23.9417
2022-03-10,=21948.1000,=27171.5400,=6636432958092.1699,=5918408312434,=2857299729567.5200,=46.2610,=0.9085,=39.4479,=30.4443,=23.9417
2022-03-09,=21464.7000,=26573.0900,=6503636116351.8984,=5791821379219,=2803093293820.8711,=45.3353,=0.8958,=39.4479,=30.4356,=23.9269
2022-03-08,=21588.9800,=26726.9600,=6511279901030.7998,=5797313347174,=2804100417645.0698,=45.3886,=0.8978,=39.4452,=30.4325,=23.9269
2022-03-07,=22017.6500,=27257.6500,=6550338572382.2090,=5816158137169,=2818764910624.8989,=45.6609,=0.9019,=39.4273,=30.4293,=23.9269
2022-03-04,=22926.6400,=28382.9700,=6832346774660.8711,=6070609636899,=2936679707569.9404,=47.6379,=0.9305,=39.4155,=30.4096,=23.9269
2022-03-03,=23019.7700,=28498.2600,=6882363491158.4668,=6120274423344,=2957931465928.9180,=47.9866,=0.9363,=39.4095,=30.3899,=23.9269
2022-03-02,=23489.2100,=29079.4200,=7036625222989.1104,=6262594789790,=3024435174906.8804,=49.0622,=0.9519,=39.4095,=30.3777,=23.9140
2022-03-01,=23696.9700,=29336.6300,=7102702403339.5801,=6319914841461,=3051935830477.5996,=49.5229,=0.9597,=39.3660,=30.3654,=23.9140
2022-02-28,=23105.3100,=28604.1600,=6905902820012.3594,=6145920154083,=2967916069038.6396,=48.1508,=0.9405,=39.3643,=30.3514,=23.9140
2022-02-25,=23090.8100,=28586.2000,=6903338887638.8379,=6148550223333,=2971385296732.9097,=48.1326,=0.9405,=39.3573,=30.3373,=23.9140
2022-02-24,=22894.6900,=28343.4100,=6821491788843.8213,=6072396198290,=2936818418709.4404,=47.5619,=0.9307,=39.3351,=30.3257,=23.9140
2022-02-23,=23520.1400,=29117.7100,=7031715874572.5801,=6258508284460,=3025683517189.2402,=49.0277,=0.9521,=39.3351,=30.3140,=23.9092
2022-02-22,=23541.6200,=29144.3000,=7017190424364.9004,=6228798278099,=3016519710175.1812,=48.9264,=0.9512,=39.3348,=30.3095,=23.9092
2022-02-21,=23991.1100,=29700.7600,=7190521578955.2803,=6391129916929,=3092138635463.5107,=50.1349,=0.9720,=39.3252,=30.3049,=23.9092
2022-02-18,=24010.2300,=29724.4300,=7221649423585.2383,=6425825364069,=3106932038791.5103,=50.3520,=0.9749,=39.3219,=30.3013,=23.9092
2022-02-17,=23868.6200,=29549.1200,=7171995993975.2617,=6377633710268,=3083438210625.9712,=50.0058,=0.9697,=39.3106,=30.2977,=23.9092
2022-02-16,=23886.2900,=29571,=7192321159433.0068,=6394700325191,=3089307031270.0615,=50.1475,=0.9729,=39.3106,=30.2953,=23.8852
2022-02-15,=23870.1700,=29551.0500,=7180352892911.1797,=6388269398216,=3087362501490.3003,=50.0640,=0.9710,=39.2925,=30.2930,=23.8852
2022-02-14,=23683.6200,=29320.0900,=7109607901074.7607,=6319898463806,=3059574574434.4009,=49.5708,=0.9638,=39.2833,=30.2906,=23.8852
2022-02-11,=23600.7200,=29217.4700,=7061254255342.8711,=6266547774265,=3041476430263.5508,=49.2336,=0.9559,=39.2333,=30.2883,=23.8852
2022-02-10,=23775.8100,=29434.2300,=7107426086780.1992,=6303727124077,=3066657827545.3501,=49.5556,=0.9638,=39.2301,=30.2873,=23.8852
2022-02-09,=23624.4100,=29246.8000,=7115834135775.1504,=6317789618434,=3067359001419.3706,=49.6142,=0.9641,=39.2301,=30.2863,=23.8713
2022-02-08,=22866.4400,=28308.4400,=6894176827765.3203,=6119068991287,=2971268586051.6396,=48.0687,=0.9422,=39.2243,=30.2814,=23.8713
2022-02-07,=23142.9600,=28650.7600,=6995042165374.0684,=6215676328299,=3012499489643.4204,=48.7720,=0.9513,=39.2201,=30.2765,=23.8713
2022-01-28,=23046.7200,=28531.6200,=7003093157109.0488,=6234066934423,=3014755610989.6694,=48.8281,=0.9529,=39.2192,=30.2587,=23.8713
2022-01-27,=23275.9900,=28815.4500,=7147099527918.9805,=6376998939408,=3074138082524.4990,=49.8322,=0.9680,=39.2141,=30.2410,=23.8713
2022-01-26,=23663.1300,=29294.7300,=7227782613297.4902,=6437465685318,=3104552557004.3599,=50.3947,=0.9758,=39.2141,=30.2298,=23.8506
2022-01-25,=23415.7600,=28988.4900,=7169828515870.5020,=6390927919529,=3081568505275.1099,=49.9907,=0.9699,=39.2058,=30.2186,=23.8506
2022-01-24,=23977.9800,=29684.5100,=7311177581076.3301,=6494239166689,=3137822499556.0605,=50.9762,=0.9804,=39.1840,=30.2126,=23.8506
2022-01-21,=24212.5900,=29974.9500,=7403083751938.0303,=6577532560954,=3176734621050.3804,=51.6170,=0.9833,=39.1828,=30.2066,=23.8506
2022-01-20,=24196.7700,=29955.3600,=7367005346479.4502,=6531557610541,=3164244638471.5801,=51.3654,=0.9830,=39.1723,=30.1981,=23.8506
2022-01-19,=23759.1700,=29413.6200,=7224226339241.6797,=6397530777884,=3097063768417.4312,=50.3699,=0.9767,=39.1723,=30.1897,=23.8272
2022-01-18,=23929,=29623.8700,=7241532687842.4199,=6407610267101,=3102981163345.3315,=50.4906,=0.9784,=39.1662,=30.1868,=23.8272
2022-01-17,=23704.0100,=29345.3400,=7154448121910.9785,=6329480521979,=3067094417920.8804,=49.8834,=0.9711,=39.1129,=30.1838,=23.8272
2022-01-14,=23584.6700,=29197.5900,=7141907097000.5615,=6312221323471,=3058378557913.0493,=49.7960,=0.9695,=39.1051,=30.1832,=23.8272
2022-01-13,=23816.0100,=29483.9900,=7211190800244.5801,=6366963496570,=3083856966102.6411,=50.2791,=0.9760,=39.0939,=30.1825,=23.8272
2022-01-12,=24538.8400,=30378.8500,=7458299389710.1094,=6595423259258,=3195563532697.6597,=52.0020,=0.9856,=39.0939,=30.1817,=23.8227
2022-01-11,=24347.2100,=30141.6100,=7378736125690.8896,=6526815684161,=3162568213703.1294,=51.4472,=0.9836,=39.0934,=30.1808,=23.8227
2022-01-10,=24856.6200,=30772.2600,=7506133868228.0801,=6629862286221,=3219308615341.4995,=52.3355,=0.9872,=39.0792,=30.1787,=23.8227
2022-01-07,=24653.1200,=30520.3200,=7461735153037.0596,=6594640643085,=3192271616748.7197,=52.0259,=0.9862,=39.0584,=30.1767,=23.8227
2022-01-06,=25014.5700,=30967.8000,=7573200454907.5781,=6699252901815,=3242422877547.3188,=52.8031,=0.9905,=39.0523,=30.1706,=23.8227
2022-01-05,=25431.6600,=31484.1500,=7699689117791.3604,=6811861224680,=3302115387588.9800,=53.6850,=0.9944,=39.0523,=30.1646,=23.7887
2022-01-04,=25447.4300,=31503.6800,=7721524462386.9199,=6844799098300,=3314946719897.4502,=53.8373,=0.9957,=39.0512,=30.1567,=23.7887
2021-12-31,=25216.0700,=31217.2600,=7675678319227.3701,=6819657522006,=3294865745725.6704,=53.5176,=0.9934,=39.0443,=30.1488,=23.7887
2021-12-30,=25245.7500,=31254,=7715543646789.2178,=6863296720568,=3311396799697.0200,=53.7956,=0.9957,=39.0212,=30.1465,=23.7887
2021-12-29,=25052.7300,=31015.0300,=7645016368021.2510,=6796487139409,=3279134342009.3311,=53.3038,=0.9934,=39.0023,=30.1443,=23.7887
2021-12-28,=25922.4300,=32091.7200,=7946236782423.0703,=7078048437834,=3409369283356.9092,=55.4041,=0.9980,=39.0023,=30.1385,=23.7841
2021-12-27,=25906.0700,=32071.4600,=7932775792592.4600,=7063005576616,=3404644288279.9707,=55.3102,=0.9980,=39.0021,=30.1327,=23.7841
2021-12-24,=25987.8900,=32172.7600,=8009053865721.9404,=7143764174044,=3446884490636.0098,=55.8420,=0.9990,=38.9971,=30.1265,=23.7841
2021-12-23,=25572.7500,=31658.8300,=7845315876339.9902,=6995966962565,=3372961419934.6011,=54.7004,=0.9977,=38.9867,=30.1203,=23.7841
2021-12-22,=25124.7100,=31104.1600,=7682228688943.9492,=6840153543171,=3297304459684.7700,=53.5633,=0.9957,=38.9740,=30.1180,=23.7841
2021-12-21,=24943.4800,=30879.7900,=7642046998598.7900,=6805955179118,=3276992078647.3989,=53.2831,=0.9951,=38.9740,=30.1157,=23.7829
2021-12-20,=24940.2700,=30875.8200,=7675749821532.4502,=6845159788558,=3289914791630.6802,=53.5181,=0.9957,=38.9403,=30.1112,=23.7829
2021-12-17,=24917.3400,=30847.4300,=7662440046951.1396,=6827894773001,=3283824523216.9102,=53.4253,=0.9957,=38.9344,=30.1068,=23.7829
2021-12-16,=25399.0200,=31443.7500,=7851312119478.1504,=7003706959605,=3363246100342.0098,=54.7422,=0.9980,=38.9006,=30.0938,=23.7829
2021-12-15,=25608.7700,=31703.4200,=7910780559728.3701,=7060766177261,=3387283948001.2510,=55.1568,=0.9983,=38.8958,=30.0807,=23.7829
2021-12-14,=26009.0200,=32198.9200,=8027767360147,=7159435617255,=3433222317346.3306,=55.9725,=0.9993,=38.8958,=30.0804,=23.7685
2021-12-13,=25985.7300,=32170.0900,=7989723906883.7393,=7118442225401,=3415397253417.0298,=55.7073,=0.9993,=38.8944,=30.0801,=23.7685
2021-12-10,=25883.1100,=32043.0400,=7611246201168.2900,=7139239645344,=3410536421732.9595,=56.5985,=0.9997,=38.8877,=30.0728,=23.7685
2021-12-09,=25914.6500,=32082.0800,=7632868662105.7695,=7159071964981,=3415870419956.2813,=56.7593,=1,=38.8844,=30.0656,=23.7685
2021-12-08,=25522.3500,=31596.4300,=7483882299062.2188,=7027091724533,=3354329025508.6401,=55.6514,=1,=38.8757,=30.0609,=23.7685
2021-12-07,=24846.9800,=30760.3300,=7241682068103.4805,=6797831706579,=3247543368458.4907,=53.8503,=0.9997,=38.8757,=30.0563,=23.7562
2021-12-06,=24751.8600,=30642.5700,=7229968420989.5781,=6787477714700,=3242476355797.1709,=53.7632,=0.9997,=38.8662,=30.0463,=23.7562
2021-12-03,=24991.9900,=30939.8500,=7278316813987.4463,=6828601313025,=3262310595725.5811,=54.1227,=1,=38.8588,=30.0363,=23.7562
2021-12-02,=24362.3900,=30160.4100,=7117977227859.9922,=6677230810646,=3185278702934.9097,=52.9304,=0.9983,=38.8243,=30.0355,=23.7562
2021-12-01,=24261.1900,=30035.1200,=7097241973457.9297,=6658100945821,=3174002407672.4009,=52.7762,=0.9980,=38.8081,=30.0348,=23.7562
2021-11-30,=24207.7800,=29969,=7073771631848.3408,=6635325521636,=3165662045656.5801,=52.6017,=0.9977,=38.8081,=30.0343,=23.7133
2021-11-29,=24636.8000,=30500.1200,=7225282675007.3496,=6779375058351,=3234053070603.6494,=53.7284,=1,=38.8002,=30.0338,=23.7133
2021-11-26,=24522.7900,=30358.9800,=7161056789012.6689,=6713596149126,=3201707123669.3506,=53.2508,=0.9993,=38.7985,=30.0279,=23.7133
2021-11-25,=24712.3400,=30593.6400,=7208950946116.0908,=6754900639612,=3224622145426.4907,=53.6069,=0.9997,=38.7937,=30.0221,=23.7133
2021-11-24,=24765.6700,=30659.6600,=7213347085602.0596,=6758380723308,=3223690399314.6411,=53.6396,=1,=38.7915,=30.0199,=23.7133
2021-11-23,=24569.9800,=30417.4000,=7100318852984.3887,=6642278076777,=3176989042005.8701,=52.7991,=0.9997,=38.7915,=30.0177,=23.7007
2021-11-22,=24623.2900,=30483.4000,=7064055694840.6904,=6606472135730,=3163143536008.5703,=52.5295,=0.9993,=38.7859,=30.0162,=23.7007
2021-11-19,=24630.1200,=30491.8500,=7029928639060.1016,=6568605568257,=3147536107372.1001,=52.2757,=0.9980,=38.7580,=30.0147,=23.7007
2021-11-18,=24490.1700,=30318.6000,=6952845513348.3867,=6483831347324,=3114183859033.1396,=51.7025,=0.9963,=38.7452,=30,=23.7007
2021-11-17,=24543.9300,=30385.1500,=6971175922913.8604,=6502482002141,=3122823355908.8506,=51.8388,=0.9973,=38.7445,=29.9852,=23.7007
2021-11-16,=24721.4900,=30604.9700,=7013958659357.5596,=6541907701405,=3144488630249.9712,=52.1569,=0.9980,=38.7445,=29.9790,=23.6875
2021-11-15,=24337.0900,=30129.0800,=6867900041089.1494,=6398706710260,=3083196575914.7402,=51.0708,=0.9953,=38.7418,=29.9727,=23.6875
2021-11-12,=24144.7700,=29891,=6830140162801.8291,=6367995273636,=3071540452436.7397,=50.7900,=0.9937,=38.7395,=29.9710,=23.6875
2021-11-11,=24268.8500,=30044.6100,=6856605631512.9785,=6397780296549,=3083206852468.0508,=50.9868,=0.9950,=38.7371,=29.9693,=23.6875
2021-11-10,=24129.2600,=29871.7900,=6820585211876.8193,=6363160453271,=3063092006885.2295,=50.7190,=0.9937,=38.7351,=29.9693,=23.6875
2021-11-09,=24576.1300,=30425.0100,=6946325861649.3428,=6482291064841,=3120882448623.1196,=51.6540,=0.9967,=38.7351,=29.9693,=23.6635
2021-11-08,=24704.0300,=30583.3500,=7009366044740.7119,=6544045846990,=3148416045733.4795,=52.1228,=0.9980,=38.7345,=29.9653,=23.6635
2021-11-05,=24883.9700,=30806.1200,=7043212549085.0918,=6573386648928,=3163707567471.5098,=52.3745,=0.9993,=38.7343,=29.9614,=23.6635
2021-11-04,=24992.6200,=30940.6200,=7041781837433.4395,=6565317535953,=3161941303418.2500,=52.3638,=0.9987,=38.7249,=29.9587,=23.6635
2021-11-03,=24312.6800,=30098.8600,=6844737170940.4922,=6376923997080,=3077479264155.6704,=50.8986,=0.9960,=38.7243,=29.9559,=23.6635
2021-11-02,=24354.3500,=30150.4500,=6901977293921.3906,=6439293622447,=3101932391198.1694,=51.3242,=0.9977,=38.7243,=29.9495,=23.6600
2021-11-01,=24272.7100,=30049.3800,=6885633635544.9707,=6426579735518,=3097349709120.9004,=51.2027,=0.9973,=38.7129,=29.9431,=23.6600
2021-10-29,=24473.5800,=30298.0600,=6985493654503.1299,=6521572359893,=3136181132871.2891,=45.7720,=0.9289,=38.7067,=29.9417,=23.6600
2021-10-28,=23994.8200,=29705.3500,=6901385087579.4307,=6455573701325,=3244384903560.7710,=45.6695,=0.9279,=38.6764,=29.9402,=23.6600
2021-10-27,=23845.0500,=29519.9500,=6863922632498.9004,=6423331910082,=3229821089450.5103,=42.2589,=0.8757,=38.6752,=29.9312,=23.6600
2021-10-26,=24136.1000,=29880.2600,=6976089491985.7197,=6534857204677,=3283447552494.8115,=42.6225,=0.8797,=38.6752,=29.9223,=23.6577
2021-10-25,=24248.0700,=30018.8800,=7007449261468.7109,=6565136920760,=3300681248873.5317,=42.7584,=0.8823,=38.6663,=29.9033,=23.6577
2021-10-22,=24330.9200,=30121.4500,=7072510757579.7813,=6630759207056,=3328818669503.1572,=43.5434,=0.8923,=38.6607,=29.8844,=23.6577
2021-10-21,=23970.5000,=29675.2400,=6936941577442.7715,=6497776066113,=3266239647186.2144,=42.7142,=0.8819,=38.6597,=29.8820,=23.6577
2021-10-20,=24022.7100,=29739.8900,=6941441299976.5498,=6499343821284,=3268533706850.5625,=42.4853,=0.8792,=38.6557,=29.8796,=23.6577
2021-10-19,=24079.4000,=29810.0600,=6915603203781.5098,=6468169301451,=3257284845661.7759,=42.1323,=0.8755,=38.6557,=29.8682,=23.6514
2021-10-18,=23434.6500,=29011.8700,=6763422123950.2998,=6336155210077,=3185584725265.1558,=38.5963,=0.7981,=38.6513,=29.8568,=23.6514
2021-10-15,=24306.2900,=30088.7700,=7111749838844.9893,=6677585763077,=3348896530647.0723,=40.4961,=0.8486,=38.6513,=29.8568,=23.6514
2021-10-14,=24441.4000,=30256.0200,=7136120222170.2197,=6698617673382,=3360394807039.2681,=40.6349,=0.8525,=38.6333,=29.8568,=23.6514
2021-10-13,=24656.2100,=30521.9400,=7195554299623.3975,=6748433957482,=3384013932726.4360,=40.9733,=0.8582,=38.6330,=29.8551,=23.6514
2021-10-12,=24061.9600,=29786.3200,=6997153646219.5293,=6558408019062,=3289759326313.6025,=39.8436,=0.8374,=38.6330,=29.8535,=23.5878
2021-10-11,=24096.2800,=29828.8000,=6983638621908.6484,=6542055836782,=3287459610758.3018,=39.7666,=0.8356,=38.6311,=29.8532,=23.5878
2021-10-08,=24117.6200,=29855.2200,=6964357274210.3994,=6523832005872,=3279954496716.5391,=39.6568,=0.8326,=38.6034,=29.8529,=23.5878
2021-09-30,=23353.5200,=28909.3400,=6800590353283.3672,=6374164731295,=3198209005888.2085,=38.7243,=0.8046,=38.6006,=29.8518,=23.5878
2021-09-29,=23219.3000,=28743.1900,=6763560200752.2109,=6339251178278,=3182468397953.2324,=38.5134,=0.7982,=38.5890,=29.8507,=23.5878
2021-09-28,=23136,=28640.0800,=6748584913039.6006,=6326457576589,=3174018789554.5898,=38.4282,=0.7968,=38.6006,=29.8347,=23.5838
2021-09-27,=23320.7800,=28868.8100,=6830453346033.0898,=6401969527645,=3211528786372.2388,=38.8944,=0.8122,=38.6006,=29.8186,=23.5838
2021-09-24,=22212.8700,=27497.3300,=6397560758680.0518,=5989784613943,=3019274054850.5405,=36.4294,=0.7516,=38.5890,=29.8182,=23.5838
2021-09-23,=21579.3700,=26713.1100,=6191099048903.8379,=5791378044893,=2926053317888.2134,=35.2537,=0.7176,=38.5890,=29.8179,=23.5838
2021-09-22,=21305.2600,=26373.8000,=6139852948728.1592,=5746208000510,=2902321557902.1333,=34.9619,=0.7124,=38.5890,=29.8130,=23.5838
2021-09-17,=21857.1300,=27056.9600,=6318552639529.7217,=5912329553224,=2982754405770.0581,=35.9795,=0.7369,=38.6006,=29.8080,=23.5599
2021-09-16,=21369.3200,=26453.1000,=6164754408183.2695,=5763289265541,=2905596946959.0615,=35.1037,=0.7156,=38.6006,=29.8051,=23.5599
2021-09-15,=21117.8200,=26141.7700,=6096971279001.3604,=5701698331462,=2871827850558.4580,=34.7177,=0.7081,=38.6006,=29.8022,=23.5599
2021-09-14,=21571.8600,=26703.8300,=6246481907571.3799,=5845444876992,=2941419539081.2612,=35.5691,=0.7245,=38.6006,=29.8021,=23.5599
2021-09-13,=21754.3100,=26929.6700,=6280007645389.0313,=5873332709373,=2954723884096.8066,=35.7600,=0.7305,=38.6006,=29.8020,=23.5599
2021-09-10,=22018.1900,=27256.3300,=6349748086446.2207,=5938317095202,=2985805967402.6509,=36.1571,=0.7415,=38.6034,=29.7989,=23.5475
2021-09-09,=21741.4200,=26913.7100,=6252129868329.5996,=5841549945573,=2936595565181.0986,=35.6012,=0.7256,=38.6034,=29.7959,=23.5475
2021-09-08,=21789.0200,=26972.6400,=6261844369743.6436,=5850266827968,=2940526511142.6499,=35.6565,=0.7265,=38.6034,=29.7948,=23.5475
2021-09-07,=22055.0500,=27301.9600,=6360502123076.1504,=5946686766236,=2988044746416.9063,=36.2183,=0.7439,=38.6034,=29.7938,=23.5475
2021-09-06,=21997.7500,=27231.0400,=6351873927126.5703,=5938153283946,=2981785415369.7109,=36.1692,=0.7438,=38.6034,=29.7920,=23.5475
2021-09-03,=21454.4600,=26558.4900,=6216623353781.7803,=5813653829836,=2918704540923.6040,=35.3990,=0.7242,=38.6311,=29.7902,=23.5236
2021-09-02,=21144.3700,=26174.6200,=6113794581502.4590,=5718039067449,=2869392641418.1123,=34.8135,=0.7112,=38.6311,=29.7864,=23.5236
2021-09-01,=21486.2200,=26597.8100,=6201305805027.6816,=5799336040275,=2911494448964.6943,=35.3118,=0.7216,=38.6311,=29.7827,=23.5236
2021-08-31,=20868.6500,=25833.3200,=6019439769783.0410,=5607412798878,=2823156920416.3535,=34.2762,=0.6982,=38.6311,=29.7654,=23.5236
2021-08-30,=21157.9300,=26191.4200,=6135597183437.1396,=5724596884947,=2869966200619.5269,=32.8839,=0.6268,=38.6311,=29.7482,=23.5236
2021-08-27,=21170.6100,=26207.1100,=6144105880513.1787,=5726856500508,=2854856438232.9990,=33.0020,=0.6351,=38.6330,=29.7424,=23.5215
2021-08-26,=21215.3400,=26262.4900,=6159154565979.6094,=5737811718220,=2724691697808.7598,=32.5682,=0.6110,=38.6330,=29.7366,=23.5215
2021-08-25,=21849.2500,=27047.2000,=6371273018370.7803,=5942838969775,=2820826624624.4141,=33.6887,=0.6758,=38.6330,=29.7317,=23.5215
2021-08-24,=21538.8900,=26663.0100,=6257166302556.8887,=5830257373454,=2769024274762.6924,=33.1301,=0.6432,=38.6330,=29.7268,=23.5215
2021-08-23,=21141.8800,=26171.5500,=6108911537840.2393,=5687089147897,=2703402620183.2349,=32.2905,=0.5977,=38.6330,=29.7243,=23.5215
2021-08-20,=20930.6300,=25910.0500,=6044783187514.1787,=5629237804854,=2674814729140.9160,=31.9884,=0.5830,=38.6333,=29.7218,=23.5214
2021-08-19,=21902.4300,=27092.5500,=6351407229124.3027,=5926630278021,=2805183334712.7808,=33.6080,=0.6713,=38.6333,=29.7171,=23.5214
2021-08-18,=22225.5900,=27492.2900,=6428729806510.5713,=5995202475012,=2837111628035.7339,=33.1084,=0.6417,=38.6333,=29.7124,=23.5214
2021-08-17,=22203.0400,=27464.3900,=6434862597820.5098,=6004319658067,=2843229474559.6650,=33.1429,=0.6450,=38.6333,=29.7074,=23.5214
2021-08-16,=23106.6100,=28582.0700,=6697099405270.1699,=6253474535096,=2958415860327.6816,=34.4725,=0.7025,=38.6333,=29.7024,=23.5214
2021-08-13,=23015.3600,=28469.2000,=6673245487095.9688,=6233758559660,=2951491920031.4385,=34.3497,=0.7000,=38.6513,=29.6971,=23.4566
2021-08-12,=22934.5400,=28369.2300,=6641674532607.8994,=6202596000177,=2933419695573.5337,=34.1029,=0.6918,=38.6513,=29.6918,=23.4566
2021-08-11,=23362.6200,=28897.1100,=6806505536442.2100,=6360793718393,=3005955335161.0112,=34.9493,=0.7134,=38.6513,=29.6885,=23.4566
2021-08-10,=23753.1300,=29380.1300,=6938375133003.7021,=6487445015568,=3064455769563.9282,=35.6233,=0.7252,=38.6513,=29.6852,=23.4566
2021-08-09,=22844.6900,=28252.8600,=6607601751198.2314,=6168208492323,=2921724516175.6675,=33.9251,=0.6867,=38.6513,=29.6837,=23.4566
2021-08-06,=22158.9000,=27404.7100,=6439143502418.7813,=6020818810159,=2849136332539.2588,=32.9862,=0.6366,=38.6557,=29.6822,=23.4370
2021-08-05,=22260.3100,=27530.1300,=6499999501882.2520,=6078934936686,=2872337974457.8652,=33.3197,=0.6573,=38.6557,=29.6811,=23.4370
2021-08-04,=22425.4800,=27733.4800,=6575828374665.9297,=6148747064715,=2904464133786.8999,=33.7084,=0.6776,=38.6557,=29.6801,=23.4370
2021-08-03,=22777.9700,=28169.4100,=6684496777149.3184,=6251293795763,=2951637419952.2788,=34.2654,=0.6972,=38.6557,=29.6791,=23.4370
2021-08-02,=22465.9100,=27783.4800,=6620462082088.8604,=6192175930168,=2923360679042.3149,=33.9372,=0.6872,=38.6557,=29.6781,=23.4370
2021-07-30,=21485.6600,=26571.2100,=6325396349927.0713,=5913138744537,=2793495361466.9624,=32.6129,=0.6159,=38.6597,=29.6685,=23.4275
2021-07-29,=22137.2700,=27377.0500,=6573149537405.4600,=6152726846902,=2893560462587.6943,=33.8902,=0.6860,=38.6597,=29.6589,=23.4275
2021-07-28,=22245.2800,=27510.6300,=6621780118203.5400,=6200290696434,=2912786114939.0386,=34.1410,=0.6934,=38.6597,=29.6543,=23.4275
2021-07-27,=22224.2700,=27484.6500,=6550803957589.1318,=6123027849508,=2879956102229.5884,=33.7750,=0.6800,=38.6597,=29.6497,=23.4275
2021-07-26,=23110.8300,=28581.0500,=6847822123468.2813,=6402983879187,=3013928533663.8203,=35.3110,=0.7194,=38.6597,=29.6476,=23.4275
2021-07-23,=24314.8400,=30070.0400,=7235076807383.4316,=6773729324781,=3178645021688.2749,=37.3166,=0.7636,=38.6607,=29.6455,=23.4199
2021-07-22,=24872.5300,=30759.7400,=7404503664922.4385,=6928457341173,=3252162417188.1831,=38.2212,=0.7881,=38.6607,=29.6426,=23.4199
2021-07-21,=25141.0900,=31091.8600,=7488688890083.1094,=7013842194001,=3289234596359.2705,=38.6557,=0.7993,=38.6607,=29.6397,=23.4199
2021-07-20,=25286.8200,=31271.0500,=7533621727748.5195,=7055368487475,=3307874654935.6201,=38.8877,=0.8091,=38.6607,=29.6364,=23.4199
2021-07-19,=25260.3000,=31238.2500,=7515416128229.4697,=7040062316662,=3301799317777.3267,=38.7937,=0.8064,=38.6597,=29.6331,=23.4199
2021-07-16,=25269.4200,=31249.5200,=7490740738350.0703,=7008246301964,=3290988127906.4219,=38.6663,=0.8008,=38.6597,=29.6270,=23.4162
2021-07-15,=25745.2800,=31834.8100,=7634717757096.9307,=7142916789612,=3354741857825.0571,=39.4095,=0.8230,=38.6513,=29.6209,=23.4162
2021-07-14,=25364.5500,=31364.0200,=7503948204253.6016,=7014523779713,=3300959090129.6177,=38.7345,=0.8034,=38.6333,=29.6195,=23.4162
2021-07-13,=25329.8600,=31320.7500,=7516350623296.3486,=7024358390898,=3309068624009.6758,=38.7985,=0.8068,=38.6330,=29.6181,=23.4162
2021-07-12,=24823.3800,=30693.7300,=7374479968001.8604,=6887261557370,=3253000744315.5708,=38.0662,=0.7845,=38.6311,=29.6167,=23.4162
2021-07-09,=24597.7900,=30414.8000,=7326739745152.7998,=6846607665069,=3234552703419.0435,=37.8198,=0.7772,=38.6330,=29.6154,=23.3560
2021-07-08,=25114.2800,=30994.3900,=7459399058183.1895,=6971414181539,=3286144603384.2109,=38.5045,=0.7970,=38.6330,=29.6117,=23.3560
2021-07-07,=25592.0800,=31571.9000,=7596867747159.4424,=7097739145180,=3348960160300.2183,=39.2141,=0.8175,=38.6330,=29.6080,=23.3560
2021-07-06,=25509.2300,=31469.4500,=7575743672257.1094,=7070825384373,=3339037949640.1001,=39.1051,=0.8153,=38.6311,=29.6043,=23.3560
2021-07-05,=25641.2600,=31632.3300,=7597845526863.0693,=7091567245743,=3344500368789.3525,=39.2192,=0.8177,=38.6034,=29.6007,=23.3560
2021-07-02,=25794.4200,=31820.3400,=7652648233785.3398,=7145402587615,=3372563394880.8120,=39.5021,=0.8258,=38.6034,=29.5992,=23.3494
2021-07-01,=26572.1900,=32779.8200,=7937038650827.4912,=7417318350230,=3492840085992.8740,=40.9701,=0.8549,=38.6006,=29.5976,=23.3494
2021-06-30,=26374.6300,=32536.1000,=7842629477222.4082,=7318851304753,=3452961736439.9341,=40.4827,=0.8453,=38.5890,=29.5844,=23.3494
2021-06-29,=26352.4300,=32508.7100,=7838908846530.6904,=7312957681264,=3452955170573.5908,=40.4635,=0.8452,=38.5677,=29.5712,=23.3494
2021-06-28,=26746.6000,=32994.9700,=7973668976342.3623,=7441102969255,=3513643478590.0649,=41.1591,=0.8582,=38.5677,=29.5654,=23.3494
2021-06-25,=26329.8100,=32479.6400,=7874680602223.1924,=7354577353640,=3468198320752.7495,=40.6482,=0.8503,=38.5677,=29.5596,=23.3457
2021-06-24,=25863.1000,=31870.5400,=7738263124449.1201,=7231498258068,=3411388676359.4380,=39.9440,=0.8372,=38.5392,=29.5557,=23.3457
2021-06-23,=25822.9900,=31815.3000,=7690235518471.5498,=7181966053102,=3392967320022.4536,=39.6961,=0.8316,=38.5275,=29.5518,=23.3457
2021-06-22,=26184.7600,=32260.8500,=7829223879237.2500,=7322431800478,=3447846569818.3574,=40.4135,=0.8453,=38.4494,=29.5465,=23.3457
2021-06-21,=26037.0300,=32078.8500,=7796761617332.9102,=7297031324745,=3436196909201.5908,=40.2460,=0.8422,=38.4438,=29.5411,=23.3457
2021-06-18,=26318.4300,=32424.4500,=7844261822525.2881,=7334604533781,=3457133877531.7969,=40.4912,=0.8459,=38.4438,=29.5398,=23.3322
2021-06-17,=26678.1500,=32866.9200,=7989705411546.8701,=7472899504067,=3520324279967.7817,=41.2419,=0.8596,=38.4336,=29.5386,=23.3322
2021-06-16,=26573.8400,=32737.5000,=7963658457091.8906,=7444275810213,=3510601637374.5933,=41.1075,=0.8571,=38.4258,=29.5353,=23.3322
2021-06-15,=26787.5400,=33000.7600,=8059166854544.6621,=7534245217257,=3551108543532.2852,=41.6005,=0.8647,=38.4178,=29.5320,=23.3322
2021-06-11,=26994.8100,=33254.6600,=8220866677279.9980,=7695404769685,=3628415728179.3730,=41.7641,=0.8663,=38.4174,=29.5291,=23.3322
2021-06-10,=27570.9800,=33897.8100,=8400163283987.8018,=7862645802171,=3706399580449.8936,=42.6750,=0.8780,=38.4174,=29.5262,=23.3176
2021-06-09,=27400.6000,=33688.3200,=8307801870053.5898,=7766994642721,=3669691801843.4912,=42.2058,=0.8735,=38.4163,=29.5233,=23.3176
2021-06-08,=27271.8400,=33511.4300,=8285000539381.1299,=7745644756615,=3656417739967.2842,=42.0900,=0.8714,=38.4156,=29.5204,=23.3176
2021-06-07,=28164.7500,=34606.8800,=8591294205463.3184,=8031080328756,=3782704974616.5078,=43.6460,=0.8924,=38.3562,=29.5114,=23.3176
2021-06-04,=28291.1200,=34762.1500,=8578194881646.7803,=8017825708497,=3788196990048.6318,=43.5795,=0.8903,=38.3538,=29.5024,=23.3176
2021-06-03,=28030.9400,=34442.4600,=8490554131651.0596,=7909771468396,=3750101690500.0449,=43.1342,=0.8847,=38.3538,=29.5009,=23.3019
2021-06-02,=28003.8400,=34373.2600,=8479320511423.8301,=7897173925423,=3744287385333.2778,=43.0772,=0.8836,=38.3375,=29.4995,=23.3019
2021-06-01,=28250.3100,=34675.2200,=8556804811164.4004,=7970529000070,=3778184315343.2202,=43.4708,=0.8888,=38.3326,=29.4978,=23.3019
2021-05-31,=28068.4600,=34444.1100,=8489627663831.6602,=7907897314876,=3750774967563.1089,=43.1295,=0.8849,=38.3044,=29.4962,=23.3019
2021-05-28,=28047.1200,=34417.9200,=8496357802824.1729,=7911664278783,=3756528221520.9258,=43.1637,=0.8852,=38.2739,=29.4927,=23.3019
2021-05-27,=28240.3900,=34653.1800,=8554133776210.2988,=7963860839459,=3782580849299.3970,=43.4572,=0.8887,=38.2739,=29.4892,=23.2849
2021-05-26,=28208.7800,=34610.6800,=8520924492702.7598,=7932772140515,=3768449475405.5181,=43.2885,=0.8872,=38.2690,=29.4846,=23.2849
2021-05-25,=28353.8600,=34788.6900,=8536823656866.0596,=7944210923364,=3772687618303.7305,=43.3693,=0.8886,=38.2677,=29.4800,=23.2849
2021-05-24,=27457.3000,=33688.6600,=8200743803207.0596,=7617813023206,=3621032833858.4580,=41.6619,=0.8699,=38.2592,=29.4777,=23.2849
2021-05-21,=27242.1700,=33424.3000,=8100441769935.4111,=7515896527674,=3580869275993.0483,=41.1524,=0.8629,=38.2386,=29.4754,=23.2849
2021-05-20,=27505.3100,=33714.6800,=8175388957027.9219,=7586054649372,=3617726989205.7598,=41.5331,=0.8687,=38.2386,=29.4747,=23.2675
2021-05-19,=27204.8700,=33339.2200,=8103992582398.3311,=7517405820742,=3586085917963.2871,=41.1704,=0.8635,=38.2385,=29.4740,=23.2675
2021-05-18,=27349.6600,=33516.6500,=8140761844099.7715,=7550632517699,=3600494086996.4961,=41.3572,=0.8659,=38.2336,=29.4733,=23.2675
2021-05-17,=27405.9900,=33585.6800,=8139771909011.6602,=7553669085262,=3603386765197.9790,=41.3522,=0.8658,=38.2150,=29.4727,=23.2675
2021-05-14,=26837.9800,=32876.4400,=7957308381299.7695,=7379277455677,=3521400953591.6509,=40.4252,=0.8526,=38.1873,=29.4672,=23.2675
2021-05-13,=26385.9200,=32322.6800,=7803751116960.3896,=7234522888250,=3455117092544.3638,=39.6451,=0.8387,=38.1873,=29.4618,=23.2652
2021-05-12,=26447.1600,=32397.6900,=7823827648056.0996,=7255539562582,=3467722386203.7427,=39.7471,=0.8410,=38.1850,=29.4594,=23.2652
2021-05-11,=26131.2400,=32010.6900,=7732543998965.2285,=7171254436925,=3426913578344.9971,=39.2833,=0.8299,=38.1689,=29.4570,=23.2652
2021-05-10,=25484.3600,=31214.7500,=7494887131971.9307,=6940865538612,=3322996123904.3896,=38.0760,=0.7968,=38.1641,=29.4502,=23.2652
2021-05-07,=25967.3200,=31806.3100,=7622612024703.0986,=7053803795680,=3383578148883.0898,=38.7249,=0.8145,=38.1641,=29.4434,=23.2652
2021-05-06,=26335.1600,=32256.8600,=7760884504552.4902,=7189621869513,=3446253975112.0986,=39.4273,=0.8335,=38.1641,=29.4390,=23.2329
2021-04-30,=27107.1300,=33202.4200,=7978897456545.3311,=7391292294431,=3544353105799.1011,=40.5349,=0.8543,=38.1626,=29.4347,=23.2329
2021-04-29,=27322.3300,=33461.0700,=8050496693703.9785,=7455478426596,=3568508779265.6597,=41.0388,=0.8623,=38.1464,=29.4294,=23.2329
2021-04-28,=26870.0400,=32907.1600,=7982927615255.6904,=7399891301657,=3525882365423.4795,=40.8636,=0.8605,=38.1266,=29.4241,=23.2329
2021-04-27,=26639.3900,=32624.6900,=7976854392034.3096,=7398235227995,=3525320732270.7803,=41.4879,=0.8667,=38.1136,=29.4225,=23.2329
2021-04-26,=26426.8200,=32364.3600,=7898614781332.5596,=7319412287329,=3495196465362.6982,=41.3414,=0.8656,=38.1136,=29.4209,=23.2088
2021-04-23,=26973.0800,=33033.3500,=8051992637568.3096,=7462405444559,=3562073546284.6709,=42.1124,=0.8746,=38.1104,=29.4202,=23.2088
2021-04-22,=26577.1100,=32548.4100,=7905766620548.2461,=7317555223516,=3488059879382.5293,=41.4711,=0.8669,=38.0954,=29.4195,=23.2088
2021-04-21,=26623.1100,=32604.7600,=7938124818538.4502,=7351000216475,=3502820076260.2612,=39.6052,=0.8407,=38.0930,=29.4120,=23.2088
2021-04-20,=26438.1800,=32378.2700,=7894401590563.9502,=7312875036778,=3491680183028.5903,=39.5042,=0.8386,=38.0797,=29.4046,=23.2088
2021-04-19,=26165.3100,=32044.1000,=7827332164674.6504,=7256534908777,=3456997146903.7900,=39.0212,=0.8266,=38.0797,=29.3953,=23.1976
2021-04-16,=25709.5900,=31485.9900,=7702414765078.4805,=7136505938005,=3399908647476.7305,=38.4156,=0.8091,=38.0737,=29.3861,=23.1976
2021-04-15,=25542.4000,=31281.2400,=7617376724411.2305,=7051654389465,=3361890276722.0396,=38.0051,=0.7972,=38.0710,=29.3821,=23.1976
2021-04-14,=25743.6000,=31527.6300,=7700887006602.3711,=7134237299305,=3401011462307.7388,=38.4258,=0.8104,=38.0710,=29.3782,=23.1976
2021-04-13,=25604.9900,=31357.8800,=7640709761241.0703,=7076493829239,=3376617938000.0996,=38.0954,=0.8016,=38.0622,=29.3622,=23.1976
2021-04-12,=25368.2400,=31067.9500,=7579347556715.3301,=7018955772272,=3347157742223.9404,=37.8794,=0.7945,=38.0622,=29.3463,=23.1854
2021-04-09,=25633.1800,=31392.4100,=7651202125372.0293,=7081474118704,=3378430676303.3403,=38.2386,=0.8060,=38.0622,=29.3410,=23.1854
2021-04-08,=26147.7000,=32022.5300,=7814033965311.8301,=7242318018884,=3452721528048.9102,=39.0523,=0.8273,=38.0584,=29.3357,=23.1854
2021-04-07,=25836.8800,=31634.6800,=7733795874083.1699,=7163555783235,=3419577311758.8403,=38.6513,=0.8153,=38.0329,=29.3317,=23.1854
2021-04-06,=26475.3200,=32416.3900,=7949608012526.2002,=7369195560145,=3515574642825.4795,=39.7299,=0.8418,=38.0245,=29.3276,=23.1854
2021-04-02,=26710.1800,=32703.9500,=8036567806283.3086,=7452855453378,=3553137085486.6011,=40.1645,=0.8495,=38.0245,=29.3187,=23.1534
2021-04-01,=25969.0100,=31796.4600,=7746116135309.6299,=7166217915333,=3425261242540.5693,=38.7129,=0.8179,=38.0179,=29.3098,=23.1534
2021-03-31,=25547.0300,=31279.7900,=7606393125549.1201,=7035690421888,=3368030021530.0908,=38.0146,=0.7996,=38.0149,=29.3075,=23.1534
2021-03-30,=25814.4800,=31607.2500,=7717840604746.5869,=7138307300071,=3292966861410.0112,=38.9971,=0.8262,=38.0149,=29.3051,=23.1534
2021-03-29,=25554.1500,=31288.5100,=7635877128639.1582,=7061615312732,=3260442374963.3501,=38.6333,=0.8163,=37.9985,=29.3027,=23.1534
2021-03-26,=25347.5600,=31035.5600,=7549369953422.9004,=6983165814102,=3229106655215.0107,=38.1873,=0.8068,=37.9985,=29.3002,=23.1337
2021-03-25,=24785.5700,=30347.4600,=7376407685243.0420,=6815093653081,=3155121266649.8999,=37.3124,=0.7850,=37.9812,=29.2996,=23.1337
2021-03-24,=24831.8400,=30404.1100,=7411321774577.7539,=6852325694641,=3171007885097.3701,=37.4890,=0.7884,=37.9812,=29.2990,=23.1337
2021-03-23,=24982.5100,=30588.5900,=7451107648524.7598,=6889012888491,=3187987828657.9297,=37.7029,=0.7943,=37.9812,=29.2927,=23.1337
2021-03-22,=25034.4000,=30652.1200,=7449913448749.8906,=6884636375976,=3187559634255.0400,=37.6968,=0.7942,=37.9812,=29.2863,=23.1337
2021-03-19,=24935.8900,=30531.5100,=7454235763159.5869,=6892327312593,=3188514534269.3306,=37.7187,=0.7945,=37.9985,=29.2804,=23.1284
2021-03-18,=25638.8100,=31392.1600,=7672726354509.8301,=7094748857586,=3281229900797.3799,=38.8243,=0.8222,=37.9985,=29.2744,=23.1284
2021-03-17,=25172.6100,=30821.3500,=7523851234102.6299,=6951427394648,=3219421714551.6885,=38.0710,=0.8028,=37.9812,=29.2735,=23.1284
2021-03-16,=24722.3500,=30270.0400,=7413498077558.2881,=6857272449017,=3171785680093.4600,=37.5126,=0.7908,=37.9748,=29.2726,=23.1284
2021-03-15,=24308.9900,=29763.9300,=7272839436651.4111,=6720082167176,=3112515975295.2905,=36.8008,=0.7795,=37.9748,=29.2708,=23.1284
2021-03-12,=25246.9800,=30912.4100,=7538762735833.4424,=6968296424891,=3224706818344.3799,=38.1464,=0.8051,=37.9812,=29.2690,=23.1074
2021-03-11,=25270.1200,=30940.7400,=7569975089731.5098,=6996990330292,=3236423611929.6294,=38.3044,=0.8092,=37.9748,=29.2664,=23.1074
2021-03-10,=24587.0800,=30104.4300,=7329296202127.5020,=6768846782592,=3135704036771.4092,=37.0865,=0.7845,=37.9535,=29.2639,=23.1074
2021-03-09,=24201.8800,=29632.7900,=7197816904124.9092,=6637552553956,=3081616691599.4517,=36.4212,=0.7721,=37.9535,=29.2586,=23.1074
2021-03-08,=24930.5300,=30524.9500,=7370576439953.9980,=6790484885948,=3153893480015.2808,=37.2954,=0.7872,=37.9535,=29.2534,=23.1074
2021-03-05,=26313,=32217.6400,=7793431390855.0107,=7192287244224,=3332106641283.3521,=39.7578,=0.8417,=37.9748,=29.2525,=23.1044
2021-03-04,=26318.5100,=32224.3900,=7761885076291.6465,=7153381285872,=3319963312169.1699,=39.5969,=0.8396,=37.9535,=29.2516,=23.1044
2021-03-03,=27509.0600,=33682.1000,=8135880416480.8418,=7510933611254,=3482085489042.3389,=41.5048,=0.8660,=37.9147,=29.2505,=23.1044
2021-03-02,=27144.8500,=33236.1600,=7968603074251.3096,=7352449936059,=3412324813922.3799,=40.4943,=0.8532,=37.9091,=29.2495,=23.1044
2021-03-01,=27715.1400,=33934.4300,=8196041749877.4004,=7572314062221,=3509993379099.1099,=41.6501,=0.8673,=37.8944,=29.2447,=23.1044
2021-02-26,=27400.3500,=33549,=8091974716445.3496,=7475618102386,=3461203059342.1987,=41.1213,=0.8637,=37.8944,=29.2399,=23.1028
2021-02-25,=28174.7900,=34497.2100,=8295295929271.1787,=7653411677168,=3544311820002.4595,=42.1545,=0.8739,=37.8938,=29.2379,=23.1028
2021-02-24,=28468.8400,=34857.2500,=8405708594928.2598,=7758731170504,=3589033304743.2603,=42.7156,=0.8792,=37.8930,=29.2359,=23.1028
2021-02-23,=29545.8900,=36176,=8780232695994.1816,=8114303384917,=3750163836126.6392,=44.6188,=0.9049,=37.8741,=29.2317,=23.1028
2021-02-22,=29849,=36547.1200,=8799651503090.7188,=8124944951657,=3765507466405.6792,=44.7175,=0.9077,=37.8679,=29.2276,=23.1028
2021-02-19,=31313.3900,=38340.1200,=9335370704150.7305,=8640496144838,=3988679274066.3511,=47.4399,=0.9498,=37.8679,=29.2213,=23.0927
2021-02-18,=30819.2200,=37735.0600,=9251254970262.4375,=8573896475683,=3938955079818.0210,=47.0124,=0.9452,=37.8341,=29.2150,=23.0927
2021-02-10,=31779.7400,=38911.1200,=9607534760161.5488,=8898502672972,=4084865493360.7612,=48.8230,=0.9710,=37.7965,=29.2109,=23.0927
2021-02-09,=30717.0700,=37609.9900,=9228164494033.5703,=8538949590530,=3925898829749.3398,=46.8951,=0.9437,=37.7872,=29.2067,=23.0927
2021-02-08,=29990.2700,=36720.1000,=8966147502919.9297,=8285021336386,=3819384565753.4102,=45.5636,=0.9228,=37.7504,=29.2020,=23.0927
2021-02-05,=29401.6000,=35999.3200,=8806596660782.8809,=8141003598682,=3747704190224.7002,=44.7528,=0.9103,=37.7504,=29.1972,=23.0616
2021-02-04,=29131.2900,=35668.3600,=8748086978809.1582,=8089865933520,=3722235770843.0190,=44.4555,=0.9054,=37.7209,=29.1960,=23.0616
2021-02-03,=29053.2200,=35572.7700,=8598787261507.9180,=7932952304561,=3657052902099.5898,=43.6968,=0.8929,=37.6866,=29.1949,=23.0616
2021-02-02,=28882.2600,=35363.4400,=8512382939268.8896,=7854677811029,=3620781365371.9390,=43.2800,=0.8883,=37.6825,=29.1871,=23.0616
2021-02-01,=28017.0100,=34304.0300,=8274874484459.8906,=7630891096916,=3522506293909.2612,=42.0724,=0.8762,=37.6721,=29.1793,=23.0616
2021-01-29,=27926.8300,=34193.6200,=8251474250396.5195,=7630410345183,=3517302325963.2705,=41.9534,=0.8758,=37.6721,=29.1657,=23.0524
2021-01-28,=27972.4600,=34249.4900,=8216386881935.2422,=7587944368834,=3505998316004.1304,=41.7750,=0.8729,=37.6315,=29.1521,=23.0524
2021-01-27,=28500.4600,=34895.9700,=8320846552266.2383,=7679600924367,=3556947693674.9604,=42.3062,=0.8789,=37.6283,=29.1511,=23.0524
2021-01-26,=28748.4600,=35199.6200,=8462039817955.2783,=7818588554486,=3612700473699.9102,=43.0240,=0.8859,=37.6191,=29.1501,=23.0524
2021-01-25,=28987.8300,=35492.7100,=8567028456106.1494,=7923870255247,=3654814077038.8818,=43.5578,=0.8902,=37.6185,=29.1428,=23.0524
2021-01-22,=27925.6600,=34192.1800,=8221370941611.4502,=7591858801894,=3506758485272.4902,=41.8004,=0.8741,=37.6185,=29.1354,=23.0498
2021-01-21,=27957.5400,=34231.2200,=8222762516777.6504,=7587296444799,=3507277347628.8398,=41.8075,=0.8744,=37.6044,=29.1325,=23.0498
2021-01-20,=27349.9500,=33487.2900,=8047203337910.9727,=7422965562890,=3433203656367.4893,=40.9149,=0.8680,=37.5954,=29.1296,=23.0498
2021-01-19,=27175.2000,=33265.2300,=7973602942083.5195,=7352759627896,=3403080394411.7710,=40.5406,=0.8622,=37.5461,=29.1291,=23.0498
2021-01-18,=27734.2700,=33949.5800,=8146386848384.0303,=7512309611340,=3474189853060.6011,=41.4191,=0.8718,=37.5383,=29.1287,=23.0498
2021-01-15,=27787.9300,=34015.2700,=8192920811411.7197,=7560228640069,=3489852671070.2305,=41.6557,=0.8739,=37.5383,=29.1270,=23.0232
2021-01-14,=28352.1800,=34705.9700,=8377774166379.9102,=7731498336330,=3561790716882.6104,=42.5956,=0.8817,=37.5282,=29.1253,=23.0232
2021-01-13,=29098.4100,=35619.4300,=8574620253374.2080,=7912327555505,=3651326829373.7500,=43.5964,=0.8909,=37.5089,=29.1200,=23.0232
2021-01-12,=29430.8600,=36026.3800,=8640224956858.1074,=7971074787863,=3682480137799.4722,=43.9300,=0.8959,=37.5071,=29.1146,=23.0232
2021-01-11,=28786.4400,=35237.5400,=8435886410711.8379,=7775521159243,=3593550904315.7202,=42.8911,=0.8858,=37.4681,=29.1083,=23.0232
2021-01-08,=29759.5600,=36428.7400,=8663115047701.4697,=7974726727615,=3685592178100.4502,=44.0464,=0.8976,=37.4681,=29.1020,=23.0224
2021-01-07,=30609.2000,=37468.7800,=8896881755785.7695,=8192403761065,=3789948562195.0200,=45.2349,=0.9172,=37.4502,=29.0872,=23.0224
2021-01-06,=30214.6000,=36985.7600,=8777265585608.8604,=8069529393941,=3738979319827.8198,=44.6268,=0.9071,=37.4211,=29.0724,=23.0224
2021-01-05,=29974.8800,=36692.3100,=8664015253602.9580,=7961835358810,=3693955631325.5898,=44.0510,=0.8985,=37.4039,=29.0703,=23.0224
2021-01-04,=28521.3200,=34913.0100,=8279128819798.6416,=7615632212506,=3527196895994.7891,=42.0941,=0.8796,=37.3701,=29.0682,=23.0224
2020-12-31,=27435.0600,=33583.3200,=8081264833535.4580,=7443371925116,=3429044432759.1904,=41.0880,=0.8731,=37.3701,=29.0621,=23.0184
2020-12-30,=27062.6100,=33127.4000,=7931066784121.1172,=7301707903137,=3366800390887.4805,=40.3244,=0.8627,=37.3611,=29.0559,=23.0184
2020-12-29,=26534.7700,=32481.2700,=7758680827383.2100,=7137706853663,=3289901625260.7290,=39.4479,=0.8483,=37.3538,=29.0461,=23.0184
2020-12-28,=26846.3100,=32862.6300,=7830341485493.6211,=7202525301797,=3322898173643.8301,=39.8123,=0.8547,=37.3334,=29.0363,=23.0184
2020-12-25,=26159.7600,=32022.2200,=7646134055130.1299,=7027699560290,=3238865964599.8296,=38.8757,=0.8357,=37.3271,=29.0348,=23.0184
2020-12-24,=26075.6400,=31919.2500,=7618331066236.6318,=6997933904011,=3232154719944.4492,=38.7343,=0.8309,=37.3271,=29.0333,=22.9384
2020-12-23,=26358.8900,=32265.9700,=7689047188326.2598,=7063241369117,=3263470731893.8589,=39.0939,=0.8409,=37.2938,=29.0328,=22.9384
2020-12-22,=26269.4600,=32156.5000,=7728113452233.1680,=7102634389868,=3275354121285.2300,=39.2925,=0.8448,=37.2427,=29.0323,=22.9384
2020-12-21,=26348.4300,=32253.1700,=7692794744342.2617,=7063522240971,=3266382908585.6802,=39.1129,=0.8415,=37.1647,=29.0321,=22.9384
2020-12-18,=25997.8300,=31824,=7622990819301.1797,=6997428495913,=3232002845556.5903,=38.7580,=0.8343,=37.1280,=29.0319,=22.9384
2020-12-17,=26283.1200,=32173.2300,=7706530237810.4600,=7071208012574,=3266518606953.1196,=39.1828,=0.8425,=37.1280,=29.0289,=22.9289
2020-12-16,=25976.1100,=31797.4100,=7619355353220.7793,=6984411246904,=3227918850463.4697,=38.7395,=0.8335,=37.1073,=29.0259,=22.9289
2020-12-15,=25709.4200,=31470.9500,=7527768569262.7402,=6898722869968,=3192188648775.9805,=38.2739,=0.8241,=37.0984,=29.0229,=22.9289
2020-12-14,=25792.4100,=31572.5500,=7561181638613.6426,=6929582489589,=3206683964467.4912,=38.4438,=0.8272,=37.0920,=29.0199,=22.9289
2020-12-11,=25151.8800,=30788.4700,=7072222009567.9092,=6590580112262,=3021614894599.1494,=37.1647,=0.8017,=36.9870,=29.0152,=22.9289
2020-12-10,=25306.1200,=30977.2700,=7111306815411.4482,=6625420829659,=3040761306816.7998,=37.3701,=0.8041,=36.9870,=29.0105,=22.9259
2020-12-09,=25284.7400,=30951.1100,=7096799042696.9902,=6610631476164,=3040650539246.4912,=37.2938,=0.8026,=36.9726,=29.0028,=22.9259
2020-12-08,=25564.3200,=31293.3400,=7161065077181.7500,=6666370500374,=3070298520349.7495,=37.6315,=0.8094,=36.9431,=28.9951,=22.9259
2020-12-07,=25410.3200,=31104.8300,=7087077238570.1396,=6599688762781,=3043240517312.5098,=37.2427,=0.8028,=36.9346,=28.9903,=22.9259
2020-12-04,=25226.3500,=30879.6300,=7035681506770.8291,=6551463472218,=3018679494935.6299,=36.9726,=0.8009,=36.8902,=28.9854,=22.9259
2020-12-03,=24694.7800,=30228.9400,=6869946428072.1699,=6393622278881,=2953410698441.5098,=36.1017,=0.7793,=36.8902,=28.9853,=22.8679
2020-12-02,=24446.0300,=29924.4400,=6801563781400.1709,=6329056035020,=2925716363702.3896,=35.7424,=0.7687,=36.8902,=28.9851,=22.8679
2020-12-01,=24368.9200,=29830.0500,=6778337828226.9209,=6311523594122,=2917515157562.0303,=35.6203,=0.7650,=36.8902,=28.9837,=22.8679
2020-11-30,=23975.3800,=29348.3200,=6667974839437.4590,=6207550559118,=2871251833774.1997,=35.0403,=0.7549,=36.8902,=28.9822,=22.8679
2020-11-27,=24457.2400,=29938.1700,=6795085582430.1104,=6330813331579,=2925670744350.9189,=35.7083,=0.7674,=36.8902,=28.9791,=22.8679
2020-11-26,=24230.3600,=29660.4400,=6743918475786.4707,=6285216212617,=2902102804145.5811,=35.4394,=0.7637,=36.9346,=28.9760,=22.8666
2020-11-25,=24159.1400,=29573.2600,=6724286665739.3711,=6268654301786,=2892473266251.1499,=35.3363,=0.7622,=36.9346,=28.9738,=22.8666
2020-11-24,=24818.4500,=30372.4600,=6904255494275.5996,=6436707445224,=2966862205471.1694,=36.2820,=0.7834,=36.9346,=28.9717,=22.8666
2020-11-23,=24890.6300,=30460.8000,=6935111798803.0391,=6470668666061,=2983633965314.3301,=36.4441,=0.7895,=36.9346,=28.9671,=22.8666
2020-11-20,=24709.5100,=30239.1500,=6847154248927.0107,=6375702141054,=2942303620317.9395,=35.9819,=0.7760,=36.9346,=28.9626,=22.8666
2020-11-19,=24542.7700,=30035.0900,=6808525933601.1094,=6335150909160,=2926613411019.6904,=35.7789,=0.7705,=36.9431,=28.9568,=22.8420
2020-11-18,=24240.9600,=29665.7400,=6728045007675.2695,=6258982596169,=2888284729619.1401,=35.3560,=0.7636,=36.9431,=28.9510,=22.8420
2020-11-17,=24404.6400,=29866.0400,=6786541213016.7188,=6318683097340,=2912568068896.0605,=35.6634,=0.7667,=36.9431,=28.9502,=22.8420
2020-11-16,=24707.4400,=30236.6100,=6865656604051.9385,=6396041262563,=2946763288229.5708,=36.0792,=0.7786,=36.9431,=28.9495,=22.8420
2020-11-13,=24162.7100,=29569.9700,=6720682264005.4688,=6237353998041,=2885681901504.7612,=35.3173,=0.7637,=36.9431,=28.9495,=22.8420
2020-11-12,=24570.9700,=30069.6000,=6834035669111.3906,=6346028834408,=2933776696367.9897,=35.9130,=0.7744,=36.9870,=28.9495,=22.8098
2020-11-11,=24605.4300,=30111.7700,=6835559819849.4199,=6346095344959,=2936760669122.9497,=35.9210,=0.7747,=36.9870,=28.9460,=22.8098
2020-11-10,=24760.3400,=30301.3500,=6881495938052.0986,=6388374379639,=2956339706608.5103,=36.1624,=0.7808,=36.9870,=28.9425,=22.8098
2020-11-09,=24658.0100,=30176.1200,=6850381817674.0996,=6355149621352,=2944349358590.6694,=35.9989,=0.7771,=36.9870,=28.9404,=22.8098
2020-11-06,=24197.0400,=29611.9900,=6719671005392.4590,=6232902052584,=2886687981164.7500,=35.3120,=0.7647,=36.9870,=28.9383,=22.8098
2020-11-05,=24457.2700,=29930.4600,=6787793664442.8105,=6294513317511,=2917988854733.8208,=35.6700,=0.7682,=37.0920,=28.9338,=22.7551
2020-11-04,=24063.1600,=29431.6500,=6671201409686.1494,=6184717938136,=2871913569524.1909,=35.0573,=0.7598,=37.0920,=28.9292,=22.7551
2020-11-03,=23998.8700,=29353.0200,=6647237812708.7988,=6163257662196,=2864765126765.9902,=34.9314,=0.7575,=37.0920,=28.9291,=22.7551
2020-11-02,=23735.6900,=29031.1200,=6584489073329.1396,=6101500622521,=2833146821782.8203,=34.6016,=0.7524,=37.0920,=28.9290,=22.7551
2020-10-30,=23696.2700,=28982.9100,=6553852251913.8887,=6072160291680,=2829980083355.6797,=34.6004,=0.7523,=37.0920,=28.9263,=22.7551
2020-10-29,=24475.0900,=29935.4900,=6707531476762.5391,=6213159130534,=2898067270441.9102,=35.5624,=0.7671,=37.0984,=28.9235,=22.7275
2020-10-28,=23957.5000,=29302.4200,=6590481478209.2295,=6106448820571,=2842607951752.1011,=34.9344,=0.7579,=37.0984,=28.9206,=22.7275
2020-10-27,=23483.3300,=28722.4600,=6452873526648.7002,=5975540078514,=2808059910160.1299,=34.7734,=0.7556,=37.0984,=28.9177,=22.7275
2020-10-26,=23315.1700,=28516.7800,=6424356592665.6113,=5953286884220,=2796116388744.6699,=34.6689,=0.7541,=37.0984,=28.9040,=22.7275
2020-10-23,=23478.1800,=28716.1700,=6529852641512.6895,=6059380146359,=2836177418992.2705,=35.5699,=0.7671,=37.0984,=28.8903,=22.7275
2020-10-22,=24088.1000,=29462.1500,=6682235770472.1484,=6197533974421,=2896815854567.6694,=36.7452,=0.7936,=37.1073,=28.8892,=22.7264
2020-10-21,=24079.7300,=29451.9100,=6671417234356.6211,=6183673784104,=2894086360788.8101,=36.7472,=0.7939,=37.1073,=28.8882,=22.7264
2020-10-20,=24120.2700,=29501.5100,=6683732675346.5908,=6193641092080,=2898493095829.8804,=36.8151,=0.7960,=37.1073,=28.8837,=22.7264
2020-10-19,=23575.4100,=28835.0800,=6532935865467.0195,=6050688195770,=2818997600033.7700,=37.7872,=0.8090,=37.1073,=28.8793,=22.7264
2020-10-16,=23924.5700,=29262.1400,=6616242477297.4590,=6105574952246,=2856340135109.6396,=38.2690,=0.8217,=37.0984,=28.8776,=22.7264
2020-10-15,=24119.1500,=29500.1300,=6673564266882.6094,=6159664810011,=2879491774912.5093,=38.6006,=0.8271,=37.0984,=28.8758,=22.7059
2020-10-14,=24339.8700,=29770.0900,=6719484646186.1797,=6198682523841,=2900910481398.3896,=38.8662,=0.8340,=37.0920,=28.8750,=22.7059
2020-10-13,=24536.6100,=30010.7300,=6771351930028.2510,=6244360733489,=2923302532356.5107,=39.1662,=0.8394,=36.9870,=28.8741,=22.7059
2020-10-12,=24291.8200,=29711.3200,=6725439664661.9600,=6208208699775,=2904784322581.1602,=38.9006,=0.8353,=36.9431,=28.8704,=22.7059
2020-10-09,=23316.8800,=28518.8800,=6458016062143.0684,=5958675499572,=2792665614054.7598,=37.3538,=0.8031,=36.9346,=28.8667,=22.7059
2020-09-30,=22860.0300,=27960.1000,=6348899149536.7998,=5855999284495,=2740686230638.2803,=36.7227,=0.7958,=36.9346,=28.8645,=22.6943
2020-09-29,=22786.2200,=27869.8200,=6309533005054.5996,=5820775925944,=2727951590427.8403,=36.4950,=0.7920,=36.9346,=28.8623,=22.6943
2020-09-28,=22628.5200,=27676.9400,=6283346016589.5010,=5801778829128,=2715834180484.0298,=36.3435,=0.7879,=36.9346,=28.8620,=22.6943
2020-09-25,=22569.9600,=27605.3100,=6252837241695.9990,=5764415352357,=2701942771512.8306,=36.1670,=0.7842,=36.9346,=28.8617,=22.6943
2020-09-24,=22479.4400,=27494.6100,=6227289149345,=5738948739103,=2689036743940.9995,=36.0193,=0.7805,=36.9346,=28.8616,=22.6943
2020-09-23,=22863.5700,=27964.4400,=6323379273713.9990,=5826657358796,=2732228183231.3101,=36.5751,=0.7936,=36.9431,=28.8615,=22.6632
2020-09-22,=22808.8500,=27896.7800,=6323048493117.1992,=5831588564268,=2732527704115.5000,=36.5732,=0.7935,=36.9431,=28.8614,=22.6632
2020-09-21,=22986.9400,=28114.5900,=6363785094073.5996,=5867163180715,=2749915784128.1196,=36.8088,=0.7974,=36.9431,=28.8613,=22.6632
2020-09-18,=23307.2600,=28506.3700,=6453402689233.0996,=5951092782700,=2789856197130.5601,=37.3271,=0.8021,=36.9431,=28.8612,=22.6632
2020-09-17,=22931.1800,=28046.4000,=6356989203812.1982,=5862988291902,=2745757128116.7495,=36.7695,=0.7969,=36.9346,=28.8612,=22.6632
2020-09-16,=23390.9300,=28608.7000,=6501346625299.6982,=5998258225222,=2807832029852.3296,=37.6044,=0.8067,=36.9431,=28.8590,=22.6616
2020-09-15,=23775.8100,=29079.4300,=6614545582192.5020,=6102894024156,=2856890359098.5698,=38.2592,=0.8217,=36.9346,=28.8569,=22.6616
2020-09-14,=23636.4200,=28908.9600,=6588813397393.5000,=6083226835719,=2845839174980.0293,=38.1104,=0.8183,=36.8902,=28.8531,=22.6616
2020-09-11,=23567.9200,=28825.1700,=6551232676417.8008,=6042002330689,=2828620627842.7505,=37.8930,=0.8120,=36.8701,=28.8493,=22.6616
2020-09-10,=23242.4400,=28427.0800,=6454482673888.1982,=5945687707849,=2788313068721.7197,=37.3334,=0.8035,=36.8409,=28.8457,=22.6616
2020-09-09,=23070.4500,=28216.7300,=6394596957147.1992,=5885308966040,=2765531621292.1997,=36.9870,=0.8020,=36.8409,=28.8421,=22.6553
2020-09-08,=23769.2400,=29071.4000,=6572827191578.3008,=6041610849281,=2840417437279.4805,=38.0179,=0.8155,=36.8288,=28.8340,=22.6553
2020-09-07,=24078.4000,=29449.5300,=6641901742807.5010,=6103609884144,=2873116712420.0215,=38.4174,=0.8239,=36.8168,=28.8259,=22.6553
2020-09-04,=24902.2900,=30457.2000,=6866890173667.2998,=6304757962388,=2967248374774.4102,=39.7188,=0.8496,=36.8073,=28.8233,=22.6553
2020-09-03,=25493.5900,=31180.4000,=7031508275625.4014,=6458799239442,=3032474606719.9395,=40.6710,=0.8642,=36.7966,=28.8208,=22.6553
2020-09-02,=25656.9900,=31380.2400,=7075605248243.2998,=6485118454666,=3050220644849.3105,=40.9260,=0.8682,=36.7966,=28.8177,=22.6490
2020-09-01,=25559.6000,=31261.1300,=7048687378320.2988,=6458538948618,=3042190899887.8799,=40.7703,=0.8663,=36.7599,=28.8145,=22.6490
2020-08-31,=25583.0900,=31289.8600,=7036561713581.7998,=6443625941231,=3038851978882.2095,=40.7002,=0.8656,=36.7298,=28.8134,=22.6490
2020-08-28,=25507.8900,=31197.8900,=7007857653107.2998,=6406477722271,=3022122486970.8511,=40.6101,=0.8648,=36.6798,=28.8122,=22.6490
2020-08-27,=24723.4100,=30238.4200,=6840375700799.6006,=6264822983364,=2939154898521.2808,=40.4060,=0.8621,=36.6356,=28.8107,=22.6490
2020-08-26,=24359.3400,=29793.1300,=6754303032466.1025,=6183020145262,=2902939478297.8945,=39.8788,=0.8540,=36.6356,=28.8092,=22.6222
2020-08-25,=24453.8200,=29908.6900,=6769481466656.7012,=6190401101791,=2909584116608.5044,=40.0569,=0.8580,=36.6223,=28.8092,=22.6222
2020-08-24,=24146.3600,=29532.6400,=6664124332158.9980,=6085449711866,=2867826269145.0439,=39.4503,=0.8476,=36.6218,=28.8091,=22.6222
2020-08-21,=23740.8100,=29022.2600,=6561989453873.4004,=5990249702192,=2823640614204.7266,=38.7859,=0.8350,=36.6195,=28.8052,=22.6222
2020-08-20,=23377.1100,=28577.6500,=6471277543538.5996,=5912732784552,=2786117145570.3101,=38.2677,=0.8253,=36.5324,=28.8012,=22.6222
2020-08-19,=23821.4400,=29120.8200,=6581604082840.6992,=6013730341120,=2834326377357.8018,=39.0443,=0.8397,=36.5324,=28.7857,=22.6040
2020-08-18,=23878.1900,=29190.2000,=6587727096650.8994,=6026063816756,=2843948255880.4829,=39.3351,=0.8455,=36.5217,=28.7701,=22.6040
2020-08-17,=23596.9500,=28846.4000,=6514261301281.4990,=5959674932566,=2813591517883.7637,=38.9403,=0.8384,=36.5100,=28.7678,=22.6040
2020-08-14,=23275.3500,=28453.2500,=6392200083847.1006,=5842219839184,=2764391876089.2896,=38.3326,=0.8266,=36.4890,=28.7656,=22.6040
2020-08-13,=22900.3300,=27994.8000,=6282051709853.9014,=5738079790227,=2719502123000.2988,=37.6721,=0.8143,=36.4469,=28.7575,=22.6040
2020-08-12,=22783.5600,=27851.0100,=6254541449165.2002,=5710506065054,=2705854001064.5562,=37.5071,=0.8113,=36.4469,=28.7494,=22.6025
2020-08-11,=23133.2700,=28278.4100,=6345759737652.7988,=5784456779877,=2743092829442.5054,=38.1626,=0.8241,=36.4365,=28.7449,=22.6025
2020-08-10,=23064.5400,=28194.4000,=6316958640649.1992,=5761012637411,=2731659285925.2813,=37.9985,=0.8204,=36.4287,=28.7405,=22.6025
2020-08-07,=23047.2300,=28173.2300,=6310487511593.6006,=5761019991222,=2726228289131.6128,=37.8944,=0.8185,=36.4139,=28.7405,=22.6025
2020-08-06,=23283,=28461.4500,=6363294985903.0996,=5806489604996,=2750687811321.2656,=38.2385,=0.8262,=36.4090,=28.7405,=22.6025
2020-08-05,=23780.1500,=29068.1700,=6490364955130.8994,=5922163691515,=2807281582495.9155,=39.0021,=0.8391,=36.4090,=28.7363,=22.5832
2020-08-04,=23495.2000,=28719.8600,=6433386198468.5010,=5872558742912,=2782374019867.9019,=38.6597,=0.8323,=36.4019,=28.7321,=22.5832
2020-08-03,=23585.6700,=28830.4500,=6445925808297.9004,=5886475477189,=2790324408919.5752,=38.7351,=0.8341,=36.3986,=28.7295,=22.5832
2020-07-31,=23308.8100,=28492.0300,=6413326734717.0986,=5858603263683,=2768581054073.3472,=38.5392,=0.8304,=36.3903,=28.7270,=22.5832
2020-07-30,=23234.5300,=28401.2300,=6395752677303.5000,=5842144642693,=2762012960766.4937,=38.4336,=0.8296,=36.3624,=28.7157,=22.5832
2020-07-29,=23093.0300,=28228.2700,=6359372001473.8984,=5809033980784,=2746958362948.5415,=38.2150,=0.8273,=36.3624,=28.7043,=22.5191
2020-07-28,=22852.4000,=27934.1200,=6306226113398.8008,=5762771730005,=2723746917206.0029,=38.0737,=0.8246,=36.3488,=28.7003,=22.5191
2020-07-27,=22153.3700,=27079.6400,=6117488096269.9014,=5591982262743,=2641379789859.4932,=36.9431,=0.8112,=36.3338,=28.6962,=22.5191
2020-07-24,=21900.1900,=26770.1700,=6033604874412.2002,=5506032736396,=2608110078102.5171,=36.4365,=0.8036,=36.3165,=28.6961,=22.5191
2020-07-23,=22793.0500,=27861.5800,=6296566199707.9990,=5746877191813,=2718926335433.5693,=38.0245,=0.8233,=36.3149,=28.6961,=22.5191
2020-07-22,=22760.7300,=27822.0700,=6284795797912.2998,=5727201389622,=2715822458777.8740,=37.9535,=0.8221,=36.3149,=28.6958,=22.5187
2020-07-21,=22467.7600,=27463.9500,=6225503193530.6992,=5669188814962,=2686035493077.8760,=37.5954,=0.8168,=36.2968,=28.6956,=22.5187
2020-07-20,=22112.9600,=27030.2500,=6116073939741.1016,=5564020610390,=2642226987490.6724,=36.9346,=0.8119,=36.2940,=28.6924,=22.5187
2020-07-17,=22127.3800,=27046.2800,=6125935347789.5996,=5580058641175,=2635312719441.2222,=38.4494,=0.8294,=36.2891,=28.6893,=22.5187
2020-07-16,=21680.3800,=26499.9200,=6003748236599.5986,=5476129754161,=2582328147817.6484,=37.6825,=0.8185,=36.2609,=28.6838,=22.5187
2020-07-15,=23504.6100,=28729.6700,=6515309216663.2998,=5948927206767,=2800883127637.9512,=40.8933,=0.8665,=36.2609,=28.6783,=22.5112
2020-07-14,=23251.5900,=28420.4100,=6452449294432.4004,=5897308984767,=2780711268422.0371,=40.4987,=0.8612,=36.2503,=28.6781,=22.5112
2020-07-13,=23236.1500,=28401.5300,=6465331574865.2012,=5909619231192,=2785732431611.3799,=40.5796,=0.8631,=36.2474,=28.6779,=22.5112
2020-07-10,=22299.3600,=27256.4900,=6214035851082.3994,=5676771901833,=2674609031032.8223,=39.0023,=0.8395,=36.1679,=28.6753,=22.5112
2020-07-09,=22245.3600,=27185.4600,=6183085564966.8008,=5647673348649,=2666394751091.1704,=38.8081,=0.8372,=36.1654,=28.6726,=22.5112
2020-07-08,=21854.2500,=26704.3900,=6080492937765.4014,=5557657664779,=2621517017167.7261,=38.1641,=0.8278,=36.1654,=28.6720,=22.4990
2020-07-07,=21689.2400,=26502.7500,=6063652953719.4990,=5543305806709,=2609509572260.6504,=38.0584,=0.8259,=36.1590,=28.6714,=22.4990
2020-07-06,=21217.7200,=25924.3000,=5877528006732.2012,=5361208505735,=2534350334649.9331,=36.8902,=0.8146,=36.1589,=28.6701,=22.4990
2020-07-03,=20523.6400,=25076.2700,=5698229785983.7988,=5198058870203,=2450851149268.7676,=35.7649,=0.7913,=36.1267,=28.6688,=22.4990
2020-07-02,=20540.8200,=25097.2600,=5704497171019.2002,=5205586139282,=2453052346340.2930,=35.8042,=0.7920,=36.1267,=28.6687,=22.4990
2020-07-01,=20208.7000,=24691.4600,=5592541932374.5996,=5092870642675,=2404913459546.2676,=35.1015,=0.7822,=36.1589,=28.6686,=22.4927
2020-06-30,=19599.0500,=23946.3600,=5433981269956.7021,=4946047593213,=2336898091622.3599,=34.1063,=0.7600,=36.1589,=28.6685,=22.4927
2020-06-29,=19324.4800,=23609.9100,=5375450828725.7002,=4898114172131,=2312229446667.3711,=33.7389,=0.7457,=36.1589,=28.6685,=22.4927
2020-06-24,=19221.3800,=23483.9400,=5343833060476.0010,=4876166805288,=2302097329063.2783,=33.5639,=0.7366,=36.1589,=28.6665,=22.4927
2020-06-23,=19217.7600,=23411.1400,=5359468952549.3008,=4891885184947,=2306028390146.4097,=33.6621,=0.7433,=36.1589,=28.6646,=22.4927
2020-06-22,=18943.9900,=23077.6300,=5259396916606.0010,=4793996219300,=2267649145443.3135,=33.0335,=0.7049,=36.1590,=28.6631,=22.4900
2020-06-19,=19001.7800,=23102.0500,=5283210417439.1992,=4816002450881,=2274091805239.9375,=33.1831,=0.7149,=36.1590,=28.6617,=22.4900
2020-06-18,=18554.2500,=22551.1600,=5162052210078.9004,=4705850459198,=2223287039128.4731,=32.4221,=0.6694,=36.1590,=28.6535,=22.4900
2020-06-17,=18416.5600,=22375.6500,=5124623905046.1006,=4673267693390,=2207692323900.0337,=32.1870,=0.6573,=36.1590,=28.6454,=22.4900
2020-06-16,=18376.8300,=22327.3700,=5121716733488.5000,=4671131789132,=2204031921167.3770,=32.1688,=0.6564,=36.1590,=28.6437,=22.4900
2020-06-15,=18184.0800,=22093.1800,=5057820460103.4990,=4614247712701,=2178866472693.4221,=31.7675,=0.6345,=36.1654,=28.6421,=22.4882
2020-06-12,=18323.1200,=22262.1200,=4876979070622.4004,=4475333165939,=2083600533525.2070,=32.6148,=0.6783,=36.1654,=28.6361,=22.4882
2020-06-11,=18197.8600,=22109.9200,=4833084322738.6992,=4434638130730,=2067504443562.6172,=32.3212,=0.6620,=36.1654,=28.6301,=22.4882
2020-06-10,=18577.9200,=22521.1800,=4924265614196.2002,=4513508189425,=2104931957812.1150,=32.9310,=0.6969,=36.1654,=28.6289,=22.4882
2020-06-09,=18611.9600,=22482.6500,=4916893909812.8994,=4505691653106,=2105110311705.3496,=32.8817,=0.6934,=36.1654,=28.6278,=22.4882
2020-06-08,=18455.2700,=22293.3700,=4875499847443,=4467679365120,=2088156567159.0176,=32.6049,=0.6786,=36.1679,=28.6200,=22.4841
2020-06-05,=18350.1900,=22166.4400,=4889444808648.0010,=4481055959719,=2086662172491.2871,=32.6981,=0.6830,=36.1679,=28.6121,=22.4841
2020-06-04,=18372.4300,=22193.3100,=4874618866269.7988,=4460786749014,=2081655388951.9285,=32.5990,=0.6783,=36.1679,=28.6116,=22.4841
2020-06-03,=18228.3600,=22012.9700,=4835808782053.6992,=4427765695403,=2066368364554.3896,=32.3394,=0.6639,=36.1679,=28.6111,=22.4841
2020-06-02,=18327.1700,=22132.3000,=4865349687741.5000,=4454557813430,=2078934567926.7361,=32.5370,=0.6766,=36.1679,=28.6110,=22.4841
2020-06-01,=18437.8300,=22265.9400,=4901393268164.5996,=4486218797728,=2091275371726.3213,=32.7780,=0.6859,=36.2474,=28.6108,=22.4829
2020-05-29,=17971.9000,=21700.6200,=4763023932644.0996,=4352331620901,=2031251934057.0544,=31.8527,=0.6398,=36.2474,=28.5993,=22.4829
2020-05-28,=17699.5200,=21367.1900,=4685091759732.4990,=4281128186735,=1999877929037.3250,=31.3315,=0.6140,=36.2474,=28.5877,=22.4829
2020-05-27,=17769.0400,=21451.1100,=4689778624600.9004,=4283038956885,=2003950531159.0496,=31.3629,=0.6153,=36.2474,=28.5865,=22.4829
2020-05-26,=17946.4600,=21661.6800,=4748544884409.5000,=4334767940902,=2026550387819.6255,=31.7559,=0.6363,=36.2474,=28.5852,=22.4829
2020-05-25,=17876.0400,=21562.3900,=4735876855895.8994,=4325725485749,=2022325361199.7664,=31.6712,=0.6320,=36.2503,=28.5835,=22.4774
2020-05-22,=17499.3900,=21108.0700,=4627278585517.7998,=4228440721340,=1978007037500.3140,=30.9449,=0.5998,=36.2503,=28.5818,=22.4774
2020-05-21,=17966.2600,=21659.9100,=4754773597632.3018,=4350810618575,=2031966712403.3650,=31.7975,=0.6371,=36.2503,=28.5733,=22.4774
2020-05-20,=18007.1100,=21709.1500,=4740400276032.5996,=4331842993619,=2029774342969.0017,=31.7014,=0.6346,=36.2503,=28.5649,=22.4774
2020-05-19,=18184.7500,=21919.6100,=4771554662529.2002,=4355713767883,=2042904490875.6484,=31.9097,=0.6436,=36.2503,=28.5622,=22.4774
2020-05-18,=18173.1400,=21905.6100,=4766265832791.5000,=4349506671545,=2042252752330.9409,=31.8744,=0.6404,=36.2609,=28.5595,=22.4664
2020-05-15,=17708.8900,=21346.0100,=4639841481310.2002,=4233251834147,=1990165289826.7949,=31.0289,=0.6036,=36.2609,=28.5570,=22.4664
2020-05-14,=17831.2800,=21490.9000,=4673775178805.0996,=4265538344610,=2005523552783.0283,=31.2558,=0.6144,=36.2609,=28.5546,=22.4664
2020-05-13,=18087.8400,=21800.1200,=4728155095170.3008,=4313530384034,=2030935339817.3091,=31.6195,=0.6309,=36.2609,=28.5525,=22.4664
2020-05-12,=17858.4300,=21523.6200,=4673413528692.7988,=4267334077980,=2010390319544.9524,=31.2534,=0.6141,=36.2609,=28.5503,=22.4664
2020-05-11,=17687.3500,=21317.4400,=4623009152583,=4219541977467,=1991374465204.1941,=30.9164,=0.5992,=36.2891,=28.5486,=22.4554
2020-05-08,=17910.6800,=21586.6000,=4660328688816.4004,=4246742493797,=2007112872300.9790,=31.1659,=0.6096,=36.2891,=28.5469,=22.4554
2020-05-07,=17818.6700,=21475.5400,=4638787012977.0996,=4227766918184,=1998240409703.0017,=31.0219,=0.6038,=36.2891,=28.5463,=22.4554
2020-05-06,=17616.8600,=21220.6200,=4583725136513,=4178074530467,=1975414411033.8103,=30.6536,=0.5923,=36.2891,=28.5457,=22.4554
2020-04-30,=17446.7200,=21015.6700,=4514352362991.2002,=4113068970498,=1947919365400.5496,=30.1897,=0.5796,=36.2891,=28.5446,=22.4554
2020-04-29,=17530.5200,=21116.6200,=4543509202346.9004,=4139839849907,=1958377962275.7224,=30.5010,=0.5870,=36.2940,=28.5436,=22.4397
2020-04-28,=17909.5400,=21571.6100,=4615773113404.8008,=4201070032269,=1996111077485.5305,=30.5442,=0.5891,=36.2940,=28.5382,=22.4397
2020-04-27,=17610.9800,=21212.0100,=4545423376815.1992,=4133522982473,=1968564550235.6204,=31.0918,=0.6057,=36.2940,=28.5328,=22.4397
2020-04-24,=17476.3700,=21049.8700,=4494249854367.5000,=4089097093028,=1944823116374.3401,=31.8663,=0.6386,=36.2940,=28.5324,=22.4397
2020-04-23,=17446.4400,=21013.8300,=4489993115172.5996,=4057409975950,=1942210060091.9795,=34.0849,=0.7557,=36.2940,=28.5320,=22.4397
2020-04-22,=17390.6400,=20946.6200,=4474382896448.2998,=4042452212687,=1934946572357.9397,=33.9541,=0.7526,=36.2968,=28.5281,=22.4346
2020-04-21,=16864.2900,=20312.6300,=4334280095392.3999,=3914951777061,=1812636315073.6011,=32.9664,=0.6973,=36.2968,=28.5241,=22.4346
2020-04-20,=17091.9700,=20586.8800,=4398708747381.7998,=3977449492605,=1835740778738.4600,=33.5187,=0.7310,=36.2968,=28.5228,=22.4346
2020-04-17,=16989.8100,=20463.8300,=4380411193075.7998,=3962859818102,=1826891807623.1704,=33.2617,=0.7180,=36.2968,=28.5214,=22.4346
2020-04-16,=16821.8000,=20261.4600,=4321240303121.2002,=3908003579819,=1803785689469.5300,=32.8124,=0.6881,=36.2968,=28.5200,=22.4346
2020-04-15,=16913.5600,=20371.9900,=4331514122213.0991,=3912293167740,=1808902231967.9600,=32.9088,=0.6926,=36.3149,=28.5186,=22.3836
2020-04-14,=17083.5700,=20576.7600,=4360396504718.6001,=3936295707863,=1821809646567.6597,=33.1284,=0.7066,=36.3149,=28.5128,=22.3836
2020-04-13,=16748.8500,=20173.5900,=4277879436733.8999,=3858701466836,=1786699065230.0798,=32.5015,=0.6744,=36.3149,=28.5070,=22.3836
2020-04-10,=16906.5400,=20363.5300,=4302940774158.9990,=3881184081922,=1801272005372.5801,=32.6919,=0.6812,=36.3149,=28.4987,=22.3836
2020-04-09,=16901.7600,=20357.7700,=4296043614893.8008,=3870062831135,=1798724088678.6101,=32.6395,=0.6791,=36.3149,=28.4904,=22.3836
2020-04-08,=16832.2200,=20274.0100,=4282555780997.8989,=3860450572839,=1793386972096.3496,=32.5370,=0.6767,=36.3165,=28.4900,=22.3199
2020-04-07,=17033.8400,=20516.8600,=4326173148112.5000,=3895788374033,=1810458568823.4199,=32.8684,=0.6904,=36.3165,=28.4897,=22.3199
2020-04-03,=16450.4400,=19814.1600,=4193318618552.1982,=3777797675781,=1753876688802.2798,=31.8590,=0.6417,=36.3165,=28.4744,=22.3199
2020-04-02,=16332.2800,=19671.8500,=4172759676914.2002,=3760799735098,=1744902320205.7295,=31.7028,=0.6373,=36.3165,=28.4592,=22.3199
2020-04-01,=16196.9400,=19508.8300,=4105680998094.1001,=3693438093235,=1720575410396.9702,=31.1932,=0.6146,=36.3165,=28.4553,=22.3199
2020-03-31,=16411.3200,=19767.0400,=4152906993709.2002,=3734946149977,=1741710884799.4998,=31.9689,=0.6478,=36.3338,=28.4514,=22.2777
2020-03-30,=15750.9700,=18971.6700,=3986536848272.7002,=3586875615442,=1673140851516.9202,=30.7004,=0.5971,=36.3338,=28.4459,=22.2777
2020-03-27,=15761.2600,=18984.0700,=4000317954242.4009,=3601993976792,=1674866103702.0398,=30.7858,=0.5992,=36.3338,=28.4403,=22.2777
2020-03-26,=15672.3000,=18876.9100,=3965587105308.2998,=3569029403609,=1663881769311.9695,=30.5185,=0.5929,=36.3338,=28.4385,=22.2777
2020-03-25,=15661.1900,=18863.5300,=3962947975901.8989,=3564719186600,=1666612294666.9302,=30.5651,=0.5947,=36.3338,=28.4368,=22.2777
2020-03-24,=15319.1800,=18451.5900,=3875355349958.0991,=3483928296807,=1613520967860.6902,=29.9431,=0.5746,=36.3488,=28.4359,=22.2752
2020-03-23,=14818.4600,=17848.4900,=3746748985546.8999,=3369833360662,=1560537762950.5200,=28.9495,=0.5299,=36.3488,=28.4349,=22.2752
2020-03-20,=15226.5500,=18340.0200,=3833644175471.2998,=3445348806266,=1599434520386.1902,=29.6209,=0.5612,=36.3488,=28.4343,=22.2752
2020-03-19,=14897.3900,=17943.5500,=3728982179699,=3342443894106,=1558420923894.7400,=28.8122,=0.5211,=36.3488,=28.4337,=22.2752
2020-03-18,=15062.9400,=18142.9500,=3781119505702.7002,=3394949935841,=1576771820311.6599,=29.2150,=0.5421,=36.3488,=28.4336,=22.2752
2020-03-17,=15196.7200,=18304.0900,=3842822834842.6001,=3458606833848,=1600267669898.4905,=29.6918,=0.5646,=36.3624,=28.4334,=22.2621
2020-03-16,=15345.7300,=18483.5600,=3898083928467.0010,=3495704727226,=1619950967184.3096,=30.1068,=0.5802,=36.3624,=28.4324,=22.2621
2020-03-13,=16054.6000,=19337.3800,=4070398797639.2998,=3649421271085,=1694112467655.4197,=31.4377,=0.6219,=36.3624,=28.4314,=22.2621
2020-03-12,=16264.5100,=19590.2200,=4134481450320.8999,=3710788333725,=1720632700024.5105,=31.9326,=0.6449,=36.3624,=28.4199,=22.2621
2020-03-11,=16732.3800,=20153.7600,=4242335454797.5010,=3804014776767,=1766452554643.2800,=32.7656,=0.6828,=36.3624,=28.4085,=22.2621
2020-03-10,=16791.8600,=20225.4000,=4246050570501.5000,=3803759109984,=1770540167582.5698,=32.7943,=0.6854,=36.3903,=28.4046,=22.2173
2020-03-09,=16496.8700,=19870.0900,=4150475494373.9990,=3708962957795,=1732447445535.9900,=32.0561,=0.6506,=36.3903,=28.4007,=22.2173
2020-03-06,=16976.3100,=20447.5700,=4275819332912.6001,=3828657778438,=1786545158677.3201,=33.0242,=0.6987,=36.3903,=28.3958,=22.2173
2020-03-05,=17247.0900,=20773.7100,=4337650924804.2998,=3885746843213,=1815070913163.8496,=33.5018,=0.7267,=36.3903,=28.3908,=22.2173
2020-03-04,=16530.9300,=19911.1200,=4164523388257.5010,=3731400998418,=1740519766172.7800,=32.1646,=0.6572,=36.3903,=28.3895,=22.2173
2020-03-03,=16279.9800,=19608.8500,=4104139254311.5000,=3680926775557,=1714830769380.3196,=31.6983,=0.6373,=36.3986,=28.3882,=22.2029
2020-03-02,=16095.6100,=19386.7800,=4045877379516.5000,=3622355197527,=1690562152305.4500,=31.2483,=0.6171,=36.3986,=28.3878,=22.2029
2020-02-28,=15660.1800,=18862.3100,=3939844794017.5000,=3526576037285,=1644587805641.6499,=30.4293,=0.5915,=36.3986,=28.3874,=22.2029
2020-02-27,=16282.4600,=19611.8400,=4081532364975.2012,=3654871566353,=1707638632141.8999,=31.5237,=0.6300,=36.3986,=28.3812,=22.2029
2020-02-26,=16082.2700,=19370.7100,=4028129793120.7002,=3607480030721,=1685683397067.0503,=32.2463,=0.6596,=36.3986,=28.3750,=22.2029
2020-02-25,=16201.3600,=19514.1500,=4053590839848.0991,=3623754495904,=1695574209324.8196,=32.4501,=0.6695,=36.4019,=28.3742,=22.1709
2020-02-24,=16237.8200,=19558.0700,=4068310927900.7012,=3648585956778,=1703403072706.5500,=32.5679,=0.6752,=36.4019,=28.3734,=22.1709
2020-02-21,=16398.9900,=19752.1900,=4121787506840.0020,=3701932194434,=1725136964207.4102,=32.9960,=0.6959,=36.4019,=28.3695,=22.1709
2020-02-20,=16486.4400,=19857.5300,=4139733868231.0010,=3720438638391,=1734221891747.3298,=33.1397,=0.7047,=36.4019,=28.3657,=22.1709
2020-02-19,=16165.0200,=19470.3800,=4056733495249.9009,=3641340332021,=1699935773225.5002,=32.4571,=0.6713,=36.4019,=28.3654,=22.1709
2020-02-18,=15980.0700,=19247.6200,=4009177242193.2998,=3603566039998,=1680975702177.3601,=32.0766,=0.6545,=36.4090,=28.3652,=22.1115
2020-02-17,=16055.3900,=19338.3400,=4032225345691.8999,=3626856403646,=1690319727043.5205,=32.2610,=0.6614,=36.4090,=28.3621,=22.1115
2020-02-14,=15822.6000,=19057.9500,=3986956234910.8989,=3587731196117,=1668726488107.4502,=31.8988,=0.6457,=36.4090,=28.3591,=22.1115
2020-02-13,=15682.9500,=18889.7400,=3963607190696.6001,=3576362627689,=1658782913974.7698,=31.7120,=0.6394,=36.4090,=28.3541,=22.1115
2020-02-12,=15777.1600,=19003.2100,=3986603582616.6001,=3596846288706,=1668534894943.9802,=31.8960,=0.6455,=36.4090,=28.3491,=22.1115
2020-02-11,=15714.0100,=18927.1500,=3977690812187.5000,=3588435891485,=1663324143225.9600,=31.8247,=0.6414,=36.4139,=28.3470,=22.0967
2020-02-10,=15573.7900,=18758.2600,=3919157257905.4990,=3529160292168,=1641037120120.7097,=31.3563,=0.6223,=36.4139,=28.3450,=22.0967
2020-02-07,=15381.3300,=18526.4500,=3889425293555,=3511638451473,=1627643608746.2498,=31.1185,=0.6144,=36.4139,=28.3422,=22.0967
2020-02-06,=15254.3000,=18373.4400,=3856420576628.1001,=3484819298145,=1616464685086.9702,=30.8544,=0.6064,=36.4139,=28.3395,=22.0967
2020-02-05,=14845.2900,=17880.8000,=3759638285521.0010,=3405848755575,=1576852334757.8799,=30.0801,=0.5857,=36.4139,=28.3388,=22.0967
2020-02-04,=14610.4000,=17597.8800,=3703773815412.2998,=3354346662381,=1552911298413.7202,=29.6331,=0.5677,=36.4287,=28.3380,=22.0264
2020-02-03,=14228.6800,=17138.1000,=3609120704170.1011,=3270918844648,=1510728990965.5798,=28.8758,=0.5329,=36.4287,=28.3279,=22.0264
2020-01-23,=15440.8300,=18598.1100,=3881826829573.7002,=3514160198475,=1629286284462.9795,=31.0577,=0.6121,=36.4287,=28.3178,=22.0264
2020-01-22,=16101.5600,=19393.9400,=4020555848563.3999,=3635645426398,=1691914839517.2000,=32.1676,=0.6571,=36.4287,=28.3178,=22.0264
2020-01-21,=16164.8000,=19470.1200,=4033640537540.7998,=3645183987030,=1698117568427.3701,=32.2723,=0.6600,=36.4287,=28.3177,=22.0264
2020-01-20,=16526.9700,=19906.3500,=4115159861492.6001,=3719267203635,=1733667830087.7800,=32.9245,=0.6899,=36.4469,=28.3176,=21.9069
2020-01-17,=16561.8700,=19948.3800,=4131816617491.6001,=3740221472704,=1741208175687.7900,=33.0578,=0.6980,=36.4469,=28.3175,=21.9069
2020-01-16,=16685.2900,=20097.0400,=4151112995111.0991,=3756150407890,=1751178842950.0105,=33.2122,=0.7080,=36.4469,=28.3170,=21.9069
2020-01-15,=16661.3400,=20068.1900,=4151480292163.3008,=3757082708033,=1750534055840.5703,=33.2151,=0.7087,=36.4469,=28.3165,=21.9069
2020-01-14,=16636.3800,=20038.1300,=4139931427414.9009,=3744141162681,=1746907167524.1499,=33.1227,=0.7015,=36.4469,=28.3144,=21.9069
2020-01-13,=16791.4800,=20224.9400,=4188732566028.2002,=3790029122765,=1765464066910.3000,=33.5132,=0.7244,=36.4890,=28.3123,=21.8878
2020-01-10,=16542.9000,=19925.5300,=4134791133196.6992,=3738237256000,=1740061846500.3704,=33.0816,=0.7005,=36.4890,=28.3109,=21.8878
2020-01-09,=16531.5400,=19911.8500,=4114062921322.9990,=3715187354852,=1735997951071.5403,=32.9157,=0.6902,=36.4890,=28.3096,=21.8878
2020-01-08,=16359.5500,=19704.6900,=4063456311781.1982,=3668673092168,=1717083107635.8501,=32.5109,=0.6745,=36.4890,=28.3082,=21.8878
2020-01-07,=16439.0400,=19800.4400,=4079670000250.6011,=3684266103147,=1726365992714.4397,=32.6406,=0.6779,=36.4890,=28.3069,=21.8878
2020-01-06,=16069.2800,=19355.0700,=4004129693536.0991,=3620472110578,=1689952455445.2600,=32.0362,=0.6531,=36.5100,=28.3067,=21.8160
2020-01-03,=16071.9300,=19358.2500,=4008227539560.1001,=3625678992950,=1689339633234.5298,=32.0690,=0.6549,=36.5100,=28.3065,=21.8160
2020-01-02,=16205.7900,=19519.4900,=4085821633072.5991,=3701793727343,=1716372476648.7898,=32.6898,=0.6791,=36.5100,=28.3063,=21.8160
2019-12-31,=16123.0400,=19419.8100,=4120804644327.2988,=3746434922728,=1726227969182.1204,=32.9697,=0.6942,=36.5100,=28.3061,=21.8160
2019-12-30,=16010.7100,=19284.5200,=4103535125791.6001,=3735614179598,=1717873849304.6299,=32.8315,=0.6863,=36.5100,=28.3058,=21.8160
2019-12-27,=15707.5300,=18919.3500,=4022233019082.7002,=3660259224481,=1685292570110.6399,=32.1810,=0.6611,=36.5217,=28.3055,=21.8136
2019-12-26,=15472.7100,=18636.5100,=3955094066253.5015,=3600449930984,=1657353076434.4600,=31.6439,=0.6409,=36.5217,=28.3046,=21.8136
2019-12-25,=15466.5400,=18629.0800,=3951577708803.1992,=3596774134336,=1656572368208.0305,=31.6157,=0.6400,=36.5217,=28.3037,=21.8136
2019-12-24,=15574.6100,=18759.2500,=3985013260819.4990,=3626871347360,=1669765423621.1299,=31.8832,=0.6477,=36.5217,=28.2972,=21.8136
2019-12-23,=15546.0700,=18722.8400,=3981243099320.6001,=3622459561448,=1667772948909.5105,=31.8531,=0.6468,=36.5217,=28.2908,=21.8136
2019-12-20,=15696.1300,=18903.5600,=4005771545147.5010,=3640096741086,=1679332296630.0398,=32.0493,=0.6545,=36.5324,=28.2906,=21.6640
2019-12-19,=15686.1100,=18891.5000,=4014897618271.5010,=3652652135057,=1682262769880.3000,=32.1223,=0.6571,=36.5324,=28.2904,=21.6640
2019-12-18,=15787.4500,=19013.5500,=4041833981097.4009,=3679432707890,=1694260593567.4202,=32.3379,=0.6640,=36.5324,=28.2891,=21.6640
2019-12-17,=15837.1300,=19073.3700,=4052269984482.6001,=3685942919939,=1698924672509.9302,=32.4214,=0.6706,=36.5324,=28.2878,=21.6640
2019-12-16,=15621.2200,=18813.3500,=3994304721074.6001,=3632978287830,=1673939123319.8206,=31.9576,=0.6524,=36.5324,=28.2791,=21.6640
2019-12-13,=15704.6200,=18913.7900,=4120675235708.9009,=3792755014705,=1760955374526.4805,=31.6712,=0.6432,=36.6195,=28.2704,=21.6433
2019-12-12,=15499.8200,=18667.1500,=4059121025980.0010,=3733642854432,=1735304917737.4900,=31.1981,=0.6250,=36.6195,=28.2702,=21.6433
2019-12-11,=15595.9800,=18782.9500,=4097661575557.2998,=3771244171738,=1749642381479.8101,=31.4943,=0.6366,=36.6195,=28.2699,=21.6433
2019-12-10,=15742.8400,=18959.8200,=4129286566981.5000,=3799047516111,=1764280928452.7800,=31.7374,=0.6447,=36.6195,=28.2687,=21.6433
2019-12-09,=15847.3600,=19085.7000,=4144168145653.3999,=3807295504632,=1773293934025.1206,=31.8518,=0.6474,=36.6195,=28.2674,=21.6433
2019-12-06,=15946.7400,=19205.3900,=4183097177273.2002,=3841684875439,=1785747213973.1697,=32.1510,=0.6590,=36.6218,=28.2566,=21.6219
2019-12-05,=15720.1100,=18932.4500,=4101158752709.5000,=3764031650439,=1755098280238.0002,=31.5212,=0.6392,=36.6218,=28.2458,=21.6219
2019-12-04,=15701.7000,=18910.2700,=4086829692955.2012,=3749809858696,=1750860025148.4702,=31.4111,=0.6331,=36.6218,=28.2424,=21.6219
2019-12-03,=15699.3800,=18907.4900,=4082208380660.5000,=3740303082278,=1749576261275.7000,=31.3756,=0.6314,=36.6218,=28.2390,=21.6219
2019-12-02,=15725.6600,=18939.1300,=4101733009639.7012,=3760284343514,=1756355232864.5898,=31.5256,=0.6392,=36.6218,=28.2345,=21.6219
2019-11-29,=15624.7900,=18817.6500,=4080782394300.2988,=3743232814293,=1745485996357.8494,=31.3646,=0.6307,=36.6223,=28.2299,=21.5808
2019-11-28,=15945.9200,=19204.4000,=4186536693171.6001,=3843331577903,=1786906184513.0701,=32.1774,=0.6590,=36.6223,=28.2285,=21.5808
2019-11-27,=16009.8200,=19281.3600,=4209948364242.5000,=3867105367597,=1796472497772.8301,=32.3574,=0.6656,=36.6223,=28.2272,=21.5808
2019-11-26,=16030.4600,=19306.2200,=4217053593827.7002,=3869856178618,=1796905988471.6692,=32.4120,=0.6682,=36.6223,=28.2233,=21.5808
2019-11-25,=15880.4400,=19125.5400,=4182158909682.0986,=3841026782416,=1782581672681.1299,=32.1438,=0.6586,=36.6223,=28.2194,=21.5808
2019-11-22,=15957.0800,=19217.8500,=4208663250679.5000,=3865102376403,=1792888372002.5903,=32.3475,=0.6648,=36.6356,=28.2175,=21.5652
2019-11-21,=16297.2000,=19627.4600,=4311115762132.7002,=3962562807593,=1833912736342.3999,=33.1349,=0.6987,=36.6356,=28.2156,=21.5652
2019-11-20,=16345.0100,=19685.0400,=4322046559989.7012,=3977031480764,=1838926475691.4900,=33.2189,=0.7061,=36.6356,=28.2150,=21.5652
2019-11-19,=16397.2400,=19747.9400,=4327540267101.4009,=3979585841897,=1842767615765.4297,=33.2612,=0.7076,=36.6356,=28.2143,=21.5652
2019-11-18,=16243.8900,=19563.2600,=4293914100834.1982,=3949235114546,=1827268012907.9199,=33.0027,=0.6928,=36.6356,=28.2141,=21.5652
2019-11-15,=16180.3300,=19486.7200,=4276993781361.9990,=3936180370768,=1820884371903.6499,=32.8727,=0.6864,=36.6798,=28.2139,=21.5222
2019-11-14,=16382.3600,=19730.0200,=4321768647549.2998,=3973380434615,=1841332585949.2695,=33.2168,=0.7057,=36.6798,=28.2112,=21.5222
2019-11-13,=16370.6000,=19715.8600,=4313586843754.8008,=3962535097603,=1838291793010.9795,=33.1539,=0.7008,=36.6798,=28.2085,=21.5222
2019-11-12,=16299.0500,=19629.7000,=4281576619853.6001,=3929559620216,=1826392516208.3896,=32.9079,=0.6880,=36.6798,=28.2084,=21.5222
2019-11-11,=16231.8400,=19548.7500,=4265633353204.7998,=3916337539129,=1819823816865.6899,=32.7854,=0.6827,=36.6798,=28.2082,=21.5222
2019-11-08,=16435.6100,=19794.1600,=4311377128695.2002,=3956784839412,=1840556007344.7395,=33.1369,=0.6996,=36.7298,=28.2058,=21.5067
2019-11-07,=16495.9200,=19866.7900,=4319772094843.7988,=3965914992711,=1846889228291.1399,=33.2015,=0.7039,=36.7298,=28.2034,=21.5067
2019-11-06,=16379.3800,=19726.4400,=4291672913393.1001,=3939760745700,=1833567915671.4895,=32.9855,=0.6934,=36.7298,=28.2033,=21.5067
2019-11-05,=16617.1500,=20012.8000,=4344891879982.2998,=3984042954720,=1857493002535.9500,=33.3945,=0.7140,=36.7298,=28.2031,=21.5067
2019-11-04,=16481.6200,=19849.5700,=4316943095658.9990,=3965840548401,=1846198395842.1296,=33.1797,=0.7027,=36.7298,=28.1991,=21.5067
2019-11-01,=16389.9000,=19739.1100,=4283614695226.0010,=3933164579963,=1834353745536.9800,=32.9236,=0.6903,=36.7599,=28.1950,=21.4986
2019-10-31,=16323.0300,=19658.5700,=4267342753731.0010,=3914602985106,=1827019259263.3701,=32.7985,=0.6866,=36.7599,=28.1869,=21.4986
2019-10-30,=16297.0300,=19627.2600,=4275171487850.3018,=3917350434097,=1826328620682.5200,=33.4444,=0.7155,=36.7599,=28.1787,=21.4986
2019-10-29,=16384.7900,=19732.9500,=4293824355687.9990,=3936227248413,=1832267479838.9900,=33.5412,=0.7202,=36.7599,=28.1767,=21.4986
2019-10-28,=16161.7000,=19464.2700,=4234301664559.3989,=3887260606272,=1820736818394.7000,=33.1670,=0.7022,=36.7599,=28.1748,=21.4986
2019-10-25,=16010.8500,=19282.6000,=4194096611070.5010,=3848552883001,=1805291526387.8303,=32.9551,=0.6929,=36.7966,=28.1727,=21.4832
2019-10-24,=15605.1300,=18793.9700,=4090214004213.2998,=3757844897802,=1761813532820.3999,=32.1417,=0.6640,=36.7966,=28.1706,=21.4832
2019-10-23,=15752.9800,=18972.0400,=4131002509432.2998,=3799214447737,=1776777610963.5896,=32.4992,=0.6770,=36.7966,=28.1703,=21.4832
2019-10-22,=15893.2600,=19140.9800,=4170081786767.2002,=3835832464396,=1793042956838.4700,=33.4638,=0.7165,=36.7966,=28.1699,=21.4832
2019-10-21,=15810.4900,=19041.2900,=4149354227349.7002,=3818846739013,=1784645608825.4104,=33.2974,=0.7087,=36.7966,=28.1682,=21.4832
2019-10-18,=15673.7600,=18876.6300,=4129397882807.3999,=3803097161122,=1772247043751.7698,=33.2931,=0.7082,=36.8073,=28.1665,=21.4225
2019-10-17,=15804.6300,=19034.2400,=4162480916648.6001,=3839324978110,=1786421308660.7195,=33.5598,=0.7197,=36.8073,=28.1646,=21.4225
2019-10-16,=15783.1800,=19008.4000,=4147659739060.2988,=3827137543508,=1781566647931.8003,=33.4403,=0.7156,=36.8073,=28.1627,=21.4225
2019-10-15,=16058.4700,=19339.9500,=4234425853879.7998,=3909874267867,=1817509165964.3999,=34.5675,=0.7591,=36.8073,=28.1622,=21.4225
2019-10-14,=15939.0600,=19196.1300,=4183806044981.7988,=3848284796721,=1798816638140.3103,=34.1543,=0.7454,=36.8073,=28.1616,=21.4225
2019-10-11,=15907.6500,=19158.3200,=4171392844910.7012,=3838678275756,=1794917047147.0300,=34.3654,=0.7533,=36.8168,=28.1598,=21.4170
2019-10-10,=15892.3400,=19126.6100,=4150786289047.7002,=3817176100309,=1788932888660.4895,=34.1957,=0.7472,=36.8168,=28.1580,=21.4170
2019-10-09,=15721.2800,=18920.7300,=4109299317042.7998,=3785256998911,=1770189501192.4102,=33.8539,=0.7363,=36.8168,=28.1566,=21.4170
2019-10-08,=15813.8800,=19032.1700,=4140393234504.2002,=3815809030712,=1783738589588.7100,=34.1100,=0.7458,=36.8168,=28.1553,=21.4170
2019-09-30,=15584.1800,=18755.7300,=4081850113966.0991,=3762618895485,=1758041650095.9600,=33.6277,=0.7272,=36.8168,=28.1539,=21.4170
2019-09-27,=15675.1800,=18865.2400,=4120377149657.3999,=3804640989249,=1771826161432.8799,=33.9451,=0.7404,=36.8288,=28.1525,=21.4165
2019-09-26,=15534.4400,=18695.8600,=4089376660345.5000,=3782021401302,=1756140968055.6599,=33.6897,=0.7306,=36.8288,=28.1499,=21.4165
2019-09-25,=15885.5900,=19118.4800,=4169823712344.7988,=3847957999275,=1791846821557.8196,=34.3525,=0.7526,=36.8288,=28.1474,=21.4165
2019-09-24,=15963.3800,=19212.1000,=4189980303854.6001,=3926715743330,=1801414338323.2200,=34.5185,=0.7561,=36.8288,=28.1440,=21.4165
2019-09-23,=15881.3600,=19113.3900,=4139979239843.6001,=3873156781442,=1785516578856.0100,=34.1066,=0.7456,=36.8288,=28.1406,=21.4165
2019-09-20,=16114.9400,=19394.5000,=4195275020400.2998,=3922428390251,=1809479977155.4500,=34.5622,=0.7571,=36.8409,=28.1353,=21.4124
2019-09-19,=16007.7100,=19265.4500,=4162755018163.5010,=3891199887902,=1796516532563.4202,=34.2943,=0.7506,=36.8409,=28.1299,=21.4124
2019-09-18,=16014.1100,=19273.1500,=4167054761670.7998,=3899118932062,=1798173589224.3501,=34.3297,=0.7517,=36.8409,=28.1282,=21.4124
2019-09-17,=15685.1200,=18877.2100,=4050397463574.6001,=3783982765726,=1753490254420.7500,=33.3686,=0.7166,=36.8409,=28.1264,=21.4124
2019-09-16,=15787.0700,=18999.9100,=4075466604236.7012,=3807516572348,=1764659829636.3098,=33.5751,=0.7257,=36.8409,=28.1237,=21.4124
2019-09-12,=15821.2500,=19041.0400,=4078956461143.7002,=3811549095262,=1767927502770.0603,=33.6039,=0.7272,=36.8701,=28.1210,=21.4120
2019-09-11,=15643.8300,=18827.5200,=4017301289495.1992,=3751415042730,=1744051666834.4397,=33.0960,=0.7058,=36.8701,=28.1083,=21.4120
2019-09-10,=16187.4100,=19481.7300,=4174269757245.0991,=3900198587990,=1808263263533.2800,=34.3891,=0.7536,=36.8701,=28.0957,=21.4120
2019-09-09,=16186.5600,=19480.7000,=4187108784790.7998,=3913845190727,=1811110635108.9995,=34.4949,=0.7555,=36.8701,=28.0791,=21.4120
2019-09-06,=16237.8000,=19542.3600,=4203552547963.2012,=3925944398812,=1818093402749.5000,=34.6304,=0.7579,=36.8701,=28.0624,=21.4120
2019-09-05,=16379.7900,=19713.2500,=4233524181568,=3946722599172,=1832842382460.4099,=34.8773,=0.7618,=37.0920,=28.0500,=21.3842
2019-09-04,=16254.0400,=19561.9200,=4195627557842.7988,=3911657787167,=1816714954944.5496,=34.5651,=0.7577,=37.0920,=28.0375,=21.3842
2019-09-03,=16400.0700,=19737.6700,=4241233543674.7012,=3955711250688,=1833621140400.4399,=34.9408,=0.7624,=37.0920,=28.0299,=21.3842
2019-09-02,=16432.6100,=19776.8300,=4241365810264.7998,=3962964696487,=1836221702100.7893,=34.9419,=0.7627,=37.0920,=28.0224,=21.3842
2019-08-30,=16429.1300,=19772.6400,=4242058988904.8989,=3963556510128,=1836998720345.9790,=35.3033,=0.7691,=37.0920,=28.0158,=21.3842
2019-08-29,=16222.6800,=19524.1600,=4166135014402.6001,=3887628440009,=1810029698008.2097,=34.7059,=0.7605,=37.0984,=28.0091,=21.3647
2019-08-28,=16145.5600,=19431.3600,=4137188288671.5000,=3857715381616,=1799835772772.3098,=34.5761,=0.7592,=37.0984,=28.0059,=21.3647
2019-08-27,=15927.5800,=19169.0200,=4104634867093.4990,=3832609374176,=1781175945154.4812,=34.3162,=0.7543,=37.0984,=28.0027,=21.3647
2019-08-26,=15566.2300,=18734.1300,=4026592005310.0991,=3765022642667,=1745809445531.7966,=33.8677,=0.7424,=37.0984,=27.9984,=21.3647
2019-08-23,=15776.7600,=18987.5000,=4087325928876.1992,=3824211568549,=1765830188582.2610,=34.3764,=0.7557,=37.0984,=27.9941,=21.3647
2019-08-22,=15718.9500,=18917.9300,=4055151504500.7002,=3789487044471,=1753894954388.0586,=34.1079,=0.7499,=37.1073,=27.9933,=21.3589
2019-08-21,=15460.1700,=18592.9900,=3972195990726.7988,=3709366084690,=1719260432576.3811,=33.5638,=0.7287,=37.1073,=27.9925,=21.3589
2019-08-20,=15570.3100,=18723.1200,=3995237435297.4009,=3732175969792,=1718294441859.8254,=34.4378,=0.7562,=37.1073,=27.9924,=21.3589
2019-08-19,=15489.7800,=18626.2900,=3964617789941.1011,=3701972894774,=1707371155475.2434,=34.1738,=0.7508,=37.1073,=27.9923,=21.3589
2019-08-16,=15429.7200,=18554.0600,=3952839295832.7998,=3688542408049,=1702143056520.4241,=34.0723,=0.7499,=37.1073,=27.9781,=21.3589
2019-08-15,=15227.2800,=18310.6300,=3899822062081.1992,=3639319594312,=1680388208785.1919,=33.6282,=0.7344,=37.1280,=27.9640,=21.3485
2019-08-14,=15245.4500,=18332.4700,=3904010500615.9009,=3642853719062,=1681558516621.1191,=33.8361,=0.7424,=37.1280,=27.9586,=21.3485
2019-08-13,=15071.7800,=18123.6400,=3848569163632.5000,=3587581225087,=1659451354569.2429,=33.3556,=0.7220,=37.1280,=27.9531,=21.3485
2019-08-12,=15154.2600,=18222.8300,=3863434988443.5010,=3598746033694,=1667301592679.5710,=33.4845,=0.7275,=37.1280,=27.9519,=21.3485
2019-08-09,=14809.3200,=17808.0300,=3754821108405.4990,=3492744482242,=1620871291704.3245,=32.7931,=0.6998,=37.1280,=27.9507,=21.3485
2019-08-08,=15104.6000,=18163.1100,=3817574805731.3999,=3535754117266,=1650880788950.9573,=33.3412,=0.7216,=37.3611,=27.9493,=21.2776
2019-08-07,=14905.1900,=17923.3200,=3752063117990.3999,=3473491188599,=1625208046033.3909,=32.7803,=0.6987,=37.3611,=27.9480,=21.2776
2019-08-06,=14996.0800,=18032.6100,=3770448120047.8999,=3489192235776,=1633521854454.1191,=32.9409,=0.7047,=37.3611,=27.9406,=21.2776
2019-08-05,=15117.3000,=18178.3800,=3775199800915.1011,=3490221705960,=1643847433407.4631,=32.9824,=0.7070,=37.3611,=27.9332,=21.2776
2019-08-02,=15289.5600,=18385.5100,=3825632880218.5010,=3537468307292,=1662635525316.7329,=33.4230,=0.7252,=37.3611,=27.9259,=21.2776
2019-08-01,=15362.9900,=18473.8200,=3844189903582.5010,=3554809143341,=1670254758984.7148,=33.5851,=0.7308,=37.4039,=27.9187,=21.2710
2019-07-31,=15432.1000,=18554.2100,=3876711263984.9009,=3588099268387,=1679512889118.6042,=33.8693,=0.7430,=37.4039,=27.9117,=21.2710
2019-07-30,=15621.2000,=18781.5700,=3918050535674.2021,=3626885809392,=1697724081510.2510,=34.2462,=0.7510,=37.4039,=27.9047,=21.2710
2019-07-29,=15650.8600,=18817.2300,=3920286283035.7998,=3629750780417,=1699787385251.7698,=34.2812,=0.7526,=37.4039,=27.9025,=21.2710
2019-07-26,=15460.8800,=18588.8200,=3872032639325,=3588141355988,=1679353038548.1443,=33.8593,=0.7435,=37.4039,=27.9003,=21.2710
2019-07-25,=15518.5100,=18658.1100,=3879791228207.5000,=3593827454943,=1684489982025.0183,=33.9271,=0.7454,=37.4211,=27.8966,=21.2699
2019-07-24,=15363.7600,=18472.0400,=3834887267310.7998,=3551699937455,=1665850099093.2498,=33.5345,=0.7310,=37.4211,=27.8928,=21.2699
2019-07-23,=15352.8900,=18457.4600,=3841303675934.5000,=3558734431384,=1666793813983.8604,=33.5906,=0.7325,=37.4211,=27.8879,=21.2699
2019-07-22,=15458.8000,=18584.7800,=3865861830894,=3584053770899,=1677793323102.7839,=33.8078,=0.7422,=37.4211,=27.8831,=21.2699
2019-07-19,=15554.0900,=18699.3400,=3882954921937.0986,=3596360240509,=1686548325488.1709,=33.9573,=0.7462,=37.4211,=27.8815,=21.2699
2019-07-18,=15402.1400,=18516.6600,=3845629916133.6001,=3562701511444,=1670002606176.6650,=33.6309,=0.7359,=37.4502,=27.8800,=21.2607
2019-07-17,=15609.5200,=18765.9800,=3899115947345,=3613424356203,=1693038530393.8450,=34.5434,=0.7558,=37.4502,=27.8724,=21.2607
2019-07-16,=15608.4300,=18764.6600,=3901516700068.2998,=3617924330033,=1694118221346.1328,=34.5646,=0.7561,=37.4502,=27.8648,=21.2607
2019-07-15,=15816.8800,=19015.2700,=3946553978693.7998,=3661151756438,=1715521387835.1958,=34.9636,=0.7601,=37.4502,=27.8474,=21.2607
2019-07-12,=15763.0600,=18948.0300,=3947153587234.1001,=3667135658540,=1712717798839.3562,=34.9690,=0.7605,=37.4502,=27.8299,=21.2607
2019-07-11,=15646.6100,=18808,=3916385737631.4990,=3640334502490,=1700660194399.5283,=34.6964,=0.7579,=37.4681,=27.8269,=21.2137
2019-07-10,=15693.7500,=18864.6600,=3932938238197.3999,=3655260269343,=1705007722937.3145,=34.8430,=0.7599,=37.4681,=27.8239,=21.2137
2019-07-09,=15677.1200,=18844.6600,=3923235274063.3999,=3644353910258,=1701407465864.5542,=34.7571,=0.7585,=37.4681,=27.8233,=21.2137
2019-07-08,=15647.5800,=18809.1600,=3926477120252.1992,=3649997402769,=1700573018183.8909,=34.7858,=0.7588,=37.4681,=27.8228,=21.2137
2019-07-05,=15842.5500,=19042.5500,=3980585473126.2998,=3703484484366,=1722147275789.1975,=35.2651,=0.7641,=37.4681,=27.8208,=21.2137
2019-07-04,=15428.1000,=18544.3900,=3880601689959.2002,=3610509978363,=1678600369323.8762,=34.3794,=0.7566,=37.5089,=27.8189,=21.2109
2019-07-03,=15658.5600,=18817.6000,=3939909010032.6011,=3663538332945,=1701761414279.8979,=34.9048,=0.7602,=37.5089,=27.8175,=21.2109
2019-07-02,=16054.1800,=19293.0400,=4042262116419.8999,=3759541118455,=1748077748133.1509,=35.8116,=0.7716,=37.5089,=27.8161,=21.2109
2019-07-01,=15982.8900,=19207.3600,=4032786243886.6992,=3753220660519,=1743647469297.8076,=35.7276,=0.7699,=37.5089,=27.8158,=21.2109
2019-06-28,=15349.5700,=18446.2800,=3864722702964.5000,=3595400456749,=1673272005206.3416,=34.2387,=0.7545,=37.5089,=27.8155,=21.2109
2019-06-27,=15361.7600,=18418,=3876132173228.1011,=3606835222406,=1677513111505.9724,=34.3398,=0.7569,=37.5282,=27.8121,=21.2078
2019-06-26,=15124.3800,=18107.7500,=3813318727667.4990,=3545731021416,=1651144476694.5566,=33.7833,=0.7444,=37.5282,=27.8087,=21.2078
2019-06-25,=15162.1500,=18152.9600,=3825022569146.4990,=3557245371454,=1655558432922.5244,=33.8870,=0.7489,=37.5282,=27.7897,=21.2078
2019-06-24,=15265.3800,=18276.5600,=3848091602942.2002,=3575583445328,=1666367482423.6785,=34.0913,=0.7533,=37.5282,=27.7707,=21.2078
2019-06-21,=15130.5400,=18110.1400,=3811090393748.0991,=3539779127188,=1651593369818.0029,=33.7635,=0.7449,=37.5282,=27.7646,=21.2078
2019-06-20,=15207.0800,=18198.9700,=3823164209261.7002,=3548890530694,=1658631522140.1150,=33.8705,=0.7490,=37.5383,=27.7584,=21.2070
2019-06-19,=14772.7500,=17679.1800,=3701524381123.2998,=3430704168948,=1607919332228.6621,=32.7929,=0.7092,=37.5383,=27.7582,=21.2070
2019-06-18,=14681.7900,=17570.3200,=3670245855826.0010,=3400741848566,=1596129954476.0530,=32.5158,=0.7012,=37.5383,=27.7579,=21.2070
2019-06-17,=14542.4000,=17401.5600,=3639742426689.2002,=3374751866697,=1581553303301.2607,=32.2455,=0.6900,=37.5383,=27.7550,=21.2070
2019-06-14,=14691.8800,=17580.4200,=3469502672502.4995,=3242282766230,=1449598897413.1665,=32.5709,=0.7018,=37.5383,=27.7521,=21.2070
2019-06-13,=14801.3000,=17711.3600,=3488661939216.3003,=3259173688845,=1457310400614.1201,=32.7508,=0.7075,=37.5461,=27.7482,=21.1989
2019-06-12,=14853.8300,=17774.2100,=3493683207111.3003,=3263855619801,=1460310869420.6218,=32.7979,=0.7094,=37.5461,=27.7444,=21.1989
2019-06-11,=15048.4100,=18007.0500,=3529278431282.8003,=3297011025949,=1476861162140.8611,=33.1321,=0.7217,=37.5461,=27.7384,=21.1989
2019-06-10,=14298.8400,=17110.1100,=3363654715102.2002,=3142725947420,=1405440281757.3191,=31.5772,=0.6723,=37.5461,=27.7324,=21.1989
2019-06-06,=14042.7300,=16803.6400,=3307630399870.1001,=3089085162986,=1381923228982.7583,=31.0513,=0.6515,=37.5461,=27.7312,=21.1989
2019-06-05,=14290.0600,=17051.1500,=3363298618813,=3139050824657,=1405084906200.0049,=31.5739,=0.6721,=37.6185,=27.7301,=21.1984
2019-06-04,=14337.4000,=17107.6400,=3375398391317.6001,=3147942505990,=1410054668436.6765,=31.6875,=0.6748,=37.6185,=27.7220,=21.1984
2019-06-03,=14584.6900,=17400.3400,=3438018615581.7998,=3206652355029,=1434520380240.9558,=32.2753,=0.6913,=37.6185,=27.7140,=21.1984
2019-05-31,=14572.8300,=17386.1900,=3435310343523.9004,=3202985268513,=1432244116544.1560,=32.2499,=0.6912,=37.6185,=27.7133,=21.1984
2019-05-30,=14657.4500,=17486.3100,=3459939148639.1001,=3228757271041,=1442418234979.7734,=32.4811,=0.6998,=37.6185,=27.7126,=21.1984
2019-05-29,=14641.8000,=17467.6400,=3461192697688.2002,=3231592211726,=1442234866860.5876,=32.4929,=0.7009,=37.6191,=27.7112,=21.1817
2019-05-28,=14611.5600,=17431.5700,=3438328431342.3013,=3205653427399,=1433860435333.0842,=32.2782,=0.6924,=37.6191,=27.7098,=21.1817
2019-05-27,=14382.3200,=17158.0800,=3384274951526.7002,=3155354863575,=1411978495863.5156,=31.7708,=0.6778,=37.6191,=27.7040,=21.1817
2019-05-24,=14206.2300,=16947.1600,=3346640313653.8003,=3123296371014,=1396539714261.2195,=31.4175,=0.6664,=37.6191,=27.6983,=21.1817
2019-05-23,=14145.2000,=16874.3500,=3320296592706.9004,=3095583143037,=1387212635933.1404,=31.1702,=0.6583,=37.6191,=27.6959,=21.1817
2019-05-22,=14559.6100,=17364.4700,=3422241916842.1001,=3188190263422,=1428447260522.4060,=32.1272,=0.6894,=37.6283,=27.6936,=21.1797
2019-05-21,=14648.9200,=17467.1000,=3445760982965.6011,=3210449692481,=1437471033598.7671,=32.3480,=0.6943,=37.6283,=27.6894,=21.1797
2019-05-20,=14490.4100,=17275.8400,=3409009685877.7988,=3176702075371,=1421750631624.5903,=32.0030,=0.6846,=37.6283,=27.6852,=21.1797
2019-05-17,=14858.4600,=17714.6300,=3497519619261.5996,=3256695604248,=1458586091238.4575,=32.8339,=0.7082,=37.6283,=27.6823,=21.1797
2019-05-16,=15215.5700,=18140.3900,=3580209413235.8999,=3333854817104,=1493910492588.7808,=33.6102,=0.7385,=37.6283,=27.6794,=21.1797
2019-05-15,=15105.6100,=18009.2900,=3555102480985.9990,=3311444350355,=1483644293930.7944,=33.3745,=0.7309,=37.6866,=27.6789,=21.1709
2019-05-14,=14410.7700,=17180.8800,=3391163633274.4009,=3156650900095,=1416528946917.7104,=31.8355,=0.6795,=37.6866,=27.6785,=21.1709
2019-05-13,=14529.3200,=17322.2200,=3417957966602.5000,=3181390525927,=1427832073650.1082,=32.0870,=0.6898,=37.6866,=27.6747,=21.1709
2019-05-10,=14485.3800,=17269.8400,=3424628189497.9004,=3185945992543,=1429160614271.1267,=32.1496,=0.6905,=37.6866,=27.6708,=21.1709
2019-05-09,=13809.1000,=16463.5500,=3261585412573.8003,=3031802468031,=1361726947940.0378,=30.6190,=0.6448,=37.6866,=27.6651,=21.1709
2019-05-08,=14180.4000,=16903.7600,=3352912368297.5000,=3118492693726,=1398045596900.0625,=31.4764,=0.6710,=37.7209,=27.6593,=21.1662
2019-05-07,=14377.6200,=17138.8500,=3397217074663.1001,=3158670501857,=1416508229475.8401,=31.8923,=0.6821,=37.7209,=27.6576,=21.1662
2019-05-06,=14049.2700,=16736.6000,=3342404479295.3989,=3110399557831,=1393863237117.3442,=31.3777,=0.6678,=37.7209,=27.6560,=21.1662
2019-04-30,=14920.5400,=17774.5300,=3557193650585.8013,=3312824285146,=1482028430091.0310,=33.3941,=0.7308,=37.7209,=27.6557,=21.1662
2019-04-29,=14763.2300,=17587.1200,=3526316807749.4004,=3285361104813,=1462477182709.5627,=33.3014,=0.7278,=37.7209,=27.6554,=21.1662
2019-04-26,=14607.8700,=17402.0500,=3478660385619.8003,=3234393773143,=1442167165177.9214,=33.3563,=0.7289,=37.7504,=27.6536,=21.1458
2019-04-25,=14667.3400,=17466.1300,=3499528853259.3999,=3250861745778,=1450478474509.6172,=32.8481,=0.7096,=37.7504,=27.6517,=21.1458
2019-04-24,=14871.4300,=17708.3100,=3546524810671.8999,=3296319215522,=1471354684438.0996,=34.0694,=0.7493,=37.7504,=27.6492,=21.1458
2019-04-23,=14847.8200,=17680.2100,=3547364231256.6992,=3299474631126,=1468027071534.8501,=33.9674,=0.7479,=37.7504,=27.6466,=21.1458
2019-04-22,=14725.5200,=17534.5800,=3499554631709.8003,=3250765921851,=1451546071248.1101,=33.5096,=0.7344,=37.7504,=27.6455,=21.1458
2019-04-19,=14769.7100,=17576.5500,=3512897475444,=3264736233811,=1455776418493.9099,=33.6515,=0.7389,=37.7965,=27.6444,=21.0853
2019-04-18,=14738.1400,=17538.9900,=3504058394487.5005,=3255123425892,=1451209438545.2500,=33.5668,=0.7358,=37.7965,=27.6439,=21.0853
2019-04-17,=14714.5000,=17510.8600,=3503299364618,=3256913532072,=1450757666028.7898,=33.5742,=0.7361,=37.7965,=27.6434,=21.0853
2019-04-16,=14577.2300,=17347.5000,=3466156980516.8003,=3223569434317,=1436234963167.6799,=33.2183,=0.7272,=37.7965,=27.6392,=21.0853
2019-04-15,=14319.3500,=17040.6200,=3395323560866.9004,=3152535890054,=1406365080220.0305,=32.5719,=0.7044,=37.7965,=27.6349,=21.0853
2019-04-12,=14428.5200,=17170.5300,=3423698819529.1011,=3177968757514,=1411474336372.3401,=32.6740,=0.7064,=37.8341,=27.6348,=21.0829
2019-04-11,=14425.5600,=17167.0100,=3428865556721.8008,=3186714875261,=1414647825245.8298,=32.7233,=0.7088,=37.8341,=27.6346,=21.0829
2019-04-10,=14977.5700,=17823.9200,=3547167040760,=3299265638326,=1464527370221.3501,=33.8523,=0.7444,=37.8341,=27.6338,=21.0829
2019-04-09,=14781.6900,=17590.8100,=3477308606728.9009,=3231039750396,=1436482701823.4404,=33.1856,=0.7249,=37.8341,=27.6330,=21.0829
2019-04-08,=14444,=17188.9500,=3426064393162.0005,=3179821280172,=1408627454032.6897,=32.6965,=0.7084,=37.8341,=27.6275,=21.0829
2019-04-04,=14417.3500,=17102.7300,=3390360023391.8003,=3141658875249,=1397697007593.7605,=32.3558,=0.6994,=37.8679,=27.6221,=21.0730
2019-04-03,=14130,=16761.8500,=3317516974388.8999,=3073545340921,=1369020091562.3298,=31.6296,=0.6820,=37.8679,=27.6183,=21.0730
2019-04-02,=14129.3600,=16755.1100,=3320825340466.0996,=3078049460278,=1370438054264.6599,=31.6611,=0.6827,=37.8679,=27.6145,=21.0730
2019-04-01,=14287.0500,=16942.1000,=3359655967215.8999,=3113354096363,=1385734750766.2004,=32.0313,=0.6919,=37.8679,=27.6145,=21.0730
2019-03-29,=13997.4000,=16598.6200,=3300609541912.1992,=3065139468752,=1361117917831.7302,=31.4823,=0.6782,=37.8679,=27.6144,=21.0730
2019-03-28,=13391.5100,=15880.1300,=3145586435389.8003,=2921120185607,=1299934285423.8604,=30.9798,=0.6620,=37.8741,=27.6112,=21.0660
2019-03-27,=13225.6000,=15683.3900,=3097969660069.3999,=2877929284187,=1281470719221.2500,=30.8698,=0.6585,=37.8741,=27.6079,=21.0660
2019-03-26,=12915.4100,=15315.5600,=3024250790018.5000,=2808635405156,=1247679690322.3799,=30.1646,=0.6389,=37.8741,=27.6056,=21.0660
2019-03-25,=12865.0400,=15255.8300,=3011730224262.5996,=2797580603382,=1243831727748.5496,=30.1767,=0.6392,=37.8741,=27.6032,=21.0660
2019-03-22,=13201.2800,=15654.5500,=3089282659198.1001,=2870489544837,=1275820461565.3601,=30.9374,=0.6602,=37.8741,=27.6018,=21.0660
2019-03-21,=13116.2400,=15553.7100,=3070918695758.7988,=2851419893343,=1266572940811.2202,=30.7542,=0.6541,=37.8938,=27.6004,=21.0548
2019-03-20,=13188.1900,=15639.0300,=3089849903674.5005,=2869473859411,=1274417976682.6697,=30.9437,=0.6603,=37.8938,=27.6003,=21.0548
2019-03-19,=13221.5600,=15678.6000,=3096906957692.2002,=2873696226093,=1273548026278.3704,=31.0219,=0.6623,=37.8938,=27.6003,=21.0548
2019-03-18,=13375.6500,=15861.3300,=3139782758456.9004,=2914579096883,=1290675962117.0603,=31.4514,=0.6753,=37.8938,=27.5988,=21.0548
2019-03-15,=12618.8100,=14963.8500,=2973267696550.3003,=2761345800763,=1221119278026.0701,=29.8020,=0.6264,=37.8938,=27.5973,=21.0548
2019-03-14,=12395.6600,=14699.2200,=2929759889582.7012,=2723349116726,=1203563207032.2605,=29.3782,=0.6059,=37.9091,=27.5881,=21.0417
2019-03-13,=12389.6700,=14692.1200,=2907016283503.8003,=2698715193894,=1196432424958.5500,=29.1501,=0.5959,=37.9091,=27.5790,=21.0417
2019-03-12,=12553.8500,=14886.8100,=2934047891129.4995,=2718451678510,=1207184616640.2800,=29.4209,=0.6072,=37.9091,=27.5751,=21.0417
2019-03-11,=12506.8900,=14831.1200,=2933911812230.6992,=2721513344399,=1207262583374.2100,=29.4195,=0.6071,=37.9091,=27.5711,=21.0417
2019-03-08,=12130.9500,=14385.3100,=2848680789232.2998,=2641338294864,=1171724037477.5898,=28.5649,=0.5618,=37.9091,=27.5649,=21.0417
2019-03-07,=12351.2100,=14646.5100,=2897653169743.7002,=2688307724477,=1191892340017.0898,=29.0559,=0.5927,=37.9147,=27.5587,=21.0417
2019-03-06,=12630.9300,=14978.2100,=2964553395954.9004,=2751815953887,=1219551146102.8201,=29.7268,=0.6227,=37.9147,=27.5564,=21.0417
2019-03-05,=12722.0900,=15086.3100,=2987953413329.7002,=2775664970321,=1230049773449.2598,=29.9614,=0.6315,=37.9147,=27.5540,=21.0417
2019-03-04,=12678.9300,=15035.1300,=2980268392622.2002,=2771563521876,=1227391707666.9099,=29.8844,=0.6301,=37.9147,=27.5484,=21.0417
2019-03-01,=12490.3200,=14811.4700,=2944550772795.1001,=2743350470602,=1214586949134.7600,=29.5262,=0.6137,=37.9147,=27.5428,=21.0417
2019-02-28,=12100.4500,=14349.1500,=2847232094072.7002,=2650380041202,=1174276796260.7202,=28.5503,=0.5620,=37.9748,=27.5413,=21.0335
2019-02-27,=11991.7000,=14220.2000,=2819381790262.6001,=2621381779715,=1161693606613.7800,=28.3591,=0.5499,=37.9748,=27.5399,=21.0335
2019-02-26,=11946.7000,=14166.8300,=2805499115505.7002,=2603683910883,=1154831774357.1802,=28.2194,=0.5390,=37.9748,=27.5373,=21.0335
2019-02-25,=12093.9700,=14341.4700,=2844408271085.2002,=2643505560635,=1170642695787.2400,=28.6108,=0.5640,=37.9748,=27.5347,=21.0335
2019-02-22,=11721.5000,=13899.7800,=2766172446696.5996,=2568974796034,=1136355520609.9402,=27.8239,=0.5198,=37.9748,=27.5316,=21.0335
2019-02-21,=11622.8700,=13782.8200,=2743956628328.4004,=2549023720556,=1126979704441.4800,=27.6004,=0.5043,=37.9812,=27.5285,=21.0245
2019-02-20,=11633.2500,=13795.1300,=2746116732974.6011,=2552034662111,=1128136082904.9700,=27.6221,=0.5062,=37.9812,=27.5251,=21.0245
2019-02-19,=11664.9800,=13832.7500,=2760891067642,=2564763953532,=1133096490428.0200,=27.7707,=0.5171,=37.9812,=27.5217,=21.0245
2019-02-18,=11766.1800,=13952.7600,=2785909887619.7002,=2589787495628,=1143926957319.6799,=28.0224,=0.5271,=37.9812,=27.5203,=21.0245
2019-02-15,=11395.1200,=13512.7500,=2703579961517.8999,=2514142588505,=1110432355181.6899,=27.1943,=0.4837,=37.9812,=27.5188,=21.0245
2019-02-14,=11538.8900,=13683.2400,=2735844920092.3999,=2549625001998,=1125294416524.5901,=27.5188,=0.4998,=38.0149,=27.5203,=21.0138
2019-02-13,=11367.2200,=13479.6600,=2703385490593.3999,=2519664528772,=1111570480026.8701,=27.1923,=0.4837,=38.0149,=27.5217,=21.0138
2019-02-12,=11228.6800,=13315.3700,=2663297007969.7002,=2481424017520,=1095654375964.6600,=26.7891,=0.4570,=38.0149,=27.5251,=21.0138
2019-02-11,=11211.3400,=13294.8100,=2665227233132.1001,=2467899435953,=1096128149313.6000,=26.8085,=0.4584,=38.0149,=27.5285,=21.0138
2019-02-01,=10775.1000,=12777.5000,=2557953870831.1001,=2369175069827,=1052694786426.9000,=25.7295,=0.3665,=38.0149,=27.5316,=21.0138
2019-01-31,=10593.4200,=12562.0600,=2521003582332.2002,=2337690908547,=1037368736622.7600,=25.3578,=0.3409,=38.0329,=27.5347,=21.0106
2019-01-30,=10500.4800,=12451.8500,=2494915313674,=2308998580222,=1026469063256.5802,=25.0954,=0.3230,=38.0329,=27.5373,=21.0106
2019-01-29,=10655.1900,=12635.3100,=2530600845626.2002,=2341417173309,=1040946387928.4402,=25.4543,=0.3472,=38.0329,=27.5399,=21.0106
2019-01-28,=10589.8000,=12557.7700,=2509581371303.1011,=2322196674971,=1033492151726.1801,=25.2429,=0.3332,=38.0329,=27.5413,=21.0106
2019-01-25,=10544.4100,=12503.9400,=2503754945850.4009,=2316565447758,=1030916046908.1200,=25.1843,=0.3295,=38.0329,=27.5428,=21.0106
2019-01-24,=10527.0200,=12483.3200,=2494866342160.6001,=2307180282892,=1027374656681.8101,=25.0949,=0.3232,=38.0622,=27.5484,=21.0073
2019-01-23,=10451.3100,=12393.5400,=2474907473275.5005,=2288769094942,=1019427382051.5500,=24.8941,=0.3104,=38.0622,=27.5540,=21.0073
2019-01-22,=10443.7200,=12384.5400,=2476650555940.9004,=2291607548329,=1020340094137.0502,=24.9117,=0.3114,=38.0622,=27.5564,=21.0073
2019-01-21,=10595.1600,=12564.1300,=2516372731844.1001,=2328857566106,=1036826789399.7000,=25.3112,=0.3361,=38.0622,=27.5587,=21.0073
2019-01-18,=10462.5200,=12406.8400,=2489274066223.2002,=2303882506076,=1025388394201.8600,=25.0386,=0.3181,=38.0622,=27.5649,=21.0073
2019-01-17,=10228.4900,=12129.3100,=2426967109763.7002,=2246457956578,=1000388189055.5698,=24.4119,=0.2829,=38.0797,=27.5711,=21.0035
2019-01-16,=10250.9000,=12155.8900,=2433773698930.7002,=2252505876649,=1002632076079.6096,=24.4804,=0.2861,=38.0797,=27.5751,=21.0035
2019-01-15,=10281.2800,=12191.9100,=2438464103245.6001,=2256581942294,=1004525725958.0504,=24.5276,=0.2897,=38.0797,=27.5790,=21.0035
2019-01-14,=9846.9900,=11676.9200,=2327978730728.0005,=2151717833657,=960139653259.7000,=23.4162,=0.2523,=38.0797,=27.5881,=21.0035
2019-01-11,=9964.1000,=11815.7900,=2356254852335.5000,=2178763158471,=972409636670.6300,=23.7007,=0.2593,=38.0797,=27.5973,=21.0035
2019-01-10,=9819.4500,=11644.2600,=2316608647562.7002,=2140625659851,=956045845467.6000,=23.3019,=0.2499,=38.0930,=27.5988,=20.9953
2019-01-09,=9833.2900,=11660.6700,=2321334449622.5005,=2144358241532,=956341384885.8400,=23.3494,=0.2513,=38.0930,=27.6003,=20.9953
2019-01-08,=9712.1800,=11517.0600,=2288821731511.2998,=2112580012173,=943408490381.0800,=23.0224,=0.2419,=38.0930,=27.6017,=20.9953
2019-01-07,=9755.8000,=11568.7800,=2297273244467.8999,=2119883256937,=947131066974.2300,=23.1074,=0.2450,=38.0930,=27.6032,=20.9953
2019-01-04,=9651.2900,=11442.8300,=2273336340776.5996,=2099504808686,=937674506785.0900,=22.8666,=0.2395,=38.0930,=27.6056,=20.9953
2019-01-03,=9501.5300,=11265.2800,=2235191114720.2998,=2063986115221,=922438962813.6000,=22.4829,=0.2292,=38.1136,=27.6079,=20.9714
2019-01-02,=9694.0100,=11493.4800,=2279527622916.8999,=2105201133245,=940238988554.3199,=22.9289,=0.2402,=38.1136,=27.6112,=20.9714
2018-12-28,=9788.2400,=11605.2100,=2288903588969.3999,=2110676744259,=945265798189.6300,=23.0232,=0.2411,=38.1136,=27.6144,=20.9714
2018-12-27,=9612.1200,=11396.3800,=2238751521391.3003,=2060872848534,=923718607784.9100,=22.5187,=0.2321,=38.1136,=27.6145,=20.9714
2018-12-26,=9624.0900,=11410.5900,=2235309479461.7998,=2055460338469,=923464210303.7700,=22.4841,=0.2296,=38.1136,=27.6145,=20.9714
2018-12-25,=9689.5400,=11488.1800,=2252956423883.6001,=2070948985633,=930087627635.7598,=22.6616,=0.2349,=38.1266,=27.6237,=20.9488
2018-12-24,=9698.6500,=11498.9800,=2259510689032.4004,=2076768455997,=931465450547.5200,=22.7275,=0.2368,=38.1266,=27.6330,=20.9488
2018-12-21,=9586.9300,=11366.5300,=2235716081952.9004,=2040959552184,=922490561726.9200,=22.4882,=0.2299,=38.1266,=27.6338,=20.9488
2018-12-20,=9701.4800,=11502.3400,=2262248584351.7998,=2066401461847,=933523132289.7798,=22.7551,=0.2365,=38.1266,=27.6346,=20.9488
2018-12-19,=9708.9700,=11511.2200,=2267691535244.4004,=2071841254163,=934831670367.8098,=22.8098,=0.2366,=38.1266,=27.6348,=20.9488
2018-12-18,=9893.9600,=11730.5500,=2309748620143.2998,=2110184355022,=953340214445.1404,=23.2329,=0.2441,=38.1689,=27.6349,=20.9478
2018-12-17,=9955.9000,=11803.9900,=2312958663898,=2121130690478,=958418653419.6396,=23.2652,=0.2442,=38.1689,=27.6392,=20.9478
2018-12-14,=10041.5700,=11905.5600,=2217326634556.1001,=2076148002203,=938854837065.5200,=23.4275,=0.2474,=38.1689,=27.6434,=20.9478
2018-12-13,=10195.8400,=12088.4600,=2251073135183.3989,=2107188406824,=952845540646.5500,=23.7841,=0.2553,=38.1689,=27.6439,=20.9478
2018-12-12,=10015.8500,=11875.0700,=2208303413726.5000,=2066538821855,=935207686507.9496,=23.3322,=0.2459,=38.1689,=27.6444,=20.9478
2018-12-11,=9936.5800,=11781.0800,=2189013596026.6001,=2048897514133,=927573595599.4500,=23.1284,=0.2421,=38.1850,=27.6455,=20.9477
2018-12-10,=9858.1500,=11688.0800,=2171032141941.6003,=2031516722114,=919827782391.7904,=22.9384,=0.2387,=38.1850,=27.6466,=20.9477
2018-12-07,=9968.4000,=11818.8100,=2196619026827.3000,=2055978629841,=930948982909.7998,=23.2088,=0.2436,=38.1850,=27.6492,=20.9477
2018-12-06,=9972.4800,=11810.6200,=2202182613569.6997,=2062154211253,=932836569521.1000,=23.2675,=0.2437,=38.1850,=27.6517,=20.9477
2018-12-05,=10250.9100,=12140.3600,=2263366905617.8989,=2120641503364,=959326508270.7600,=23.9140,=0.2569,=38.1850,=27.6536,=20.9477
2018-12-04,=10199.8900,=12079.9400,=2244371932682,=2104462726543,=953571398408.2500,=23.7133,=0.2522,=38.2336,=27.6554,=20.9427
2018-12-03,=10181.7200,=12058.4200,=2239325493603.1011,=2100724496497,=951989012953.3500,=23.6600,=0.2510,=38.2336,=27.6557,=20.9427
2018-11-30,=9793,=11598.0500,=2139379587140.6997,=2004494544625,=912000777267.7400,=22.6040,=0.2345,=38.2336,=27.6560,=20.9427
2018-11-29,=9595.9300,=11364.6600,=2092765720256.5000,=1961089240691,=893358976179.5302,=22.1115,=0.2254,=38.2336,=27.6576,=20.9427
2018-11-28,=9623.1500,=11396.9000,=2101421983922.7996,=1970184076405,=896923408388.7599,=22.2029,=0.2260,=38.2336,=27.6593,=20.9427
2018-11-27,=9459.6600,=11203.2800,=2064796225513,=1936426013867,=881953476301.9601,=21.8160,=0.2234,=38.3375,=27.6651,=20.9330
2018-11-26,=9482.1300,=11229.8900,=2071594300387.3000,=1943171499277,=884859032568.8901,=21.8878,=0.2235,=38.3375,=27.6708,=20.9330
2018-11-23,=9530.8700,=11287.6100,=2084711449301.8003,=1956143343711,=890011941466.2101,=22.0264,=0.2241,=38.3375,=27.6747,=20.9330
2018-11-22,=9735.3600,=11529.7900,=2125315279248.6001,=1994233813573,=907860170849.1700,=22.4554,=0.2285,=38.3375,=27.6785,=20.9330
2018-11-21,=9755.5100,=11553.6500,=2128589183578.6997,=1996780423162,=909395814798.7800,=22.4900,=0.2295,=38.3375,=27.6789,=20.9330
2018-11-20,=9646.7500,=11424.8500,=2108497258794.1997,=1978228424469,=900005104673.3499,=22.2777,=0.2266,=38.3538,=27.6794,=20.9136
2018-11-19,=9850.8800,=11666.6000,=2150961832694.2996,=2017018993528,=917621711438.8400,=22.7264,=0.2345,=38.3538,=27.6823,=20.9136
2018-11-16,=9756.8800,=11555.2800,=2127394707541.3999,=1992494375763,=907730924830.7396,=22.4774,=0.2289,=38.3538,=27.6852,=20.9136
2018-11-15,=9725.7400,=11518.4000,=2123348953902.5000,=1989198414789,=905306042177.5204,=22.4346,=0.2277,=38.3538,=27.6894,=20.9136
2018-11-14,=9657.3800,=11437.4400,=2107026019339.8000,=1973632456429,=898901819211.8402,=22.2621,=0.2261,=38.3538,=27.6936,=20.9136
2018-11-13,=9823.0500,=11633.6500,=2149024749492.0996,=2013347699426,=915871745935,=22.7059,=0.2332,=38.3562,=27.6959,=20.8899
2018-11-12,=9595.9300,=11364.6600,=2098393220672.0996,=1964397118388,=893305917519.2198,=22.1709,=0.2254,=38.3562,=27.6983,=20.8899
2018-11-09,=9553.3200,=11314.1900,=2102779663385.1001,=1969710910123,=892601209335.3396,=22.2173,=0.2255,=38.3562,=27.7040,=20.8899
2018-11-08,=9609.7500,=11381.0200,=2118519589321.3999,=1984783319313,=899092035319.9801,=22.3836,=0.2265,=38.3562,=27.7098,=20.8899
2018-11-07,=9598.4400,=11367.6400,=2112487392824.5000,=1979278391658,=897126424211.9802,=22.3199,=0.2261,=38.3562,=27.7112,=20.8899
2018-11-06,=9578.5000,=11344.0100,=2108259445435.8000,=1976084967825,=895596896461.2900,=22.2752,=0.2258,=38.4163,=27.7126,=20.8879
2018-11-05,=9656.1600,=11435.9900,=2128848799431.6001,=1997456063860,=904456891221.7000,=22.4927,=0.2268,=38.4163,=27.7133,=20.8879
2018-11-02,=9850.4400,=11666.0800,=2182694896617.3999,=2050331946673,=926238524492.9095,=23.0616,=0.2339,=38.4163,=27.7140,=20.8879
2018-11-01,=9333.8200,=11054.2400,=2064574247158.1003,=1938469068796,=876304343900.9000,=21.8136,=0.2248,=38.4163,=27.7220,=20.8879
2018-10-31,=9183.7400,=10876.5000,=2027553432670.3999,=1903531684441,=861104229134.5300,=21.4225,=0.2205,=38.4163,=27.7301,=20.8879
2018-10-30,=8890.2400,=10528.9000,=1952900662700.7000,=1831420978890,=832312009087.5598,=20.6024,=0.1936,=38.4178,=27.7312,=20.8820
2018-10-29,=8947.8300,=10597.1000,=1985386479805.3000,=1864214776924,=844450579941.8700,=21.0106,=0.2052,=38.4178,=27.7324,=20.8879
2018-10-26,=9678.9800,=11463.0200,=2162290341322.3000,=2034282846291,=915950467434.1704,=23.3176,=0.2362,=38.4178,=27.7384,=20.8879
2018-10-25,=9926.0600,=11755.6400,=2213542925226.2998,=2082668303522,=937761705950,=23.7562,=0.2434,=38.4178,=27.7444,=20.8879
2018-10-24,=10111.2300,=11974.9400,=2261017683057.5000,=2128778126737,=957146147924.2700,=24.3683,=0.2612,=38.4178,=27.7482,=20.8879
2018-10-23,=10396.6300,=12312.9500,=2307683106078.3999,=2173273207383,=981036059254.4100,=24.8713,=0.2909,=38.5275,=27.7521,=20.8820
2018-10-22,=10977.1800,=13000.5000,=2451614788383.6001,=2309945775316,=1039601854700.1340,=26.3705,=0.4060,=38.5275,=27.7550,=20.8820
2018-10-19,=10484.0900,=12416.5200,=2351979019607.6001,=2216240391036,=995454276848.6228,=25.3003,=0.3168,=38.5275,=27.7579,=20.8820
2018-10-18,=10111.7100,=11975.5000,=2268971731521.0005,=2137799302252,=959698727786.3564,=24.4074,=0.2647,=38.5275,=27.7582,=20.8820
2018-10-17,=10335.5400,=12240.6000,=2321734461965.6997,=2186955522310,=982123554702.7766,=24.9750,=0.2963,=38.5275,=27.7584,=20.8820
2018-10-16,=10424.0800,=12345.4600,=2337242610369.1001,=2202135870428,=990007908926.5812,=25.1418,=0.3070,=38.5677,=27.7836,=20.8063
2018-10-15,=10477.2800,=12408.4600,=2346083602254.2998,=2209592275552,=994211109569.3004,=25.2369,=0.3125,=38.5677,=27.8087,=20.8063
2018-10-12,=10668.3700,=12634.7800,=2384230680398,=2245536374531,=1009100090504.2892,=25.6473,=0.3397,=38.5677,=27.8121,=20.8063
2018-10-11,=10391.4700,=12306.8300,=2319843394698.0996,=2183236372093,=981068377281.9856,=24.9547,=0.2950,=38.5677,=27.8155,=20.8063
2018-10-10,=10802.2700,=12793.3500,=2412006922011.4995,=2269760953534,=1019783779430.7932,=25.9461,=0.3591,=38.5677,=27.8158,=20.8063
2018-10-09,=11039.4600,=13074.2600,=2472995327159.1011,=2328510193530,=1044203737505.2880,=26.6021,=0.4232,=38.5677,=27.8161,=20.8005
2018-10-08,=10968.4500,=12990.1700,=2457626282158.4004,=2312369403819,=1035902806761.8944,=26.4368,=0.4096,=38.5677,=27.8175,=20.8005
2018-09-28,=11551.7000,=13680.9100,=2593681065400.8999,=2444045411037,=1093353629441.7303,=27.9003,=0.5031,=38.5677,=27.8189,=20.8005
2018-09-27,=11437.4700,=13545.6300,=2570966314445.5005,=2422970674779,=1082869577537.3424,=27.6560,=0.4913,=38.5677,=27.8175,=20.8005
2018-09-26,=11447.8500,=13557.9300,=2573142982194,=2424360707402,=1083970015087.6410,=27.6794,=0.4929,=38.5677,=27.8189,=20.8005
2018-09-25,=11138.2100,=13191.2200,=2495449996300,=2351941284073,=1052509946337.9399,=26.8437,=0.4428,=38.5890,=27.8208,=20.7548
2018-09-21,=11222.2200,=13290.7100,=2511962764000.8999,=2368544901740,=1059677282604.2838,=27.0213,=0.4537,=38.5890,=27.8228,=20.7548
2018-09-20,=10842.8000,=12841.3500,=2425466437040.0996,=2286323918099,=1024409851061.4884,=26.0909,=0.3773,=38.5890,=27.8264,=20.7548
2018-09-19,=10838.5500,=12836.3200,=2426938674787.7002,=2287018032090,=1024622936978.9744,=26.1067,=0.3788,=38.5890,=27.8299,=20.7548
2018-09-18,=10614.4000,=12570.8600,=2374484641229.1011,=2238572390279,=1003355997414.9700,=25.5424,=0.3326,=38.5890,=27.8474,=20.7548
2018-09-17,=10382.9800,=12296.7800,=2317367932897.3989,=2183904356731,=979600462124.7672,=24.9280,=0.2953,=38.6034,=27.8648,=20.7330
2018-09-14,=10406.3800,=12324.4900,=2320015756718.8999,=2184772009136,=980712526834.1294,=24.9565,=0.2963,=38.6034,=27.8724,=20.7330
2018-09-13,=10284.0800,=12179.6600,=2290676154241.6001,=2153886468400,=968468592281.5374,=24.6409,=0.2813,=38.6034,=27.8800,=20.7330
2018-09-12,=10236.8800,=12123.7500,=2282295459750.6001,=2144957600632,=964054057067.1752,=24.2345,=0.2599,=38.6034,=27.8815,=20.7330
2018-09-11,=10418.1000,=12338.3700,=2324755205476.3999,=2185429136532,=982410380655.6340,=24.6853,=0.2833,=38.6034,=27.8831,=20.7330
2018-09-10,=10378.3600,=12291.3100,=2317727361096.8008,=2179106999620,=978721304621.0439,=24.6107,=0.2789,=38.6311,=27.8879,=20.7330
2018-09-07,=10474.6700,=12405.3700,=2340950455218.2998,=2201016952694,=987683623937.5752,=24.8573,=0.2916,=38.6311,=27.8928,=20.7330
2018-09-06,=10373.0400,=12285,=2317203001534.0996,=2178765293157,=978108650556.0220,=24.6052,=0.2783,=38.6311,=27.8988,=20.7330
2018-09-05,=10614.5700,=12571.0600,=2368557782333.2998,=2227254675508,=1000530570089.6414,=25.1505,=0.3062,=38.6311,=27.9047,=20.7330
2018-09-04,=10810.7100,=12803.3500,=2411064301379.2002,=2267628359752,=1020347217713.3459,=25.6129,=0.3359,=38.6311,=27.9117,=20.7330
2018-09-03,=10707.6300,=12681.2700,=2385144215567.0996,=2242148441256,=1009926506611.8334,=25.3375,=0.3172,=38.6330,=27.9187,=20.7321
2018-08-31,=10730.6800,=12708.5700,=2384409382888.2998,=2241050333779,=1010295300274.2312,=25.3297,=0.3165,=38.6330,=27.9259,=20.7321
2018-08-30,=10978.8500,=13002.4800,=2435787054591.2002,=2291902926719,=1036066679762.0554,=25.7435,=0.3435,=38.6330,=27.9332,=20.7321
2018-08-29,=11073.8900,=13115.0400,=2454261626489.9004,=2310134336366,=1045015986539.9552,=26.0390,=0.3674,=38.6330,=27.9406,=20.7321
2018-08-28,=11116.3000,=13165.2700,=2456156324692.5996,=2310780586831,=1046864615280.4216,=26.0795,=0.3721,=38.6330,=27.9480,=20.7321
2018-08-27,=11191.0600,=13253.8000,=2474132377196.6001,=2328065211115,=1054377019802.2950,=26.6654,=0.4234,=38.6607,=27.9493,=20.7179
2018-08-24,=10804.3700,=12795.8400,=2384467927655.5000,=2243265332606,=1017261800273.8944,=25.7200,=0.3410,=38.6607,=27.9507,=20.7179
2018-08-23,=10923.6600,=12937.1200,=2414589867699.5000,=2272358118091,=1028949215718.5966,=26.0449,=0.3685,=38.6607,=27.9519,=20.7179
2018-08-22,=10860.1300,=12861.8800,=2400252264278,=2259474633007,=1023524688846.5248,=25.9109,=0.3548,=38.6607,=27.9531,=20.7179
2018-08-21,=10954.5100,=12973.6600,=2421745567583.4004,=2279296876878,=1031978546926.9012,=26.1725,=0.3801,=38.6607,=27.9586,=20.7179
2018-08-20,=10569.4700,=12517.6400,=2335674000158.8999,=2197470856361,=994401857027.8951,=25.1312,=0.3060,=38.6752,=27.9640,=20.7042
2018-08-17,=10473.1400,=12403.5600,=2311044841893,=2171891290788,=985514528884.7328,=24.8520,=0.2927,=38.6752,=27.9781,=20.7042
2018-08-16,=10661.0700,=12623.8500,=2354065979058.9004,=2212829930746,=1004004047279.1836,=25.3194,=0.3167,=38.6752,=27.9923,=20.7042
2018-08-15,=10903.9000,=12910.5200,=2411561006586.6997,=2265696062371,=1019825751484.5480,=25.9618,=0.3583,=38.6752,=27.9924,=20.7042
2018-08-14,=11225.4400,=13291.2300,=2479069420992,=2328711786682,=1049489600478.8394,=26.6198,=0.4184,=38.6752,=27.9925,=20.7042
2018-08-13,=11221,=13285.9800,=2475206139343.3003,=2325226143356,=1049332695371.1052,=26.5783,=0.4154,=38.6764,=27.9933,=20.6810
2018-08-10,=11342.3300,=13429.6300,=2502534547192.2998,=2350851443120,=1060412968342.8420,=26.8717,=0.4364,=38.6764,=27.9941,=20.6810
2018-08-09,=11303.9200,=13384.1500,=2499057675292.7998,=2348566229967,=1058406516033.0114,=26.8344,=0.4339,=38.6764,=27.9984,=20.6810
2018-08-08,=10984.4000,=13005.8300,=2431823506649.7002,=2285182927324,=1029316279480.9006,=26.1125,=0.3744,=38.6764,=28.0027,=20.6810
2018-08-07,=11222.4800,=13287.7300,=2484722372887.6997,=2334176069086,=1049984823802.6450,=26.6805,=0.4221,=38.6764,=28.0059,=20.6810
2018-08-06,=10930.0236,=12941.4500,=2422156998986.2002,=2274921017596,=1023076318002.3210,=26.0087,=0.3639,=38.7067,=28.0091,=20.6659
2018-08-03,=11181.1062,=13238.7400,=2482223765863.9004,=2328376528924,=1044328843816.2170,=26.6537,=0.4202,=38.7067,=28.0233,=20.6659
2018-08-02,=11421.1829,=13520.8600,=2540424753737.2002,=2383796883177,=1066837635299.2500,=27.2786,=0.4606,=38.7067,=28.0375,=20.6659
2018-08-01,=11719.3291,=13873.8200,=2605920566354.4004,=2445400374611,=1094667409951.7202,=28.7043,=0.5464,=38.7067,=28.0500,=20.6659
2018-07-31,=11951.9136,=14149.1600,=2655415212553.8999,=2492447052049,=1115742453479.4592,=29.2495,=0.5756,=38.7067,=28.0375,=20.6659
2018-07-30,=11944.2209,=14140.0600,=2649887837468.3003,=2486743972324,=1112976828952.2808,=29.2534,=0.5763,=38.7371,=28.0233,=20.6566
2018-07-27,=12155.3197,=14389.9600,=2704439867413.2998,=2539802018500,=1134652867349.6108,=29.8568,=0.6056,=38.7371,=28.0091,=20.6566
2018-07-26,=12088.8326,=14311.2500,=2688250334561.2988,=2522916123937,=1128746427525.1462,=29.6781,=0.5964,=38.7371,=28.0059,=20.6566
2018-07-25,=12240.6408,=14490.0900,=2720691430151.8999,=2554361730329,=1142818853776.4033,=30.0363,=0.6116,=38.7371,=28.0027,=20.6566
2018-07-24,=12292.8233,=14551.8600,=2730474177573.2002,=2563114295401,=1147581596500.5730,=30.1443,=0.6146,=38.7371,=27.9984,=20.6566
2018-07-23,=12000.6999,=14206.0500,=2669640942269.2998,=2505210343944,=1121891703324.3420,=29.4727,=0.5863,=38.7418,=27.9941,=20.6373
2018-07-20,=12106.1400,=14328.7600,=2698916384375.5996,=2534910367512,=1132140091958.6721,=29.7959,=0.6020,=38.7418,=27.9933,=20.6373
2018-07-19,=12054.8606,=14268.0700,=2690449929948.6001,=2527141842980,=1127997217737.0439,=29.7024,=0.5986,=38.7418,=27.9925,=20.6373
2018-07-18,=12131.2568,=14358.4900,=2700016556782.3003,=2535613725933,=1133211496674.9685,=29.8080,=0.6025,=38.7418,=27.9924,=20.6373
2018-07-17,=12239.7728,=14486.3800,=2722509649093.7998,=2557564085965,=1142783712364.0691,=30.0563,=0.6115,=38.7418,=27.9923,=20.6373
2018-07-16,=12397.0670,=14672.5500,=2758437503001.8999,=2592748322815,=1158765297610.5425,=30.4530,=0.6222,=38.7445,=27.9781,=20.6052
2018-07-13,=12405.7014,=14669.4000,=2752727469740.7002,=2587562245869,=1157240499776.5171,=30.3899,=0.6216,=38.7445,=27.9640,=20.6052
2018-07-12,=12181.0620,=14397.2900,=2704432257182.8999,=2542091880901,=1137669874716.6436,=29.8568,=0.6059,=38.7445,=27.9586,=20.6052
2018-07-11,=11885.1286,=14044.9700,=2638484622776.7998,=2479674844029,=1110219942312.4148,=29.1287,=0.5743,=38.7445,=27.9531,=20.6052
2018-07-10,=12041.8437,=14226.8800,=2670306209112,=2510765136878,=1123782354635.3608,=29.4800,=0.5891,=38.7445,=27.9519,=20.6052
2018-07-09,=12046.5597,=14232.4600,=2672067096931.5005,=2513625449056,=1124605929367.1560,=29.4995,=0.5903,=38.7452,=27.9507,=20.5878
2018-07-06,=11693.5884,=13815.4400,=2596825265211.1001,=2444113224549,=1094167175923.2688,=28.6688,=0.5468,=38.7452,=27.9493,=20.5878
2018-07-05,=11555.6476,=13615.7000,=2567863799706.7012,=2415410298800,=1079455915348.1544,=28.3491,=0.5269,=38.7452,=27.9480,=20.5878
2018-07-04,=11617.8481,=13688.9900,=2571341055886.4995,=2417146035509,=1081256425998.0088,=28.3874,=0.5290,=38.7452,=27.9406,=20.5878
2018-07-03,=11731.8063,=13822.7600,=2594704476702.8999,=2438741060873,=1090967590189.8409,=28.6454,=0.5443,=38.7452,=27.9332,=20.5878
2018-07-02,=11975.8260,=14106.8100,=2651682113250.3003,=2492013713378,=1113754235520.8799,=29.2744,=0.5807,=38.7915,=27.9259,=20.5803
2018-06-29,=12187.8235,=14356.5300,=2697719721608.8003,=2537176005339,=1135827398244.6699,=29.7827,=0.6006,=38.7915,=27.9187,=20.5803
2018-06-28,=11838.0380,=13944.5100,=2619899648560.6001,=2445496483493,=1103226543442.5901,=28.9235,=0.5629,=38.7915,=27.9117,=20.5803
2018-06-27,=12109.7295,=14264.5400,=2676812415109.5996,=2497385081792,=1126944404840.2302,=29.5518,=0.5920,=38.7915,=27.9047,=20.5803
2018-06-26,=12614.6057,=14859.2600,=2789139612910.7012,=2604358106501,=1174557057131.1499,=30.7919,=0.6285,=38.7915,=27.8988,=20.5803
2018-06-25,=12717.4772,=14980.4300,=2819868144171.8989,=2632037881674,=1184958942768.9402,=31.1312,=0.6384,=38.8002,=27.8928,=20.5549
2018-06-22,=12681.9714,=14938.6100,=2806087654215.7002,=2619368478382,=1183145638797.2004,=30.9790,=0.6346,=38.8002,=27.8879,=20.5549
2018-06-21,=12647.6022,=14875.5100,=2794864608087.3003,=2608398829354,=1177813234157.5503,=30.8551,=0.6321,=38.8002,=27.8831,=20.5549
2018-06-20,=12784.1326,=15036.0900,=2825426411563.8003,=2636672865876,=1188996341266.7195,=31.1925,=0.6411,=38.8002,=27.8815,=20.5549
2018-06-19,=12467.1979,=14663.3300,=2750507908624.5000,=2565968214237,=1157967685933.0901,=30.3654,=0.6208,=38.8002,=27.8800,=20.5549
2018-06-15,=12995.5328,=15284.7300,=2869618272215.7998,=2677373312963,=1208394632615.2800,=31.6804,=0.6555,=38.8588,=27.8724,=20.5522
2018-06-14,=13163.7657,=15396.6400,=2904944863813.7998,=2710669220867,=1224908047031.6499,=32.0704,=0.6664,=38.8588,=27.8648,=20.5522
2018-06-13,=13350.0965,=15614.5700,=2939573678368.2988,=2742942541707,=1240663380287.6201,=32.4527,=0.6759,=38.8588,=27.8474,=20.5522
2018-06-12,=13525.9587,=15817.7700,=2979392840188.3003,=2780537108740,=1256726495814.0798,=32.8923,=0.6872,=38.8588,=27.8299,=20.5522
2018-06-11,=13055.8929,=15265.6300,=2876791810342.2998,=2683555009531,=1214401421924.1499,=31.7596,=0.6581,=38.8588,=27.8264,=20.5522
2018-06-08,=13146.3073,=15371.3500,=2700705588623.8999,=2497556649984,=1171468129945.9700,=30.7482,=0.6298,=38.8844,=27.8228,=20.5405
2018-06-07,=13267.7525,=15513.3500,=2723216409539.4004,=2516619015875,=1180761496758.7700,=31.0045,=0.6361,=38.8844,=27.8208,=20.5405
2018-06-06,=13394.1921,=15656.4700,=2746781180024.3003,=2538142617073,=1191606413493.6799,=31.2728,=0.6442,=38.8844,=27.8189,=20.5405
2018-06-05,=13444.2779,=15713.5000,=2755633618904.5000,=2547237698818,=1196512808206.6399,=31.3736,=0.6468,=38.8844,=27.8175,=20.5405
2018-06-04,=13324.8572,=15573.9300,=2734199432370.1001,=2526311507250,=1186228948384.8899,=31.1296,=0.6398,=38.8844,=27.8161,=20.5405
2018-06-01,=13051.9605,=15254.9700,=2664616543011.1997,=2456394392789,=1156753657312.2900,=30.3373,=0.6234,=38.8958,=27.8158,=20.4945
2018-05-31,=13294.2028,=15538.1000,=2708766772703.4995,=2494862848749,=1176589923101.5000,=30.8400,=0.6343,=38.8958,=27.8155,=20.4945
2018-05-30,=12823.6836,=14979.3300,=2622064199039.2998,=2410983780231,=1133109760299.0300,=29.8529,=0.6083,=38.8958,=27.8121,=20.4945
2018-05-29,=12779.6282,=14927.8600,=2619053270195.1997,=2409190145579,=1130727469104.2700,=29.8186,=0.6077,=38.8958,=27.8087,=20.4945
2018-05-28,=12858.7281,=15020.2600,=2642077749814.0005,=2428806338603,=1137518556190.3203,=30.0807,=0.6153,=38.8958,=27.7836,=20.4945
2018-05-25,=12488.7225,=14588.0600,=2560516200766.1997,=2343488302701,=1104518837756.8303,=29.1521,=0.5814,=38.9344,=27.7584,=20.4940
2018-05-24,=12413.7393,=14499.5500,=2545042786933.0005,=2327334558025,=1099287565191.8101,=28.9760,=0.5729,=38.9344,=27.7582,=20.4940
2018-05-23,=12551.2153,=14660.1200,=2573415787554.5005,=2354644848761,=1111624388192.8501,=29.2990,=0.5870,=38.9344,=27.7579,=20.4940
2018-05-22,=12804.0118,=14955.4000,=2624412655400.3003,=2401892469263,=1135006423836.8098,=29.8796,=0.6086,=38.9344,=27.7550,=20.4940
2018-05-21,=12702.4649,=14836.7900,=2603849201320.3008,=2384374356939,=1126511748583.3999,=29.6455,=0.6015,=38.9344,=27.7521,=20.4940
2018-05-18,=12759.1727,=14900.8200,=2616875789573.9004,=2396189934285,=1131915616836.9402,=29.7938,=0.6064,=38.9740,=27.7482,=20.4773
2018-05-17,=12665.6784,=14791.6400,=2592859096115.7988,=2373023103899,=1121928845333.2500,=29.5204,=0.5965,=38.9740,=27.7444,=20.4773
2018-05-16,=12854.0803,=15011.6600,=2628160847597.4004,=2405865870030,=1137537031649.8701,=29.9223,=0.6084,=38.9740,=27.7384,=20.4773
2018-05-15,=12828.2160,=14980.7100,=2632288078463.2002,=2410477829557,=1137562203110.9900,=29.9693,=0.6100,=38.9740,=27.7324,=20.4773
2018-05-14,=12749.7402,=14889.0700,=2618991673819.5996,=2399332449219,=1132035437479.4099,=29.8179,=0.6075,=38.9740,=27.7312,=20.4773
2018-05-11,=12510.1809,=14609.3100,=2561795016600.7002,=2345547706288,=1107038062272.9900,=29.1253,=0.5822,=38.9867,=27.7301,=20.4713
2018-05-10,=12600.1043,=14714.3200,=2571519350646.1997,=2353770563812,=1112853755311.7805,=29.2359,=0.5858,=38.9867,=27.7220,=20.4713
2018-05-09,=12463.3468,=14554.6200,=2538569899268.3999,=2322503471630,=1099651351693.0701,=28.8613,=0.5674,=38.9867,=27.7140,=20.4713
2018-05-08,=12484.7089,=14579.5700,=2547476754908.9004,=2330967741902,=1103449198074.9502,=28.9626,=0.5747,=38.9867,=27.7133,=20.4713
2018-05-07,=12380.9884,=14458.4400,=2521269504483,=2306643562569,=1092618467974.7000,=28.6646,=0.5549,=38.9867,=27.7126,=20.4713
2018-05-04,=11899.4751,=13893.6100,=2415002565416.9004,=2209201744241,=1047680132170.2002,=27.4564,=0.4839,=39.0512,=27.7112,=20.4631
2018-05-03,=11918.4923,=13912,=2422341698957.5000,=2218718406796,=1051760198395.8800,=27.5399,=0.4874,=39.0512,=27.7126,=20.4631
2018-05-02,=11756.8303,=13723.2900,=2392137377871.5000,=2192400755126,=1039866648838.3400,=27.1965,=0.4699,=39.0512,=27.7133,=20.4631
2018-04-27,=11672.0612,=13624.3500,=2368947459064.7998,=2171636115663,=1034158767373.5000,=28.6962,=0.5588,=39.0512,=27.7140,=20.4631
2018-04-26,=11895.7301,=13864.1900,=2407534920716.4995,=2212258921316,=1055926701458.1100,=29.4241,=0.5912,=39.0512,=27.7133,=20.4631
2018-04-25,=12168.4077,=14181.9800,=2460375302784.4004,=2261221769526,=1078782668575.1100,=30.1825,=0.6144,=39.0584,=27.7126,=20.4452
2018-04-24,=12142.5164,=14151.8100,=2457716982458.9004,=2257805427439,=1075996863389.7798,=30.2186,=0.6156,=39.0584,=27.7112,=20.4452
2018-04-23,=11829.2295,=13786.6800,=2395524224705.3989,=2200395419279,=1048625274485.3101,=29.5320,=0.5963,=39.0584,=27.7098,=20.4452
2018-04-20,=11843.2228,=13802.9900,=2397930903337.1997,=2201156518301,=1047833087143.3101,=29.5712,=0.5979,=39.0584,=27.7040,=20.4452
2018-04-19,=11987.4538,=13971.0900,=2419001717220.0996,=2226762626564,=1060513309899.9900,=29.6397,=0.6006,=39.0584,=27.6983,=20.4452
2018-04-18,=11686.1925,=13619.9700,=2352165325557.7998,=2162519005056,=1031409389563.6300,=28.8208,=0.5657,=39.0792,=27.6959,=20.4360
2018-04-17,=11716.0333,=13654.7500,=2366309817638.3003,=2176949454511,=1035904391285.9800,=29.0323,=0.5796,=39.0792,=27.6936,=20.4360
2018-04-16,=11917.1661,=13889.1700,=2412382468873.5000,=2219341040287,=1054400936787.6600,=29.5976,=0.5981,=39.0792,=27.6894,=20.4360
2018-04-13,=11925.1228,=13898.4400,=2415987633262.0005,=2223748665687,=1057196876022.8900,=29.6497,=0.6003,=39.0792,=27.6852,=20.4360
2018-04-12,=12052.5349,=14046.9400,=2442307028191.0005,=2248681605973,=1068725315682.4700,=29.9727,=0.6076,=39.0792,=27.6818,=20.4360
2018-04-11,=12175.9449,=14190.7700,=2470115231827.7998,=2275153209338,=1081168115540.6400,=30.3140,=0.6177,=39.0934,=27.6785,=20.4358
2018-04-10,=12120.1004,=14125.6800,=2463645230406.8999,=2271146149352,=1076928851003.5900,=30.2863,=0.6157,=39.0934,=27.6747,=20.4358
2018-04-09,=12041.5833,=14034.1700,=2441596338697.8999,=2250168750426,=1068939700958.2600,=30.0656,=0.6113,=39.0934,=27.6708,=20.4358
2018-04-04,=12169.0788,=14182.7700,=2455843641463.8999,=2261382405539,=1078254317113.0500,=30.2410,=0.6148,=39.0934,=27.6651,=20.4358
2018-04-03,=11829.3819,=13783.1400,=2390361814725,=2199364831575,=1048663191149.9000,=29.4347,=0.5945,=39.0934,=27.6593,=20.4358
2018-04-02,=11772.1797,=13716.4900,=2384056833068,=2195009688113,=1044731110918.7500,=29.3861,=0.5938,=39.1723,=27.6573,=20.4281
2018-03-30,=11788.0056,=13734.9300,=2388220548493.4004,=2184247555255,=1047077525360.6802,=29.4962,=0.5974,=39.1723,=27.6554,=20.4281
2018-03-29,=11787.5696,=13734.4200,=2393957250670.7002,=2190167249517,=1042656866434.0200,=29.7124,=0.6033,=39.1723,=27.6536,=20.4281
2018-03-28,=11487.4801,=13384.7700,=2342050713430.5000,=2142140130917,=1019078856370.2500,=29.0682,=0.5838,=39.1723,=27.6517,=20.4281
2018-03-27,=11957.1981,=13932.0600,=2440979497525.7998,=2234593673581,=1062411300775.2700,=31.4810,=0.6434,=39.1723,=27.6492,=20.4281
2018-03-26,=11876.2741,=13837.7700,=2429992615349.8003,=2225654807043,=1054547339301.1400,=31.3357,=0.6385,=39.1840,=27.6466,=20.4261
2018-03-23,=11988.6411,=13968.7000,=2443149356404.8999,=2239669509415,=1062798575567.5100,=31.5054,=0.6440,=39.1840,=27.6455,=20.4261
2018-03-22,=12184.6134,=14197.0400,=2487418269448,=2279207387948,=1081046356026.2402,=32.0762,=0.6594,=39.1840,=27.6444,=20.4261
2018-03-21,=12463.6383,=14522.1500,=2540670377069.1011,=2329372858793,=1107002738466.2900,=32.7629,=0.6763,=39.1840,=27.6439,=20.4261
2018-03-20,=12510.3568,=14576.5800,=2552237953841.7012,=2341374785286,=1117560198469.8601,=33.0421,=0.6860,=39.1840,=27.6434,=20.4261
2018-03-19,=12588.3192,=14667.4200,=2570011426834.8999,=2358434893151,=1124184843989.6902,=33.2722,=0.6963,=39.2058,=27.6392,=20.4231
2018-03-16,=12550.3807,=14623.2200,=2553624557235.1001,=2341002460427,=1118029417206.8999,=33.0635,=0.6871,=39.2058,=27.6349,=20.4231
2018-03-15,=12717.6884,=14818.1600,=2583551716495.7998,=2368906491761,=1133400280824.8999,=33.4872,=0.7021,=39.2058,=27.6348,=20.4231
2018-03-14,=12502.3331,=14567.2300,=2535135573834.8003,=2322859399535,=1111999513590.6299,=32.8596,=0.6793,=39.2058,=27.6346,=20.4231
2018-03-13,=12423.9744,=14475.9300,=2508780399975.7998,=2296095785683,=1101921953880.5500,=32.5180,=0.6730,=39.2058,=27.6338,=20.4231
2018-03-12,=12555.3227,=14628.9800,=2543238673566,=2328331684763,=1114227521659.3701,=32.9646,=0.6837,=39.2201,=27.6330,=20.4059
2018-03-09,=12577.0128,=14654.2500,=2547918557900.6001,=2335463019121,=1116975349557.5000,=33.0253,=0.6859,=39.2201,=27.6237,=20.4059
2018-03-08,=12501.8917,=14566.7200,=2527189577754.0005,=2318139919636,=1110828251393.2100,=32.7566,=0.6782,=39.2201,=27.6145,=20.4059
2018-03-07,=12266.3908,=14292.3200,=2480695833983.5000,=2273733508727,=1090522479033.3101,=32.1540,=0.6633,=39.2201,=27.6145,=20.4059
2018-03-06,=12395.1360,=14442.3300,=2504997564017.9004,=2296958470756,=1103137601717.8000,=32.4690,=0.6717,=39.2201,=27.6144,=20.4059
2018-03-05,=12332.2488,=14369.0600,=2495039742587.7002,=2288014873191,=1099546993521.4102,=32.3399,=0.6664,=39.2243,=27.6112,=20.3908
2018-03-02,=12481.0940,=14542.4900,=2534217617562.1001,=2324962281927,=1114200596106.6997,=32.8477,=0.6790,=39.2243,=27.6079,=20.3908
2018-03-01,=12559.7093,=14634.0900,=2551558120915.9004,=2340247470341,=1121324194799.5598,=33.0725,=0.6865,=39.2243,=27.6056,=20.3908
2018-02-28,=12443.4948,=14498.6800,=2517681789647.7002,=2308351377878,=1108770797350.4302,=32.6334,=0.6754,=39.2243,=27.6032,=20.3908
2018-02-27,=12714.0434,=14813.9100,=2568638701725.4004,=2355888196945,=1132200146220.8701,=33.2939,=0.6952,=39.2243,=27.6017,=20.3908
2018-02-26,=12925.4463,=15060.2300,=2607587037646.4995,=2390884318596,=1148994964991.1201,=33.7987,=0.7103,=39.2301,=27.6003,=20.3890
2018-02-23,=12904.8584,=15036.2400,=2604803063738.6997,=2388141010000,=1146840770104.5701,=33.7626,=0.7082,=39.2301,=27.5988,=20.3890
2018-02-22,=12940.2493,=15077.4800,=2610221251729.4004,=2392852586574,=1149583627227.2705,=33.8328,=0.7110,=39.2301,=27.5973,=20.3890
2018-02-14,=12490.8992,=14553.9100,=2523408257793.6997,=2311294966223,=1109365578874.8201,=32.7076,=0.6784,=39.2301,=27.5881,=20.3890
2018-02-13,=12368.3771,=14411.1500,=2496984656941.6997,=2287905768691,=1099124311250.2300,=32.3651,=0.6706,=39.2301,=27.5790,=20.3890
2018-02-12,=12261.7418,=14286.9100,=2470852400293.6001,=2262001403135,=1086553588016.2902,=32.0264,=0.6643,=39.2333,=27.5751,=20.3887
2018-02-09,=11930.5009,=13900.9600,=2404480495691.8999,=2201675970017,=1058924479538.3500,=31.1634,=0.6417,=39.2333,=27.5711,=20.3887
2018-02-08,=12185.8415,=14198.4700,=2460685010664.4995,=2251860854572,=1082077505352.5800,=31.8918,=0.6592,=39.2333,=27.5649,=20.3887
2018-02-07,=12012.5424,=13996.5500,=2417667647638.2002,=2212921777028,=1065170333394.4100,=31.3343,=0.6461,=39.2333,=27.5587,=20.3887
2018-02-06,=12414.4621,=14464.8500,=2500214850023.7998,=2291849977776,=1101758522651.9700,=32.4042,=0.6713,=39.2333,=27.5564,=20.3887
2018-02-05,=12737.3237,=14841.0400,=2561344257623.1001,=2344018062184,=1127068003673.9104,=33.1964,=0.6917,=39.3106,=27.5540,=20.3855
2018-02-02,=13149.4385,=15321.2200,=2643486184891.1992,=2420551037719,=1163418211122.2500,=34.2611,=0.7159,=39.3106,=27.5484,=20.3855
2018-02-01,=13183.9585,=15361.4400,=2661432421855,=2440120143649,=1170635894916.6499,=34.4936,=0.7196,=39.3106,=27.5428,=20.3855
2018-01-31,=13429.2321,=15647.2200,=2711439903562.4004,=2480216230344,=1189187011877.4302,=35.1418,=0.7243,=39.3106,=27.5387,=20.3855
2018-01-30,=13227.6238,=15412.3100,=2661104647762.1997,=2431202449623,=1168151944578.8999,=34.4894,=0.7198,=39.3106,=27.5347,=20.3855
2018-01-29,=13267.7879,=15459.1100,=2663482684932.5005,=2432703729533,=1169228160553.7100,=34.5202,=0.7202,=39.3219,=27.5316,=20.3779
2018-01-26,=13736.3666,=16005.0800,=2770783253293.9009,=2534011306737,=1214509520599.2200,=35.9109,=0.7378,=39.3219,=27.5285,=20.3779
2018-01-25,=13654.5406,=15909.7400,=2751472819046.6997,=2514382266419,=1206377442025.0701,=35.6606,=0.7309,=39.3219,=27.5251,=20.3779
2018-01-24,=13768.5473,=16042.5800,=2764607761512.2002,=2526094117492,=1213619102657.0298,=35.8309,=0.7351,=39.3219,=27.5217,=20.3779
2018-01-23,=13943.3190,=16246.2100,=2800556783638.6011,=2560929552304,=1228575887629.0801,=36.2968,=0.7480,=39.3219,=27.5179,=20.3779
2018-01-22,=13913.0409,=16210.9400,=2796746036404.1997,=2557867857483,=1225853271662.3098,=36.2474,=0.7459,=39.3252,=27.5142,=20.3322
2018-01-19,=13448.2905,=15669.4300,=2705024538208.5000,=2473278248982,=1185316625695.1497,=35.0586,=0.7247,=39.3252,=27.5138,=20.3322
2018-01-18,=13603.5041,=15850.2800,=2729624750728.7998,=2495000626465,=1196992024336.6001,=35.3775,=0.7298,=39.3252,=27.5134,=20.3322
2018-01-17,=13575.9214,=15818.1400,=2721009520103.7988,=2486829936991,=1194835057102.9500,=35.2658,=0.7282,=39.3252,=27.5112,=20.3322
2018-01-16,=13869.7379,=16160.4800,=2790422280315.5996,=2553010205498,=1221620052695.2500,=36.1654,=0.7449,=39.3252,=27.5090,=20.3322
2018-01-15,=13738.0020,=16006.9900,=2776340036568.7998,=2546552324698,=1215445245842.1904,=35.9829,=0.7400,=39.3348,=27.4863,=20.3299
2018-01-12,=13817.9400,=16100.1300,=2789916346205.4004,=2557014826146,=1222515887010.0798,=36.1589,=0.7442,=39.3348,=27.4636,=20.3299
2018-01-11,=13643.0176,=15896.3100,=2752923368363.3999,=2520038191767,=1205993357746.1599,=35.6794,=0.7335,=39.3348,=27.4590,=20.3299
2018-01-10,=13778.6222,=16054.3200,=2784219522147.4009,=2549245398867,=1218822349978.6201,=36.0850,=0.7425,=39.3348,=27.4544,=20.3299
2018-01-09,=13617.6041,=15866.7000,=2752803902122.9004,=2520543932211,=1207273887116.3601,=35.6779,=0.7337,=39.3348,=27.4505,=20.3299
2018-01-08,=13276.6877,=15469.4800,=2676043593365.9004,=2447795417653,=1173930909932.8401,=34.6830,=0.7259,=39.3573,=27.4465,=20.2994
2018-01-05,=13191.8854,=15370.6700,=2650506391559.3008,=2425521025418,=1163871457347.3301,=34.3520,=0.7248,=39.3573,=27.4455,=20.2994
2018-01-04,=13157.5362,=15330.6500,=2641160016149.3003,=2419787681183,=1161311107203.0500,=34.2309,=0.7227,=39.3573,=27.4445,=20.2994
2018-01-03,=12893.4992,=15023.0100,=2582697782269.1001,=2364096553816,=1136414464006.4302,=33.4732,=0.7076,=39.3573,=27.4413,=20.2994
2018-01-02,=12779.5656,=14890.2500,=2557474895296.3003,=2339735001474,=1124256577953.6299,=33.1463,=0.6973,=39.3573,=27.4380,=20.2994
2017-12-29,=12726.9632,=14828.9600,=2541030237764.4004,=2316708708897,=1118781290963.4800,=32.9332,=0.6899,=39.3643,=27.4330,=20.2965
2017-12-28,=12810.1374,=14925.8800,=2573457631581.8999,=2342534260746,=1130150593790.3000,=33.3534,=0.7033,=39.3643,=27.4280,=20.2965
2017-12-27,=12469.8946,=14529.4400,=2474503528845.8999,=2246888360736,=1090882123632.3898,=32.0709,=0.6746,=39.3643,=27.4264,=20.2965
2017-12-26,=12728.8646,=14831.1800,=2530209018562.6997,=2296428436305,=1114380610315.4800,=32.7929,=0.6880,=39.3643,=27.4247,=20.2965
2017-12-25,=12873.5775,=14999.7900,=2559486121592.4004,=2323312274990,=1127101882250.9600,=33.1724,=0.6980,=39.3643,=27.4057,=20.2965
2017-12-22,=12845.8422,=14967.4800,=2548905388867.2998,=2312840682999,=1123834047718.7598,=33.0352,=0.6945,=39.3660,=27.3867,=20.2133
2017-12-21,=12899.8506,=15030.4100,=2554761302660.2998,=2319980914530,=1127433308495.3999,=33.1111,=0.6963,=39.3660,=27.3833,=20.2133
2017-12-20,=12872.8415,=14998.9400,=2553098953844.7998,=2318466248385,=1126399474569.3701,=33.0896,=0.6961,=39.3660,=27.3800,=20.2133
2017-12-19,=12558.0844,=14632.1900,=2487583103293.2002,=2260012454575,=1098219980654.4500,=32.2405,=0.6780,=39.3660,=27.3787,=20.2133
2017-12-18,=12441.7721,=14496.6700,=2467649349030,=2241979175638,=1089619762653.6000,=31.9821,=0.6740,=39.3660,=27.3774,=20.2133
2017-12-15,=12276.9530,=14304.6300,=2432803913018.6997,=2207262102022,=1074468862509.7100,=31.5305,=0.6646,=39.4155,=27.3733,=20.2118
2017-12-14,=12414.3600,=14464.7300,=2462928229530.8989,=2236314974600,=1087279246917.0900,=31.9209,=0.6717,=39.4155,=27.3693,=20.2118
2017-12-13,=12392.4402,=14439.1900,=2462756452745.3003,=2236848109219,=1086555462103.4200,=31.9187,=0.6715,=39.4155,=27.3681,=20.2118
2017-12-12,=12096.8769,=14094.8100,=2402907134969.5996,=2181494113951,=1060089351730.4202,=31.1430,=0.6538,=39.4155,=27.3669,=20.2118
2017-12-11,=12149.4423,=14156.0600,=2410727349815.3989,=2187464141251,=1064018090895.5400,=31.2444,=0.6571,=39.4155,=27.3666,=20.2118
2017-12-08,=11753.8959,=13695.1800,=2345675250103.0996,=2128347220736,=1028284930647.9301,=30.6739,=0.6447,=39.4452,=27.3662,=20.1721
2017-12-07,=11510.1421,=13411.1700,=2295828758561.2002,=2085129455523,=1007358060580.4000,=30.0221,=0.6309,=39.4452,=27.3603,=20.1721
2017-12-06,=11708.4206,=13642.2000,=2333301626671.2002,=2120765214929,=1023981301003.6801,=30.5121,=0.6405,=39.4452,=27.3544,=20.1721
2017-12-05,=11771.1380,=13715.2700,=2344209741454.8003,=2134156020777,=1030794207912.9104,=30.6548,=0.6442,=39.4452,=27.3533,=20.1721
2017-12-04,=11807.4824,=13757.6200,=2356106280882,=2143937785422,=1034935486732.5000,=30.8103,=0.6465,=39.4452,=27.3521,=20.1721
2017-12-01,=11547.3114,=13454.4800,=2302983425879.7998,=2094321660097,=1011928817760.1600,=30.1157,=0.6331,=39.4842,=27.3472,=20.1657
2017-11-30,=11542.4541,=13448.8200,=2308197283917.8999,=2101182574718,=1013751989395.5699,=30.1838,=0.6354,=39.4842,=27.3424,=20.1657
2017-11-29,=11666.0144,=13592.7900,=2336403007308.7998,=2124517212091,=1024644336425.2300,=30.5527,=0.6421,=39.4842,=27.3283,=20.1657
2017-11-28,=11920.1823,=13888.9300,=2382429244647.1001,=2168015152189,=1045629661339.6000,=31.1546,=0.6531,=39.4842,=27.3142,=20.1657
2017-11-27,=11772.2141,=13716.5300,=2334637357262.9004,=2123951267327,=1027840285614.2800,=30.5296,=0.6417,=39.4842,=27.3101,=20.1657
2017-11-24,=11953.9253,=13928.2500,=2375475892108.4004,=2158973801167,=1043473480997.5100,=31.0636,=0.6508,=39.4850,=27.3060,=20.1650
2017-11-23,=11980.9771,=13959.7700,=2380325953372.6997,=2163137191745,=1046815441849.3000,=31.1271,=0.6526,=39.4850,=27.3023,=20.1650
2017-11-22,=12478.3972,=14539.3400,=2473419134526.1997,=2247339618426,=1087917530369.0698,=32.3444,=0.6765,=39.4850,=27.2986,=20.1650
2017-11-21,=12754.7787,=14861.3700,=2539949307878.8003,=2308824307728,=1114721725029.5798,=33.2144,=0.6964,=39.4850,=27.2986,=20.1650
2017-11-20,=12501.7085,=14566.5100,=2500218515697.0996,=2275118428896,=1096431824750.0601,=32.6949,=0.6850,=39.4850,=27.2986,=20.1650
2017-11-17,=12565.2711,=14640.5700,=2517624450367.8999,=2295596496860,=1103702625601.8701,=32.9225,=0.6878,=39.4882,=27.2970,=20.1597
2017-11-16,=12764.3680,=14872.5500,=2580201371499,=2353443265943,=1125785750027.2295,=33.7408,=0.7102,=39.4882,=27.2954,=20.1597
2017-11-15,=12416.3171,=14467.0100,=2502530400626.6001,=2281181566802,=1092178588072.6801,=32.7251,=0.6865,=39.4882,=27.2903,=20.1597
2017-11-14,=12300.2300,=14331.7500,=2477586220571.0996,=2255882040297,=1081637389591.3000,=32.3989,=0.6799,=39.4882,=27.2851,=20.1597
2017-11-13,=12575.6482,=14652.6600,=2524556602816,=2299961022862,=1104330261844.7300,=33.0131,=0.6911,=39.4882,=27.2756,=20.1597
2017-11-10,=12612.7540,=14695.8900,=2524733453435.0010,=2298359962080,=1104494741152.2300,=33.0155,=0.6914,=39.4996,=27.2660,=20.1458
2017-11-09,=12269.0875,=14295.4600,=2450067979627.6011,=2227218346507,=1072413665718.9399,=32.0391,=0.6755,=39.4996,=27.2648,=20.1458
2017-11-08,=12220.2106,=14238.5200,=2442837394979.3003,=2220712259694,=1068738547509.9302,=31.9445,=0.6739,=39.4996,=27.2636,=20.1458
2017-11-07,=12312.5631,=14346.1200,=2451346620885.5996,=2225976598501,=1073345813753.4896,=32.0558,=0.6757,=39.4996,=27.2583,=20.1458
2017-11-06,=12350.8206,=14390.7000,=2464535947379.9995,=2239573815713,=1079107578873.4399,=32.2283,=0.6775,=39.4996,=27.2529,=20.1458
2017-11-03,=12014.0381,=13998.2900,=2401919193644.1001,=2183427813448,=1050263862342.7000,=31.4094,=0.6626,=39.5274,=27.2510,=20.1401
2017-11-02,=11926.7237,=13896.5600,=2377393587503.7002,=2168447392994,=1040683606039.2100,=31.0887,=0.6565,=39.5274,=27.2492,=20.1401
2017-11-01,=11863.2914,=13822.6500,=2365722057932.9004,=2156458754933,=1034816907056.9104,=30.9361,=0.6548,=39.5274,=27.2449,=20.1401
2017-10-31,=11912.7133,=13880.2300,=2365021995252.2998,=2154560229151,=1037832942429.5498,=30.9269,=0.6542,=39.5274,=27.2405,=20.1401
2017-10-30,=11985.8910,=13965.5000,=2374133207908.1001,=2164569525884,=1043994105847.2480,=31.3305,=0.6599,=39.5274,=27.2397,=20.1401
2017-10-27,=12158.2001,=14166.2600,=2422691660318.5000,=2212038933040,=1061453277346.0068,=32.0677,=0.6756,=39.5309,=27.2388,=20.1253
2017-10-26,=11880.4764,=13841.8000,=2344328356229.7002,=2134908110365,=1029924678184.3500,=31.4441,=0.6625,=39.5309,=27.2357,=20.1253
2017-10-25,=11687.8269,=13617.3400,=2281786765457.2002,=2073507334048,=1005761966846.5298,=32.8723,=0.6861,=39.5309,=27.2327,=20.1253
2017-10-24,=11689.2854,=13619.0400,=2283584692658,=2076940082037,=1004625111556.0968,=32.9439,=0.6875,=39.5309,=27.2292,=20.1253
2017-10-23,=11657.5813,=13582.1000,=2283979074587.6001,=2077075486699,=1000543610588.7964,=32.9487,=0.6878,=39.5309,=27.2257,=20.1253
2017-10-20,=11590.7440,=13504.2300,=2272868432434.5000,=2068826479039,=995476973508.8098,=32.7886,=0.6867,=39.5448,=27.2151,=20.0779
2017-10-19,=11709.3683,=13642.4400,=2298207291605.2012,=2092215930036,=1006297180184.6968,=33.1599,=0.6920,=39.5448,=27.2045,=20.0779
2017-10-18,=11501.0881,=13399.7800,=2245009130101.2002,=2042510282384,=985877924349.2566,=32.3923,=0.6804,=39.5448,=27.1976,=20.0779
2017-10-17,=11299.5551,=13164.9700,=2215610308447.3999,=2014034568219,=970068736291.4731,=31.9324,=0.6758,=39.5448,=27.1907,=20.0779
2017-10-16,=11283.2078,=13145.9300,=2216717920626.1001,=2015377030758,=969925572730.9200,=31.9483,=0.6761,=39.5448,=27.1789,=20.0779
2017-10-13,=11369.6114,=13246.5900,=2229112934626.6001,=2026588747804,=974827903170.0420,=32.1270,=0.6774,=39.5779,=27.1672,=20.0607
2017-10-12,=11350.3661,=13224.1700,=2213706010982.7998,=2012332204531,=970762119997.8691,=31.9049,=0.6758,=39.5779,=27.1666,=20.0607
2017-10-11,=11386.7661,=13266.5800,=2221174712951.6001,=2019435566240,=973434552467.2892,=32.0126,=0.6766,=39.5779,=27.1661,=20.0607
2017-10-10,=11146.4848,=12986.6300,=2179307569973.8997,=1981147006931,=954590266493.8055,=31.4091,=0.6660,=39.5779,=27.1598,=20.0607
2017-10-09,=11028.5691,=12849.2500,=2146005926961.6001,=1951463950743,=943083938550.2422,=30.9292,=0.6594,=39.5779,=27.1534,=20.0607
2017-09-29,=10899.4361,=12698.8000,=2118693780283.0996,=1925947351197,=931395912062.9264,=30.5356,=0.6532,=39.6023,=27.1515,=20.0582
2017-09-28,=10812.4439,=12597.4400,=2111761637008.5000,=1920458535426,=924843987714.2260,=30.4356,=0.6510,=39.6023,=27.1496,=20.0582
2017-09-27,=10636.5133,=12392.4700,=2078476898436,=1888693604126,=909244638360.4296,=29.9559,=0.6429,=39.6023,=27.1492,=20.0582
2017-09-26,=10660.3528,=12420.2500,=2080507218476.5000,=1890850394926,=911332678242.4069,=29.9852,=0.6437,=39.6023,=27.1489,=20.0582
2017-09-25,=10673.4151,=12435.4600,=2082556162884.8000,=1892374552448,=911779544553.2966,=30.0147,=0.6440,=39.6023,=27.1458,=20.0582
2017-09-22,=10563.1289,=12306.9700,=2059694725731.8000,=1870558576775,=902014194886.0128,=29.6852,=0.6394,=39.6644,=27.1426,=20.0489
2017-09-21,=10553.4018,=12295.6400,=2057864093440.5000,=1862286601023,=901194719076.6852,=29.6589,=0.6382,=39.6644,=27.1375,=20.0489
2017-09-20,=10571.4347,=12316.6500,=2059482242479.3000,=1863240879569,=901727750110.3282,=29.6822,=0.6390,=39.6644,=27.1324,=20.0489
2017-09-19,=10474.6593,=12203.9000,=2045036570547.1001,=1850556448194,=894908915760.0145,=29.4740,=0.6333,=39.6644,=27.1302,=20.0489
2017-09-18,=10496.8584,=12229.7600,=2049692114557.9009,=1855348155365,=896840336210.7695,=29.5411,=0.6356,=39.6644,=27.1279,=20.0489
2017-09-15,=10328.8139,=12033.9700,=2014668393244.6001,=1822060584824,=882176039987.2830,=29.0363,=0.6204,=39.6779,=27.1247,=20.0423
2017-09-14,=10264.0250,=11958.4900,=2008747821330.8000,=1816956427999,=877407902155.2129,=28.9510,=0.6152,=39.6779,=27.1216,=20.0423
2017-09-13,=10264.7206,=11959.3000,=2008248494712.2000,=1805245282961,=877691088028.0330,=28.9717,=0.6155,=39.6779,=27.1189,=20.0423
2017-09-12,=10116.3516,=11786.4400,=1979671362757,=1778132771620,=865303816208.0731,=28.5595,=0.5913,=39.6779,=27.1162,=20.0423
2017-09-11,=10045.2087,=11703.5500,=1962136504798.7000,=1760658847178,=858332676084.7595,=28.3065,=0.5720,=39.6779,=27.1073,=20.0423
2017-09-08,=10012.5888,=11665.5400,=1951459242173.1001,=1750929880015,=855051125092.0267,=28.1525,=0.5567,=39.7178,=27.0984,=20.0113
2017-09-07,=10073.1103,=11736.0600,=1968666447211.1001,=1768260641860,=861058951656.4500,=28.4007,=0.5801,=39.7178,=27.0900,=20.0113
2017-09-06,=10178.0132,=11858.2800,=1986756619468.7000,=1784551921573,=869865001285.8835,=28.6617,=0.5950,=39.7178,=27.0816,=20.0113
2017-09-05,=10239.6755,=11930.1200,=2000584013464.5000,=1797742320911,=875711886865.2833,=28.8612,=0.6073,=39.7178,=27.0809,=20.0113
2017-09-04,=10190.7174,=11873.0800,=1996978389462.1003,=1794862966935,=872625986785.5432,=28.8091,=0.6041,=39.7178,=27.0802,=20.0113
2017-09-01,=10247.7560,=11939.5300,=2008977563442.9004,=1805766460571,=877386715861.3729,=28.9822,=0.6145,=39.7443,=27.0797,=19.9762
2017-08-31,=10219.6723,=11906.8100,=2000609546274.1001,=1797921003631,=873970045078.3564,=28.8615,=0.6078,=39.7443,=27.0791,=19.9762
2017-08-30,=10212.9167,=11898.9400,=2006105665229.8999,=1802902157009,=867929984956.5123,=28.9951,=0.6156,=39.7443,=27.0779,=19.9762
2017-08-29,=10155.9055,=11832.5200,=1992215078803.8999,=1791016156477,=862992656284.3015,=28.6686,=0.5973,=39.7443,=27.0767,=19.9762
2017-08-28,=10158.5839,=11835.6400,=1994381323939,=1792921286081,=864029935203.4620,=28.8882,=0.6107,=39.7443,=27.0729,=19.9762
2017-08-25,=10100.8610,=11768.3900,=1982561785199.7000,=1783589084836,=860281395813.3387,=28.9854,=0.6150,=39.7929,=27.0692,=19.9656
2017-08-24,=10029.8392,=11685.6400,=1970896570055.1001,=1774387554576,=855056117995.2045,=28.8421,=0.6073,=39.7929,=27.0654,=19.9656
2017-08-23,=10124.1567,=11795.5300,=1983958092847.3000,=1786868710487,=862407814736.6978,=29.0333,=0.6172,=39.7929,=27.0616,=19.9656
2017-08-22,=10095.0539,=11761.6200,=1972597278125.6997,=1775255257425,=858728878688.2994,=28.8667,=0.6099,=39.7929,=27.0595,=19.9656
2017-08-21,=10159.8981,=11837.1700,=1984606940530,=1787975761254,=863990500987.0311,=29.0319,=0.6168,=39.7929,=27.0573,=19.9656
2017-08-18,=10134.6104,=11807.7100,=1982188035082.3999,=1785347370100,=861475388220.6478,=29.0259,=0.6166,=39.8023,=27.0503,=19.9413
2017-08-17,=10128.8016,=11800.9400,=1985904526352.2000,=1789042780626,=861943650133.4299,=29.1296,=0.6184,=39.8023,=27.0433,=19.9413
2017-08-16,=10170.1217,=11849.0800,=1996373205636.3003,=1799320578721,=865858452335.6393,=29.2276,=0.6213,=39.8023,=27.0416,=19.9413
2017-08-15,=10219.0996,=11906.1500,=2003759344389.8997,=1806780613891,=869306753570.2494,=29.3357,=0.6266,=39.8023,=27.0400,=19.9413
2017-08-14,=10199.8761,=11883.7500,=2003509201509.3997,=1799381394195,=868826377473.4003,=29.3098,=0.6260,=39.8023,=27.0343,=19.9413
2017-08-11,=10008.8454,=11661.1800,=1963679830575.5000,=1761725302698,=850452718903.0360,=28.7270,=0.6045,=39.8191,=27.0286,=19.9279
2017-08-10,=10228.9325,=11917.6000,=2001912064381.6001,=1797305121195,=868241317652.4630,=29.2863,=0.6246,=39.8191,=27.0283,=19.9279
2017-08-09,=10235.2280,=11924.9400,=2000973332845.6001,=1795051948862,=868506012471.9464,=29.2726,=0.6244,=39.8191,=27.0280,=19.9279
2017-08-08,=9987.6467,=11636.4800,=1959875659194.4995,=1756515441321,=848180770104.7101,=28.6714,=0.6018,=39.8191,=27.0272,=19.9279
2017-08-07,=9929.6830,=11553.3600,=1950400256231.1001,=1750154844230,=843657152705.1570,=28.5328,=0.5950,=39.8191,=27.0264,=19.9279
2017-08-04,=9699.2250,=11285.2100,=1908422590745.2000,=1711129181073,=824799993664.5547,=27.9187,=0.5541,=39.8312,=27.0195,=19.9216
2017-08-03,=9799.5095,=11401.9000,=1925106598104.3999,=1726563003206,=833201546975.2061,=28.1627,=0.5651,=39.8312,=27.0127,=19.9216
2017-08-02,=9866.1528,=11477.3000,=1940518742547.1001,=1741992168236,=839404876319.3156,=28.3882,=0.5858,=39.8312,=27.0121,=19.9216
2017-08-01,=9912.2280,=11530.9000,=1949807992473.6001,=1749177080234,=841743722499.1187,=28.5241,=0.5937,=39.8312,=27.0116,=19.9216
2017-07-31,=9888.6329,=11503.4600,=1947501884629.8003,=1745634235230,=840319158410.9286,=28.4904,=0.5920,=39.8312,=27.0082,=19.9216
2017-07-28,=9833.2929,=11439.0800,=1940512746853.8997,=1740619445767,=836636747594.0752,=28.5214,=0.5933,=39.8501,=27.0049,=19.9164
2017-07-27,=9651.0771,=11225.3100,=1900869045266.2000,=1704250951380,=821016349432.2185,=28.4514,=0.5910,=39.8501,=27.0021,=19.9164
2017-07-26,=9620.7851,=11190.0700,=1891933115955.8000,=1696769059336,=818215242042.8962,=28.3177,=0.5827,=39.8501,=26.9993,=19.9164
2017-07-25,=9770.1787,=11363.8400,=1919617133813.9995,=1722456503463,=830510224540.7853,=28.7321,=0.6034,=39.8501,=26.9981,=19.9164
2017-07-24,=9814.4612,=11415.3400,=1927496387341.6001,=1729370787889,=833690763697.9431,=28.7701,=0.6057,=39.8501,=26.9968,=19.9164
2017-07-21,=9690.6831,=11269.7100,=1904939824627.1001,=1707962437798,=823765206289.5001,=28.4334,=0.5892,=39.8831,=26.9964,=19.9088
2017-07-20,=9623.9153,=11192.0600,=1887873823511.5000,=1692950191967,=817109381063.4003,=28.1787,=0.5700,=39.8831,=26.9959,=19.9088
2017-07-19,=9508.8342,=11058.2300,=1864404284647.8003,=1669735207064,=806142650342.1101,=27.7521,=0.5504,=39.8831,=26.9940,=19.9088
2017-07-18,=9383.6653,=10912.6600,=1839857751613,=1647644527277,=796125079167.5203,=27.3867,=0.5276,=39.8831,=26.9922,=19.9088
2017-07-17,=9345.4223,=10868.1900,=1829920051509.5000,=1638589376297,=792976144900.3698,=27.2388,=0.5177,=39.8831,=26.9893,=19.9088
2017-07-14,=9572.5236,=11132.2900,=1871979665129.1001,=1673818780548,=810925922272.2198,=27.8648,=0.5543,=39.9200,=26.9865,=19.8728
2017-07-13,=9540.1145,=11090.8200,=1868666415397.7000,=1671055416872,=808370473842.4999,=27.8155,=0.5520,=39.9200,=26.9863,=19.8728
2017-07-12,=9561.6471,=11114.7000,=1872966054394.3997,=1675275625918,=810404829441.3501,=27.9047,=0.5559,=39.9200,=26.9861,=19.8728
2017-07-11,=9656.4408,=11224.8900,=1893718387188.3999,=1694610499176,=818560950473.0201,=28.2139,=0.5716,=39.9200,=26.9806,=19.8728
2017-07-10,=9580.1725,=11131.8700,=1876047568750.3000,=1676601122212,=810616370317.7301,=27.9507,=0.5575,=39.9200,=26.9751,=19.8728
2017-07-07,=9502.3276,=11041.4100,=1857266623098.8999,=1659014620582,=802809324431.4701,=27.6708,=0.5460,=39.9221,=26.9721,=19.8374
2017-07-06,=9617.7467,=11151.5900,=1881876007163.1011,=1683306980897,=813900989858.4098,=28.0375,=0.5612,=39.9221,=26.9692,=19.8374
2017-07-05,=9670.7458,=11213.0400,=1892451250438,=1693367936038,=818928663407.2399,=28.1950,=0.5686,=39.9221,=26.9670,=19.8374
2017-07-04,=9572.1947,=11098.7700,=1871303423263.8997,=1672894097933,=809664488651.5701,=27.8800,=0.5556,=39.9221,=26.9649,=19.8374
2017-07-03,=9721.5968,=11270.0100,=1900692442265.8999,=1700741947751,=822613360204.0200,=28.3178,=0.5811,=39.9221,=26.9592,=19.8374
2017-06-30,=9827.4282,=11392.7000,=1926046126724.1001,=1719033508998,=833113090643.7699,=28.6956,=0.5999,=39.9569,=26.9535,=19.8217
2017-06-29,=9784.7604,=11340.4400,=1920441458118.8000,=1715714075584,=830304245163.8199,=28.6121,=0.5956,=39.9569,=26.9472,=19.8217
2017-06-28,=9724.5718,=11269.6700,=1915843403096.6001,=1712393032806,=826244105391.9100,=28.5436,=0.5918,=39.9569,=26.9409,=19.8217
2017-06-27,=9859.5536,=11424.1300,=1942616782841.8999,=1737932466247,=838254142865.1403,=28.9425,=0.6101,=39.9569,=26.9399,=19.8217
2017-06-26,=9822.2395,=11380.8300,=1939115430744.8000,=1734125341511,=835617244785.6100,=28.8903,=0.6078,=39.9569,=26.9390,=19.8217
2017-06-23,=9639.1159,=11168.6500,=1898878058280.1001,=1697267880324,=819522165387.2401,=28.2908,=0.5782,=39.9750,=26.9372,=19.7784
2017-06-22,=9574.6008,=11093.1000,=1890205774148,=1688934114239,=814760337474.9498,=28.1616,=0.5682,=39.9750,=26.9354,=19.7784
2017-06-21,=9632.9788,=11160.7400,=1900605322370.6001,=1697721871963,=819016782025.5901,=28.3165,=0.5814,=39.9750,=26.9269,=19.7784
2017-06-20,=9408.5044,=10900.6600,=1860160963816.8000,=1660639240679,=800975332272.4901,=27.7140,=0.5527,=39.9750,=26.9183,=19.7784
2017-06-19,=9465.2905,=10966.4600,=1871510130861.7000,=1671287442049,=806121949755.7999,=27.8831,=0.5582,=39.9750,=26.9154,=19.7784
2017-06-16,=9367.3938,=10843.1300,=1852327188182,=1652728420229,=797035997050.4600,=27.5973,=0.5424,=39.9872,=26.9124,=19.7485
2017-06-15,=9421.9345,=10887.3100,=1863111917560.9004,=1662052411221,=801208302505.1099,=27.7579,=0.5546,=39.9872,=26.9112,=19.7485
2017-06-14,=9530.7808,=11012.6400,=1889780605050.8997,=1687529361832,=811512624552.7200,=28.1553,=0.5668,=39.9872,=26.9101,=19.7485
2017-06-13,=9617.5874,=11112.9400,=1900319914292.8999,=1697372544755,=817526116937.2600,=28.3123,=0.5801,=39.9872,=26.9042,=19.7485
2017-06-12,=9611.4202,=11105.8100,=1899867573433.1997,=1696991959855,=817018803989.3198,=28.3055,=0.5783,=39.9872,=26.8984,=19.7485
2017-06-09,=9508.7049,=10983.6800,=1915499278943,=1697273678696,=812554467228.2700,=27.8189,=0.5573,=40.0003,=26.8975,=19.7188
2017-06-08,=9455.6859,=10922.4400,=1903990519042.8000,=1687702111242,=808268775866.7201,=27.6517,=0.5498,=40.0003,=26.8967,=19.7188
2017-06-07,=9303.1164,=10746.2000,=1879454542653.5000,=1664131625538,=795511804643.0901,=27.2954,=0.5283,=40.0003,=26.8907,=19.7188
2017-06-06,=9111.8625,=10525.2800,=1838564197173.1001,=1626777953731,=779166999106.1699,=26.7015,=0.4865,=40.0003,=26.8848,=19.7188
2017-06-05,=8999.0258,=10394.2700,=1817823606266.3999,=1607204586133,=769803422260.0699,=26.4003,=0.4618,=40.0003,=26.8907,=19.7188
2017-06-02,=9042.8789,=10444.9200,=1825158126033.1001,=1615003320588,=773573518413.8301,=26.5068,=0.4709,=40.0031,=26.8967,=19.7170
2017-06-01,=9084.2494,=10492.7100,=1832210074010.3999,=1622270248763,=776978707738.0103,=26.6093,=0.4794,=40.0031,=26.8975,=19.7170
2017-05-31,=9083.1383,=10491.4300,=1829074839791.8000,=1616982098153,=775853710633.4901,=26.5637,=0.4750,=40.0031,=26.8984,=19.7170
2017-05-26,=9107.2000,=10518.9300,=1837926225007.7000,=1626638339378,=779469074084.5498,=26.6923,=0.4851,=40.0031,=26.9042,=19.7170
2017-05-25,=9106.4867,=10518.1000,=1837257161914.9004,=1620544598176,=778774856676.6801,=26.6826,=0.4838,=40.0031,=26.9101,=19.7170
2017-05-24,=9054.3019,=10454.7600,=1828976797367.8000,=1614411591424,=774578340259.0900,=26.5623,=0.4752,=40.0184,=26.9112,=19.7107
2017-05-23,=9131.2323,=10543.0300,=1841930956527.8003,=1627320120399,=781240430799.8899,=26.7504,=0.4885,=40.0184,=26.9124,=19.7107
2017-05-22,=9037.0130,=10434.2500,=1815741410251,=1600638498870,=771808167418.1000,=26.3701,=0.4601,=40.0184,=26.9154,=19.7107
2017-05-19,=9026.1527,=10421.7100,=1815960645935.2000,=1599635951720,=770691423178.0499,=26.3733,=0.4608,=40.0184,=26.9183,=19.7107
2017-05-18,=8926.3399,=10305.1900,=1795316121780.3003,=1578791972658,=761032199545.6600,=26.0734,=0.4286,=40.0184,=26.9269,=19.7107
2017-05-17,=8922.3219,=10300.5500,=1792772877491.3000,=1576057520260,=759930416981.5802,=26.0365,=0.4242,=40.0242,=26.9354,=19.6659
2017-05-16,=9003.2216,=10393.9400,=1808648916825,=1591070188949,=766775557728.5300,=26.2671,=0.4469,=40.0242,=26.9372,=19.6659
2017-05-15,=8808.5836,=10169.2400,=1768462702597.8000,=1553833782511,=750044835179.6100,=25.6835,=0.3927,=40.0242,=26.9390,=19.6659
2017-05-12,=8707.8459,=10052.7600,=1750338287829.1001,=1536537367121,=740999246722.9000,=25.4202,=0.3745,=40.0242,=26.9399,=19.6659
2017-05-11,=8694.1198,=10010.6100,=1747554351313.9998,=1534567441998,=739624308822.2402,=25.3798,=0.3726,=40.0242,=26.9409,=19.6659
2017-05-10,=8653.0015,=9946.9000,=1742344583544.6001,=1529093906285,=736104407636.3400,=25.3041,=0.3676,=40.1151,=26.9472,=19.6575
2017-05-09,=8720.4845,=10018.1500,=1753415036235.6001,=1537022397263,=740901117848.3900,=25.4649,=0.3778,=40.1151,=26.9535,=19.6575
2017-05-08,=8735.8397,=9988.8500,=1748621059669,=1531974073758,=741820723725.1300,=25.3953,=0.3727,=40.1151,=26.9592,=19.6575
2017-05-05,=8879.9884,=10153.6800,=1781718743525.2002,=1561781472120,=754793586383.4700,=25.8760,=0.4070,=40.1151,=26.9649,=19.6575
2017-05-04,=8922.4975,=10200.5900,=1789204144588.8999,=1568470171882,=757993728277.7799,=25.9847,=0.4178,=40.1151,=26.9670,=19.6575
2017-05-03,=8938.5028,=10218.8900,=1792115666240.6001,=1571333669138,=759544775366.3801,=26.0270,=0.4206,=40.1654,=26.9692,=19.6503
2017-05-02,=8925.4096,=10203.9200,=1785574556557.7002,=1563704760658,=757802086171.9998,=25.9320,=0.4108,=40.1654,=26.9721,=19.6503
2017-04-28,=8973.6700,=10259.1000,=1796840236653.3999,=1573976064294,=761010984485.6698,=26.2362,=0.4411,=40.1654,=26.9751,=19.6503
2017-04-27,=9159.7418,=10471.8200,=1835170510746,=1609100257663,=772932083706.9700,=27.4465,=0.5308,=40.1654,=26.9806,=19.6503
2017-04-26,=9142.5247,=10450.1700,=1830754389952.7000,=1603067858025,=771045617204.7100,=27.3693,=0.5274,=40.1654,=26.9751,=19.6503
2017-04-25,=9159.9439,=10470.0800,=1836308942710.3003,=1607563619631,=772524593662.3000,=27.7324,=0.5482,=40.1770,=26.9721,=19.6491
2017-04-24,=8967.6725,=10250.3100,=1790027179779.3000,=1563123437321,=754214729793.0699,=27.9941,=0.5554,=40.1770,=26.9692,=19.6491
2017-04-21,=9107.7482,=10410.4200,=1814039772605.3000,=1586003579450,=765050356717.7201,=28.4349,=0.5794,=40.1770,=26.9670,=19.6491
2017-04-20,=9194.3665,=10509.4200,=1838542348031.3999,=1609815184191,=774542621789.0504,=28.8259,=0.5956,=40.1770,=26.9649,=19.6491
2017-04-19,=9003.8204,=10291.6200,=1799457462412.3000,=1574221109600,=758547216404.3099,=28.2904,=0.5711,=40.1770,=26.9592,=19.6491
2017-04-18,=9046.9427,=10340.9100,=1805087232144.7000,=1578134259713,=761309064090.3601,=28.5457,=0.5835,=40.1837,=26.9535,=19.6239
2017-04-17,=8952.5295,=10233,=1781013351249.1001,=1555533027387,=752467498140.9701,=28.2458,=0.5690,=40.1837,=26.9472,=19.6239
2017-04-14,=8923.0374,=10199.2900,=1775921806974.3000,=1550696634489,=750092738650.2399,=28.3657,=0.5762,=40.1837,=26.9409,=19.6239
2017-04-13,=9019.5489,=10309.6000,=1795467679372.8999,=1567503863735,=757997732989.1700,=28.6779,=0.5892,=40.1837,=26.9399,=19.6239
2017-04-12,=8936.5413,=10214.7200,=1774282452706.1001,=1547935240280,=750113514142.2798,=28.3395,=0.5752,=40.1837,=26.9390,=19.6239
2017-04-11,=8883.5674,=10154.1700,=1762056812158.2998,=1535474542032,=745169882663.2201,=28.2156,=0.5681,=40.2544,=26.9372,=19.6115
2017-04-10,=8906.0483,=10172.2300,=1766569699602.8003,=1542074803369,=747128565886.2402,=28.2878,=0.5716,=40.2544,=26.9354,=19.6115
2017-04-07,=9000.3815,=10279.9800,=1787212390263.1001,=1560181546979,=754626828538.4598,=28.6278,=0.5862,=40.2544,=26.9269,=19.6115
2017-04-06,=9025.8110,=10306.4400,=1791048939408.7002,=1562629885574,=756424104160.7000,=28.6893,=0.5892,=40.2544,=26.9183,=19.6115
2017-04-05,=9035.5083,=10317.5100,=1790360192904.6001,=1562602775013,=756437153653.3099,=28.6783,=0.5890,=40.2544,=26.9154,=19.6115
2017-03-31,=8943.5100,=10212.4600,=1772450140716.7000,=1547527545373,=748569019991.4900,=28.3908,=0.5781,=40.2555,=26.9124,=19.6063
2017-03-30,=8909.4344,=10173.5500,=1768655611706.9004,=1542921623541,=747075522106.7900,=28.3380,=0.5758,=40.2555,=26.9112,=19.6063
2017-03-29,=8969.3571,=10241.9700,=1779560115942.8999,=1551287680517,=750643171965.6699,=28.5186,=0.5824,=40.2555,=26.9101,=19.6063
2017-03-28,=8949.6301,=10219.4500,=1774671967285.2000,=1545465507612,=748536274992.5101,=28.4403,=0.5806,=40.2555,=26.9042,=19.6063
2017-03-27,=8976.4371,=10250.0600,=1777745409601.7996,=1547166169741,=750500484438.9401,=28.4592,=0.5809,=40.2555,=26.8984,=19.6063
2017-03-24,=9083.2968,=10372.0800,=1800649665626.8999,=1569188601470,=759947876100.5299,=28.8617,=0.5935,=40.3151,=26.8975,=19.5917
2017-03-23,=9062.2487,=10348.0500,=1799880191421.8997,=1570363532283,=758716566270.6002,=28.8493,=0.5928,=40.3151,=26.8967,=19.5917
2017-03-22,=9082.0185,=10370.6200,=1806370201783.3000,=1576913643687,=761112779226.7699,=28.9495,=0.5973,=40.3151,=26.8907,=19.5917
2017-03-21,=9057.2794,=10342.3700,=1801825485603.9009,=1572487930581,=759037695734.1896,=28.0957,=0.5635,=40.3151,=26.8848,=19.5917
2017-03-20,=8862.0249,=10119.4100,=1762296948175.8000,=1536359719148,=742747037556.2101,=27.5090,=0.5387,=40.3151,=26.8735,=19.5917
2017-03-17,=8782.7889,=10028.9400,=1744147143743.2996,=1519372718110,=735485351814.8000,=27.2257,=0.5256,=40.3546,=26.8623,=19.5671
2017-03-16,=8808.3326,=10058.1000,=1745890037384.5996,=1519827345503,=736802249922.1600,=27.2529,=0.5275,=40.3546,=26.8525,=19.5671
2017-03-15,=8817.6985,=10068.8000,=1747012885907.7002,=1521486749616,=737680470310.2599,=27.2986,=0.5299,=40.3546,=26.8427,=19.5671
2017-03-14,=8797.7723,=10046.0400,=1740102574720.1001,=1514398718409,=735380447638.5699,=27.1907,=0.5254,=40.3546,=26.8404,=19.5671
2017-03-13,=8842.2143,=10096.7900,=1750435212691.3999,=1522965697985,=739303637213.9500,=27.3521,=0.5316,=40.3546,=26.8381,=19.5671
2017-03-10,=8743.2721,=9983.8100,=1733033874933,=1507097551352,=731441770147.7900,=27.0802,=0.5190,=40.3567,=26.8377,=19.5520
2017-03-09,=8731.0929,=9969.9000,=1729587553560.2998,=1504504975119,=730497902700.0803,=27.0264,=0.5139,=40.3567,=26.8373,=19.5520
2017-03-08,=8784.4784,=10030.8600,=1737029231331.8997,=1509951212607,=734150402084.2802,=27.1426,=0.5223,=40.3567,=26.8363,=19.5520
2017-03-07,=8818.1913,=10069.3600,=1742791026135.1001,=1515205575934,=736579764138.3999,=27.2327,=0.5258,=40.3567,=26.8352,=19.5520
2017-03-06,=8697.6541,=9931.7200,=1716325621295.6001,=1490682372153,=725927248380.6300,=26.8191,=0.4987,=40.3567,=26.8310,=19.5520
2017-03-03,=8651.0492,=9878.5000,=1706942885533,=1482430774427,=722006050658.2299,=26.6725,=0.4882,=40.3918,=26.8352,=19.5456
2017-03-02,=8652.9497,=9880.6700,=1707717884248.8000,=1482912735694,=722096450040.3300,=26.6846,=0.4890,=40.3918,=26.8363,=19.5456
2017-03-01,=8679.1039,=9910.5400,=1711844175677.1001,=1486124192328,=724110378087.7500,=26.7491,=0.4930,=40.3918,=26.8373,=19.5456
2017-02-28,=8643.5515,=9869.9400,=1703271271012.7004,=1478538986545,=721107670471.3600,=26.6151,=0.4857,=40.3918,=26.8377,=19.5456
2017-02-27,=8649.1835,=9876.3700,=1704086463148.1997,=1480219397397,=721874386247.4899,=26.7331,=0.4914,=40.3918,=26.8381,=19.5456
2017-02-24,=8773.3616,=10018.1700,=1730590523800.1001,=1503758168223,=732170942371.1100,=27.1489,=0.5213,=40.3952,=26.8404,=19.5436
2017-02-23,=8779.9145,=10025.6500,=1731753705259,=1504602031838,=732466467910.3702,=27.1672,=0.5232,=40.3952,=26.8381,=19.5436
2017-02-22,=8862.7032,=10120.1900,=1744443100978.0002,=1516107392995,=738656129614.9701,=27.3662,=0.5294,=40.3952,=26.8377,=19.5436
2017-02-21,=8760.0106,=10002.9200,=1726301657657.8999,=1500007896093,=730190881760.5699,=27.0816,=0.5189,=40.3952,=26.8373,=19.5436
2017-02-20,=8721.3824,=9958.8200,=1719132527748.1001,=1496435613519,=727627915892.4999,=26.9692,=0.5084,=40.3952,=26.8363,=19.5436
2017-02-17,=8497.2880,=9702.9300,=1672072821916.4995,=1454039598713,=708965633626.9099,=26.2309,=0.4503,=40.5132,=26.8352,=19.5365
2017-02-16,=8483.2857,=9686.9400,=1667757573716.3000,=1449096018973,=707446372172.7599,=26.1632,=0.4457,=40.5132,=26.8363,=19.5365
2017-02-15,=8461.1007,=9661.6000,=1664246821231,=1446469242502,=705859223510.4999,=26.1081,=0.4400,=40.5132,=26.8373,=19.5365
2017-02-14,=8525.2763,=9734.8900,=1675925287413.9998,=1456238402042,=711046154385.8400,=26.2913,=0.4575,=40.5132,=26.8377,=19.5365
2017-02-13,=8533.5975,=9744.3900,=1674345376770.0002,=1455205228606,=711532243765.0300,=26.2666,=0.4540,=40.5132,=26.8381,=19.5365
2017-02-10,=8389.3840,=9579.7100,=1646546370738.8000,=1430108312859,=699934697792.7300,=25.8305,=0.4142,=40.5207,=26.8404,=19.4772
2017-02-09,=8358.0084,=9543.8800,=1642007259682.3999,=1426747164760,=698142804670.9901,=25.7592,=0.4106,=40.5207,=26.8427,=19.4772
2017-02-08,=8303.5435,=9481.6900,=1630179687130.3999,=1416006334615,=693378377874.8101,=25.5737,=0.3978,=40.5207,=26.8525,=19.4772
2017-02-07,=8266.5829,=9439.4900,=1622929806102.2002,=1409632520103,=690448005193.4901,=25.4600,=0.3894,=40.5207,=26.8623,=19.4772
2017-02-06,=8282.3838,=9457.5300,=1628121329117.7002,=1413923279236,=692452165468.0699,=25.5414,=0.3934,=40.5207,=26.8735,=19.4772
2017-02-03,=8246.6056,=9416.6800,=1620798538647.5000,=1401557546067,=689931027602.5698,=25.4265,=0.3876,=40.5245,=26.8848,=19.4723
2017-01-26,=8277.6210,=9452.0900,=1624207564784.1001,=1404461353294,=691823336692.6500,=25.4800,=0.3895,=40.5245,=26.8907,=19.4723
2017-01-25,=8290.7877,=9467.1300,=1628239905814.5002,=1409438169625,=693216234519.1899,=25.5433,=0.3929,=40.5245,=26.8967,=19.4723
2017-01-24,=8292.0454,=9468.5600,=1630032103077.8999,=1411983012687,=693727140964.5900,=25.5714,=0.3953,=40.5245,=26.8975,=19.4723
2017-01-23,=8286.0956,=9461.7700,=1629102347522.0002,=1411357888002,=693487259193.3800,=25.5568,=0.3945,=40.5245,=26.8984,=19.4723
2017-01-20,=8261.7864,=9434.0100,=1626590764095.3994,=1410164816892,=692430628485.5699,=25.5174,=0.3925,=40.5471,=26.9042,=19.4664
2017-01-19,=8203.7276,=9367.7100,=1615653939785.3003,=1401811970042,=688018706731.0898,=25.3458,=0.3829,=40.5471,=26.9101,=19.4664
2017-01-18,=8233.1675,=9401.3300,=1622645116779.4004,=1407319774952,=690337311175.8601,=25.4555,=0.3896,=40.5471,=26.9112,=19.4664
2017-01-17,=8151.5778,=9308.1600,=1605275786764.7002,=1389646408344,=683082480074.7898,=25.1830,=0.3740,=40.5471,=26.9124,=19.4664
2017-01-16,=8064.4389,=9208.6600,=1586354474588.8000,=1371225829100,=675072758006.2501,=24.8862,=0.3546,=40.5471,=26.9154,=19.4664
2017-01-13,=8115.7347,=9267.2400,=1598758337011.2998,=1381665760121,=679626117562.9500,=25.0808,=0.3663,=40.5936,=26.9183,=19.4570
2017-01-12,=8178.5067,=9338.9100,=1611051925477.2004,=1391996167603,=684760751929.4401,=25.2736,=0.3790,=40.5936,=26.9269,=19.4570
2017-01-11,=8241.6601,=9411.0300,=1624322318955.1001,=1401855958695,=689391228282.3900,=25.4818,=0.3885,=40.5936,=26.9354,=19.4570
2017-01-10,=8336.0207,=9518.7800,=1638780719204,=1412636652518,=697122437362.5701,=25.7086,=0.3997,=40.5936,=26.9372,=19.4570
2017-01-09,=8334.4123,=9516.9400,=1638544000488.8999,=1412336968445,=696940013789.6499,=25.7049,=0.3993,=40.5936,=26.9390,=19.4570
2017-01-06,=8332.1852,=9514.4000,=1639708580364.1001,=1413341499418,=697326466676.0502,=25.7232,=0.4007,=40.6255,=26.9399,=19.4220
2017-01-05,=8350.8831,=9535.7500,=1640076042568.1001,=1412651692320,=698097223378.8101,=25.7290,=0.4020,=40.6255,=26.9409,=19.4220
2017-01-04,=8369.5168,=9557.0300,=1647540180662.2998,=1419341812077,=700523486554.9600,=25.8460,=0.4088,=40.6255,=26.9472,=19.4220
2017-01-03,=8208.5391,=9373.2100,=1610081988763.6001,=1383935334982,=685299817839.4399,=25.2584,=0.3788,=40.6255,=26.9535,=19.4220
2016-12-30,=8159.2000,=9316.8700,=1601392778600.1997,=1376088642474,=681433427958.6200,=25.1221,=0.3708,=40.6255,=26.9592,=19.4220
2016-12-29,=8074.3574,=9219.9900,=1582174447562.2000,=1358010946565,=673774788166.0300,=24.8206,=0.3540,=40.6835,=26.9649,=19.4214
2016-12-28,=8058.6458,=9202.0500,=1577341623299.5996,=1352796114572,=671897107435.7499,=24.7448,=0.3482,=40.6835,=26.9700,=19.4214
2016-12-27,=8108.0051,=9258.4100,=1587198070499.5005,=1361274416307,=676157309751.2900,=24.8994,=0.3571,=40.6835,=26.9751,=19.4214
2016-12-26,=8117.7881,=9269.5800,=1587703464010.5002,=1360608133128,=676710929213.9298,=24.9073,=0.3573,=40.6835,=26.9806,=19.4214
2016-12-23,=8075.8300,=9221.6700,=1577652326113.1001,=1351591557055,=672702411425.3601,=24.7497,=0.3493,=40.6835,=26.9861,=19.4214
2016-12-22,=8180.6935,=9341.4100,=1598766065578.8999,=1370984558600,=681505277609.2200,=25.0809,=0.3665,=40.7060,=26.9863,=19.3999
2016-12-21,=8207.3501,=9371.8500,=1605690116672.3003,=1376943233162,=684015694764.8101,=25.1895,=0.3739,=40.7060,=26.9865,=19.3999
2016-12-20,=8161.3406,=9319.3100,=1597185735890.4004,=1369626346412,=680147677556.9401,=25.0561,=0.3653,=40.7060,=26.9893,=19.3999
2016-12-19,=8233.7895,=9402.0400,=1610227947344.6997,=1380069755645,=685685913414.8500,=25.2607,=0.3765,=40.7060,=26.9922,=19.3999
2016-12-16,=8192.2388,=9354.5900,=1603855649363.3999,=1374742550561,=682845953406.4301,=25.1607,=0.3707,=40.7060,=26.9940,=19.3999
2016-12-15,=8165.0084,=9323.5000,=1598713878257.1001,=1371222066187,=680933249279.2899,=25.0801,=0.3664,=40.7527,=26.9959,=19.3828
2016-12-14,=8199.8279,=9363.2600,=1607024510983.7996,=1379634117720,=684198101518.0298,=25.2105,=0.3733,=40.7527,=26.9964,=19.3828
2016-12-13,=8269.7334,=9443.0800,=1619489969159.2002,=1389538346692,=689822672665.5000,=25.4060,=0.3818,=40.7527,=26.9968,=19.3828
2016-12-12,=8136.1055,=9290.5000,=1591716643099.8003,=1365656724065,=678405626380.2600,=24.9703,=0.3604,=40.7527,=26.9981,=19.3828
2016-12-09,=8366.0542,=9553.0700,=1966033096574.6003,=1671291380904,=838778474597.9801,=26.7319,=0.4801,=40.7527,=26.9993,=19.3828
2016-12-08,=8371.7165,=9559.5400,=1966464673539.8999,=1671610650132,=839381642581.4500,=26.7378,=0.4804,=40.7743,=27.0021,=19.3692
2016-12-07,=8352.5374,=9537.6400,=1955254292998,=1659617027308,=835754621487.5801,=26.5854,=0.4734,=40.7743,=27.0049,=19.3692
2016-12-06,=8259.2774,=9431.1500,=1938043748253.5000,=1645222219511,=826515533935.1700,=26.3513,=0.4521,=40.7743,=27.0082,=19.3692
2016-12-05,=8202.6341,=9366.4700,=1919021446752.3999,=1626944836014,=819084575120.2198,=26.0927,=0.4279,=40.7743,=27.0116,=19.3692
2016-12-02,=8303.4041,=9481.5300,=1937904855599.2000,=1646175818321,=830515767167.6700,=26.3495,=0.4515,=40.7743,=27.0121,=19.3692
2016-12-01,=8416.6589,=9610.8600,=1958827652260.1001,=1662931846090,=841015148537.7399,=26.6339,=0.4745,=40.7822,=27.0127,=19.3669
2016-11-30,=8377.1266,=9565.7200,=1949383855772.1001,=1655109298572,=836943121324.7200,=26.5055,=0.4670,=40.7822,=27.0204,=19.3669
2016-11-29,=8474.3293,=9676.7100,=1974178095153.8000,=1677253241602,=846980642664.9498,=26.8427,=0.4872,=40.7822,=27.0280,=19.3669
2016-11-28,=8325.4689,=9506.7300,=1946096867109.6001,=1649417457081,=831293729455.5701,=26.4608,=0.4641,=40.7822,=27.0283,=19.3669
2016-11-25,=8330.7166,=9512.7200,=1945026906147.2000,=1648364633260,=831445756952.2198,=26.4463,=0.4633,=40.7822,=27.0286,=19.3669
2016-11-24,=8318.1864,=9498.4100,=1942107631649.8997,=1646195282291,=830484417528.5802,=26.4066,=0.4591,=40.8004,=27.0343,=19.3606
2016-11-23,=8231.1500,=9399.0300,=1926431620334.3999,=1630750756724,=820910128282.2601,=26.1935,=0.4376,=40.8004,=27.0400,=19.3606
2016-11-22,=8198.6119,=9361.8700,=1917151783374.3000,=1620988787260,=817369969783.7900,=26.0673,=0.4279,=40.8004,=27.0416,=19.3606
2016-11-21,=8187.9565,=9349.7000,=1915262664215,=1619975775428,=816407176322.6000,=26.0416,=0.4253,=40.8004,=27.0433,=19.3606
2016-11-18,=8210.3795,=9375.3100,=1919530190899,=1624032469090,=818959063453.5397,=26.0996,=0.4300,=40.8004,=27.0503,=19.3606
2016-11-17,=8246.6964,=9416.7800,=1927220698113.9004,=1631065890272,=822636084263.5498,=26.2042,=0.4375,=40.8249,=27.0573,=19.3376
2016-11-16,=8255.4775,=9426.8100,=1931909448360.5000,=1634725009211,=823915935269.0400,=26.2679,=0.4433,=40.8249,=27.0595,=19.3376
2016-11-15,=8283.2873,=9458.5600,=1938654445918.5996,=1640600070547,=826613664090.2600,=26.3596,=0.4525,=40.8249,=27.0616,=19.3376
2016-11-14,=8216.0818,=9381.8200,=1922487313217.4004,=1626828248485,=819638866797.0602,=26.1398,=0.4338,=40.8249,=27.0654,=19.3376
2016-11-11,=8260.7178,=9432.7900,=1933631908121,=1638022637009,=824905646149.4800,=26.2914,=0.4463,=40.8249,=27.0692,=19.3376
2016-11-10,=8269.0295,=9442.2800,=1939647417444.5000,=1644415407356,=826662446913.3500,=26.3731,=0.4538,=40.9910,=27.0729,=19.3179
2016-11-09,=8187.1873,=9348.8300,=1921508052042.8999,=1629304489628,=818721260299.8999,=26.1265,=0.4339,=40.9910,=27.0767,=19.3179
2016-11-08,=8255.1864,=9426.4700,=1938303248765.3997,=1643069607400,=825679465972.7399,=26.3549,=0.4510,=40.9910,=27.0779,=19.3179
2016-11-07,=8193.9470,=9356.5500,=1920835741727.3003,=1627418507460,=819005212135.2898,=26.1174,=0.4327,=40.9910,=27.0791,=19.3179
2016-11-04,=8202.9130,=9366.7800,=1922845433458.3000,=1628795066348,=819667187633.1301,=26.1447,=0.4341,=40.9910,=27.0888,=19.3179
2016-11-03,=8234.6251,=9403,=1931964408115.3999,=1636907163335,=822424723628.5499,=26.2687,=0.4433,=41.0207,=27.0984,=19.3110
2016-11-02,=8215.9042,=9381.6200,=1928129099057.1001,=1633749463803,=820763182287.6200,=26.2165,=0.4385,=41.0207,=27.1073,=19.3110
2016-11-01,=8280.8627,=9455.7900,=1943444032850.8997,=1646780561004,=827133177531.3799,=26.4248,=0.4556,=41.0207,=27.1162,=19.3110
2016-10-31,=8220.7442,=9387.1400,=1931119127839.0991,=1636816941791,=821932877693.0100,=26.2572,=0.4424,=41.0207,=27.1189,=19.3110
2016-10-28,=8211.3073,=9376.3700,=1927491997287.3000,=1633782885741,=820159669168.6801,=26.5660,=0.4646,=41.0207,=27.1216,=19.3110
2016-10-27,=8244.4789,=9414.2500,=1932003480607.3999,=1638196159168,=823135847262.9102,=26.8381,=0.4806,=41.0576,=27.1247,=19.3037
2016-10-26,=8281.7328,=9456.7900,=1940165398098.3999,=1644647619482,=824916149184.9099,=27.1216,=0.4994,=41.0576,=27.1279,=19.3037
2016-10-25,=8185.0813,=9346.4200,=1922556087400.3999,=1627580904589,=814871418243.9397,=26.9409,=0.4862,=41.0576,=27.1302,=19.3037
2016-10-24,=8113.0915,=9264.2200,=1902691046748.1997,=1609319947386,=806557158285.5598,=26.7660,=0.4746,=41.0576,=27.1324,=19.3037
2016-10-21,=8010.9176,=9147.5500,=1884245165705.5000,=1592544248087,=795574918171.1698,=26.4977,=0.4619,=41.0576,=27.1410,=19.3037
2016-10-20,=8041.7800,=9182.7900,=1892129940921.3000,=1563867966811,=798736210229.6200,=26.6561,=0.4707,=41.1193,=27.1496,=19.3019
2016-10-19,=8063.5599,=9207.6600,=1897408674417.3999,=1568111741228,=801049407488.0992,=26.9861,=0.4873,=41.1193,=27.1515,=19.3019
2016-10-18,=8073.5689,=9219.0900,=1899557647331.3999,=1569576532501,=802205440876.5381,=27.0433,=0.4938,=41.1193,=27.1534,=19.3019
2016-10-17,=7964.5102,=9094.5600,=1872901136201.3003,=1547466626407,=790496139838.3894,=26.6901,=0.4720,=41.1193,=27.1598,=19.3019
2016-10-14,=8011.1928,=9147.8600,=1884978785035.5000,=1556785559140,=795208620659.5906,=26.8623,=0.4808,=41.1193,=27.1661,=19.3019
2016-10-13,=7995.6448,=9130.1100,=1880170655627.3000,=1553572403371,=793445059336.8866,=26.7937,=0.4776,=41.1786,=27.1853,=19.3009
2016-10-12,=8013.0083,=9149.9300,=1884509791663,=1558395364723,=795435537356.5796,=26.8373,=0.4802,=41.1786,=27.2045,=19.3009
2016-10-11,=8029.4018,=9168.6500,=1889617520879.8999,=1563104267105,=797594427983.1896,=26.9101,=0.4822,=41.1786,=27.2225,=19.3009
2016-10-10,=8002.3979,=9137.8200,=1880779337241.3999,=1554642228344,=793749322502.5439,=26.7842,=0.4773,=41.1786,=27.2405,=19.3009
2016-09-30,=7875.2949,=8992.6800,=1850122205881.7000,=1529639059800,=781281767081.8071,=26.3476,=0.4532,=41.1786,=27.2449,=19.3009
2016-09-29,=7807.5215,=8915.2900,=1830797710075.4004,=1512086898563,=773744762082.3173,=26.0724,=0.4353,=41.1836,=27.2492,=19.2892
2016-09-28,=7774.0843,=8877.1100,=1822051069675.3999,=1503611260759,=770332951963.2479,=25.9478,=0.4219,=41.1836,=27.2564,=19.2892
2016-09-27,=7795.8886,=8902.0100,=1828633224910.1001,=1509576183100,=772915800629.1305,=26.0416,=0.4324,=41.1836,=27.2636,=19.2892
2016-09-26,=7752.4631,=8852.4200,=1818313230688.2000,=1500406845394,=768567699856.6650,=25.8946,=0.4190,=41.1836,=27.2648,=19.2892
2016-09-23,=7928.9369,=9043.2900,=1862670370115.2000,=1537482596521,=786039100564.5260,=26.5263,=0.4647,=41.1836,=27.2660,=19.2892
2016-09-22,=7939.7488,=9055.6200,=1865023128799.8000,=1539318604111,=786861427123.5217,=26.5598,=0.4656,=41.1949,=27.2756,=19.2854
2016-09-21,=7877.5960,=8984.7400,=1849501738241.3000,=1525357880497,=780753640657.2968,=26.3388,=0.4516,=41.1949,=27.2851,=19.2854
2016-09-20,=7885.6237,=8993.8900,=1852052079965.2000,=1526952855367,=781756968266.2297,=26.3751,=0.4547,=41.1949,=27.2919,=19.2854
2016-09-19,=7889.8253,=8998.6800,=1856353851633.3999,=1532009704871,=783237913252.8407,=26.4363,=0.4578,=41.1949,=27.2986,=19.2854
2016-09-14,=7828.3526,=8928.5700,=1842233959219.8999,=1520966254330,=777686913328.1279,=26.2353,=0.4444,=41.1949,=27.3023,=19.2854
2016-09-13,=7844.3467,=8946.8100,=1846129246482.3000,=1524430937225,=779117537860.4117,=26.2907,=0.4486,=41.2907,=27.3060,=19.2792
2016-09-12,=7827.6644,=8927.7900,=1842129274462.6997,=1520362613861,=777135365541.7974,=26.2338,=0.4443,=41.2907,=27.3101,=19.2792
2016-09-09,=8028.0427,=9156.3300,=1887843118117.5996,=1558778949670,=796533039776.4504,=26.8848,=0.4766,=41.2907,=27.3142,=19.2792
2016-09-08,=8085.4457,=9221.8000,=1900795249528.7000,=1569445850952,=802066677614.1914,=27.0692,=0.4894,=41.2907,=27.3283,=19.2792
2016-09-07,=8093.7243,=9231.2400,=1900260238142.0991,=1567710049646,=802931805304.5625,=27.0616,=0.4891,=41.2907,=27.3424,=19.2792
2016-09-06,=8141.5315,=9285.7700,=1913429027057.5000,=1579294415993,=808105924067.0298,=27.2492,=0.4957,=41.4293,=27.3484,=19.2755
2016-09-05,=8062.3673,=9195.4800,=1895884065806.5000,=1564962874810,=800265002272.6030,=26.9993,=0.4851,=41.4293,=27.3544,=19.2755
2016-09-02,=8041.3104,=9171.4600,=1888679542213,=1559033802471,=797950223890.5236,=26.8967,=0.4779,=41.4293,=27.3607,=19.2755
2016-09-01,=8076.9713,=9212.1300,=1896823029114.3000,=1566623215060,=801990032894.6907,=27.0127,=0.4862,=41.4293,=27.3669,=19.2755
2016-08-31,=8140.4499,=9284.5300,=1910293242780.5996,=1577644444952,=808183353960.6342,=27.2045,=0.4940,=41.4293,=27.3722,=19.2755
2016-08-30,=8112.1596,=9252.2700,=1901094543585.5000,=1568715449055,=805284003696.6500,=27.0280,=0.4868,=41.4898,=27.3774,=19.2734
2016-08-29,=8115.4070,=9255.9700,=1902952514419.7004,=1570406586895,=805461746487.7029,=27.0984,=0.4899,=41.4898,=27.3787,=19.2734
2016-08-26,=8149.8949,=9295.3000,=1903879063300.8997,=1570770391061,=808350250595.7046,=27.4544,=0.5029,=41.4898,=27.3800,=19.2734
2016-08-25,=8153.9713,=9299.9500,=1906487509763.2000,=1572946418940,=809224653924.9503,=27.5134,=0.5037,=41.4898,=27.3787,=19.2734
2016-08-24,=8203.5458,=9356.5000,=1918388692789.5000,=1582816539446,=810786227836.8408,=27.6785,=0.5167,=41.4898,=27.3774,=19.2734
2016-08-23,=8233.4756,=9390.6300,=1921984330265.2004,=1589011483498,=813889335562.4218,=27.6852,=0.5170,=41.5139,=27.3722,=19.2477
2016-08-22,=8229.2792,=9385.8500,=1920553234018.5000,=1588481779582,=813401232482.4701,=27.7301,=0.5196,=41.5139,=27.3669,=19.2477
2016-08-19,=8231.5083,=9388.3900,=1920975209069.5000,=1587240698315,=813160982959.6066,=27.7444,=0.5199,=41.5139,=27.3607,=19.2477
2016-08-18,=8252.7230,=9412.2200,=1924317454686.8003,=1590912103569,=815158196780.0807,=27.8928,=0.5231,=41.5139,=27.3544,=19.2477
2016-08-17,=8314.4011,=9482.5600,=1936772102756.5000,=1601620121210,=820806466296.7753,=28.2143,=0.5366,=41.5139,=27.3484,=19.2477
2016-08-16,=8309.5749,=9477.0600,=1936347513785.2000,=1601784111759,=820861641069.4552,=28.2085,=0.5364,=41.5240,=27.3424,=19.2459
2016-08-15,=8342.1798,=9514.2400,=1949830762295.6997,=1616032626962,=823313368084.0790,=28.4085,=0.5453,=41.5240,=27.3283,=19.2459
2016-08-12,=8202.9896,=9355.5000,=1920406079510.8999,=1591653153079,=810420834302.0486,=28.0027,=0.5277,=41.5240,=27.3142,=19.2459
2016-08-11,=8152.9203,=9291.7100,=1908395575410.7000,=1582761598052,=805995204300.5242,=27.9332,=0.5246,=41.5240,=27.3101,=19.2459
2016-08-10,=8183.4693,=9326.5300,=1912830364689.8000,=1584780753889,=808089515143.1660,=28.0091,=0.5278,=41.5240,=27.3060,=19.2459
2016-08-09,=8257.1134,=9410.4600,=1928528852110.6997,=1597908401452,=815137761484.8829,=28.2390,=0.5373,=41.5864,=27.3023,=19.2459
2016-08-08,=8165.5284,=9306.0800,=1899142226789,=1576844815298,=804913099039.0862,=27.8087,=0.5232,=41.5864,=27.2986,=19.2459
2016-08-05,=8106.9938,=9239.3700,=1885430331697.2000,=1565112610358,=799380796044.1920,=27.6079,=0.5142,=41.5864,=27.2919,=19.2459
2016-08-04,=8115.2777,=9248.8100,=1888671756173.2996,=1568531466678,=800007724778.2279,=27.6554,=0.5191,=41.5864,=27.2851,=19.2459
2016-08-03,=8124.0304,=9258.7900,=1891625489596,=1571108668045,=801049336448.3370,=27.7098,=0.5212,=41.5864,=27.2756,=19.2459
2016-08-02,=8091.2259,=9221.4000,=1885116819293.1001,=1565104917757,=797924599958.4869,=27.6144,=0.5151,=41.7323,=27.2660,=19.2339
2016-08-01,=8085.6754,=9215.0700,=1882940299739,=1564177342549,=795171204654.7544,=27.4445,=0.5078,=41.7323,=27.2648,=19.2339
2016-07-29,=8237.7290,=9388.3700,=1920005243124.5000,=1596390343071,=810584253863.1030,=27.9531,=0.5244,=41.7323,=27.2636,=19.2339
2016-07-28,=8252.6115,=9405.3300,=1922694315028.5000,=1599546092615,=812546155973.8820,=27.9923,=0.5253,=41.7323,=27.2521,=19.2339
2016-07-27,=8143.0080,=9280.4100,=1898735488401.2000,=1579926810152,=801849779890.0057,=27.6434,=0.5180,=41.7323,=27.2405,=19.2339
2016-07-26,=8331.0580,=9494.7300,=1941798265617.1001,=1613492150264,=819504192276.9440,=28.2704,=0.5364,=41.8337,=27.2033,=19.2039
2016-07-25,=8156.1053,=9295.3400,=1902499955220.6001,=1579152077190,=801671100547.1971,=27.6983,=0.5210,=41.8337,=27.1661,=19.2039
2016-07-22,=8130.8729,=9248.5300,=1896748271422.1001,=1573287793576,=798340831407.6146,=27.6145,=0.5166,=41.8337,=27.1598,=19.2039
2016-07-21,=8277.1330,=9414.4200,=1931908310789.3999,=1602348642034,=812897119038.4570,=28.1264,=0.5268,=41.8337,=27.1534,=19.2039
2016-07-20,=8227.5615,=9356.8700,=1916985930373.5000,=1588983748733,=807166404895.4263,=28.1706,=0.5306,=41.8337,=27.1515,=19.2039
2016-07-19,=8223.4507,=9352.2000,=1915406861767.8000,=1587125423045,=806383330925.7428,=28.1474,=0.5286,=41.8467,=27.1496,=19.2017
2016-07-18,=8349.0427,=9490.5100,=1946964778754.2000,=1615329791978,=819533818689.4006,=28.6111,=0.5470,=41.8467,=27.1410,=19.2017
2016-07-15,=8394.5942,=9542.2900,=1957472549846.8999,=1624756095436,=824243450296.4373,=28.7656,=0.5520,=41.8467,=27.1324,=19.2017
2016-07-14,=8390.8114,=9537.4200,=1955769842414.5000,=1623272699247,=824244731549.2542,=28.7405,=0.5512,=41.8467,=27.1302,=19.2017
2016-07-13,=8402.8124,=9551.0600,=1960440291003,=1626729872619,=824922929469.4591,=28.8092,=0.5527,=41.8467,=27.1279,=19.2017
2016-07-12,=8475.9024,=9634.1400,=1981228265453.1001,=1646216092921,=833331759718.1904,=29.1146,=0.5612,=41.8468,=27.1221,=19.1992
2016-07-11,=8269.8161,=9398.6000,=1935099644524.5000,=1606643394925,=812122216096.2954,=28.4368,=0.5434,=41.8468,=27.1162,=19.1992
2016-07-08,=8140.2748,=9251.3800,=1902928989008.7004,=1578928110347,=799462657912.0814,=27.9640,=0.5273,=41.8468,=27.0977,=19.1992
2016-07-07,=8188.3193,=9303.4500,=1916941368644.3999,=1591267344783,=805542858200.3475,=28.1699,=0.5317,=41.8468,=27.0791,=19.1992
2016-07-06,=8166.9409,=9278.3600,=1916129422471.5005,=1590776455418,=803398567685.0869,=28.1580,=0.5308,=41.8468,=27.0779,=19.1992
2016-07-05,=7912.1347,=8988.8800,=1847767891349.2000,=1531090303626,=777088573593.3995,=27.1534,=0.5035,=41.8473,=27.0767,=19.1924
2016-07-04,=7875.7667,=8947.2700,=1835635521247.6001,=1519130957306,=772417391738.9108,=26.9751,=0.4944,=41.8473,=27.0670,=19.1924
2016-07-01,=7773.5296,=8831.1300,=1808539233404.6001,=1496001492184,=761731513640.7047,=26.5769,=0.4788,=41.8473,=27.0767,=19.1924
2016-06-30,=7788.8246,=8828.5100,=1817465796316.8000,=1504151527585,=764085907695.2155,=26.7081,=0.4832,=41.8473,=27.0779,=19.1924
2016-06-29,=7744.0946,=8776.8000,=1804931207725.3000,=1493591668877,=757317623808.4126,=26.5239,=0.4770,=41.8473,=27.0791,=19.1924
2016-06-28,=7751.6992,=8785.4100,=1808338365773.6001,=1487176851928,=757661102968.3152,=26.5740,=0.4785,=41.9218,=27.0977,=19.1903
2016-06-27,=7729.5466,=8752.8000,=1803812681850.6997,=1483992942736,=755323803162.0779,=26.5075,=0.4764,=41.9218,=27.1162,=19.1903
2016-06-24,=7536.3883,=8531.9500,=1746940454135.7998,=1440671732720,=734859990604.6012,=25.6717,=0.4201,=41.9218,=27.1221,=19.1903
2016-06-23,=7646.2306,=8654.9800,=1771622678046.1001,=1460193276715,=745155768791.1152,=26.0344,=0.4475,=41.9218,=27.1279,=19.1903
2016-06-22,=7707.8779,=8724.7600,=1780741656702.3003,=1472093682730,=751230588206.8630,=26.1684,=0.4554,=41.9218,=27.1302,=19.1903
2016-06-21,=7642.8328,=8651.1300,=1763251638589.6001,=1457318626674,=744527558103.2228,=25.9114,=0.4362,=41.9306,=27.1324,=19.1892
2016-06-20,=7725.5681,=8744.7900,=1783072595792.3000,=1473132080483,=752292180418.0505,=26.2027,=0.4559,=41.9306,=27.1410,=19.1892
2016-06-17,=7755.2288,=8776.1600,=1791272977540.8999,=1477440827155,=755059007594.4321,=26.3232,=0.4633,=41.9306,=27.1496,=19.1892
2016-06-16,=7650.8246,=8645.2300,=1766894605373.7998,=1455575301534,=744977804492.6185,=25.9650,=0.4405,=41.9306,=27.1579,=19.1892
2016-06-15,=7700.0666,=8697.2900,=1776676578696.2002,=1465322237877,=749613394234.9928,=26.1087,=0.4520,=41.9306,=27.1661,=19.1892
2016-06-14,=7553.5603,=8531.8100,=1743633923765.8999,=1438024811316,=735961839700.3213,=25.6231,=0.4203,=42.0184,=27.2033,=19.1703
2016-06-13,=7451.9758,=8417.0700,=1718926579339.6001,=1416245503677,=725437307331.8561,=25.2601,=0.4021,=42.0184,=27.2405,=19.1703
2016-06-08,=7657.9364,=8649.7100,=1858716868338,=1492686772372,=764725276018.0518,=25.5996,=0.4184,=42.0184,=27.2521,=19.1703
2016-06-07,=7750.8811,=8754.6900,=1883078585826.4995,=1512498776108,=773906656706.1168,=25.9352,=0.4371,=42.0184,=27.2636,=19.1703
2016-06-06,=7720.4555,=8720.3200,=1876744342087.2000,=1506516583641,=770670572351.5482,=25.8479,=0.4314,=42.0184,=27.2648,=19.1703
2016-06-03,=7767.7003,=8773.6900,=1889515506768.3000,=1518334333018,=776136706312.5996,=26.0238,=0.4447,=42.1080,=27.2660,=19.1497
2016-06-02,=7571.5350,=8548.6100,=1838081322210,=1473315132233,=754891778977.9893,=25.3154,=0.4051,=42.1080,=27.2756,=19.1497
2016-06-01,=7530.6859,=8502.4900,=1827536286993.7000,=1463940634949,=750468798106.8739,=25.1702,=0.3988,=42.1080,=27.2851,=19.1497
2016-05-31,=7515.0945,=8484.8800,=1824859526399.6001,=1462445078851,=749131545512.3795,=25.1333,=0.3973,=42.1080,=27.2919,=19.1497
2016-05-30,=7277.3464,=8210.1200,=1766557256980.8999,=1415368223359,=725380348704.5571,=24.3304,=0.3492,=42.1080,=27.2986,=19.1497
2016-05-27,=7297.3524,=8231.2000,=1769261824719.2998,=1415846047078,=726381885353.9178,=24.3676,=0.3506,=42.1355,=27.3023,=19.1481
2016-05-26,=7305.6463,=8240.5600,=1770100315935.9998,=1417419096490,=726683318573.0359,=24.3792,=0.3514,=42.1355,=27.3060,=19.1481
2016-05-25,=7325.4962,=8262.9500,=1774229000273.6001,=1420418989196,=727685483609.3448,=24.3868,=0.3522,=42.1355,=27.3101,=19.1481
2016-05-24,=7392.8823,=8338.9600,=1781851015326.1001,=1432217877983,=734170265341.9592,=24.4915,=0.3590,=42.1355,=27.3142,=19.1481
2016-05-23,=7478.1324,=8435.1200,=1804297143262.3999,=1448735797595,=742318271337.9642,=24.8001,=0.3796,=42.1355,=27.3283,=19.1481
2016-05-20,=7409.0260,=8355.5100,=1786831224718.2996,=1434769083263,=735301236677.6322,=24.5600,=0.3648,=42.1376,=27.3424,=19.1388
2016-05-19,=7350.9055,=8289.9600,=1772095505236.7004,=1420650278870,=728956479025.3335,=24.3574,=0.3513,=42.1376,=27.3484,=19.1388
2016-05-18,=7372.1184,=8313.4600,=1777022322105.3999,=1424634719269,=731010043605.5529,=24.4252,=0.3563,=42.1376,=27.3544,=19.1388
2016-05-17,=7507.7488,=8466.1300,=1810843373497.3003,=1451147323030,=744787513809.3270,=24.8900,=0.3823,=42.1376,=27.3607,=19.1388
2016-05-16,=7596.8445,=8565.5900,=1830982889482.6011,=1468480978041,=753396801841.6283,=25.3660,=0.4041,=42.1376,=27.3669,=19.1388
2016-05-13,=7474.7904,=8427.9700,=1805376239246.4004,=1447852627073,=741662633052.0702,=25.0113,=0.3869,=42.2288,=27.3722,=19.1385
2016-05-12,=7536.6427,=8497.7100,=1819870485308.8999,=1459030627447,=748107674922.6433,=25.2121,=0.3974,=42.2288,=27.3774,=19.1385
2016-05-11,=7579.8394,=8546.4200,=1828835288724.7996,=1466404962783,=752261471143.8711,=25.3363,=0.4006,=42.2288,=27.3787,=19.1385
2016-05-10,=7393.9829,=8335.5400,=1781435209589.4993,=1431177206214,=733975585301.9351,=24.6796,=0.3744,=42.2288,=27.3800,=19.1385
2016-05-09,=7295.4692,=8224.4800,=1762500346610.6997,=1414061879516,=724246360034.1215,=24.4173,=0.3572,=42.2288,=27.4023,=19.1385
2016-05-06,=7373.3764,=8312.3100,=1780620180084.3000,=1427973509786,=731822554478.1924,=24.6683,=0.3730,=42.2816,=27.4247,=19.1358
2016-05-05,=7632.4086,=8576.3300,=1839690214920.2991,=1475112190299,=757251717864.1222,=25.4866,=0.4058,=42.2816,=27.4264,=19.1358
2016-05-04,=7598.1347,=8537.8200,=1830931634915.5000,=1468876985581,=753847182111.3511,=25.3653,=0.4018,=42.2816,=27.4280,=19.1358
2016-05-03,=7634.6553,=8578.8600,=1840489006196.8997,=1477173373642,=757843794983.4662,=25.4977,=0.4063,=42.2816,=27.4330,=19.1358
2016-04-29,=7340.4559,=8248.2700,=1766563842568.1001,=1417932549682,=728837170142.3102,=24.6256,=0.3703,=42.2816,=27.4380,=19.1358
2016-04-28,=7239.9292,=8135.3100,=1742121802634.1997,=1396245916835,=717286954467.7419,=24.6412,=0.3724,=42.2895,=27.4508,=19.1327
2016-04-27,=7263.5428,=8148.5600,=1750474128213.1001,=1399941567266,=721603172764.5709,=24.4916,=0.3611,=42.2895,=27.4636,=19.1327
2016-04-26,=7249.8071,=8133.1500,=1747591129430.1001,=1396925984673,=720128837992.9758,=24.4554,=0.3601,=42.2895,=27.4889,=19.1327
2016-04-25,=7193.4525,=8069.9300,=1735451734814.1001,=1387732118847,=714051251356.2527,=24.8177,=0.3779,=42.2895,=27.5142,=19.1327
2016-04-22,=7206.5728,=8084.6500,=1738102924316.5000,=1389429281380,=713808958423.6285,=24.7975,=0.3775,=42.2895,=27.5179,=19.1327
2016-04-21,=7125.2364,=7993.4000,=1714913562475.4998,=1369856283117,=705266719697.0319,=24.6021,=0.3686,=42.3067,=27.5217,=19.1223
2016-04-20,=7140.0726,=8010.0500,=1715301406083.1001,=1370722518950,=706678559149.2590,=24.7833,=0.3767,=42.3067,=27.5251,=19.1223
2016-04-19,=7345.2431,=8240.2200,=1766002564485.6001,=1407333221707,=726139851753.2865,=25.7173,=0.4115,=42.3067,=27.5285,=19.1223
2016-04-18,=7339.2866,=8233.5300,=1764335056915.8997,=1407862158253,=725913424059.3364,=25.7242,=0.4124,=42.3067,=27.5316,=19.1223
2016-04-15,=7428.3558,=8333.4500,=1785517847966.7002,=1424482023518,=734443427161.7791,=26.0331,=0.4345,=42.3067,=27.5347,=19.1223
2016-04-14,=7439.2582,=8343.9500,=1789194226910.9995,=1424650329704,=735227528057.0258,=26.0867,=0.4372,=42.3467,=27.5387,=19.1163
2016-04-13,=7380.0870,=8277.5800,=1774263026427.0996,=1414006509036,=729548209513.8566,=25.8690,=0.4235,=42.3467,=27.5428,=19.1163
2016-04-12,=7331.3674,=8222.3800,=1765193496380.8999,=1408102902284,=725302507374.3794,=25.7368,=0.4146,=42.3467,=27.5484,=19.1163
2016-04-11,=7382.6149,=8279.8500,=1777261852706.8000,=1414490163304,=730016798408.5786,=25.9127,=0.4252,=42.3467,=27.5540,=19.1163
2016-04-08,=7307.1055,=8195.1700,=1763746576322.3000,=1405710896389,=723685612802.1238,=25.6375,=0.4114,=42.3467,=27.5564,=19.1163
2016-04-07,=7395.7059,=8294.5300,=1783746486897.7998,=1423849867255,=732571592525.2113,=25.9710,=0.4287,=42.3520,=27.5587,=19.1132
2016-04-06,=7532.0097,=8447.4000,=1815841955690.8000,=1451393437394,=746026058124.7830,=26.4383,=0.4552,=42.3520,=27.5649,=19.1132
2016-04-05,=7466.8466,=8374.3200,=1796142039601.8997,=1431099961595,=738432100521.6655,=26.1514,=0.4384,=42.3520,=27.5711,=19.1132
2016-04-01,=7365.1451,=8260.2600,=1773549601417.5000,=1413864327224,=728918617741.9220,=25.8225,=0.4198,=42.3520,=27.5751,=19.1132
2016-03-31,=7425.4160,=8325.9800,=1786295310927.1003,=1425353294834,=734792441816.3500,=26.0081,=0.4316,=42.3520,=27.5790,=19.1132
2016-03-30,=7418.1546,=8317.8400,=1786218342177.6006,=1425399414076,=734970193129.2700,=26.1237,=0.4374,=42.4892,=27.5896,=19.1113
2016-03-29,=7261.5740,=8142.2700,=1750117950116.2998,=1398611323671,=719850226132.5100,=25.6972,=0.4138,=42.4892,=27.6003,=19.1113
2016-03-28,=7382.1857,=8277.5100,=1777376039178.3999,=1421002581859,=731622153069.9701,=26.1759,=0.4385,=42.4892,=27.6017,=19.1113
2016-03-25,=7312.0326,=8198.8500,=1756934032726.3000,=1403867697416,=724495872290.4202,=26.0614,=0.4345,=42.4892,=27.6032,=19.1113
2016-03-24,=7243.9986,=8122.5600,=1742692393653.8999,=1389053943978,=717640124859.9301,=25.8675,=0.4238,=42.4892,=27.6181,=19.1113
2016-03-23,=7267.3844,=8148.7800,=1742437847175.8000,=1386660782485,=719186494500.3800,=25.6437,=0.4142,=42.5679,=27.6330,=19.1076
2016-03-22,=7250.1009,=8129.4100,=1737226689708.3999,=1384764102174,=717566378881.0201,=25.5670,=0.4102,=42.5679,=27.6338,=19.1076
2016-03-21,=7239.3249,=8117.3200,=1732354267501.0996,=1380271409710,=716302171253.3202,=25.4953,=0.4080,=42.5679,=27.6346,=19.1076
2016-03-18,=7106.7438,=7968.6600,=1701441055787.2000,=1354939195459,=702988278296.5001,=25.0475,=0.3910,=42.5679,=27.6348,=19.1076
2016-03-17,=7000.9151,=7850,=1678693360398.7000,=1339772428814,=693469415903.9602,=24.6986,=0.3784,=42.5679,=27.6349,=19.1076
2016-03-16,=6910.6113,=7748.7400,=1656699200268.5002,=1323315671046,=684785081714,=24.2996,=0.3589,=42.5688,=27.6397,=19.1013
2016-03-15,=6975.2670,=7821.2400,=1673931206310.1001,=1335257828138,=691405565993.9801,=24.5523,=0.3702,=42.5688,=27.6444,=19.1013
2016-03-14,=6923.8165,=7763.5500,=1660217978617.4004,=1324949031649,=684923656094.3900,=24.3512,=0.3600,=42.5688,=27.6455,=19.1013
2016-03-11,=6845.6496,=7675.9000,=1641118097193.3999,=1315011981437,=678068258068.4701,=24.0711,=0.3528,=42.5688,=27.6466,=19.1013
2016-03-10,=6874.4546,=7708.2000,=1648441843178.5000,=1319305477130,=680666454033.0201,=24.6598,=0.3758,=42.5688,=27.6530,=19.1013
2016-03-09,=6867.9501,=7700.9100,=1641915256490.2000,=1317206449120,=680060968506.0100,=24.6030,=0.3730,=42.6613,=27.6593,=19.0994
2016-03-08,=6977.5494,=7823.8000,=1667393158876.8999,=1336001187518,=690787439900.0701,=24.9847,=0.3849,=42.6613,=27.6765,=19.0994
2016-03-07,=7032.2031,=7885.0800,=1680782187872.2996,=1348498912709,=696702298023.0200,=25.1854,=0.3951,=42.6613,=27.6936,=19.0994
2016-03-04,=6993.7790,=7842,=1671747648403.8000,=1344746015989,=693932599102.6001,=25.0500,=0.3885,=42.6613,=27.7031,=19.0994
2016-03-03,=6909.7196,=7747.7400,=1652454506381.3003,=1323347010959,=683829139547.2301,=24.7609,=0.3782,=42.6613,=27.7126,=19.0994
2016-03-02,=6848.4726,=7679.0700,=1640799560939.5996,=1310452328614,=677220573685.5100,=24.5863,=0.3729,=42.6614,=27.7355,=19.0946
2016-03-01,=6625.1521,=7428.6600,=1587900599999.3999,=1267795772445,=655203427132.5699,=23.7829,=0.3416,=42.6614,=27.7584,=19.0946
2016-02-29,=6510.0822,=7299.6400,=1558704739813.9993,=1245325529948,=643819275466.3400,=23.3457,=0.3313,=42.6614,=27.7872,=19.0946
2016-02-26,=6677.8651,=7487.7700,=1600835786694.9993,=1274625155725,=659703016465.7401,=23.9946,=0.3494,=42.6614,=27.8161,=19.0946
2016-02-25,=6583.5700,=7382.0400,=1577932845462.9995,=1255972951581,=650132237539.5798,=23.6514,=0.3385,=42.6614,=27.8194,=19.0946
2016-02-24,=7019.3953,=7870.7200,=1678041853981.2000,=1332322433062,=692490107269.2800,=25.2424,=0.3939,=42.6975,=27.8228,=19.0928
2016-02-23,=6970.1118,=7815.4600,=1668167750800.2002,=1321597515088,=687025163916.5802,=25.0939,=0.3886,=42.6975,=27.8264,=19.0928
2016-02-22,=6970.6816,=7816.1000,=1663737845878.2998,=1317404546606,=686709503649.3500,=25.0273,=0.3857,=42.6975,=27.8299,=19.0928
2016-02-19,=6844.6069,=7674.7300,=1632573046195.6001,=1292315706733,=674079109107.8300,=24.5585,=0.3704,=42.6975,=27.8890,=19.0928
2016-02-18,=6823.7950,=7651.4000,=1625547547055.7000,=1288366142456,=672043294932.2100,=24.4528,=0.3657,=42.6975,=27.9480,=19.0928
2016-02-17,=6859.6156,=7691.5600,=1634809969446.2004,=1295746552781,=675478540502.0798,=24.5921,=0.3715,=42.7370,=27.9702,=19.0887
2016-02-16,=6819.4361,=7646.5100,=1630070910578.0005,=1292487476632,=671921530314.3898,=24.5208,=0.3699,=42.7370,=27.9925,=19.0887
2016-02-15,=6613.4908,=7415.5900,=1583958099766.6001,=1256418471180,=651855423495.8401,=23.8272,=0.3439,=42.7370,=28.0274,=19.0887
2016-02-05,=6668.9651,=7477.7900,=1597013763966.7002,=1266675116238,=657399201511.3600,=24.0235,=0.3510,=42.7370,=28.0624,=19.0887
2016-02-04,=6708.1918,=7521.7700,=1602595594667.1001,=1274348376571,=661149959119.8600,=24.1075,=0.3537,=42.7370,=28.0917,=19.0887
2016-02-03,=6636.7116,=7441.6200,=1585519810857.8000,=1261695870875,=654093455101.5898,=23.8506,=0.3446,=42.7750,=28.1210,=19.0794
2016-02-02,=6654.3812,=7461.4400,=1589412831083.8999,=1264407984826,=656010840928.7001,=23.9092,=0.3460,=42.7750,=28.1254,=19.0794
2016-02-01,=6514.6773,=7304.7900,=1556884170675.8994,=1239684536534,=642324737082.2100,=23.4199,=0.3350,=42.7750,=28.1299,=19.0794
2016-01-29,=6554.8704,=7349.8600,=1563631451848.1001,=1244749787714,=645786565006.0801,=23.5214,=0.3365,=42.7750,=28.1353,=19.0794
2016-01-28,=6360.1745,=7131.5500,=1518465700635,=1208250713870,=626454210991.1100,=22.8420,=0.3260,=42.7750,=28.1406,=19.0794
2016-01-27,=6506.7370,=7295.8800,=1552639078316.9004,=1233037635866,=640584744570.5000,=23.3560,=0.3344,=42.8250,=28.1536,=19.0791
2016-01-26,=6525.8354,=7317.3000,=1557992434347.1003,=1236439064502,=642383589103.8701,=23.4566,=0.3352,=42.8250,=28.1665,=19.0791
2016-01-25,=6880.4147,=7714.8800,=1635659733317.6997,=1295352542720,=677065921068.8801,=24.6259,=0.3680,=42.8250,=28.1706,=19.0791
2016-01-22,=6809.6677,=7635.5600,=1619697766325.8999,=1280509601146,=670477459944.5001,=24.3856,=0.3582,=42.8250,=28.1748,=19.0791
2016-01-21,=6757.4950,=7577.0600,=1608645194389.7998,=1270563984640,=665133216703.9301,=24.2192,=0.3547,=42.8250,=28.1889,=19.0791
2016-01-20,=6921.1177,=7760.5200,=1648444730127.5002,=1298466205769,=680746087487.1300,=24.8184,=0.3719,=42.8283,=28.2031,=19.0680
2016-01-19,=7064.3090,=7921.0800,=1680187368622.3999,=1327411914878,=695395706741.5399,=25.2963,=0.3865,=42.8283,=28.2033,=19.0680
2016-01-18,=6838.4310,=7667.8100,=1627620982027.6001,=1282535871239,=672104848002.7000,=24.5049,=0.3642,=42.8283,=28.2034,=19.0680
2016-01-15,=6808.6960,=7634.4700,=1622646771201.6997,=1277242757849,=668918450148.4800,=24.4300,=0.3619,=42.8283,=28.2058,=19.0680
2016-01-14,=7019.3560,=7870.6800,=1672928898312.6997,=1316370895938,=689861799482.9501,=25.1870,=0.3848,=42.8283,=28.2082,=19.0680
2016-01-13,=6871.5510,=7704.9400,=1636611064834.8000,=1287793668798,=675078521129.0300,=24.6403,=0.3680,=42.8285,=28.2177,=19.0609
2016-01-12,=7002.2320,=7851.4700,=1662562334287.2998,=1306332503493,=687236913525.9700,=25.0310,=0.3783,=42.8285,=28.2272,=19.0609
2016-01-11,=7006.7970,=7856.5900,=1666712681085.8999,=1308739561863,=687965761999.2900,=25.0935,=0.3798,=42.8285,=28.2285,=19.0609
2016-01-08,=7376.2010,=8270.8000,=1749954890987.8000,=1374685689332,=724165248044.3499,=26.3467,=0.4293,=42.8285,=28.2299,=19.0609
2016-01-07,=7218.1430,=8093.5700,=1714546442398.5002,=1347667232003,=708525972511.9299,=25.8136,=0.4024,=42.8285,=28.2487,=19.0609
2016-01-06,=7745.8090,=8685.2300,=1835387172338.5000,=1442333421708,=760544115345.5901,=27.6330,=0.4842,=42.8431,=28.2674,=19.0589
2016-01-05,=7631.9430,=8557.5600,=1810856513427.5996,=1423020702011,=749683940368.8701,=27.2636,=0.4681,=42.8431,=28.2687,=19.0589
2016-01-04,=7543.7500,=8458.6700,=1787524330742.8000,=1406471358849,=740921468532.6401,=26.9124,=0.4538,=42.8431,=28.2699,=19.0589
2015-12-31,=8107.4320,=9090.7200,=1913868347780.2000,=1505094729303,=796051416840.8202,=28.8145,=0.5174,=42.8431,=28.2868,=19.0589
2015-12-30,=8157.2830,=9146.6100,=1921469011760.7000,=1511312305506,=800848873921.9899,=28.9290,=0.5209,=42.8431,=28.2699,=19.0589
2015-12-29,=8138.6330,=9125.7000,=1917039910313.1001,=1507366985628,=799169240657.5500,=28.8623,=0.5187,=42.8937,=28.2687,=19.0558
2015-12-28,=8050.0190,=9026.3400,=1896599413631.1997,=1491917808389,=790572678171.1901,=28.5546,=0.5108,=42.8937,=28.2674,=19.0558
2015-12-25,=8255.7510,=9257.0200,=1942120229896.7000,=1530113660853,=811244561694.7000,=29.2399,=0.5283,=42.8937,=28.2487,=19.0558
2015-12-24,=8263.0160,=9265.1700,=1946123343975.8000,=1533256120117,=811928703194.0598,=29.3002,=0.5305,=42.8937,=28.2299,=19.0558
2015-12-23,=8325.4670,=9335.1900,=1953057682606.1001,=1539190915757,=818268521244.1898,=29.4046,=0.5327,=42.8937,=28.2285,=19.0558
2015-12-22,=8399.4760,=9418.1800,=1971358672372.3999,=1552645101899,=825633860034.9297,=29.6801,=0.5407,=42.9793,=28.2272,=19.0168
2015-12-21,=8357.6600,=9371.2900,=1967238737253.6001,=1550142049400,=821647622864.5602,=29.6181,=0.5404,=42.9793,=28.2177,=19.0168
2015-12-18,=7993.6570,=8963.1400,=1884020407699.6997,=1481802655259,=784764095403.4398,=28.3652,=0.5070,=42.9793,=28.2082,=19.0168
2015-12-17,=7877.3380,=8832.7100,=1863912487072.6001,=1462829457588,=772874318167.7100,=28.0624,=0.4952,=42.9793,=28.2058,=19.0168
2015-12-16,=7730.9290,=8668.5500,=1830456840586.8999,=1436013188330,=758605473410.9099,=27.5587,=0.4841,=42.9793,=28.2082,=19.0168
2015-12-15,=7762.1950,=8703.6100,=1835518555159.1001,=1442307616246,=761833215910.1401,=27.6349,=0.4876,=43.0513,=28.2177,=19.0110
2015-12-14,=7733.1650,=8671.0600,=1827997582569.3999,=1436363188846,=759108438885.7001,=27.5217,=0.4815,=43.0513,=28.2272,=19.0110
2015-12-11,=7611.8750,=8535.0600,=1758573795117.7000,=1454380730348,=763510752940.0802,=27.3142,=0.4748,=43.0513,=28.2285,=19.0110
2015-12-10,=7682.6830,=8614.4500,=1772770890472.3999,=1465423970459,=771012580745.0200,=27.5347,=0.4821,=43.0513,=28.2299,=19.0110
2015-12-09,=7712.4280,=8647.8000,=1779834781958.8997,=1471901274305,=774168943831.3900,=27.6444,=0.4869,=43.0513,=28.2487,=19.0110
2015-12-08,=7697.5290,=8631.1000,=1776994468403.8003,=1467532323389,=772630266616.0504,=27.6003,=0.4853,=43.1058,=28.2674,=19.0104
2015-12-07,=7897.0230,=8854.7900,=1822283747881.5000,=1504673128620,=792456373969.4498,=28.3037,=0.5010,=43.1058,=28.2687,=19.0104
2015-12-04,=7855.6650,=8808.4100,=1811785388815.1001,=1496294401029,=788664309529.3000,=28.1406,=0.4949,=43.1058,=28.2674,=19.0104
2015-12-03,=7901.3430,=8859.6300,=1823173775864.4995,=1507483165439,=793572185697.6400,=28.3175,=0.5029,=43.1058,=28.2687,=19.0104
2015-12-02,=7861.4320,=8814.8800,=1813984381942.2000,=1501193625610,=789722337737.2800,=28.1748,=0.4961,=43.1058,=28.2674,=19.0104
2015-12-01,=7707.4020,=8642.1700,=1779979598438.2998,=1469770416199,=774065941035.1798,=27.6466,=0.4881,=43.1074,=28.2687,=18.9985
2015-11-30,=7643.1180,=8570.0900,=1761163861701.9995,=1455748517182,=767578559129.4198,=27.3544,=0.4781,=43.1074,=28.2699,=18.9985
2015-11-27,=7638.3670,=8564.7600,=1757572103459.6997,=1452368148928,=767029574294.7800,=27.2986,=0.4765,=43.1074,=28.2880,=18.9985
2015-11-26,=8001.1840,=8971.5800,=1837944255407.3000,=1518853986419,=803525064208.0601,=28.5469,=0.5071,=43.1074,=28.3061,=18.9985
2015-11-25,=8019.6960,=8992.3400,=1844069164072.1997,=1523808010538,=805340887383.5802,=28.6421,=0.5100,=43.1074,=28.2880,=18.9985
2015-11-24,=7912.2840,=8871.9000,=1822661926132.1001,=1504864457223,=795067947836.9302,=28.3096,=0.5019,=43.1669,=28.2699,=18.9955
2015-11-23,=7907.7910,=8866.8600,=1822438831288.1997,=1505665924887,=794447525216.9302,=28.3061,=0.5010,=43.1669,=28.2687,=18.9955
2015-11-20,=7943.4150,=8906.8100,=1830655240349.1001,=1513136491630,=798429473830.3202,=28.4337,=0.5045,=43.1669,=28.2674,=18.9955
2015-11-19,=7953.2100,=8917.7900,=1834257040315.5000,=1516329713868,=799595919634.9999,=28.4897,=0.5048,=43.1669,=28.2487,=18.9955
2015-11-18,=7876.1740,=8831.4100,=1817356961335.6997,=1502796935349,=791962472307.6700,=28.2272,=0.4994,=43.1669,=28.2299,=18.9955
2015-11-17,=7912.8260,=8872.5100,=1822490769525.6997,=1507083872093,=795801046475.5905,=28.3069,=0.5016,=43.1843,=28.2487,=18.9919
2015-11-16,=7908.8270,=8868.0200,=1820109914996,=1504822083854,=795121538523.8099,=28.2699,=0.5013,=43.1843,=28.2299,=18.9919
2015-11-13,=7863.1810,=8816.8400,=1811096950019.8000,=1497139732899,=790643721415.2300,=28.1299,=0.4971,=43.1843,=28.2191,=18.9919
2015-11-12,=8035.7890,=9010.3800,=1850407094732.1001,=1529698606617,=808235071185.1602,=28.7405,=0.5097,=43.1843,=28.2299,=18.9919
2015-11-11,=8069.4440,=9048.1200,=1859010614760.6001,=1536968615999,=811207606334.9401,=28.8741,=0.5120,=43.1843,=28.2191,=18.9919
2015-11-10,=8047.6270,=9023.6600,=1854315016920.0996,=1534614798292,=809068464743.8002,=28.8012,=0.5110,=43.2458,=28.2082,=18.9903
2015-11-09,=8089.3620,=9070.4500,=1861812884994.2000,=1541013886376,=813509919971.2400,=28.9177,=0.5127,=43.2458,=28.2058,=18.9903
2015-11-06,=7983.2680,=8951.4900,=1839631090412.7000,=1523627281718,=802475043660.8998,=28.5852,=0.5071,=43.2458,=28.2034,=18.9903
2015-11-05,=7895.8500,=8853.4700,=1819180630848.7004,=1507436264965,=793762037304.7902,=28.2674,=0.5023,=43.2458,=28.2033,=18.9903
2015-11-04,=7871.7080,=8826.4000,=1815369666480.3999,=1504531263180,=791483454335.7600,=28.2082,=0.5013,=43.2458,=28.2031,=18.9903
2015-11-03,=7573.4950,=8492.0200,=1748304707734.4998,=1448448759269,=761512110329.1503,=27.1661,=0.4795,=43.3065,=28.1848,=18.9878
2015-11-02,=7587.1100,=8507.2900,=1750824974551.6997,=1450692015927,=762849679711.8899,=26.9535,=0.4688,=43.3065,=28.2031,=18.9878
2015-10-30,=7694.2880,=8627.4600,=1770152846180.0002,=1469983459400,=773587715921.7201,=26.9649,=0.4691,=43.3065,=28.2033,=18.9878
2015-10-29,=7685.7390,=8617.8800,=1768427665754.6997,=1467915259672,=772622085045.8398,=26.9968,=0.4713,=43.3065,=28.2034,=18.9878
2015-10-28,=7607.1940,=8529.8100,=1752175621884.2996,=1453263852455,=764844773261.4697,=27.2660,=0.4795,=43.3065,=28.2167,=18.9878
2015-10-27,=7741.1010,=8679.9600,=1782031023574.6001,=1476974160352,=778163873692.6600,=27.5790,=0.4896,=43.3188,=28.2299,=18.9869
2015-10-26,=7771.1200,=8713.6100,=1789414232169.6001,=1482931962836,=779266427890.4598,=27.8299,=0.4951,=43.3188,=28.2874,=18.9869
2015-10-23,=7724.4930,=8661.3300,=1780430526427.8994,=1472329951727,=774611849759.0499,=27.6936,=0.4922,=43.3188,=28.3450,=18.9869
2015-10-22,=7571.9740,=8490.3200,=1742248135361.3997,=1439061638881,=759441652511.2125,=27.1496,=0.4794,=43.3188,=28.3592,=18.9869
2015-10-21,=7363.1260,=8256.1400,=1692956538027.9998,=1402352837773,=738495948639.1812,=26.4887,=0.4542,=43.3188,=28.3734,=18.9869
2015-10-20,=7689.6480,=8622.2600,=1762134671428.7000,=1458644913706,=770312496521.4718,=27.5711,=0.4892,=43.3672,=28.3742,=18.9859
2015-10-19,=7642.9060,=8569.8500,=1749921503730.8000,=1449542060183,=765968454584.0396,=27.3800,=0.4836,=43.3672,=28.3750,=18.9859
2015-10-16,=7671.9950,=8602.4700,=1755263781901.0996,=1453872986149,=768587041109.2402,=27.4636,=0.4859,=43.3672,=28.4032,=18.9859
2015-10-15,=7568.1500,=8486.0300,=1730534523244.6001,=1436836285532,=757896896761.9822,=27.0767,=0.4770,=43.3672,=28.4314,=18.9859
2015-10-14,=7380.4150,=8275.5200,=1691913994073.1003,=1404415407395,=738924477184.1466,=26.4724,=0.4544,=43.3672,=28.4692,=18.9859
2015-10-13,=7469.6170,=8375.5400,=1711434279501.7000,=1419393045657,=748115215407.2091,=26.7778,=0.4645,=43.4767,=28.5070,=18.9781
2015-10-12,=7422.3230,=8322.5100,=1702966944903.3000,=1410838143270,=743301911445.4601,=26.6453,=0.4609,=43.4767,=28.5195,=18.9781
2015-10-09,=7222.9580,=8098.9700,=1655739002465.2000,=1373421335568,=723556242431.0668,=25.9064,=0.4243,=43.4767,=28.5320,=18.9781
2015-10-08,=7180.6230,=8051.5000,=1646551837980.2000,=1365806568731,=719291350543.0784,=25.7626,=0.4180,=43.4767,=28.5569,=18.9781
2015-09-30,=6934.3520,=7775.3600,=1590942574202.5000,=1319383155121,=694658556986.2350,=24.8925,=0.3906,=43.4767,=28.5818,=18.9781
2015-09-29,=6924.8650,=7764.7200,=1588116042856.1997,=1316937903705,=693423456959.3324,=24.8483,=0.3896,=43.5121,=28.5848,=18.9742
2015-09-28,=7003.6140,=7853.0200,=1606364854766.1001,=1331566479887,=701389605803.9420,=25.1338,=0.3971,=43.5121,=28.5877,=18.9742
2015-09-25,=6966.8730,=7811.8300,=1599351490050.2000,=1326930253389,=698114545922.6007,=25.0241,=0.3941,=43.5121,=28.6089,=18.9742
2015-09-24,=7094.6530,=7955.1000,=1626427850051.5000,=1348905339957,=710777423685.4895,=25.4478,=0.4062,=43.5121,=28.6301,=18.9742
2015-09-23,=7056.5760,=7912.4100,=1617104587658.3000,=1341769083174,=706930264679.7347,=25.3019,=0.4005,=43.5121,=28.6493,=18.9742
2015-09-22,=7174.7770,=8044.9500,=1644559101821.3000,=1366064695043,=718955687956.3470,=25.7315,=0.4134,=43.5606,=28.6685,=18.9464
2015-09-21,=7126.4900,=7990.8000,=1634342904237.6001,=1357014950004,=714612669553.6797,=25.5716,=0.4083,=43.5606,=28.6705,=18.9464
2015-09-18,=6974.7210,=7820.6300,=1602358586948.3997,=1331071166512,=699751167364.5718,=25.0712,=0.3960,=43.5606,=28.6726,=18.9464
2015-09-17,=6928.1430,=7768.4000,=1595697970540.8999,=1323643155578,=695177279080.7919,=24.9670,=0.3936,=43.5606,=28.6844,=18.9464
2015-09-16,=7144.7600,=8011.2900,=1645550801747.1001,=1363710949395,=717183176798.4458,=25.7470,=0.4131,=43.5606,=28.6961,=18.9464
2015-09-15,=6768.2030,=7589.0600,=1560001886945.3999,=1295607768932,=679926615852.9346,=24.4084,=0.3802,=43.5922,=28.7227,=18.9420
2015-09-14,=7023.7870,=7875.6400,=1612740928444.1003,=1340716031655,=704980179410.3925,=25.2336,=0.3991,=43.5922,=28.7494,=18.9420
2015-09-11,=7213.1230,=8087.9400,=1651301230008.1003,=1370940879180,=722532758649.8809,=25.8369,=0.4153,=43.5922,=28.8031,=18.9420
2015-09-10,=7249.8130,=8129.0800,=1658932735946.8999,=1376505991482,=726087003231.6379,=25.9563,=0.4202,=43.5922,=28.8569,=18.9420
2015-09-09,=7354.9210,=8246.9400,=1682631766473.2000,=1395369636943,=735562106710.3657,=26.3272,=0.4398,=43.5922,=28.8681,=18.9420
2015-09-08,=7237.6330,=8115.4300,=1654394477424.3999,=1371918495527,=723768015317.7753,=25.8512,=0.4161,=43.5979,=28.8793,=18.9156
2015-09-07,=7101.3660,=7962.6300,=1619975291050,=1347025140858,=710510065334.4701,=25.3003,=0.4004,=43.5979,=28.9043,=18.9156
2015-09-02,=7286.1610,=8169.8400,=1665464501061,=1381354712285,=728989390012.6948,=26.0107,=0.4247,=43.5979,=28.9292,=18.9156
2015-09-01,=7309.2990,=8195.7800,=1655880597322.2002,=1379900823481,=730576559202.7828,=25.8610,=0.4163,=43.5979,=28.9338,=18.9156
2015-08-31,=7480.1570,=8387.3600,=1692762849397.3999,=1408079276638,=747583374095.1134,=26.4370,=0.4446,=43.5979,=28.9383,=18.9156
2015-08-28,=7615.1700,=8538.7500,=1721739266535.1003,=1429278503417,=756671865993.5403,=26.9390,=0.4623,=43.6088,=28.9617,=18.9037
2015-08-27,=7351.7880,=8243.4300,=1664015571783.7002,=1384714874684,=728687004577.8094,=25.9664,=0.4218,=43.6088,=28.9851,=18.9037
2015-08-26,=7001.8030,=7850.9900,=1581160866960.6997,=1317594026528,=692847402020.8690,=24.6353,=0.3893,=43.6088,=28.9978,=18.9037
2015-08-25,=6962.1110,=7806.4900,=1565630847532.7002,=1308465917710,=688448906721.6481,=24.3917,=0.3822,=43.6088,=29.0105,=18.9037
2015-08-24,=7344.0120,=8234.7100,=1645655959994.7000,=1371095040787,=726273617563.6428,=25.5876,=0.4086,=43.6088,=29.0152,=18.9037
2015-08-21,=8010.9070,=8982.4800,=1799404168314.6001,=1495880513028,=793066522474.4199,=27.9925,=0.4832,=43.6257,=29.0199,=18.8955
2015-08-20,=8370.9560,=9379.8200,=1882866184155.8000,=1565623347192,=829320730792.5206,=29.3051,=0.5070,=43.6257,=29.0462,=18.8955
2015-08-19,=8640.2930,=9681.6200,=1944823041702.3000,=1614865476060,=855787500801.2346,=30.2930,=0.5289,=43.6257,=29.0199,=18.8955
2015-08-18,=8492.1270,=9515.3000,=1912058704210.5000,=1587092503546,=840882455399.7839,=29.8022,=0.5191,=43.6257,=29.0152,=18.8955
2015-08-17,=9077.0050,=10170.6500,=2042403398401.7000,=1690983041990,=898342506720.5698,=31.8512,=0.5612,=43.6257,=29.0105,=18.8955
2015-08-14,=8941.6700,=10019,=2019526836465.9995,=1670634013517,=883771848447.9705,=31.5162,=0.5548,=43.6378,=28.9978,=18.8878
2015-08-13,=8875.1260,=9944.4400,=2008776523062.5000,=1661175966601,=877270407759.7606,=31.5617,=0.5559,=43.6378,=28.9851,=18.8878
2015-08-12,=8781.4480,=9839.4800,=1987154485788.3000,=1644298845129,=868531056001.8812,=31.2005,=0.5468,=43.6378,=28.9617,=18.8878
2015-08-11,=8829.5060,=9893.3300,=2002090992126.5000,=1656743824665,=869995914646.2052,=31.4792,=0.5526,=43.6378,=28.9383,=18.8878
2015-08-10,=8831.0530,=9895.0600,=2003287574872.8000,=1657238306468,=870088823378.9719,=31.4932,=0.5529,=43.6378,=28.9338,=18.8878
2015-08-07,=8476.2330,=9497.4900,=1925419488818.0996,=1593367558812,=835189432148.2632,=30.2765,=0.5297,=43.7825,=28.9292,=18.8866
2015-08-06,=8323.1330,=9325.9400,=1891823345927.1997,=1565468982028,=820310395701.1313,=29.7482,=0.5206,=43.7825,=28.9043,=18.8866
2015-08-05,=8426.2090,=9441.4400,=1916278291555.7000,=1585821825329,=830795784917.8110,=30.1327,=0.5270,=43.7825,=28.8793,=18.8866
2015-08-04,=8572.8980,=9605.8000,=1953880520013.5000,=1615831783800,=845373383903.9727,=30.7240,=0.5368,=43.7825,=28.8681,=18.8866
2015-08-03,=8275.5550,=9272.6300,=1890145633944.6001,=1562285730756,=816714216626.0636,=29.7218,=0.5203,=43.7825,=28.8569,=18.8866
2015-07-31,=8280.9640,=9278.6900,=1879828009465.3000,=1557519050564,=815907705580.7614,=29.5596,=0.5179,=43.8008,=28.8031,=18.8750
2015-07-30,=8284.1410,=9280.5800,=1873305190115.9004,=1553494490392,=816091483409.2697,=29.4570,=0.5142,=43.8008,=28.7494,=18.8750
2015-07-29,=8515.3390,=9537.5400,=1926766710523.3999,=1594877328460,=839024671755.7747,=30.2977,=0.5295,=43.8008,=28.7227,=18.8750
2015-07-28,=8218.0910,=9204.6000,=1860859348672.7000,=1541115715739,=810207280446.6550,=29.2639,=0.5115,=43.8008,=28.6961,=18.8750
2015-07-27,=8132.5890,=9108.8400,=1837242038609.8999,=1523332489867,=801529029372.8740,=28.9292,=0.5031,=43.8008,=28.6844,=18.8750
2015-07-24,=8860.1540,=9923.7400,=2006611204135.3999,=1662164711865,=873357990666.2914,=31.5674,=0.5523,=43.8131,=28.6726,=18.8659
2015-07-23,=9040.0720,=10125.2600,=2051201111775.5000,=1695384240021,=890516875154.0826,=32.2873,=0.5608,=43.8131,=28.6705,=18.8659
2015-07-22,=8853.8660,=9916.7000,=2009506854457,=1661056359987,=872021618351.4948,=31.6310,=0.5537,=43.8131,=28.6685,=18.8659
2015-07-21,=8776.4360,=9829.9700,=1998083226636.8999,=1652230842112,=865181017952.6786,=31.4511,=0.5494,=43.8131,=28.6493,=18.8659
2015-07-20,=8696.0530,=9739.9400,=1981234939098,=1640687877450,=857605322698.7156,=31.1859,=0.5450,=43.8131,=28.6301,=18.8659
2015-07-17,=8672.6740,=9713.7600,=1981371772595.5996,=1642007099899,=855890631758.9575,=31.1881,=0.5453,=43.8522,=28.6089,=18.8573
2015-07-16,=8293.8380,=9267.0200,=1896583569869.0005,=1575686258994,=817353723505.7289,=29.8535,=0.5239,=43.8522,=28.5877,=18.8573
2015-07-15,=8118.2150,=9068.1300,=1853753738169,=1541435832426,=800923231468.8300,=29.1793,=0.5106,=43.8522,=28.5848,=18.8573
2015-07-14,=8523.4630,=9520.8000,=1955181093580.2000,=1618043243772,=839063333978.0669,=30.7758,=0.5376,=43.8522,=28.5818,=18.8573
2015-07-13,=8673.2630,=9687.6500,=1998115433358.3003,=1649460861062,=854807609648.6705,=31.4517,=0.5482,=43.8522,=28.5569,=18.8573
2015-07-10,=8292.0460,=9260.9700,=1915344509367,=1582966028415,=818694410875.8297,=30.1488,=0.5287,=43.8883,=28.5320,=18.8555
2015-07-09,=7734.8000,=8638.6100,=1789409232583.8003,=1482933963102,=763955693738.5398,=28.1665,=0.4942,=43.8883,=28.5195,=18.8555
2015-07-08,=7214.3460,=8056.9300,=1665276715511.6006,=1381685536497,=712535766768.6924,=26.2126,=0.4390,=43.8883,=28.5320,=18.8555
2015-07-07,=7652.3730,=8546.1100,=1763484065624.6001,=1459271650886,=755409258313.5552,=27.7584,=0.4907,=43.8883,=28.5569,=18.8555
2015-07-06,=8085.8380,=9030.2000,=1848845050890.9004,=1539552448620,=798442099771.2565,=29.1020,=0.5096,=43.8883,=28.5818,=18.8555
2015-07-03,=7946.1750,=8874.2300,=1816169154910.4995,=1515975408023,=783623917555.2037,=28.5877,=0.5010,=43.9040,=28.5569,=18.8479
2015-07-02,=8420.3270,=9403.3800,=1919014697306.0005,=1595067814207,=829818007691.8151,=30.2066,=0.5282,=43.9040,=28.5320,=18.8479
2015-07-01,=8901.6520,=9940.9000,=2022752741922.7000,=1684218172687,=875458375569.7809,=31.8395,=0.5519,=43.9040,=28.5195,=18.8479
2015-06-30,=9308.4320,=10395.1700,=2112091835688.9004,=1755494892002,=914223678676.3086,=33.2457,=0.5777,=43.9040,=28.5070,=18.8479
2015-06-29,=8822.2450,=9851.9000,=2001870808571.9995,=1662627426477,=865804611031.8055,=31.5108,=0.5485,=43.9040,=28.4692,=18.8479
2015-06-26,=9117.3130,=10180.9500,=2058676127040.1003,=1709100184730,=893581698581.5765,=32.4049,=0.5585,=43.9070,=28.4314,=18.8432
2015-06-25,=9906.5730,=11060.7600,=2235692975190.6011,=1851912816461,=970014286876.7004,=35.1913,=0.6127,=43.9070,=28.4032,=18.8432
2015-06-24,=10224.1700,=11415.3600,=2312604282088.1997,=1913768379012,=1001419361677.9280,=36.4019,=0.6434,=43.9070,=28.3750,=18.8432
2015-06-23,=9917.3900,=11070.7100,=2242505451972.3999,=1853128604601,=971164479692.7760,=35.2985,=0.6163,=43.9070,=28.3742,=18.8432
2015-06-19,=9557.6820,=10669.1700,=2157448604146.1001,=1781580138337,=934974362213.6801,=33.9597,=0.6022,=43.9070,=28.3734,=18.8432
2015-06-18,=10303.8900,=11486.2300,=2320212931036.5000,=1914787271081,=1007424774953.2340,=36.5217,=0.6475,=43.9129,=28.3592,=18.8381
2015-06-17,=10727.9900,=11951.7100,=2416218239021.3999,=1994418290312,=1048635247957.9430,=38.0329,=0.6777,=43.9129,=28.3450,=18.8381
2015-06-16,=10605.3200,=11815.0500,=2389891596169.5996,=1973940141489,=1036894874591.0006,=37.6185,=0.6671,=43.9129,=28.2874,=18.8381
2015-06-15,=10906.5200,=12145.3900,=2464968792198.5000,=2035107694202,=1065464693901.7604,=38.8002,=0.6981,=43.9129,=28.2299,=18.8381
2015-06-12,=11092.9100,=12352.9500,=2633401798560.3999,=2144208363058,=1142864893575.4258,=40.7060,=0.7484,=43.9129,=28.2167,=18.8381
2015-06-11,=10889.1000,=12125.8100,=2582553796948,=2100503726106,=1121839891205.4272,=39.9200,=0.7302,=43.9141,=28.2034,=18.8360
2015-06-10,=10763.2500,=11985.6700,=2554409092791.8003,=2078687169435,=1110262960439.5476,=39.4850,=0.7183,=43.9141,=28.2033,=18.8360
2015-06-09,=10565.7690,=11764.5500,=2506332957410.0010,=2037309876310,=1090152988663.8868,=38.7418,=0.6972,=43.9141,=28.2031,=18.8360
2015-06-08,=10612.5800,=11816.6800,=2524604870582.6997,=2051312490956,=1094080127349.5002,=39.0792,=0.7054,=43.9141,=28.1620,=18.8360
2015-06-05,=10468.6500,=11656.1400,=2492939041661.2002,=2019428222538,=1078234064960.1708,=38.5890,=0.6919,=43.9141,=28.1210,=18.8360
2015-06-04,=10307,=11476,=2460894815152.1001,=1993296678077,=1062655348482.7080,=38.0930,=0.6827,=43.9567,=28.0345,=18.8220
2015-06-03,=10437.5000,=11619.7100,=2493868242301.3003,=2018087693895,=1076044277797.4878,=38.6034,=0.6922,=43.9567,=27.9480,=18.8220
2015-06-02,=10543.0600,=11737.2300,=2512755629725.8003,=2037585936645,=1088187269186.3647,=38.8958,=0.7010,=43.9567,=27.8854,=18.8220
2015-06-01,=10264.8200,=11427.4700,=2453672281070.6001,=1990783254922,=1060439029017.4847,=37.9812,=0.6813,=43.9567,=27.8228,=18.8220
2015-05-29,=9781.8720,=10889.8200,=2341852593000.8999,=1897983605493,=1010843754040.2860,=36.2503,=0.6420,=43.9567,=27.8194,=18.8220
2015-05-28,=9802.8510,=10913.1800,=2344357015308.5000,=1897616108824,=1013562048379.2728,=36.2891,=0.6432,=44.0079,=27.8161,=18.8185
2015-05-27,=10488.6900,=11654.4800,=2502502938567.5000,=2029839673209,=1081409374507.6132,=38.7371,=0.6967,=44.0079,=27.7643,=18.8185
2015-05-26,=10414.1400,=11571.6400,=2488965801188.3003,=2019883484467,=1075515406659.4351,=38.5275,=0.6909,=44.0079,=27.7126,=18.8185
2015-05-25,=10213.5100,=11346.3100,=2441739870931.2998,=1985104611157,=1056151376585.6046,=37.7965,=0.6767,=44.0079,=27.6859,=18.8185
2015-05-22,=9866.9610,=10961.3300,=2366743950958.8003,=1921803929584,=1018943754915.6451,=36.6356,=0.6576,=44.0079,=27.6593,=18.8185
2015-05-21,=9652.9790,=10723.3600,=2317202661682.3003,=1875381675880,=995052527623.6564,=35.8688,=0.6342,=44.0098,=27.6470,=18.8175
2015-05-20,=9308.7830,=10341,=2238966456953.7998,=1813070185707,=958941123697.5586,=34.6577,=0.6185,=44.0098,=27.6346,=18.8175
2015-05-19,=9249.3630,=10265.4900,=2227940022195.4004,=1803603686206,=952229652835.2220,=34.4870,=0.6182,=44.0098,=27.6189,=18.8175
2015-05-18,=9027.0640,=10017.4500,=2177278975817.3000,=1758118279543,=928811033418.0924,=33.7028,=0.6046,=44.0098,=27.6032,=18.8175
2015-05-15,=9025.8260,=10012.7300,=2171179460446.2000,=1759641896079,=929627579935.4229,=33.6084,=0.6001,=44.0098,=27.5786,=18.8175
2015-05-14,=9146.1170,=10145.9600,=2196405546117.8999,=1783496794105,=941775392532.8320,=33.9989,=0.6118,=44.0432,=27.5540,=18.8160
2015-05-13,=9204.6410,=10210.8800,=2207199766821.4004,=1796076900927,=947330311430.6569,=34.1660,=0.6137,=44.0432,=27.5484,=18.8160
2015-05-12,=9087.5120,=10080.0200,=2182952836159.6001,=1773506647744,=935667759434.7156,=33.7907,=0.6063,=44.0432,=27.5428,=18.8160
2015-05-11,=8931.9980,=9907.5200,=2146582059019.6001,=1748514248992,=920743892492.1146,=33.2277,=0.5899,=44.0432,=27.5356,=18.8160
2015-05-08,=8694.8470,=9644.4700,=2090016815731.8999,=1703210127146,=897106509999.2380,=32.3449,=0.5698,=44.0432,=27.5285,=18.8160
2015-05-07,=8476.0080,=9399.7000,=2035896290899.6001,=1658247957129,=875206980633.1240,=31.5073,=0.5618,=44.0670,=27.5213,=18.8159
2015-05-06,=8554.0330,=9486.2300,=2051423662011,=1671657567058,=883095914247.9581,=31.7476,=0.5650,=44.0670,=27.5142,=18.8159
2015-05-05,=8672.1800,=9617.2500,=2079945008989.8999,=1694178629007,=895121237917.8542,=32.1890,=0.5682,=44.0670,=27.4761,=18.8159
2015-05-04,=9007.1210,=9988.6900,=2161336054390.0996,=1762842911853,=930268322205.5414,=33.4486,=0.5955,=44.0670,=27.4380,=18.8159
2015-04-30,=8920.5490,=9892.6800,=2141458144790.8003,=1745601350892,=921871471687.3752,=33.1410,=0.5853,=44.0670,=27.4330,=18.8159
2015-04-29,=8966.6790,=9943.8400,=2150749043926.6011,=1752403149171,=921909874967.9976,=33.3722,=0.5914,=44.0700,=27.4280,=18.8142
2015-04-28,=8820.1330,=9781.0900,=2123235036545.2000,=1725617735094,=905173495327.3154,=33.0196,=0.5833,=44.0700,=27.4264,=18.8142
2015-04-27,=9150.5290,=10147.4500,=2199694565432.3999,=1791906705777,=933914954564.7472,=34.1797,=0.6113,=44.0700,=27.4247,=18.8142
2015-04-24,=9085.7760,=10075.6500,=2187684172170.1001,=1781932954718,=927474574008.7520,=33.9536,=0.6097,=44.0700,=27.4010,=18.8142
2015-04-23,=9111.7300,=10104.4300,=2196416096257.2000,=1784403054349,=928133863614.9482,=34.0021,=0.6101,=44.0700,=27.3774,=18.8142
2015-04-22,=9136.4580,=10131.8500,=2204627962604.7002,=1793254720793,=931616129920.6760,=34.0520,=0.6105,=44.0856,=27.3722,=18.8041
2015-04-21,=8972.3760,=9949.8900,=2168280594656.7004,=1763290319485,=914313907964.8770,=33.5280,=0.5982,=44.0856,=27.3669,=18.8041
2015-04-20,=8564.2230,=9497.2700,=2066355347856.7004,=1675542767608,=868076815699.0371,=32.6006,=0.5786,=44.0856,=27.3546,=18.8041
2015-04-17,=8676.1480,=9621.3900,=2095439323550,=1697963254494,=878457299371.3839,=32.9561,=0.5833,=44.0856,=27.3424,=18.8041
2015-04-16,=8643.4890,=9585.1700,=2092326246428.3999,=1690633298193,=875138325949.8928,=33.0428,=0.5852,=44.0856,=27.3242,=18.8041
2015-04-15,=8311.4990,=9217.0100,=2014025631177.5000,=1618078374571,=840263600724.2166,=31.8779,=0.5706,=44.1126,=27.3060,=18.7931
2015-04-14,=8588.6870,=9523.1100,=2082606360511,=1669911376818,=868061911639.0425,=32.9634,=0.5839,=44.1126,=27.2956,=18.7931
2015-04-13,=8575.2240,=9508.1800,=2080030726906.6001,=1666051317154,=867029614700.9954,=32.9226,=0.5836,=44.1126,=27.2851,=18.7931
2015-04-10,=8461.9210,=9382.5500,=2054096840230.9004,=1641928628131,=855893395118.7690,=32.5137,=0.5797,=44.1126,=27.2628,=18.7931
2015-04-09,=8205.9000,=9098.6800,=1994638804869.4004,=1598677087982,=830032908271.2334,=31.6810,=0.5708,=44.1126,=27.2405,=18.7931
2015-04-08,=8292.3690,=9192.6000,=2010330573889.8000,=1619618907227,=839197506723.6069,=31.9302,=0.5727,=44.1180,=27.1865,=18.7866
2015-04-07,=8288.5750,=9188.3900,=2007282177294.7000,=1615152617436,=838007889039.9877,=31.8818,=0.5723,=44.1180,=27.1324,=18.7866
2015-04-03,=8078.1240,=8955.0900,=1957227344714,=1576597922589,=816149711828.7321,=31.0868,=0.5642,=44.1180,=27.1302,=18.7866
2015-04-02,=7998.3970,=8866.7100,=1937291417228.3999,=1562257372585,=808455688122.0325,=30.7697,=0.5588,=44.1180,=27.1279,=18.7866
2015-04-01,=7913.9850,=8773.1300,=1906981543582.2000,=1546800233530,=800257811809.7510,=30.2883,=0.5520,=44.1180,=27.1221,=18.7866
2015-03-31,=7794.7190,=8640.9200,=1879435003446.3003,=1527047869162,=788215696176.8666,=29.8507,=0.5467,=44.1337,=27.1162,=18.7851
2015-03-30,=7832.4850,=8682.7900,=1890100344634,=1534854361824,=792221680145.1614,=29.5386,=0.5428,=44.1337,=27.0977,=18.7851
2015-03-27,=7755.0760,=8596.9700,=1872555480202.3999,=1520469388865,=784170288965.6064,=29.2690,=0.5374,=44.1337,=27.0791,=18.7851
2015-03-26,=7758.5220,=8600.7900,=1872985762802.8999,=1523788711850,=785016994450.5499,=29.3276,=0.5378,=44.1337,=27.0682,=18.7851
2015-03-25,=7676.7660,=8509.9800,=1848566436047,=1502838280130,=776277074480.8242,=28.8793,=0.5303,=44.1337,=27.0573,=18.7851
2015-03-24,=7607.6860,=8433.4100,=1836840039129.4009,=1493653764141,=769416071081.3247,=28.6961,=0.5285,=44.1386,=27.0486,=18.7819
2015-03-23,=7604.8150,=8430.2200,=1835071849596.5000,=1491913997481,=769392331698.1328,=28.6685,=0.5274,=44.1386,=27.0400,=18.7819
2015-03-20,=7465.1330,=8275.3800,=1801099480766.4004,=1466603036166,=755070290890.0936,=28.2299,=0.5213,=44.1386,=27.0343,=18.7819
2015-03-19,=7439.7080,=8247.2000,=1798256303023.1001,=1464019073555,=752263168881.1287,=28.2034,=0.5210,=44.1386,=27.0286,=18.7819
2015-03-18,=7479.5290,=8291.3400,=1809303147107.8003,=1473790614546,=756966006742.1307,=28.3734,=0.5221,=44.1386,=27.0201,=18.7819
2015-03-17,=7354.2310,=8152.4400,=1779378714097.0005,=1450479445759,=741787831864.9780,=27.9480,=0.5195,=44.1623,=27.0116,=18.7800
2015-03-16,=7274.9130,=8064.5100,=1760998881096.3999,=1434229311872,=733926162399.9154,=27.6593,=0.5170,=44.1623,=27.0082,=18.7800
2015-03-13,=7084.3120,=7853.2300,=1716015541584.2002,=1395365423816,=714648437066.3124,=26.9959,=0.4993,=44.1623,=27.0049,=18.7800
2015-03-12,=7025.9980,=7788.5800,=1705270362400.8000,=1385802273853,=709097595922.6591,=26.8268,=0.4946,=44.1623,=27.0082,=18.7800
2015-03-11,=7022.3010,=7784.4800,=1703712772519.3000,=1384737594104,=708676854094.6447,=26.8023,=0.4935,=44.1623,=27.0116,=18.7800
2015-03-10,=7044.4990,=7809.0900,=1705804349630.3999,=1386612635495,=710371195140.3113,=26.8352,=0.4946,=44.1632,=27.0201,=18.7776
2015-03-09,=7013.5380,=7774.7700,=1698172389551.3999,=1382996075075,=707046549374.8689,=26.7810,=0.4927,=44.1632,=27.0286,=18.7776
2015-03-06,=6867.7910,=7613.2000,=1664858360358.7002,=1353590627543,=691965509263.6924,=26.2557,=0.4684,=44.1632,=27.0343,=18.7776
2015-03-05,=6909.1850,=7659.0900,=1678429051826.5000,=1363398233297,=695655002039.0348,=26.4697,=0.4818,=44.1632,=27.0400,=18.7776
2015-03-04,=6884.5960,=7631.8300,=1671195558015.8000,=1358240037277,=692702398595.6838,=26.3556,=0.4741,=44.1632,=27.0486,=18.7776
2015-03-03,=6732.9810,=7463.7600,=1634975740648.2000,=1329143234569,=677866825491.4135,=25.7844,=0.4504,=44.2158,=27.0573,=18.7743
2015-03-02,=6830.9830,=7572.4000,=1658273072936.5000,=1349557690451,=688446642354.0918,=26.1518,=0.4654,=44.2158,=27.0682,=18.7743
2015-02-27,=6782.8200,=7519.0100,=1648158247145.3000,=1340963978851,=683869564076.5155,=25.9742,=0.4591,=44.2158,=27.0791,=18.7743
2015-02-26,=6737.8470,=7469.1600,=1634567699160.9995,=1329706795029,=679279688780.1844,=25.7600,=0.4507,=44.2158,=27.0977,=18.7743
2015-02-25,=6649.3900,=7371.1000,=1613191921116.1001,=1312764790513,=670865863032.2327,=25.4231,=0.4423,=44.2158,=27.1162,=18.7743
2015-02-17,=6673.9480,=7398.3200,=1621491569675.9998,=1318665806116,=673121810679.2428,=25.5539,=0.4448,=44.2890,=27.1221,=18.7726
2015-02-16,=6679.0920,=7404.0200,=1625137431171.7000,=1321418852715,=673631605880.2253,=25.6114,=0.4466,=44.2890,=27.1279,=18.7726
2015-02-13,=6616.8800,=7335.0600,=1609968521055.3999,=1309451582326,=667154977476.2286,=25.3723,=0.4410,=44.2890,=27.1302,=18.7726
2015-02-12,=6558.3560,=7270.1800,=1597340176504.2000,=1300390829730,=661097475474.6597,=25.1756,=0.4384,=44.2890,=27.1324,=18.7726
2015-02-11,=6503.8330,=7209.7400,=1586772320355.5000,=1291362204910,=655623216558.3984,=25.0090,=0.4343,=44.2890,=27.1865,=18.7726
2015-02-10,=6430.3490,=7128.2800,=1569292556949.3994,=1276851008612,=648260454795.3972,=24.7226,=0.4273,=44.3326,=27.2405,=18.7685
2015-02-09,=6377.9010,=7070.1400,=1554754908023.0996,=1265412451081,=643223836724.8146,=24.4936,=0.4225,=44.3326,=27.2628,=18.7685
2015-02-06,=6306.3260,=6990.8000,=1536762757227.6001,=1246936709320,=635350855009.0133,=24.2101,=0.4147,=44.3326,=27.2851,=18.7685
2015-02-05,=6381.6500,=7074.3000,=1548284791936.2004,=1262998085778,=642475587929.6887,=24.3917,=0.4187,=44.3326,=27.2956,=18.7685
2015-02-04,=6448.9730,=7148.9300,=1561861270005.2000,=1275397638078,=649429386164.6953,=24.6055,=0.4249,=44.3326,=27.3060,=18.7685
2015-02-03,=6499.1420,=7204.5400,=1572119197651.6001,=1283638195917,=654229670930.7440,=24.7671,=0.4267,=44.3588,=27.3242,=18.7525
2015-02-02,=6432.3400,=7130.4900,=1553535193277.6001,=1267441542284,=647536649460.1628,=24.4744,=0.4211,=44.3588,=27.3424,=18.7525
2015-01-30,=6516.7570,=7224.0700,=1572194615308.3999,=1284556703719,=655908105818.1426,=24.7683,=0.4266,=44.3588,=27.3546,=18.7525
2015-01-29,=6527.5180,=7236,=1575604041701.1001,=1286251699145,=656999875832.4028,=24.8220,=0.4269,=44.3588,=27.3669,=18.7525
2015-01-28,=6601.7560,=7318.2900,=1593490441880.9995,=1301261232113,=664599408850.8704,=25.1038,=0.4316,=44.3588,=27.3722,=18.7525
2015-01-27,=6669.4700,=7393.3600,=1609945976430.8999,=1315049621604,=671381000526.6245,=25.3631,=0.4357,=44.3716,=27.3774,=18.7459
2015-01-26,=6677.6120,=7402.3800,=1613140311782.7000,=1317987895373,=672606123610.0596,=25.4134,=0.4360,=44.3716,=27.4010,=18.7459
2015-01-23,=6551.3250,=7262.3900,=1583876092254.1003,=1293936475671,=659824454330.2593,=24.9524,=0.4304,=44.3716,=27.4247,=18.7459
2015-01-22,=6604.3650,=7321.1900,=1597857886115.1003,=1305556884504,=664881409334.2546,=25.1726,=0.4337,=44.3716,=27.4264,=18.7459
2015-01-21,=6577.7230,=7291.6500,=1594451237554.3999,=1301987755950,=662188645850.2267,=25.1190,=0.4325,=44.3716,=27.4280,=18.7459
2015-01-20,=6416.9270,=7113.4000,=1556356389661.1997,=1270584713960,=646039202765.4644,=24.5188,=0.4246,=44.3748,=27.4330,=18.7424
2015-01-19,=6258.9120,=6938.2400,=1516140336294.3003,=1240170692983,=630416680481.0565,=23.8852,=0.4071,=44.3748,=27.4380,=18.7424
2015-01-16,=6570.0210,=7283.1100,=1587093593516.6003,=1302792150259,=661578230439.7319,=25.0030,=0.4305,=44.3748,=27.4761,=18.7424
2015-01-15,=6512.4620,=7219.3100,=1570852857926.6001,=1292464811641,=655760040349.1635,=24.7472,=0.4278,=44.3748,=27.5142,=18.7424
2015-01-14,=6452.0410,=7152.3300,=1556432083632.8999,=1279140961904,=649686733290.3696,=24.5200,=0.4252,=44.3748,=27.5213,=18.7424
2015-01-13,=6537.0230,=7246.5300,=1577301996118.7000,=1297214075507,=658242529362,=24.8488,=0.4285,=44.3838,=27.5285,=18.7356
2015-01-12,=6530.7430,=7239.5700,=1576585546790.2007,=1297224320231,=657240606692.7290,=24.8375,=0.4280,=44.3838,=27.5356,=18.7356
2015-01-09,=6582.6840,=7297.1500,=1590184977499.3997,=1309739082663,=663170955208.7605,=25.0517,=0.4291,=44.3838,=27.5428,=18.7356
2015-01-08,=6660.7610,=7383.7000,=1608871442718.6001,=1324682901311,=671269083072.9744,=25.3461,=0.4302,=44.3838,=27.5484,=18.7356
2015-01-07,=6663.9580,=7387.2500,=1609930470944.3003,=1325899047721,=672436787636.7944,=25.3628,=0.4305,=44.3838,=27.5540,=18.7356
2015-01-06,=6728.7320,=7459.0500,=1626204719590.6001,=1340262144532,=679553902726.0144,=25.6192,=0.4353,=44.3879,=27.5786,=18.7280
2015-01-05,=6678.1010,=7402.9300,=1614778225952.8000,=1334122203716,=674260071821.2168,=25.4392,=0.4319,=44.3879,=27.6032,=18.7280
2014-12-31,=6409.6910,=7105.3800,=1548767238181.5000,=1275183842983,=646695511635.0645,=24.3993,=0.4255,=44.3879,=27.6189,=18.7280
2014-12-30,=6343.8290,=7032.3700,=1530587409424.3999,=1259868045786,=640435287617.3868,=24.1128,=0.4198,=44.3879,=27.6346,=18.7280
2014-12-29,=6403.5360,=7098.5600,=1543758803752.6001,=1270041564250,=646438879775.0704,=24.3204,=0.4239,=44.3879,=27.6736,=18.7280
2014-12-26,=6410.4790,=7106.2600,=1549903339842,=1274775390729,=647134266307.5569,=24.4172,=0.4249,=44.3975,=27.7126,=18.7214
2014-12-25,=6369.7330,=7061.0900,=1540241215691.5002,=1265980876657,=642809580625.3907,=24.2649,=0.4230,=44.3975,=27.7643,=18.7214
2014-12-24,=6314.7200,=7000.1000,=1527471351927.6001,=1254596479579,=637260434647.2996,=24.0638,=0.4195,=44.3975,=27.8161,=18.7214
2014-12-23,=6333.5890,=7021.0200,=1530427805182.6001,=1259969378641,=639852949561.6034,=24.1103,=0.4199,=44.3975,=27.8194,=18.7214
2014-12-22,=6355.2160,=7044.9900,=1527216922930.7998,=1256506957014,=641604505725.2310,=24.0597,=0.4194,=44.3975,=27.8228,=18.7214
2014-12-19,=6312.9340,=6998.1200,=1522083102507,=1243597206582,=636807531837.3223,=23.9789,=0.4167,=44.4217,=27.9719,=18.7199
2014-12-18,=6330.9960,=7018.1500,=1526938443082.1997,=1245052708847,=638549153404.7838,=24.0554,=0.4186,=44.4217,=28.1210,=18.7199
2014-12-17,=6303.3670,=6987.5200,=1521613625104.2004,=1240610647091,=636136788933.3875,=23.9715,=0.4158,=44.4217,=28.1620,=18.7199
2014-12-16,=6414.7740,=7111.0200,=1547287192624.9998,=1261550286172,=647203914796.8103,=24.3759,=0.4215,=44.4217,=28.2031,=18.7199
2014-12-15,=6485.3220,=7189.2200,=1565954616415.8003,=1276058082049,=654708045843.6182,=24.6700,=0.4240,=44.4217,=28.2740,=18.7199
2014-12-12,=6403.0720,=7098.0500,=1428033364322.2004,=1240197493271,=631916299465.4801,=23.6577,=0.4092,=44.4702,=28.3450,=18.7182
2014-12-11,=6369.6970,=7061.0500,=1419810764896.3000,=1233540531248,=628635358271.1403,=23.5215,=0.4050,=44.4702,=28.3600,=18.7182
2014-12-10,=6373.0850,=7064.8000,=1423571040128.8997,=1236443090298,=630044909587.4299,=23.5838,=0.4076,=44.4702,=28.3750,=18.7182
2014-12-09,=6129.2100,=6794.4600,=1367141108905.3999,=1187535639432,=605612058264.2600,=22.6490,=0.3920,=44.4702,=28.4032,=18.7182
2014-12-08,=6241.3200,=6918.7400,=1391335964274.3999,=1207426930081,=614960338985.5399,=23.0498,=0.3968,=44.4702,=28.4314,=18.7182
2014-12-05,=6176.6560,=6847.0500,=1378438624367.7000,=1194367578502,=608242981598.7799,=22.5112,=0.3888,=44.4767,=28.4692,=18.7176
2014-12-04,=6341.4230,=7029.7000,=1411574672325.3999,=1223446724024,=624298251389.7800,=23.0524,=0.3967,=44.4767,=28.5070,=18.7176
2014-12-03,=6202.4380,=6875.6400,=1377690654132.7000,=1193660906499,=610063540988.5598,=22.4990,=0.3886,=44.4767,=28.5195,=18.7176
2014-12-02,=6088.7290,=6749.5800,=1353057291451.2998,=1172398780664,=599032695034.1000,=22.0967,=0.3866,=44.4767,=28.5320,=18.7176
2014-12-01,=6036.2310,=6691.3900,=1341432732881.4998,=1162606011549,=594070879162.3600,=21.9069,=0.3861,=44.4767,=28.5569,=18.7176
2014-11-28,=5922.7180,=6565.5500,=1316924503814.1001,=1139461147246,=582090128045.0099,=21.5067,=0.3811,=44.4792,=28.5818,=18.7159
2014-11-27,=5930.7340,=6574.4400,=1317873294711.0996,=1141116005558,=582856865450.3401,=21.5222,=0.3814,=44.4792,=28.6059,=18.7159
2014-11-26,=5916.9230,=6559.1300,=1315490705383.8999,=1139583382221,=581210005301.6399,=21.4832,=0.3802,=44.4792,=28.6301,=18.7159
2014-11-25,=5885.4330,=6524.2200,=1307237322188.1001,=1131769106895,=578252015270.8900,=21.3485,=0.3743,=44.4792,=28.6513,=18.7159
2014-11-24,=5813.9130,=6444.9400,=1290976642903.8999,=1117656158256,=571459683705.7900,=21.0829,=0.3616,=44.4792,=28.6726,=18.7159
2014-11-21,=5774.0560,=6400.7600,=1282699269096.8999,=1110591711171,=567477568421.9999,=20.9477,=0.3504,=44.5677,=28.7110,=18.7131
2014-11-20,=5725.5450,=6346.9800,=1273685332316.3999,=1101783014092,=562346876921.8901,=20.8005,=0.3446,=44.5677,=28.7494,=18.7131
2014-11-19,=5764.6250,=6390.3000,=1282706677522.7004,=1109841706535,=566098847977.2900,=20.9478,=0.3502,=44.5677,=28.8031,=18.7131
2014-11-18,=5776.1350,=6403.0600,=1286114640725.2998,=1113446047951,=567715780994.8900,=21.0035,=0.3528,=44.5677,=28.8569,=18.7131
2014-11-17,=5826.0110,=6458.3500,=1297024388644.5002,=1124588803321,=574303971971.3701,=21.1817,=0.3638,=44.5677,=28.8976,=18.7131
2014-11-14,=5822.4940,=6454.4500,=1295484052448.4998,=1122934982284,=576213509488.8099,=21.1797,=0.3633,=44.6159,=28.9383,=18.7080
2014-11-13,=5756.2980,=6381.0700,=1277274330001.8003,=1106362140648,=569041396152.2400,=20.8820,=0.3467,=44.6159,=28.9617,=18.7080
2014-11-12,=5764.5940,=6390.2700,=1281360586587.5002,=1110100943391,=569793531258.5101,=20.9488,=0.3508,=44.6159,=28.9851,=18.7080
2014-11-11,=5691.6300,=6309.3800,=1268163298327.7998,=1098992270551,=562801994970.0101,=20.7330,=0.3441,=44.6159,=28.9978,=18.7080
2014-11-10,=5738.1310,=6360.9300,=1277637182717.3000,=1098003551366,=567029456142.0300,=20.8879,=0.3467,=44.6159,=29.0105,=18.7080
2014-11-07,=5595.6520,=6202.9900,=1246910121233.6001,=1069602845238,=552294121273.9902,=20.3855,=0.3223,=44.6391,=29.0152,=18.7080
2014-11-06,=5642.5990,=6255.0300,=1257104842644.7002,=1078158799934,=556781020271.9100,=20.5522,=0.3349,=44.6391,=29.0199,=18.7080
2014-11-05,=5623.8740,=6234.2700,=1251656821173.2000,=1074065928635,=554893295896.2401,=20.4631,=0.3305,=44.6391,=29.0462,=18.7080
2014-11-04,=5655.8250,=6269.6900,=1260347009356.2002,=1082449708019,=558579048020.0798,=20.6052,=0.3369,=44.6391,=29.0724,=18.7080
2014-11-03,=5737.9940,=6360.7800,=1279416854831,=1098991849941,=566590325678.3800,=20.9330,=0.3465,=44.6391,=29.1039,=18.7080
2014-10-31,=5741.1630,=6364.2900,=1280007220479.0002,=1099296326967,=566888616200.5302,=20.9427,=0.3467,=44.6424,=29.1354,=18.7043
2014-10-30,=5733.0410,=6355.2900,=1277722632544.3003,=1096754992351,=565148258499.8601,=21.0853,=0.3555,=44.6424,=29.1652,=18.7043
2014-10-29,=5736.0620,=6358.6400,=1279129521132.3999,=1098727188533,=565648022504.6998,=21.0548,=0.3535,=44.6424,=29.1949,=18.7043
2014-10-28,=5702.1510,=6321.0500,=1272182458525.2000,=1092683770374,=562362678154.4801,=20.7330,=0.3437,=44.6424,=29.1960,=18.7043
2014-10-27,=5651.3720,=6264.7600,=1259994824660.7004,=1082936534814,=553227661275.6088,=20.7042,=0.3416,=44.6424,=29.1972,=18.7043
2014-10-24,=5644.2560,=6256.8700,=1262322056064.3999,=1082436353411,=550246363257.5267,=20.6566,=0.3395,=44.6476,=29.2020,=18.6989
2014-10-23,=5643.5020,=6256.0300,=1266152057231.6997,=1084765547664,=549708867672.0070,=20.7179,=0.3414,=44.6476,=29.2067,=18.6989
2014-10-22,=5727.3400,=6348.9700,=1284230854213.1001,=1099782508363,=557842567033.1600,=21.0138,=0.3479,=44.6476,=29.2291,=18.6989
2014-10-21,=5798.6430,=6428.0100,=1297062174664.4998,=1111154228754,=564569400666.1792,=21.0245,=0.3481,=44.6476,=29.2516,=18.6989
2014-10-20,=5841.7420,=6475.7900,=1305376698777.2000,=1118156058481,=568574797463.3934,=21.1709,=0.3539,=44.6476,=29.2989,=18.6989
2014-10-17,=5810.2870,=6440.9200,=1299041003987,=1113377423894,=565911415772.1077,=21.0660,=0.3510,=44.6720,=29.3463,=18.6989
2014-10-16,=5795.0300,=6424.0100,=1295232613879.5002,=1109955763072,=564195223153.5593,=20.9953,=0.3474,=44.6720,=29.3948,=18.6989
2014-10-15,=5861.2060,=6497.3700,=1307763417602.2002,=1120446972012,=570505304959.4314,=21.1984,=0.3531,=44.6720,=29.4434,=18.6989
2014-10-14,=5834.1810,=6467.4100,=1300026576204.2000,=1113990514050,=567506829182.1948,=21.0730,=0.3511,=44.6720,=29.4526,=18.6989
2014-10-13,=5852.8510,=6488.1000,=1305778819988.6003,=1118806086608,=569370585456.1654,=21.1662,=0.3521,=44.6720,=29.4618,=18.6989
2014-10-10,=5932.3290,=6576.2100,=1321246257228.3999,=1132421898290,=577539685114.0410,=21.4170,=0.3641,=44.6814,=29.4686,=18.6963
2014-10-09,=5996.6810,=6647.5500,=1333890556536.3003,=1142767217995,=583739776203.2172,=21.6219,=0.3668,=44.6814,=29.4754,=18.6963
2014-10-08,=5998.0830,=6649.1000,=1335211230468.3999,=1143842769449,=583842067580.0332,=21.6433,=0.3671,=44.6814,=29.4823,=18.6963
2014-09-30,=5917.6150,=6559.9000,=1320962572222.3999,=1132182349029,=576639251896.4275,=21.4124,=0.3634,=44.6814,=29.4892,=18.6963
2014-09-29,=5903.7610,=6544.5400,=1318262694949.3999,=1121173275037,=573523719503.3330,=21.3647,=0.3614,=44.6814,=29.4958,=18.6963
2014-09-26,=5870.1180,=6507.2500,=1312480557080.3999,=1115890164880,=570559008921.0997,=21.2710,=0.3593,=44.7046,=29.5024,=18.6931
2014-09-25,=5844.5470,=6478.9000,=1308946897272.3003,=1112676046021,=568280104469.4639,=21.2137,=0.3572,=44.7046,=29.5516,=18.6931
2014-09-24,=5864.2490,=6500.7400,=1312411717524.3999,=1115156371313,=569958371582.4724,=21.2699,=0.3583,=44.7046,=29.6007,=18.6931
2014-09-23,=5784.9910,=6412.5400,=1293995220384.6001,=1099352766690,=562190921476.0133,=20.9714,=0.3499,=44.7046,=29.6043,=18.6931
2014-09-22,=5733.1410,=6355.0600,=1283808662489,=1090242123282,=557180896342.9277,=20.8063,=0.3478,=44.7046,=29.6080,=18.6931
2014-09-19,=5838.2320,=6471.5500,=1308534804712.0005,=1111056107978,=567459247194.6503,=21.2070,=0.3544,=44.7269,=29.6117,=18.6901
2014-09-18,=5794.2090,=6422.7500,=1297825632344.6997,=1101560936710,=563167476439.5872,=21.0335,=0.3507,=44.7269,=29.6154,=18.6901
2014-09-17,=5749.6150,=6373.3200,=1288965088730.1001,=1093903764644,=558772307219.5311,=20.8899,=0.3486,=44.7269,=29.6760,=18.6901
2014-09-16,=5705.8750,=6324.8400,=1279227892858.2002,=1086383103012,=554585196333.5347,=20.7321,=0.3473,=44.7269,=29.7366,=18.6901
2014-09-15,=5855.2920,=6490.4600,=1311845292686.6001,=1113738765145,=569382853810.5942,=21.2607,=0.3547,=44.7269,=29.7634,=18.6901
2014-09-12,=5845.5050,=6479.6100,=1312891179621.8000,=1115044515918,=568622668216.8132,=21.2776,=0.3550,=44.7347,=29.7902,=18.6700
2014-09-11,=5829.4840,=6461.8500,=1308033486794.7000,=1111118358517,=567058165485.5811,=21.1989,=0.3529,=44.7347,=29.8652,=18.6700
2014-09-10,=5882.2880,=6520.3900,=1321461361752.6003,=1122004992378,=572893454542.9772,=21.4165,=0.3571,=44.7347,=29.9402,=18.6700
2014-09-09,=5881.0160,=6518.9800,=1321178818712.3000,=1121604989692,=573013191963.3267,=21.4120,=0.3566,=44.7347,=29.9547,=18.6700
2014-09-05,=5881.5010,=6519.5100,=1323017177381.7002,=1123580816702,=573337002595.7479,=21.3589,=0.3553,=44.7347,=29.9693,=18.6700
2014-09-04,=5829.9850,=6462.4100,=1313658089833,=1111020225532,=567876111687.3121,=21.2078,=0.3540,=44.7684,=29.9935,=18.6547
2014-09-03,=5811.4950,=6441.9100,=1309817245287.2996,=1107480346221,=565952799504.6783,=21.1458,=0.3535,=44.7684,=30.0177,=18.6547
2014-09-02,=5768.4320,=6394.1800,=1295434886559.3003,=1099186359483,=561643712707.9226,=20.9136,=0.3506,=44.7684,=30.0257,=18.6547
2014-09-01,=5692.4080,=6309.9100,=1275252381015.7996,=1081455649652,=554164903915.0359,=20.5878,=0.3469,=44.7684,=30.0338,=18.6547
2014-08-29,=5651.0280,=6264.0400,=1264929683201.3999,=1073312720900,=549893074130.7627,=20.3890,=0.3344,=44.7684,=30.0343,=18.6547
2014-08-28,=5585.0640,=6190.3700,=1249243832225.8003,=1060366493675,=545528146975.2445,=20.1650,=0.3259,=44.7871,=30.0348,=18.6530
2014-08-27,=5605.4810,=6213,=1255069679109.8003,=1065091555177,=547211683208.4653,=20.1253,=0.3229,=44.7871,=30.0776,=18.6530
2014-08-26,=5614.2420,=6222.7100,=1256992622722.1001,=1066421037574,=548067176334.3187,=20.1721,=0.3264,=44.7871,=30.1203,=18.6530
2014-08-25,=5673.0450,=6287.8900,=1273216725009.1997,=1079394174132,=553273628756.5560,=20.4452,=0.3387,=44.7871,=30.1506,=18.6530
2014-08-22,=5714.1330,=6333.4300,=1281371523003.8000,=1085603358207,=556636837531.2504,=20.5803,=0.3438,=44.7871,=30.1808,=18.6530
2014-08-21,=5704.7420,=6323.0200,=1278358244562.8000,=1083881236094,=555925923134.3898,=20.5405,=0.3424,=44.7900,=30.2429,=18.6471
2014-08-20,=5739.9430,=6362.0400,=1285863797119,=1091379031498,=558058793639.7046,=20.6659,=0.3443,=44.7900,=30.3049,=18.6471
2014-08-19,=5728.7030,=6340.1500,=1278892197586.7000,=1085390092564,=556700878527.8474,=20.5549,=0.3430,=44.7900,=30.3829,=18.6471
2014-08-18,=5721.6390,=6332.3300,=1279606087454.9004,=1085634884832,=555992321085.6146,=20.4940,=0.3416,=44.7900,=30.4609,=18.6471
2014-08-15,=5698.6910,=6306.9300,=1273427411807.1997,=1080966344247,=554304857422.0194,=20.4059,=0.3355,=44.7900,=30.4666,=18.6471
2014-08-14,=5640.1650,=6242.1600,=1260973260412.7000,=1070628017673,=548890159815.0403,=20.2118,=0.3285,=44.7937,=30.4722,=18.6458
2014-08-13,=5697.0230,=6305.0800,=1274339948475,=1081410939527,=554242930176.9012,=20.4261,=0.3360,=44.7937,=30.4729,=18.6458
2014-08-12,=5688.8690,=6296.0600,=1272334380387.8003,=1079287361147,=553469196263.2083,=20.3887,=0.3339,=44.7937,=30.4736,=18.6458
2014-08-11,=5681.3870,=6287.7800,=1272580811540.8999,=1078868917884,=552655746971.2064,=20.4713,=0.3382,=44.7937,=30.4921,=18.6458
2014-08-08,=5595.2320,=6192.4300,=1253581965877.3997,=1064663109568,=544547890344.7152,=20.1657,=0.3288,=44.7937,=30.5107,=18.6458
2014-08-07,=5566.4550,=6160.5800,=1246640244029.0996,=1058688069505,=540640028497.4714,=19.9762,=0.3209,=44.8068,=30.5331,=18.6450
2014-08-06,=5665.4350,=6270.1200,=1268714888291.8000,=1076885266185,=550313009812.0481,=20.3299,=0.3309,=44.8068,=30.5555,=18.6450
2014-08-05,=5689.6440,=6296.9200,=1274844020534.4998,=1082376982948,=553055159706.5360,=20.4281,=0.3344,=44.8068,=30.5631,=18.6450
2014-08-04,=5690.3800,=6297.7300,=1275336273807.3997,=1082145320212,=552906928586.6619,=20.4360,=0.3355,=44.8068,=30.5708,=18.6450
2014-08-01,=5608.2250,=6206.8100,=1257227899064.2000,=1066783699334,=545196420279.6824,=20.1458,=0.3277,=44.8068,=30.5849,=18.6450
2014-07-31,=5584.9010,=6179.3100,=1251760682136.5002,=1062085123145,=542901650472.4038,=20.0582,=0.3247,=44.8286,=30.5990,=18.6436
2014-07-30,=5490.5040,=6074.8600,=1231867384391.7000,=1045703463676,=533408457467.5920,=19.7170,=0.3119,=44.8286,=30.6028,=18.6436
2014-07-29,=5493.3730,=6077.6600,=1235234531088.6001,=1048796330288,=533599840915.3019,=19.7784,=0.3138,=44.8286,=30.6066,=18.6436
2014-07-28,=5506.6250,=6092.3200,=1240851432743.2004,=1053787042722,=534930198812.2601,=19.8728,=0.3157,=44.8286,=30.7006,=18.6436
2014-07-25,=5398.2810,=5972.4600,=1215845836401.4998,=1034178772648,=524778033006.1843,=19.4723,=0.2997,=44.8286,=30.7946,=18.6436
2014-07-24,=5362.7840,=5933.1800,=1207369566547.3000,=1027450792433,=521402645123.7764,=19.3376,=0.2918,=44.8347,=30.8058,=18.6424
2014-07-23,=5335.5240,=5903.0200,=1201645151436.2002,=1022525124496,=518733266900.3528,=19.2459,=0.2814,=44.8347,=30.8171,=18.6424
2014-07-22,=5351.3760,=5918.6500,=1206139425161.2998,=1025999811499,=520223573601.1881,=19.3179,=0.2906,=44.8347,=30.8250,=18.6424
2014-07-21,=5295.9240,=5853.0100,=1192498701996.2998,=1015132247126,=514983925435.1525,=19.0994,=0.2647,=44.8347,=30.8329,=18.6424
2014-07-18,=5281.6150,=5836.8300,=1191230360107.2000,=1014174561785,=513223214573.7838,=19.0791,=0.2608,=44.8347,=30.8347,=18.6424
2014-07-17,=5193.8300,=5739.7600,=1168383262866.1001,=993463777773,=504121878546.5112,=18.7131,=0.2136,=44.8437,=30.8364,=18.6403
2014-07-16,=5248.0340,=5799.2000,=1179770225378.3000,=1004028135800,=509228333335.9505,=18.8955,=0.2432,=44.8437,=30.8813,=18.6403
2014-07-15,=5281.9470,=5822.6100,=1184928850791.8999,=1008317939681,=511322444372.9191,=18.9781,=0.2475,=44.8437,=30.9261,=18.6403
2014-07-14,=5181.1690,=5711.5100,=1161816220714.4998,=988963837406,=501308448478.1760,=18.6080,=0.1928,=44.8437,=30.9387,=18.6403
2014-07-11,=5062.1280,=5580.2900,=1132236716508.2000,=962914072763,=489401558038.2725,=18.1342,=0.1034,=44.8437,=30.9512,=18.6424
2014-07-10,=5044.5770,=5560.2100,=1127599045041.7000,=958837355480,=487622808012.3906,=18.0599,=0.0887,=44.8826,=30.9805,=18.6424
2014-07-09,=5071.6380,=5589.4600,=1132060805306.7998,=962214607311,=490463514826.6991,=18.1314,=0.1020,=44.8826,=31.0098,=18.6436
2014-07-08,=5158.9360,=5685.3400,=1152284840492.3999,=978416376870,=498715722043.8258,=18.4553,=0.1745,=44.8826,=31.0598,=18.6450
2014-07-07,=5144.0680,=5668.5200,=1150247425919.8000,=977113085788,=497465626615.3250,=18.4227,=0.1672,=44.8826,=31.1098,=18.6458
2014-07-04,=5154.1330,=5679.6100,=1153013625482.3999,=978752436920,=498259353567.5159,=18.4670,=0.1748,=44.8826,=31.1448,=18.6471
2014-07-03,=5153.2440,=5678.4500,=1153696943740.8999,=973869278580,=498082169270.8142,=18.4779,=0.1749,=44.8965,=31.1799,=18.6471
2014-07-02,=5122.1000,=5643.9700,=1146597385830.8000,=966724305351,=495020143802.3090,=18.3642,=0.1478,=44.8965,=31.1986,=18.6530
2014-07-01,=5120.6820,=5642.4100,=1143760120639.1001,=964230252780,=494932735187.3796,=18.3188,=0.1413,=44.8965,=31.2174,=18.6547
2014-06-30,=5131.6200,=5640.2000,=1147223715476.7002,=967092077360,=495793588504.7977,=18.3742,=0.1481,=44.8965,=31.2361,=18.6700
2014-06-27,=5100.0820,=5605.2200,=1139379647945.1001,=959746194435,=492698499235.8103,=18.2486,=0.1258,=44.8965,=31.2548,=18.6901
2014-06-26,=5081.7310,=5585.0500,=1136491699441.0002,=957242760386,=491050250227.1869,=18.2024,=0.1176,=44.9079,=31.3091,=18.6901
2014-06-25,=5042.9670,=5539.3100,=1129564236707,=951705342219,=487290515850.8022,=18.0914,=0.0962,=44.9079,=31.3635,=18.6931
2014-06-24,=5075.2460,=5558.9800,=1139563504508.4998,=961987138541,=489242485291.6675,=18.2516,=0.1253,=44.9079,=31.3676,=18.6963
2014-06-23,=5005.4100,=5482.4800,=1122416325151.7998,=946312899791,=481929976019.0601,=17.9769,=0.0797,=44.9079,=31.3717,=18.6989
2014-06-20,=4981.3650,=5456,=1116052781011.2998,=940772179737,=479464805746.0122,=17.8750,=0.0599,=44.9079,=31.3834,=18.6989
2014-06-19,=4964.9670,=5435.8600,=1112348616092.6001,=938135580557,=477898949074.4586,=17.8157,=0.0541,=44.9094,=31.3952,=18.6989
2014-06-18,=5040.3320,=5516.1600,=1128778273538.8999,=951556888353,=485081695482.6517,=18.0788,=0.0916,=44.9094,=31.4287,=18.7043
2014-06-17,=5080.9810,=5552.6000,=1138316973849.1001,=958897076650,=488722208821.8490,=18.2316,=0.1183,=44.9094,=31.4622,=18.7080
2014-06-16,=5133.8450,=5609.0900,=1150102295471.3000,=969420340443,=493940831134.0294,=18.4203,=0.1585,=44.9094,=31.4971,=18.7080
2014-06-13,=5119.9380,=5592.6000,=1082346475734.6998,=912690953923,=461440293639.2999,=18.4842,=0.1669,=44.9094,=31.5319,=18.7159
2014-06-12,=5097.7090,=5568.3200,=1075978683957.2996,=909238639466,=459447639674.8348,=18.3755,=0.1437,=44.9206,=31.5551,=18.7159
2014-06-11,=5094.3270,=5562.6300,=1076042242641.2998,=908742399419,=457988260912.4060,=18.3766,=0.1438,=44.9206,=31.5784,=18.7176
2014-06-10,=5070.5670,=5536.6600,=1072509378470.1000,=905308828898,=455780452238.5203,=18.3162,=0.1339,=44.9206,=31.6367,=18.7182
2014-06-09,=5033.0220,=5495.0800,=1064902196568.1000,=898505409971,=452551745143.3794,=18.1863,=0.1106,=44.9206,=31.6950,=18.7199
2014-06-06,=5040.7250,=5503.4900,=1065477381863.7000,=899285054081,=453201299458.6569,=18.1961,=0.1106,=44.9206,=31.8598,=18.7214
2014-06-05,=5077.0380,=5543.0200,=1072405087541.1000,=905586429532,=456696391160.8001,=18.3144,=0.1317,=44.9309,=32.0247,=18.7214
2014-06-04,=5021.1160,=5481.9600,=1060400920593.6998,=894722684856,=451481309797.9286,=18.1094,=0.0966,=44.9309,=32.1505,=18.7280
2014-06-03,=5056.7240,=5519.8700,=1069088979976.1000,=902274671174,=454262755225.9545,=18.2578,=0.1227,=44.9309,=32.2764,=18.7356
2014-05-30,=5124.2640,=5593.6000,=1081130282924.9004,=912426345541,=461116726820.1961,=18.4635,=0.1598,=44.9309,=32.3108,=18.7424
2014-05-29,=5116.2790,=5584.7200,=1079469127027.4998,=911320808564,=460668311547.0071,=18.4351,=0.1532,=44.9309,=32.3452,=18.7459
2014-05-28,=5146.4420,=5617.6400,=1084633103181.4000,=915684696907,=463326399383.6160,=18.5233,=0.1651,=44.9386,=32.3749,=18.7459
2014-05-27,=5127.7940,=5596.9400,=1080437509514.2000,=912155280070,=461744401820.6690,=18.4516,=0.1577,=44.9386,=32.4046,=18.7525
2014-05-26,=5152.5620,=5623.0500,=1084609025810.6000,=915205941113,=464086089513.7427,=18.5229,=0.1637,=44.9386,=32.4099,=18.7685
2014-05-23,=5117.8730,=5582.3200,=1077039330571.8000,=909072650049,=460829486481.8223,=18.3936,=0.1470,=44.9386,=32.4151,=18.7726
2014-05-22,=5078.6020,=5538.2000,=1068499764590.6002,=902177576129,=457245459456.1580,=18.2478,=0.1192,=44.9386,=32.4356,=18.7743
2014-05-21,=5106.5040,=5568.6300,=1074652473790.1002,=907274899506,=459816826944.8547,=18.3528,=0.1362,=44.9756,=32.4562,=18.7743
2014-05-20,=5033.1010,=5488.5800,=1058488464324.9000,=893017869823,=453193709012.0779,=18.0768,=0.0923,=44.9756,=32.4650,=18.7776
2014-05-19,=5061.2820,=5519.3100,=1064669321996,=898260870253,=455818933478.9354,=18.1823,=0.1093,=44.9756,=32.4739,=18.7800
2014-05-16,=5124.8820,=5586.9200,=1080088469012,=912410454340,=461698475365.6314,=18.4457,=0.1518,=44.9756,=32.4779,=18.7819
2014-05-15,=5131.9650,=5593.4100,=1080286426413.7002,=913233137050,=462523355415.8995,=18.4490,=0.1520,=44.9756,=32.4819,=18.7851
2014-05-14,=5203.7620,=5671.6600,=1095447701861.9000,=925377680613,=468951332669.3106,=18.7080,=0.1844,=45.0310,=32.4850,=18.7851
2014-05-13,=5250.8670,=5720.1100,=1105226696514.5000,=935535422215,=473255169363.5944,=18.8750,=0.2134,=45.0310,=32.4881,=18.7866
2014-05-12,=5235.6440,=5703.0900,=1101858480153.1001,=932573262242,=471855635526.6741,=18.8175,=0.2051,=45.0310,=32.5571,=18.7866
2014-05-09,=5153.2140,=5613.3000,=1084721428434.6998,=918557936666,=464572141271.0977,=18.5248,=0.1593,=45.0310,=32.6262,=18.7866
2014-05-08,=5181.5730,=5644.1900,=1089653889876.5996,=919860460242,=467146473402.4040,=18.6090,=0.1654,=45.0310,=32.6420,=18.7931
2014-05-07,=5196.9230,=5660.9200,=1092327528481.7000,=922220145722,=468562907037.8756,=18.6547,=0.1766,=45.1652,=32.6579,=18.7931
2014-05-06,=5264.4360,=5734.1000,=1105979169414.7000,=933605931733,=474835895545.6440,=18.8878,=0.2118,=45.1652,=32.6720,=18.8041
2014-05-05,=5251.3980,=5719.9000,=1103601802005.1001,=931659952657,=473586707759.5845,=18.8479,=0.2077,=45.1652,=32.6861,=18.8041
2014-04-30,=5231.2560,=5697.9600,=1101275502686.5000,=931229362644,=471319355685.9630,=18.8381,=0.2062,=45.1652,=32.7020,=18.8041
2014-04-29,=5185.7050,=5648.3400,=1094037111439.4998,=924594132572,=458542911226.0143,=18.8659,=0.2089,=45.1652,=32.7179,=18.8041
2014-04-28,=5110.7720,=5566.7300,=1079528772529.3000,=913289941138,=451950461212.4065,=18.5167,=0.1585,=45.1689,=32.8046,=18.7931
2014-04-25,=5236.9120,=5704.1200,=1103953534887.4998,=932792068762,=463181265230.8461,=18.5610,=0.1621,=45.1689,=32.8913,=18.8041
2014-04-24,=5389.2930,=5870.1000,=1136160239879.3000,=961650233358,=476958339910.0642,=19.1481,=0.2369,=45.1689,=32.9482,=18.8142
2014-04-23,=5417.2950,=5886.8500,=1145098282734.8000,=967079818874,=479465292954.2268,=19.2339,=0.2440,=45.1689,=33.0050,=18.8142
2014-04-22,=5387.0550,=5853.6500,=1136824831404.3000,=958580700984,=475204350624.3435,=18.7182,=0.1849,=45.1689,=33.0420,=18.8142
2014-04-21,=5389.6580,=5856.4800,=1135982223052.6001,=958400200747,=474974182910.5616,=18.7819,=0.1954,=45.1922,=33.0790,=18.8142
2014-04-18,=5492.1430,=5967.8400,=1157198191707.3999,=976450616550,=483953182803.8914,=19.1327,=0.2326,=45.1922,=33.1042,=18.8159
2014-04-17,=5474.4290,=5948.6000,=1152872396158.3997,=973334902355,=482805581442.3281,=18.7159,=0.1836,=45.1922,=33.1294,=18.8159
2014-04-16,=5469.7740,=5943.5400,=1150047149923.8999,=970215204075,=482488214483.8735,=18.6700,=0.1769,=45.1922,=33.1534,=18.8160
2014-04-15,=5484.7700,=5959.8300,=1153617951230.8000,=967164960058,=483896156362.8058,=18.7280,=0.1857,=45.1922,=33.1774,=18.8185
2014-04-14,=5536.9100,=6016.4900,=1163843696992.2000,=975825846832,=488747125766.3098,=18.9156,=0.2066,=45.2531,=33.1818,=18.8185
2014-04-11,=5529.9120,=6007.3900,=1164879591611.1001,=976028846385,=487847487648.5100,=18.7199,=0.1843,=45.2531,=33.1862,=18.8185
2014-04-10,=5465.8660,=5937.8200,=1151649825491.3999,=963454604921,=481991322674.7398,=18.5176,=0.1602,=45.2531,=33.1946,=18.8220
2014-04-09,=5411.0360,=5878.2500,=1137473145769,=951733335745,=476838698649.8500,=18.2695,=0.1248,=45.2531,=33.2030,=18.8360
2014-04-08,=5390.7820,=5856.2500,=1135293552554.8999,=950114302162,=475993755265.8699,=18.3766,=0.1396,=45.2531,=33.2097,=18.8432
2014-04-04,=5294.3060,=5751.4400,=1116999841027.8003,=934637808722,=467269893257.5000,=18.0805,=0.0946,=45.2596,=33.2165,=18.8432
2014-04-03,=5243.3720,=5696.1100,=1105860695943.2998,=927050825844,=462753325088.7800,=17.9002,=0.0643,=45.2596,=33.2219,=18.8555
2014-04-02,=5270.4740,=5725.5500,=1111238596102.8999,=931015517319,=465042843217.8499,=17.9872,=0.0826,=45.2596,=33.2273,=18.8573
2014-04-01,=5259.8050,=5713.9600,=1107016348899.8000,=926846953558,=464300690807.1500,=17.9189,=0.0661,=45.2596,=33.2472,=18.8866
2014-03-31,=5162.7280,=5608.5100,=1086235326276.3000,=907731435598,=455369008313.4799,=17.5876,=0.0340,=45.2596,=33.2672,=18.9037
2014-03-28,=5132.6540,=5575.8300,=1079724603531.2000,=899940857308,=452513058868.0399,=17.4936,=0.0183,=45.2659,=33.2888,=18.9037
2014-03-27,=5202.3740,=5651.5700,=1096578114830.1000,=914876904544,=458669670563.4598,=17.7934,=0.0489,=45.2659,=33.3104,=18.9420
2014-03-26,=5285.0870,=5741.4300,=1112828371424.1001,=927907850090,=466072281347.2700,=18.0570,=0.0856,=45.2659,=33.3390,=18.9464
2014-03-25,=5317.3480,=5776.4800,=1122509649152.5000,=937528448592,=468961114164.5100,=18.1374,=0.0962,=45.2659,=33.3676,=18.9742
2014-03-24,=5346.3670,=5808,=1131106827181.2998,=945954771613,=471534822879.3401,=18.5602,=0.1540,=45.2659,=33.3708,=18.9859
2014-03-21,=5333.8930,=5794.4500,=1127935624428.7000,=943110582267,=470717147146.1000,=18.5097,=0.1506,=45.3023,=33.3740,=18.9859
2014-03-20,=5237.2430,=5689.1500,=1105482465953.5000,=927399167851,=462096139812.6299,=18.1457,=0.0982,=45.3023,=33.3815,=18.9869
2014-03-19,=5360.4050,=5822.9400,=1131607373457,=949687912790,=473072309119.7601,=18.5830,=0.1535,=45.3023,=33.3890,=18.9878
2014-03-18,=5438.6050,=5907.8900,=1144988779585.3000,=959859327109,=480053903399.8500,=18.7685,=0.1773,=45.3023,=33.4015,=18.9903
2014-03-17,=5400.5460,=5866.5500,=1136366126239.7000,=951994277553,=476689774914.7499,=18.6403,=0.1599,=45.3023,=33.4139,=18.9919
2014-03-14,=5370.3410,=5833.7400,=1130302927580.6001,=946227306253,=473588629953.5599,=18.5319,=0.1513,=45.3416,=33.4243,=18.9919
2014-03-13,=5428.0950,=5896.4700,=1143138894488.5000,=955784375828,=478479716937.7700,=18.7424,=0.1734,=45.3416,=33.4346,=18.9955
2014-03-12,=5270.2980,=5725.0600,=1110600248028.6001,=925825681677,=464506395167.7499,=18.2211,=0.1101,=45.3416,=33.4397,=18.9985
2014-03-11,=5291.7510,=5748.3600,=1114739856247.8999,=930186562622,=466486960932.8300,=18.2910,=0.1190,=45.3416,=33.4448,=19.0104
2014-03-10,=5200.0990,=5648.8000,=1093478402402.2000,=911866861643,=458547102518.1900,=17.8620,=0.0583,=45.3416,=33.4739,=19.0110
2014-03-07,=5314.7730,=5773.3700,=1119464654349.2000,=936119839910,=468002335292.4700,=18.2569,=0.1140,=45.3565,=33.5031,=19.0110
2014-03-06,=5285.1490,=5741.1900,=1113924760365.1001,=931385741057,=465129034544.1402,=18.1665,=0.1026,=45.3565,=33.5140,=19.0168
2014-03-05,=5301.0010,=5758.4100,=1116097272578.8000,=932647607417,=466527078825.3298,=18.2019,=0.1053,=45.3565,=33.5250,=19.0558
2014-03-04,=5268.2720,=5722.8600,=1107720137864.7000,=923585413014,=463505448608.0802,=18.0689,=0.0877,=45.3565,=33.5500,=19.0589
2014-03-03,=5312.8510,=5771.2900,=1117960149488.3999,=930878010461,=467478031164.8900,=18.2360,=0.1090,=45.3565,=33.5751,=19.0609
2014-02-28,=5217.1650,=5667.3400,=1097653763857.1000,=908760077558,=458925994502.6401,=17.9047,=0.0621,=45.3640,=33.5863,=19.0609
2014-02-27,=5117.5470,=5559.1300,=1074622424005.7998,=889891420054,=449537185741.9799,=17.5302,=0.0231,=45.3640,=33.5976,=19.0680
2014-02-26,=5173.8990,=5620.3400,=1084393759984,=896859038318,=454446782409.5599,=17.6896,=0.0382,=45.3640,=33.6008,=19.0794
2014-02-25,=5179.8330,=5626.7900,=1083997746269.5000,=896904594130,=455163876552.9601,=17.6832,=0.0374,=45.3640,=33.6040,=19.0887
2014-02-24,=5371.3290,=5834.8100,=1124533228062.8000,=931123231237,=471964283470.1301,=18.4155,=0.1327,=45.3640,=33.6125,=19.0928
2014-02-21,=5437.1690,=5906.3300,=1138460833171.8000,=941840594585,=477837274321.3901,=18.6436,=0.1506,=45.3756,=33.6210,=19.0928
2014-02-20,=5484.0950,=5957.3100,=1148877363082.1001,=949973439336,=481782138760.4800,=18.8142,=0.1722,=45.3756,=33.6228,=19.0946
2014-02-19,=5504.5500,=5979.5300,=1153300763063,=954638846648,=483494372457.6301,=18.8866,=0.1795,=45.3756,=33.6247,=19.1013
2014-02-18,=5473.7710,=5946.0900,=1145113116383.6001,=947171294344,=480880713390.9500,=18.7525,=0.1644,=45.3756,=33.6487,=19.1076
2014-02-17,=5536.2580,=6013.9700,=1159631468048.5002,=958626887940,=486438513079.9002,=18.9903,=0.1852,=45.3756,=33.6726,=19.1113
2014-02-14,=5460.8900,=5932.1000,=1142393711342.3000,=942124389304,=479811123073.9701,=18.7080,=0.1603,=45.3789,=33.6768,=19.1113
2014-02-13,=5352.6550,=5814.5200,=1117286243686,=919820041324,=470342309619.6600,=18.2968,=0.1120,=45.3789,=33.6809,=19.1132
2014-02-12,=5395.5830,=5861.1600,=1123554140529.2002,=924640863861,=474262603992.8900,=18.3995,=0.1300,=45.3789,=33.6846,=19.1163
2014-02-11,=5362.8610,=5825.6100,=1119246634581.1001,=919937442692,=471439759950.7100,=18.3289,=0.1194,=45.3789,=33.6883,=19.1223
2014-02-10,=5331.3950,=5791.4300,=1111439938513.9998,=913678618301,=468744310456.1901,=18.2011,=0.1015,=45.3789,=33.6886,=19.1358
2014-02-07,=5205.2850,=5654.4400,=1086476030971,=895020853963,=457797000786.0101,=17.7923,=0.0468,=45.4143,=33.6890,=19.1358
2014-01-30,=5135.0660,=5578.1600,=1074359631973.2000,=883832596693,=451516333495.8500,=17.5939,=0.0333,=45.4143,=33.7365,=19.1385
2014-01-29,=5229.5650,=5680.8100,=1093634453857.5000,=900846866542,=460085223566.1000,=17.9095,=0.0586,=45.4143,=33.7840,=19.1388
2014-01-28,=5282.9930,=5738.8500,=1104155101785.3999,=910891865782,=464930329173.0799,=18.0818,=0.0839,=45.4143,=33.7878,=19.1497
2014-01-27,=5349.6210,=5811.2300,=1117531798018.3999,=922612853816,=470729077829.0399,=18.3008,=0.1083,=45.4143,=33.7916,=19.1703
2014-01-24,=5394.0800,=5859.5200,=1126106483807,=927122723260,=474576894618.1299,=18.4413,=0.1292,=45.4145,=33.7948,=19.1703
2014-01-23,=5370.1830,=5833.5600,=1122051793169.5000,=921740444320,=472428106801.5100,=18.3749,=0.1166,=45.4145,=33.7980,=19.1892
2014-01-22,=5376.7280,=5840.6700,=1124785905226.2000,=923559783785,=472845092211.3300,=18.4196,=0.1276,=45.4145,=33.8010,=19.1903
2014-01-21,=5232.1800,=5683.6500,=1094141728301.8002,=897604267903,=460070528704.7999,=17.9247,=0.0625,=45.4145,=33.8040,=19.1924
2014-01-20,=5218.9010,=5669.2300,=1089725382482.1000,=895265622003,=459028879105.6701,=17.8524,=0.0535,=45.4145,=33.8312,=19.1992
2014-01-17,=5247.9860,=5700.8200,=1093810922168.1000,=895617327308,=461346931895.1299,=17.9193,=0.0581,=45.4821,=33.8583,=19.1992
2014-01-16,=5369.7630,=5833.1100,=1118246945541.0002,=915439588189,=472205287364.9299,=18.3196,=0.1090,=45.4821,=33.8791,=19.2017
2014-01-15,=5342.2920,=5803.2700,=1108520218852.1001,=908708184840,=469901639272.8801,=18.1603,=0.0918,=45.4821,=33.9000,=19.2039
2014-01-14,=5345.9840,=5807.2800,=1111630032182.0002,=911597235806,=470364959481.6800,=18.2112,=0.0965,=45.4821,=33.9086,=19.2459
2014-01-13,=5279.7330,=5735.3100,=1098224623551.9000,=899842000208,=464504786217.4699,=17.9916,=0.0729,=45.4821,=33.9172,=19.2477
2014-01-10,=5283.2750,=5739.1600,=1096546817737.5000,=898161065052,=464708650729.9598,=17.9641,=0.0675,=45.4834,=33.9343,=19.2477
2014-01-09,=5301.1640,=5758.5900,=1098508625366.7000,=891571450793,=465952111316.7299,=17.9962,=0.0721,=45.4834,=33.9514,=19.2734
2014-01-08,=5359.1910,=5821.6200,=1108980055424.7000,=899495196051,=471235552102.6400,=18.1678,=0.0913,=45.4834,=34.1078,=19.2755
2014-01-07,=5333.9670,=5794.2200,=1106336954594.6001,=898118738810,=468734250403.9202,=18.1245,=0.0841,=45.4834,=34.2643,=19.2792
2014-01-06,=5326.0730,=5785.6500,=1105340854133.1003,=897559980714,=467937173608.6100,=18.1082,=0.0814,=45.4834,=34.2661,=19.2854
2014-01-03,=5484.8120,=5958.0800,=1138596768666.1001,=925154925323,=481857340488.0400,=18.6530,=0.1355,=45.5626,=34.2679,=19.2854
2014-01-02,=5541.4380,=6019.6000,=1150961211257.1001,=935749824270,=486682111887.4000,=18.8555,=0.1577,=45.5626,=34.2844,=19.2892
2013-12-31,=5581.8470,=6063.4900,=1159504531531.8999,=935778502053,=490299374547.4001,=18.9955,=0.1661,=45.5626,=34.3008,=19.3009
2013-12-30,=5505.4010,=5980.4500,=1141398403937.3003,=919680483388,=484176515649.1500,=18.6989,=0.1387,=45.5626,=34.3165,=19.3019
2013-12-27,=5491.7300,=5965.6000,=1137491074370.3003,=918352000270,=483195720068.8699,=18.6349,=0.1305,=45.5626,=34.3321,=19.3037
2013-12-26,=5422.6500,=5890.5600,=1122108889801.3999,=906541696417,=477299354345.5598,=18.3829,=0.1122,=45.5718,=34.5843,=19.3037
2013-12-25,=5492.3810,=5966.3100,=1138237538355.2002,=920005382374,=483146842694.0300,=18.6471,=0.1335,=45.5718,=34.8365,=19.3110
2013-12-24,=5442.4870,=5912.1100,=1126471738622.3000,=912560585582,=478931371905.4000,=18.4544,=0.1198,=45.5718,=34.8380,=19.3606
2013-12-23,=5429.1880,=5897.6600,=1122225543006.2000,=909625732890,=477958797085.8601,=18.3848,=0.1135,=45.5718,=34.8396,=19.3669
2013-12-20,=5434.1650,=5903.0700,=1120971827637.8000,=909608712593,=478601718467.4301,=18.3642,=0.1071,=45.5718,=34.9055,=19.3692
2013-12-19,=5457.6950,=5928.6300,=1130073132099.3999,=918487842001,=480236738442.8000,=18.5134,=0.1201,=45.5969,=34.9714,=19.3692
2013-12-18,=5515.3930,=5991.3000,=1140863914494.8000,=927921562759,=485390043024.6201,=18.6901,=0.1304,=45.5969,=35.0270,=19.3828
2013-12-17,=5518.3280,=5994.4900,=1142542704645.1997,=922117867571,=485529448205.4500,=18.7176,=0.1343,=45.5969,=35.0826,=19.3999
2013-12-16,=5546.8490,=6025.4700,=1148540893195.2000,=926658149674,=487901444550.9199,=18.8159,=0.1446,=45.5969,=35.1051,=19.4214
2013-12-13,=5656.4500,=6144.5300,=1122489400470.2998,=902876104784,=475531436929.4101,=18.7851,=0.1410,=45.5969,=35.1277,=19.4220
2013-12-12,=5673.8550,=6163.4400,=1125956944767.5000,=905790053449,=477023879796.3500,=18.8432,=0.1476,=45.6117,=35.1739,=19.4220
2013-12-11,=5683.9560,=6174.4100,=1129573347246.8999,=908685252501,=477772450991.9199,=18.9037,=0.1487,=45.6117,=35.2201,=19.4570
2013-12-10,=5733.1440,=6227.8400,=1139393268826.7000,=915436132294,=481739176352.5700,=19.0680,=0.1619,=45.6117,=35.2212,=19.4664
2013-12-09,=5743.3730,=6238.9600,=1141979821596.8999,=917693190467,=482773715816.1199,=19.1113,=0.1676,=45.6117,=35.2222,=19.4772
2013-12-06,=5711.6910,=6204.5400,=1136332489958.8999,=913320079163,=480284697881.0601,=19.0168,=0.1584,=45.6117,=35.2318,=19.5365
2013-12-05,=5718.2580,=6211.6700,=1135237669601.3999,=911790075939,=480657605904.7300,=18.9985,=0.1558,=45.6186,=35.2414,=19.5365
2013-12-04,=5727.1730,=6221.3600,=1135953120615.6001,=913170067483,=481662068387.2300,=19.0104,=0.1559,=45.6186,=35.2619,=19.5436
2013-12-03,=5628.1640,=6113.8100,=1116989383596.2002,=898579609945,=473559263764.6799,=18.6931,=0.1318,=45.6186,=35.2824,=19.5456
2013-12-02,=5508.5440,=5983.8600,=1094840872305.6998,=881229755904,=463872946675.5500,=18.3224,=0.1057,=45.6186,=35.3044,=19.5520
2013-11-29,=5717.0810,=6210.4000,=1134842940548.3999,=914511828242,=481621763541.5100,=18.9919,=0.1536,=45.6186,=35.3264,=19.5671
2013-11-28,=5713.5860,=6206.6000,=1134597051503.8999,=914401771719,=481375632143.3402,=18.9878,=0.1528,=45.6339,=35.3534,=19.5671
2013-11-27,=5632.3180,=6118.3200,=1118681407247.3000,=902600614221,=474535456932.5399,=18.7214,=0.1341,=45.6339,=35.3805,=19.5917
2013-11-26,=5599.3730,=6082.5300,=1111975136249.6001,=897801854969,=471826995804.8800,=18.6092,=0.1239,=45.6339,=35.3980,=19.6063
2013-11-25,=5601.4460,=6084.7800,=1113582383353.7002,=899044790002,=472198683830.0500,=18.6361,=0.1269,=45.6339,=35.4155,=19.6115
2013-11-22,=5608.0830,=6091.9900,=1112989078961.2000,=897445730423,=472349409899.5101,=18.6261,=0.1261,=45.6339,=35.4565,=19.6239
2013-11-21,=5628.6130,=6114.2900,=1117182190554.1001,=901149402512,=473898875849.5000,=18.6963,=0.1290,=45.6501,=35.4975,=19.6239
2013-11-20,=5672.9160,=6162.4200,=1126803733271.8000,=909374717858,=478014056759.1599,=18.8573,=0.1433,=45.6501,=35.5279,=19.6491
2013-11-19,=5663.1000,=6151.7600,=1124333599347.2998,=908118284494,=477370008768.7600,=18.8160,=0.1396,=45.6501,=35.5584,=19.6503
2013-11-18,=5736.6380,=6231.6400,=1135983909170.3003,=916528653544,=483485990882.3098,=19.0110,=0.1473,=45.6501,=35.6322,=19.6575
2013-11-15,=5608.0450,=6091.9500,=1112744394199.2002,=897694478161,=473156290925.4898,=18.6220,=0.1257,=45.6501,=35.7060,=19.6659
2013-11-14,=5510.0550,=5985.5100,=1095097056631.2000,=884646588653,=465356309446.2500,=18.3267,=0.1069,=45.7038,=35.7172,=19.6659
2013-11-13,=5432.2140,=5900.9500,=1082664512177.7000,=875730907070,=459084696536.8300,=18.1186,=0.0852,=45.7038,=35.7284,=19.7107
2013-11-12,=5518.8750,=5995.0900,=1099571398055.3999,=887784605224,=465972511086.5599,=18.4016,=0.1128,=45.7038,=35.7313,=19.7188
2013-11-11,=5436.0720,=5905.1400,=1079402277608.1000,=870726823327,=458588653157.5300,=18.0641,=0.0806,=45.7038,=35.7343,=19.7485
2013-11-08,=5363.0630,=5825.8300,=1064224934048.3998,=858772888122,=452107624320.1299,=17.8101,=0.0503,=45.7038,=35.7390,=19.8217
2013-11-07,=5432.9390,=5901.7300,=1078425319312.1002,=870445405128,=458345880122.7601,=18.0477,=0.0770,=45.7138,=35.7436,=19.8217
2013-11-06,=5502.3690,=5977.1600,=1090531829322.1000,=879347586068,=464016148093.6300,=18.2503,=0.0942,=45.7138,=35.7601,=19.8374
2013-11-05,=5553.5950,=6032.8000,=1098437961795.4000,=884200519064,=467818310459.8000,=18.3826,=0.1067,=45.7138,=35.7765,=19.9088
2013-11-04,=5510.3880,=5985.8700,=1091293782833.5000,=876986125702,=463885396304.7000,=18.2631,=0.0963,=45.7138,=35.7990,=19.9164
2013-11-01,=5500.6980,=5975.3400,=1090634872133.8000,=874931302410,=462794333570.0100,=18.2520,=0.0945,=45.7138,=35.8215,=19.9216
2013-10-31,=5531.1490,=6008.4200,=1093667958040.2000,=878174865200,=465516970034.7302,=18.3028,=0.0974,=45.7372,=35.8311,=19.9216
2013-10-30,=5686.5690,=6177.2500,=1114603002630.9998,=893633247210,=476346146766.4100,=18.7356,=0.1214,=45.7372,=35.8407,=19.9279
2013-10-29,=5616.7860,=6101.4500,=1103585674375,=885413097505,=470610358450.5400,=18.3749,=0.1014,=45.7372,=35.8485,=19.9413
2013-10-28,=5684.8120,=6175.3400,=1116697123856.8000,=894612447797,=476314489064.3999,=18.4431,=0.1082,=45.7372,=35.8564,=19.9656
2013-10-25,=5731.5910,=6226.1600,=1123247048764.3003,=902629793948,=479491602797.0500,=18.1647,=0.0892,=45.7372,=35.8699,=20.0113
2013-10-24,=5887.6200,=6395.6500,=1154895810823.5000,=929114855142,=493064998366.2601,=18.6089,=0.1123,=45.7803,=35.8833,=20.0113
2013-10-23,=5952.3560,=6465.9700,=1165874080266.6001,=937574091467,=498428061258.5900,=18.7800,=0.1220,=45.7803,=35.8965,=20.0423
2013-10-22,=6170.5930,=6703.0400,=1203281143506.7998,=966134434068,=515733384262.1600,=19.3669,=0.1663,=45.7803,=35.9097,=20.0489
2013-10-21,=6228.8600,=6766.3300,=1216323416559.6001,=975330788975,=520604451302.8199,=19.4220,=0.1704,=45.7803,=35.9190,=20.0607
2013-10-18,=6014.8270,=6533.8300,=1177132563024.1997,=946687357743,=503197372187.6100,=18.7743,=0.1204,=45.7803,=35.9283,=20.0779
2013-10-17,=5993.2690,=6510.4100,=1176001992271.3999,=946456840244,=501423995744.6699,=18.7931,=0.1225,=45.7858,=35.9444,=20.0779
2013-10-16,=6002.1220,=6520.0300,=1178686509304.3999,=947790819248,=502212902804.4000,=18.8360,=0.1255,=45.7858,=35.9605,=20.1401
2013-10-15,=6110.3020,=6637.5500,=1199136383966,=963484663370,=511089777818.2601,=19.2854,=0.1575,=45.7858,=35.9668,=20.1597
2013-10-14,=6052.2250,=6574.4600,=1188430523528.8999,=953901116601,=505546454897.4100,=19.1132,=0.1393,=45.7858,=35.9731,=20.2133
2013-10-11,=5921.7630,=6432.7400,=1159315050675.7000,=930958512404,=495045827471.0299,=18.6450,=0.1152,=45.7858,=35.9856,=20.2965
2013-10-10,=5841.0070,=6345.0100,=1140794047863.6997,=917960981782,=488794767913.3398,=18.3471,=0.1008,=45.7945,=35.9980,=20.2965
2013-10-09,=5856.4500,=6361.7900,=1144650957087.3999,=921509986977,=489995363493.1901,=18.4091,=0.1048,=45.7945,=36.0194,=20.2994
2013-10-08,=5794.5340,=6294.5300,=1136294728556.4004,=913957595050,=484844247029.9498,=18.2748,=0.0961,=45.7945,=36.0407,=20.3322
2013-09-30,=5736.8100,=6231.8300,=1126472557999.8003,=905452737333,=480054782925.2800,=18.1168,=0.0836,=45.7945,=36.0466,=20.3779
2013-09-27,=5656.4200,=6144.5000,=1112960286709.9998,=893674427702,=472483392183.5665,=17.8995,=0.0603,=45.7945,=36.0525,=20.3908
2013-09-26,=5675.7970,=6165.5500,=1114264852199.2002,=896623125134,=474525863369.4631,=17.9205,=0.0604,=45.7957,=36.0540,=20.3908
2013-09-25,=5679.0530,=6169.0900,=1115657607239.5000,=898166578606,=474793508904.4909,=17.9429,=0.0663,=45.7957,=36.0555,=20.4231
2013-09-24,=5691.8740,=6183.0100,=1118172554277,=900980271527,=476000571461.6160,=17.9833,=0.0712,=45.7957,=36.0786,=20.4358
2013-09-23,=5622.4950,=6107.6500,=1107615157440.6001,=894231704328,=471106092911.6451,=17.8135,=0.0537,=45.7957,=36.1018,=20.4773
2013-09-18,=5528.2760,=6005.3000,=1090680445710.3000,=882277258573,=463665161702.9905,=17.5412,=0.0264,=45.7957,=36.1062,=20.4945
2013-09-17,=5536.5380,=6014.2700,=1092237835974.2000,=883798523186,=464382397106.9774,=17.5662,=0.0333,=45.8404,=36.1106,=20.4945
2013-09-16,=5649.6050,=6137.1000,=1117058507691.6001,=906198813020,=474824119972.9075,=17.9654,=0.0656,=45.8404,=36.1186,=20.6373
2013-09-13,=5680.8200,=6171.0100,=1123576254044.5000,=912640355626,=477673829083.2686,=18.0702,=0.0735,=45.8404,=36.1267,=20.6810
2013-09-12,=5600.0490,=6083.2600,=1108842261611.8999,=901375440056,=471220300641.2252,=17.8332,=0.0520,=45.8404,=36.1428,=20.7548
2013-09-11,=5636.3390,=6122.6900,=1114481168717.7000,=905886474744,=474490063944.4551,=17.9239,=0.0580,=45.8404,=36.1590,=21.0073
2013-09-10,=5605.1760,=6088.8300,=1107476839898.7000,=899387262191,=471806620551.6953,=17.8113,=0.0501,=45.8715,=36.1634,=21.0073
2013-09-09,=5571.7190,=6052.4900,=1101290900622.1001,=894412750620,=469089679307.0082,=17.7118,=0.0404,=45.8715,=36.1679,=21.0417
2013-09-06,=5522.7240,=5999.2700,=1090276075011.1000,=886479596081,=465171375848.4689,=17.5346,=0.0256,=45.8715,=36.2144,=21.0417
2013-09-05,=5528.6600,=6005.7200,=1091417957479.4000,=886939350760,=465589486794.4971,=17.5530,=0.0276,=45.8715,=36.2609,=21.2109
2013-09-04,=5491.6240,=5965.4800,=1088638044698.8000,=885448717990,=462800599322.0401,=17.5083,=0.0237,=45.8715,=36.2774,=21.3842
2013-09-03,=5475.5670,=5948.0400,=1084653427795.6000,=882727977477,=461227145678.6739,=17.4442,=0.0138,=46.0039,=36.2940,=21.3842
2013-09-02,=5371.3640,=5834.8500,=1066275481037,=868733303476,=453007919241.9390,=17.1487,=0.0020,=46.0039,=36.3044,=21.4986
2013-08-30,=5371.6910,=5835.2000,=1079132847705.6998,=884775774582,=455662479400.2266,=17.4604,=0.0139,=46.0039,=36.3149,=21.5652
2013-08-29,=5415.4880,=5882.7800,=1086667617861.8998,=891008816151,=459347653562.8273,=17.6521,=0.0297,=46.0039,=36.3157,=21.5808
2013-08-28,=5431.5950,=5900.2700,=1090616001525.7002,=893709116425,=458652749401.6947,=17.6928,=0.0317,=46.0039,=36.3165,=21.6640
2013-08-27,=5488.8020,=5962.4200,=1103258758853.7998,=904407192507,=465189781540.5498,=17.8968,=0.0467,=46.0223,=36.3251,=21.6640
2013-08-26,=5461.7220,=5933,=1098820025738.4000,=900499053929,=463140786651.3701,=17.8114,=0.0417,=46.0223,=36.3338,=22.4397
2013-08-23,=5383.8310,=5848.3900,=1083841575892,=888529987856,=456830099619.3837,=17.5013,=0.0179,=46.0223,=36.3413,=22.4664
2013-08-22,=5407.5040,=5874.1100,=1090504372557.3000,=893400966036,=459041504907.6446,=17.5469,=0.0209,=46.0223,=36.3488,=22.5191
2013-08-21,=5416.3510,=5883.7200,=1093115347380.6000,=894958868687,=458865511081.4204,=17.5648,=0.0249,=46.0223,=36.3556,=22.5832
2013-08-20,=5407.5400,=5874.1400,=1089352889170.6000,=892085274415,=458040378683.6312,=17.5043,=0.0190,=46.0505,=36.3624,=22.5832
2013-08-19,=5424.6860,=5892.7700,=1094043428288.1000,=896806043981,=459584039258.8864,=17.5535,=0.0210,=46.0505,=36.3764,=22.6025
2013-08-16,=5346.9150,=5807.6700,=1081216073142.5000,=882387169771,=453096921761.2100,=17.3477,=0.0070,=46.0505,=36.3903,=22.6222
2013-08-15,=5443.0960,=5912.1400,=1100519114642.7998,=897373280828,=461404360801.2653,=17.6577,=0.0240,=46.0505,=36.3944,=22.6553
2013-08-14,=5494.9970,=5968.5200,=1110510695310.5002,=904871974091,=463611909089.2606,=17.9236,=0.0391,=46.0505,=36.3986,=22.6632
2013-08-13,=5531.2590,=6007.9000,=1118480237623.2998,=910903856092,=466127636798.9482,=18.0621,=0.0522,=46.0654,=36.4038,=22.6632
2013-08-12,=5555.1700,=6033.8700,=1120965219775.2002,=892733456955,=467868499421.7148,=18.1022,=0.0522,=46.0654,=36.4090,=22.6943
2013-08-09,=5461.1650,=5931.7700,=1099288024448.3000,=874629999533,=459820328237.8183,=17.7704,=0.0302,=46.0654,=36.4115,=22.8679
2013-08-08,=5447.1380,=5915.1500,=1098787813305.2998,=875156307838,=459140903918.4143,=17.7662,=0.0292,=46.0654,=36.4139,=22.9259
2013-08-07,=5446.0690,=5913.9900,=1098633612186.9000,=875327108094,=459395706530.6961,=17.7649,=0.0282,=46.0654,=36.4213,=23.0184
2013-08-06,=5458.4630,=5927.4500,=1101185413422.6997,=876704805555,=460404120866.0259,=18.0147,=0.0454,=46.1202,=36.4287,=23.0184
2013-08-05,=5430.2900,=5896.8500,=1096007562700,=872650659033,=458095266470.9758,=17.9302,=0.0363,=46.1202,=36.4378,=23.0927
2013-08-02,=5308.6770,=5764.7900,=1074881316102,=857182315786,=448507921718.4150,=17.5846,=0.0222,=46.1202,=36.4469,=23.1028
2013-08-01,=5267.3390,=5719.9000,=1066167720545.2000,=850039950009,=444410173519.0869,=17.4421,=0.0111,=46.1202,=36.4679,=23.1044
2013-07-31,=5190.5190,=5636.4800,=1047898067363.8000,=834720892161,=437776073915.1715,=17.1432,=0.0010,=46.1202,=36.4890,=23.1337
2013-07-30,=5232.8840,=5666.4900,=1055913582829.8000,=840994385431,=441170791293.3056,=17.2743,=0.0030,=46.1529,=36.4995,=23.1337
2013-07-29,=5221.4320,=5654.0900,=1054627697087.9000,=841315264770,=440861192051.9397,=17.2511,=0.0020,=46.1529,=36.5100,=23.1534
2013-07-26,=5314.0710,=5751.4700,=1073546896137.3998,=856736698640,=448950834135.3679,=17.5606,=0.0162,=46.1529,=36.5212,=23.1854
2013-07-25,=5372.3920,=5812.8300,=1087801296562.9000,=868175805097,=454070879045.1265,=17.7905,=0.0234,=46.1529,=36.5324,=23.1976
2013-07-24,=5359.8480,=5799.2600,=1080947135595.1000,=862402260558,=452545045875.5548,=17.6784,=0.0183,=46.1529,=36.5759,=23.2849
2013-07-23,=5355.3950,=5791.5200,=1083384864104.5000,=865586832630,=452908677012.7805,=17.7182,=0.0193,=46.1680,=36.6195,=23.2849
2013-07-22,=5237.4750,=5663.9900,=1059783205456.5000,=846699173745,=442807937441.6253,=17.3322,=0.0031,=46.1680,=36.6206,=23.4370
2013-07-19,=5182.0890,=5603.1100,=1053080296294,=841607799409,=438639370551.6964,=17.2226,=0.0010,=46.1680,=36.6218,=23.5236
2013-07-18,=5307.3090,=5738.5000,=1082093869067.3000,=865837459286,=450039166596.2821,=17.6971,=0.0163,=46.1680,=36.6220,=23.5475
2013-07-17,=5353.5740,=5787.4700,=1091639164733.4000,=873919734780,=453774221213.0186,=17.8414,=0.0204,=46.1680,=36.6223,=23.5599
2013-07-16,=5483.4830,=5927.9100,=1117079166774.1001,=894082977824,=464675359280.2945,=18.2572,=0.0471,=46.2439,=36.6511,=23.5599
2013-07-15,=5447.1650,=5888.6500,=1107914677735.3000,=885963986883,=461441927499.3109,=18.1074,=0.0348,=46.2439,=36.6798,=23.5878
2013-07-12,=5385.5560,=5820.7300,=1098143941412.0004,=878051280992,=456871774795.3565,=17.9477,=0.0267,=46.2439,=36.7048,=23.6635
2013-07-11,=5413.8070,=5850.6100,=1109779542319.6001,=888638350639,=460084590006.1791,=18.1379,=0.0349,=46.2439,=36.7298,=23.6875
2013-07-10,=5312.3120,=5737.9600,=1088861809462.9000,=871658340977,=451976052853.0880,=17.7960,=0.0185,=46.2439,=36.7448,=23.7685
2013-07-09,=5225.3400,=5644.0200,=1071274725360.9000,=857736518611,=444895877513.3304,=17.5086,=0.0123,=46.2496,=36.7599,=23.7685
2013-07-08,=5236.1790,=5655.3300,=1074586751418.1000,=861588875796,=446305276440.4389,=17.5627,=0.0134,=46.2496,=36.7782,=23.7887
2013-07-05,=5337.8650,=5765.1600,=1094732284634.4000,=877308542637,=454321793091.8110,=17.8920,=0.0196,=46.2496,=36.7966,=23.8227
2013-07-04,=5363.2790,=5791.3200,=1098157406254.6998,=879757582846,=456319985758.6841,=17.9479,=0.0227,=46.2496,=36.8020,=23.8713
2013-07-03,=5383.1370,=5812.7600,=1102411293472.7998,=882665301989,=458160724430.0502,=18.0175,=0.0258,=46.2496,=36.8073,=23.9269
2013-07-02,=5344.6660,=5771.2200,=1097751416718.9000,=879511916867,=454846883964.0916,=17.9413,=0.0217,=46.2789,=36.8121,=23.9269
2013-07-01,=5208.8090,=5624.1800,=1070971548747.3000,=857933131114,=443575680503.4094,=17.5036,=0.0114,=46.2789,=36.8168,=23.9417
2013-06-28,=5108.2670,=5515.6200,=1061380561919.6000,=858774647873,=436769140956.6101,=17.4823,=0.0083,=46.2789,=36.8228,=23.9637
2013-06-27,=5077.5030,=5481.4600,=1053308734258.6000,=852184371256,=433818443126.5792,=17.3494,=0.0021,=46.2789,=36.8288,=23.9738
2013-06-26,=5139.8720,=5546.1100,=1065660984899.8998,=861423247817,=438354581590.3026,=17.5528,=0.0093,=46.2789,=36.8348,=24.0175
2013-06-25,=5114.1220,=5517.5300,=1061941295526.5000,=859231677589,=436446409051.6944,=17.4916,=0.0083,=46.2818,=36.8409,=24.0175
2013-06-24,=5109.5410,=5511.0300,=1060525288307.8002,=857855748920,=434940364811.5550,=17.4682,=0.0062,=46.2818,=36.8555,=24.0518
2013-06-21,=5339.3490,=5758.8900,=1106962095775.2998,=894265722280,=453959463718.5878,=18.2331,=0.0302,=46.2818,=36.8701,=24.1145
2013-06-20,=5335.6020,=5754.8500,=1106115181987.0002,=894146170312,=453761278445.7869,=18.2192,=0.0282,=46.2818,=36.9810,=24.1445
2013-06-19,=5460.9910,=5889.6000,=1131812652643.3999,=914808992040,=464269141258.4258,=18.6424,=0.0459,=46.2818,=37.0920,=24.2333
2013-06-18,=5387.9070,=5809.9600,=1115883804988.3003,=901873675246,=458014329412.6559,=18.3801,=0.0345,=46.3746,=37.0952,=24.2333
2013-06-17,=5322.5130,=5738.9600,=1101133510581.1001,=893208014605,=452470826041.9985,=18.1371,=0.0209,=46.3746,=37.0984,=24.2673
2013-06-14,=5331.9880,=5748.9700,=1106849469679.8999,=898958086063,=454081697483.3875,=18.2313,=0.0272,=46.3746,=37.1029,=24.4929
2013-06-13,=5298.3400,=5711.9300,=1101469597054.3999,=895072621929,=451623816479.1873,=18.1426,=0.0210,=46.3746,=37.1073,=24.5718
2013-06-07,=5411.4310,=5833.2000,=1125862909188.3997,=912908635935,=460806033291.3814,=18.5444,=0.0388,=46.3746,=37.1177,=24.5741
2013-06-06,=5552.5230,=5941.4500,=1156906845254.1001,=937578145456,=472653884324.6186,=19.0558,=0.0567,=46.3747,=37.1280,=24.5741
2013-06-05,=5596.2670,=5988.2500,=1165006935500.6997,=942105257401,=476058681277.1320,=19.1892,=0.0726,=46.3747,=37.2446,=24.9369
2013-06-04,=5576.6940,=5967.0600,=1160056380588.2998,=938203060341,=474777426783.3716,=19.1076,=0.0642,=46.3747,=37.3611,=25.1411
2013-06-03,=5660.4510,=6056.6800,=1175416389123.6001,=950624292198,=481431062847.1708,=19.3606,=0.0875,=46.3747,=37.3825,=25.4205
2013-05-31,=5649.0210,=6042.6500,=1171853035982.8000,=946383931349,=479494533609.4674,=19.3019,=0.0844,=46.3747,=37.4039,=25.5302
2013-05-30,=5721.3460,=6114.6600,=1187032965024.5002,=958091735333,=485760583376.0623,=19.5520,=0.0971,=46.4121,=37.4125,=25.5302
2013-05-29,=5721.5830,=6114.7200,=1186094475501.2998,=959418588386,=486266154370.8749,=19.5365,=0.0941,=46.4121,=37.4211,=25.5539
2013-05-28,=5704.8600,=6096.8500,=1181267075062.6001,=957592493063,=485082396968.4067,=19.4570,=0.0910,=46.4121,=37.4356,=25.5920
2013-05-27,=5652.2990,=6039.7500,=1171077926230.2000,=949986921683,=480975196351.2014,=19.2892,=0.0826,=46.4121,=37.4502,=25.5958
2013-05-24,=5638.3030,=6020.1900,=1168556915795.3999,=948841870390,=479582213188.2698,=19.2477,=0.0785,=46.4121,=37.4591,=25.7177
2013-05-23,=5614.3220,=5994.3400,=1165205117810.2002,=946218595301,=478017768792.6155,=19.1924,=0.0732,=46.4130,=37.4681,=25.7177
2013-05-22,=5633.5310,=6014.8400,=1168452240567.5000,=947301049983,=478873971993.9363,=19.2459,=0.0765,=46.4130,=37.4885,=25.7276
2013-05-21,=5589.8420,=5967.7600,=1157097168662.8999,=936688609819,=474845226450.1094,=19.0589,=0.0574,=46.4130,=37.5089,=25.7448
2013-05-20,=5609.6250,=5988.8800,=1158907171806.3003,=937933548221,=476304673664.3937,=19.0887,=0.0596,=46.4130,=37.5185,=25.8199
2013-05-17,=5576.4090,=5951.5100,=1151956365159.7000,=932554368916,=473671237539.6476,=18.9742,=0.0544,=46.4130,=37.5282,=25.8340
2013-05-16,=5502.7320,=5871.1100,=1135568064177.1001,=920436510917,=467777575718.3176,=18.7043,=0.0438,=46.4341,=37.5332,=25.8340
2013-05-15,=5450.8860,=5815.7900,=1127389396950.8003,=913593879646,=463765681632.5803,=18.5696,=0.0395,=46.4341,=37.5383,=25.8648
2013-05-14,=5422.5570,=5785.5700,=1118265507512.5000,=906803411959,=461003745979.0164,=18.4193,=0.0353,=46.4341,=37.5422,=25.8795
2013-05-13,=5516.3340,=5885.6200,=1141628659841.5000,=925980374371,=469491302407.2174,=18.8041,=0.0460,=46.4341,=37.5461,=25.8948
2013-05-10,=5514.6110,=5883.7800,=1140021063181.0002,=924710055362,=469370758243.6028,=18.7776,=0.0439,=46.4341,=37.5826,=25.9499
2013-05-09,=5508.7880,=5876.6900,=1139715265776.2000,=922265229703,=468868874217.3301,=18.7726,=0.0429,=46.4639,=37.6191,=25.9499
2013-05-08,=5469.2140,=5833.5000,=1120136652404.7000,=909992932549,=464173736878.2054,=18.4501,=0.0354,=46.4639,=37.6237,=25.9552
2013-05-07,=5451.7850,=5814.9100,=1118112858542.7002,=908143991919,=462618624255.6575,=18.4168,=0.0344,=46.4639,=37.6283,=25.9570
2013-05-06,=5407.2160,=5767.3800,=1102662702061,=893145159373,=457241819910.9521,=18.1623,=0.0237,=46.4639,=37.6574,=25.9664
2013-05-03,=5294.7620,=5647.4300,=1077810547939.1000,=872670960547,=447378747268.8556,=17.7529,=0.0086,=46.4639,=37.6866,=25.9714
2013-05-02,=5229.3850,=5571.9900,=1066371803663,=863533640732,=441001982325.4849,=17.4480,=0.0054,=46.5023,=37.7037,=25.9714
2013-04-26,=5263.4530,=5608.2900,=1074642093374.4000,=871093352620,=442867384740.9812,=17.1150,=0,=46.5023,=37.7209,=25.9729
2013-04-25,=5355.6120,=5706.4900,=1093175088366.2000,=885108178506,=449532161278.0960,=17.3678,=0.0011,=46.5023,=37.7356,=26.0047
2013-04-24,=5382.9980,=5735.6700,=1098745099441.5000,=888589793198,=450812402462.2865,=17.3157,=0,=46.5023,=37.7504,=26.0249
2013-04-23,=5347.7830,=5698.1400,=1091580853512.8000,=882378576918,=447500149679.0612,=17.4096,=0.0011,=46.5023,=37.7922,=26.0537
2013-04-22,=5442.3820,=5798.9400,=1107630914889.2998,=896354682039,=456177288476.5909,=17.9838,=0.0119,=46.5192,=37.8341,=26.0537
2013-04-19,=5485.3610,=5844.7300,=1119073375434.1001,=907928595831,=461445314831.7378,=18.3116,=0.0195,=46.5192,=37.8510,=26.0551
2013-04-18,=5394.8060,=5748.2500,=1099974166044.5000,=894240325928,=454348846617.1345,=17.9681,=0.0098,=46.5192,=37.8679,=26.0658
2013-04-17,=5417.2010,=5772.1100,=1103291655185.3999,=897373957807,=455850648680.9269,=18.2059,=0.0163,=46.5192,=37.8710,=26.0872
2013-04-16,=5310.3230,=5658.2300,=1081881361247.3000,=879748773986,=446654381747.9908,=17.8526,=0.0054,=46.5192,=37.8741,=26.0985
2013-04-15,=5333.5170,=5682.9400,=1087544948044.8000,=883253981580,=446718002084.3659,=17.9350,=0.0076,=46.5378,=37.8840,=26.0985
2013-04-12,=5407.4290,=5761.7000,=1100708176569.5000,=893805066888,=452468312732.3990,=18.1521,=0.0109,=46.5378,=37.8938,=26.1184
2013-04-11,=5373.5040,=5725.5500,=1092979429815.9000,=887442046659,=449333389542.4836,=18.0223,=0.0087,=46.5378,=37.9015,=26.1543
2013-04-10,=5415.0420,=5769.6000,=1101306074552.1001,=894812555834,=452787707564.0200,=18.1596,=0.0098,=46.5378,=37.9091,=26.2295
2013-04-09,=5346.1360,=5696.1900,=1081800555146.8000,=877815215075,=445977459979.1500,=17.8663,=0.0055,=46.5378,=37.9119,=26.2360
2013-04-08,=5369.5940,=5721.1800,=1086848490163.4000,=879322676739,=448026206513.0899,=17.9682,=0.0066,=46.5831,=37.9147,=26.2360
2013-04-03,=5321.2320,=5669.6500,=1076497110219.3002,=871716148636,=444239135431.6099,=17.7970,=0.0044,=46.5831,=37.9448,=26.2373
2013-04-02,=5355.5340,=5706.2000,=1084753672014.7000,=876051110524,=446786770239.4400,=17.9335,=0.0044,=46.5831,=37.9748,=26.2636
2013-04-01,=5420.8790,=5775.8200,=1097508208736.2002,=884856220232,=451974742300.2001,=18.3172,=0.0077,=46.5831,=37.9948,=26.2761
2013-03-29,=5460.1770,=5817.6900,=1107812593061.6001,=894294273535,=454616388362.3801,=18.4933,=0.0132,=46.5831,=38.0149,=26.2770
2013-03-28,=5503.2090,=5863.5400,=1112080999262.5000,=898473324848,=457482687785.4100,=18.7866,=0.0176,=46.5925,=38.0385,=26.2770
2013-03-27,=5577.8610,=5943.0800,=1122877087491.7998,=909158861631,=462897342218.5300,=18.9464,=0.0210,=46.5925,=38.0622,=26.2786
2013-03-26,=5644.1840,=6013.7500,=1139116524631.2998,=922911651779,=468766311864.7199,=19.2734,=0.0409,=46.5925,=38.0709,=26.3118
2013-03-25,=5617.0730,=5984.8600,=1133385060775.1003,=919054791993,=465999792722.1000,=19.1388,=0.0332,=46.5925,=38.0797,=26.3138
2013-03-22,=5618.6990,=5986.6000,=1133415559557.7002,=919169514240,=466232678940.2499,=19.1358,=0.0310,=46.5925,=38.0967,=26.3182
2013-03-21,=5619.2690,=5987.2000,=1131520214893.8000,=917203042155,=466025722803.4399,=19.1013,=0.0277,=46.6192,=38.1136,=26.3182
2013-03-20,=5587.2420,=5953.0800,=1129712129895.1001,=916134123763,=463476029275.4899,=19.0794,=0.0244,=46.6192,=38.1201,=26.3598
2013-03-19,=5454.3720,=5811.5100,=1104081093381.3003,=894684412929,=452603274149.2501,=18.6458,=0.0144,=46.6192,=38.1266,=26.3633
2013-03-18,=5494.4790,=5854.2400,=1114512399876.1001,=904070837869,=456725999693.3099,=18.8220,=0.0178,=46.6192,=38.1478,=26.3674
2013-03-15,=5569.0620,=5933.7100,=1136998717623.5000,=923740548425,=464103755482.8201,=19.2017,=0.0323,=46.6192,=38.1689,=26.3757
2013-03-14,=5581.9680,=5947.4600,=1142080434487.4998,=928628691174,=466770702184.7800,=19.2755,=0.0334,=46.6252,=38.1770,=26.3757
2013-03-13,=5611.4170,=5978.8400,=1153393415951.2998,=938116752566,=469915759411.4499,=19.4664,=0.0424,=46.6252,=38.1850,=26.3810
2013-03-12,=5654.9010,=6025.1700,=1159357342058.6001,=941919835556,=472885439104.0601,=19.5671,=0.0458,=46.6252,=38.2093,=26.3824
2013-03-11,=5752.9920,=6129.6800,=1180735828054.3000,=958248619553,=480814325864.2000,=19.9279,=0.0638,=46.6252,=38.2336,=26.4088
2013-03-08,=5789.0240,=6168.0700,=1187907383619.3999,=963758976925,=483427228338.2999,=20.0489,=0.0683,=46.6252,=38.2856,=26.4173
2013-03-07,=5872.9780,=6257.5200,=1202867625644.8999,=974932707828,=489912626222.0200,=20.2965,=0.0740,=46.6417,=38.3375,=26.4173
2013-03-06,=5878.5810,=6263.4900,=1197936718146.6001,=969499896825,=489077071470.9099,=20.2133,=0.0730,=46.6417,=38.3457,=26.4418
2013-03-05,=5785.4710,=6164.2900,=1180645747042.7998,=954378953946,=481549785581.1200,=19.9216,=0.0629,=46.6417,=38.3538,=26.4564
2013-03-04,=5664.0960,=6034.9700,=1158249047704.7998,=937705028546,=472308888257.3901,=19.5436,=0.0439,=46.6417,=38.3550,=26.4856
2013-03-01,=5700.1250,=6073.3500,=1164500816811.0996,=942890994457,=474823094259.9801,=19.6491,=0.0495,=46.6417,=38.3562,=26.5236
2013-02-28,=5680.6830,=6052.6400,=1161960556925.0002,=940760154128,=473480177061.8300,=19.6063,=0.0462,=46.6479,=38.3863,=26.5236
2013-02-27,=5631.2240,=5999.9400,=1154292712244.2000,=935109172679,=471020607330.6800,=19.4772,=0.0429,=46.6479,=38.4163,=26.5433
2013-02-26,=5666.1670,=6037.1700,=1161081233242.1001,=941052752654,=473816228838.3002,=19.5917,=0.0441,=46.6479,=38.4171,=26.5722
2013-02-25,=5788.0160,=6167,=1185948902025.7000,=961080545275,=483882187490.4399,=20.0113,=0.0600,=46.6479,=38.4178,=26.5923
2013-02-22,=5811.3060,=6191.8100,=1194740654418.2998,=968746067304,=486684178169.4000,=20.1597,=0.0646,=46.6479,=38.4927,=26.5944
2013-02-21,=5735.1740,=6110.7000,=1174713723970.1001,=951154853578,=479413380497.2700,=19.8217,=0.0533,=46.6491,=38.5677,=26.5944
2013-02-20,=5748.8650,=6125.2900,=1175642784533.0002,=950611041899,=479906292377.2499,=19.8374,=0.0533,=46.6491,=38.5677,=26.5947
2013-02-19,=5652.2740,=6022.3700,=1158346796002.8999,=937685633116,=472476434482.9800,=19.5456,=0.0432,=46.6491,=38.5677,=26.6409
2013-02-18,=5691.9780,=6064.6700,=1162992068172.3999,=943246075493,=476085930683.4701,=19.6239,=0.0444,=46.6491,=38.5994,=26.6427
2013-02-08,=5763.4140,=6140.7900,=1181799628876,=948766931927,=483438550756.2299,=19.9413,=0.0535,=46.6491,=38.6311,=26.6804
2013-02-07,=5707.8980,=6081.6400,=1170374362692,=939614515265,=478705673736.3900,=19.7485,=0.0502,=46.6547,=38.6320,=26.6804
2013-02-06,=5662.6670,=6033.4400,=1162256173461.8999,=933646836689,=474910522790.4300,=19.6115,=0.0434,=46.6547,=38.6330,=26.7166
2013-02-05,=5668.7800,=6039.9600,=1165477984250.5002,=935845938034,=475585662219.0601,=19.6659,=0.0457,=46.6547,=38.6468,=26.7379
2013-02-04,=5487.3810,=5846.6800,=1125238712411.0996,=903154822229,=459644706284.7399,=18.9869,=0.0206,=46.6547,=38.6607,=26.7527
2013-02-01,=5579.0910,=5944.4000,=1144447293804.1003,=919314996904,=467367410292.6599,=19.3110,=0.0367,=46.6547,=38.6679,=26.7705
2013-01-31,=5515.2790,=5876.4000,=1133262073230.3000,=911097790277,=462526664583.7100,=19.1223,=0.0252,=46.6601,=38.6752,=26.7705
2013-01-30,=5560.2140,=5924.2800,=1142561852077.3999,=918417229084,=466239778393.9700,=19.2792,=0.0321,=46.6601,=38.6758,=26.7934
2013-01-29,=5534.4700,=5896.8500,=1136107333783.2002,=911682075716,=463690371058.4701,=19.1703,=0.0276,=46.6601,=38.6764,=26.8225
2013-01-28,=5509.3490,=5870.0900,=1132909144607.5000,=908419980525,=461742749082.5300,=19.1163,=0.0242,=46.6601,=38.6916,=26.8984
2013-01-25,=5536.4720,=5898.9800,=1147896052447.3000,=922842514994,=466100138440.0302,=19.3692,=0.0323,=46.6601,=38.7067,=26.9183
2013-01-24,=5601.2150,=5967.9700,=1164977994809.8000,=938306858944,=472554994061.7199,=19.6575,=0.0369,=46.6895,=38.7256,=26.9183
2013-01-23,=5698.5540,=6071.6800,=1183242204535.1003,=954281975589,=480694197219.4300,=19.9656,=0.0416,=46.6895,=38.7445,=26.9354
2013-01-22,=5686.5270,=6058.8700,=1180322872674.7998,=951917904765,=479760163549.4901,=19.9164,=0.0405,=46.6895,=38.7449,=26.9865
2013-01-21,=5735.4150,=6110.9600,=1188874024101.3999,=958063368547,=483261839202.1799,=20.0607,=0.0417,=46.6895,=38.7452,=26.9922
2013-01-18,=5823.5840,=6204.9000,=1210353506914.8000,=975781519557,=491581376414.1601,=20.4231,=0.0487,=46.6895,=38.7683,=27.0049
2013-01-17,=5791.8570,=6171.0900,=1207672100578,=974103569390,=489409370871.4802,=20.3779,=0.0464,=46.7013,=38.7915,=27.0049
2013-01-16,=5827.7840,=6209.3700,=1214583681840.8999,=979672369637,=492231122839.3101,=20.4945,=0.0499,=46.7013,=38.8251,=27.0116
2013-01-15,=5844.5710,=6227.2600,=1223050614485.7000,=987458358705,=494482097809.7100,=20.6373,=0.0500,=46.7013,=38.8588,=27.0286
2013-01-14,=5786.2480,=6165.1200,=1213567301173.3000,=979117166076,=489794197284.7001,=20.4773,=0.0489,=46.7013,=38.8716,=27.0400
2013-01-11,=5647.3960,=6017.1700,=1189893297418.8999,=962526058440,=479522412201.2400,=20.0779,=0.0420,=46.7013,=38.8844,=27.0573
2013-01-10,=5734.8270,=6110.3300,=1208439219991.5002,=977129800463,=486775540434.1199,=20.3908,=0.0455,=46.7088,=38.9094,=27.0573
2013-01-09,=5740.9190,=6116.8200,=1204967961596.7002,=979818834247,=487701210130.0701,=20.3322,=0.0444,=46.7088,=38.9344,=27.0791
2013-01-08,=5639.3760,=6008.6300,=1179875572098.2002,=960401633336,=478650959199.5699,=19.9088,=0.0398,=46.7088,=38.9542,=27.1162
2013-01-07,=5508.5550,=5869.2400,=1149712074317.3999,=936637607518,=467138329556.4300,=19.3999,=0.0340,=46.7088,=38.9740,=27.1279
2013-01-04,=5480.5000,=5839.3500,=1148700407111.9998,=936652028330,=465747023676.9799,=19.3828,=0.0328,=46.7088,=38.9804,=27.1324
2012-12-31,=5528.2650,=5890.2400,=1178758030190.2998,=962083849267,=483236541309.6602,=19.7107,=0.0352,=46.7143,=38.9867,=27.1324
2012-12-28,=5491.5410,=5851.1100,=1175147788790.6001,=958389462029,=481890545949.4300,=19.6503,=0.0341,=46.7143,=39.0190,=27.2405
2012-12-27,=5437.4720,=5793.5000,=1161457945803.1001,=946510090949,=476539604703.4399,=19.4214,=0.0329,=46.7143,=39.0512,=27.2851
2012-12-26,=5415.8980,=5770.5200,=1154248038305.6001,=940432322252,=474317429272.5399,=19.3009,=0.0306,=46.7143,=39.0548,=27.3060
2012-12-25,=5345.3160,=5695.3100,=1139899561715.2002,=929629107995,=468654167525.7200,=19.0609,=0.0212,=46.7143,=39.0584,=27.3424
2012-12-24,=5246.8640,=5590.4100,=1121058820594.3000,=915280016903,=460797990276.0501,=18.7459,=0.0165,=46.7151,=39.0759,=27.3424
2012-12-21,=5314.5240,=5662.5000,=1141803397597.3999,=932551671765,=468632586410.3198,=19.0928,=0.0201,=46.7151,=39.0934,=27.3669
2012-12-20,=5338.3500,=5687.8900,=1147637510645.0002,=936516302660,=470754137666.2100,=19.1903,=0.0237,=46.7151,=39.1328,=27.3774
2012-12-19,=5360.0510,=5711.0100,=1154415528437.7000,=940668879821,=472654858695.6498,=19.3037,=0.0261,=46.7151,=39.1723,=27.4247
2012-12-18,=5313.3260,=5661.2300,=1141912700504.7000,=929720328343,=467788809547.4300,=19.0946,=0.0202,=46.7151,=39.1782,=27.4280
2012-12-17,=5292.8940,=5639.4600,=1135410435256.0002,=923061515222,=465445924736.9201,=18.9859,=0.0190,=46.7184,=39.1840,=27.4280
2012-12-14,=5215.5300,=5557.0300,=1118249914800.3999,=907149253946,=458453967579.8599,=18.6989,=0.0155,=46.7184,=39.1949,=27.4380
2012-12-13,=5063.1620,=5394.6800,=1088407017647.1000,=883328622185,=445863191373.8600,=18.1999,=0.0060,=46.7184,=39.2058,=27.5142
2012-12-12,=5132.7680,=5468.8500,=1105158085459.9998,=898777774933,=452849878347.7100,=18.4800,=0.0119,=46.7184,=39.2130,=27.5285
2012-12-11,=5111.3520,=5446.0300,=1095616129027.7998,=889004733436,=449275931004.9702,=18.3204,=0.0072,=46.7184,=39.2201,=27.5428
2012-12-10,=5109.2410,=5443.7800,=1093122909215.2000,=884172100728,=448320698492.4199,=18.2787,=0.0060,=46.7381,=39.2222,=27.5428
2012-12-07,=5037.5360,=5367.3800,=1079633012307.5000,=872899042163,=442579971227.5601,=18.0532,=0.0048,=46.7381,=39.2243,=27.5540
2012-12-06,=4913.6840,=5235.4200,=1055193236611.9000,=851672907247,=431739999105.1701,=17.6445,=0.0024,=46.7381,=39.2272,=27.6032
2012-12-05,=4944.6260,=5268.3900,=1063625273901,=858220013896,=434661820055.8798,=17.7855,=0.0024,=46.7381,=39.2301,=27.6346
2012-12-04,=4846.2170,=5163.5300,=1045555735710.2998,=844413363664,=426783303149.5500,=17.4833,=0.0012,=46.7381,=39.2317,=27.7126
2012-12-03,=4814.4190,=5129.6500,=1040527953040.2002,=841802325664,=424877449490.6400,=17.3993,=0,=46.7421,=39.2333,=27.7126
2012-11-30,=5058.5370,=5389.7600,=1099141210331,=891608988098,=447769705001.1898,=18.3794,=0,=46.7421,=39.2720,=27.8161
2012-11-29,=5052.9790,=5383.8300,=1099398167618.1000,=894019992741,=448030802829.6601,=18.3837,=0.0012,=46.7421,=39.3106,=27.8228
2012-11-28,=5058.9300,=5390.1700,=1099339361124.2998,=893830295183,=448368791825.1301,=18.3827,=0,=46.7421,=39.3163,=28.1210
2012-11-27,=5128.3910,=5464.1800,=1113327643897.1001,=903606013880,=454216986902.0399,=18.6166,=0,=46.7421,=39.3219,=28.2031
2012-11-26,=5208.7220,=5549.7800,=1125399410632.8999,=904017479067,=460168689610.2500,=18.8185,=0,=46.7786,=39.3235,=28.2031
2012-11-23,=5313.5430,=5661.4600,=1148450344503.8003,=922586571919,=469783826100.0800,=19.2039,=0.0048,=46.7786,=39.3252,=28.3450
2012-11-22,=5255.3280,=5599.4300,=1132790032812,=909685562230,=464320490757.5900,=18.9420,=0,=46.7786,=39.3300,=28.3750
2012-11-21,=5328.5550,=5677.4500,=1148167573294.2998,=921839804865,=470548861128.4800,=19.1992,=0.0024,=46.7786,=39.3348,=28.4314
2012-11-20,=5318.7120,=5666.9700,=1145210193124.8999,=918901561429,=469268744082.2700,=19.1497,=0.0012,=46.7786,=39.3460,=28.5070
2012-11-19,=5327.9280,=5676.7900,=1144536068734.6997,=917768938098,=469606280406.3099,=19.1385,=0,=46.7901,=39.3573,=28.5070
2012-11-16,=5470.9180,=5829.1400,=1179239983047.2000,=946110633409,=483193585163.7999,=19.7188,=0,=46.7901,=39.3608,=28.5320
2012-11-15,=5557.0230,=5920.8800,=1198590607025.5002,=962979896665,=490850632137.3099,=20.0423,=0,=46.7901,=39.3643,=28.5818
2012-11-14,=5625.5100,=5993.8500,=1213962109388.3999,=975941884209,=497058578639.7800,=20.2994,=0.0012,=46.7901,=39.3651,=28.6301
2012-11-13,=5578.6540,=5943.9300,=1204436752880.9998,=967442743214,=492695321303.4799,=20.1401,=0,=46.7901,=39.3660,=28.6726
2012-11-12,=5666.0100,=6037,=1222123103323.3000,=982068756503,=500458690145.5400,=20.4358,=0,=46.8021,=39.3907,=28.6726
2012-11-09,=5728.3610,=6103.4400,=1236784675554.5000,=993209129425,=506198752242.9701,=20.6810,=0,=46.8021,=39.4155,=28.7494
2012-11-08,=5751.9230,=6127.5400,=1241201095451.7000,=995966539290,=507804406170.4797,=20.7548,=0,=46.8021,=39.4304,=28.8569
2012-11-07,=5828.4790,=6209.0900,=1258358262341.1997,=1009638655555,=514440710086.3098,=21.0417,=0.0012,=46.8021,=39.4452,=28.9383
2012-11-06,=5832.3780,=6213.2500,=1258358896020.4998,=1004952092342,=514587148681.3300,=21.0417,=0.0012,=46.8021,=39.4647,=28.9851
2012-11-05,=5915.1650,=6301.4400,=1278840542130.8003,=1021696219967,=522689676946.1401,=21.3842,=0.0025,=46.8034,=39.4842,=28.9851
2012-11-02,=5972.4060,=6362.4200,=1290598733668.6001,=1034045329253,=528525932081.6201,=21.5808,=0.0049,=46.8034,=39.4862,=29.0105
2012-11-01,=5950.7970,=6339.4000,=1289662044485.1001,=1032244259389,=527011688932.5500,=21.5652,=0.0037,=46.8034,=39.4882,=29.0199
2012-10-31,=5847.2600,=6229.1000,=1268473104504.8999,=1015668599378,=518262869509.1699,=21.2109,=0.0012,=46.8034,=39.4939,=29.0724
2012-10-30,=5833.2040,=6214.1300,=1264392243318.7002,=1011542919735,=516603091594.9199,=21.0073,=0,=46.8034,=39.4996,=29.1354
2012-10-29,=5831.2040,=6212,=1264013843447.8000,=1009309306774,=515842978086.6700,=21.4986,=0,=46.8158,=39.5135,=29.1354
2012-10-26,=5832.0330,=6212.8800,=1262702217342.3003,=1007521679637,=508737104432.5200,=21.6640,=0,=46.8158,=39.5274,=29.1949
2012-10-25,=5937.0010,=6324.7000,=1286806174844.5996,=1026767397671,=518027619005.2064,=22.5832,=0.0037,=46.8158,=39.5292,=29.1972
2012-10-24,=5970.7010,=6360.6000,=1292333957340.0002,=1031770973709,=520724395866.7692,=22.6553,=0.0062,=46.8158,=39.5309,=29.2067
2012-10-23,=5980.7080,=6371.2600,=1294027722947.5000,=1032348191609,=521091015434.2295,=22.6943,=0.0075,=46.8158,=39.5378,=29.2516
2012-10-22,=6100.7110,=6499.1000,=1321952245310.0002,=1054347771021,=532023176176.5400,=23.2849,=0.0200,=46.8338,=39.5448,=29.2516
2012-10-19,=6094.4970,=6492.4800,=1322072758082.7000,=1049484464569,=531778969454.6552,=24.1145,=0.0412,=46.8338,=39.5613,=29.3463
2012-10-18,=6099.9000,=6498.2400,=1322012213630.7000,=1049648365156,=531975082867.5056,=24.2673,=0.0438,=46.8338,=39.5779,=29.4434
2012-10-17,=6028.4990,=6422.1700,=1308403844033.9998,=1037945198471,=525786745509.4228,=24.0175,=0.0388,=46.8338,=39.5901,=29.4618
2012-10-16,=6034.1250,=6428.1700,=1310273726395.3999,=1039200832590,=526132918489.3722,=24.0518,=0.0388,=46.8338,=39.6023,=29.4754
2012-10-15,=5941.2740,=6329.2500,=1290427286974.6001,=1022985787177,=517971044848.1001,=23.6875,=0.0276,=46.8467,=39.6333,=29.4754
2012-10-12,=5907.7900,=6293.5800,=1282802756375.8003,=1013989717893,=514702735711.7498,=23.5475,=0.0226,=46.8467,=39.6644,=29.4892
2012-10-11,=5923.3590,=6310.1700,=1283475301805.6001,=1014841699014,=515705351854.5974,=23.5599,=0.0226,=46.8467,=39.6712,=29.5024
2012-10-10,=5980.7160,=6371.2700,=1294842115830.7000,=1023531218545,=520653438063.6156,=23.7685,=0.0252,=46.8467,=39.6779,=29.6007
2012-10-09,=5955.0150,=6343.8900,=1289118587305.9998,=1020093560035,=518900332558.5042,=23.6635,=0.0240,=46.8467,=39.6979,=29.6080
2012-10-08,=5839.8450,=6221.2000,=1263736848886.8000,=1000492265233,=508950154332.1185,=23.1976,=0.0189,=46.9023,=39.7178,=29.6080
2012-09-28,=5907.2470,=6293,=1281499844988.3999,=1014521776804,=514023398201.8917,=23.5236,=0.0202,=46.9023,=39.7311,=29.6154
2012-09-27,=5780.6630,=6158.1500,=1253975123775,=993161146955,=503055518160.6186,=23.0184,=0.0101,=46.9023,=39.7443,=29.7366
2012-09-26,=5652.8640,=6022.0100,=1226778655248.5000,=971872993264,=492142162822.0784,=22.5191,=0.0025,=46.9023,=39.7686,=29.7902
2012-09-25,=5744.5470,=6119.6800,=1245775282474.8999,=987086566579,=499934878482.1512,=22.8679,=0.0063,=46.9023,=39.7929,=29.9402
2012-09-24,=5698.2600,=6070.3700,=1232391496688.2002,=976316545487,=495243376302.2228,=22.6222,=0.0038,=46.9058,=39.7976,=29.9402
2012-09-21,=5660.1720,=6029.7900,=1223906651726.4995,=969435407516,=491834603956.6872,=22.4664,=0.0013,=46.9058,=39.8023,=29.9693
2012-09-20,=5661.2410,=6030.9300,=1222449580926.4998,=968001351244,=491631138251.7384,=22.4397,=0,=46.9058,=39.8107,=30.0177
2012-09-19,=5790.5080,=6168.6400,=1248939940309.8997,=988069941852,=502180048969.6921,=22.9259,=0.0026,=46.9058,=39.8191,=30.0338
2012-09-18,=5833.6660,=6214.6200,=1263073560587.7000,=1000977138450,=507233049419.9041,=23.1854,=0.0089,=46.9058,=39.8251,=30.0348
2012-09-17,=5886.9930,=6271.4300,=1276781480958.8000,=1010075486552,=511307403908.4064,=23.4370,=0.0090,=46.9740,=39.8312,=30.0348
2012-09-14,=6019.9580,=6413.0800,=1303468534271.0002,=1031762324794,=522671388460.0184,=23.9269,=0.0141,=46.9740,=39.8406,=30.1203
2012-09-13,=5996.8540,=6388.4600,=1295941027222.3997,=1024997017351,=520030127387.2278,=23.7887,=0.0103,=46.9740,=39.8501,=30.1808
2012-09-12,=6050.4770,=6445.5900,=1306026759394.2002,=1031944390560,=524175300438.3634,=23.9738,=0.0154,=46.9740,=39.8666,=30.3049
2012-09-11,=6018.8680,=6411.9100,=1300441980215.8999,=1027654729495,=521604907724.6880,=23.8713,=0.0116,=46.9740,=39.8831,=30.4609
2012-09-10,=6036.2250,=6430.4000,=1304274469051.3999,=1031413741622,=523315433463.8581,=23.9417,=0.0116,=47.0013,=39.9026,=30.4609
2012-09-07,=6035.7550,=6429.1700,=1305471407633.8999,=1032254531865,=523399995842.3452,=23.9637,=0.0116,=47.0013,=39.9221,=30.4722
2012-09-06,=5826.1510,=6205.9000,=1258659448773,=995115765937,=505059012482.7740,=23.1044,=0.0052,=47.0013,=39.9395,=30.4736
2012-09-05,=5812.6380,=6191.5100,=1258021651459.6001,=994997896089,=504325727178.3139,=23.0927,=0.0026,=47.0013,=39.9569,=30.5107
2012-09-04,=5818.0420,=6197.2600,=1260258175575,=996179037180,=504698346346.9449,=23.1337,=0.0039,=47.0013,=39.9659,=30.5555
2012-09-03,=5847.2710,=6228.4000,=1258574183306.7000,=991622478598,=504266161614.8934,=23.1028,=0.0026,=47.0037,=39.9750,=30.5555
2012-08-31,=5710.5590,=6082.7700,=1231317264393.5000,=971143520307,=493514947644.8401,=22.6025,=0,=47.0037,=39.9811,=30.5708
2012-08-30,=5683.8350,,=1225543862685.6003,=965919655054,=490968051577.0888,=22.6632,=0,=47.0037,=39.9872,=30.5990
2012-08-29,=5812.6530,,=1251036785471.5000,=985197801212,=496440204575.6019,=23.1534,=0,=47.0037,=39.9938,=30.6066
2012-08-28,=5905.1980,,=1274190886583.0002,=1003936938373,=504934594458.9804,=23.5878,=0,=47.0037,=40.0003,=30.7946
2012-08-27,=5950.9940,,=1284847681184.3999,=1012953195797,=508783812827.0180,=23.8227,=0,=47.0160,=40.0017,=30.7946
2012-08-24,=6033.5650,,=1301959023470,=1026947979514,=515796121607.7480,=24.1445,=0,=47.0160,=40.0031,=30.8171
2012-08-23,=6063.7120,,=1305987270292.3999,=1029488106396,=517666153960.7977,=24.2333,=0,=47.0160,=40.0108,=30.8329
2012-08-22,=6104.6580,,=1317876223774.4998,=1038238642236,=529216249288.8386,=24.5741,=0.0026,=47.0160,=40.0184,=30.8364
2012-08-21,=6179.7070,,=1334658291998.7998,=1051735074165,=537042746201.3380,=24.9369,=0.0026,=47.0160,=40.0213,=30.9261
2012-08-20,=6083.7340,,=1315331193249.4998,=1036192063686,=527104311415.6118,=24.4929,=0,=47.1098,=40.0242,=30.9261
2012-08-17,=6012.3510,,=1301616140279.3999,=1023559151104,=520778534405.9430,=24.5718,=0,=47.1098,=40.0696,=30.9512
2012-08-16,=6137.0040,,=1333789475257,=1049305188838,=531594012055.8078,=25.1411,=0,=47.1098,=40.1151,=31.0098
2012-08-15,=6249.1070,,=1358917463091.7000,=1069174825397,=541688901476.7273,=25.5539,=0.0026,=47.1098,=40.1402,=31.1098
2012-08-14,=6317.1780,,=1371998767153.2998,=1080078821719,=547641866751.9750,=25.8948,=0.0145,=47.1098,=40.1654,=31.1799
2012-08-13,=6304.4170,,=1371267394988.8994,=1077674502718,=546710423021.6466,=25.8795,=0.0132,=47.1763,=40.1712,=31.1799
2012-08-10,=6337.2680,,=1375372037674.8999,=1082388968925,=549340845325.5573,=25.9570,=0.0159,=47.1763,=40.1770,=31.2174
2012-08-09,=6433.0430,,=1403698636752.7004,=1106324068191,=559320081639.4982,=27.0049,=0.0861,=47.1763,=40.1803,=31.2548
2012-08-08,=6245.6080,,=1364763623894.4995,=1074487813448,=542884639237.1616,=26.4173,=0.0544,=47.1763,=40.1837,=31.3635
2012-08-07,=6294.6440,,=1372870435253.3000,=1081090761534,=546642367002.5143,=26.5944,=0.0637,=47.1763,=40.2191,=31.3717
2012-08-06,=6247.8550,,=1362926701874.8999,=1072607722449,=541745006905.6251,=26.3824,=0.0519,=47.1894,=40.2544,=31.3717
2012-08-03,=6135.0170,,=1340858124071.5996,=1055170854056,=532405296185.5080,=25.9552,=0.0146,=47.1894,=40.2550,=31.3952
2012-08-02,=6034.3660,,=1318903259804.1997,=1036674468249,=523505009926.9160,=25.5302,=0.0013,=47.1894,=40.2555,=31.4622
2012-08-01,=6067.3840,,=1328591361438.2998,=1042677891389,=526204541736.9388,=25.7177,=0.0040,=47.1894,=40.2853,=31.5319
2012-07-31,=6017.5290,,=1322097602515.8000,=1038226256595,=522994172843.7673,=25.5920,=0.0013,=47.1894,=40.3151,=31.5784
2012-07-30,=6121.7160,,=1310637406849.5000,=1055420022990,=531867167242.5431,=25.4205,=0,=47.2036,=40.3349,=31.5784
2012-07-27,=6176.1810,,=1319672356103.6997,=1061091115134,=535952842937.0367,=25.5958,=0,=47.2036,=40.3546,=31.6950
2012-07-26,=6208.9590,,=1326470052982.3999,=1066569928502,=538552356118.0216,=25.7276,=0,=47.2036,=40.3557,=32.0247
2012-07-25,=6296.1960,,=1345543558122.5000,=1081785693092,=546374618156.7897,=26.1184,=0.0202,=47.2036,=40.3567,=32.2764
2012-07-24,=6307.0950,,=1343935576667.8999,=1080141000362,=545910740696.9602,=26.0872,=0.0175,=47.2036,=40.3743,=32.3452
2012-07-23,=6238.9540,,=1326298223704.2998,=1065862754465,=539279569751.4888,=25.7448,=0,=47.2049,=40.3918,=32.3452
2012-07-20,=6297.8660,,=1338047775691.6003,=1074768117491,=543947363328.6566,=25.9729,=0.0081,=47.2049,=40.3935,=32.4046
2012-07-19,=6379.7720,,=1355607711286,=1089001201995,=550939249344.2267,=26.3138,=0.0284,=47.2049,=40.3952,=32.4151
2012-07-18,=6371.4320,,=1353667238092.7996,=1087116493973,=550123055455.8684,=26.2761,=0.0230,=47.2049,=40.4542,=32.4562
2012-07-17,=6405.5170,,=1368920518756.8003,=1099339073686,=554367248793.7142,=26.5722,=0.0434,=47.2049,=40.5132,=32.4739
2012-07-16,=6506.9590,,=1395034647089.5000,=1120310318295,=564094655271.3979,=27.0791,=0.0706,=47.2157,=40.5170,=32.4739
2012-07-13,=6624.5380,,=1413525066704.2998,=1136816823397,=573067935268.5695,=27.4380,=0.0856,=47.2157,=40.5207,=32.4819
2012-07-12,=6580.6710,,=1403352190765.2000,=1127650602802,=568524606107.7123,=27.2405,=0.0748,=47.2157,=40.5226,=32.4881
2012-07-11,=6517.4320,,=1393019978581.0996,=1119027858636,=563734112105.5594,=27.0400,=0.0681,=47.2157,=40.5245,=32.6262
2012-07-10,=6381.5090,,=1362201575661.7004,=1093740480501,=551765576358.3123,=26.4418,=0.0368,=47.2157,=40.5358,=32.6579
2012-07-09,=6449.9240,,=1376361525995.7000,=1106260588990,=557921000840.7806,=26.7166,=0.0492,=47.3085,=40.5471,=32.6579
2012-07-06,=6504.5900,,=1390556364512.3000,=1116755785055,=563020698189.6855,=26.9922,=0.0616,=47.3085,=40.5703,=32.6861
2012-07-05,=6272.9900,,=1340723316223.3997,=1076064335925,=543298787591.0601,=26.0249,=0.0096,=47.3085,=40.5936,=32.7179
2012-07-04,=6358.8730,,=1360500567936.6001,=1093896902462,=551566373967.4640,=26.4088,=0.0343,=47.3085,=40.6095,=32.8913
2012-07-03,=6348.3950,,=1358795546777.6001,=1091168910530,=550221189495.8538,=26.3757,=0.0316,=47.3085,=40.6255,=33.0050
2012-07-02,=6283.6000,,=1337712493746.8999,=1072844412392,=542545460734.7530,=25.9664,=0.0055,=47.3259,=40.6545,=33.0050
2012-06-29,=6178.4050,,=1268314038830.8000,=1034853053574,=520434531414.2949,=26.2786,=0.0220,=47.3259,=40.6835,=33.0790
2012-06-28,=6078.3510,,=1248342225348.3997,=1018828572008,=511835215393.5363,=25.8648,=0.0028,=47.3259,=40.7181,=33.1294
2012-06-27,=6114.6810,,=1257525587446.7002,=1027475512430,=515476455385.5941,=26.0551,=0.0083,=47.3259,=40.7527,=33.1774
2012-06-26,=6063.3560,,=1246174055715.3999,=1017906330131,=510748226104.4870,=25.8199,=0,=47.3259,=40.7635,=33.1862
2012-06-25,=6091.6510,,=1253488009570.6001,=1021952643285,=512954031822.7394,=25.9714,=0.0028,=47.3494,=40.7743,=33.1862
2012-06-21,=6169.8990,,=1268235570305.1003,=1034109400906,=519131238606.5103,=26.2770,=0.0153,=47.3494,=40.7783,=33.2030
2012-06-20,=6243.9840,,=1281087640221.2000,=1047701163005,=525725523012.1738,=26.5433,=0.0278,=47.3494,=40.7822,=33.2165
2012-06-19,=6280.8950,,=1287705800415.1001,=1053210800772,=528696570385.6874,=26.6804,=0.0334,=47.3494,=40.7913,=33.2273
2012-06-18,=6333.2090,,=1300014447879,=1063207465999,=533269270131.7701,=26.9354,=0.0432,=47.3494,=40.8004,=33.2672
2012-06-15,=6288.6460,,=1292054059110.6001,=1053333831898,=528915315736.7454,=26.7705,=0.0363,=47.3910,=40.8126,=33.2672
2012-06-14,=6351.4430,,=1299189245585.8999,=1060322876597,=533690457526.3100,=26.9183,=0.0405,=47.3910,=40.8249,=33.3104
2012-06-13,=6279.6640,,=1283450632289.7996,=1045999226476,=527048963159.0751,=26.5923,=0.0280,=47.3910,=40.9079,=33.3676
2012-06-12,=6117.2980,,=1252448423589.1001,=1020334077790,=513700059935.1306,=25.9499,=0.0014,=47.3910,=40.9910,=33.3740
2012-06-11,=6144.3510,,=1258041780252.8999,=1026192418434,=516251252271.6703,=26.0658,=0.0042,=47.3910,=41.0059,=33.3890
2012-06-08,=6123.7150,,=1257456525122.3003,=1026654609080,=515522185883.8720,=26.0537,=0.0028,=47.3914,=41.0207,=33.3890
2012-06-07,=6169.1210,,=1266320454735.2998,=1032346341711,=518823529964.4496,=26.2373,=0.0084,=47.3914,=41.0391,=33.4139
2012-06-06,=6177.5900,,=1267589031411,=1032608163828,=532242294185.1163,=26.2636,=0.0085,=47.3914,=41.0576,=33.4346
2012-06-05,=6217.9010,,=1276894971983.1001,=1040848765693,=536229918320.3930,=26.4564,=0.0169,=47.3914,=41.0884,=33.4448
2012-06-04,=6194.6970,,=1270221476755.8999,=1034807855863,=533607115341.8133,=26.3182,=0.0099,=47.3914,=41.1193,=33.5031
2012-06-01,=6322.7490,,=1294564319416.2000,=1054547760497,=544320931884.9903,=26.8225,=0.0269,=47.3924,=41.1490,=33.5031
2012-05-31,=6282.0370,,=1285796734883.3000,=1044251363839,=539763558715.2202,=26.6409,=0.0198,=47.3924,=41.1786,=33.5250
2012-05-30,=6236.4950,,=1272597891066.2002,=1032188039833,=534597071964.3427,=26.3674,=0.0128,=47.3924,=41.1811,=33.5751
2012-05-29,=6252.5480,,=1273255933860.5996,=1032517906062,=535252976396.8326,=26.3810,=0.0128,=47.3924,=41.1836,=33.5976
2012-05-28,=6209.1930,,=1266257336144.7000,=1027015736465,=531997226740.0873,=26.2360,=0.0071,=47.3924,=41.1893,=33.6040
2012-05-25,=6126.4880,,=1246854654394.1001,=1011059157490,=524122921105.8328,=25.8340,=0,=47.4450,=41.1949,=33.6040
2012-05-24,=6221.6950,,=1265940405407,=1026806491429,=532396745238.7426,=26.2295,=0.0043,=47.4450,=41.2428,=33.6210
2012-05-23,=6387.0600,,=1302477149701.3003,=1059007089132,=547152832663.8604,=26.9865,=0.0200,=47.4450,=41.2907,=33.6247
2012-05-22,=6389.9350,,=1304512817025.8994,=1059149373850,=547572899675.4822,=27.0286,=0.0215,=47.4450,=41.3600,=33.6726
2012-05-21,=6284.6410,,=1283567906880.8000,=1040679680523,=538112307748.0806,=26.5947,=0.0115,=47.4450,=41.4293,=33.6809
2012-05-18,=6190.1660,,=1260625863110.4004,=1024542589403,=530200452756.6087,=26.1543,=0.0029,=47.4603,=41.4596,=33.6809
2012-05-17,=6284.5900,,=1278424979060.6001,=1039331479578,=537918567046.5930,=26.5236,=0.0086,=47.4603,=41.4898,=33.6883
2012-05-16,=6237.4950,,=1270532259623.5000,=1032861745079,=534164340630.7546,=26.3598,=0.0043,=47.4603,=41.5018,=33.6890
2012-05-15,=6333.9710,,=1291430976391.3999,=1049708398760,=542361440145.7060,=26.7934,=0.0115,=47.4603,=41.5139,=33.7840
2012-05-14,=6298.9140,,=1284167705427.3999,=1044505886235,=539599540619.8597,=26.6427,=0.0072,=47.4603,=41.5189,=33.7916
2012-05-11,=6387.7380,,=1304149479925.2002,=1061719473026,=547523441852.5774,=27.0573,=0.0130,=47.4751,=41.5240,=33.7916
2012-05-10,=6391.6830,,=1306989929228.7000,=1061419047556,=547920488723.8829,=27.1162,=0.0130,=47.4751,=41.5552,=33.7980
2012-05-09,=6397.1650,,=1307550817570.2998,=1064102382222,=548786040016.1128,=27.1279,=0.0130,=47.4751,=41.5864,=33.8040
2012-05-08,=6496.6540,,=1326858735723.3999,=1081238052034,=557460309005.9736,=27.5285,=0.0261,=47.4751,=41.6594,=33.8583
2012-05-07,=6547.0580,,=1335732060624.3997,=1088701378677,=561749846525.6057,=27.7126,=0.0320,=47.4751,=41.7323,=33.9000
2012-05-04,=6487.1880,,=1324789028428.7002,=1080296240072,=557093245741.3181,=27.5428,=0.0262,=47.4870,=41.7830,=33.9000
2012-05-03,=6374.1410,,=1299236571766.5996,=1058435489072,=546842830036.5626,=27.0116,=0.0117,=47.4870,=41.8337,=33.9172
2012-05-02,=6298.4600,,=1286754595438,=1047773952500,=541290540326.9358,=26.4856,=0.0058,=47.4870,=41.8402,=33.9514
2012-04-27,=6234.2650,,=1273890181720.3999,=1038300041280,=539919133910.3989,=26.0047,=0,=47.4870,=41.8467,=34.2643
2012-04-26,=6173.7750,,=1255572727882.7000,=1024007962719,=531921012690.1790,=26.0985,=0,=47.4870,=41.8468,=34.2679
2012-04-25,=6125.0570,,=1244076754059.1001,=1013634941060,=527040324799.8175,=27.4280,=0.0176,=47.5225,=41.8468,=34.2679
2012-04-24,=6089.1670,,=1237418615468.8999,=1008370353549,=523645439539.0511,=27.2851,=0.0088,=47.5225,=41.8470,=34.3008
2012-04-23,=6103.9840,,=1241167251309.3000,=1010457852651,=524867836226.2400,=27.5540,=0.0176,=47.5225,=41.8473,=34.3321
2012-04-20,=6159.2550,,=1251513710255.3003,=1017542295656,=528297478507.6899,=29.5024,=0.0633,=47.5225,=41.8845,=34.8365
2012-04-19,=6097.7380,,=1237847552503.3000,=1007158185525,=508793916525.9900,=29.2067,=0.0531,=47.5225,=41.9218,=34.8396
2012-04-18,=6177.2560,,=1254026461870.9004,=1020726519383,=513362970622.9499,=29.4892,=0.0606,=47.5524,=41.9262,=34.8396
2012-04-17,=6115.3130,,=1240681591482.8000,=1009687018441,=506973518032.5100,=29.1972,=0.0518,=47.5524,=41.9306,=34.9714
2012-04-16,=6173.7730,,=1250972939870.2000,=1019546381232,=512020593536.0201,=29.4618,=0.0563,=47.5524,=41.9745,=35.0826
2012-04-13,=6181.2200,,=1252268650854.1001,=1021592680002,=506098114992.7401,=29.6007,=0.0579,=47.5524,=42.0184,=35.1277
2012-04-12,=6183.8640,,=1253639032984.3003,=1022552418142,=506477403150.2498,=29.6154,=0.0594,=47.5524,=42.0632,=35.2201
2012-04-11,=6086.2750,,=1234588198439.1003,=1006771229153,=493046379777.6100,=29.0724,=0.0476,=47.6015,=42.1080,=35.2201
2012-04-10,=6098.5070,,=1235855833478.1003,=1007130144225,=493567911820.8699,=30.0338,=0.0656,=47.6015,=42.1218,=35.2222
2012-04-09,=6079.2420,,=1232554423867.8000,=1005600312202,=492406374442.5300,=30.0348,=0.0657,=47.6015,=42.1355,=35.2414
2012-04-06,=6119.3840,,=1238788404454,=1010438947448,=495185260957.6200,=30.1808,=0.0673,=47.6015,=42.1366,=35.2824
2012-04-05,=6032.8880,,=1222754675412.0994,=996463223766,=487961702653.5201,=29.7902,=0.0599,=47.6015,=42.1376,=35.3264
2012-03-30,=5817.3860,,=1180034102240.6001,=960370530271,=470029929637.0500,=28.7494,=0.0390,=47.6198,=42.1832,=35.3264
2012-03-29,=5904.1680,,=1200020906189.6001,=977148121842,=477648312636.4401,=29.3463,=0.0511,=47.6198,=42.2288,=35.3805
2012-03-28,=5958.8920,,=1208482919530.2002,=984307711281,=481535751675.4100,=29.6080,=0.0541,=47.6198,=42.2552,=35.4155
2012-03-27,=6128.3040,,=1236976816538.4998,=1006715334044,=494001082552.8800,=30.4722,=0.0648,=47.6198,=42.2816,=35.4975
2012-03-26,=6308.4550,,=1280177478300.8003,=1043765446047,=512754981139.5798,=31.4622,=0.0950,=47.6198,=42.2856,=35.5584
2012-03-23,=6236.2560,,=1265631383946.2000,=1031000727532,=506157262105.3700,=31.1098,=0.0846,=47.6249,=42.2895,=35.5584
2012-03-22,=6278.8220,,=1268481846168.1001,=1032258327531,=508000092207.0300,=31.1799,=0.0847,=47.6249,=42.2981,=35.7060
2012-03-21,=6290.0370,,=1269239104539.0996,=1033851057636,=508482621719.3700,=31.2174,=0.0848,=47.6249,=42.3067,=35.7284
2012-03-20,=6346.6400,,=1282024127777.3999,=1044395720293,=513186516800.8198,=31.5319,=0.0910,=47.6249,=42.3267,=35.7343
2012-03-19,=6490.2430,,=1305585819605.6006,=1063172391511,=524004965392.8201,=32.3452,=0.0973,=47.6249,=42.3467,=35.7436
2012-03-16,=6509.8350,,=1310063999475.4004,=1067074149982,=525599924952.5299,=32.4562,=0.1005,=47.6296,=42.3493,=35.7436
2012-03-15,=6286.2230,,=1266077602933.6997,=1030687277502,=507176261151.5302,=31.3717,=0.0884,=47.6296,=42.3520,=35.7765
2012-03-14,=6247.3730,,=1255062119958,=1023010282552,=504158856383.4697,=31.2548,=0.0855,=47.6296,=42.4206,=35.8215
2012-03-13,=6403.4700,,=1285978255615.8994,=1047235823069,=516646048291.8800,=32.0247,=0.0917,=47.6296,=42.4892,=35.8407
2012-03-12,=6301.8000,,=1268055654864.9004,=1031890192595,=508660963259.5602,=31.5784,=0.0888,=47.6296,=42.5286,=35.8564
2012-03-09,=6268.7570,,=1261583364253.6001,=1025989845057,=505958298299.6401,=31.3952,=0.0874,=47.6593,=42.5679,=35.8564
2012-03-08,=6110.4810,,=1228453900809.3000,=998488878713,=492805006992.2100,=30.5708,=0.0707,=47.6593,=42.5684,=35.8833
2012-03-07,=6049.3120,,=1217771851167.7998,=989505960799,=487906485210.0200,=30.3049,=0.0631,=47.6593,=42.5688,=35.9097
2012-03-06,=6064.5200,,=1224547807740.3999,=995355558461,=489893632240.6098,=30.4736,=0.0647,=47.6593,=42.6151,=35.9283
2012-03-05,=6136.2770,,=1240124211343.0005,=1007807086075,=495757779711.1799,=30.9261,=0.0772,=47.6593,=42.6613,=35.9605
2012-03-02,=6143.6350,,=1243481079128.1001,=1010130059690,=496548252938.0400,=31.0098,=0.0788,=47.6628,=42.6614,=35.9605
2012-03-01,=6091.4240,,=1236335155362.1001,=1004794651023,=493039527102.1801,=30.7946,=0.0712,=47.6628,=42.6614,=35.9731
2012-02-29,=6103.6940,,=1239960809003.1001,=1008453389390,=494130461318.6400,=30.9512,=0.0760,=47.6628,=42.6795,=35.9980
2012-02-28,=6109.0330,,=1236865958892.6001,=1005386516531,=493555155687.2199,=30.8364,=0.0745,=47.6628,=42.6975,=36.0407
2012-02-27,=6062.9800,,=1227646798780.3999,=997101667924,=489349812286.9098,=30.6066,=0.0700,=47.6628,=42.7172,=36.0525
2012-02-24,=6041.5920,,=1224284001249.7000,=994184488858,=487845023574.2899,=30.5107,=0.0654,=47.6705,=42.7370,=36.0525
2012-02-23,=5976.8390,,=1209787449197.2002,=954619749058,=482067652562.3699,=29.7366,=0.0562,=47.6705,=42.7560,=36.0555
2012-02-22,=5924.5750,,=1199160242359.9004,=947025533543,=477870281180.5201,=29.4754,=0.0547,=47.6705,=42.7750,=36.1018
2012-02-21,=5851.7950,,=1185327306989.6001,=936716087026,=472507627761.8599,=29.1354,=0.0485,=47.6705,=42.8000,=36.1106
2012-02-20,=5783.3110,,=1173996311351.5002,=926760164716,=467280092108.0698,=28.8569,=0.0408,=47.6705,=42.8250,=36.1267
2012-02-17,=5794.2280,,=1177307796984.6003,=929715997076,=468268391027.5601,=28.9383,=0.0408,=47.6890,=42.8266,=36.1267
2012-02-16,=5802.4520,,=1178379174842.2000,=930627828378,=468899191432.3199,=28.9851,=0.0409,=47.6890,=42.8283,=36.1590
2012-02-15,=5852.4490,,=1189213205024.3999,=939610265626,=473296266107.7702,=29.2516,=0.0457,=47.6890,=42.8284,=36.1679
2012-02-14,=5801.4800,,=1179410696847.2002,=931448859457,=469183973621.3402,=29.0105,=0.0410,=47.6890,=42.8285,=36.2609
2012-02-13,=5805.1870,,=1179793627981.3997,=931557271542,=469320576851.0200,=29.0199,=0.0411,=47.6890,=42.8358,=36.2940
2012-02-10,=5731.3350,,=1163945154811.4998,=919630793069,=463308259871.7900,=28.6301,=0.0380,=47.7657,=42.8431,=36.2940
2012-02-09,=5702.2320,,=1159960578885.7998,=916377996817,=461239188495.6001,=28.5320,=0.0349,=47.7657,=42.8684,=36.3149
2012-02-08,=5677.7990,,=1153574760591,=910976034401,=459082598619.2101,=28.3750,=0.0302,=47.7657,=42.8937,=36.3165
2012-02-07,=5562.1310,,=1131126520407.8999,=893503168551,=449992279127.6000,=27.8228,=0.0238,=47.7657,=42.9365,=36.3338
2012-02-06,=5638.5750,,=1146587663083.7998,=905874659854,=456350483321.1100,=28.2031,=0.0255,=47.7657,=42.9793,=36.3488
2012-02-03,=5560.6270,,=1130852680587.3999,=893699308322,=450120543934.2201,=27.8161,=0.0223,=47.7717,=43.0153,=36.3488
2012-02-02,=5521.8240,,=1123476337797,=888148532232,=447324700553.3599,=27.6346,=0.0208,=47.7717,=43.0513,=36.3624
2012-02-01,=5460.4670,,=1112593619487,=879589237527,=442738309764.5800,=27.3669,=0.0128,=47.7717,=43.0785,=36.3903
2012-01-31,=5451.0330,,=1111594474378.6997,=879469191183,=442048279055.7701,=27.3424,=0.0112,=47.7717,=43.1058,=36.3986
2012-01-30,=5410.4610,,=1103059870954.8003,=872314288792,=438224209372.6599,=27.1324,=0.0080,=47.7717,=43.1066,=36.4090
2012-01-20,=5473.0490,,=1118578959958.6001,=883951107086,=443285508966.4101,=27.5142,=0.0129,=47.8108,=43.1074,=36.4090
2012-01-19,=5323.3230,,=1087020346003.9998,=859121403183,=430775276478.3300,=26.7379,=0.0032,=47.8108,=43.1371,=36.4139
2012-01-18,=5232.5080,,=1069695817511.9000,=845290843818,=423547518043.7600,=26.3118,=0,=47.8108,=43.1669,=36.4287
2012-01-17,=5425.2740,,=1110117571229.9004,=875156227852,=438469341844.0399,=27.3060,=0.0048,=47.8108,=43.1756,=36.4469
2012-01-16,=5216.8690,,=1071792786372.5000,=845744310839,=422544704036.9900,=26.3633,=0,=47.8108,=43.1843,=36.4890
2012-01-13,=5459.7810,,=1122197606734.3003,=887165226299,=442828260268.1701,=27.6032,=0.0065,=47.8473,=43.2151,=36.4890
2012-01-12,=5581.4290,,=1143247851637.7000,=904429926569,=452182734484.9500,=28.1210,=0.0065,=47.8473,=43.2458,=36.5100
2012-01-11,=5627.0900,,=1152355142669.3000,=910775840140,=455256584728,=28.3450,=0.0065,=47.8473,=43.2762,=36.5324
2012-01-10,=5642.0060,,=1158944413325.3003,=916488040773,=457224471644.3500,=28.5070,=0.0081,=47.8473,=43.3065,=36.6195
2012-01-09,=5424.9140,,=1114941454458.6001,=882072904742,=439743419002.0102,=27.4247,=0.0049,=47.8473,=43.3126,=36.6218
2012-01-06,=5310.4330,,=1093545418562.7000,=865746803217,=431269724852.3600,=26.8984,=0.0016,=47.8488,=43.3188,=36.6218
2012-01-05,=5293.2890,,=1087620749100.6000,=851260371947,=429514706313.5900,=26.7527,=0,=47.8488,=43.3430,=36.6223
2012-01-04,=5435.7990,,=1113018390631.2000,=871002269070,=440267697409.9699,=27.3774,=0,=47.8488,=43.3672,=36.6798
2011-12-30,=5626.7840,,=1159300987857.6001,=922207039654,=456737865613.7400,=29.1949,=0.0049,=47.8488,=43.4220,=36.7298
2011-12-29,=5527.1630,,=1138561719795.3003,=906525492187,=448978234409.5699,=28.6726,=0.0033,=47.8488,=43.4767,=36.7599
2011-12-28,=5482.6110,,=1128982981255.8999,=898387902557,=445200574085.6801,=28.4314,=0,=47.8490,=43.4944,=36.7599
2011-12-27,=5511.4010,,=1134955673416.0002,=902732964345,=447057235381.2400,=28.5818,=0,=47.8490,=43.5121,=36.7966
2011-12-26,=5689.0210,,=1169168308168.1003,=929485314692,=461359727016.5402,=29.4434,=0,=47.8490,=43.5364,=36.8073
2011-12-23,=5784.9760,,=1191973252535.3999,=947654224210,=469894416379.2801,=30.0177,=0.0033,=47.8490,=43.5606,=36.8168
2011-12-22,=5769.1910,,=1188895140892.3999,=944942368854,=468419286256.7399,=29.9402,=0,=47.8490,=43.5764,=36.8288
2011-12-21,=5791.0600,,=1190050545593.7002,=946607064267,=469601127444.9899,=29.9693,=0,=47.8742,=43.5922,=36.8288
2011-12-20,=5883.7400,,=1209574229212.7998,=960970340376,=477409151855.4200,=30.4609,=0.0017,=47.8742,=43.5950,=36.8409
2011-12-19,=5909.9280,,=1215058365488,=951303629275,=479319854544.8099,=30.5990,=0.0033,=47.8742,=43.5979,=36.8701
2011-12-16,=5948.9900,,=1223715517284.3000,=957246187141,=482310944944.2501,=30.8171,=0.0033,=47.8742,=43.6033,=37.0920
2011-12-15,=5857.6880,,=1196048505828.9004,=937480304164,=474464852979.0198,=30.1203,=0,=47.8742,=43.6088,=37.0984
2011-12-14,=5937.2870,,=1213328166984.3000,=941258673521,=480365533328.7498,=30.5555,=0,=47.8816,=43.6173,=37.0984
2011-12-13,=6005.9890,,=1224344118633.2000,=951666260399,=485333677919.7200,=30.8329,=0,=47.8816,=43.6257,=37.1073
2011-12-12,=6134.4180,,=1245412983741,=968151781230,=495194382159.0902,=31.3635,=0,=47.8816,=43.6318,=37.1280
2011-12-09,=6202.0750,,=1258575901126.6003,=977700968224,=500703099263.8801,=31.6950,=0,=47.8816,=43.6378,=37.3611
2011-12-08,=6323.8820,,=1281663352628.2000,=996782531605,=510291202161.2900,=32.2764,=0,=47.8816,=43.7102,=37.4039
2011-12-07,=6367.1010,,=1289507459650.8000,=1004000578996,=513750997015.9799,=32.4739,=0.0034,=47.9390,=43.7825,=37.4039
2011-12-06,=6350.8200,,=1286757297882.8000,=1000177188980,=511925102224.7901,=32.4046,=0,=47.9390,=43.7917,=37.4211
2011-12-05,=6411.6540,,=1297934204291.6001,=1009959774606,=516936913772.3998,=32.6861,=0.0085,=47.9390,=43.8008,=37.4502
2011-12-02,=6590.0630,,=1334126295019.8999,=1039123450260,=531403876722.9601,=33.5976,=0.0441,=47.9390,=43.8070,=37.4681
2011-12-01,=6664.4220,,=1346821145969.8003,=1049379863723,=536707313904.1900,=33.9172,=0.0663,=47.9390,=43.8131,=37.5089
2011-11-30,=6603.8150,,=1335203524681.1001,=1039531500925,=531673716921.2298,=33.6247,=0.0477,=47.9454,=43.8326,=37.5089
2011-11-29,=6750.0160,,=1362053184595.2000,=1060124659503,=543014661369.5797,=34.3008,=0.0700,=47.9454,=43.8522,=37.5282
2011-11-28,=6721.8520,,=1360602182919.6001,=1058720475285,=541155083416.3799,=34.2643,=0.0667,=47.9454,=43.8702,=37.5383
2011-11-25,=6668.2790,,=1346135064854.5000,=1048084982459,=536286919392.3500,=33.9000,=0.0634,=47.9454,=43.8883,=37.5461
2011-11-24,=6635.9610,,=1337756206005.3994,=1040165201382,=533224567183.5599,=33.6890,=0.0532,=47.9454,=43.8961,=37.6191
2011-11-23,=6617.5810,,=1337107700423.3994,=1038850207646,=532238894251.8099,=33.6726,=0.0481,=47.9567,=43.9040,=37.6191
2011-11-22,=6574.8510,,=1327655305320.6001,=1030159673360,=528055392529.4900,=33.4346,=0.0361,=47.9567,=43.9055,=37.6283
2011-11-21,=6475.5510,,=1306080791225.7002,=1011544371205,=519715402000.7300,=32.8913,=0.0103,=47.9567,=43.9070,=37.6866
2011-11-18,=6453.4270,,=1299194210032.2000,=1007196765099,=517644357263.0699,=32.7179,=0.0086,=47.9567,=43.9099,=37.7209
2011-11-17,=6560.9190,,=1319421968754,=1023660802324,=525959779962.3498,=33.2273,=0.0208,=47.9567,=43.9129,=37.7504
2011-11-16,=6554.9090,,=1318457785395.1997,=1022651082155,=525540279450.3900,=33.2030,=0.0173,=47.9603,=43.9135,=37.7504
2011-11-15,=6683.7860,,=1341529993072.3999,=1040642111965,=535522366360.1600,=33.7840,=0.0434,=47.9603,=43.9141,=37.8341
2011-11-14,=6702.8590,,=1348176261776.2998,=1046405909851,=537776472945.2600,=33.9514,=0.0504,=47.9603,=43.9354,=37.8679
2011-11-11,=6586.3490,,=1325843605948.7998,=1027945718083,=528517917288.1999,=33.3890,=0.0261,=47.9603,=43.9567,=37.8741
2011-11-10,=6606.3730,,=1331243981251.3000,=1032348587799,=530465389667.9399,=33.5250,=0.0314,=47.9603,=43.9823,=37.8938
2011-11-09,=6673.8850,,=1342325764235,=1041604631581,=535214658436.2800,=33.8040,=0.0437,=47.9799,=44.0079,=37.8938
2011-11-08,=6585.5650,,=1328059422398.8000,=1030537505649,=528605205307.6599,=33.4448,=0.0280,=47.9799,=44.0089,=37.9091
2011-11-07,=6632.8930,,=1337436871932.3000,=1037701597114,=532381887435.8001,=33.6809,=0.0351,=47.9799,=44.0098,=37.9147
2011-11-04,=6659.9520,,=1341830408397.9006,=1042653467935,=534624488214.3801,=33.7916,=0.0369,=47.9799,=44.0265,=37.9748
2011-11-03,=6623.2640,,=1317443043666.2002,=1037788460909,=531693447261.4099,=33.1774,=0.0141,=47.9799,=44.0432,=38.0149
2011-11-02,=6604.0260,,=1315536683383.3999,=1031898676659,=530555138160.8600,=33.1294,=0.0123,=48.0018,=44.0551,=38.0149
2011-11-01,=6504.1720,,=1295553847611.1003,=1013303914395,=522863273404.5201,=32.6262,=0.0053,=48.0018,=44.0670,=38.0622
2011-10-31,=6468.9350,,=1289826604829,=1007949818927,=519639021608.0900,=32.4819,=0.0018,=48.0018,=44.0685,=38.0797
2011-10-28,=6455.9580,,=1290540002178.9998,=1008901916714,=516518140171.3801,=33.6210,=0.0266,=48.0018,=44.0700,=38.1136
2011-10-27,=6353.8720,,=1270772875885.8000,=992286913144,=508052534031.9600,=33.2672,=0.0124,=48.0018,=44.0778,=38.1266
2011-10-26,=6341.2920,,=1268556601034.6001,=990633320462,=507409896275.5800,=33.5031,=0.0196,=48.0032,=44.0856,=38.1266
2011-10-25,=6281.2650,,=1258649451492.3999,=981748811421,=502825160267.0100,=33.1862,=0.0089,=48.0032,=44.0991,=38.1689
2011-10-24,=6173.6300,,=1238342673924.7000,=967203999040,=487494060389.7300,=33.2165,=0.0089,=48.0032,=44.1126,=38.1850
2011-10-21,=6045.0290,,=1212558127779.3003,=946036564747,=476479550103.6102,=32.4881,=0.0018,=48.0032,=44.1153,=38.2336
2011-10-20,=6065.3410,,=1212165886538.7000,=946056350342,=477610414159.1699,=32.4151,=0,=48.0032,=44.1180,=38.3375
2011-10-19,=6241.9120,,=1248027537129.8003,=974342520365,=491530689337.1398,=33.3740,=0.0090,=48.0655,=44.1258,=38.3375
2011-10-18,=6251.4880,,=1248743471576.1997,=974601964694,=491913974893.4199,=33.3676,=0.0072,=48.0655,=44.1337,=38.3538
2011-10-17,=6331.9020,,=1261906444479.2000,=985227315365,=498894768117.7609,=34.2679,=0.0180,=48.0655,=44.1362,=38.3562
2011-10-14,=6237.9730,,=1240392079735.7998,=968007205945,=491099768588.2866,=33.6883,=0.0126,=48.0655,=44.1386,=38.4163
2011-10-13,=6275.9030,,=1246653348556.8000,=973729693077,=493941476525.0376,=33.8583,=0.0145,=48.0655,=44.1504,=38.4178
2011-10-12,=6210.0880,,=1236226052173,=965680723004,=488972397180.9218,=33.5751,=0.0091,=48.0813,=44.1623,=38.4178
2011-10-11,=6039.0220,,=1202454988446.3999,=939682056553,=475491813977.3083,=32.6579,=0,=48.0813,=44.1628,=38.5677
2011-10-10,=6098.5420,,=1215235323050,=949386217864,=480404567655.0560,=33.0050,=0,=48.0813,=44.1632,=38.5677
2011-09-30,=6151.5120,,=1226477959697.5000,=960204191971,=485080408168.4532,=33.3104,=0.0018,=48.0813,=44.1895,=38.6311
2011-09-29,=6118.9880,,=1217957367570.8000,=953415530529,=482203204582.5811,=33.0790,=0,=48.0813,=44.2158,=38.6330
2011-09-28,=6201.5990,,=1230291336849.2002,=964776793023,=488455209369.7970,=33.4139,=0,=48.0836,=44.2524,=38.6330
2011-09-27,=6279.2800,,=1244432282318.3999,=975655984557,=494178298105.2564,=33.7980,=0.0018,=48.0836,=44.2890,=38.6607
2011-09-26,=6251.1930,,=1237291006739.8003,=971230479727,=492152469395.2689,=33.6040,=0,=48.0836,=44.3108,=38.6752
2011-09-23,=6379.1080,,=1264097625484.2002,=992881959842,=502584926011.0874,=34.3321,=0,=48.0836,=44.3326,=38.6764
2011-09-22,=6477.0370,,=1282668660997.7998,=1007863986393,=510432831863.2405,=34.8365,=0,=48.0836,=44.3457,=38.7067
2011-09-21,=6638.0540,,=1315726219765.7002,=1034283230400,=523495067712.3473,=35.7343,=0.0277,=48.0941,=44.3588,=38.7067
2011-09-20,=6491.7010,,=1287636814003.7000,=1012553638902,=511960768569.1910,=34.9714,=0.0018,=48.0941,=44.3652,=38.7445
2011-09-19,=6507.5610,,=1291729905595.7000,=1016187572835,=513465460081.4523,=35.0826,=0.0019,=48.0941,=44.3716,=38.7452
2011-09-16,=6578.5880,,=1303989196099.3003,=1025667319244,=518823156554.1705,=35.4155,=0.0148,=48.0941,=44.3732,=38.7915
2011-09-15,=6557.9410,,=1296872267193.4004,=1019358672902,=516600690289.4802,=35.2222,=0.0056,=48.0941,=44.3748,=38.8588
2011-09-14,=6539.8950,,=1293392056077.2002,=1016993212703,=515259906134.7065,=35.1277,=0.0019,=48.1008,=44.3793,=38.8588
2011-09-13,=6545.3850,,=1299087235387.3003,=1021030608049,=516308068742.5731,=35.2824,=0.0056,=48.1008,=44.3838,=38.8844
2011-09-09,=6634.6340,,=1318938211138.8000,=1036897821974,=523775939315.3894,=35.8215,=0.0206,=48.1008,=44.3859,=38.9344
2011-09-08,=6686.0090,,=1327442404129.3999,=1042913455516,=527343313943.4971,=36.0525,=0.0375,=48.1008,=44.3879,=38.9740
2011-09-07,=6743.9410,,=1338351862632.8000,=1052135593517,=531728545959.7473,=36.3488,=0.0582,=48.1008,=44.3927,=38.9867
2011-09-06,=6595.2600,,=1309248554376.2998,=1028958690865,=519750363506.4581,=35.5584,=0.0113,=48.1298,=44.3975,=38.9867
2011-09-05,=6700.3690,,=1329580538008.6001,=1046095735360,=528022970665.7360,=36.1106,=0.0395,=48.1298,=44.4096,=39.0512
2011-09-02,=6799.4450,,=1341962356297.3999,=1061590558883,=536295250285.7670,=36.4469,=0.0660,=48.1298,=44.4217,=39.0584
2011-09-01,=6870.9020,,=1355234056784.7002,=1071427635971,=541411127797.3939,=36.8073,=0.0851,=48.1298,=44.4459,=39.0934
2011-08-31,=6974.5060,,=1377200617248.5000,=1088105193599,=549648904552.0158,=37.4039,=0.1023,=48.1298,=44.4702,=39.1723
2011-08-30,=6984.7880,,=1360632859340.0002,=1069839462803,=548196983338.6356,=37.9091,=0.1328,=48.1709,=44.4734,=39.1723
2011-08-29,=7033.2750,,=1369748838077.6001,=1077343881243,=552104009726.2119,=38.1850,=0.1483,=48.1709,=44.4767,=39.1840
2011-08-26,=6978.6580,,=1359064416033.2002,=1067498823039,=548209828911.8030,=38.0797,=0.1410,=48.1709,=44.4780,=39.2058
2011-08-25,=6962.3320,,=1352353172021.6001,=1061629584095,=541574210492.3948,=37.9748,=0.1355,=48.1709,=44.4792,=39.2201
2011-08-24,=6869.2930,,=1335020573151.1001,=1048495513059,=534512047779.1436,=37.5383,=0.1128,=48.1709,=44.5235,=39.2243
2011-08-23,=6843.3150,,=1329490060090.1001,=1043840053672,=532167309192.8567,=37.4211,=0.1034,=48.1777,=44.5677,=39.2243
2011-08-22,=6782.9590,,=1317627028948.2000,=1035749831007,=534090758350.8427,=37.4502,=0.1036,=48.1777,=44.5918,=39.2301
2011-08-19,=6929.4470,,=1348681331060.8000,=1060773865914,=546156635509.7831,=38.4178,=0.1500,=48.1777,=44.6159,=39.2333
2011-08-18,=6927.1320,,=1346195447477.0002,=1058351655911,=548708520749.2082,=38.1689,=0.1387,=48.1777,=44.6275,=39.3106
2011-08-17,=7018.0270,,=1362967390363.8003,=1071082687540,=555671370459.3141,=38.6764,=0.1602,=48.1777,=44.6391,=39.3219
2011-08-16,=7025.9890,,=1365366596391.3999,=1072258926022,=556270325266.1750,=38.7445,=0.1625,=48.2088,=44.6408,=39.3219
2011-08-15,=7094.2020,,=1379427577195.7002,=1082339890150,=561550180919.9615,=39.8501,=0.2442,=48.2088,=44.6424,=39.3252
2011-08-12,=7081.2750,,=1381755749131.3003,=1084384847169,=562444911296.8674,=40.1654,=0.2641,=48.2088,=44.6450,=39.3252
2011-08-11,=7026.1370,,=1369287841171.7002,=1076194562730,=558161726497.5436,=39.8023,=0.2393,=48.2088,=44.6476,=39.3252
2011-08-10,=6814.7000,,=1328173005805.6001,=1042132162442,=541113852795.9902,=38.6752,=0.1598,=48.2088,=44.6598,=39.3252
2011-08-09,=6684.0160,,=1300770508430.2000,=1020516784730,=530595323833.6420,=37.9147,=0.1309,=48.3153,=44.6720,=39.3252
2011-08-08,=6650.0690,,=1294460588618.7998,=1015140222083,=527824788664.0577,=37.8679,=0.1252,=48.3153,=44.6767,=39.3348
2011-08-05,=6837.7980,,=1325978255453.2998,=1038677919854,=542786513863.1331,=39.3252,=0.1961,=48.3153,=44.6814,=39.3573
2011-08-04,=6911.5620,,=1337416928981.9998,=1048210376281,=548649678514.6346,=39.6644,=0.2240,=48.3153,=44.6930,=39.3643
2011-08-03,=6856.2940,,=1326302747289.2002,=1038680700628,=543945489667.1584,=39.3348,=0.1969,=48.3153,=44.7046,=39.3643
2011-08-02,=6781.9990,,=1310252708553.6997,=1027769733713,=538289577716.4263,=38.8588,=0.1637,=48.3176,=44.7158,=39.3643
2011-08-01,=6825.0580,,=1318070236609.4004,=1034474237385,=541734709260.5317,=39.0934,=0.1759,=48.3176,=44.7269,=39.3660
2011-07-29,=6873.2270,,=1329237577185.2000,=1044239391767,=546098840645.4766,=39.5274,=0.2099,=48.3176,=44.7308,=39.4155
2011-07-28,=6926.3650,,=1340668550548.6001,=1052713180566,=550349758833.1179,=39.8831,=0.2302,=48.3176,=44.7347,=39.4155
2011-07-27,=6909.6840,,=1333587431733.7000,=1046386162544,=548612197069.7698,=39.8312,=0.2286,=48.3176,=44.7516,=39.4155
2011-07-26,=6817.2950,,=1316158490880.3997,=1033402808457,=541507452227.9002,=39.3106,=0.1912,=48.3587,=44.7684,=39.3660
2011-07-25,=6834.4270,,=1320664618484.7000,=1036256291566,=542942035257.8044,=39.4452,=0.2016,=48.3587,=44.7777,=39.4155
2011-07-22,=7007.5130,,=1349789810002.6001,=1059328542972,=556467625848.3964,=40.3151,=0.2520,=48.3587,=44.7871,=39.4155
2011-07-21,=6962.2260,,=1339343400527.3999,=1051454134684,=552709255266.1962,=40.0031,=0.2365,=48.3587,=44.7885,=39.4155
2011-07-20,=6945.5470,,=1333181771447.6001,=1045965155920,=550747537665.8152,=39.8191,=0.2249,=48.3587,=44.7900,=39.4155
2011-07-19,=6883.1510,,=1319670097288.5996,=1035488065183,=545649650777.2911,=39.4155,=0.2012,=48.3893,=44.7918,=39.3660
2011-07-18,=6939.1490,,=1329790656301.5000,=1042970550105,=549795955939.6748,=39.7178,=0.2177,=48.3893,=44.7937,=39.3660
2011-07-15,=6886.8900,,=1317474212198.2002,=1031730305528,=545106957128.4202,=39.3573,=0.1960,=48.3893,=44.8002,=39.3660
2011-07-14,=6833.5730,,=1307227987281.6997,=1024126660362,=541026317484.5222,=39.0512,=0.1761,=48.3893,=44.8068,=39.4842
2011-07-13,=6847.7040,,=1311281948405.6003,=1028257215764,=542675065439.9659,=39.1723,=0.1785,=48.3893,=44.8177,=39.4882
2011-07-12,=6750.1340,,=1295695307608.8003,=1016389309151,=535380540055.9312,=38.7067,=0.1626,=48.4206,=44.8286,=39.4882
2011-07-11,=6804.8420,,=1305068744988.1001,=1022814409591,=539888633580.4640,=38.9867,=0.1731,=48.4206,=44.8316,=39.4996
2011-07-08,=6707.3630,,=1283884130034.3999,=1007243522547,=532003953227.2508,=38.3538,=0.1469,=48.4206,=44.8347,=39.5309
2011-07-07,=6715.7180,,=1285975191609.6001,=1008171416133,=532699478160.4459,=38.4163,=0.1493,=48.4206,=44.8392,=39.5448
2011-07-06,=6662.3280,,=1274121239170.2998,=997460610920,=527970238737.1453,=38.0622,=0.1373,=48.4206,=44.8437,=39.5779
2011-07-05,=6603.4060,,=1263683497185.6003,=989315756458,=523596230174.7922,=37.7504,=0.1273,=48.4347,=44.8631,=39.5779
2011-07-04,=6587.4600,,=1262695481297.3000,=988425159883,=522728638173.9295,=37.7209,=0.1255,=48.4347,=44.8826,=39.6023
2011-07-01,=6469.2690,,=1242849711840.8003,=972839109105,=513777288634.1096,=37.1280,=0.1072,=48.4347,=44.8896,=39.6779
2011-06-30,=6424.7020,,=1087634146175.2000,=875134142356,=475785403808.2740,=37.0984,=0.1033,=48.4347,=44.8965,=39.7443
2011-06-29,=6372.9140,,=1078786841100.9000,=868096710002,=471854707211.5554,=36.7966,=0.0911,=48.4347,=44.9022,=39.7929
2011-06-28,=6440.2970,,=1087445327292.9000,=875207329731,=476277850956.9897,=37.0920,=0.0996,=48.5373,=44.9079,=39.7929
2011-06-27,=6401.8230,,=1076827793858.1002,=868514401082,=472539574559.4102,=36.7298,=0.0873,=48.5373,=44.9086,=39.9221
2011-06-24,=6354.1810,,=1068001120531.7998,=861061291737,=468815420681.9640,=36.4287,=0.0708,=48.5373,=44.9094,=39.9569
2011-06-23,=6256.6490,,=1056625364723.4000,=852159476432,=462804238501.6873,=36.0407,=0.0376,=48.5373,=44.9150,=39.9750
2011-06-22,=6165.6020,,=1040699363707,=840286103089,=455972709106.7861,=35.4975,=0.0105,=48.5373,=44.9206,=39.9872
2011-06-21,=6136.8080,,=1032567782647.4000,=834506990909,=452884145334.3724,=35.2201,=0.0021,=48.5770,=44.9257,=39.9872
2011-06-20,=6080.4190,,=1021410282254.2000,=826844534463,=448511018670.1220,=34.8396,=0,=48.5770,=44.9309,=40.0003
2011-06-17,=6160.2570,,=1033190372554.9000,=837789800376,=454182473213.2050,=35.2414,=0,=48.5770,=44.9347,=40.0184
2011-06-16,=6199.4010,,=1037268367068.1998,=839111627070,=456172830328.2634,=35.3805,=0.0021,=48.5770,=44.9386,=40.0242
2011-06-15,=6308.7830,,=1050760027058.4000,=850622277618,=463374980195.0384,=35.8407,=0.0106,=48.5770,=44.9571,=40.1151
2011-06-14,=6338.3040,,=1055373142875.7004,=854383615120,=465502735931.2718,=35.9980,=0.0233,=48.5880,=44.9756,=40.1151
2011-06-13,=6280.6990,,=1047915607472.6000,=847089331176,=461700627597.0413,=35.7436,=0.0064,=48.5880,=45.0033,=40.1770
2011-06-10,=6370.3190,,=1060352985258.4004,=855340538737,=467859119513.9090,=36.1679,=0.0298,=48.5880,=45.0310,=40.1837
2011-06-09,=6320.3370,,=1053329107901.1000,=848080665763,=464380783915.3214,=35.9283,=0.0149,=48.5880,=45.0981,=40.2544
2011-06-08,=6480.1170,,=1079378273383.1000,=869817319587,=476202462161.5853,=36.8168,=0.0662,=48.5880,=45.1652,=40.2555
2011-06-07,=6442.1490,,=1073676212805.3000,=865433656683,=473609838618.4573,=36.6223,=0.0600,=48.6003,=45.1671,=40.2555
2011-06-03,=6440.1080,,=1075362988430.4000,=867517454258,=473994953470.8784,=36.6798,=0.0601,=48.6003,=45.1689,=40.3546
2011-06-02,=6331.8280,,=1057058330150.4000,=852677865399,=465929604375.7575,=36.0555,=0.0194,=48.6003,=45.1805,=40.3567
2011-06-01,=6414.4090,,=1071039672827.2998,=864093640528,=471969040304.9089,=36.5324,=0.0517,=48.6003,=45.1922,=40.3918
2011-05-31,=6314.6310,,=1052784477817.1000,=847435916542,=464011913956.0386,=35.9097,=0.0130,=48.6003,=45.2226,=40.3952
2011-05-30,=6267.6280,,=1047468746322.4000,=842540070250,=461160331007.5143,=35.7284,=0.0043,=48.6171,=45.2531,=40.3952
2011-05-27,=6220.2750,,=1035683639533.3000,=831637655255,=456725158570.5578,=35.3264,=0,=48.6171,=45.2564,=40.5132
2011-05-26,=6377.7230,,=1059145118391.2002,=851986180862,=467850779015.2126,=36.1267,=0.0152,=48.6171,=45.2596,=40.5207
2011-05-25,=6347.0360,,=1054644210266.8000,=845820248840,=465590026106.3865,=35.9731,=0.0109,=48.6171,=45.2628,=40.5245
2011-05-24,=6353.7280,,=1058416416144.4000,=846955487758,=466575139724.8845,=36.1018,=0.0109,=48.6171,=45.2659,=40.5471
2011-05-23,=6403.5150,,=1067117146541.4000,=854321015474,=470111403350.4313,=36.3986,=0.0284,=48.6201,=45.2841,=40.5471
2011-05-20,=6605.6540,,=1099669237859.1001,=879258145996,=484741720292.0314,=37.5089,=0.0570,=48.6201,=45.3023,=40.5936
2011-05-19,=6619.2490,,=1087895424699.6000,=880180824164,=485444853160.2538,=37.1073,=0.0505,=48.6201,=45.3220,=40.6255
2011-05-18,=6616.4350,,=1079728797530.9000,=865519271734,=483913750028.6739,=36.8288,=0.0441,=48.6201,=45.3416,=40.6835
2011-05-17,=6537.3450,,=1064709954162.8000,=851526193141,=477479486291.0882,=36.3165,=0.0199,=48.6201,=45.3490,=40.7527
2011-05-16,=6556.2400,,=1069767972140.1998,=854072441141,=479200439881.6375,=36.4890,=0.0310,=48.6389,=45.3565,=40.7527
2011-05-13,=6558.6580,,=1066874674115.3000,=853783214406,=478780927027.6585,=36.3903,=0.0244,=48.6389,=45.3603,=40.7743
2011-05-12,=6549.9390,,=1067565483569.5000,=853834358900,=478607776527.5800,=36.4139,=0.0267,=48.6389,=45.3640,=40.7822
2011-05-11,=6556.2920,,=1064663729337,=851750851314,=478333874931.3600,=36.3149,=0.0178,=48.6389,=45.3698,=40.8004
2011-05-10,=6527.3780,,=1060092551535,=847171065029,=475995944872.3900,=36.1590,=0.0112,=48.6389,=45.3756,=40.8249
2011-05-09,=6535.7770,,=1064050715008.9000,=848232634890,=477219769486.0399,=36.2940,=0.0134,=48.6549,=45.3773,=40.8249
2011-05-06,=6545.7680,,=1067423803002.7000,=851377067211,=478264682332.9200,=36.4090,=0.0179,=48.6549,=45.3789,=40.9910
2011-05-05,=6521.1100,,=1062781250915.4000,=848151560020,=476406129425.1700,=36.2609,=0.0112,=48.6549,=45.3966,=41.0207
2011-05-04,=6456.3590,,=1050925536385.4000,=839861785843,=471446366645.0301,=35.8564,=0.0045,=48.6549,=45.4143,=41.0576
2011-05-03,=6545.7390,,=1064916970934,=851918886484,=477995702439.5800,=36.3338,=0.0090,=48.6549,=45.4144,=41.1193
2011-04-29,=6428.7620,,=1049244447761.4000,=837716995164,=469952635496.1801,=35.9605,=0.0068,=48.6823,=45.4145,=41.1193
2011-04-28,=6328.1990,,=1028649327586.5000,=822625665125,=461456179196.2499,=35.8833,=0.0045,=48.6823,=45.4483,=41.1786
2011-04-27,=6491.7980,,=1052995090103.5000,=841045705771,=472903524963.3200,=36.6218,=0.0114,=48.6823,=45.4821,=41.1836
2011-04-26,=6529.0180,,=1057354847649.1996,=843776326144,=475235060123.3199,=37.5282,=0.0228,=48.6823,=45.4828,=41.1949
2011-04-25,=6611.5960,,=1067535724817.8998,=853690086922,=479777558286.5399,=38.5677,=0.0525,=48.6823,=45.4834,=41.2907
2011-04-22,=6627.1390,,=1061080901546.3002,=848352632433,=474046251680.8800,=39.7929,=0.1167,=48.6964,=45.5230,=41.2907
2011-04-21,=6636.5720,,=1061546328753.2000,=848754783577,=474270370790.6599,=40.1770,=0.1353,=48.6964,=45.5626,=41.4293
2011-04-20,=6656.4240,,=1063162258363.3000,=850149963398,=474272060683.6202,=40.5245,=0.1563,=48.6964,=45.5672,=41.4898
2011-04-19,=6619.3220,,=1055855631935.8000,=846143213145,=471315431321.7600,=40.2544,=0.1382,=48.6964,=45.5718,=41.5139
2011-04-18,=6647.3800,,=1057746616812.4000,=848992987526,=472784672180.0500,=39.5448,=0.1062,=48.6964,=45.5844,=41.5240
2011-04-15,=6679.8080,,=1060907462340.7000,=851885613774,=471777021476.0599,=39.9872,=0.1227,=48.7047,=45.5969,=41.5240
2011-04-14,=6724.2280,,=1069740571516.8002,=859014570755,=475194518397.0502,=40.3567,=0.1392,=48.7047,=45.6043,=41.5864
2011-04-13,=6729.0890,,=1070759313883.9000,=861082107595,=475858688631.3400,=40.3952,=0.1419,=48.7047,=45.6117,=41.7323
2011-04-12,=6656.8540,,=1059621905696.5000,=852180200441,=470795886699.4199,=39.9750,=0.1212,=48.7047,=45.6152,=41.8337
2011-04-11,=6621.6750,,=1054730588167.8000,=847986987512,=468364058381.0300,=39.7443,=0.1145,=48.7047,=45.6186,=41.8467
2011-04-08,=6623.7600,,=1049484096398.4000,=842675595732,=467887445099.0300,=39.9569,=0.1171,=48.7142,=45.6263,=41.8467
2011-04-07,=6556.8130,,=1040340429594.7000,=835049316579,=463467756072.0200,=39.6023,=0.1103,=48.7142,=45.6339,=41.8468
2011-04-06,=6531.7690,,=1038465245717.0996,=833784501128,=462077688030.0499,=39.5309,=0.1059,=48.7142,=45.6420,=41.8473
2011-04-01,=6598.4530,,=1051423512427.6002,=844831766702,=467275295064.2300,=40.0242,=0.1179,=48.7142,=45.6501,=41.9218
2011-03-31,=6587.8740,,=1050797302489.9000,=843523790348,=466809192176.1100,=40.0003,=0.1135,=48.7142,=45.6769,=41.9306
2011-03-30,=6567.7660,,=1046737621699.3000,=840668576256,=465379783131.8000,=40.0184,=0.1137,=48.7472,=45.7038,=41.9306
2011-03-29,=6588.6540,,=1051942104945.4000,=843602514259,=456329994271.4899,=40.8004,=0.1473,=48.7472,=45.7088,=42.0184
2011-03-28,=6678.9810,,=1064472714397.3000,=853755254663,=462408103872.1799,=41.2907,=0.1667,=48.7472,=45.7138,=42.1080
2011-03-25,=6776.1980,,=1081566013581.6000,=866445542699,=472350531248.4100,=42.3067,=0.2124,=48.7472,=45.7255,=42.1355
2011-03-24,=6773.2380,,=1080373317651,=864784329389,=472186085401.3301,=42.2895,=0.2105,=48.7472,=45.7372,=42.1355
2011-03-23,=6793.0410,,=1083577447125.9000,=868533297426,=473977043141.5600,=42.6975,=0.2278,=48.7835,=45.7588,=42.1080
2011-03-22,=6755.4600,,=1078292102505.6998,=864131343115,=471489004993.1400,=42.4892,=0.2163,=48.7835,=45.7803,=42.1080
2011-03-21,=6789.1500,,=1085755731354.1000,=869324694268,=473918656527.9599,=42.8283,=0.2337,=48.7835,=45.7830,=42.1080
2011-03-18,=6870.5600,,=1100814528034.3003,=880703917828,=480175201131.2101,=44.0432,=0.3140,=48.7835,=45.7858,=42.1080
2011-03-17,=6865.4740,,=1099532534841.2998,=879575673285,=479600491079.6400,=44.0098,=0.3123,=48.7835,=45.7902,=42.1080
2011-03-16,=6881.7430,,=1098205709894.3000,=876667564666,=479756871824.7400,=43.9567,=0.3083,=48.8008,=45.7945,=42.0184
2011-03-15,=6815.1740,,=1088309614032.5000,=867050659544,=474931099907.0700,=43.5606,=0.2725,=48.8008,=45.7951,=42.0184
2011-03-14,=6946.3910,,=1108978122525.8000,=883939346943,=484079308966.2900,=44.3879,=0.3488,=48.8008,=45.7957,=42.0184
2011-03-11,=6863.8070,,=1096963661582.4998,=871149853919,=478090325695.7600,=43.9070,=0.3007,=48.8008,=45.8180,=42.0184
2011-03-10,=6896.6230,,=1103341965171.4998,=877287750055,=480613462266.9700,=44.1623,=0.3260,=48.8008,=45.8404,=42.0184
2011-03-09,=6853.2260,,=1092406748431.6000,=869684355955,=477015193071.1201,=43.8131,=0.2924,=48.8245,=45.8559,=41.9306
2011-03-08,=6841.6710,,=1089021798740,=867790595246,=477335454427.6200,=44.0670,=0.3079,=48.8245,=45.8715,=41.9306
2011-03-07,=6849.1380,,=1089927149170.3000,=869430135271,=477721534141.7502,=44.2158,=0.3259,=48.8245,=45.9377,=41.9306
2011-03-04,=6817.2370,,=1086257844768.9000,=864961417308,=475444445598.4501,=44.1337,=0.3193,=48.8245,=46.0039,=41.9306
2011-03-03,=6778.0050,,=1080603551270.2998,=859654606760,=472765141216.7399,=43.9040,=0.3002,=48.8245,=46.0131,=41.9306
2011-03-02,=6935.7310,,=1102824146289.8999,=877890185031,=483563955792.8500,=44.8068,=0.3856,=48.8383,=46.0223,=41.9218
2011-03-01,=6933.6820,,=1103835499470.7002,=879225543007,=483754813625.0800,=44.9386,=0.4090,=48.8383,=46.0364,=41.9218
2011-02-28,=6886.6550,,=1095908748269.4000,=874039719117,=480555310181.1899,=44.6159,=0.3550,=48.8383,=46.0505,=41.9218
2011-02-25,=6840.8190,,=1092160719914.6000,=865821870205,=477839088828.8901,=44.6391,=0.3559,=48.8383,=46.0580,=41.9218
2011-02-24,=6869.4270,,=1095852315882.3000,=869380678247,=479725654960.2600,=44.7900,=0.3794,=48.8383,=46.0654,=41.9218
2011-02-23,=6852.1110,,=1092965230283.2000,=868183066548,=478739564656.2401,=44.6720,=0.3627,=48.8694,=46.0928,=41.8473
2011-02-22,=6831.6700,,=1092368000456.9000,=868600166143,=477555952121.1299,=44.6476,=0.3611,=48.8694,=46.1202,=41.8473
2011-02-21,=6946.8420,,=1110180065538.1003,=882628815891,=485708867461.8900,=45.3756,=0.4329,=48.8694,=46.1366,=41.8473
2011-02-18,=6833.9900,,=1095943321048.3998,=870584659226,=478303166548.3300,=44.7937,=0.3782,=48.8694,=46.1529,=41.8473
2011-02-17,=6820.3530,,=1090413401496.8000,=866512015765,=476973378670.8901,=44.5677,=0.3588,=48.8694,=46.1604,=41.8473
2011-02-16,=6871.4650,,=1097166409518,=872119815654,=480850315914.0798,=44.8437,=0.3827,=48.8798,=46.1680,=41.8468
2011-02-15,=6856.5370,,=1095781437419.6000,=871393573016,=480127456033.1600,=44.7871,=0.3760,=48.8798,=46.2059,=41.8468
2011-02-14,=6856.4770,,=1098459366265.2000,=873248757612,=480370065004.6900,=44.8965,=0.3846,=48.8798,=46.2439,=41.8468
2011-02-11,=6758.0880,,=1083596620361.3000,=861260169131,=473688901634.8000,=44.2890,=0.3342,=48.8798,=46.2467,=41.8468
2011-02-10,=6745.2640,,=1080517878832.4000,=859068979992,=472690948509.7899,=44.1632,=0.3325,=48.8798,=46.2496,=41.8468
2011-02-09,=6541.9170,,=1046552817130.4000,=831421421608,=457995853654.2701,=42.7750,=0.2455,=48.9619,=46.2643,=41.8467
2011-02-01,=6512.6360,,=1045622840473.1000,=830375733980,=456704010560.1201,=42.7370,=0.2435,=48.9619,=46.2789,=41.8467
2011-01-31,=6494.1870,,=1043772531443.1998,=827394970885,=455233748598.0201,=42.6613,=0.2390,=48.9619,=46.2804,=41.8467
2011-01-28,=6391.7160,,=1028042934265.3000,=814614084548,=448062268880.0900,=42.0184,=0.2135,=48.9619,=46.2818,=41.8467
2011-01-27,=6305.5210,,=1017502752775,=804623281243,=442239263283.2800,=41.5864,=0.1932,=48.9619,=46.3282,=41.8467
2011-01-26,=6213.6690,,=1004563712574.1998,=793607801942,=435942529642.7100,=41.0576,=0.1702,=49.0118,=46.3746,=41.8467
2011-01-25,=6132.1720,,=992073159101.6998,=783873345973,=430466438395.6101,=40.5471,=0.1444,=49.0118,=46.3746,=41.8468
2011-01-24,=6174.2590,,=997826180029.6000,=789542451753,=433367386479.3201,=40.7822,=0.1579,=49.0118,=46.3747,=41.8473
2011-01-21,=6320.7810,,=1022867485439.2002,=809416816930,=443738736524.5900,=41.8468,=0.1953,=49.0118,=46.3934,=41.9218
2011-01-20,=6366.4950,,=1032205711869,=816956952845,=447490896939.0401,=42.2288,=0.2116,=49.0118,=46.4121,=41.9306
2011-01-19,=6575.5410,,=1062707497360.7000,=841408364598,=461808842382.4500,=43.4767,=0.2653,=49.0149,=46.4125,=41.9218
2011-01-18,=6471.6620,,=1047218882086,=829416275633,=454833076002.3901,=42.8431,=0.2340,=49.0149,=46.4130,=41.9218
2011-01-17,=6378.6610,,=1029251662563.8000,=815059279397,=447525509170.7800,=42.1080,=0.2053,=49.0149,=46.4235,=41.9218
2011-01-14,=6629.8400,,=1065529683244.8004,=844279996866,=464574694772.4500,=43.5922,=0.2647,=49.0149,=46.4341,=41.9218
2011-01-13,=6686.2330,,=1070630344660.7000,=848150102204,=467814374043.1299,=43.8008,=0.2788,=49.0149,=46.4490,=41.9218
2011-01-12,=6607.9890,,=1053680890674.3000,=835469397911,=461626171522.9199,=43.1074,=0.2446,=49.1100,=46.4639,=41.8473
2011-01-11,=6606.5440,,=1055133749236.3000,=835174408716,=461583184142.5900,=43.1669,=0.2453,=49.1100,=46.4831,=41.8473
2011-01-10,=6626.7880,,=1058847184647.8002,=837121758431,=462716966056.3600,=43.3188,=0.2541,=49.1100,=46.5023,=41.8473
2011-01-07,=6811.6540,,=1095750642993,=863640589702,=475757603096.7201,=44.8286,=0.3442,=49.1100,=46.5108,=41.8473
2011-01-06,=6836.6730,,=1097071676055.4998,=865730124042,=477486784470,=44.8826,=0.3478,=49.1100,=46.5192,=41.8473
2011-01-05,=6909.0980,,=1106287793617.6001,=873876685340,=482455568307.8399,=45.2596,=0.3760,=49.1105,=46.5285,=41.8467
2011-01-04,=7005.2630,,=1119014174561.3999,=887008966582,=489455314220.9300,=45.7803,=0.4317,=49.1105,=46.5378,=41.8467
2010-12-31,=6953.1320,,=1092431531492.1000,=876016862389,=461976169118.4298,=45.4143,=0.3945,=49.1105,=46.5604,=41.8467
2010-12-30,=6798.0650,,=1067971764810.3000,=858074739375,=451883350601.7698,=44.3975,=0.3187,=49.1105,=46.5831,=41.8467
2010-12-29,=6832.6270,,=1075358909458.1002,=864619336239,=454558580712.2600,=44.7046,=0.3361,=49.1105,=46.5878,=41.8467
2010-12-28,=6732.2490,,=1060094348980.1998,=852292856913,=447945418223.8101,=44.0700,=0.2928,=49.1560,=46.5925,=41.8337
2010-12-27,=6757.1180,,=1060468199310.6000,=853634080498,=449207844875.5599,=44.0856,=0.2936,=49.1560,=46.6059,=41.8337
2010-12-24,=6912.5970,,=1083211373724.1998,=873716174285,=460011013795.2400,=45.0310,=0.3583,=49.1560,=46.6192,=41.8337
2010-12-23,=7041.7660,,=1103427445871.3999,=889974204345,=468571128676.4401,=45.8715,=0.4345,=49.1560,=46.6222,=41.8337
2010-12-22,=7131.7150,,=1116453309960.1001,=899969850979,=474073984774.3000,=46.4130,=0.4749,=49.1560,=46.6252,=41.8337
2010-12-21,=7222.2670,,=1130606594863.0002,=911167594071,=480049553077.4300,=47.0013,=0.5658,=49.1673,=46.6335,=41.7323
2010-12-20,=7253.8690,,=1135504066031.3997,=917107913239,=482649250491.9698,=47.2049,=0.5843,=49.1673,=46.6252,=41.7323
2010-12-17,=7348.8670,,=1156584561134.3999,=933255588948,=489936521551.7000,=48.0813,=0.6901,=49.1673,=46.6222,=41.7323
2010-12-16,=7391.1390,,=1169545895316.4998,=941395639657,=492997275605.1201,=48.6201,=0.7429,=49.1673,=46.6192,=41.7323
2010-12-15,=7362.9750,,=1162213210525.7000,=934233206568,=490299323174.6500,=48.3153,=0.7139,=49.1673,=46.6059,=41.7323
2010-12-14,=7358.1580,,=1159651392949.6001,=931729691586,=489551460977.5798,=48.2088,=0.7131,=49.2060,=46.5925,=41.5240
2010-12-13,=7236.7880,,=1146517727622.3000,=918902570549,=482096783478.7800,=47.6628,=0.6439,=49.2060,=46.5878,=41.5240
2010-12-10,=7087.3270,,=1126144411873.2002,=903453107624,=472675791115.0800,=46.8158,=0.5600,=49.2060,=46.5831,=41.5240
2010-12-09,=7073.3110,,=1123570288137.2002,=901587117603,=471643402314.9601,=46.7088,=0.5330,=49.2060,=46.5604,=41.5240
2010-12-08,=7238.2900,,=1145606631397.2998,=919575942806,=481956093709.5599,=47.6249,=0.6351,=49.2060,=46.5378,=41.5240
2010-12-07,=7239.8150,,=1145718925977,=920481238506,=482318692702.0800,=47.6296,=0.6369,=49.2533,=46.5285,=41.5139
2010-12-06,=7109.7640,,=1124369644277.0002,=903033621743,=473336661887.8501,=46.7421,=0.5491,=49.2533,=46.5192,=41.5139
2010-12-03,=7283.3980,,=1154705926147.6001,=924603619938,=485035574494.2501,=48.0032,=0.6870,=49.2533,=46.5108,=41.5139
2010-12-02,=7288.3800,,=1154146332874.2000,=922904080446,=485060912450.0800,=47.9799,=0.6831,=49.2533,=46.5023,=41.5139
2010-12-01,=7277.9750,,=1154672020155.8999,=923278300903,=485117499218.9000,=48.0018,=0.6851,=49.2533,=46.4831,=41.5139
2010-11-30,=7291.7280,,=1158902908261.3000,=925343308751,=486311748547.1099,=48.1777,=0.7047,=49.3096,=46.4639,=41.4898
2010-11-29,=7527.6760,,=1198456185565.7998,=959701055111,=502630972159.2100,=49.8220,=0.8915,=49.3096,=46.4490,=41.4898
2010-11-26,=7408.4180,,=1181372783812.8000,=927715290145,=494473891886.4700,=49.5142,=0.8471,=49.2533,=46.4341,=41.4898
2010-11-25,=7336.8490,,=1168196536574.2002,=916149371416,=489055404883.1000,=48.9619,=0.7788,=49.2060,=46.4231,=41.4898
2010-11-24,=7316.4280,,=1169386083771.1001,=914391383320,=487621501280.9500,=49.0118,=0.7811,=49.2060,=46.4121,=41.4898
2010-11-23,=7074.8690,,=1133006727045.6997,=884220094083,=471045206179.9900,=47.4870,=0.6380,=49.2533,=46.3934,=41.4293
2010-11-22,=7115.6230,,=1135737969409,=883120895109,=472120137643.4999,=47.6015,=0.6458,=49.2533,=46.3747,=41.4293
2010-11-19,=7047.1170,,=1114569141289.6001,=869533554114,=467203950964.1598,=46.7143,=0.5552,=49.2533,=46.3746,=41.4293
2010-11-18,=6852.5450,,=1077697956359.2998,=843282932861,=453975833714.8500,=45.1689,=0.3892,=49.2533,=46.3746,=41.4293
2010-11-17,=6781.4930,,=1067152105252.1000,=834737728521,=449029452171.3001,=44.7269,=0.3604,=49.2533,=46.3746,=41.4293
2010-11-16,=7170.9100,,=1126533273205.8999,=882976294579,=474913164197.9600,=47.2157,=0.6084,=49.3096,=46.3747,=41.1949
2010-11-15,=7373.2630,,=1159012265345.7000,=908103885586,=488592910436.1298,=48.5770,=0.7281,=49.3096,=46.3746,=41.1949
2010-11-12,=7107.1260,,=1117728763290.3000,=874680705063,=470658810073.2700,=46.8467,=0.5818,=49.3096,=46.3746,=41.1949
2010-11-11,=7469.6520,,=1165988960870.1001,=911590266102,=493237581609.4199,=48.8694,=0.7720,=49.3096,=46.3282,=41.1949
2010-11-10,=7543.2890,,=1177839127588.8000,=922180821888,=498125143375.9099,=49.3661,=0.8110,=49.3096,=46.2818,=41.1949
2010-11-09,=7352.0620,,=1143943290081.2000,=893615306671,=484256260693.7101,=47.9454,=0.6881,=49.3096,=46.2804,=41.1836
2010-11-08,=7287.9680,,=1130715354559.8999,=885556098031,=479956723404.9999,=47.3910,=0.6258,=49.3096,=46.2789,=41.1836
2010-11-05,=7150.1310,,=1111664375570.2000,=835164371677,=471738935265.8099,=46.5925,=0.5354,=49.3096,=46.2643,=41.1836
2010-11-04,=7131.4080,,=1109915504829.0005,=834454198914,=470814497712.3502,=46.5192,=0.5278,=49.3096,=46.2496,=41.1836
2010-11-03,=6999.7230,,=1091982553914.1000,=819035175895,=462502985719.2501,=45.8404,=0.4737,=49.3096,=46.2467,=41.1836
2010-11-02,=6966.1950,,=1083447342619.6000,=814849164049,=460585676675.4100,=45.4821,=0.4286,=49.3140,=46.2496,=41.1786
2010-11-01,=6991.4280,,=1086535010552.1000,=819325768168,=462653407565.4600,=45.6117,=0.4424,=49.3140,=46.2643,=41.1786
2010-10-29,=6820.3740,,=1061670394399,=800211602961,=450631539556.1606,=45.3416,=0.4156,=49.3140,=46.2789,=41.1786
2010-10-28,=6784.8980,,=1056999154260.1000,=794105077916,=448329302589.7847,=45.3023,=0.4138,=49.3140,=46.2804,=41.1786
2010-10-27,=6802.3100,,=1062127364614.1998,=795470240699,=449938937936.7503,=45.6186,=0.4403,=49.3140,=46.2818,=41.1786
2010-10-26,=6886.2910,,=1074400761347.1000,=805918351448,=455494146438.0292,=46.5831,=0.5237,=49.3155,=46.3282,=41.1193
2010-10-25,=6947.0980,,=1086379488312.1000,=815937293174,=460049445902.3140,=46.7786,=0.5633,=49.3155,=46.2818,=41.1193
2010-10-22,=6726.0660,,=1051400387174.1000,=788841655731,=444482747895.2658,=45.4834,=0.4317,=49.3155,=46.2804,=41.1193
2010-10-21,=6686.1720,,=1044017197169,=784400375862,=442029322710.3225,=46.1202,=0.4809,=49.3155,=46.2818,=41.1193
2010-10-20,=6701.3370,,=1046680308614.6002,=786620259814,=442875771855.6243,=46.3746,=0.5016,=49.3155,=46.3282,=41.1193
2010-10-19,=6513.1250,,=1019086958759.4000,=763226177108,=431420260335.9898,=45.3565,=0.4231,=49.3492,=46.2818,=41.0207
2010-10-18,=6362.2170,,=997232026479.1998,=744965758650,=421563170783.3887,=44.3838,=0.3633,=49.3492,=46.3282,=41.0207
2010-10-15,=6421.4930,,=1005873856331.8002,=749382181721,=424819054983.1966,=44.7684,=0.3871,=49.3492,=46.3747,=41.0207
2010-10-14,=6412.1400,,=997030216869.1000,=747242345983,=423771836951.2029,=44.3748,=0.3625,=49.3492,=46.3934,=41.0207
2010-10-13,=6610.2010,,=1026889271315.2000,=769491552908,=436815565545.6017,=45.7038,=0.4448,=49.3492,=46.4121,=41.0207
2010-10-12,=6686.7360,,=1043299196145.8000,=781908931197,=442339675673.6250,=46.4341,=0.5016,=49.4008,=46.4231,=40.9910
2010-10-11,=6756.0860,,=1055428500460.5000,=789745616813,=446931063531.9636,=46.9740,=0.5719,=49.4008,=46.4121,=40.9910
2010-10-08,=6786.9710,,=1068424312521.0996,=795398441746,=449922111313.5551,=47.5524,=0.6230,=49.4008,=46.3934,=40.9910
2010-09-30,=6613.4960,,=1039811836240.7000,=772531065875,=438122789560.9609,=46.2789,=0.4934,=49.4008,=46.3747,=40.9910
2010-09-29,=6526.0870,,=1027640864071.9000,=762955069928,=432522434170.3046,=45.7372,=0.4554,=49.4008,=46.3934,=40.9910
2010-09-28,=6633.7250,,=1044831248775.6000,=774438001450,=439789477843.1745,=46.5023,=0.5066,=49.4292,=46.4121,=40.8249
2010-09-27,=6568.4200,,=1033632761801.7002,=764837060350,=435094688979.8350,=46.0039,=0.4684,=49.4292,=46.3934,=40.8249
2010-09-21,=6390.7140,,=1009524175146.9000,=745822591490,=423751019388.2310,=44.9309,=0.4100,=49.4292,=46.4121,=40.8249
2010-09-20,=6380.6150,,=1003043177999.1000,=744138526027,=422871161701.2323,=44.6424,=0.3880,=49.4292,=46.4380,=40.8249
2010-09-17,=6351.8960,,=996080695466.6000,=739257443568,=420778794047.2141,=44.3326,=0.3658,=49.4292,=46.4639,=40.8249
2010-09-16,=6268.8970,,=980471520530.4000,=728774082686,=415265592361.5397,=43.6378,=0.3333,=49.4426,=46.5008,=40.7743
2010-09-15,=6387.4450,,=999376416264.3000,=742465637831,=422999588617.0108,=44.4792,=0.3818,=49.4426,=46.5378,=40.7743
2010-09-14,=6498.9020,,=1017051609016.8000,=756731306815,=430460000500.3479,=45.2659,=0.4169,=49.4426,=46.5785,=40.7743
2010-09-13,=6516.7620,,=1019255695560.6000,=758525777715,=431897602304.2061,=45.3640,=0.4184,=49.4426,=46.6192,=40.7743
2010-09-10,=6461.7330,,=1011144755743.7002,=752456448211,=428595828607.9454,=44.9206,=0.4027,=49.4426,=46.6222,=40.7743
2010-09-09,=6334.3430,,=990600887413.8000,=737441233262,=419880594434.6633,=44.0079,=0.3562,=49.4459,=46.6252,=40.7527
2010-09-08,=6374.5280,,=993078657250.8000,=742008080251,=422382581153.7288,=44.1180,=0.3608,=49.4459,=46.6335,=40.7527
2010-09-07,=6330.8710,,=987908589806.2002,=736060790783,=419362445183.2185,=43.8883,=0.3483,=49.4459,=46.6417,=40.7527
2010-09-06,=6327.4160,,=988462402253.3000,=736359631012,=419466851189.7066,=43.9129,=0.3495,=49.4459,=46.6448,=40.7527
2010-09-03,=6316.8770,,=985526743659.5000,=731957875616,=418376565366.8048,=43.7825,=0.3438,=49.4459,=46.6479,=40.7527
2010-09-02,=6266.8390,,=981371174569.4998,=725679372747,=414955720658.0031,=43.5979,=0.3345,=49.4483,=46.6485,=40.6835
2010-09-01,=6145.5240,,=963974473400.3000,=710513878240,=407050916634.9701,=42.8250,=0.2972,=49.4483,=46.6491,=40.6835
2010-08-31,=6223.2960,,=976178970241.4000,=719985570495,=412287692676.5993,=43.3672,=0.3263,=49.4483,=46.6519,=40.6835
2010-08-30,=6203.7200,,=973825029801,=718255533113,=411000900255.8070,=43.2458,=0.3204,=49.4483,=46.6547,=40.6835
2010-08-27,=5985.7570,,=937463996864.9998,=690718515311,=395859346964.2758,=41.7323,=0.2509,=49.4483,=46.6574,=40.6835
2010-08-26,=5919.7070,,=925188442359.4998,=683364495901,=391719919519.3170,=41.1786,=0.2270,=49.4641,=46.6601,=40.6255
2010-08-25,=5894.8530,,=920825501339.6000,=680690768018,=390131057377.7359,=40.9910,=0.2171,=49.4641,=46.6748,=40.6255
2010-08-24,=5980.1720,,=933900821228.2998,=690075214576,=395512853326.4372,=41.5240,=0.2429,=49.4641,=46.6895,=40.6255
2010-08-23,=5915.8450,,=924074794343.0996,=683099803168,=391431631813.2351,=41.0207,=0.2186,=49.4641,=46.6954,=40.6255
2010-08-20,=5886.0030,,=919164359196.7998,=679413428156,=389154540863.1601,=41.1836,=0.2230,=49.4641,=46.7013,=40.6255
2010-08-19,=6032.2280,,=944660725241.2000,=695958031824,=398643331307.1189,=42.3520,=0.2708,=49.4869,=46.7082,=40.5936
2010-08-18,=6045.3240,,=949484088315.4000,=697528877621,=399472366925.3484,=42.2816,=0.2645,=49.4869,=46.7151,=40.5936
2010-08-17,=6081.2340,,=953790208532.3000,=702314281568,=402022668294.8118,=42.3467,=0.2655,=49.4869,=46.7168,=40.5936
2010-08-16,=6074.1570,,=949082280532.4998,=700785700280,=401298303351.6784,=42.1376,=0.2628,=49.4869,=46.7184,=40.5936
2010-08-13,=5951.2980,,=930671937302.3000,=686439711322,=393192434477.7462,=41.5139,=0.2381,=49.4869,=46.7283,=40.5936
2010-08-12,=5864.1100,,=915189769298.1000,=677459764746,=387592865292.1762,=40.8249,=0.2206,=49.4874,=46.7381,=40.5207
2010-08-11,=5893.9850,,=917718007599.2000,=679221117960,=389252412708.2388,=41.4293,=0.2288,=49.4874,=46.7641,=40.5207
2010-08-10,=5835.8050,,=907911097975.4000,=672294721850,=384322459541.7562,=41.8337,=0.2333,=49.4874,=46.7901,=40.5207
2010-08-09,=6030.0980,,=937223193330.7000,=694047267187,=397079547279.5253,=43.1843,=0.2825,=49.4874,=46.7961,=40.5207
2010-08-06,=5965.5670,,=925874990550.5000,=685357596008,=392714025233.2232,=42.6614,=0.2612,=49.4874,=46.8021,=40.5207
2010-08-05,=5840.2680,,=909088157786.3000,=672338225856,=385151636647.1738,=42.5679,=0.2547,=49.4980,=46.8027,=40.5132
2010-08-04,=5735.9720,,=893772968119.5997,=659672773163,=379172413137.3684,=41.8473,=0.2406,=49.4980,=46.8034,=40.5132
2010-08-03,=5640.7810,,=880713010004.7001,=648539395075,=372966180811.5842,=41.1949,=0.2302,=49.4980,=46.8186,=40.5132
2010-08-02,=5734.4920,,=894444888166.9999,=658469698964,=378746990548.3476,=41.8467,=0.2348,=49.4980,=46.8338,=40.5132
2010-07-30,=5577.2650,,=868342139472.7999,=638935559140,=367993194581.8695,=40.6255,=0.2129,=49.4980,=46.8681,=40.5132
2010-07-29,=5590.9780,,=871060801070.4000,=640656398197,=368946151977.2930,=40.7527,=0.2176,=49.5080,=46.9023,=40.3918
2010-07-28,=5633.4400,,=878896976312.9999,=646801897722,=372156414735.5360,=41.1193,=0.2222,=49.5080,=46.9041,=40.3918
2010-07-27,=5564.7110,,=869580951312.8998,=639237587594,=367812086965.5042,=40.6835,=0.2154,=49.5080,=46.9058,=40.3918
2010-07-26,=5487.3660,,=857775157720.4999,=631497069939,=362975487574.8657,=40.1837,=0.1892,=49.5080,=46.9548,=40.3918
2010-07-23,=5398.8200,,=843279064913.0999,=621976300466,=357303851283.9063,=39.4842,=0.1628,=49.5080,=47.0037,=40.5132
2010-07-22,=5357.5600,,=836262860651.4999,=615888057723,=354333868190.6895,=39.1840,=0.1284,=49.5247,=47.0098,=40.5132
2010-07-21,=5307.5070,,=828905361023.6001,=611018445865,=350811034183.4219,=38.9740,=0.1211,=49.5247,=47.0160,=40.5207
2010-07-20,=5291.9290,,=826999615008.5999,=608494162670,=349748113613.2087,=38.8844,=0.1137,=49.5247,=47.0629,=40.5936
2010-07-19,=5207.9540,,=815765965860.7001,=599721181574,=344468580101.7318,=38.3562,=0.0866,=49.5247,=47.1098,=40.7743
2010-07-16,=5116.3210,,=801523348747.8000,=589333835708,=338398733639.3517,=37.6866,=0.0514,=49.5247,=47.1430,=41.4898
2010-07-15,=5084.5020,,=794601302323.9003,=583998954214,=335839932047.0868,=37.3611,=0.0317,=49.5365,=47.1763,=41.4898
2010-07-14,=5142.3770,,=800283212680.6001,=589043768084,=339139035150.1661,=37.6283,=0.0438,=49.5365,=47.1828,=41.9218
2010-07-13,=5130.8350,,=798535628380.0001,=587648536793,=338186571052.9999,=37.5461,=0.0360,=49.5365,=47.1894,=41.9306
2010-07-12,=5178.8260,,=804660622093.3000,=591631034699,=341143913689.1966,=37.8341,=0.0402,=49.5365,=47.1965,=42.1355
2010-07-09,=5163.7570,,=805512092465.3002,=590417342830,=340306418773.3228,=37.8741,=0.0403,=49.5365,=47.2036,=42.5688
2010-07-08,=5011.5590,,=783537998429.0999,=572793285826,=330134578986.0687,=36.8409,=0.0243,=49.5437,=47.2561,=42.5688
2010-07-07,=5033.3200,,=784158528024,=574392689168,=331463561243.5694,=36.8701,=0.0244,=49.5437,=47.3085,=42.8285
2010-07-06,=4968.6830,,=776500272027,=568395118464,=327532553103.7919,=36.5100,=0.0122,=49.5437,=47.3172,=42.8937
2010-07-05,=4850.7160,,=759399615205.5001,=555726020517,=319986117063.9143,=35.7060,=0,=49.5437,=47.3259,=42.9793
2010-07-02,=4871.3270,,=760899558587.6998,=557728345215,=321344090176.7323,=35.7765,=0,=49.5437,=47.3377,=43.0513
2010-07-01,=4953.9950,,=773361684963.6000,=565558386349,=326496798514.2965,=36.3624,=0,=49.5486,=47.3494,=43.0513
2010-06-30,=5035.5490,,=702800937571.6998,=558928982062,=320309315989.9383,=36.6195,=0,=49.5486,=47.3704,=43.1058
2010-06-29,=5075.5180,,=705494769663.2999,=562449393967,=322440687993.2598,=36.7599,=0,=49.5486,=47.3914,=43.3065
2010-06-28,=5294.4900,,=731476654041.5999,=584723232129,=335568943856.9570,=38.1136,=0.0167,=49.5486,=47.3919,=43.5121
2010-06-25,=5394.9250,,=744485869098.2001,=595947423364,=341827649298.1710,=38.7915,=0.0504,=49.5486,=47.3924,=43.6088
2010-06-24,=5441.3820,,=749608058708.0999,=599278392044,=344338725230.7527,=39.0584,=0.0549,=49.5527,=47.4187,=43.6088
2010-06-23,=5449.4760,,=752437311197.8002,=602130508880,=345274024761.8108,=39.2058,=0.0551,=49.5527,=47.4450,=43.6257
2010-06-22,=5456.4600,,=752711958852.7000,=601861298827,=345581074208.2569,=39.2201,=0.0553,=49.5527,=47.4527,=43.8522
2010-06-21,=5435.0660,,=752964918378.9998,=602739080780,=345053866802.5959,=39.2333,=0.0641,=49.5527,=47.4603,=43.9141
2010-06-18,=5293.2430,,=733779068198.7998,=586331080972,=336007292522.4358,=38.2336,=0.0215,=49.5527,=47.4677,=44.1126
2010-06-17,=5482.0540,,=759578283605.4998,=606998386100,=347733153826.1500,=39.5779,=0.0819,=49.5528,=47.4751,=44.1126
2010-06-11,=5592.7820,,=775199537881.7999,=619324895848,=354885716337.3003,=40.3918,=0.1039,=49.5528,=47.4988,=44.1386
2010-06-10,=5648.1050,,=782540313187.9999,=624990587094,=358698298749.9681,=40.7743,=0.1174,=49.5528,=47.5225,=44.3588
2010-06-09,=5612.3400,,=779071125130.2999,=621849468584,=356631053734.6703,=40.5936,=0.1135,=49.5528,=47.5712,=44.3716
2010-06-08,=5520.0200,,=766183737613.1001,=611099724410,=350564064824.5661,=39.9221,=0.0877,=49.5528,=47.6198,=44.4217
2010-06-07,=5482.6380,,=761498620260.3000,=607862543198,=348553080431.8837,=39.6779,=0.0837,=49.6369,=47.6396,=44.4217
2010-06-04,=5443.5350,,=752792282568.9001,=601164021082,=345477752300.9059,=39.2243,=0.0531,=49.6369,=47.6593,=44.4702
2010-06-03,=5367.3930,,=741408106845.7999,=591777268688,=340309924984.4545,=38.6311,=0.0311,=49.6369,=47.6649,=44.4767
2010-06-02,=5371.4930,,=741443725264.6002,=591541649992,=340430203695.0170,=38.6330,=0.0313,=49.6369,=47.6705,=44.6814
2010-06-01,=5353.0950,,=740191266724.5001,=589735438268,=339416423119.0806,=38.5677,=0.0269,=49.6369,=47.6797,=44.7347
2010-05-31,=5424.9130,,=747229582798.3998,=595744507314,=343231463416.6652,=38.9344,=0.0360,=49.6657,=47.6890,=44.7347
2010-05-28,=5522.5570,,=758075562303.3999,=605623872148,=349036990342.0929,=39.4996,=0.0588,=49.6657,=47.7273,=44.8347
2010-05-27,=5499.8210,,=755511027840.2000,=603806768712,=347750001949.2639,=39.3660,=0.0500,=49.6657,=47.7657,=44.9079
2010-05-26,=5395.8710,,=741974890827.0999,=593763195132,=341556720237.1839,=38.6607,=0.0274,=49.6657,=47.7687,=44.9094
2010-05-25,=5408.0430,,=743597445974.0001,=594428728440,=342222256209.1340,=38.7452,=0.0275,=49.6657,=47.7717,=44.9756
2010-05-24,=5472.3760,,=755478900325.4999,=604233657270,=346969117407.1767,=39.3643,=0.0369,=49.7004,=47.7912,=44.9756
2010-05-21,=5274.8080,,=731725006567.1998,=582361937325,=335196853681.8191,=38.1266,=0.0185,=49.7004,=47.8108,=45.1652
2010-05-20,=5183.3270,,=719087251837.0001,=570936428466,=329071446142.9075,=37.4681,=0,=49.7004,=47.8291,=45.1922
2010-05-19,=5290.7220,,=729581128829.6000,=578021298542,=334646995233.0726,=38.0149,=0.0093,=49.7004,=47.8473,=45.2531
2010-05-18,=5272.4180,,=727258150707.0999,=576623345846,=333744285638.1068,=37.8938,=0.0047,=49.7004,=47.8481,=45.3789
2010-05-17,=5227.4830,,=721985368594.2001,=572211186559,=331086304647.8059,=37.6191,=0,=49.7548,=47.8488,=45.3789
2010-05-14,=5498.7270,,=757856609928.8003,=601701815281,=348191576389.7199,=39.4882,=0.0142,=49.7548,=47.8489,=45.4145
2010-05-13,=5458.1340,,=752902818280.0999,=598929141264,=346090162637.4829,=39.2301,=0.0048,=49.7548,=47.8490,=45.5626
2010-05-12,=5327.5630,,=735772773558.3999,=585130473949,=337835319254.2063,=38.3375,=0,=49.7548,=47.8616,=45.5718
2010-05-11,=5483.6560,,=754666184076.6001,=600727163865,=347045371877.9656,=39.3219,=0,=49.7548,=47.8742,=45.5969
2010-05-10,=5640.4070,,=772583576279.2998,=615266527485,=356163897914.1435,=40.2555,=0.0048,=49.7616,=47.8779,=45.5969
2010-05-07,=5713.3120,,=777529144515.5000,=619178121384,=359252155383.7622,=40.5132,=0.0097,=49.7616,=47.8816,=45.6339
2010-05-06,=5714.4720,,=777673048030.4001,=614760358019,=359296381629.4097,=40.5207,=0.0098,=49.7616,=47.9103,=45.6501
2010-05-05,=5840.6420,,=796271945354.7999,=629651649883,=367850013435.1605,=41.4898,=0.0098,=49.7616,=47.9390,=45.7138
2010-05-04,=5667.0010,,=774485523929.8999,=611499046586,=357364789987.4374,=40.3546,=0.0049,=49.7616,=47.9479,=45.7858
2010-04-30,=5629.0790,,=769887878062.3002,=608858091986,=355435663898.2749,=40.1151,=0,=49.7637,=47.9567,=45.7858
2010-04-29,=5760.1280,,=787877708774.5000,=623832139305,=367755491826.3694,=41.9306,=0.0050,=49.7637,=47.9585,=45.7945
2010-04-28,=5894.1030,,=801560761116.4999,=630367969773,=373685255196.8244,=43.3065,=0.0400,=49.7637,=47.9603,=45.7957
2010-04-27,=5919.1760,,=804302347886.4998,=634086706350,=370784355610.2401,=43.8522,=0.0553,=49.7637,=48.0129,=46.0223
2010-04-26,=6098.5200,,=827604163284.9999,=653421235571,=382013035172.0672,=45.1652,=0.1263,=49.7637,=48.0655,=46.0505
2010-04-23,=6174.7640,,=842200691664.6998,=666132648395,=388235612572.5082,=46.6192,=0.2538,=49.7726,=48.0745,=46.0505
2010-04-22,=6218.1070,,=849676052403.9000,=674041913114,=394465927052.3013,=47.6890,=0.4337,=49.7726,=48.0836,=46.0505
2010-04-21,=6163.6040,,=844198405761.9003,=669142476552,=391167869585.8300,=47.4751,=0.4103,=49.7726,=48.0888,=46.0505
2010-04-20,=6002.5360,,=820847654209.6000,=649858133039,=368913784905.0606,=46.6252,=0.2577,=49.7726,=48.0941,=46.0505
2010-04-19,=5888.5770,,=807889850539.1000,=642468010624,=363196455357.6601,=46.1680,=0.2176,=49.7726,=48.0975,=46.0505
2010-04-16,=6065.3210,,=829970289646.6997,=661449605551,=374059374179.3014,=47.3914,=0.3854,=49.8096,=48.1008,=46.0223
2010-04-15,=6075.0090,,=830421764030.7002,=661966820346,=376547047386.5256,=48.1008,=0.4974,=49.8096,=48.1153,=46.0223
2010-04-14,=6091.5010,,=832864809536.5000,=664225285052,=377896045432.7421,=48.3893,=0.5211,=49.8096,=48.1298,=46.0223
2010-04-13,=5973.4840,,=817946161068.1000,=651568852098,=370765833504.4400,=47.5225,=0.4074,=49.8096,=48.1119,=46.0223
2010-04-12,=5960.3750,,=813937900720.2000,=648097069731,=369568958567.2400,=47.6198,=0.4096,=49.8096,=48.1298,=46.0223
2010-04-09,=5921.3280,,=811210832602.9000,=646665859286,=368390057675.1900,=47.4603,=0.4064,=49.8203,=48.1504,=45.7957
2010-04-08,=5842.8900,,=800956071481.8998,=639500794394,=362889313078.1800,=46.6895,=0.2903,=49.8203,=48.1709,=45.7957
2010-04-07,=5875.0190,,=806003000279.5000,=644228702095,=365350700092.9300,=47.0037,=0.3459,=49.8203,=48.2443,=45.7957
2010-04-06,=5875.3660,,=804916969655.6998,=643521342089,=365208024145.7300,=46.7151,=0.2989,=49.8203,=48.3176,=45.7957
2010-04-02,=5860.0340,,=804306470179.5999,=642908324728,=364557370992.8100,=46.8021,=0.3169,=49.8203,=48.3382,=45.7957
2010-04-01,=5896.5460,,=813440181230.2002,=651027943807,=367961506356.7700,=47.1763,=0.3516,=49.8561,=48.3587,=45.7945
2010-03-31,=5826.9080,,=804223360928.5000,=643884584001,=363726476792.5200,=46.6417,=0.2707,=49.8561,=48.3896,=45.7945
2010-03-30,=5853.8360,,=808809531787.2999,=648006697053,=366148275547.9801,=47.0160,=0.3389,=49.8561,=48.4206,=45.7945
2010-03-29,=5855.4870,,=810423477168.2999,=650074715911,=366710904663.0800,=47.1098,=0.3408,=49.8561,=48.4277,=45.7945
2010-03-26,=5785.3110,,=800625849341.1001,=642014910179,=362215996141.2501,=46.9058,=0.3371,=49.8561,=48.4347,=45.7945
2010-03-25,=5724.8150,,=792831963451.2999,=636173487898,=358651099432.7700,=46.7013,=0.2994,=49.8676,=48.4860,=45.7858
2010-03-24,=5822.3090,,=804090499506.6000,=645524272129,=364319091862.1699,=47.6705,=0.3807,=49.8676,=48.5373,=45.7858
2010-03-23,=5792.1300,,=797985219303,=639351494061,=361820518678.6901,=47.3085,=0.3486,=49.8676,=48.5627,=45.7858
2010-03-22,=5788.0780,,=798102513754.7999,=638650290416,=362877495227.6900,=47.8108,=0.3908,=49.8676,=48.5880,=45.7858
2010-03-19,=5787.6590,,=798888743115.8000,=638886072176,=363031130311.5300,=47.6593,=0.3757,=49.8676,=48.5941,=45.7858
2010-03-18,=5763.2140,,=794599981506.0996,=634782708485,=361086557566.9001,=49.5437,=0.7151,=49.9097,=48.6003,=45.7138
2010-03-17,=5767.2000,,=796556060047.0001,=636285449373,=361567690464.7000,=49.6657,=0.7427,=49.9097,=48.5941,=45.7138
2010-03-16,=5639.6690,,=778459351360.3000,=623056513646,=353900891685.6599,=48.5373,=0.4941,=49.9097,=48.5880,=45.7138
2010-03-15,=5628.2130,,=777522558548.6002,=621527069137,=353018093767.2300,=48.0655,=0.4438,=49.9097,=48.5941,=45.7138
2010-03-12,=5690.7230,,=788550401372.5001,=630550998904,=357547120614.1599,=48.7472,=0.5476,=49.9097,=48.6003,=45.7138
2010-03-11,=5752.0690,,=797117112097.2000,=636982478729,=361151350305.5200,=49.3492,=0.6407,=49.9940,=48.5941,=45.6501
2010-03-10,=5799.9770,,=802790421849.7001,=640886482279,=363851505893.8800,=49.7004,=0.7410,=49.9940,=48.5880,=45.6501
2010-03-09,=5851.2670,,=809532326475.2999,=646689258052,=366809303631.7301,=50.1178,=0.8424,=49.9940,=48.5114,=45.6501
2010-03-08,=5852.6350,,=779438848199.6998,=635905705314,=362526591421.2001,=48.6549,=0.5305,=49.9097,=48.4347,=45.6501
2010-03-05,=5844.6300,,=787612783092.2999,=641932552323,=367425722015.8700,=48.6389,=0.5276,=49.9097,=48.4277,=45.6501
2010-03-04,=5847.7620,,=786788742274.4001,=641712057614,=367612545556.9601,=48.5880,=0.5123,=49.9940,=48.4206,=45.6339
2010-03-03,=6063.3330,,=810518120632.1000,=659966404764,=379888403390.9801,=50.0534,=0.8199,=49.9940,=48.3896,=45.6339
2010-03-02,=5977.4950,,=801130869460.0999,=651940567560,=375162402077.4600,=49.4980,=0.7000,=49.9097,=48.3587,=45.6339
2010-03-01,=5991.2120,,=803852519491.5001,=653848033036,=375619378543.9301,=49.9940,=0.8050,=49.9097,=48.3382,=45.6339
2010-02-26,=5947.8840,,=800114732590.0002,=649790735463,=373078318340.5100,=49.7616,=0.7595,=49.8676,=48.3176,=45.6339
2010-02-25,=5975.7000,,=804990659820.6001,=654201243460,=375252615247.3200,=50.0648,=0.8217,=49.9097,=48.2443,=45.5969
2010-02-24,=5910.0020,,=797057912210.7999,=647793938718,=371355596861.4901,=49.4869,=0.7051,=49.8676,=48.1709,=45.5969
2010-02-23,=5826.4390,,=785728103225.3000,=639414107352,=366115565097.2000,=48.7835,=0.5742,=49.8676,=48.1504,=45.5969
2010-02-22,=5825.1490,,=788989601805.5000,=641662165713,=367008700783.6599,=49.1560,=0.6234,=49.8676,=48.1298,=45.5969
2010-02-12,=5832.0560,,=793589741601.7002,=645882477461,=368559606525.4002,=49.4426,=0.6797,=49.8676,=48.1119,=45.5969
2010-02-11,=5785.9630,,=788250376935.9000,=642198978162,=366127990958.8801,=49.1100,=0.6184,=49.9097,=48.0941,=45.5718
2010-02-10,=5791.6620,,=786725258734.2999,=640905664682,=365980077824.4401,=49.0149,=0.6159,=49.9097,=48.0888,=45.5718
2010-02-09,=5747.9010,,=780478655198.5999,=636456695158,=363289281720.8800,=48.6823,=0.5667,=49.9097,=48.0836,=45.5718
2010-02-08,=5766.2480,,=782758552812.4000,=638164706341,=364361805149.4402,=48.8245,=0.5973,=49.9097,=48.0219,=45.5718
2010-02-05,=5739.9960,,=780988759516.8999,=636226373983,=362840284555.6099,=48.7142,=0.5878,=49.9097,=47.9603,=45.5718
2010-02-04,=5808.8970,,=787522410415.7000,=641156272230,=366701697588.6200,=49.2060,=0.6259,=49.9986,=47.9585,=45.5626
2010-02-03,=5741.0650,,=779498649378.3003,=634380737754,=362368946499.7100,=48.7047,=0.5890,=49.9986,=47.9567,=45.5626
2010-02-02,=5728.8590,,=779366568186.6001,=634005139914,=361717612541.9400,=48.6964,=0.5862,=49.9986,=47.9479,=45.5626
2010-02-01,=5811.7760,,=791400776172.1000,=643576050282,=367183758687.5001,=49.4483,=0.6736,=49.9986,=47.9390,=45.5626
2010-01-29,=5814.6010,,=791360900658.1001,=643055391908,=366909558069.0501,=49.4459,=0.6713,=49.9986,=47.9103,=45.5626
2010-01-28,=5728.8840,,=781602555926.2002,=635645157063,=362077125692.4300,=48.8008,=0.5986,=50.0477,=47.8816,=45.4145
2010-01-27,=5621.0710,,=766761495764.4999,=622324059301,=355164839090.0202,=47.8742,=0.4965,=50.0477,=47.8779,=45.4145
2010-01-26,=5672.7830,,=775739649867.2000,=629472933569,=359194255459.5399,=48.4347,=0.5786,=50.0477,=47.8816,=45.4145
2010-01-25,=5823.3790,,=792929850179.5999,=641601829622,=367571031832.2500,=49.5080,=0.6835,=50.0477,=47.8653,=45.4145
2010-01-22,=5855.0070,,=794994780957.5000,=637201495676,=368823566130.4401,=49.6369,=0.7246,=50.0477,=47.8490,=45.4145
2010-01-21,=6018.8730,,=816355005285.3999,=653508815960,=378709818109.6900,=50.9706,=0.9343,=50.1050,=47.8489,=45.3789
2010-01-20,=5996.5340,,=813199597225.6001,=651798191439,=377312800278.4898,=50.7736,=0.9265,=50.0477,=47.8488,=45.3789
2010-01-19,=6188.0550,,=838783151565.1000,=672282475442,=389284274400.5600,=52.3710,=0.9852,=49.9986,=47.8481,=45.3789
2010-01-18,=6219.0370,,=843986829558.3000,=676948643744,=391504518605.5700,=52.6959,=0.9925,=49.9097,=47.8473,=45.3789
2010-01-15,=6110.2860,,=830117095660.2001,=666187242359,=385029586192.0100,=51.8299,=0.9850,=49.8676,=47.8095,=45.3789
2010-01-14,=6096.6790,,=828050175318.5997,=664017011488,=383946016190.1499,=51.7008,=0.9773,=49.8676,=47.7717,=45.2531
2010-01-13,=5909.9420,,=800786505871.5000,=641866043578,=371564815730.1500,=49.9986,=0.8244,=49.8561,=47.7687,=45.2531
2010-01-12,=5918.5220,,=803510448176.2002,=647243597020,=372930662439.9800,=50.1686,=0.8692,=49.8203,=47.7657,=45.2531
2010-01-11,=5761.4850,,=782204215531.4001,=630093322134,=362970906537.2601,=48.8383,=0.6434,=49.8096,=47.6054,=45.2531
2010-01-08,=5788.8240,,=786562387554.7999,=633164279120,=364867221062.4500,=49.1105,=0.6563,=49.8096,=47.4450,=45.2531
2010-01-07,=5743.2260,,=782868702499.1998,=630864751423,=362651482211.4001,=48.8798,=0.6535,=49.8203,=47.4187,=45.1922
2010-01-06,=5887.3240,,=802491037844.6998,=646771844431,=371672885452.2100,=50.1050,=0.8413,=49.8203,=47.3924,=45.1922
2010-01-05,=5958.5010,,=813633587376.1001,=656497186535,=376515689714.6300,=50.8007,=0.9600,=49.8096,=47.3709,=45.1922
2010-01-04,=5927.7220,,=810350585995.5000,=653052750021,=374807476632.8201,=50.5957,=0.9597,=49.7726,=47.3494,=45.1922
2009-12-31,=5909.7240,,=799608510744,=642451076880,=368360601267.5002,=50.3530,=0.9187,=49.7637,=47.3377,=45.1922
2009-12-30,=5834.2030,,=789700716469.9001,=634965980707,=363929545542.4801,=49.8561,=0.8361,=49.7637,=47.3259,=44.9756
2009-12-29,=5868.1720,,=796307684956.2002,=641126129674,=366568024353.7300,=50.2732,=0.9008,=49.7548,=47.2648,=44.9756
2009-12-28,=5854.0380,,=794742066795.9000,=640329315956,=365973612324.1502,=50.1744,=0.9000,=49.5528,=47.2036,=44.9756
2009-12-25,=5789.6140,,=788096405996.5997,=634502315571,=362298614945.2900,=49.7548,=0.8151,=49.5527,=47.1965,=44.9756
2009-12-24,=5789.1370,,=789133695341.9999,=636131969309,=362820241393.2901,=49.8203,=0.8475,=49.5486,=47.1894,=44.9756
2009-12-23,=5593.8480,,=762355783766.2999,=613957201500,=350265195288.2901,=48.1298,=0.6496,=49.5486,=47.0459,=44.9094
2009-12-22,=5478.4910,,=747686052957.0001,=602221235992,=343285330059.6301,=47.2036,=0.5172,=49.5486,=46.9023,=44.9094
2009-12-21,=5592.1040,,=759334951937.8999,=612417253468,=349792919223.5801,=47.9390,=0.6087,=49.5486,=46.8681,=44.9094
2009-12-18,=5473.4300,,=741346042378.6001,=597682559187,=342129358921.9699,=46.8034,=0.4912,=49.5486,=46.8338,=44.9094
2009-12-17,=5651.6350,,=761623875545.0002,=612097503609,=351977337256.0902,=48.0836,=0.6283,=49.5486,=46.8681,=44.9094
2009-12-16,=5836.8390,,=784895620470.0001,=631122303984,=363174803649.4401,=49.5528,=0.8125,=49.5527,=46.8338,=44.9079
2009-12-15,=5895.8250,,=793918262780.9000,=638955628498,=367453346707.1801,=50.1224,=0.8829,=49.5486,=46.8119,=44.9079
2009-12-14,=5882.4770,,=793827451798.1997,=637322508064,=367075081043.5001,=50.1167,=0.8818,=49.5365,=46.7901,=44.9079
2009-12-11,=5928.9230,,=798756960779.2000,=641997735793,=369825366234.7201,=50.4279,=0.9266,=49.5247,=46.7641,=44.9079
2009-12-10,=5896.0870,,=792735765624.5999,=639278934092,=367897976623.1399,=50.0477,=0.8889,=49.4874,=46.7381,=44.9079
2009-12-09,=5812.7290,,=781113097415.7001,=629625817107,=362556900826.0300,=49.3140,=0.7570,=49.4874,=46.7283,=44.8347
2009-12-08,=5879.0250,,=790549892094.4000,=636723615892,=366478989371.1800,=49.9097,=0.8868,=49.4874,=46.7184,=44.8347
2009-12-07,=5938.3620,,=797163842549.7000,=643639022552,=370134384287.3601,=50.3273,=0.9143,=49.4641,=46.6892,=44.8347
2009-12-04,=5815.3590,,=780152134106.8999,=628220862867,=362022991365.3500,=49.2533,=0.7596,=49.4292,=46.6601,=44.8347
2009-12-03,=5968.0640,,=799162917574.7999,=643555103776,=371447563923.4200,=50.4535,=0.9417,=49.4292,=46.6574,=44.8347
2009-12-02,=5925.2050,,=796711031688.2000,=641186174714,=369605845217.3902,=50.2987,=0.9216,=49.4292,=46.6547,=44.7347
2009-12-01,=5932.4630,,=798492620370.1002,=641894716334,=370373784557.5400,=50.4112,=0.9307,=49.4008,=46.6519,=44.7347
2009-11-30,=5781.7140,,=778790326806.4000,=625205287646,=360863467451.8301,=49.1673,=0.7800,=49.3155,=46.6491,=44.7347
2009-11-27,=5443.0990,,=732575108258.2998,=587002410453,=339488514139.4102,=46.2496,=0.4343,=49.3155,=46.6485,=44.7347
2009-11-26,=5556.7640,,=747460488360.9001,=599795875368,=346672861308.7100,=47.1894,=0.5816,=49.3155,=46.6491,=44.7347
2009-11-25,=5854.4960,,=784829674344.5000,=630666769228,=364761903160.9000,=49.5486,=0.8660,=49.4008,=46.6485,=44.6814
2009-11-24,=5644.4600,,=757908914037.8002,=608686291489,=351611786395.8300,=47.8490,=0.6771,=49.3155,=46.6479,=44.6814
2009-11-23,=5913.7210,,=788237350927.7000,=633564997810,=367000595693.6201,=49.7637,=0.8842,=49.3155,=46.5928,=44.6814
2009-11-20,=5734.4040,,=765981580322.9000,=616707983265,=356225604417.2201,=48.3587,=0.7553,=49.3096,=46.5378,=44.6814
2009-11-19,=5715.5590,,=763008126348.1998,=613457395830,=354908168964.4401,=48.1709,=0.7419,=49.3096,=46.5008,=44.6814
2009-11-18,=5682.4290,,=761791189795.2998,=612232093558,=353347764011.8801,=48.0941,=0.7391,=49.3155,=46.4639,=44.4767
2009-11-17,=5626.0280,,=757882006538.4001,=609161281628,=350680681450.9900,=47.8473,=0.6923,=49.3155,=46.4380,=44.4767
2009-11-16,=5623.9790,,=757906100919,=609513282991,=350598729738.2801,=47.8488,=0.7000,=49.3155,=46.4121,=44.4767
2009-11-13,=5506.0370,,=741136191923.5000,=595161744555,=342723807030.0900,=46.7901,=0.6067,=49.3155,=46.3934,=44.4767
2009-11-12,=5423.7200,,=729657871619.0001,=587257564311,=337693721786.5800,=46.0654,=0.4545,=49.3155,=46.3747,=44.4767
2009-11-11,=5353.8640,,=718784036474.1000,=577354259930,=332762575605.0600,=45.3789,=0.3103,=49.4008,=46.3934,=44.4702
2009-11-10,=5317.3280,,=711322091486.2001,=570435055485,=329775777193.8601,=44.9079,=0.2558,=49.4008,=46.4121,=44.4702
2009-11-09,=5263.8870,,=704492479118,=565915592895,=326647978581.4300,=44.4767,=0.2118,=49.4008,=46.4380,=44.4702
2009-11-06,=5203.9650,,=698726125401.9000,=561848025207,=323650478473.4401,=44.1126,=0.1429,=49.4008,=46.4639,=44.4702
2009-11-05,=5239.1550,,=704389703983.1000,=565758426557,=326049512954.7399,=44.4702,=0.1928,=49.4008,=46.5008,=44.6814
2009-11-04,=5221.6100,,=702828288839.3999,=564331756517,=325176582061.1001,=44.3716,=0.1707,=49.4292,=46.5378,=44.6814
2009-11-03,=5144.7460,,=690746130763.8998,=556357597422,=320301167381.4001,=43.6088,=0.1111,=49.4292,=46.5928,=44.7347
2009-11-02,=5071.1390,,=682778929178.4000,=550140862810,=316340174114.9199,=43.1058,=0.0875,=49.4292,=46.6479,=44.8347
2009-10-30,=4919.3680,,=664632709629.2000,=535534013188,=308085592743.1601,=41.9218,=0,=49.4292,=46.6485,=44.9094
2009-10-29,=4847.2870,,=655448099061.5999,=529602144180,=303991154607.9801,=42.1355,=0,=49.4292,=46.6491,=44.9756
2009-10-28,=4892.2780,,=662413985709.7999,=535575327185,=306083989702.7377,=43.9141,=0.0909,=49.4641,=46.6519,=44.9756
2009-10-27,=4832.7020,,=654612400278.6001,=529318061653,=302989581428.7278,=44.1386,=0.0921,=49.4641,=46.6547,=45.1922
2009-10-26,=4945.5460,,=667388511137.1000,=540192456529,=312051307026.1877,=44.9094,=0.1600,=49.4641,=46.6574,=45.2531
2009-10-23,=4958.4550,,=670854980898,=544854999678,=313542879089.5874,=46.0223,=0.3378,=49.4641,=46.6601,=45.4145
2009-10-22,=4914.9600,,=665660183706.7000,=540764163634,=310982030759.3366,=45.7945,=0.3151,=49.4641,=46.6892,=45.4145
2009-10-21,=4893.5730,,=665533430127.5000,=540551344859,=310255256125.0488,=45.7858,=0.3056,=49.4874,=46.7184,=45.2531
2009-10-20,=4971.0030,,=677183682371.5999,=549905817755,=315524680717.0991,=46.6491,=0.4507,=49.4874,=46.7283,=45.2531
2009-10-19,=4833.9260,,=657143471058.6998,=533009874291,=306276071121.6903,=45.2531,=0.2000,=49.4874,=46.7381,=45.2531
2009-10-16,=4737.2570,,=643843666593.7999,=521439235623,=300378948201.3204,=45.5969,=0.2464,=49.4874,=46.7859,=45.4145
2009-10-15,=4719.3320,,=642790653000.1001,=520373668780,=299943225089.3499,=45.5718,=0.2353,=49.4874,=46.8338,=45.4145
2009-10-14,=4772.7660,,=651850636705.3999,=528112151966,=301772072066.0402,=46.4121,=0.3731,=49.5247,=46.8681,=45.1922
2009-10-13,=4787.9510,,=655258882252.5000,=530714325261,=303045026718.0503,=46.6547,=0.4242,=49.5247,=46.9023,=45.1922
2009-10-12,=4756.0240,,=653615950848.8999,=528381788709,=301472787885.8111,=46.5378,=0.4000,=49.5247,=47.1141,=45.1922
2009-10-09,=4721.0180,,=650021618756.2001,=524589405796,=299666855329.5517,=46.2818,=0.3594,=49.5247,=47.3259,=45.1922
2009-09-30,=4544.3270,,=628292364584.6001,=506963727232,=288965870638.9432,=44.7347,=0.1587,=49.5247,=47.3377,=45.1922
2009-09-29,=4509.7560,,=623013078499.4000,=504170138970,=286955510831.6935,=44.3588,=0.1129,=49.5365,=47.3494,=45.1922
2009-09-28,=4575.5350,,=631675160507.1001,=510263387069,=290905831315.8625,=44.9756,=0.1639,=49.5365,=47.3709,=45.4145
2009-09-25,=4657.3800,,=640920845203.5999,=510517036289,=295396693557.7018,=45.6339,=0.2167,=49.5365,=47.3924,=45.5626
2009-09-24,=4652.5870,,=637840453714.5000,=508021690164,=294547085038.0622,=45.4145,=0.1864,=49.5365,=47.4187,=45.5626
2009-09-23,=4709.9470,,=646772207506.0001,=514840015837,=298384639230.8615,=46.0505,=0.2586,=49.5365,=47.4450,=45.6501
2009-09-22,=4853.3020,,=665015999538.9000,=530284183297,=307391509630.8598,=47.3494,=0.4561,=49.5527,=47.6054,=45.5626
2009-09-21,=4888.9330,,=664685779643.2001,=530006777374,=308426923691.4993,=47.3259,=0.4464,=49.5527,=47.7657,=45.5626
2009-09-18,=4831.8800,,=657773685273.5000,=524319576011,=304816935652.8503,=46.8338,=0.4182,=49.5527,=47.7687,=45.5626
2009-09-17,=4962.2840,,=673594742456.9001,=537624641873,=312747276847.8690,=47.9603,=0.5556,=49.5527,=47.7717,=45.5626
2009-09-16,=4896.6390,,=666358389262.8000,=532659845215,=309174987543.4892,=47.4450,=0.4717,=49.5527,=47.7687,=45.5626
2009-09-15,=4940.5200,,=672489750252.3002,=536914948255,=311581014333.3894,=47.8816,=0.5192,=49.7726,=47.7717,=45.1922
2009-09-14,=4938.9400,,=673544886396.9998,=538099801911,=311803033414.2092,=47.9567,=0.5294,=49.7726,=47.7687,=45.1922
2009-09-11,=4811.4970,,=658736522599.4000,=526227461433,=304402149489.4617,=46.9023,=0.4600,=49.7726,=47.7657,=45.1922
2009-09-10,=4753.7160,,=651325190563,=520067247809,=300862284344.6814,=46.3747,=0.3469,=49.7726,=47.7687,=45.1922
2009-09-09,=4797.3220,,=656153289262.6000,=523310683571,=303085951524.3015,=46.7184,=0.4167,=49.7726,=47.7717,=45.1922
2009-09-08,=4851.9880,,=665619226751.7001,=531871024493,=307132990647.4814,=47.3924,=0.4468,=49.8096,=48.0447,=44.8347
2009-09-07,=4791.3760,,=656429587729.9001,=524482915243,=303169037063.9628,=46.7381,=0.4348,=49.8096,=48.3176,=44.8347
2009-09-04,=4645.3250,,=634717155323.8000,=506443164309,=293504624722.7329,=45.1922,=0.2222,=49.8096,=48.3691,=44.8347
2009-09-03,=4547.8410,,=623896219283.2000,=497431942230,=287813435609.7946,=44.4217,=0.1591,=49.8096,=48.4206,=44.8347
2009-09-02,=4377.4170,,=601519794077.4999,=480102570174,=277430116272.5958,=42.8285,=0.0233,=49.8096,=48.5104,=45.5626
2009-09-01,=4382.9020,,=602435105086.5000,=480627256213,=277737176227.7858,=42.8937,=0.0238,=49.8676,=48.6003,=45.5626
2009-08-31,=4415.1940,,=603637347355.2001,=481538657792,=279150844305.0151,=42.9793,=0.0244,=49.8676,=48.6087,=45.6501
2009-08-28,=4672.4910,,=638136509464.2001,=508499720556,=292329556739.9239,=45.7138,=0.2000,=49.8676,=48.6171,=45.7138
2009-08-27,=4744.8300,,=647152576457.7000,=515363029687,=296216603331.9438,=46.4639,=0.2821,=49.8676,=48.9634,=45.7957
2009-08-26,=4659.3650,,=636788406161.8999,=507677377770,=291108686707.7933,=45.7957,=0.2105,=49.8676,=49.3096,=45.7957
2009-08-25,=4513.8560,,=618763397940.0997,=492612054411,=282104859975.1887,=44.6814,=0.1081,=50.1403,=49.3126,=45.6501
2009-08-24,=4589.4180,,=628892472494.8002,=502617010372,=287033132300.0058,=45.5626,=0.1389,=50.1403,=49.3155,=46.1529
2009-08-21,=4518.7380,,=620391539259.9999,=495872704541,=282991799409.7464,=44.8347,=0.1143,=50.1403,=49.3582,=46.2439
2009-08-20,=4395.5550,,=604543130588.0999,=482504147126,=275215926398.3359,=43.6257,=0.0882,=50.1403,=49.4008,=46.6479
2009-08-19,=4254.4580,,=586847271302.3000,=468552705170,=266835780270.6473,=42.5688,=0,=50.1403,=49.4150,=46.6601
2009-08-18,=4383.3090,,=599851728590.1002,=478932702721,=273892809519.6465,=43.5121,=0.0313,=50.4316,=49.4292,=46.6601
2009-08-17,=4307.8010,,=590389152131.5997,=470831998806,=269059583326.6906,=43.0513,=0,=50.4316,=49.4467,=47.7657
2009-08-14,=4572.4770,,=624471578763,=498660363272,=284813447957.3534,=45.6501,=0,=50.4316,=49.4641,=47.7717
2009-08-13,=4801.9300,,=653511300277.6001,=521518535773,=298830738812.5967,=47.7657,=0.1379,=50.4316,=49.4757,=48.3176
2009-08-12,=4839.3580,,=659816714231.7999,=527061574128,=302138741364.4707,=48.3176,=0.1786,=50.4316,=49.4874,=48.4206
2009-08-11,=5032.4540,,=684831757114.2000,=543950468234,=313547479435.8898,=50.5054,=0.8148,=50.5054,=49.5060,=48.4206
2009-08-10,=4953.5790,,=671070272306.9999,=532493548614,=309716289724.1289,=49.4874,=0.5000,=50.4316,=49.4874,=48.4206
2009-08-07,=4935.4440,,=670172740650.3999,=532229868225,=308469588511.2312,=49.4641,=0.4800,=50.4316,=49.4944,=48.4206
2009-08-06,=5088.6300,,=688736571427.4000,=547380099608,=317468436349.1198,=52.3645,=0.9583,=50.4316,=49.5247,=48.4206
2009-08-05,=5184.8540,,=699324337851.6000,=555207058549,=322448169291.9150,=53.1694,=1,=50.1403,=49.4770,=48.4206
2009-08-04,=5104.2080,,=681615432363.9000,=540041380220,=315522261961.1806,=51.8230,=1,=50.1403,=49.4292,=47.7717
2009-08-03,=5003.4780,,=673641618147.4000,=533955121227,=310874554940.5256,=51.2168,=1,=49.8676,=49.4150,=47.7717
2009-07-31,=4844.6230,,=651541808486.9999,=515235097173,=300735683416.9044,=49.5365,=0.6500,=49.8096,=49.4008,=47.7717
2009-07-30,=4741.6400,,=639923690317.1000,=506409817606,=294889959779.2505,=48.6171,=0.3684,=49.8096,=49.3582,=47.7717
2009-07-29,=4711.6800,,=635405457261.5001,=502383929920,=294884831228.6360,=48.6003,=0.3333,=49.8096,=49.4008,=47.7717
2009-07-28,=4954.3760,,=666748909433.5002,=527904616358,=309572479692.0304,=50.9976,=1,=49.8676,=49.4150,=46.6601
2009-07-27,=4876.9950,,=658020562021.8000,=521235210854,=304977914644.6052,=50.4316,=1,=49.8096,=49.4008,=46.6601
2009-07-24,=4791.9190,,=644942141123.1998,=509362917130,=299097668269.4504,=49.4292,=0.6000,=49.7726,=49.3582,=46.6601
2009-07-23,=4852.4680,,=650661524379.4000,=513683059606,=302288721231.0583,=49.8676,=0.9286,=49.7726,=49.3155,=46.6601
2009-07-22,=4800.3510,,=646187757097.5000,=511120086074,=299768365446.1020,=49.5247,=0.6923,=49.5527,=49.3126,=46.6601
2009-07-21,=4747.8490,,=640878157859.3000,=506853253610,=296948259609.2053,=49.3096,=0.5000,=49.7726,=49.3096,=46.6479
2009-07-20,=4805.7960,,=646684201987.1001,=511216156530,=300127142415.1282,=49.7726,=0.8182,=49.7726,=48.8681,=46.6479
2009-07-17,=4757.1410,,=641853968593.1001,=507606345107,=297531934470.6306,=49.4008,=0.7000,=49.5527,=48.4206,=46.6479
2009-07-16,=4765.2770,,=643827021202.8000,=509372641118,=298070633343.2910,=49.5527,=0.7778,=49.5527,=48.0961,=46.6479
2009-07-15,=4793.4560,,=647165016700.1000,=511219533007,=299525794040.0227,=49.8096,=0.8750,=49.3155,=47.7717,=46.6479
2009-07-14,=4815.5020,,=651461776919.6000,=514670430477,=301416060698.0713,=50.1403,=1,=49.3155,=47.2159,=46.2439
2009-07-13,=4726.3800,,=640745362684.6998,=505258745882,=296166544128.4462,=49.3155,=1,=48.4206,=46.6601,=46.2439
2009-07-10,=4647.1450,,=629117870631.5001,=494238671162,=290741059489.9719,=48.4206,=1,=47.7717,=46.6540,=46.2439
2009-07-09,=4606.1200,,=620686993135.2999,=486430822414,=287477121836.2633,=47.7717,=1,=46.6601,=46.6479,=46.2439
2009-07-08,=4494.1190,,=606243828027.5999,=475999230367,=280679205804.5121,=46.6601,=1,=46.6479,=46.4459,=46.2439
2009-07-07,=4476.9460,,=606085276857.2999,=476649278675,=280337870722.9665,=46.6479,=1,=46.6479,=46.2439,=46.1529
2009-07-06,=4435.5210,,=599654451451.2000,=471736794777,=277566617809.6502,=46.1529,=0,=46.2439,=46.1984,=46.1529
2009-07-03,=4443.0540,,=600836305075.3999,=471472511447,=277938984501.2381,=46.2439,,=46.2439,=46.2439,=46.2439

数据来源于：理杏仁网站(lixinger.com)