date,year,month,margin_total,margin_5d_chg
2015-01-05,2015,1,1037927132359.0,3.011083402001047
2015-01-06,2015,1,1045994364434.0,3.2100818408485
2015-01-07,2015,1,1057801770588.0,3.2092581572419787
2015-01-08,2015,1,1060898071626.0,3.133976644380354
2015-01-09,2015,1,1067956909894.0,4.124257048991442
2015-01-12,2015,1,1079016485249.0,3.958789746310232
2015-01-13,2015,1,1085058114332.0,3.734604241308492
2015-01-14,2015,1,1097669839046.0,3.7689545968370375
2015-01-15,2015,1,1113197421708.0,4.929724304413408
2015-01-16,2015,1,1118404063063.0,4.723706799556848
2015-01-19,2015,1,1098530965252.0,1.8085432678534683
2015-01-20,2015,1,1096759632702.0,1.0784231936926236
2015-01-21,2015,1,1102541797259.0,0.4438455025086885
2015-01-22,2015,1,1112908613558.0,-0.0259440189465109
2015-01-23,2015,1,1118839298823.0,0.0389157885217317
2015-01-26,2015,1,1127295188848.0,2.618426289822562
2015-01-27,2015,1,1131438840658.0,3.161969762742234
2015-01-28,2015,1,1134381217834.0,2.887819822718307
2015-01-29,2015,1,1136594402122.0,2.128277944428514
2015-01-30,2015,1,1131853100183.0,1.163151971305476
2015-02-02,2015,2,1132952843667.0,0.5018787337131903
2015-02-03,2015,2,1132726346572.0,0.1137936817911633
2015-02-04,2015,2,1135432678643.0,0.0926902519602368
2015-02-05,2015,2,1141143452750.0,0.4002351779585522
2015-02-06,2015,2,1143117493061.0,0.9952168595181332
2015-02-09,2015,2,1152667617401.0,1.7401230637446252
2015-02-10,2015,2,1169035493631.0,3.205465041833211
2015-02-11,2015,2,1178942685697.0,3.83201997550402
2015-02-12,2015,2,1177833120360.0,3.215166990756768
2015-02-13,2015,2,1144119965990.0,0.0876964034830507
2015-02-16,2015,2,1137638939318.0,-1.30381715041897
2015-02-17,2015,2,1110491025026.0,-5.00792909402281
2015-02-25,2015,2,1140656574404.0,-3.24749555321809
2015-02-26,2015,2,1153173202781.0,-2.09366820755242
2015-02-27,2015,2,1157930395304.0,1.2070787788455384
2015-03-02,2015,3,1178337607849.0,3.5774679579268165
2015-03-03,2015,3,1197401717695.0,7.826330038729057
2015-03-04,2015,3,1210526982470.0,6.125455253918788
2015-03-05,2015,3,1224761155593.0,6.207909847311588
2015-03-06,2015,3,1232010713441.0,6.397648635654929
2015-03-09,2015,3,1246828749612.0,5.812522769940887
2015-03-10,2015,3,1267330435889.0,5.840038239515222
2015-03-11,2015,3,1290557021259.0,6.611173476340371
2015-03-12,2015,3,1313024517755.0,7.206577524028757
2015-03-13,2015,3,1317064044571.0,6.90361944113671
2015-03-16,2015,3,1310394030828.0,5.0981565219586855
2015-03-17,2015,3,1320316556987.0,4.180923900942335
2015-03-18,2015,3,1341640156964.0,3.958223841606468
2015-03-19,2015,3,1363234620138.0,3.824003413801358
2015-03-20,2015,3,1383597827929.0,5.051674110477422
2015-03-23,2015,3,1399680287946.0,6.813695347923909
2015-03-24,2015,3,1421120940250.0,7.634864739789249
2015-03-25,2015,3,1442745039091.0,7.535916512501406
2015-03-26,2015,3,1458839770211.0,7.013110484482987
2015-03-27,2015,3,1466223191571.0,5.971776044609389
2015-03-30,2015,3,1484690303291.0,6.0735309396798165
2015-03-31,2015,3,1493916427299.0,5.122399155992596
2015-04-01,2015,4,1518391195581.0,5.243210299836543
2015-04-02,2015,4,1538297069033.0,5.446609041273098
2015-04-03,2015,4,1553632993422.0,5.961561810882543
2015-04-07,2015,4,1585414252966.0,6.784172392837262
2015-04-08,2015,4,1607160157742.0,7.580325671078181
2015-04-09,2015,4,1632613266651.0,7.522572009270245
2015-04-10,2015,4,1652059938137.0,7.395377095499067
2015-04-13,2015,4,1680862902938.0,8.189186896434663
2015-04-14,2015,4,1707975842639.0,7.73057195895086
2015-04-15,2015,4,1729880098526.0,7.635825228296911
2015-04-16,2015,4,1746192954346.0,6.956925440645678
2015-04-17,2015,4,1734022922655.0,4.961259735553436
2015-04-20,2015,4,1725533398230.0,2.657593026410421
2015-04-21,2015,4,1739034528976.0,1.8184499781338288
2015-04-22,2015,4,1761187446899.0,1.8097987484610332
2015-04-23,2015,4,1778999959102.0,1.878773171907988
2015-04-24,2015,4,1789437158814.0,3.195703784247206
2015-04-27,2015,4,1815340049194.0,5.20457332533355
2015-04-28,2015,4,1822659514826.0,4.8087018662729575
2015-04-29,2015,4,1834556134256.0,4.165864768465366
2015-04-30,2015,4,1839865477679.0,3.4213333319986994
2015-05-04,2015,5,1866333625347.0,4.297243194835931
2015-05-05,2015,5,1876357572832.0,3.3612172917735883
2015-05-06,2015,5,1896989289514.0,4.078094349678674
2015-05-07,2015,5,1906184525237.0,3.904398979323065
2015-05-08,2015,5,1882108102480.0,2.295962683874553
2015-05-11,2015,5,1889890917144.0,1.26222297434202
2015-05-12,2015,5,1903388324996.0,1.440597067178517
2015-05-13,2015,5,1922481660906.0,1.3438331746475465
2015-05-14,2015,5,1934736510046.0,1.4978604867988965
2015-05-15,2015,5,1936414456702.0,2.88540037367897
2015-05-18,2015,5,1955071797610.0,3.448922891512773
2015-05-19,2015,5,1984260645930.0,4.248860827396839
2015-05-20,2015,5,2013014417220.0,4.709160984731309
2015-05-21,2015,5,2032606432294.0,5.058565946309312
2015-05-22,2015,5,2022398908233.0,4.440395042156631
2015-05-25,2015,5,2033327874627.0,4.002721389192199
2015-05-26,2015,5,2052665990958.0,3.447397153610288
2015-05-27,2015,5,2065033487791.0,2.584138003484293
2015-05-28,2015,5,2075740721297.0,2.122117116116695
2015-05-29,2015,5,2079547073422.0,2.825761275698624
2015-06-01,2015,6,2108229137379.0,3.683678549173486
2015-06-02,2015,6,2138019941882.0,4.158199692496711
2015-06-03,2015,6,2157765648924.0,4.490588732882839
2015-06-04,2015,6,2172334907792.0,4.653480345784433
2015-06-05,2015,6,2168995135455.0,4.301324224693248
2015-06-08,2015,6,2174830053698.0,3.1590928679507746
2015-06-09,2015,6,2186113946787.0,2.2494647483346286
2015-06-10,2015,6,2201024831656.0,2.0048137643479347
2015-06-11,2015,6,2215170711468.0,1.9718784392936504
2015-06-12,2015,6,2230004043871.0,2.812772948114617
2015-06-15,2015,6,2240715478125.0,3.029451626115387
2015-06-16,2015,6,2247128579580.0,2.791008807325679
2015-06-17,2015,6,2262053642068.0,2.77274520188322
2015-06-18,2015,6,2273035261015.0,2.612193689968612
2015-06-19,2015,6,2265975075829.0,1.6130478353554525
2015-06-23,2015,6,2251941705005.0,0.5010108150542036
2015-06-24,2015,6,2212725853041.0,-1.53096386435661
2015-06-25,2015,6,2188221527687.0,-3.26394180084526
2015-06-26,2015,6,2130518409015.0,-6.26989182457119
2015-06-29,2015,6,2088566227918.0,-7.82924974786386
2015-06-30,2015,6,2049386417412.0,-8.99469498445788
2015-07-01,2015,7,2035290107644.0,-8.01887613656007
2015-07-02,2015,7,1983641062913.0,-9.3491660778169
2015-07-03,2015,7,1909848299809.0,-10.3575781496308
2015-07-06,2015,7,1773464633723.0,-15.0869812018894
2015-07-07,2015,7,1628871205006.0,-20.5190787268432
2015-07-08,2015,7,1458587384228.0,-28.3351607345832
2015-07-09,2015,7,1440577150516.0,-27.3771259604549
2015-07-10,2015,7,1440971833845.0,-24.5504559713403
2015-07-13,2015,7,1439814165520.0,-18.8134830466043
2015-07-14,2015,7,1441734892758.0,-11.4887114262241
2015-07-15,2015,7,1422630598569.0,-2.46517870974396
2015-07-16,2015,7,1421346607018.0,-1.33491937527343
2015-07-17,2015,7,1428394091721.0,-0.87286523085176
2015-07-20,2015,7,1427016719078.0,-0.888826263032227
2015-07-21,2015,7,1436086428876.0,-0.391782422023134
2015-07-22,2015,7,1439890525535.0,1.2132402454552382
2015-07-23,2015,7,1458821584538.0,2.636582613626026
2015-07-24,2015,7,1457885522745.0,2.0646564694528635
2015-07-27,2015,7,1430071643924.0,0.214077719283745
2015-07-28,2015,7,1382294654912.0,-3.74571981758102
2015-07-29,2015,7,1372395571721.0,-4.68750593305847
2015-07-30,2015,7,1371151168959.0,-6.00967359601857
2015-07-31,2015,7,1338657514461.0,-8.17814611805115
2015-08-03,2015,8,1297290077590.0,-9.28495903671359
2015-08-04,2015,8,1313013761179.0,-5.01202066338096
2015-08-05,2015,8,1312610897918.0,-4.35622753635304
2015-08-06,2015,8,1308805394139.0,-4.54696580737584
2015-08-07,2015,8,1317333373693.0,-1.59294969308008
2015-08-10,2015,8,1340543253597.0,3.334117538873982
2015-08-11,2015,8,1354355857760.0,3.1486415301449355
2015-08-12,2015,8,1358981114525.0,3.532670396120441
2015-08-13,2015,8,1372725238144.0,4.883831033340891
2015-08-14,2015,8,1377986683345.0,4.604249073411459
2015-08-17,2015,8,1392791662076.0,3.897554841203732
2015-08-18,2015,8,1372351945789.0,1.3287562442240386
2015-08-19,2015,8,1365360609774.0,0.4694322224801261
2015-08-20,2015,8,1357333875000.0,-1.12122679151801
2015-08-21,2015,8,1326930878609.0,-3.70510146092735
2015-08-24,2015,8,1248426787976.0,-10.3651449122562
2015-08-25,2015,8,1162920797798.0,-15.2607462417807
2015-08-26,2015,8,1110640669865.0,-18.6558728943529
2015-08-27,2015,8,1077571978155.0,-20.61113348733
2015-08-28,2015,8,1075380567992.0,-18.957303253105
2015-08-31,2015,8,1059200538423.0,-15.1571763258766
2015-09-01,2015,9,1015384099220.0,-12.6867366081475
2015-09-02,2015,9,962261505303.0,-13.3597813035277
2015-09-07,2015,9,978470652425.0,-9.1967244637968
2015-09-08,2015,9,976161300933.0,-9.22643294961771
2015-09-09,2015,9,990564373568.0,-6.47999716438867
2015-09-10,2015,9,987415947555.0,-2.75444057933196
2015-09-11,2015,9,984921458455.0,2.354864351023256
2015-09-14,2015,9,956423351957.0,-2.2532408522789
2015-09-15,2015,9,935603157802.0,-4.15486078911704
2015-09-16,2015,9,938159708312.0,-5.29038461854216
2015-09-17,2015,9,941249867231.0,-4.67544406572677
2015-09-18,2015,9,939110955767.0,-4.65118332987289
2015-09-21,2015,9,940835348077.0,-1.62982259353082
2015-09-22,2015,9,941437849797.0,0.6236289335221246
2015-09-23,2015,9,939911045347.0,0.1866779205590862
2015-09-24,2015,9,940141666993.0,-0.117737093685876
2015-09-25,2015,9,927560478199.0,-1.22993747406198
2015-09-28,2015,9,928701337672.0,-1.2897060500332
2015-09-29,2015,9,921076369199.0,-2.16280666879821
2015-09-30,2015,9,906709222436.0,-3.53244310462831
2015-10-08,2015,10,922405851998.0,-1.88650451497668
2015-10-09,2015,10,923764228545.0,-0.409272467211085
2015-10-12,2015,10,947978110243.0,2.075669732459051
2015-10-13,2015,10,952397880439.0,3.400533580862386
2015-10-14,2015,10,957786635069.0,5.633273751840018
2015-10-15,2015,10,969072348761.0,5.0592151667204766
2015-10-16,2015,10,972734772908.0,5.301195137219428
2015-10-19,2015,10,985157700718.0,3.92198828994792
2015-10-20,2015,10,996099451905.0,4.58858344433275
2015-10-21,2015,10,987995162143.0,3.153993380981324
2015-10-22,2015,10,1001241699038.0,3.319602537223343
2015-10-23,2015,10,1010596179504.0,3.89226412486654
2015-10-26,2015,10,1023964043936.0,3.9390996172203874
2015-10-27,2015,10,1030622638537.0,3.465837328388832
2015-10-28,2015,10,1028348811102.0,4.084397424727393
2015-10-29,2015,10,1035084828424.0,3.3801158519982444
2015-10-30,2015,10,1033100291104.0,2.226815424044548
2015-11-02,2015,11,1030599497465.0,0.6480162627091834
2015-11-03,2015,11,1031811725266.0,0.1153755685677548
2015-11-04,2015,11,1052424129318.0,2.341162644044914
2015-11-05,2015,11,1070478924542.0,3.4194391750375086
2015-11-06,2015,11,1083875555747.0,4.914843706871874
2015-11-09,2015,11,1117139277006.0,8.397032965168805
2015-11-10,2015,11,1138213026302.0,10.312084892093075
2015-11-11,2015,11,1152977768568.0,9.554478698161509
2015-11-12,2015,11,1166372899927.0,8.958044216146321
2015-11-13,2015,11,1167360478104.0,7.702445351252773
2015-11-16,2015,11,1180093606526.0,5.635316098519194
2015-11-17,2015,11,1197733882593.0,5.229324820185943
2015-11-18,2015,11,1198656019663.0,3.961763386967343
2015-11-19,2015,11,1212458654453.0,3.951202443822588
2015-11-20,2015,11,1222079364809.0,4.687402711617672
2015-11-23,2015,11,1218200057415.0,3.229104087868006
2015-11-24,2015,11,1220289069353.0,1.88315510547048
2015-11-25,2015,11,1222312804665.0,1.9736091600867312
2015-11-26,2015,11,1220528411384.0,0.6655696589209281
2015-11-27,2015,11,1197254592352.0,-2.03135517805588
2015-11-30,2015,11,1196159678040.0,-1.8092577849462
2015-12-01,2015,12,1198210141624.0,-1.80931947056661
2015-12-02,2015,12,1193909300293.0,-2.32375086504837
2015-12-03,2015,12,1188026675537.0,-2.662923332538
2015-12-04,2015,12,1167231467932.0,-2.50766416865603
2015-12-07,2015,12,1166357948745.0,-2.491450752113
2015-12-08,2015,12,1158642585046.0,-3.30222180596567
2015-12-09,2015,12,1157161477949.0,-3.07794087331271
2015-12-10,2015,12,1155095656526.0,-2.77190905634462
2015-12-11,2015,12,1154162655354.0,-1.11964189940442
2015-12-14,2015,12,1168316674219.0,0.167935193146107
2015-12-15,2015,12,1171543393798.0,1.113441618537414
2015-12-16,2015,12,1174623703272.0,1.5090569169266432
2015-12-17,2015,12,1173762264814.0,1.6160227235327618
2015-12-18,2015,12,1174133662406.0,1.7303459750111827
2015-12-21,2015,12,1183899417549.0,1.3337773630952343
2015-12-22,2015,12,1193618429378.0,1.8842695624304184
2015-12-23,2015,12,1205669080368.0,2.6430061822795503
2015-12-24,2015,12,1211116685963.0,3.182452040654016
2015-12-25,2015,12,1210662667059.0,3.111145334011267
2015-12-28,2015,12,1189419805978.0,0.4662886345893069
2015-12-29,2015,12,1189759031325.0,-0.323335997334683
2015-12-30,2015,12,1191321880462.0,-1.18997825685476
2015-12-31,2015,12,1174267216268.0,-3.04260275843691
2016-01-04,2016,1,1161528350290.0,-4.05846468268155
2016-01-05,2016,1,1140185523736.0,-4.13935281677246
2016-01-06,2016,1,1134357858336.0,-4.65650367262194
2016-01-07,2016,1,1122618921072.0,-5.76695186387046
2016-01-08,2016,1,1099107078765.0,-6.40059915339119
2016-01-11,2016,1,1064470706056.0,-8.3560288657412
2016-01-12,2016,1,1045086676220.0,-8.34064681021326
2016-01-13,2016,1,1026284770826.0,-9.52724810039518
2016-01-14,2016,1,1016519392944.0,-9.45107249989021
2016-01-15,2016,1,999723935507.0,-9.04217115676033
2016-01-18,2016,1,999173248683.0,-6.13426532092512
2016-01-19,2016,1,997716085388.0,-4.53269493429347
2016-01-20,2016,1,993867099380.0,-3.158740377674
2016-01-21,2016,1,985590549211.0,-3.04262210319719
2016-01-22,2016,1,981274019903.0,-1.8455010377083
2016-01-25,2016,1,977538427200.0,-2.16527229001743
2016-01-26,2016,1,953113655370.0,-4.47045313503737
2016-01-27,2016,1,931828507158.0,-6.24214165663611
2016-01-28,2016,1,915465547070.0,-7.11502379940002
2016-01-29,2016,1,909171532128.0,-7.34784436483169
2016-02-01,2016,2,899634634246.0,-7.96938419875142
2016-02-02,2016,2,900139493030.0,-5.55801105582055
2016-02-03,2016,2,894776569040.0,-3.97626149375975
2016-02-04,2016,2,890385018667.0,-2.739647437664
2016-02-05,2016,2,871745436517.0,-4.11650544352183
2016-02-15,2016,2,875150324991.0,-2.72158366552003
2016-02-16,2016,2,881039120042.0,-2.12193478187534
2016-02-17,2016,2,882538041469.0,-1.36777470426283
2016-02-18,2016,2,884890209515.0,-0.617127314229337
2016-02-19,2016,2,883864489957.0,1.3902055499620314
2016-02-22,2016,2,887361268466.0,1.3952966851866977
2016-02-23,2016,2,887081630744.0,0.6858390921065993
2016-02-24,2016,2,889292396741.0,0.7653330456732776
2016-02-25,2016,2,875543994098.0,-1.05620056776564
2016-02-26,2016,2,869678619372.0,-1.60498252234232
2016-02-29,2016,2,852968390752.0,-3.87585969054696
2016-03-01,2016,3,850484396541.0,-4.12557682795277
2016-03-02,2016,3,854661074744.0,-3.89425594145568
2016-03-03,2016,3,856571518172.0,-2.16693576266784
2016-03-04,2016,3,843536050762.0,-3.00600337040338
2016-03-07,2016,3,848057166522.0,-0.575780331750641
2016-03-08,2016,3,846170603338.0,-0.50721603130458
2016-03-09,2016,3,841728809774.0,-1.51314542713597
2016-03-10,2016,3,839069635519.0,-2.04324826143538
2016-03-11,2016,3,835734508015.0,-0.924861805248578
2016-03-14,2016,3,842907304443.0,-0.607254119450495
2016-03-15,2016,3,837597672820.0,-1.01314445150673
2016-03-16,2016,3,829148229627.0,-1.49461204142196
2016-03-17,2016,3,839605150581.0,0.0638224813925836
2016-03-18,2016,3,847401469660.0,1.3960129123674614
2016-03-21,2016,3,865511986243.0,2.6817517989047968
2016-03-22,2016,3,870141562907.0,3.8853844922267062
2016-03-23,2016,3,875526644995.0,5.593501102796039
2016-03-24,2016,3,875057328351.0,4.222482168608344
2016-03-25,2016,3,875895801620.0,3.36255399361447
2016-03-28,2016,3,877061442269.0,1.3344074038920797
2016-03-29,2016,3,875734334098.0,0.6427426788252033
2016-03-30,2016,3,880126125078.0,0.5253386757893885
2016-03-31,2016,3,880933348029.0,0.671501110569861
2016-04-01,2016,4,874158307418.0,-0.198367682409994
2016-04-05,2016,4,886625038422.0,1.0904134752815595
2016-04-06,2016,4,889623160545.0,1.5859634487558782
2016-04-07,2016,4,888985646498.0,1.0066195250385102
2016-04-08,2016,4,884610589347.0,0.4174256004983112
2016-04-11,2016,4,889878810965.0,1.7983588800332573
2016-04-12,2016,4,886224495358.0,-0.045176150756232
2016-04-13,2016,4,894679606636.0,0.568380671193669
2016-04-14,2016,4,897540133528.0,0.96227504501325
2016-04-15,2016,4,893885630176.0,1.048488559903693
2016-04-18,2016,4,892410708277.0,0.2845215866253081
2016-04-19,2016,4,893242326086.0,0.7918795705556647
2016-04-20,2016,4,880223928285.0,-1.61573799646036
2016-04-21,2016,4,876449365700.0,-2.34984119819774
2016-04-22,2016,4,872178847497.0,-2.4283624153043
2016-04-25,2016,4,870634390284.0,-2.44016771549548
2016-04-26,2016,4,869680094483.0,-2.63783196506649
2016-04-27,2016,4,867515107962.0,-1.44381672829111
2016-04-28,2016,4,866891421366.0,-1.09053012165355
2016-04-29,2016,4,859438894605.0,-1.46070418109329
2016-05-03,2016,5,868127469077.0,-0.2879419001795
2016-05-04,2016,5,869140710270.0,-0.0620209909852675
2016-05-05,2016,5,871717212586.0,0.4843840280628342
2016-05-06,2016,5,860276534915.0,-0.763058243277647
2016-05-09,2016,5,854423057984.0,-0.583617596607066
2016-05-10,2016,5,848484512985.0,-2.2626810913937
2016-05-11,2016,5,843605502795.0,-2.93798313360186
2016-05-12,2016,5,840533866330.0,-3.57723190568795
2016-05-13,2016,5,835231432523.0,-2.91128507817252
2016-05-16,2016,5,836696429888.0,-2.07468980739187
2016-05-17,2016,5,835363127331.0,-1.54644963498962
2016-05-18,2016,5,828390465944.0,-1.80357249930093
2016-05-19,2016,5,828961856535.0,-1.37674521617154
2016-05-20,2016,5,826797647485.0,-1.00975426805045
2016-05-23,2016,5,826831444882.0,-1.17903993056603
2016-05-24,2016,5,827017887053.0,-0.998995527210211
2016-05-25,2016,5,825633224628.0,-0.332843197665
2016-05-26,2016,5,825676849902.0,-0.396279588391568
2016-05-27,2016,5,822408804741.0,-0.530824290242026
2016-05-30,2016,5,820907765308.0,-0.716431336842227
2016-05-31,2016,5,829265048238.0,0.2717185710465752
2016-06-01,2016,6,832139149529.0,0.7879921382683452
2016-06-02,2016,6,837584201556.0,1.4421321919602326
2016-06-03,2016,6,836033635053.0,1.6566980111905272
2016-06-06,2016,6,839018298395.0,2.2061593095303422
2016-06-07,2016,6,840639132045.0,1.3715860605927332
2016-06-08,2016,6,837182364984.0,0.6060543429370568
2016-06-13,2016,6,833195399425.0,-0.523983394487004
2016-06-14,2016,6,831338638172.0,-0.561579903505005
2016-06-15,2016,6,839268269169.0,0.0297932446143622
2016-06-16,2016,6,838628114780.0,-0.239224797935333
2016-06-17,2016,6,836382961053.0,-0.0954874307481756
2016-06-20,2016,6,838396697951.0,0.6242591509254103
2016-06-21,2016,6,836999189592.0,0.6808959863151332
2016-06-22,2016,6,839810805600.0,0.0646439822557853
2016-06-23,2016,6,839465753520.0,0.0998820246110865
2016-06-24,2016,6,837463956644.0,0.1292464865184417
2016-06-27,2016,6,844886284408.0,0.7740472347828042
2016-06-28,2016,6,848505153144.0,1.374668422033798
2016-06-29,2016,6,852518030517.0,1.5131056700230738
2016-06-30,2016,6,853583546226.0,1.6817592196944453
2016-07-01,2016,7,851051104027.0,1.622415779832287
2016-07-04,2016,7,859800881260.0,1.765278609351606
2016-07-05,2016,7,863292592137.0,1.7427636047002704
2016-07-06,2016,7,866488196855.0,1.6386945305459255
2016-07-07,2016,7,870167746650.0,1.942891296033622
2016-07-08,2016,7,866307101857.0,1.7926065494553445
2016-07-11,2016,7,868350360575.0,0.9943557283252692
2016-07-12,2016,7,873341384075.0,1.164007664322142
2016-07-13,2016,7,875343237328.0,1.021945885141906
2016-07-14,2016,7,876879592594.0,0.771327823840795
2016-07-15,2016,7,875097236111.0,1.0146672277253188
2016-07-18,2016,7,879439916137.0,1.277083083682573
2016-07-19,2016,7,884291540768.0,1.253823177587976
2016-07-20,2016,7,885375780364.0,1.1461267544174536
2016-07-21,2016,7,886275777094.0,1.071547858948807
2016-07-22,2016,7,883393629558.0,0.948053896715506
2016-07-25,2016,7,885404081250.0,0.6781776678045359
2016-07-26,2016,7,887447445013.0,0.3568850429417347
2016-07-27,2016,7,875902337044.0,-1.0699912432781
2016-07-28,2016,7,872065219189.0,-1.60340136470781
2016-07-29,2016,7,866891739555.0,-1.86801098070591
2016-08-01,2016,8,863209343763.0,-2.50673539426945
2016-08-02,2016,8,862414684235.0,-2.82075980033198
2016-08-03,2016,8,862555130692.0,-1.52382358026857
2016-08-04,2016,8,864302376063.0,-0.890167725439072
2016-08-05,2016,8,861289561450.0,-0.646237338456556
2016-08-08,2016,8,864563846756.0,0.1569147742418231
2016-08-09,2016,8,867608451824.0,0.6022355235761223
2016-08-10,2016,8,871225646560.0,1.0052129492342132
2016-08-11,2016,8,871755209094.0,0.8622946363920247
2016-08-12,2016,8,869122998067.0,0.9095009352966256
2016-08-15,2016,8,880332424020.0,1.8238765503746808
2016-08-16,2016,8,890157069269.0,2.598939348457852
2016-08-17,2016,8,893434885817.0,2.549194843459013
2016-08-18,2016,8,897799034569.0,2.9875158993391
2016-08-19,2016,8,897630339588.0,3.2800123324779884
2016-08-22,2016,8,899259655906.0,2.1500096292681903
2016-08-23,2016,8,899869468905.0,1.0910883001778338
2016-08-24,2016,8,901129377946.0,0.8612258432201036
2016-08-25,2016,8,901327597673.0,0.39302371334069
2016-08-26,2016,8,899061241489.0,0.1594088165131291
2016-08-29,2016,8,901352333015.0,0.2327111079937882
2016-08-30,2016,8,901577289435.0,0.1897853621012579
2016-08-31,2016,8,903589007277.0,0.272949633115549
2016-09-01,2016,9,903020302902.0,0.1878013314326798
2016-09-02,2016,9,899493547148.0,0.0480841169711698
2016-09-05,2016,9,899932711295.0,-0.157499089756762
2016-09-06,2016,9,906272521081.0,0.5207797158402805
2016-09-07,2016,9,906398602755.0,0.3109373238688206
2016-09-08,2016,9,907785668163.0,0.5277140774892608
2016-09-09,2016,9,904244792113.0,0.528213346284101
2016-09-12,2016,9,900960009949.0,0.114152829551184
2016-09-13,2016,9,899690007874.0,-0.726328235037776
2016-09-14,2016,9,893094094525.0,-1.46784297654044
2016-09-19,2016,9,895858407930.0,-1.31388505583438
2016-09-20,2016,9,896609943698.0,-0.844334242407873
2016-09-21,2016,9,897469650302.0,-0.387404502803356
2016-09-22,2016,9,896028197422.0,-0.407008016089116
2016-09-23,2016,9,891738636040.0,-0.151771072422213
2016-09-26,2016,9,891080116157.0,-0.533375780224121
2016-09-27,2016,9,890313806911.0,-0.702215810927997
2016-09-28,2016,9,888592886806.0,-0.989087875340732
2016-09-29,2016,9,885798803126.0,-1.14163754281745
2016-09-30,2016,9,871779174315.0,-2.23826364792661
2016-10-10,2016,10,881785983901.0,-1.04301870140287
2016-10-11,2016,10,886625048187.0,-0.414321186009503
2016-10-12,2016,10,891075265270.0,0.2793606049360519
2016-10-13,2016,10,894422538829.0,0.9735546799754856
2016-10-14,2016,10,893601655298.0,2.5032120089524934
2016-10-17,2016,10,895680081947.0,1.5756768988925085
2016-10-18,2016,10,901381708674.0,1.664363139432501
2016-10-19,2016,10,903009680335.0,1.3393273868267164
2016-10-20,2016,10,904539611223.0,1.131128963637873
2016-10-21,2016,10,902285203308.0,0.9717470819930574
2016-10-24,2016,10,908775524752.0,1.4620669889781943
2016-10-25,2016,10,912408373008.0,1.2233068663242586
2016-10-26,2016,10,914701114243.0,1.2947185575754585
2016-10-27,2016,10,916269639667.0,1.296795441400311
2016-10-28,2016,10,909852902067.0,0.8387257965945638
2016-10-31,2016,10,911605653164.0,0.3114221647608994
2016-11-01,2016,11,914710426604.0,0.25230518089292
2016-11-02,2016,11,914098284401.0,-0.0659045706420613
2016-11-03,2016,11,921146705276.0,0.5322740597159203
2016-11-04,2016,11,919045740758.0,1.0103653755585862
2016-11-07,2016,11,921794428736.0,1.117673583598
2016-11-08,2016,11,923282567762.0,0.937142609145214
2016-11-09,2016,11,926906263020.0,1.401159901245519
2016-11-10,2016,11,932899562289.0,1.2758941594953166
2016-11-11,2016,11,932909741170.0,1.5085212625614686
2016-11-14,2016,11,941135695947.0,2.098219148223923
2016-11-15,2016,11,945971171015.0,2.457384558661846
2016-11-16,2016,11,949726625836.0,2.4619925149332644
2016-11-17,2016,11,950395450211.0,1.8754310355845183
2016-11-18,2016,11,948102978323.0,1.628585969522156
2016-11-21,2016,11,954387493779.0,1.4080645213085496
2016-11-22,2016,11,960866895505.0,1.574648884280205
2016-11-23,2016,11,960617228774.0,1.1467092362934972
2016-11-24,2016,11,961352968820.0,1.152943083488811
2016-11-25,2016,11,960317054178.0,1.288264685826035
2016-11-28,2016,11,968541874404.0,1.4830852999712096
2016-11-29,2016,11,971555985503.0,1.1124423214083246
2016-11-30,2016,11,976679121546.0,1.672038798689801
2016-12-01,2016,12,974356213907.0,1.3525984220926324
2016-12-02,2016,12,969652640490.0,0.9721358452798644
2016-12-05,2016,12,967979760429.0,-0.0580371370464405
2016-12-06,2016,12,967961212942.0,-0.37000158659296
2016-12-07,2016,12,969621630742.0,-0.722600765011605
2016-12-08,2016,12,969518641771.0,-0.496489073190409
2016-12-09,2016,12,966344799771.0,-0.341136669037323
2016-12-12,2016,12,954578322133.0,-1.38447505245983
2016-12-13,2016,12,952890192584.0,-1.55698597800147
2016-12-14,2016,12,953303377381.0,-1.68295063183692
2016-12-15,2016,12,955984151592.0,-1.39600102523833
2016-12-16,2016,12,952257198683.0,-1.45782344887025
2016-12-19,2016,12,951330699014.0,-0.340215469354387
2016-12-20,2016,12,952479070296.0,-0.0431447706356502
2016-12-21,2016,12,952635757577.0,-0.0700322499469274
2016-12-22,2016,12,951436622995.0,-0.475690793558347
2016-12-23,2016,12,945989246659.0,-0.658220492601024
2016-12-26,2016,12,947374194041.0,-0.415891653354683
2016-12-27,2016,12,947879854406.0,-0.482867921556606
2016-12-28,2016,12,948198854539.0,-0.465750209637849
2016-12-29,2016,12,947436859626.0,-0.420391991681934
2016-12-30,2016,12,939248618683.0,-0.712548054833206
2017-01-03,2017,1,939204815284.0,-0.862318058522759
2017-01-04,2017,1,938038251301.0,-1.03827537416831
2017-01-05,2017,1,936537794141.0,-1.22981169426421
2017-01-06,2017,1,932895902661.0,-1.5347679180162
2017-01-09,2017,1,933216819100.0,-0.642194139338492
2017-01-10,2017,1,931604398276.0,-0.809239569933606
2017-01-11,2017,1,929460771122.0,-0.914406226729414
2017-01-12,2017,1,927320036482.0,-0.984237658818099
2017-01-13,2017,1,920276144076.0,-1.35275099279601
2017-01-16,2017,1,902851152227.0,-3.25387051020842
2017-01-17,2017,1,901234117611.0,-3.25999756132564
2017-01-18,2017,1,898047860981.0,-3.37969187264136
2017-01-19,2017,1,895997667324.0,-3.37773022535224
2017-01-20,2017,1,892139730096.0,-3.05738817213938
2017-01-23,2017,1,889560021479.0,-1.47212867981789
2017-01-24,2017,1,885134726948.0,-1.78637163733619
2017-01-25,2017,1,881478659758.0,-1.8450242957987
2017-01-26,2017,1,867980850461.0,-3.12688502266701
2017-02-03,2017,2,872739353468.0,-2.17458946996031
2017-02-06,2017,2,877625929149.0,-1.34157246749445
2017-02-07,2017,2,878133081571.0,-0.791025949365031
2017-02-08,2017,2,881058112730.0,-0.0477092693446978
2017-02-09,2017,2,884893204350.0,1.9484708539384776
2017-02-10,2017,2,883174641064.0,1.1956934856361512
2017-02-13,2017,2,888583297388.0,1.2485237588211406
2017-02-14,2017,2,890301855835.0,1.385755134316291
2017-02-15,2017,2,892803891086.0,1.3331445663220975
2017-02-16,2017,2,895912200970.0,1.245234630103642
2017-02-17,2017,2,894518765236.0,1.2844712296464111
2017-02-20,2017,2,899453014697.0,1.223263743641323
2017-02-21,2017,2,900785093385.0,1.1774924966508005
2017-02-22,2017,2,902622423202.0,1.099741187737968
2017-02-23,2017,2,905721381142.0,1.0948818602291244
2017-02-24,2017,2,905450333484.0,1.2220613667188962
2017-02-27,2017,2,908207846064.0,0.973350605751122
2017-02-28,2017,2,910406972704.0,1.06816591323049
2017-03-01,2017,3,911414266991.0,0.9740333901534948
2017-03-02,2017,3,912381623842.0,0.7353522660138889
2017-03-03,2017,3,909671181962.0,0.4661601329096543
2017-03-06,2017,3,913176874274.0,0.5471245631200938
2017-03-07,2017,3,913715423998.0,0.3634035539263891
2017-03-08,2017,3,914101826106.0,0.294877885099698
2017-03-09,2017,3,913255072244.0,0.0957327919782091
2017-03-10,2017,3,531307351982.0,-41.5934721779287
2017-03-13,2017,3,531307351982.0,-41.5934721779287
2017-03-14,2017,3,913303262486.0,0.0138404963551552
2017-03-15,2017,3,914261089317.0,0.0597193945367058
2017-03-16,2017,3,921225989176.0,0.7793620870826024
2017-03-17,2017,3,536350925145.0,-41.2704137709185
2017-03-20,2017,3,922819346436.0,73.68842027001801
2017-03-21,2017,3,924584670627.0,1.2352313414814908
2017-03-22,2017,3,926226562548.0,1.3087588841759423
2017-03-23,2017,3,926928737454.0,0.6190390137712942
2017-03-24,2017,3,541621080542.0,0.9825946315978218
2017-03-27,2017,3,930566121808.0,0.8394682449949231
2017-03-28,2017,3,931504179506.0,0.7483910450632569
2017-03-29,2017,3,931508250807.0,0.5702371830570652
2017-03-30,2017,3,929960655155.0,0.3270928582199017
2017-03-31,2017,3,922230035105.0,70.27218257127747
2017-04-05,2017,4,927514826977.0,-0.327896616854228
2017-04-06,2017,4,928638023140.0,-0.307691197641213
2017-04-07,2017,4,925948407713.0,-0.596864610612235
2017-04-10,2017,4,930264204476.0,0.0326410928588538
2017-04-11,2017,4,935534272520.0,1.4426159318792209
2017-04-12,2017,4,937347577957.0,1.0601179295480767
2017-04-13,2017,4,940763213011.0,1.305696037515358
2017-04-14,2017,4,937300775686.0,1.2260259727687517
2017-04-17,2017,4,938998879292.0,0.9389455999675
2017-04-18,2017,4,937439919769.0,0.20369614507727
2017-04-19,2017,4,934205869200.0,-0.335170093877823
2017-04-20,2017,4,931218283951.0,-1.01459420691532
2017-04-21,2017,4,922912763016.0,-1.53504755818318
2017-04-24,2017,4,917426347601.0,-2.29739695826534
2017-04-25,2017,4,915483780999.0,-2.34213823275313
2017-04-26,2017,4,914558950329.0,-2.10306095462925
2017-04-27,2017,4,914863438249.0,-1.75628485650101
2017-04-28,2017,4,909228085943.0,-1.48277037889037
2017-05-02,2017,5,911033655943.0,-0.696807070640215
2017-05-03,2017,5,911945308112.0,-0.386513989700476
2017-05-04,2017,5,913667870244.0,-0.0974327663273544
2017-05-05,2017,5,907859523385.0,-0.765569435959223
2017-05-08,2017,5,903029248062.0,-0.681769291648193
2017-05-09,2017,5,901131643318.0,-1.08689866289852
2017-05-10,2017,5,895744128389.0,-1.77655168340536
2017-05-11,2017,5,887671323788.0,-2.84529502488223
2017-05-12,2017,5,882305571091.0,-2.81474739602012
2017-05-15,2017,5,880074072772.0,-2.54201902532662
2017-05-16,2017,5,882906993389.0,-2.02241815212438
2017-05-17,2017,5,883642738205.0,-1.35098738584693
2017-05-18,2017,5,884425247311.0,-0.365684503938668
2017-05-19,2017,5,881558482230.0,-0.0846746167630141
2017-05-22,2017,5,881089452575.0,0.1153743570472265
2017-05-23,2017,5,876355516538.0,-0.742034766974997
2017-05-24,2017,5,875613232510.0,-0.90868236084991
2017-05-25,2017,5,875489874925.0,-1.01030272633747
2017-05-26,2017,5,868633231767.0,-1.46618184993287
2017-05-31,2017,5,869624709148.0,-1.30120084782471
2017-06-01,2017,6,864628262799.0,-1.33818450591011
2017-06-02,2017,6,862531260633.0,-1.49403542469312
2017-06-05,2017,6,863654770450.0,-1.35182653894356
2017-06-06,2017,6,862679401278.0,-0.685425133561667
2017-06-07,2017,6,866039227396.0,-0.412302193610947
2017-06-08,2017,6,866833462267.0,0.2550459617016498
2017-06-09,2017,6,865121508691.0,0.3003077310031798
2017-06-12,2017,6,867149437390.0,0.4046370215936123
2017-06-13,2017,6,869674952409.0,0.8109097215763583
2017-06-14,2017,6,869930217994.0,0.4492857222760493
2017-06-15,2017,6,873114945708.0,0.7246470878699451
2017-06-16,2017,6,869832163815.0,0.5445079190237179
2017-06-19,2017,6,871833029179.0,0.5401135706317284
2017-06-20,2017,6,871855347438.0,0.2507137894405709
2017-06-21,2017,6,873234699014.0,0.3798558725342182
2017-06-22,2017,6,873852594175.0,0.0844846913486074
2017-06-23,2017,6,871194089854.0,0.1565734282607644
2017-06-26,2017,6,876566979455.0,0.5429881775020462
2017-06-27,2017,6,878708018642.0,0.7859871736908053
2017-06-28,2017,6,881804286993.0,0.981361366958522
2017-06-29,2017,6,882782878699.0,1.021944042224998
2017-06-30,2017,6,879862204233.0,0.9949693736389652
2017-07-03,2017,7,881644514510.0,0.5792523759173385
2017-07-04,2017,7,883362059317.0,0.5296458637298551
2017-07-05,2017,7,885237964568.0,0.3893922524134119
2017-07-06,2017,7,885893920466.0,0.3524130159371585
2017-07-07,2017,7,884359434543.0,0.5111289345495207
2017-07-10,2017,7,887331608443.0,0.6450552166323842
2017-07-11,2017,7,887466236105.0,0.4646086782551295
2017-07-12,2017,7,888904954525.0,0.4142377647336381
2017-07-13,2017,7,889575555866.0,0.4155842268410037
2017-07-14,2017,7,885268752588.0,0.1028222247066112
2017-07-17,2017,7,880509129006.0,-0.768875961600357
2017-07-18,2017,7,880387295885.0,-0.797657412981567
2017-07-19,2017,7,883021576655.0,-0.661868047877389
2017-07-20,2017,7,884207778301.0,-0.603408842520913
2017-07-21,2017,7,882938627936.0,-0.263210990469064
2017-07-24,2017,7,889016624997.0,0.966201906458819
2017-07-25,2017,7,892577513031.0,1.3846425548140084
2017-07-26,2017,7,895064571914.0,1.3638392965005908
2017-07-27,2017,7,898476910171.0,1.613775881661894
2017-07-28,2017,7,895478710761.0,1.4202666446154089
2017-07-31,2017,7,901060536823.0,1.354745399282109
2017-08-01,2017,8,902616965204.0,1.1247709052077948
2017-08-02,2017,8,906212230573.0,1.2454585969325027
2017-08-03,2017,8,910012329527.0,1.2838860103599803
2017-08-04,2017,8,906761928336.0,1.2600207508463468
2017-08-07,2017,8,909925704088.0,0.9838592306192108
2017-08-08,2017,8,909307128342.0,0.7411962544364492
2017-08-09,2017,8,913190834509.0,0.7700849426394818
2017-08-10,2017,8,913452179644.0,0.3780003858615766
2017-08-11,2017,8,909398559561.0,0.2907743634361193
2017-08-14,2017,8,914498285235.0,0.5025224725993427
2017-08-15,2017,8,917274925701.0,0.8762493013255268
2017-08-16,2017,8,919703962336.0,0.7132274636223235
2017-08-17,2017,8,922808482653.0,1.024279455181376
2017-08-18,2017,8,920751343876.0,1.2483838022000482
2017-08-21,2017,8,924203553648.0,1.061266988653342
2017-08-22,2017,8,926450807188.0,1.0003414712320469
2017-08-23,2017,8,927252551561.0,0.8207629339583411
2017-08-24,2017,8,928528986564.0,0.6199015308738787
2017-08-25,2017,8,927444909873.0,0.7269678226938803
2017-08-28,2017,8,934322132248.0,1.094843074348728
2017-08-29,2017,8,937928933142.0,1.2389352856023494
2017-08-30,2017,8,940123570670.0,1.3880812824221378
2017-08-31,2017,8,946410200460.0,1.9257572089557584
2017-09-01,2017,9,947765938901.0,2.191076667915804
2017-09-04,2017,9,953483782569.0,2.0508612243720137
2017-09-05,2017,9,956823155499.0,2.01446204391047
2017-09-06,2017,9,961984084740.0,2.325280926040452
2017-09-07,2017,9,965019095008.0,1.966260986933066
2017-09-08,2017,9,965585588000.0,1.880174035338622
2017-09-11,2017,9,973716530866.0,2.1219813768081464
2017-09-12,2017,9,978376242981.0,2.252567505095504
2017-09-13,2017,9,981869035687.0,2.0670769155577418
2017-09-14,2017,9,401540118164.0,-58.3904484127672
2017-09-15,2017,9,983457104554.0,1.8508474832372943
2017-09-18,2017,9,989004193780.0,1.5700321838434397
2017-09-19,2017,9,991969161107.0,1.3893344430138566
2017-09-20,2017,9,997661634579.0,1.6084221335027848
2017-09-21,2017,9,995166846298.0,147.8374641239575
2017-09-22,2017,9,991559590822.0,0.823877953647445
2017-09-25,2017,9,989052642913.0,0.0048987793282107
2017-09-26,2017,9,988163375709.0,-0.383659648627876
2017-09-27,2017,9,987227896055.0,-1.04581936022857
2017-09-28,2017,9,984834307975.0,-1.03827196026845
2017-09-29,2017,9,969498304692.0,-2.22490774474898
2017-10-09,2017,10,985871663749.0,-0.321618792163702
2017-10-10,2017,10,992582462615.0,0.4472020532869214
2017-10-11,2017,10,994646929530.0,0.7515016041024225
2017-10-12,2017,10,994987461453.0,1.030950424429955
2017-10-13,2017,10,993986090032.0,2.5258203363005998
2017-10-16,2017,10,995250446494.0,0.9513188267664674
2017-10-17,2017,10,994811039365.0,0.2245230833646472
2017-10-18,2017,10,991435199465.0,-0.322901521097307
2017-10-19,2017,10,988293240316.0,-0.672794522176622
2017-10-20,2017,10,986467898620.0,-0.756367869469676
2017-10-23,2017,10,990150346423.0,-0.512443886758984
2017-10-24,2017,10,987210656121.0,-0.764002704357946
2017-10-25,2017,10,989253738298.0,-0.220030635202095
2017-10-26,2017,10,996788829343.0,0.859622294318596
2017-10-27,2017,10,996919663901.0,1.0595139786729213
2017-10-30,2017,10,997208998252.0,0.7128868716250958
2017-10-31,2017,10,999443040784.0,1.239085557591535
2017-11-01,2017,11,1005108894925.0,1.6027391166879568
2017-11-02,2017,11,1004406059892.0,0.7641769575227553
2017-11-03,2017,11,1000000432654.0,0.3090287878307896
2017-11-06,2017,11,1006508466480.0,0.9325495702807496
2017-11-07,2017,11,1012394027952.0,1.2958204359340808
2017-11-08,2017,11,1017620758278.0,1.244826646761843
2017-11-09,2017,11,1021211846791.0,1.6732064421044024
2017-11-10,2017,11,1023076263590.0,2.307582095215377
2017-11-13,2017,11,1032217352986.0,2.5542643069769837
2017-11-14,2017,11,1036398809155.0,2.371090755203276
2017-11-15,2017,11,1037731566539.0,1.976257667446868
2017-11-16,2017,11,1040205745505.0,1.859937169127579
2017-11-17,2017,11,1028021835240.0,0.4834020518319715
2017-11-20,2017,11,1029151607915.0,-0.297005767451152
2017-11-21,2017,11,1036715566107.0,0.0305632300232172
2017-11-22,2017,11,1039517153876.0,0.1720663989200233
2017-11-23,2017,11,1036842685692.0,-0.323307175290332
2017-11-24,2017,11,1029864691853.0,0.1792623998662312
2017-11-27,2017,11,1025873318293.0,-0.318542923781817
2017-11-28,2017,11,1027750727907.0,-0.864734599641836
2017-11-29,2017,11,1030004330442.0,-0.915119428143151
2017-11-30,2017,11,1028827898365.0,-0.772999360230897
2017-12-01,2017,12,1026666482774.0,-0.310546531432742
2017-12-04,2017,12,1025776049316.0,-0.00948157781917036
2017-12-05,2017,12,1012436410647.0,-1.4900808964823
2017-12-06,2017,12,1013067452735.0,-1.64435014556997
2017-12-07,2017,12,1013632596836.0,-1.47695271027818
2017-12-08,2017,12,1013770607121.0,-1.25609200936959
2017-12-11,2017,12,1015699220101.0,-0.982361522451158
2017-12-12,2017,12,1017064317580.0,0.4571059361686336
2017-12-13,2017,12,1020109028721.0,0.6950747422582504
2017-12-14,2017,12,1022629458655.0,0.887586078731406
2017-12-15,2017,12,1019093028362.0,0.5250123848150601
2017-12-18,2017,12,1020037315218.0,0.4271043071755631
2017-12-19,2017,12,1021458108649.0,0.4320071988617835
2017-12-20,2017,12,1020645775330.0,0.0526165923335542
2017-12-21,2017,12,1021961075846.0,-0.0653592367541477
2017-12-22,2017,12,1020907272362.0,0.1780253568132161
2017-12-25,2017,12,1023754111768.0,0.3643784883698764
2017-12-26,2017,12,1026376462230.0,0.4815032099069638
2017-12-27,2017,12,1028038104502.0,0.7242796032354892
2017-12-28,2017,12,1031614945581.0,0.9446416270803892
2017-12-29,2017,12,1026263673568.0,0.5246706876332885
2018-01-02,2018,1,1029809119322.0,0.5914513538356481
2018-01-03,2018,1,1031647898421.0,0.513596753723955
2018-01-04,2018,1,1033927764800.0,0.5729029179179168
2018-01-05,2018,1,1033775270107.0,0.2094119065697786
2018-01-08,2018,1,1039437475607.0,1.2836664083800908
2018-01-09,2018,1,1042996350535.0,1.2805510230558204
2018-01-10,2018,1,1047746910861.0,1.5605142476072142
2018-01-11,2018,1,1050831308603.0,1.6348863410462489
2018-01-12,2018,1,1048681954458.0,1.4419656555971772
2018-01-15,2018,1,1050651914225.0,1.078894967823918
2018-01-16,2018,1,1056023868038.0,1.2490472757951343
2018-01-17,2018,1,1058041434638.0,0.9825391676450136
2018-01-18,2018,1,1065423433332.0,1.3886267576476374
2018-01-19,2018,1,1066509068157.0,1.69995427338252
2018-01-22,2018,1,1071700322869.0,2.0033665154958635
2018-01-23,2018,1,1076934440142.0,1.9801230575261508
2018-01-24,2018,1,1081356645329.0,2.2036198137152407
2018-01-25,2018,1,1081784801586.0,1.5356681430247487
2018-01-26,2018,1,1079541935712.0,1.22201188382971
2018-01-29,2018,1,1083190474024.0,1.0721421753648652
2018-01-30,2018,1,1083408049978.0,0.6011145706461329
2018-01-31,2018,1,1079295002891.0,-0.19065332856698
2018-02-01,2018,2,1066959509179.0,-1.37044746656309
2018-02-02,2018,2,1057745189952.0,-2.01907355693636
2018-02-05,2018,2,1055981274264.0,-2.5119496905211
2018-02-06,2018,2,1039606840293.0,-4.04290975001426
2018-02-07,2018,2,1034008350378.0,-4.195947576121
2018-02-08,2018,2,1030547776294.0,-3.41266304594988
2018-02-09,2018,2,1012268820987.0,-4.29936901599747
2018-02-12,2018,2,1004993831367.0,-4.8284419562778
2018-02-13,2018,2,995970676773.0,-4.19737172061138
2018-02-14,2018,2,981839972293.0,-5.04525694264741
2018-02-22,2018,2,987609705036.0,-4.16652893206092
2018-02-23,2018,2,987800315890.0,-2.41719438450571
2018-02-26,2018,2,993024177698.0,-1.19101762572202
2018-02-27,2018,2,993908542964.0,-0.207047642776136
2018-02-28,2018,2,995466929371.0,1.3879000104442207
2018-03-01,2018,3,998522444722.0,1.1049648085021735
2018-03-02,2018,3,997583849382.0,0.9904363599221088
2018-03-05,2018,3,997407283176.0,0.4413896032381403
2018-03-06,2018,3,1000749489466.0,0.6882873228555964
2018-03-07,2018,3,999935934025.0,0.4489355218283197
2018-03-08,2018,3,1000756445162.0,0.2237306183560106
2018-03-09,2018,3,1000103870836.0,0.2526124952364705
2018-03-12,2018,3,1005528473399.0,0.8142300903538624
2018-03-13,2018,3,1005704850335.0,0.4951649659740598
2018-03-14,2018,3,1007646534389.0,0.7711094382780059
2018-03-15,2018,3,1008944715264.0,0.8182080806558689
2018-03-16,2018,3,1006243550843.0,0.6139042339539991
2018-03-19,2018,3,1007885374568.0,0.2343942743891602
2018-03-20,2018,3,1008381398600.0,0.2661365572721008
2018-03-21,2018,3,1010610662418.0,0.2941634717969155
2018-03-22,2018,3,1011100352000.0,0.2136526118218462
2018-03-23,2018,3,994576592851.0,-1.1594566725149
2018-03-26,2018,3,998806255573.0,-0.90080868559994
2018-03-27,2018,3,1001272590679.0,-0.704972139596149
2018-03-28,2018,3,1000985341953.0,-0.952426173890774
2018-03-29,2018,3,1003220349227.0,-0.779349226554315
2018-03-30,2018,3,1001008565060.0,0.6467045630505375
2018-04-02,2018,4,1004247198992.0,0.5447446277635271
2018-04-03,2018,4,1003864698758.0,0.2588813578969784
2018-04-04,2018,4,997686132815.0,-0.329596148886957
2018-04-09,2018,4,1000949626802.0,-0.226343337906731
2018-04-10,2018,4,1000175621456.0,-0.0832104372603503
2018-04-11,2018,4,1000923070614.0,-0.331006985265835
2018-04-12,2018,4,1001091807406.0,-0.276221621841132
2018-04-13,2018,4,999606039401.0,0.1924359297831301
2018-04-16,2018,4,1001176854388.0,0.0227012009311522
2018-04-17,2018,4,998646464012.0,-0.152888893829861
2018-04-18,2018,4,998644198210.0,-0.227677078379462
2018-04-19,2018,4,996817718477.0,-0.426942753639636
2018-04-20,2018,4,991492870959.0,-0.811636597039944
2018-04-23,2018,4,992683168280.0,-0.84837020260442
2018-04-24,2018,4,991231157469.0,-0.742535703096514
2018-04-25,2018,4,992435811718.0,-0.621681526125927
2018-04-26,2018,4,991392856205.0,-0.544218082347935
2018-04-27,2018,4,984043869141.0,-0.751291515671226
2018-05-02,2018,5,983490500645.0,-0.926042460347942
2018-05-03,2018,5,982514588958.0,-0.879367889651172
2018-05-04,2018,5,980226351447.0,-1.23025188398474
2018-05-07,2018,5,982767867433.0,-0.86998698023869
2018-05-08,2018,5,984240409657.0,0.0199727392409476
2018-05-09,2018,5,986543068115.0,0.3103809816157987
2018-05-10,2018,5,988794619021.0,0.6391793194297835
2018-05-11,2018,5,985012604182.0,0.4882803576882644
2018-05-14,2018,5,985999593615.0,0.3288392192188016
2018-05-15,2018,5,987047646112.0,0.2852185733746015
2018-05-16,2018,5,987573414004.0,0.1044400312870896
2018-05-17,2018,5,989388516504.0,0.0600627745717341
2018-05-18,2018,5,987579026147.0,0.2605471193062758
2018-05-21,2018,5,991050275205.0,0.5122397232926401
2018-05-22,2018,5,994963870531.0,0.8020103639557963
2018-05-23,2018,5,996908217003.0,0.9452262349948448
2018-05-24,2018,5,998625005219.0,0.9335552779242916
2018-05-25,2018,5,995051283342.0,0.7566237229796879
2018-05-28,2018,5,995739814017.0,0.4731887906524123
2018-05-29,2018,5,994485885627.0,-0.0480404282162449
2018-05-30,2018,5,989837772467.0,-0.709237261305339
2018-05-31,2018,5,989176810889.0,-0.946120343534562
2018-06-01,2018,6,984614607863.0,-1.04885804919995
2018-06-04,2018,6,982199780580.0,-1.35979632896037
2018-06-05,2018,6,982437813473.0,-1.21148749601448
2018-06-06,2018,6,981890441736.0,-0.802892246796427
2018-06-07,2018,6,981927557661.0,-0.732857174591961
2018-06-08,2018,6,978367711973.0,-0.634450864339519
2018-06-11,2018,6,976907629183.0,-0.538806004810443
2018-06-12,2018,6,976858332586.0,-0.567922041526081
2018-06-13,2018,6,974136301934.0,-0.789715376828659
2018-06-14,2018,6,973906980837.0,-0.816819607660812
2018-06-15,2018,6,965355501833.0,-1.32999177924211
2018-06-19,2018,6,943867699209.0,-3.38209355593135
2018-06-20,2018,6,937824314937.0,-3.99587292721009
2018-06-21,2018,6,930549872819.0,-4.47436657770229
2018-06-22,2018,6,925459607172.0,-4.9745380840543
2018-06-25,2018,6,923675537952.0,-4.31757666495491
2018-06-26,2018,6,924118637281.0,-2.09235488665948
2018-06-27,2018,6,922835733889.0,-1.59822909358101
2018-06-28,2018,6,920710552337.0,-1.05736627013798
2018-06-29,2018,6,919382401137.0,-0.656668966198381
2018-07-02,2018,7,917529492741.0,-0.665390059438753
2018-07-03,2018,7,919149203485.0,-0.537748466000143
2018-07-04,2018,7,913758412845.0,-0.98363345833462
2018-07-05,2018,7,908871937684.0,-1.28581285648899
2018-07-06,2018,7,905352951248.0,-1.52596459010415
2018-07-09,2018,7,903819574864.0,-1.49422094717014
2018-07-10,2018,7,903306640977.0,-1.72361162343742
2018-07-11,2018,7,898856769869.0,-1.6308077459559
2018-07-12,2018,7,901184057199.0,-0.845870596972153
2018-07-13,2018,7,897462453198.0,-0.871538336416
2018-07-16,2018,7,897852815743.0,-0.660171486316596
2018-07-17,2018,7,898661342679.0,-0.514254859565266
2018-07-18,2018,7,897975233906.0,-0.0980730181437516
2018-07-19,2018,7,896136220808.0,-0.560133787396255
2018-07-20,2018,7,893646813256.0,-0.425158727075813
2018-07-23,2018,7,892270567345.0,-0.621733128205481
2018-07-24,2018,7,892101085402.0,-0.730003279927815
2018-07-25,2018,7,893279126797.0,-0.522966216849096
2018-07-26,2018,7,895261812085.0,-0.0975754246616222
2018-07-27,2018,7,892450297565.0,-0.133891339761005
2018-07-30,2018,7,892309331718.0,0.004344463934891
2018-07-31,2018,7,891739924552.0,-0.0404842966688301
2018-08-01,2018,8,538458255682.0,-39.7211644681846
2018-08-02,2018,8,537204215877.0,-39.9947357716632
2018-08-03,2018,8,534724849870.0,-40.0835148658736
2018-08-06,2018,8,533145666343.0,-40.2510264779465
2018-08-07,2018,8,532729300191.0,-40.2595660995399
2018-08-08,2018,8,531142547152.0,-1.35863986721386
2018-08-09,2018,8,530932937748.0,-1.16739183045352
2018-08-10,2018,8,873363271705.0,63.32947158100626
2018-08-13,2018,8,874638904239.0,64.0525206250668
2018-08-14,2018,8,875236735185.0,64.29295983367172
2018-08-15,2018,8,874916919254.0,64.723561301072
2018-08-16,2018,8,874803295386.0,64.76719246249012
2018-08-17,2018,8,871008273718.0,-0.269647014397855
2018-08-20,2018,8,869387572872.0,-0.600399929793771
2018-08-21,2018,8,866683611898.0,-0.977235408793952
2018-08-22,2018,8,864824215358.0,-1.15356140381941
2018-08-23,2018,8,865112175317.0,-1.10780561985924
2018-08-24,2018,8,862323096249.0,-0.997140639310611
2018-08-27,2018,8,862670542000.0,-0.772616389007085
2018-08-28,2018,8,862109266479.0,-0.527798767185916
2018-08-29,2018,8,862318841143.0,-0.289697509679798
2018-08-30,2018,8,861534110774.0,-0.413595444046188
2018-08-31,2018,8,857574234736.0,-0.550705592098477
2018-09-03,2018,9,857212803657.0,-0.63265616214817
2018-09-04,2018,9,857512259943.0,-0.533227830246496
2018-09-05,2018,9,856685304683.0,-0.65330086636316
2018-09-06,2018,9,856808500809.0,-0.54851106948679
2018-09-07,2018,9,853429947442.0,-0.48325697369812
2018-09-10,2018,9,850573440101.0,-0.774529209978602
2018-09-11,2018,9,849348228633.0,-0.952060010260691
2018-09-12,2018,9,849441183484.0,-0.845598863363317
2018-09-13,2018,9,849215820700.0,-0.8861583541516
2018-09-14,2018,9,845077415868.0,-0.978701485580058
2018-09-17,2018,9,843136766746.0,-0.874312905199214
2018-09-18,2018,9,843414047442.0,-0.698674700311186
2018-09-19,2018,9,840647566797.0,-1.03522372801996
2018-09-20,2018,9,838272254357.0,-1.28866727117487
2018-09-21,2018,9,834171941761.0,-1.29047042344619
2018-09-25,2018,9,835078184672.0,-0.955785869130254
2018-09-26,2018,9,833695945190.0,-1.15223386206029
2018-09-27,2018,9,830922113778.0,-1.15690015687019
2018-09-28,2018,9,822720386027.0,-1.85522880533951
2018-10-08,2018,10,827329836533.0,-0.820227208020907
2018-10-09,2018,10,827555458206.0,-0.900840975621308
2018-10-10,2018,10,827314694355.0,-0.765417041046745
2018-10-11,2018,10,812760142422.0,-2.18576098226848
2018-10-12,2018,10,800213407939.0,-2.73567769442161
2018-10-15,2018,10,795232589030.0,-3.87961923838096
2018-10-16,2018,10,786699716309.0,-4.9369189088026
2018-10-17,2018,10,782248001617.0,-5.44734585829342
2018-10-18,2018,10,777039143583.0,-4.39502344843738
2018-10-19,2018,10,772149705516.0,-3.50702726854825
2018-10-22,2018,10,773462969978.0,-2.73751596102894
2018-10-23,2018,10,774316029655.0,-1.57413132320692
2018-10-24,2018,10,774630034253.0,-0.973855778250987
2018-10-25,2018,10,773783596368.0,-0.41896823884423
2018-10-26,2018,10,771967497899.0,-0.0235974469326771
2018-10-29,2018,10,772673477752.0,-0.102072401219477
2018-10-30,2018,10,770855147264.0,-0.446959930887913
2018-10-31,2018,10,770192683535.0,-0.572834840089708
2018-11-01,2018,11,770042795708.0,-0.48344274517561
2018-11-02,2018,11,767586319809.0,-0.567534009129122
2018-11-05,2018,11,769303132523.0,-0.43619269019115
2018-11-06,2018,11,770359169681.0,-0.064341216992636
2018-11-07,2018,11,770508244376.0,0.0409716747180155
2018-11-08,2018,11,769878600297.0,-0.0213228942488874
2018-11-09,2018,11,769320866297.0,0.2259741273700211
2018-11-12,2018,11,772188836812.0,0.3751062704679286
2018-11-13,2018,11,773541883663.0,0.4131467641668829
2018-11-14,2018,11,775398739383.0,0.6347102763268442
2018-11-15,2018,11,777607015725.0,1.0038485840518918
2018-11-16,2018,11,776312784980.0,0.9088429794780416
2018-11-19,2018,11,779362391841.0,0.9289897350259756
2018-11-20,2018,11,781493267527.0,1.027918983048126
2018-11-21,2018,11,781795871641.0,0.8250119497344555
2018-11-22,2018,11,782203775298.0,0.591141730982736
2018-11-23,2018,11,776481633283.0,0.021750035071788
2018-11-26,2018,11,775734417581.0,-0.465505430847135
2018-11-27,2018,11,775727172963.0,-0.737830356779212
2018-11-28,2018,11,775240742600.0,-0.83847066463023
2018-11-29,2018,11,772696814119.0,-1.21540722241824
2018-11-30,2018,11,770077218046.0,-0.824799320741409
2018-12-03,2018,12,771410791626.0,-0.557359046731809
2018-12-04,2018,12,771494788076.0,-0.545602247093368
2018-12-05,2018,12,771565705079.0,-0.474051132642316
2018-12-06,2018,12,772664943256.0,-0.0041246272040496
2018-12-07,2018,12,771030010297.0,0.123726845655514
2018-12-10,2018,12,771744361852.0,0.0432415814791697
2018-12-11,2018,12,771137197219.0,-0.0463503918013197
2018-12-12,2018,12,770476649248.0,-0.141148812580838
2018-12-13,2018,12,770866421387.0,-0.232768664438309
2018-12-14,2018,12,766526013214.0,-0.58415327845217
2018-12-17,2018,12,767430783151.0,-0.558938803342656
2018-12-18,2018,12,767369402071.0,-0.488602438267538
2018-12-19,2018,12,765328622752.0,-0.668161261087485
2018-12-20,2018,12,766597598802.0,-0.553769429639861
2018-12-21,2018,12,764431335614.0,-0.273268951593319
2018-12-24,2018,12,764738965881.0,-0.350757010156366
2018-12-25,2018,12,763498831764.0,-0.50439466266885
2018-12-26,2018,12,762885040453.0,-0.319285366619803
2018-12-27,2018,12,762168116498.0,-0.577810615493989
2018-12-28,2018,12,755703867604.0,-1.14169417230783
2019-01-02,2019,1,756373025798.0,-1.09396022123211
2019-01-03,2019,1,755738742781.0,-1.01638518097938
2019-01-04,2019,1,757132146696.0,-0.754097072552895
2019-01-07,2019,1,758150755672.0,-0.527096416005812
2019-01-08,2019,1,757655964697.0,0.2583150856683147
2019-01-09,2019,1,756727434041.0,0.0468562773806136
2019-01-10,2019,1,756185147464.0,0.0590686513380678
2019-01-11,2019,1,754428881773.0,-0.357040040473333
2019-01-14,2019,1,754917213558.0,-0.426503843702419
2019-01-15,2019,1,754444180649.0,-0.42391061347804
2019-01-16,2019,1,751955918144.0,-0.630546175856161
2019-01-17,2019,1,750724600810.0,-0.722117681405531
2019-01-18,2019,1,747444111587.0,-0.925835470347447
2019-01-21,2019,1,747208620258.0,-1.02111770159123
2019-01-22,2019,1,748354510568.0,-0.807173047018727
2019-01-23,2019,1,747891321470.0,-0.540536562839
2019-01-24,2019,1,747361829924.0,-0.447936684420857
2019-01-25,2019,1,742053548466.0,-0.721199490026691
2019-01-28,2019,1,739919519852.0,-0.975510748722785
2019-01-29,2019,1,737124723061.0,-1.50059729024371
2019-01-30,2019,1,733418541911.0,-1.93514473875072
2019-01-31,2019,1,728190036172.0,-2.56526263241857
2019-02-01,2019,2,716951100612.0,-3.38283509402962
2019-02-11,2019,2,722565892356.0,-2.34533986878344
2019-02-12,2019,2,726085715178.0,-1.49757667022198
2019-02-13,2019,2,731603547862.0,-0.247470434040408
2019-02-14,2019,2,735364111789.0,0.9851927739513044
2019-02-15,2019,2,739227004526.0,3.107032529134135
2019-02-18,2019,2,745186699476.0,3.1306220455884715
2019-02-19,2019,2,751051610484.0,3.438422597238344
2019-02-20,2019,2,755635094398.0,3.2847772001965536
2019-02-21,2019,2,759601854065.0,3.2960191947679185
2019-02-22,2019,2,765150175470.0,3.506794365639032
2019-02-25,2019,2,784061637597.0,5.216805150754311
2019-02-26,2019,2,793512852463.0,5.653571790044731
2019-02-27,2019,2,803225187830.0,6.298025830829634
2019-02-28,2019,2,804667351112.0,5.932778705822339
2019-03-01,2019,3,804621321393.0,5.158614241806125
2019-03-04,2019,3,816150424439.0,4.092635744856232
2019-03-05,2019,3,829388800950.0,4.521155312814895
2019-03-06,2019,3,842763108749.0,4.922395552088688
2019-03-07,2019,3,858737619455.0,6.719580242478873
2019-03-08,2019,3,863379640682.0,7.302605303482967
2019-03-11,2019,3,877035990011.0,7.460091148497661
2019-03-12,2019,3,886224379278.0,6.852706265493258
2019-03-13,2019,3,889905841691.0,5.593829683881024
2019-03-14,2019,3,888324713105.0,3.445417200748402
2019-03-15,2019,3,885815394662.0,2.5985965990902526
2019-03-18,2019,3,892706472734.0,1.7867548084091078
2019-03-19,2019,3,898196457371.0,1.3509082319258292
2019-03-20,2019,3,902218960605.0,1.3836428908706289
2019-03-21,2019,3,911629892103.0,2.6234977654218783
2019-03-22,2019,3,910815082743.0,2.8222232568603234
2019-03-25,2019,3,918408965830.0,2.879165087409264
2019-03-26,2019,3,916728709202.0,2.0632737614266983
2019-03-27,2019,3,919171198084.0,1.878949370298355
2019-03-28,2019,3,919950172769.0,0.9126818611450148
2019-03-29,2019,3,922247295858.0,1.2551629119459615
2019-04-01,2019,4,931195101280.0,1.392204989902801
2019-04-02,2019,4,938846163165.0,2.4126498647842
2019-04-03,2019,4,945159375178.0,2.8273489365389093
2019-04-04,2019,4,946651102532.0,2.902432170063252
2019-04-08,2019,4,960997960758.0,4.201765087741327
2019-04-09,2019,4,965320875528.0,3.664728712714593
2019-04-10,2019,4,970159819963.0,3.335334160863668
2019-04-11,2019,4,969249647162.0,2.548805272069932
2019-04-12,2019,4,966101771657.0,2.0546819280065742
2019-04-15,2019,4,968474595043.0,0.7780072997348286
2019-04-16,2019,4,976085678329.0,1.1151528029591296
2019-04-17,2019,4,981372024963.0,1.15570700510228
2019-04-18,2019,4,983739970027.0,1.4950041929267854
2019-04-19,2019,4,985251787954.0,1.9821945118840836
2019-04-22,2019,4,989565750852.0,2.1777706836040966
2019-04-23,2019,4,987893008636.0,1.2096612591646183
2019-04-24,2019,4,991520907162.0,1.0341523847067655
2019-04-25,2019,4,985793354606.0,0.208732453856042
2019-04-26,2019,4,982016274285.0,-0.328394600096992
2019-04-29,2019,4,973166978721.0,-1.65716852234234
2019-04-30,2019,4,959909058491.0,-2.83269037237523
2019-05-06,2019,5,949053073317.0,-4.28310018863388
2019-05-07,2019,5,944584135931.0,-4.18031005001757
2019-05-08,2019,5,943409723122.0,-3.93135553594661
2019-05-09,2019,5,941451725567.0,-3.25897341848593
2019-05-10,2019,5,941843939568.0,-1.8819615007487
2019-05-13,2019,5,938268991171.0,-1.13629916484111
2019-05-14,2019,5,937290292913.0,-0.772175049373558
2019-05-15,2019,5,937910953487.0,-0.582861242600196
2019-05-16,2019,5,937934859359.0,-0.373557784482458
2019-05-17,2019,5,931738514336.0,-1.07294051673094
2019-05-20,2019,5,931504329702.0,-0.720972507101336
2019-05-21,2019,5,932898335113.0,-0.468580314253574
2019-05-22,2019,5,931123027279.0,-0.723728215643881
2019-05-23,2019,5,928140637647.0,-1.04423261533252
2019-05-24,2019,5,923612975858.0,-0.872083567758341
2019-05-27,2019,5,928610796293.0,-0.31063016206545
2019-05-28,2019,5,926600483344.0,-0.675084468688347
2019-05-29,2019,5,926978674542.0,-0.445091853126111
2019-05-30,2019,5,926210297302.0,-0.207979293945559
2019-05-31,2019,5,922459445425.0,-0.124893268409143
2019-06-03,2019,6,920855850519.0,-0.835112600990384
2019-06-04,2019,6,916862307549.0,-1.05095734030441
2019-06-05,2019,6,914965021564.0,-1.29600100929352
2019-06-06,2019,6,908942825366.0,-1.86431439882488
2019-06-10,2019,6,908959243946.0,-1.46350081252407
2019-06-11,2019,6,911272431250.0,-1.04070786579666
2019-06-12,2019,6,912701911045.0,-0.453764591449046
2019-06-13,2019,6,914519385179.0,-0.0487052919507458
2019-06-14,2019,6,909643981013.0,0.0771396866153351
2019-06-17,2019,6,909900561695.0,0.1035599511495677
2019-06-18,2019,6,908650278500.0,-0.287746305065239
2019-06-19,2019,6,908274218592.0,-0.485119226706831
2019-06-20,2019,6,911090226085.0,-0.374968442394341
2019-06-21,2019,6,909942028163.0,0.0327652528045119
2019-06-24,2019,6,913984265216.0,0.4488076711803179
2019-06-25,2019,6,915410673121.0,0.7440040223352096
2019-06-26,2019,6,914922560018.0,0.7319751337108604
2019-06-27,2019,6,915694014971.0,0.5053054850322258
2019-06-28,2019,6,910816569656.0,0.0961095834605574
2019-07-01,2019,7,916324353450.0,0.2560315667411439
2019-07-02,2019,7,917837929840.0,0.2651549506981876
2019-07-03,2019,7,920557689612.0,0.6159132849330007
2019-07-04,2019,7,920749658380.0,0.5521105660126091
2019-07-05,2019,7,918551334219.0,0.8492121049050949
2019-07-08,2019,7,917575798719.0,0.1365723026227838
2019-07-09,2019,7,916598653105.0,-0.135021303294369
2019-07-10,2019,7,916077075910.0,-0.486728181466655
2019-07-11,2019,7,913973264608.0,-0.735964842378833
2019-07-12,2019,7,911655188924.0,-0.750763189611325
2019-07-15,2019,7,914317904349.0,-0.355054522421827
2019-07-16,2019,7,913627443094.0,-0.324156052481083
2019-07-17,2019,7,914719168333.0,-0.148230712535957
2019-07-18,2019,7,912719260029.0,-0.137203639051508
2019-07-19,2019,7,910457296762.0,-0.131397503853825
2019-07-22,2019,7,908066320130.0,-0.683742950812182
2019-07-23,2019,7,906604002543.0,-0.768742292505475
2019-07-24,2019,7,907847372541.0,-0.751246506020342
2019-07-25,2019,7,908733536570.0,-0.436686682701681
2019-07-26,2019,7,906807269368.0,-0.400900449365515
2019-07-29,2019,7,909472113790.0,0.1548117828881423
2019-07-30,2019,7,909060530208.0,0.2709592785945736
2019-07-31,2019,7,908624532235.0,0.0856046641215524
2019-08-01,2019,8,909081997967.0,0.0383458277896542
2019-08-02,2019,8,905536440154.0,-0.140143253911684
2019-08-05,2019,8,906156654304.0,-0.364547679442706
2019-08-06,2019,8,901173368677.0,-0.867616761360801
2019-08-07,2019,8,897725222344.0,-1.1995394692008
2019-08-08,2019,8,896495367302.0,-1.3845429447671
2019-08-09,2019,8,892579223040.0,-1.43088853627982
2019-08-12,2019,8,894068728453.0,-1.33397749645004
2019-08-13,2019,8,894554199102.0,-0.734505679491781
2019-08-14,2019,8,895437988495.0,-0.254781061294895
2019-08-15,2019,8,894567813788.0,-0.215009868907745
2019-08-16,2019,8,893920235444.0,0.1502401545302234
2019-08-19,2019,8,905477034054.0,1.275998727831551
2019-08-20,2019,8,909855210021.0,1.7104621424123725
2019-08-21,2019,8,912992979293.0,1.9604920746667756
2019-08-22,2019,8,916499386306.0,2.4516389009271222
2019-08-23,2019,8,915619224279.0,2.4273965365849914
2019-08-26,2019,8,919292654402.0,1.5257836287845716
2019-08-27,2019,8,921599088192.0,1.2907414324449418
2019-08-28,2019,8,924105088219.0,1.2171078176970165
2019-08-29,2019,8,927300438894.0,1.1785117098151332
2019-08-30,2019,8,926346700635.0,1.1716089037391295
2019-09-02,2019,9,931453023180.0,1.3227962520716785
2019-09-03,2019,9,934410169711.0,1.3900926859783391
2019-09-04,2019,9,937774900135.0,1.4792486363585988
2019-09-05,2019,9,944703558376.0,1.876750916106196
2019-09-06,2019,9,945350963581.0,2.051528108533529
2019-09-09,2019,9,956754549492.0,2.71635022726322
2019-09-10,2019,9,961838229309.0,2.935334020014269
2019-09-11,2019,9,965059275770.0,2.9094802634483274
2019-09-12,2019,9,960553494995.0,1.6777682775162672
2019-09-16,2019,9,968492011752.0,2.4478790483633217
2019-09-17,2019,9,969253471097.0,1.3063874754122071
2019-09-18,2019,9,970625935071.0,0.91363656529988
2019-09-19,2019,9,973807615316.0,0.9065080006634753
2019-09-20,2019,9,971321837479.0,1.1210559890842964
2019-09-23,2019,9,973927217811.0,0.5612029828896192
2019-09-24,2019,9,973899621096.0,0.4793534547512523
2019-09-25,2019,9,970287133272.0,-0.034905496212112
2019-09-26,2019,9,964775122279.0,-0.927543890080273
2019-09-27,2019,9,959606281816.0,-1.20614560601324
2019-09-30,2019,9,948913511143.0,-2.56833428726027
2019-10-08,2019,10,955114780906.0,-1.92882713814592
2019-10-09,2019,10,956916935336.0,-1.37796302532767
2019-10-10,2019,10,960141094355.0,-0.4803220788958
2019-10-11,2019,10,958154185897.0,-0.151322052232916
2019-10-14,2019,10,965085287777.0,1.704241371220494
2019-10-15,2019,10,963610881806.0,0.889537160333842
2019-10-16,2019,10,964526651835.0,0.7952327122654701
2019-10-17,2019,10,964724312729.0,0.4773484231584524
2019-10-18,2019,10,961142793967.0,0.3119130630528044
2019-10-21,2019,10,961452031457.0,-0.376469972759496
2019-10-22,2019,10,962383192921.0,-0.127405045769002
2019-10-23,2019,10,963089259403.0,-0.149025683143677
2019-10-24,2019,10,964124230911.0,-0.0622024147294952
2019-10-25,2019,10,964217192552.0,0.319869077133772
2019-10-28,2019,10,969973431082.0,0.8863052285704276
2019-10-29,2019,10,969031639732.0,0.6908315585625324
2019-10-30,2019,10,968809376675.0,0.5939342813921389
2019-10-31,2019,10,966617587711.0,0.2586136433521568
2019-11-01,2019,11,966905113717.0,0.2787671891522514
2019-11-04,2019,11,969081788886.0,-0.0919243937440028
2019-11-05,2019,11,970845622586.0,0.1871954206264847
2019-11-06,2019,11,970966083374.0,0.2226141438062878
2019-11-07,2019,11,972384528227.0,0.596610344082027
2019-11-08,2019,11,970237560665.0,0.3446508763604861
2019-11-11,2019,11,967987500373.0,-0.112920140028416
2019-11-12,2019,11,967435154841.0,-0.35128836816668
2019-11-13,2019,11,968625641840.0,-0.241042563079774
2019-11-14,2019,11,970759850123.0,-0.167081854640605
2019-11-15,2019,11,966940481526.0,-0.339821840822174
2019-11-18,2019,11,968297111485.0,0.0319850320257941
2019-11-19,2019,11,971587102091.0,0.4291705991066985
2019-11-20,2019,11,972046891984.0,0.353206646223092
2019-11-21,2019,11,972775633523.0,0.2076500588425123
2019-11-22,2019,11,968686985255.0,0.1806216372535862
2019-11-25,2019,11,968576789161.0,0.0288834566046558
2019-11-26,2019,11,965530338592.0,-0.623388627325838
2019-11-27,2019,11,967321980829.0,-0.486078520898947
2019-11-28,2019,11,966025514536.0,-0.69390296738353
2019-11-29,2019,11,965020924711.0,-0.37845667380727
2019-12-02,2019,12,966452624628.0,-0.219307808815039
2019-12-03,2019,12,968652458532.0,0.3233580360149979
2019-12-04,2019,12,969455078578.0,0.2205157942520852
2019-12-05,2019,12,972044771567.0,0.6230950363553367
2019-12-06,2019,12,972344670256.0,0.758920906009708
2019-12-09,2019,12,975973785922.0,0.985165858250414
2019-12-10,2019,12,978479147730.0,1.0144700621410152
2019-12-11,2019,12,980280670294.0,1.1166676987116375
2019-12-12,2019,12,981562541524.0,0.979149339145846
2019-12-13,2019,12,981347171687.0,0.925854967521933
2019-12-16,2019,12,990751316876.0,1.514131953865916
2019-12-17,2019,12,999386643397.0,2.136733901330845
2019-12-18,2019,12,1006846347533.0,2.710007250375801
2019-12-19,2019,12,1010695167611.0,2.967984703426829
2019-12-20,2019,12,1008155775449.0,2.7318164799837508
2019-12-23,2019,12,1009704850686.0,1.9130465422709355
2019-12-24,2019,12,1009776288734.0,1.0396021805619382
2019-12-25,2019,12,1011871212202.0,0.4990696625470248
2019-12-26,2019,12,1015017194054.0,0.4276290796181525
2019-12-27,2019,12,1013354696656.0,0.5156862990428834
2019-12-30,2019,12,1019449532898.0,0.9651020499088724
2019-12-31,2019,12,1019284831232.0,0.941648422931496
2020-01-02,2020,1,1025075271931.0,1.3049150494424788
2020-01-03,2020,1,1026166440289.0,1.098429297583592
2020-01-06,2020,1,1037177082633.0,2.350843791972568
2020-01-07,2020,1,1041614863990.0,2.174245058408175
2020-01-08,2020,1,1043963966933.0,2.4212207368150995
2020-01-09,2020,1,1047249313186.0,2.163162244000816
2020-01-10,2020,1,1045662986506.0,1.8999399562812824
2020-01-13,2020,1,1051517156667.0,1.3826061406597925
2020-01-14,2020,1,1054075816615.0,1.1963109452247211
2020-01-15,2020,1,1056352929950.0,1.186723240400411
2020-01-16,2020,1,1056695613819.0,0.9020106782655192
2020-01-17,2020,1,1053827517001.0,0.7807994162900567
2020-01-20,2020,1,1057849392815.0,0.6021999838853098
2020-01-21,2020,1,1056511829513.0,0.2311041444649442
2020-01-22,2020,1,1055843902699.0,-0.0481872333164323
2020-01-23,2020,1,1037024489050.0,-1.86156964330594
2020-02-03,2020,2,1023827302159.0,-2.84678605920019
2020-02-04,2020,2,1022282162880.0,-3.36222057474112
2020-02-05,2020,2,1023428291865.0,-3.13139301651264
2020-02-06,2020,2,1032436126399.0,-2.21697319463264
2020-02-07,2020,2,1035857088387.0,-0.112572140323263
2020-02-10,2020,2,1041831761858.0,1.7585445964405366
2020-02-11,2020,2,1040828040822.0,1.814164289999165
2020-02-12,2020,2,1048629372485.0,2.462417818651064
2020-02-13,2020,2,1051484987893.0,1.845040192504688
2020-02-14,2020,2,1051041131243.0,1.465843408924683
2020-02-17,2020,2,1063673250618.0,2.096450651595405
2020-02-18,2020,2,1075138930179.0,3.296499326622948
2020-02-19,2020,2,1078116241681.0,2.8119438544929487
2020-02-20,2020,2,1089801164440.0,3.644006047464288
2020-02-21,2020,2,1097453972820.0,4.415892032894142
2020-02-24,2020,2,1111496091433.0,4.49600859918351
2020-02-25,2020,2,1123163170229.0,4.466793890721132
2020-02-26,2020,2,1126305179596.0,4.469734899815969
2020-02-27,2020,2,1124797581719.0,3.2112662769068656
2020-02-28,2020,2,1102329799567.0,0.4442853065145913
2020-03-02,2020,3,1111546541976.0,0.0045389761951453
2020-03-03,2020,3,1118058319016.0,-0.454506642339347
2020-03-04,2020,3,1121239977031.0,-0.449718482766536
2020-03-05,2020,3,1132125301830.0,0.6514701160542424
2020-03-06,2020,3,1127053629855.0,2.242870536359587
2020-03-09,2020,3,1123647358141.0,1.0886468274633243
2020-03-10,2020,3,1129251655400.0,1.001140655511712
2020-03-11,2020,3,1127659884901.0,0.5725721523950345
2020-03-12,2020,3,1124017628251.0,-0.716146310474163
2020-03-13,2020,3,1115184582974.0,-1.05310400202757
2020-03-16,2020,3,1097554812399.0,-2.32212940767897
2020-03-17,2020,3,1098685080152.0,-2.70679924194335
2020-03-18,2020,3,1090429740485.0,-3.3015401997091
2020-03-19,2020,3,1094388946705.0,-2.63596235515478
2020-03-20,2020,3,1088919388944.0,-2.35523288530006
2020-03-23,2020,3,1078719473959.0,-1.71611825006081
2020-03-24,2020,3,1078220502924.0,-1.86264268057311
2020-03-25,2020,3,1080769772928.0,-0.885886288529091
2020-03-26,2020,3,1076986032344.0,-1.59019463906291
2020-03-27,2020,3,1071310361955.0,-1.61711024413632
2020-03-30,2020,3,1067251295848.0,-1.06312886601654
2020-03-31,2020,3,1065119532546.0,-1.21505483734281
2020-04-01,2020,4,1061138733488.0,-1.81639419714857
2020-04-02,2020,4,1062902872882.0,-1.3076455069105
2020-04-03,2020,4,1055661046786.0,-1.46076391349767
2020-04-07,2020,4,1062077450898.0,-0.484782259822791
2020-04-08,2020,4,1062066778284.0,-0.286611424231686
2020-04-09,2020,4,1064831590282.0,0.3480088585458896
2020-04-10,2020,4,1057925581895.0,-0.46827335911741
2020-04-13,2020,4,1057414609794.0,0.1661104208911412
2020-04-14,2020,4,1058289985759.0,-0.356609128251206
2020-04-15,2020,4,1058194653955.0,-0.36458388570032
2020-04-16,2020,4,1060310223839.0,-0.424608593909447
2020-04-17,2020,4,1058227281091.0,0.0285179979729433
2020-04-20,2020,4,1062517675624.0,0.4825983850359483
2020-04-21,2020,4,1063569028826.0,0.4988276500806021
2020-04-22,2020,4,1067232690367.0,0.8540996099555276
2020-04-23,2020,4,1067270942713.0,0.6564794639815741
2020-04-24,2020,4,1060281536630.0,0.1941223379614776
2020-04-27,2020,4,1058668344091.0,-0.362283999721635
2020-04-28,2020,4,1054486211235.0,-0.853994178546724
2020-04-29,2020,4,1050361577141.0,-1.58082800295391
2020-04-30,2020,4,1043052909200.0,-2.26915514550014
2020-05-06,2020,5,1055869290755.0,-0.416139084061006
2020-05-07,2020,5,1062468435000.0,0.3589500838681259
2020-05-08,2020,5,1064384681061.0,0.9387007360112332
2020-05-11,2020,5,1071149738038.0,1.979143311161824
2020-05-12,2020,5,1074190725654.0,2.985257620141435
2020-05-13,2020,5,1077957086491.0,2.0919062548174105
2020-05-14,2020,5,1079815635828.0,1.6327262304032697
2020-05-15,2020,5,1079243262147.0,1.395978479433646
2020-05-18,2020,5,1080582325821.0,0.880604032100818
2020-05-19,2020,5,1084704222490.0,0.9787365115816904
2020-05-20,2020,5,1084449934832.0,0.6023290186936592
2020-05-21,2020,5,1083534419017.0,0.3443905668349067
2020-05-22,2020,5,1077949478589.0,-0.119878770929382
2020-05-25,2020,5,1078015730192.0,-0.237519675055764
2020-05-26,2020,5,1081108621135.0,-0.331482193988896
2020-05-27,2020,5,1080954987669.0,-0.322278332151992
2020-05-28,2020,5,1080536813762.0,-0.276650672317313
2020-05-29,2020,5,1078051720181.0,0.0094848222510268
2020-06-01,2020,6,1089009191494.0,1.0197867242662584
2020-06-02,2020,6,1093147842756.0,1.1135996314931562
2020-06-03,2020,6,1095857637059.0,1.3786558700410234
2020-06-04,2020,6,1097818981646.0,1.5994057457265454
2020-06-05,2020,6,1096667585937.0,1.7268063681466383
2020-06-08,2020,6,1101420985409.0,1.139732704916141
2020-06-09,2020,6,1103335836186.0,0.9319867845427376
2020-06-10,2020,6,1105522298812.0,0.8819267600249203
2020-06-11,2020,6,1108542150091.0,0.9767701801732808
2020-06-12,2020,6,1107948719772.0,1.028673955505055
2020-06-15,2020,6,1112371096965.0,0.9941803997800092
2020-06-16,2020,6,1120285423267.0,1.5362128669355268
2020-06-17,2020,6,1124727846045.0,1.7372374355214992
2020-06-18,2020,6,1130492371996.0,1.9800980867708209
2020-06-19,2020,6,1130509406207.0,2.03625727729011
2020-06-22,2020,6,1141886718492.0,2.6533970189921874
2020-06-23,2020,6,1146890600025.0,2.3748569967476207
2020-06-24,2020,6,1141624575700.0,1.5022949520113515
2020-06-29,2020,6,1150248326868.0,1.7475531336066386
2020-06-30,2020,6,1163768006533.0,2.941912746890507
2020-07-01,2020,7,1176277335564.0,3.011736323320835
2020-07-02,2020,7,1190315272428.0,3.786295955521246
2020-07-03,2020,7,1202867591573.0,5.364549535511554
2020-07-06,2020,7,1241829467662.0,7.96185820529427
2020-07-07,2020,7,1268546289730.0,9.003365156011345
2020-07-08,2020,7,1301341206765.0,10.632175543961695
2020-07-09,2020,7,1326527456086.0,11.443370240907267
2020-07-10,2020,7,1342288934752.0,11.590747323791264
2020-07-13,2020,7,1374777949810.0,10.705856609950072
2020-07-14,2020,7,1387784595595.0,9.399602271540196
2020-07-15,2020,7,1388858031893.0,6.725125176475255
2020-07-16,2020,7,1382585444706.0,4.225919965908775
2020-07-17,2020,7,1376121071849.0,2.5204809650949622
2020-07-20,2020,7,1388822673098.0,1.0215994001024686
2020-07-21,2020,7,1390438260187.0,0.1912158846857803
2020-07-22,2020,7,1397657711647.0,0.6335910188031368
2020-07-23,2020,7,1406344955169.0,1.71848405854238
2020-07-24,2020,7,1387626567172.0,0.8360816179888042
2020-07-27,2020,7,1392030721060.0,0.2309904658198025
2020-07-28,2020,7,1394529347868.0,0.2942300854444024
2020-07-29,2020,7,1409374898200.0,0.8383444998985023
2020-07-30,2020,7,1416987438499.0,0.7567477161903868
2020-07-31,2020,7,1424862401395.0,2.683418947425253
2020-08-03,2020,8,1449418738237.0,4.122611398497034
2020-08-04,2020,8,1453634277829.0,4.2383424953631454
2020-08-05,2020,8,1466306471434.0,4.039491075562007
2020-08-06,2020,8,1472038334654.0,3.885065926435805
2020-08-07,2020,8,1463596439834.0,2.7184406298515373
2020-08-10,2020,8,1470004939696.0,1.420307390536424
2020-08-11,2020,8,1463677272066.0,0.6908886499291444
2020-08-12,2020,8,1460259833089.0,-0.412372069741095
2020-08-13,2020,8,1462683636516.0,-0.635492834512274
2020-08-14,2020,8,1455895914886.0,-0.526137174047336
2020-08-17,2020,8,1474292083130.0,0.2916414304625858
2020-08-18,2020,8,1481650484164.0,1.227949114262783
2020-08-19,2020,8,1481371989697.0,1.445780821303555
2020-08-20,2020,8,1479444811186.0,1.1459193397366452
2020-08-21,2020,8,1478378297957.0,1.5442301088371746
2020-08-24,2020,8,1486055821585.0,0.7979245489825093
2020-08-25,2020,8,1485288025872.0,0.2455060587418067
2020-08-26,2020,8,1478364764354.0,-0.20300271396485
2020-08-27,2020,8,1481602059322.0,0.1458147083074124
2020-08-28,2020,8,1484744743138.0,0.4306370832011019
2020-08-31,2020,8,1495423567537.0,0.6303764512700871
2020-09-01,2020,9,1499023102117.0,0.9247415993228758
2020-09-02,2020,9,1508918103936.0,2.066698308745929
2020-09-03,2020,9,1509711539287.0,1.8972354815613104
2020-09-04,2020,9,1506466837843.0,1.4630187987122012
2020-09-07,2020,9,1503657408512.0,0.5506025953945226
2020-09-08,2020,9,1502802787477.0,0.2521432361290543
2020-09-09,2020,9,1497208713605.0,-0.776012316404461
2020-09-10,2020,9,1486366499333.0,-1.5463245359458
2020-09-11,2020,9,1484397559870.0,-1.46496938522718
2020-09-14,2020,9,1488145472205.0,-1.03161373190389
2020-09-15,2020,9,1491044770902.0,-0.782405826831078
2020-09-16,2020,9,1491218201813.0,-0.400112004262653
2020-09-17,2020,9,1494878398578.0,0.5726649012083973
2020-09-18,2020,9,1498653135026.0,0.9603609936712942
2020-09-21,2020,9,1500612231524.0,0.8377379464473922
2020-09-22,2020,9,1501060950443.0,0.6717557873826108
2020-09-23,2020,9,1505789201203.0,0.9771205429416564
2020-09-24,2020,9,1503604998250.0,0.5837665244411205
2020-09-25,2020,9,1499105315711.0,0.0301724711630591
2020-09-28,2020,9,1494506486144.0,-0.406883620680542
2020-09-29,2020,9,1490435173862.0,-0.707884418541704
2020-09-30,2020,9,1472347334879.0,-2.22088631644341
2020-10-09,2020,10,1485559680205.0,-1.20013687544284
2020-10-12,2020,10,1502386573406.0,0.2188810659672579
2020-10-13,2020,10,1513580826793.0,1.2762969465735852
2020-10-14,2020,10,1521460773370.0,2.0816470284720223
2020-10-15,2020,10,1524550508399.0,3.5455746265394827
2020-10-16,2020,10,1521240216560.0,2.40182449957691
2020-10-19,2020,10,1523871794843.0,1.4300727800230284
2020-10-20,2020,10,1528251502173.0,0.9692693723588164
2020-10-21,2020,10,1528835061956.0,0.4846847657903108
2020-10-22,2020,10,1529435856634.0,0.320445154692206
2020-10-23,2020,10,1517947532538.0,-0.216447342514114
2020-10-26,2020,10,1515990671142.0,-0.517177608226027
2020-10-27,2020,10,1516474942571.0,-0.77059041559947
2020-10-28,2020,10,1521422403516.0,-0.48485664833695
2020-10-29,2020,10,1526056753610.0,-0.220937871264292
2020-10-30,2020,10,1518543041136.0,0.0392311713834026
2020-11-02,2020,11,1521745962241.0,0.3796389521753873
2020-11-03,2020,11,1527582528331.0,0.7324608833409796
2020-11-04,2020,11,1532902891626.0,0.7545891320824838
2020-11-05,2020,11,1540077236589.0,0.9187392897304524
2020-11-06,2020,11,1540289073457.0,1.43203266103884
2020-11-09,2020,11,1553843832329.0,2.1092791362318453
2020-11-10,2020,11,1556837672614.0,1.9151269237782875
2020-11-11,2020,11,1553833407179.0,1.3654169267564242
2020-11-12,2020,11,1554168238638.0,0.9149542447760116
2020-11-13,2020,11,1553359959222.0,0.8485995252607959
2020-11-16,2020,11,1560678880868.0,0.43988001862163
2020-11-17,2020,11,1563283751239.0,0.4140495016527135
2020-11-18,2020,11,1565224950358.0,0.7331251295260355
2020-11-19,2020,11,1564003314753.0,0.6328192708158209
2020-11-20,2020,11,1563419426768.0,0.6475941063292412
2020-11-23,2020,11,1573724281092.0,0.8358798458748096
2020-11-24,2020,11,1577090235379.0,0.8831719851918995
2020-11-25,2020,11,1576773834870.0,0.7378418360478145
2020-11-26,2020,11,1573696973933.0,0.619797866702787
2020-11-27,2020,11,1570222492391.0,0.4351401489914863
2020-11-30,2020,11,1574676764964.0,0.0605241898751884
2020-12-01,2020,12,1581970153887.0,0.3094254468468893
2020-12-02,2020,12,1588990510735.0,0.7747893575369424
2020-12-03,2020,12,1587927541891.0,0.904276248459368
2020-12-04,2020,12,1586604130970.0,1.0432686232927146
2020-12-07,2020,12,1590173680287.0,0.9841331038725531
2020-12-08,2020,12,1589879200427.0,0.4999491627934338
2020-12-09,2020,12,1583781814774.0,-0.327799060209033
2020-12-10,2020,12,1583936018362.0,-0.251366855457813
2020-12-11,2020,12,1578231718424.0,-0.527693857754008
2020-12-14,2020,12,1582821785103.0,-0.462332842955437
2020-12-15,2020,12,1584467393819.0,-0.340391056537281
2020-12-16,2020,12,1586623087000.0,0.1793979574393311
2020-12-17,2020,12,1591995736362.0,0.5088411341472421
2020-12-18,2020,12,1594138315413.0,1.0078746234351454
2020-12-21,2020,12,1601596400157.0,1.1861483857943167
2020-12-22,2020,12,1601840019566.0,1.0964331493832358
2020-12-23,2020,12,1607841891042.0,1.3373563145435252
2020-12-24,2020,12,1609383748924.0,1.0922147694776283
2020-12-25,2020,12,1611381231017.0,1.0816448884821472
2020-12-28,2020,12,1615288968317.0,0.854932501013228
2020-12-29,2020,12,1609041906646.0,0.4496008959715691
2020-12-30,2020,12,1616438967200.0,0.5346966145053367
2020-12-31,2020,12,1619008122286.0,0.5980160647474309
2021-01-04,2021,1,1643646221827.0,2.0023188919506385
2021-01-05,2021,1,1655687080768.0,2.5009836161446364
2021-01-06,2021,1,1663093415016.0,3.359235589001464
2021-01-07,2021,1,1673031399620.0,3.5010559364347493
2021-01-08,2021,1,1672599746717.0,3.310151672082396
2021-01-11,2021,1,1673642943510.0,1.8250108377736665
2021-01-12,2021,1,1684483829088.0,1.7392627299261498
2021-01-13,2021,1,1686058153338.0,1.3808447628168352
2021-01-14,2021,1,1682663831690.0,0.5757472377498685
2021-01-15,2021,1,1680173262896.0,0.4527990748453447
2021-01-18,2021,1,1689283516593.0,0.934522691572326
2021-01-19,2021,1,1691279668233.0,0.4034374820136577
2021-01-20,2021,1,1698542527659.0,0.7404474333393418
2021-01-21,2021,1,1709628072866.0,1.6024734512132488
2021-01-22,2021,1,1708509832950.0,1.686526662444221
2021-01-25,2021,1,1715652911328.0,1.5609810002871871
2021-01-26,2021,1,1706481850040.0,0.8988567705589867
2021-01-27,2021,1,1706083743135.0,0.4439815520188128
2021-01-28,2021,1,1698045714188.0,-0.677478269211118
2021-01-29,2021,1,1682493500836.0,-1.52274991997435
2021-02-01,2021,2,1680669671226.0,-2.03906278892513
2021-02-02,2021,2,1682471162179.0,-1.40702861037972
2021-02-03,2021,2,1681160553042.0,-1.46084213001189
2021-02-04,2021,2,1670824295085.0,-1.60310284202314
2021-02-05,2021,2,1659483782315.0,-1.36759627954383
2021-02-08,2021,2,1657105193498.0,-1.4020885919129
2021-02-09,2021,2,1660549708031.0,-1.30293193968383
2021-02-10,2021,2,1639715093793.0,-2.46528858733962
2021-02-18,2021,2,1664801330301.0,-0.360478645284101
2021-02-19,2021,2,1672052802674.0,0.7574054349278381
2021-02-22,2021,2,1681961677222.0,1.499994316687303
2021-02-23,2021,2,1681104833540.0,1.2378506593080818
2021-02-24,2021,2,1680067143744.0,2.460918369523424
2021-02-25,2021,2,1680362000076.0,0.9346862890953213
2021-02-26,2021,2,1670059962876.0,-0.119185219199591
2021-03-01,2021,3,1677784655763.0,-0.248342249146782
2021-03-02,2021,3,1679751683334.0,-0.0804917206234323
2021-03-03,2021,3,1682936675825.0,0.1707986547850204
2021-03-04,2021,3,1675034460738.0,-0.317047120665614
2021-03-05,2021,3,1668091349418.0,-0.117876812914541
2021-03-08,2021,3,1663232572772.0,-0.867339139204503
2021-03-09,2021,3,1651547272702.0,-1.67908214719091
2021-03-10,2021,3,1646207161139.0,-2.18246563959363
2021-03-11,2021,3,1653813251244.0,-1.26691181533364
2021-03-12,2021,3,1651070716458.0,-1.02036575910177
2021-03-15,2021,3,1652313361619.0,-0.656505369829407
2021-03-16,2021,3,1651035600183.0,-0.0309814031640098
2021-03-17,2021,3,1652636060936.0,0.3905279936063488
2021-03-18,2021,3,1652703466894.0,-0.0671045747858922
2021-03-19,2021,3,1648248036108.0,-0.170960596772951
2021-03-22,2021,3,1656556399216.0,0.2567937593170866
2021-03-23,2021,3,1653925015675.0,0.1750062501183924
2021-03-24,2021,3,1652510207099.0,-0.00761533891066035
2021-03-25,2021,3,1648485710846.0,-0.255203436822615
2021-03-26,2021,3,1649283974683.0,0.0628508909038982
2021-03-29,2021,3,1652620451517.0,-0.237598170570152
2021-03-30,2021,3,1654048135752.0,0.0074441148076864
2021-03-31,2021,3,1654778849977.0,0.1372846514505088
2021-04-01,2021,4,1654029317053.0,0.3362847594326368
2021-04-02,2021,4,1652293768860.0,0.1824909611201741
2021-04-06,2021,4,1659035720703.0,0.3881876918630178
2021-04-07,2021,4,1664623601021.0,0.6393686520006936
2021-04-08,2021,4,1666578640560.0,0.7130735676954103
2021-04-09,2021,4,1663355811410.0,0.5638651177971354
2021-04-12,2021,4,1660239689225.0,0.4809023985173244
2021-04-13,2021,4,1655179329096.0,-0.232447774262867
2021-04-14,2021,4,1657338208596.0,-0.437660046423193
2021-04-15,2021,4,1658015773692.0,-0.513799148723204
2021-04-16,2021,4,1656810730550.0,-0.393486517743424
2021-04-19,2021,4,1665161341019.0,0.2964422442097714
2021-04-20,2021,4,1667762178855.0,0.760210663449512
2021-04-21,2021,4,1668920710545.0,0.6988616981691287
2021-04-22,2021,4,1672273926599.0,0.85995279015052
2021-04-23,2021,4,1669290758861.0,0.7532561252097336
2021-04-26,2021,4,1671060217645.0,0.3542525568357435
2021-04-27,2021,4,1668694792130.0,0.0559200398488668
2021-04-28,2021,4,1670656037009.0,0.1039789639516897
2021-04-29,2021,4,1669543669874.0,-0.163266118162397
2021-04-30,2021,4,1654253558570.0,-0.90081372649905
2021-05-06,2021,5,1661074014679.0,-0.597596834665448
2021-05-07,2021,5,1658474966847.0,-0.612444248714583
2021-05-10,2021,5,1664291067147.0,-0.380986254561133
2021-05-11,2021,5,1667258646234.0,-0.136865161494847
2021-05-12,2021,5,1671671184030.0,1.052899379890504
2021-05-13,2021,5,1671507193083.0,0.6280983455162925
2021-05-14,2021,5,1675776084830.0,1.0431944002080362
2021-05-17,2021,5,1682413400275.0,1.0888920505393471
2021-05-18,2021,5,1687761513235.0,1.2297352331812397
2021-05-19,2021,5,1692401962178.0,1.2401229587521545
2021-05-20,2021,5,1693364835847.0,1.3076607061250467
2021-05-21,2021,5,1690902629254.0,0.902659046213472
2021-05-24,2021,5,1696708520972.0,0.849679436377726
2021-05-25,2021,5,1699401957275.0,0.6896972083270336
2021-05-26,2021,5,1704439390294.0,0.7112629496428102
2021-05-27,2021,5,1711767424851.0,1.086746849493614
2021-05-28,2021,5,1715069899414.0,1.4292526217587254
2021-05-31,2021,5,1726568764006.0,1.7598923247520435
2021-06-01,2021,6,1734910552568.0,2.0894759559968
2021-06-02,2021,6,1732464336631.0,1.6442324964201838
2021-06-03,2021,6,1732013891804.0,1.1827814140558557
2021-06-04,2021,6,1729226512430.0,0.8254248424998334
2021-06-07,2021,6,1736238082009.0,0.5600308661072528
2021-06-08,2021,6,1734618131010.0,-0.0168551374344461
2021-06-09,2021,6,1734368161220.0,0.1098911272656932
2021-06-10,2021,6,1741127317334.0,0.526175082840008
2021-06-11,2021,6,1735411923570.0,0.3576981439700422
2021-06-15,2021,6,1740721108093.0,0.2582034186701332
2021-06-16,2021,6,1733763668089.0,-0.0492594252143874
2021-06-17,2021,6,1739989829346.0,0.3241334943582918
2021-06-18,2021,6,1743524249860.0,0.1376655516306613
2021-06-21,2021,6,1750763332312.0,0.8845973992399392
2021-06-22,2021,6,1759093835408.0,1.0554664517814505
2021-06-23,2021,6,1764800105273.0,1.7901192506940111
2021-06-24,2021,6,1765960333941.0,1.4925664596994404
2021-06-25,2021,6,1767799270419.0,1.3922961244129173
2021-06-28,2021,6,1777282924428.0,1.514744547509972
2021-06-29,2021,6,1779420945087.0,1.1555443643678889
2021-06-30,2021,6,1784202844383.0,1.0994298477219555
2021-07-01,2021,7,1774090749408.0,0.4603962677268036
2021-07-02,2021,7,1768198585991.0,0.0225882869555382
2021-07-05,2021,7,1776351593939.0,-0.0524019263449471
2021-07-06,2021,7,1776038669263.0,-0.19007733011902
2021-07-07,2021,7,1786147377069.0,0.1089860770103534
2021-07-08,2021,7,1790805458107.0,0.9421563527445054
2021-07-09,2021,7,1792813134324.0,1.3920692238991172
2021-07-12,2021,7,1804529044690.0,1.5862541428815602
2021-07-13,2021,7,1809324388867.0,1.8741551172313464
2021-07-14,2021,7,1807209605040.0,1.1791987739310894
2021-07-15,2021,7,1808200503832.0,0.9713531777699512
2021-07-16,2021,7,1803993797080.0,0.6236379320266217
2021-07-19,2021,7,1804613108778.0,0.0046585056775461
2021-07-20,2021,7,1806702294387.0,-0.144921192470193
2021-07-21,2021,7,1816717132186.0,0.5260887901151756
2021-07-22,2021,7,1826065849217.0,0.988017940883168
2021-07-23,2021,7,1823490507337.0,1.0807526216862762
2021-07-26,2021,7,1822882876076.0,1.0123924739952497
2021-07-27,2021,7,1811396369397.0,0.2598145264210538
2021-07-28,2021,7,1795310844769.0,-1.17829501564959
2021-07-29,2021,7,1803933682122.0,-1.21201363600825
2021-07-30,2021,7,1803160458759.0,-1.11489741768328
2021-08-02,2021,8,1817340100780.0,-0.304066452581508
2021-08-03,2021,8,1815414094515.0,0.2218026482706081
2021-08-04,2021,8,1826859492525.0,1.7572805204136843
2021-08-05,2021,8,1831823991133.0,1.5460828348297315
2021-08-06,2021,8,1832666643306.0,1.6363593380539945
2021-08-09,2021,8,1839850744168.0,1.2386588167145218
2021-08-10,2021,8,1842797962461.0,1.5084089095009467
2021-08-11,2021,8,1850322827192.0,1.2843535456889432
2021-08-12,2021,8,1857714306176.0,1.4133625920570436
2021-08-13,2021,8,1854061048041.0,1.1673920520758774
2021-08-16,2021,8,1854949362816.0,0.820643668833454
2021-08-17,2021,8,1842389795596.0,-0.0221493008628503
2021-08-18,2021,8,1847290126722.0,-0.163901154189527
2021-08-19,2021,8,1845731394601.0,-0.64503522070981
2021-08-20,2021,8,1841139574096.0,-0.696928181445422
2021-08-23,2021,8,1858637534690.0,0.1988287091784002
2021-08-24,2021,8,1865455477053.0,1.2519436175849163
2021-08-25,2021,8,1870016641303.0,1.2302623314145
2021-08-26,2021,8,1870600552952.0,1.347387730617
2021-08-27,2021,8,1867056338028.0,1.4076479750170456
2021-08-30,2021,8,1873071862854.0,0.7766080203694736
2021-08-31,2021,8,1871570227488.0,0.3277886023128173
2021-09-01,2021,9,1873526808858.0,0.1877078244904906
2021-09-02,2021,9,1877899564474.0,0.390196159756373
2021-09-03,2021,9,1871484094902.0,0.2371517550818325
2021-09-06,2021,9,1883187338866.0,0.5400474062210892
2021-09-07,2021,9,1893221132435.0,1.1568310196972795
2021-09-08,2021,9,1902766404561.0,1.5606713266528072
2021-09-09,2021,9,1911876120311.0,1.8092850373772065
2021-09-10,2021,9,1915364518391.0,2.344685889050946
2021-09-13,2021,9,1925963955913.0,2.271500883855704
2021-09-14,2021,9,1924909149971.0,1.6737620869065497
2021-09-15,2021,9,1926736154531.0,1.259731615638349
2021-09-16,2021,9,1912238594916.0,0.0189591052029536
2021-09-17,2021,9,1891889992595.0,-1.2255905113936
2021-09-22,2021,9,1898555115282.0,-1.42312323898122
2021-09-23,2021,9,1905588330127.0,-1.0037263236185
2021-09-24,2021,9,1895315343927.0,-1.63077910434749
2021-09-27,2021,9,1880670630487.0,-1.6508381596799
2021-09-28,2021,9,1877404557782.0,-0.76565946591488
2021-09-29,2021,9,1862669441194.0,-1.89015708836399
2021-09-30,2021,9,1841524604094.0,-3.3618869836766
2021-10-08,2021,10,1854227162611.0,-2.16788100448062
2021-10-11,2021,10,1858246664985.0,-1.19233879332678
2021-10-12,2021,10,1852770963237.0,-1.31210902002403
2021-10-13,2021,10,1852236833210.0,-0.560089071806135
2021-10-14,2021,10,1854704181182.0,0.7156883518525836
2021-10-15,2021,10,1851096805926.0,-0.168822717524641
2021-10-18,2021,10,1858549650958.0,0.0163049383437252
2021-10-19,2021,10,1863427384685.0,0.5751612940534168
2021-10-20,2021,10,1868339377644.0,0.8693566689359944
2021-10-21,2021,10,1867648606547.0,0.6979239868187825
2021-10-22,2021,10,1860975826475.0,0.5336847061360617
2021-10-25,2021,10,1868782868631.0,0.55060232949522
2021-10-26,2021,10,1870534149454.0,0.381381363578126
2021-10-27,2021,10,1868545297585.0,0.01102154905388
2021-10-28,2021,10,1851962801226.0,-0.839869195201592
2021-10-29,2021,10,1846701337317.0,-0.767043233712405
2021-11-01,2021,11,1851484310089.0,-0.925659092469755
2021-11-02,2021,11,1843973130108.0,-1.41996976391759
2021-11-03,2021,11,1839543520471.0,-1.55210457843775
2021-11-04,2021,11,1842928884960.0,-0.487802252832481
2021-11-05,2021,11,1830743994262.0,-0.864099826677111
2021-11-08,2021,11,1834667230264.0,-0.908302583681719
2021-11-09,2021,11,1837030397470.0,-0.376509425470494
2021-11-10,2021,11,1838620229523.0,-0.0501913076654814
2021-11-11,2021,11,1841246491932.0,-0.0912890910620523
2021-11-12,2021,11,1839044275069.0,0.45338293245889
2021-11-15,2021,11,1838837257215.0,0.2272906433500754
2021-11-16,2021,11,1834025300455.0,-0.163584501330993
2021-11-17,2021,11,1837568303720.0,-0.0572127830483437
2021-11-18,2021,11,1837267677968.0,-0.216093498694192
2021-11-19,2021,11,1836092437783.0,-0.160509310516154
2021-11-22,2021,11,1847221021222.0,0.4559274603614272
2021-11-23,2021,11,1849724235756.0,0.8559824827446549
2021-11-24,2021,11,1852121664850.0,0.7919902133998402
2021-11-25,2021,11,1853753600844.0,0.8973065315247553
2021-11-26,2021,11,1849288270403.0,0.7186910826741055
2021-11-29,2021,11,1851183037354.0,0.2144852232884853
2021-11-30,2021,11,1852685196949.0,0.1600758175604344
2021-12-01,2021,12,1853221653112.0,0.0593907129793791
2021-12-02,2021,12,1845977456403.0,-0.419481016110212
2021-12-03,2021,12,1844171711869.0,-0.276677174450745
2021-12-06,2021,12,1841699556340.0,-0.512292994406171
2021-12-07,2021,12,1837356384051.0,-0.827383568630191
2021-12-08,2021,12,1841596436259.0,-0.62729770254295
2021-12-09,2021,12,1842328690713.0,-0.197660360225082
2021-12-10,2021,12,1842345268722.0,-0.0990386705991164
2021-12-13,2021,12,1847463776354.0,0.3129837325614115
2021-12-14,2021,12,1848394634374.0,0.6007680610477406
2021-12-15,2021,12,1849421708740.0,0.4249178770619366
2021-12-16,2021,12,1849977775325.0,0.4151856642388596
2021-12-17,2021,12,1841959398082.0,-0.020944534477385
2021-12-20,2021,12,1837936014294.0,-0.515721183925088
2021-12-21,2021,12,1837217486164.0,-0.604694906712133
2021-12-22,2021,12,1839620664557.0,-0.529951829627728
2021-12-23,2021,12,1841579703557.0,-0.453955278815421
2021-12-24,2021,12,1831997081384.0,-0.540854304843718
2021-12-27,2021,12,1834913965908.0,-0.164426202136358
2021-12-28,2021,12,1838372786876.0,0.0628831763632042
2021-12-29,2021,12,1837478575612.0,-0.116441883170292
2021-12-30,2021,12,1840760958362.0,-0.0444588520072564
2021-12-31,2021,12,1832191166901.0,0.0105942044871243
2022-01-04,2022,1,1834876061632.0,-0.0020657249715339
2022-01-05,2022,1,1829538307654.0,-0.480559725702456
2022-01-06,2022,1,1830956424351.0,-0.354951145965209
2022-01-07,2022,1,1814599413568.0,-1.42123531440387
2022-01-10,2022,1,1816207967429.0,-0.872354356943783
2022-01-11,2022,1,1814213595731.0,-1.12609599814725
2022-01-12,2022,1,1817143256885.0,-0.677496104735519
2022-01-13,2022,1,1814775481800.0,-0.883742635040341
2022-01-14,2022,1,1809974379632.0,-0.25487906043714
2022-01-17,2022,1,1815333579590.0,-0.0481435966960153
2022-01-18,2022,1,1812231342638.0,-0.109262387717989
2022-01-19,2022,1,1806556698936.0,-0.582593469661152
2022-01-20,2022,1,1795770015068.0,-1.04726270123228
2022-01-21,2022,1,1781878331084.0,-1.55228984808681
2022-01-24,2022,1,1777155562079.0,-2.1030855122298
2022-01-25,2022,1,1764347423823.0,-2.64226303167768
2022-01-26,2022,1,1757189066148.0,-2.73269213288881
2022-01-27,2022,1,1743671775039.0,-2.90116438028548
2022-01-28,2022,1,1713210200774.0,-3.85369354978496
2022-02-07,2022,2,1717973637422.0,-3.33014880181711
2022-02-08,2022,2,1717608085203.0,-2.64910062433876
2022-02-09,2022,2,1722487744296.0,-1.97482004187916
2022-02-10,2022,2,1721351601217.0,-1.2800673923566
2022-02-11,2022,2,1714053020190.0,0.0491953302413916
2022-02-14,2022,2,1715895472516.0,-0.120966053304427
2022-02-15,2022,2,1718151852542.0,0.0316584058775992
2022-02-16,2022,2,1720239913155.0,-0.130499107958459
2022-02-17,2022,2,1721282350417.0,-0.00402304793227781
2022-02-18,2022,2,1716786541237.0,0.1594770415384916
2022-02-21,2022,2,1723187857817.0,0.4249900659920369
2022-02-22,2022,2,1725288468627.0,0.4153658522348502
2022-02-23,2022,2,1733921734099.0,0.795343768004253
2022-02-24,2022,2,1727121320487.0,0.3392220961648373
2022-02-25,2022,2,1725245309618.0,0.4927093833637208
2022-02-28,2022,2,1727160179233.0,0.2305216693571754
2022-03-01,2022,3,1729768996558.0,0.2596973209103792
2022-03-02,2022,3,1731695533583.0,-0.12839106126995
2022-03-03,2022,3,1730264921651.0,0.1820139168401624
2022-03-04,2022,3,1722952961074.0,-0.132870875302226
2022-03-07,2022,3,1723932505138.0,-0.186877519167527
2022-03-08,2022,3,1720186603367.0,-0.553969530617537
2022-03-09,2022,3,1712435270936.0,-1.11221991819481
2022-03-10,2022,3,1712313510026.0,-1.03749497550184
2022-03-11,2022,3,1707359871128.0,-0.905021222185897
2022-03-14,2022,3,1706107094337.0,-1.03399702412206
2022-03-15,2022,3,1690501519280.0,-1.72568976115126
2022-03-16,2022,3,1688435381385.0,-1.40150637856705
2022-03-17,2022,3,1686235489866.0,-1.52296994722678
2022-03-18,2022,3,1679333499071.0,-1.64150350086907
2022-03-21,2022,3,1685083333718.0,-1.23226500193236
2022-03-22,2022,3,1684895215549.0,-0.331635533423702
2022-03-23,2022,3,1685484187238.0,-0.174788693694583
2022-03-24,2022,3,1684925214003.0,-0.0777042038834108
2022-03-25,2022,3,1679275786513.0,-0.00343663471442656
2022-03-28,2022,3,1677821956532.0,-0.430920954513169
2022-03-29,2022,3,1675347228947.0,-0.566681329134699
2022-03-30,2022,3,1679652065216.0,-0.346020571783411
2022-03-31,2022,3,1672839140304.0,-0.717306239977633
2022-04-01,2022,4,1660552397029.0,-1.11496810913226
2022-04-06,2022,4,1666959635685.0,-0.647406049534127
2022-04-07,2022,4,1662036226030.0,-0.794522036208955
2022-04-08,2022,4,1656503071399.0,-1.37820172977449
2022-04-11,2022,4,1645946597760.0,-1.60759883578004
2022-04-12,2022,4,1644913293067.0,-0.941801293953803
2022-04-13,2022,4,1639011251123.0,-1.67660835713728
2022-04-14,2022,4,1639181260370.0,-1.3751183820218
2022-04-15,2022,4,1630358050967.0,-1.57832610656852
2022-04-18,2022,4,1629582385151.0,-0.994212851818543
2022-04-19,2022,4,1627930640980.0,-1.03243448506245
2022-04-20,2022,4,1625741616228.0,-0.809612190636765
2022-04-21,2022,4,1613943240673.0,-1.53967229294111
2022-04-22,2022,4,1600772393400.0,-1.81467239968865
2022-04-25,2022,4,1571122503703.0,-3.58741490953112
2022-04-26,2022,4,1541425698829.0,-5.3137977732838
2022-04-27,2022,4,1532627266816.0,-5.72749989804907
2022-04-28,2022,4,1522348484831.0,-5.67521543098417
2022-04-29,2022,4,1512042148057.0,-5.54296449069434
2022-05-05,2022,5,1518395605688.0,-3.35600170519658
2022-05-06,2022,5,1516937370537.0,-1.58868042167737
2022-05-09,2022,5,1519322646222.0,-0.868092385021968
2022-05-10,2022,5,1522120647743.0,-0.0149661585550409
2022-05-11,2022,5,1527776885489.0,1.0406282293267788
2022-05-12,2022,5,1527031768039.0,0.568768924162355
2022-05-13,2022,5,1525917654667.0,0.5920009820063354
2022-05-16,2022,5,1527257340627.0,0.5222520986395196
2022-05-17,2022,5,1526763758646.0,0.3050422389240248
2022-05-18,2022,5,1527535844083.0,-0.015777264880068
2022-05-19,2022,5,1526095153162.0,-0.0613356510718032
2022-05-20,2022,5,1523489004078.0,-0.159160003265712
2022-05-23,2022,5,1529146188454.0,0.1236758060841669
2022-05-24,2022,5,1524534493226.0,-0.14601246639343
2022-05-25,2022,5,1526655911995.0,-0.0576046769316995
2022-05-26,2022,5,1527535678037.0,0.0943928608917454
2022-05-27,2022,5,1521898080200.0,-0.104426344643215
2022-05-30,2022,5,1523196306219.0,-0.389098326891523
2022-05-31,2022,5,1522625844473.0,-0.125195511251519
2022-06-01,2022,6,1519204760810.0,-0.488070109738281
2022-06-02,2022,6,1514364076019.0,-0.862277864103733
2022-06-06,2022,6,1524481089056.0,0.16972285395489
2022-06-07,2022,6,1528034327409.0,0.3176229597095847
2022-06-08,2022,6,1532093689468.0,0.6218103435829292
2022-06-09,2022,6,1532775163237.0,0.8932569708223204
2022-06-10,2022,6,1533287528336.0,1.2495972809092537
2022-06-13,2022,6,1542206543022.0,1.1627204885156006
2022-06-14,2022,6,1547928205535.0,1.3019261262103177
2022-06-15,2022,6,1553480942101.0,1.3959493978743742
2022-06-16,2022,6,1560046622452.0,1.7792211062062524
2022-06-17,2022,6,1560211281473.0,1.755949398885348
2022-06-20,2022,6,1568567222144.0,1.7092833149537467
2022-06-21,2022,6,1567803652290.0,1.284003139417611
2022-06-22,2022,6,1573020572561.0,1.2577965992665252
2022-06-23,2022,6,1579570157157.0,1.2514712332323707
2022-06-24,2022,6,1579638646525.0,1.2451752709837116
2022-06-27,2022,6,1589185787159.0,1.3144839904800198
2022-06-28,2022,6,1597708553157.0,1.9074391632727616
2022-06-29,2022,6,1596099034408.0,1.4671430399302745
2022-06-30,2022,6,1603331345927.0,1.504281950525499
2022-07-01,2022,7,1600446844194.0,1.3172758032208964
2022-07-04,2022,7,1610665429196.0,1.351613021621545
2022-07-05,2022,7,1614661999824.0,1.0611100900411952
2022-07-06,2022,7,1618439926889.0,1.3997184384793693
2022-07-07,2022,7,1624956784509.0,1.348781625016926
2022-07-08,2022,7,1620632773596.0,1.261268343602251
2022-07-11,2022,7,1620084177245.0,0.5847737139116127
2022-07-12,2022,7,1616407194839.0,0.108084231572314
2022-07-13,2022,7,1620013358282.0,0.0972190173301301
2022-07-14,2022,7,1623194384058.0,-0.108458296725255
2022-07-15,2022,7,1617200855870.0,-0.211764057960206
2022-07-18,2022,7,1624103771466.0,0.2481102079421315
2022-07-19,2022,7,1627434840236.0,0.6822318925707505
2022-07-20,2022,7,1630055473614.0,0.6198785510416638
2022-07-21,2022,7,1629249662204.0,0.3730470118348927
2022-07-22,2022,7,1626748854650.0,0.5904027780682553
2022-07-25,2022,7,1625751849627.0,0.1014761611884074
2022-07-26,2022,7,1626378699535.0,-0.0648960360739803
2022-07-27,2022,7,1630746648561.0,0.0424019279213538
2022-07-28,2022,7,1632021617419.0,0.1701369212653514
2022-07-29,2022,7,1627471854375.0,0.0444444588316939
2022-08-01,2022,8,1631575211005.0,0.3581949717194499
2022-08-02,2022,8,1617896337942.0,-0.521548984589215
2022-08-03,2022,8,1614888373569.0,-0.972454857165805
2022-08-04,2022,8,1618795881433.0,-0.810389754941853
2022-08-05,2022,8,1619824064763.0,-0.46991839468321
2022-08-08,2022,8,1624564295725.0,-0.42970224312745
2022-08-09,2022,8,1629827876374.0,0.7374723678018391
2022-08-10,2022,8,1632447916545.0,1.087353359117471
2022-08-11,2022,8,1635823639316.0,1.0518780087287238
2022-08-12,2022,8,1629747472943.0,0.6126225925314976
2022-08-15,2022,8,1634884674820.0,0.6352705843750028
2022-08-16,2022,8,1638582068773.0,0.5371237371688764
2022-08-17,2022,8,1642264044669.0,0.6013134032953005
2022-08-18,2022,8,1645917114167.0,0.6170270809401135
2022-08-19,2022,8,1638516467432.0,0.5380584805058763
2022-08-22,2022,8,1641118165673.0,0.3812801568823909
2022-08-23,2022,8,1645146998769.0,0.4006470057930089
2022-08-24,2022,8,1636574231066.0,-0.346461558448529
2022-08-25,2022,8,1633819601289.0,-0.735001342040397
2022-08-26,2022,8,1628498495796.0,-0.611405001727016
2022-08-29,2022,8,1629149130355.0,-0.729321968908414
2022-08-30,2022,8,1627188585179.0,-1.09159932841488
2022-08-31,2022,8,1615378836518.0,-1.2951074351326
2022-09-01,2022,9,1610996429724.0,-1.39692115010701
2022-09-02,2022,9,1607931877201.0,-1.26291910297081
2022-09-05,2022,9,1609525159459.0,-1.20455337883793
2022-09-06,2022,9,1611317826660.0,-0.975348442310641
2022-09-07,2022,9,1614521012524.0,-0.0531035800771739
2022-09-08,2022,9,1612381505167.0,0.0859763198381102
2022-09-09,2022,9,1603758624038.0,-0.259541664803897
2022-09-13,2022,9,1606560840928.0,-0.184173482071969
2022-09-14,2022,9,1605559572955.0,-0.357362998765797
2022-09-15,2022,9,1598399948166.0,-0.998504462496763
2022-09-16,2022,9,1590958208979.0,-1.32867414562541
2022-09-19,2022,9,1587876208683.0,-0.990324548653753
2022-09-20,2022,9,1590274990172.0,-1.01370893284021
2022-09-21,2022,9,1590243374005.0,-0.953947720657344
2022-09-22,2022,9,1588043653893.0,-0.647916329381936
2022-09-23,2022,9,1579191643693.0,-0.739589840863963
2022-09-26,2022,9,1572911392844.0,-0.942442222962203
2022-09-27,2022,9,1572836883358.0,-1.09654663009659
2022-09-28,2022,9,1563114054320.0,-1.70598539371211
2022-09-29,2022,9,1557665181256.0,-1.91294946851926
2022-09-30,2022,9,1538235558076.0,-2.59348419050791
2022-10-10,2022,10,1536662772466.0,-2.30455577745282
2022-10-11,2022,10,1537051112417.0,-2.27523726838078
2022-10-12,2022,10,1542276307578.0,-1.33309189335291
2022-10-13,2022,10,1544006500096.0,-0.876868875568404
2022-10-14,2022,10,1545432271730.0,0.4678551094607019
2022-10-17,2022,10,1548695881930.0,0.7830676762403455
2022-10-18,2022,10,1552802906333.0,1.0248061231503458
2022-10-19,2022,10,1553772126437.0,0.7453799816877993
2022-10-20,2022,10,1555744781901.0,0.7602482116668696
2022-10-21,2022,10,1551608718126.0,0.399658173896289
2022-10-24,2022,10,1553273258001.0,0.2955632622523518
2022-10-25,2022,10,1553099694282.0,0.0191130469803679
2022-10-26,2022,10,1558475456357.0,0.3027039705484569
2022-10-27,2022,10,1557898376080.0,0.1384285008732888
2022-10-28,2022,10,1544235248101.0,-0.475214526630496
2022-10-31,2022,10,1546674458171.0,-0.424831870117459
2022-11-01,2022,11,1552953664754.0,-0.0094024568118578
2022-11-02,2022,11,1555157355232.0,-0.212906857882522
2022-11-03,2022,11,1559113122089.0,0.0779733792429127
2022-11-04,2022,11,1561130769188.0,1.0941027999313624
2022-11-07,2022,11,1565366103958.0,1.2085054930760064
2022-11-08,2022,11,1569459326903.0,1.0628560609124538
2022-11-09,2022,11,1571170926049.0,1.0297074288415642
2022-11-10,2022,11,1572195207206.0,0.8390722219996372
2022-11-11,2022,11,1567278395408.0,0.3937931620678681
2022-11-14,2022,11,1567037150956.0,0.1067511934604192
2022-11-15,2022,11,1573589526874.0,0.263160688537889
2022-11-16,2022,11,1574217246303.0,0.1938885326538297
2022-11-17,2022,11,1577444534837.0,0.3338852330130759
2022-11-18,2022,11,1570813819110.0,0.2255772626202468
2022-11-21,2022,11,1575614139547.0,0.5473379227651121
2022-11-22,2022,11,1574248654195.0,0.0418868650142512
2022-11-23,2022,11,1573776579156.0,-0.0279927785084899
2022-11-24,2022,11,1574251810566.0,-0.202398512308388
2022-11-25,2022,11,1566068296161.0,-0.302106009717229
2022-11-28,2022,11,1563811488144.0,-0.749082602571293
2022-11-29,2022,11,1566829769947.0,-0.471265084345506
2022-11-30,2022,11,1564269976387.0,-0.604063047761094
2022-12-01,2022,12,1565380338344.0,-0.56353578013738
2022-12-02,2022,12,1560290260154.0,-0.368951725870703
2022-12-05,2022,12,1567281516102.0,0.2218955407546241
2022-12-06,2022,12,1568077472870.0,0.0796323217066685
2022-12-07,2022,12,1570900794562.0,0.4238921845393539
2022-12-08,2022,12,1571082208819.0,0.3642482491527765
2022-12-09,2022,12,1568264132219.0,0.5110505569785984
2022-12-12,2022,12,1572185247036.0,0.3128813096830329
2022-12-13,2022,12,1571559752124.0,0.2220731637465833
2022-12-14,2022,12,1569455136294.0,-0.0920273433564045
2022-12-15,2022,12,1572481195177.0,0.0890460314646235
2022-12-16,2022,12,1566413010501.0,-0.118036348595229
2022-12-19,2022,12,1562658581170.0,-0.605950595450532
2022-12-20,2022,12,1561524805018.0,-0.638534239149202
2022-12-21,2022,12,1557887836064.0,-0.737026498082271
2022-12-22,2022,12,1552789256160.0,-1.25228454733815
2022-12-23,2022,12,1546635274690.0,-1.26261309618938
2022-12-26,2022,12,1550788035375.0,-0.759637833755866
2022-12-27,2022,12,1550577276870.0,-0.701079362480816
2022-12-28,2022,12,1547834258095.0,-0.645333876821352
2022-12-29,2022,12,1548458828291.0,-0.278880591929708
2022-12-30,2022,12,1540391547322.0,-0.403697463143104
2023-01-03,2023,1,1545147093336.0,-0.363746811964271
2023-01-04,2023,1,1544728973122.0,-0.377169447485092
2023-01-05,2023,1,1547075012980.0,-0.0490520939841698
2023-01-06,2023,1,1544207099237.0,-0.274578114465762
2023-01-09,2023,1,1547096486437.0,0.4352749874963146
2023-01-10,2023,1,1547152226238.0,0.12976970999381
2023-01-11,2023,1,1544796216315.0,0.0043530738511377
2023-01-12,2023,1,1542829982104.0,-0.274390759360987
2023-01-13,2023,1,1539035979400.0,-0.334872170938416
2023-01-16,2023,1,1539410235897.0,-0.496817787861547
2023-01-17,2023,1,1537151569235.0,-0.646391275105306
2023-01-18,2023,1,1532626778081.0,-0.787769811025906
2023-01-19,2023,1,1530557448346.0,-0.795456006193473
2023-01-20,2023,1,1511359637718.0,-1.79829075164245
2023-01-30,2023,1,1531083338789.0,-0.540914755133348
2023-01-31,2023,1,1535763389846.0,-0.0903085562141914
2023-02-01,2023,2,1545666318947.0,0.8507968836566127
2023-02-02,2023,2,1551395635084.0,1.361476941654094
2023-02-03,2023,2,1551834151129.0,2.678020002711756
2023-02-06,2023,2,1557713443642.0,1.7392981935302698
2023-02-07,2023,2,1564241439234.0,1.8543253196610987
2023-02-08,2023,2,1565615278662.0,1.290638184352133
2023-02-09,2023,2,1570441547143.0,1.2276631201149968
2023-02-10,2023,2,1566842967282.0,0.9671662491820276
2023-02-13,2023,2,1573223999282.0,0.995725863656638
2023-02-14,2023,2,1577230174422.0,0.8303536054101945
2023-02-15,2023,2,1581231709770.0,0.9974628710410992
2023-02-16,2023,2,1577808742715.0,0.4691161912649733
2023-02-17,2023,2,1572035615242.0,0.3314083203250106
2023-02-20,2023,2,1579831426593.0,0.4199927864064756
2023-02-21,2023,2,1582089867568.0,0.3081156590084122
2023-02-22,2023,2,1585030753478.0,0.2402585076258345
2023-02-23,2023,2,1585204288777.0,0.4687225936696348
2023-02-24,2023,2,1581748372102.0,0.6178458532254627
2023-02-27,2023,2,1581132926174.0,0.082382180724605
2023-02-28,2023,2,1581508084316.0,-0.0367730850140857
2023-03-01,2023,3,1585937260236.0,0.0571917457128812
2023-03-02,2023,3,1586202180355.0,0.0629503455841673
2023-03-03,2023,3,1583979990784.0,0.1410855684355505
2023-03-06,2023,3,1590158736646.0,0.5708445079213309
2023-03-07,2023,3,1586303632810.0,0.3032263028913906
2023-03-08,2023,3,1587428016452.0,0.0939984357122725
2023-03-09,2023,3,1590564704313.0,0.2750295020413906
2023-03-10,2023,3,1583184470509.0,-0.0502228740027366
2023-03-13,2023,3,1585406986338.0,-0.298822387884523
2023-03-14,2023,3,1586913472862.0,0.0384440935131458
2023-03-15,2023,3,1587293603101.0,-0.0084673666841506
2023-03-16,2023,3,1585551742093.0,-0.315168707466395
2023-03-17,2023,3,1585082599808.0,0.1198931226497945
2023-03-20,2023,3,1587445916805.0,0.1286061235108881
2023-03-21,2023,3,1590246448235.0,0.2100288030820518
2023-03-22,2023,3,1594987525619.0,0.484719556795854
2023-03-23,2023,3,1600578706686.0,0.9477435642159416
2023-03-24,2023,3,1602369558550.0,1.0906030224604013
2023-03-27,2023,3,1610550969671.0,1.455485986729088
2023-03-28,2023,3,1611426614277.0,1.3318794747510854
2023-03-29,2023,3,1610549383371.0,0.975672693487728
2023-03-30,2023,3,1610166578997.0,0.5990253569505333
2023-03-31,2023,3,1606585731552.0,0.2631211370375252
2023-04-03,2023,4,1618507225828.0,0.4940083429104458
2023-04-04,2023,4,1619402250324.0,0.49494255440099
2023-04-06,2023,4,1628153269802.0,1.0930361162942992
2023-04-07,2023,4,1627303809577.0,1.064314140135436
2023-04-10,2023,4,1627331452574.0,1.291292497784058
2023-04-11,2023,4,1628412610608.0,0.6120074487114158
2023-04-12,2023,4,1636045529856.0,1.0277421516902363
2023-04-13,2023,4,1635223066809.0,0.4342218351383931
2023-04-14,2023,4,1635760540896.0,0.5196774732063147
2023-04-17,2023,4,1640093921597.0,0.7842575034614718
2023-04-18,2023,4,1641574773538.0,0.8082818104120149
2023-04-19,2023,4,1644013703918.0,0.4870386500002377
2023-04-20,2023,4,1648638260412.0,0.8203892102120802
2023-04-21,2023,4,1638128030562.0,0.1447332666860479
2023-04-24,2023,4,1638972631685.0,-0.0683674207455298
2023-04-25,2023,4,1629714284520.0,-0.722506778807141
2023-04-26,2023,4,1624611975425.0,-1.1801439639318
2023-04-27,2023,4,1616908897597.0,-1.92458003534812
2023-04-28,2023,4,1607045675914.0,-1.89743134041461
2023-05-04,2023,5,1617379110038.0,-1.31750349148905
2023-05-05,2023,5,1612479047286.0,-1.05756189276308
2023-05-08,2023,5,1619553992253.0,-0.311334844782051
2023-05-09,2023,5,1620448325396.0,0.2189008795894453
2023-05-10,2023,5,1621036722839.0,0.8706066750120645
2023-05-11,2023,5,1620195670822.0,0.1741435119644752
2023-05-12,2023,5,1613636490832.0,0.071780377422459
2023-05-15,2023,5,1617128146222.0,-0.149784819932141
2023-05-16,2023,5,1616135854317.0,-0.266128269036047
2023-05-17,2023,5,1616614213757.0,-0.272819796102741
2023-05-18,2023,5,1620674892382.0,0.0295780052144589
2023-05-19,2023,5,1616203349856.0,0.1590729410610114
2023-05-22,2023,5,1614926993837.0,-0.13611490160148
2023-05-23,2023,5,1611026314848.0,-0.316157794244309
2023-05-24,2023,5,1611524873257.0,-0.314814781206973
2023-05-25,2023,5,1610419247321.0,-0.632800884940387
2023-05-26,2023,5,1609108091441.0,-0.439007778051703
2023-05-29,2023,5,1610941897468.0,-0.246766348213156
2023-05-30,2023,5,1611942290849.0,0.0568566753105015
2023-05-31,2023,5,1613199818228.0,0.1039354091764588
2023-06-01,2023,6,1613830265088.0,0.211809301998489
2023-06-02,2023,6,1608177274913.0,-0.0578467371428415
2023-06-05,2023,6,1609966296157.0,-0.060560924793962
2023-06-06,2023,6,1603311319506.0,-0.535439227073952
2023-06-07,2023,6,1602827838760.0,-0.642944497687392
2023-06-08,2023,6,1599826196623.0,-0.867753491054801
2023-06-09,2023,6,1599027956214.0,-0.568924759833766
2023-06-12,2023,6,1601722119846.0,-0.512071360169397
2023-06-13,2023,6,1602497105623.0,-0.0507832679214725
2023-06-14,2023,6,1602719787222.0,-0.00674130654503279
2023-06-15,2023,6,1603624609201.0,0.2374265770880512
2023-06-16,2023,6,1603395991946.0,0.2731681904012628
2023-06-19,2023,6,1610139318382.0,0.5255092897642699
2023-06-20,2023,6,1613774442798.0,0.7037352601404923
2023-06-21,2023,6,1601377658214.0,-0.083740714920999
2023-06-26,2023,6,1596160819906.0,-0.46543244922631
2023-06-27,2023,6,1595550088648.0,-0.489330354909867
2023-06-28,2023,6,1590518420859.0,-1.21858383923676
2023-06-29,2023,6,1592310981899.0,-1.33001616147707
2023-06-30,2023,6,1588287307916.0,-0.817443045421251
2023-07-03,2023,7,1591577763665.0,-0.287129979876954
2023-07-04,2023,7,1595227594495.0,-0.0202120983411546
2023-07-05,2023,7,1596297435576.0,0.3633415772625215
2023-07-06,2023,7,1597396426048.0,0.3193750596968803
2023-07-07,2023,7,1592379836173.0,0.257669266549132
2023-07-10,2023,7,1592860394613.0,0.0805886446318737
2023-07-11,2023,7,1593575876980.0,-0.103541182505861
2023-07-12,2023,7,1589550092669.0,-0.422687073011884
2023-07-13,2023,7,1588830505774.0,-0.536242609180759
2023-07-14,2023,7,1587887772997.0,-0.28209746656902
2023-07-17,2023,7,1589112403422.0,-0.235299415044509
2023-07-18,2023,7,1588766266542.0,-0.301812452577709
2023-07-19,2023,7,1588666943157.0,-0.0555597156750908
2023-07-20,2023,7,1581884614408.0,-0.437170065702907
2023-07-21,2023,7,1575770120645.0,-0.763130276463364
2023-07-24,2023,7,1575288715034.0,-0.869899974239207
2023-07-25,2023,7,1577122541060.0,-0.732878443305762
2023-07-26,2023,7,1575449949802.0,-0.831954955186209
2023-07-27,2023,7,1573464884680.0,-0.532259410788371
2023-07-28,2023,7,1571986855032.0,-0.240089944810695
2023-07-31,2023,7,1579353013900.0,0.2580034267503972
2023-08-01,2023,8,1581500427175.0,0.2775869344976645
2023-08-02,2023,8,1584206748429.0,0.5558284240067657
2023-08-03,2023,8,1587266504361.0,0.8771482487711646
2023-08-04,2023,8,1589283893224.0,1.1003296965640177
2023-08-07,2023,8,1593675811497.0,0.9068775296557474
2023-08-08,2023,8,1593121030522.0,0.734783446613263
2023-08-09,2023,8,1589602119496.0,0.3405724077586658
2023-08-10,2023,8,1588555956178.0,0.0812372599974464
2023-08-11,2023,8,1581573154516.0,-0.48517063193525
2023-08-14,2023,8,1580105099174.0,-0.851535313838547
2023-08-15,2023,8,1579227736220.0,-0.872080277381548
2023-08-16,2023,8,1576239043923.0,-0.84065536961142
2023-08-17,2023,8,1579178014195.0,-0.590343824309658
2023-08-18,2023,8,1572831750779.0,-0.552703092616357
2023-08-21,2023,8,1571512439780.0,-0.543803029209377
2023-08-22,2023,8,1573167837407.0,-0.383725454791261
2023-08-23,2023,8,1568577062668.0,-0.486092593920939
2023-08-24,2023,8,1567624323050.0,-0.73162689963675
2023-08-25,2023,8,1556662433958.0,-1.02803855612602
2023-08-28,2023,8,1565562511119.0,-0.378611617088631
2023-08-29,2023,8,1571607681166.0,-0.0991729047532197
2023-08-30,2023,8,1573421538610.0,0.3088452621996085
2023-08-31,2023,8,1570987197332.0,0.2145204200109107
2023-09-01,2023,9,1565820254105.0,0.5882983970850519
2023-09-04,2023,9,1570248474246.0,0.2993149806359785
2023-09-05,2023,9,1571353243093.0,-0.0161896684553797
2023-09-06,2023,9,1574220203465.0,0.050759750988627
2023-09-07,2023,9,1570206455026.0,-0.049697560064521
2023-09-08,2023,9,1566139044250.0,0.0203593065145391
2023-09-11,2023,9,1592785133577.0,1.4352288634970067
2023-09-12,2023,9,1600472299049.0,1.85311966510362
2023-09-13,2023,9,1604470696312.0,1.9216176225165915
2023-09-14,2023,9,1606044446519.0,2.282374485105953
2023-09-15,2023,9,1606976700371.0,2.6075370683678045
2023-09-18,2023,9,1610039885468.0,1.0833069399794226
2023-09-19,2023,9,1609162303189.0,0.5429649825969163
2023-09-20,2023,9,1607725568349.0,0.2028626664532851
2023-09-21,2023,9,857929859046.0,-46.5811882787236
2023-09-22,2023,9,858380764024.0,-46.5841188720516
2023-09-25,2023,9,858752662538.0,-46.6626466655277
2023-09-26,2023,9,857763235669.0,-46.695045368071
2023-09-27,2023,9,857437823402.0,-46.66765023321
2023-09-28,2023,9,1590652072045.0,85.40584119706148
2023-10-09,2023,10,1603704761058.0,86.82906563982147
2023-10-10,2023,10,1611163145958.0,87.61666964691427
2023-10-11,2023,10,1618101770972.0,88.64200558910467
2023-10-12,2023,10,1624805231991.0,89.49539985819221
2023-10-13,2023,10,1623048241086.0,2.0366596574039164
2023-10-16,2023,10,1626335143414.0,1.4111314567071709
2023-10-17,2023,10,1626817632213.0,0.9716263864570918
2023-10-18,2023,10,1624486393841.0,0.3945748644206048
2023-10-19,2023,10,1623821807915.0,-0.0605256591151515
2023-10-20,2023,10,1618454618569.0,-0.283024398210518
2023-10-23,2023,10,1616340844394.0,-0.614528872506559
2023-10-24,2023,10,1619581122661.0,-0.444826107653872
2023-10-25,2023,10,1620473254211.0,-0.247040519712271
2023-10-26,2023,10,1621059367528.0,-0.170119675295343
2023-10-27,2023,10,1620018247113.0,0.096612442885946
2023-10-30,2023,10,1630347894754.0,0.8665901383721808
2023-10-31,2023,10,1632363714554.0,0.789252956468034
2023-11-01,2023,11,1634419696832.0,0.8606400991042928
2023-11-02,2023,11,1630591139179.0,0.5879964572509833
2023-11-03,2023,11,1626469832882.0,0.3982415494700353
2023-11-06,2023,11,1636735701585.0,0.3918063654729353
2023-11-07,2023,11,1642798797301.0,0.639262111376393
2023-11-08,2023,11,1650250319037.0,0.9685775468617042
2023-11-09,2023,11,1650434099416.0,1.2169181936675375
2023-11-10,2023,11,1649747336217.0,1.431167234977471
2023-11-13,2023,11,1655464525256.0,1.1442790459609942
2023-11-14,2023,11,1661668200889.0,1.1486131849500314
2023-11-15,2023,11,1667003549606.0,1.015193293752925
2023-11-16,2023,11,1667134505624.0,1.0118796148182785
2023-11-17,2023,11,1666345872268.0,1.0061259495082189
2023-11-20,2023,11,1674273040003.0,1.13614725414255
2023-11-21,2023,11,1674263394019.0,0.7579848445833814
2023-11-22,2023,11,1673758139343.0,0.4051934825571646
2023-11-23,2023,11,1675801999309.0,0.5199036823819947
2023-11-24,2023,11,1670023426582.0,0.2206957376138518
2023-11-27,2023,11,1671329301079.0,-0.175821915163532
2023-11-28,2023,11,1671833404112.0,-0.145137850811327
2023-11-29,2023,11,1673659472566.0,-0.00589492440280503
2023-11-30,2023,11,1671036331563.0,-0.284381314019499
2023-12-01,2023,12,1669682587098.0,-0.0204092636411412
2023-12-04,2023,12,1669663011877.0,-0.0996984377001131
2023-12-05,2023,12,1667731531019.0,-0.245351784628244
2023-12-06,2023,12,1668256337367.0,-0.322833604300409
2023-12-07,2023,12,1669728185142.0,-0.0782835415539029
2023-12-08,2023,12,1666957387794.0,-0.163216609256044
2023-12-11,2023,12,1670751337133.0,0.0651823301024423
2023-12-12,2023,12,1673323367026.0,0.3352959336076822
2023-12-13,2023,12,1674631509647.0,0.3821458451680026
2023-12-14,2023,12,1672356830330.0,0.1574295272362746
2023-12-15,2023,12,1670121639632.0,0.189821999120654
2023-12-18,2023,12,1666485890551.0,-0.25530110239621
2023-12-19,2023,12,1667011555797.0,-0.377202120843978
2023-12-20,2023,12,1661377506868.0,-0.791457864171796
2023-12-21,2023,12,1663258136011.0,-0.544064170635438
2023-12-22,2023,12,1654557527433.0,-0.931914887494633
2023-12-25,2023,12,1654626643768.0,-0.711631994620665
2023-12-26,2023,12,1651838664017.0,-0.910185159019238
2023-12-27,2023,12,1653384500056.0,-0.481107200438046
2023-12-28,2023,12,1657824209553.0,-0.32670373529825
2023-12-29,2023,12,1649751275986.0,-0.290485605203272
2024-01-02,2024,1,1654171974193.0,-0.0274786808681315
2024-01-03,2024,1,1654996230366.0,0.1911546458975177
2024-01-04,2024,1,1656839132690.0,0.2089430881856646
2024-01-05,2024,1,1647734775386.0,-0.608594934786266
2024-01-08,2024,1,1646867731438.0,-0.174786623291234
2024-01-09,2024,1,1644366380594.0,-0.59277957503685
2024-01-10,2024,1,1641385892196.0,-0.822378801853229
2024-01-11,2024,1,1642973637176.0,-0.836864318353491
2024-01-12,2024,1,1637570421026.0,-0.616868352348687
2024-01-15,2024,1,1637775136449.0,-0.55211446647635
2024-01-16,2024,1,1635987853865.0,-0.509529191783486
2024-01-17,2024,1,1633679027209.0,-0.469534009256589
2024-01-18,2024,1,1628851545455.0,-0.859544633063835
2024-01-19,2024,1,1621218629292.0,-0.998539758904226
2024-01-22,2024,1,1603869249729.0,-2.07024065547326
2024-01-23,2024,1,1601047389817.0,-2.13574104266444
2024-01-24,2024,1,1600078428575.0,-2.05674419971
2024-01-25,2024,1,1605747562718.0,-1.41842163587389
2024-01-26,2024,1,1600274088915.0,-1.29190104274502
2024-01-29,2024,1,1595446144523.0,-0.525174056889188
2024-01-30,2024,1,1586249930085.0,-0.92423621100256
2024-01-31,2024,1,1565242331801.0,-2.17714932917534
2024-02-01,2024,2,1553467059777.0,-3.25583573376293
2024-02-02,2024,2,1522559482515.0,-4.85633098344366
2024-02-05,2024,2,1480771657231.0,-7.18761254873224
2024-02-06,2024,2,1463896018532.0,-7.71340689965821
2024-02-07,2024,2,1442811787040.0,-7.82182683624004
2024-02-08,2024,2,1420113394040.0,-8.5842609212546
2024-02-19,2024,2,1434539398377.0,-5.78106045437425
2024-02-20,2024,2,1440632089558.0,-2.7107196087248
2024-02-21,2024,2,1445059676274.0,-1.28672679066981
2024-02-22,2024,2,1450898809712.0,0.5605043391412101
2024-02-23,2024,2,1455097680371.0,2.463485414462241
2024-02-26,2024,2,1463738882447.0,2.035460587770221
2024-02-27,2024,2,1475755485514.0,2.438054532491796
2024-02-28,2024,2,1477615686834.0,2.252918069373
2024-02-29,2024,2,1483269235129.0,2.2310601676918784
2024-03-01,2024,3,1485229344314.0,2.070765718994028
2024-03-04,2024,3,1494966568126.0,2.133419153749272
2024-03-05,2024,3,1490806579544.0,1.0198907730814
2024-03-06,2024,3,1495839821040.0,1.233347369575366
2024-03-07,2024,3,1493301230969.0,0.6763435526340844
2024-03-08,2024,3,1494939483832.0,0.6537804787640322
2024-03-11,2024,3,1503837341576.0,0.5933760419217782
2024-03-12,2024,3,1510679697498.0,1.3330446904841642
2024-03-13,2024,3,1517097077919.0,1.4210917893749286
2024-03-14,2024,3,1517883899311.0,1.6461962149491027
2024-03-15,2024,3,1517794353350.0,1.528815698908148
2024-03-18,2024,3,1531701629506.0,1.852879108640737
2024-03-19,2024,3,1535017642920.0,1.6110592776422905
2024-03-20,2024,3,1541924612947.0,1.636515908530778
2024-03-21,2024,3,1547637116599.0,1.9601774089247348
2024-03-22,2024,3,1544903727817.0,1.786103262748706
2024-03-25,2024,3,1543862069723.0,0.7939170385894201
2024-03-26,2024,3,1542742243811.0,0.5032255444507916
2024-03-27,2024,3,1537858925986.0,-0.263676117941291
2024-03-28,2024,3,1542118391961.0,-0.356590351756858
2024-03-29,2024,3,1536787833160.0,-0.525333359669477
2024-04-01,2024,4,1544869773475.0,0.065271617961371
2024-04-02,2024,4,1546561635516.0,0.2475716031191899
2024-04-03,2024,4,1539926029118.0,0.1344143534280695
2024-04-08,2024,4,1545079491888.0,0.192015084084085
2024-04-09,2024,4,1546412285710.0,0.626270740978585
2024-04-10,2024,4,1542935055510.0,-0.125235019690239
2024-04-11,2024,4,1540533089422.0,-0.389803157892809
2024-04-12,2024,4,1535592846034.0,-0.281389040906199
2024-04-15,2024,4,1532993013318.0,-0.782256099667144
2024-04-16,2024,4,1523722712220.0,-1.46723960354353
2024-04-17,2024,4,1530015281760.0,-0.837350457743635
2024-04-18,2024,4,1532204457186.0,-0.540633128440293
2024-04-19,2024,4,1527010232479.0,-0.558912056484661
2024-04-22,2024,4,1527561066282.0,-0.35433605951296
2024-04-23,2024,4,1524365910591.0,0.0422122979359507
2024-04-24,2024,4,1524599554522.0,-0.353965565087044
2024-04-25,2024,4,1523721234665.0,-0.553661261146576
2024-04-26,2024,4,1519795047583.0,-0.472504030590981
2024-04-29,2024,4,1525567769799.0,-0.130488824767682
2024-04-30,2024,4,1510894032730.0,-0.883769294983571
2024-05-06,2024,5,1526755673911.0,0.1414220135775856
2024-05-07,2024,5,1529962124405.0,0.4095821202735994
2024-05-08,2024,5,1533614967144.0,0.9093278454209042
2024-05-09,2024,5,1534949981157.0,0.6149980055776938
2024-05-10,2024,5,1532822264072.0,1.4513414486374332
2024-05-13,2024,5,1534514382038.0,0.508182694820114
2024-05-14,2024,5,1536481001027.0,0.4260809152079714
2024-05-15,2024,5,1534565260754.0,0.0619642889746696
2024-05-16,2024,5,1537215799415.0,0.1476151200895836
2024-05-17,2024,5,1533032520103.0,0.0137169217807153
2024-05-20,2024,5,1535770462284.0,0.0818552279928219
2024-05-21,2024,5,1537055796622.0,0.0374098732503602
2024-05-22,2024,5,1539459121696.0,0.3189086229930415
2024-05-23,2024,5,1536829280372.0,-0.0251440977348194
2024-05-24,2024,5,1529122008350.0,-0.255083418108914
2024-05-27,2024,5,1529411917872.0,-0.41402960716822
2024-05-28,2024,5,1529580094691.0,-0.486365032904423
2024-05-29,2024,5,1529377397996.0,-0.654887392455938
2024-05-30,2024,5,1528468840498.0,-0.54400576438629
2024-05-31,2024,5,1525370607260.0,-0.24533039675807
2024-06-03,2024,6,1523853106475.0,-0.363460708788931
2024-06-04,2024,6,1520721769170.0,-0.579134466494835
2024-06-05,2024,6,1519254468319.0,-0.661898736718902
2024-06-06,2024,6,1511804693162.0,-1.09025103387587
2024-06-07,2024,6,1502792123521.0,-1.4801965916701
2024-06-11,2024,6,1506949969258.0,-1.10923665445028
2024-06-12,2024,6,1508905293578.0,-0.777030738400574
2024-06-13,2024,6,1509727734707.0,-0.627066354627281
2024-06-14,2024,6,802668649743.0,-46.9065909522885
2024-06-17,2024,6,804381835000.0,-46.4741781374688
2024-06-18,2024,6,805641493072.0,-46.538272039072
2024-06-19,2024,6,804658532210.0,-46.6726947254622
2024-06-20,2024,6,802884656478.0,-46.8192417731651
2024-06-21,2024,6,800064458543.0,-0.324441623680438
2024-06-24,2024,6,796997750908.0,-0.917982451953303
2024-06-25,2024,6,792838981179.0,-1.58910781074378
2024-06-26,2024,6,792788500995.0,-1.47516377939831
2024-06-27,2024,6,790749351822.0,-1.51146301751906
2024-06-28,2024,6,787092403511.0,-1.62137623956243
2024-07-01,2024,7,786500764673.0,-1.31706597955151
2024-07-02,2024,7,786636278194.0,-0.782340819793725
2024-07-03,2024,7,786412617540.0,-0.804235107723916
2024-07-04,2024,7,782635730810.0,-1.02606736171266
2024-07-05,2024,7,780110827118.0,-0.887008483610962
2024-07-08,2024,7,1463189800630.0,86.03793745049238
2024-07-09,2024,7,1463166095248.0,86.00287525604742
2024-07-10,2024,7,1461078170719.0,85.7902757574568
2024-07-11,2024,7,1463867363300.0,87.04325724880331
2024-07-12,2024,7,1458342409824.0,86.94041399369148
2024-07-15,2024,7,1455742755403.0,-0.508959618485149
2024-07-16,2024,7,1455314605702.0,-0.536609587353043
2024-07-17,2024,7,1449685757144.0,-0.779726492621113
2024-07-18,2024,7,1444809590438.0,-1.30187839006383
2024-07-19,2024,7,1438951778571.0,-1.32963501043216
2024-07-22,2024,7,1441357402433.0,-0.988179602241445
2024-07-23,2024,7,1436853737025.0,-1.26851394225477
2024-07-24,2024,7,1433883056657.0,-1.09007765366562
2024-07-25,2024,7,1433240599416.0,-0.800727729007721
2024-07-26,2024,7,1429727453290.0,-0.641044781233779
2024-07-29,2024,7,1431046840260.0,-0.715336956371537
2024-07-30,2024,7,1430809940577.0,-0.42062711689178
2024-07-31,2024,7,1435914270332.0,0.1416582520847642
2024-08-01,2024,8,1437143911530.0,0.2723417209637091
2024-08-02,2024,8,1432000921897.0,0.1590141255082278
2024-08-05,2024,8,1425370868901.0,-0.396630718109047
2024-08-06,2024,8,1426431545101.0,-0.306008181228756
2024-08-07,2024,8,1425701196388.0,-0.711259310880629
2024-08-08,2024,8,752015559599.0,-47.6729119773123
2024-08-09,2024,8,1420972920630.0,-0.770111324536793
2024-08-12,2024,8,1418882291436.0,-0.455220294350677
2024-08-13,2024,8,1419348703828.0,-0.496542669525612
2024-08-14,2024,8,1419323911484.0,-0.44730865907645
2024-08-15,2024,8,1416723557782.0,88.39019215738631
2024-08-16,2024,8,1413175814856.0,-0.548716000199578
2024-08-19,2024,8,1412765932716.0,-0.431068789632282
2024-08-20,2024,8,1410576115496.0,-0.618071394882757
2024-08-21,2024,8,1408467877676.0,-0.764873593699222
2024-08-22,2024,8,1402221798425.0,-1.0236124949954
2024-08-23,2024,8,1396443872550.0,-1.183995800813
2024-08-26,2024,8,1396160902185.0,-1.17535609731735
2024-08-27,2024,8,1392279089014.0,-1.29713145437502
2024-08-28,2024,8,1390320024570.0,-1.28848185987345
2024-08-29,2024,8,1390926350206.0,-0.805539339902383
2024-08-30,2024,8,1391820123629.0,-0.331108826633808
2024-09-02,2024,9,1392978571600.0,-0.227934372035465
2024-09-03,2024,9,1392607534009.0,0.0235904566542544
2024-09-04,2024,9,1391171324861.0,0.0612305279328317
2024-09-05,2024,9,1390516482799.0,-0.0294672257046046
2024-09-06,2024,9,1385038004670.0,-0.487284157188105
2024-09-09,2024,9,1385433004009.0,-0.541685833855509
2024-09-10,2024,9,1385580643007.0,-0.504585163471804
2024-09-11,2024,9,1383624869839.0,-0.542453318807012
2024-09-12,2024,9,1382250241063.0,-0.594472761614495
2024-09-13,2024,9,1373246596552.0,-0.851341846089592
2024-09-18,2024,9,1371980134751.0,-0.971022721349335
2024-09-19,2024,9,1373933565485.0,-0.840591818367453
2024-09-20,2024,9,1370195341180.0,-0.970604746397962
2024-09-23,2024,9,1369773091592.0,-0.902669364803632
2024-09-24,2024,9,1371448632801.0,-0.130927959735305
2024-09-25,2024,9,1371036685257.0,-0.0687655360382621
2024-09-26,2024,9,1374851519449.0,0.0668121070086735
2024-09-27,2024,9,1393497445321.0,1.7006410283757267
2024-09-30,2024,9,1438994239981.0,5.053475558389642
2024-10-08,2024,10,1546249017879.0,12.745674967132658
2024-10-09,2024,10,1585107761230.0,15.613810941380656
2024-10-10,2024,10,1586746823361.0,15.41223186027545
2024-10-11,2024,10,1578502348428.0,13.276300127294682
2024-10-14,2024,10,1585532649153.0,10.183390947689608
2024-10-15,2024,10,1587448440314.0,2.664475253249532
2024-10-16,2024,10,1589295344973.0,0.264182905757182
2024-10-17,2024,10,1592920044143.0,0.3890488823493632
2024-10-18,2024,10,1609082085792.0,1.937262709457088
2024-10-21,2024,10,853235086597.0,-46.1862177954643
2024-10-22,2024,10,857861658377.0,-45.9597151887771
2024-10-23,2024,10,861244667171.0,-45.8096526932424
2024-10-24,2024,10,864665131315.0,-45.7182339757552
2024-10-25,2024,10,866392364261.0,-46.156111492935
2024-10-28,2024,10,873387975197.0,2.361938569635802
2024-10-29,2024,10,874289019634.0,1.9149196256281087
2024-10-30,2024,10,878312046213.0,1.9817108532076635
2024-10-31,2024,10,883342000276.0,2.1600118108840327
2024-11-01,2024,11,880184937050.0,1.591954564461617
2024-11-04,2024,11,886278268800.0,1.4758954747565056
2024-11-05,2024,11,897494118526.0,2.654167943423813
2024-11-06,2024,11,909320786196.0,3.5304923935291166
2024-11-07,2024,11,923086547360.0,4.499338542895259
2024-11-08,2024,11,931366103300.0,5.814819601609766
2024-11-11,2024,11,949499602161.0,7.133350279094652
2024-11-12,2024,11,952315641505.0,6.108287714356964
2024-11-13,2024,11,955670559061.0,5.097186116122665
2024-11-14,2024,11,952643363991.0,3.201955083792707
2024-11-15,2024,11,949015180663.0,1.89496668393514
2024-11-18,2024,11,948739027296.0,-0.0801027049689095
2024-11-19,2024,11,950497225060.0,-0.190946821174353
2024-11-20,2024,11,952736158672.0,-0.307051458389928
2024-11-21,2024,11,954250184717.0,0.1686697022974526
2024-11-22,2024,11,949297733844.0,0.0297733046591197
2024-11-25,2024,11,950161295866.0,0.1499114644891941
2024-11-26,2024,11,948415156289.0,-0.219050483905258
2024-11-27,2024,11,949449434067.0,-0.344977418468228
2024-11-28,2024,11,950838775984.0,-0.357496261214951
2024-11-29,2024,11,953089131520.0,0.3993897320967443
2024-12-02,2024,12,956813224115.0,0.7000841097128951
2024-12-03,2024,12,957254869326.0,0.9320510093479006
2024-12-04,2024,12,957404237112.0,0.8378332494154428
2024-12-05,2024,12,959666204488.0,0.928383310289882
2024-12-06,2024,12,958785450990.0,0.5976691247035149
2024-12-09,2024,12,959008411507.0,0.2294269494477863
2024-12-10,2024,12,963915708950.0,0.6958271864095922
2024-12-11,2024,12,966280886988.0,0.9271579894795768
2024-12-12,2024,12,968927203519.0,0.9650229410694822
2024-12-13,2024,12,964577393361.0,0.6040915999527829
2024-12-16,2024,12,964021905295.0,0.5227789170401342
2024-12-17,2024,12,961969494856.0,-0.201907083361052
2024-12-18,2024,12,962512024797.0,-0.390037952913246
2024-12-19,2024,12,963634965926.0,-0.546195583505071
2024-12-20,2024,12,966773683858.0,0.2276945854336354
2024-12-23,2024,12,963295965034.0,-0.0753032951857912
2024-12-24,2024,12,964035332133.0,0.2147508094640038
2024-12-25,2024,12,962933572352.0,0.0437966014075419
2024-12-26,2024,12,963990713752.0,0.0369172807732409
2024-12-27,2024,12,962346447683.0,-0.457939251855998
2024-12-30,2024,12,963656736573.0,0.0374517855462386
2024-12-31,2024,12,956739943807.0,-0.756755285084664
2025-01-02,2025,1,954949327792.0,-0.829158395682294
2025-01-03,2025,1,946947457919.0,-1.76798962789433
2025-01-06,2025,1,943347213229.0,-1.97426140032455
2025-01-07,2025,1,943183939244.0,-2.12449065647653
2025-01-08,2025,1,941818393140.0,-1.55962451067163
2025-01-09,2025,1,941789050050.0,-1.37811267666199
2025-01-10,2025,1,938772520006.0,-0.863293717580182
2025-01-13,2025,1,938227306356.0,-0.54273832595264
2025-01-14,2025,1,941749375660.0,-0.152097965657671
2025-01-15,2025,1,942125025141.0,0.0325574445384946
2025-01-16,2025,1,942441683008.0,0.0692971486518478
2025-01-17,2025,1,938738218128.0,-0.00365390733846338
2025-01-20,2025,1,938359154658.0,0.0140529167192982
2025-01-21,2025,1,938756131925.0,-0.317838674743187
2025-01-22,2025,1,939549804824.0,-0.273341674223603
2025-01-23,2025,1,936306777400.0,-0.65095864482767
2025-01-24,2025,1,929654447673.0,-0.967657466116012
2025-01-27,2025,1,913324547960.0,-2.667913087833
2025-02-05,2025,2,924005790652.0,-1.57126443933347
2025-02-06,2025,2,930471519482.0,-0.966237797654656
2025-02-07,2025,2,935075850022.0,-0.131466246716505
2025-02-10,2025,2,943783723660.0,1.519841702728009
2025-02-11,2025,2,946533867746.0,3.636091886523385
2025-02-12,2025,2,948697176296.0,2.672211136964542
2025-02-13,2025,2,948138196720.0,1.8986800636128232
2025-02-14,2025,2,948723859426.0,1.4595617461063526
2025-02-17,2025,2,956707482135.0,1.3693559393969543
2025-02-18,2025,2,952684994594.0,0.6498580830126777
2025-02-19,2025,2,957733543887.0,0.9525028446148333
2025-02-20,2025,2,960814174147.0,1.3369335262360948
2025-02-21,2025,2,964283666946.0,1.6400776016547214
2025-02-24,2025,2,968513695048.0,1.2340462611051262
2025-02-25,2025,2,971509910732.0,1.9759853723761545
2025-02-26,2025,2,976073289480.0,1.9149110637356916
2025-02-27,2025,2,975728098753.0,1.5522173805606387
2025-02-28,2025,2,968344671508.0,0.4211421079921118
2025-03-03,2025,3,967178110920.0,-0.137900386419809
2025-03-04,2025,3,966721653200.0,-0.49286759497823
2025-03-05,2025,3,967231621433.0,-0.905840590280915
2025-03-06,2025,3,973302315629.0,-0.248612613196252
2025-03-07,2025,3,969605839864.0,0.1302396133430416
2025-03-10,2025,3,973963162946.0,0.7015307676417448
2025-03-11,2025,3,973919057508.0,0.7445167162828614
2025-03-12,2025,3,979099610107.0,1.227005859921837
2025-03-13,2025,3,976279043906.0,0.3058379939306244
2025-03-14,2025,3,975978447927.0,0.6572369720766025
2025-03-17,2025,3,979591971469.0,0.5779282766685157
2025-03-18,2025,3,982905005053.0,0.9226585593255175
2025-03-19,2025,3,983007714936.0,0.3991529348656319
2025-03-20,2025,3,984784633934.0,0.871225299886591
2025-03-21,2025,3,979243147557.0,0.3345052994699005
2025-03-24,2025,3,977328022491.0,-0.231111426383479
2025-03-25,2025,3,976596806761.0,-0.641791247330136
2025-03-26,2025,3,977089063602.0,-0.602096122346851
2025-03-27,2025,3,976080645869.0,-0.883846860021508
2025-03-28,2025,3,974683713975.0,-0.465607912945298
2025-03-31,2025,3,974503603941.0,-0.288993918623259
2025-04-01,2025,4,972509793196.0,-0.418495487257952
2025-04-02,2025,4,970978771983.0,-0.625356668764121
2025-04-03,2025,4,966337667410.0,-0.998173511608346
2025-04-07,2025,4,946462506948.0,-2.89542203510377
2025-04-08,2025,4,928518994347.0,-4.71877265594844
2025-04-09,2025,4,926613945467.0,-4.71931985159456
2025-04-10,2025,4,928283646725.0,-4.39712241811477
2025-04-11,2025,4,925779402960.0,-4.19711099109954
2025-04-14,2025,4,930615626421.0,-1.67432734109039
2025-04-15,2025,4,930225843493.0,0.183824903571339
2025-04-16,2025,4,926999292213.0,0.0415865472223053
2025-04-17,2025,4,924732752658.0,-0.382522527411488
2025-04-18,2025,4,921386443983.0,-0.474514658994829
2025-04-21,2025,4,924596083447.0,-0.646834504289406
2025-04-22,2025,4,922497136230.0,-0.830842027993838
2025-04-23,2025,4,922656902519.0,-0.468435060358407
2025-04-24,2025,4,921125102882.0,-0.390128906500863
2025-04-25,2025,4,917656708451.0,-0.404796006752272
2025-04-28,2025,4,918322764710.0,-0.678492895363813
2025-04-29,2025,4,918038190840.0,-0.483356014331115
2025-04-30,2025,4,909775901975.0,-1.39607697171427
2025-05-06,2025,5,916017125582.0,-0.554536759883994
2025-05-07,2025,5,919063647432.0,0.153318661329771
2025-05-08,2025,5,919144069698.0,0.0894353292286487
2025-05-09,2025,5,917211839260.0,-0.0900127672514239
2025-05-12,2025,5,917884639532.0,0.8912895515694519
2025-05-13,2025,5,917835823004.0,0.1985440415040784
2025-05-14,2025,5,917809942938.0,-0.136411063314612
2025-05-15,2025,5,916521958451.0,-0.285277502564051
2025-05-16,2025,5,915459803172.0,-0.191017604985732
2025-05-19,2025,5,917931906826.0,0.0051495898247155
2025-05-20,2025,5,918019723226.0,0.0200362872521342
2025-05-21,2025,5,917204711968.0,-0.0659429519866194
2025-05-22,2025,5,916007288138.0,-0.0561547171079035
2025-05-23,2025,5,913837300717.0,-0.177233609753058
2025-05-26,2025,5,916217276594.0,-0.186792747833419
2025-05-27,2025,5,918470043728.0,0.049053467001503
2025-05-28,2025,5,918250740308.0,0.1140452427196514
2025-05-29,2025,5,916592382723.0,0.0638744464783958
2025-05-30,2025,5,913248498539.0,-0.0644318389649956
2025-06-03,2025,6,914765918850.0,-0.15840759403658
2025-06-04,2025,6,915910446617.0,-0.278680521861196
2025-06-05,2025,6,918028506364.0,-0.0242018801885679
2025-06-06,2025,6,915866320420.0,-0.0792132158946135
2025-06-09,2025,6,920084438235.0,0.7485300777319681
2025-06-10,2025,6,920993462953.0,0.6807800744073278
2025-06-11,2025,6,922059308135.0,0.67133872538645
2025-06-12,2025,6,923905947540.0,0.6402242561375893
2025-06-13,2025,6,921672397577.0,0.6339437347513188
2025-06-16,2025,6,924984439785.0,0.5325599854073992
2025-06-17,2025,6,928515521647.0,0.8167331253233767
2025-06-18,2025,6,928508638612.0,0.6994485517471505
2025-06-19,2025,6,1815462102155.0,96.49858375615668
2025-06-20,2025,6,1807115720585.0,96.06920260775486
2025-06-23,2025,6,1811433035875.0,95.83389276213585
2025-06-24,2025,6,1816534468306.0,95.6385677951654
2025-06-25,2025,6,1823647482894.0,96.4060868211325
2025-06-26,2025,6,1832725944347.0,0.9509337689565412
2025-06-27,2025,6,1833658589387.0,1.4687974045960672
2025-06-30,2025,6,1844638408468.0,1.8330996473717496
2025-07-01,2025,7,1848693761551.0,1.7703651544245025
2025-07-02,2025,7,1849691648829.0,1.4281359845746966
2025-07-03,2025,7,1853210237702.0,1.117695388019313
2025-07-04,2025,7,1847061494097.0,0.7309378522029286
2025-07-07,2025,7,1853468896726.0,0.4787110697393348
2025-07-08,2025,7,1859011364485.0,0.55810232871365
2025-07-09,2025,7,1862876452656.0,0.7128109074475697
2025-07-10,2025,7,1867724084067.0,0.7831732239401701
2025-07-11,2025,7,1869890784259.0,1.2359788905220492
2025-07-14,2025,7,1879477701152.0,1.4032501150649246
2025-07-15,2025,7,1884498963374.0,1.371029751400199
2025-07-16,2025,7,1891256494222.0,1.5234526973346485
2025-07-17,2025,7,1898437626251.0,1.6444368012389132
2025-07-18,2025,7,1896412613470.0,1.4183624751918478
2025-07-21,2025,7,1911837183257.0,1.7217273759175589
2025-07-22,2025,7,1927098917432.0,2.2605453696683986
2025-07-23,2025,7,1929631910168.0,2.029096321056456
2025-07-24,2025,7,1935734657046.0,1.9646171293314247
2025-07-25,2025,7,1941222222392.0,2.362861784599124
2025-07-28,2025,7,1960745212562.0,2.5581691648909333
2025-07-29,2025,7,1976307091060.0,2.553484576368992
2025-07-30,2025,7,1978406505708.0,2.5276631922900528
2025-07-31,2025,7,1978496794910.0,2.2090908848662494
2025-08-01,2025,8,1973622588301.0,1.66907042044242
2025-08-04,2025,8,1985068525216.0,1.240513683173461
2025-08-05,2025,8,1994037363748.0,0.8971415812959682
2025-08-06,2025,8,2003037289929.0,1.2449809556295266
2025-08-07,2025,8,2006699839008.0,1.4254783818986594
2025-08-08,2025,8,2003109453890.0,1.4940478368959065
2025-08-11,2025,8,2019687253940.0,1.74395635637985
2025-08-12,2025,8,2027949076944.0,1.7006558559293783
2025-08-13,2025,8,2039633330740.0,1.8270274345365325
2025-08-14,2025,8,2048456532110.0,2.0808639284409347
2025-08-15,2025,8,2055940300119.0,2.6374418096027474
2025-08-18,2025,8,2095315967093.0,3.744575453722532
2025-08-19,2025,8,2124278090441.0,4.750070630085168
2025-08-20,2025,8,2140016207487.0,4.921613862359275
2025-08-21,2025,8,2139288325272.0,4.434157705481767
2025-08-22,2025,8,2147730189616.0,4.46461842747512
2025-08-25,2025,8,2180950897380.0,4.0869697760098855
2025-08-26,2025,8,2200231929347.0,3.575512982400153
2025-08-27,2025,8,2220023702655.0,3.738639683572864
2025-08-28,2025,8,2236542573113.0,4.546102864775592
2025-08-29,2025,8,2253977277518.0,4.946947638753274
2025-09-01,2025,9,2289658303307.0,4.984404099037332
2025-09-02,2025,9,2281120921125.0,3.67638478012664
2025-09-03,2025,9,2282510037722.0,2.8146697259254783
2025-09-04,2025,9,2272179794272.0,1.593406787217888
2025-09-05,2025,9,2279542944582.0,1.1342468852282297
2025-09-08,2025,9,2305897972951.0,0.7092617103846788
2025-09-09,2025,9,2312018687472.0,1.354499275372123
2025-09-10,2025,9,2317897874934.0,1.5503913072521636
2025-09-11,2025,9,2332658743623.0,2.661714953344063
2025-09-12,2025,9,2343704076803.0,2.8146489792393536
2025-09-15,2025,9,2362126057311.0,2.4384463241468257
2025-09-16,2025,9,2384807954020.0,3.14829923055635
2025-09-17,2025,9,2397534644056.0,3.4357324359800545
2025-09-18,2025,9,2394691199605.0,2.65930265846146
2025-09-19,2025,9,2390423103018.0,1.9933841766716756
2025-09-22,2025,9,2409722517381.0,2.0149839134403718
2025-09-23,2025,9,2408997006077.0,1.014297692869781
2025-09-24,2025,9,2423354489021.0,1.0769331333339904
2025-09-25,2025,9,2436606588215.0,1.7503462917019874
2025-09-26,2025,9,2416800171047.0,1.103447669816182
2025-09-29,2025,9,2421131231074.0,0.4734451212000667
2025-09-30,2025,9,2386739679896.0,-0.923925024599581
2025-10-09,2025,10,2438033556460.0,0.6057333958157329
2025-10-10,2025,10,2434302960358.0,-0.0945424619691048
2025-10-13,2025,10,2436859498205.0,0.8299952721912529
2025-10-14,2025,10,2439368707025.0,0.753262595473192
2025-10-15,2025,10,2441847785452.0,2.3089282011015566
2025-10-16,2025,10,2449633211814.0,0.4757791509171216
2025-10-17,2025,10,2421931870242.0,-0.508198458345576
2025-10-20,2025,10,2422533469711.0,-0.587888981886419
2025-10-21,2025,10,2436658890478.0,-0.111086796317261
2025-10-22,2025,10,2444831534741.0,0.122192272048105
2025-10-23,2025,10,2443497965868.0,-0.25045569746569
2025-10-24,2025,10,2449669067602.0,1.145250933802222
2025-10-27,2025,10,2474392080134.0,2.140676736622616
2025-10-28,2025,10,2487133087364.0,2.071451079313702
2025-10-29,2025,10,2498731961513.0,2.204668338332372
2025-10-30,2025,10,2491175803273.0,1.951212485992948
2025-10-31,2025,10,2478469898907.0,1.1757029423240972
2025-11-03,2025,11,2486779468836.0,0.5006235188616204
2025-11-04,2025,11,2483648009560.0,-0.140124299005395
2025-11-05,2025,11,2483503673805.0,-0.609440625987722
2025-11-06,2025,11,2490891684673.0,-0.0114049999854204
2025-11-07,2025,11,2485738736968.0,0.2932792552455598
2025-11-10,2025,11,2493503818211.0,0.2704039284250337
2025-11-11,2025,11,2497399506679.0,0.5536814019566405
2025-11-12,2025,11,2494354424123.0,0.4369129964432616
2025-11-13,2025,11,2498639258022.0,0.3110361400566974
2025-11-14,2025,11,2484866449360.0,-0.0350916850201277
2025-11-17,2025,11,2492454104830.0,-0.0420979255509323
2025-11-18,2025,11,2494832276473.0,-0.102796136506566
2025-11-19,2025,11,2490069217605.0,-0.171796216149466
2025-11-20,2025,11,2483936071666.0,-0.588447744459097
2025-11-21,2025,11,2453831108219.0,-1.24897421143069
2025-11-24,2025,11,2451125916256.0,-1.65813238020761
2025-11-25,2025,11,2455538302667.0,-1.57501464834144
2025-11-26,2025,11,2461875974382.0,-1.13222729005568
2025-11-27,2025,11,2464556458841.0,-0.780197729163045
2025-11-28,2025,11,2466049984496.0,0.4979509892133027
2025-12-01,2025,12,2476741264008.0,1.045044140005924
2025-12-02,2025,12,2478900838857.0,0.951422185702655
2025-12-03,2025,12,2475067383967.0,0.5358275446150973
2025-12-04,2025,12,2476353547323.0,0.4786698409639189
2025-12-05,2025,12,2474174710330.0,0.3294631449110907
2025-12-08,2025,12,2492952298689.0,0.6545308109724202
2025-12-09,2025,12,2503035878264.0,0.9736185904930528
2025-12-10,2025,12,2506714265270.0,1.2786270591258253
2025-12-11,2025,12,2500272571399.0,0.9658969779116068
2025-12-12,2025,12,2493688804004.0,0.7887112253037731
2025-12-15,2025,12,2497951079721.0,0.2005165134779662
2025-12-16,2025,12,2497077765198.0,-0.238035463963559
2025-12-17,2025,12,2495119354770.0,-0.462554135532922
2025-12-18,2025,12,2491650140348.0,-0.344859642489914
2025-12-19,2025,12,2496073463516.0,0.0956277907721014
2025-12-22,2025,12,2508815920752.0,0.4349501124823351
2025-12-23,2025,12,2523675562618.0,1.065156952286217
2025-12-24,2025,12,2533724045231.0,1.5472081681061844
2025-12-25,2025,12,2537479048667.0,1.8392994897991288
2025-12-26,2025,12,2535350949473.0,1.573570911718014
2025-12-29,2025,12,2543720808820.0,1.391289324150069
2025-12-30,2025,12,2547292792147.0,0.9358266917836257
2025-12-31,2025,12,2532714379448.0,-0.0398490824168651
2026-01-05,2026,1,2552509747063.0,0.5923476847580655
2026-01-06,2026,1,2571611010597.0,1.4301791683528853
2026-01-07,2026,1,2596516594552.0,2.075533822302278
2026-01-08,2026,1,2612221929342.0,2.548946763998572
2026-01-09,2026,1,2619152432132.0,3.412862239240688
2026-01-12,2026,1,2665145588196.0,4.412748717712134
2026-01-13,2026,1,2673881393050.0,3.976899384532429
2026-01-14,2026,1,2688945855575.0,3.55974081648216
2026-01-15,2026,1,2709612723308.0,3.728274113008912
2026-01-16,2026,1,2722556172241.0,3.94798480762073
2026-01-19,2026,1,2714062912030.0,1.835446590634904
2026-01-20,2026,1,2700382645283.0,0.9911154736288008
2026-01-21,2026,1,2711974968957.0,0.8564364854819928
2026-01-22,2026,1,2715927443555.0,0.2330488114659745
2026-01-23,2026,1,2714482759013.0,-0.296537985526834
2026-01-26,2026,1,2716521008946.0,0.0905688996782005
2026-01-27,2026,1,2714435493833.0,0.5204021205864162
2026-01-28,2026,1,2733682112600.0,0.8004182889397526
2026-01-29,2026,1,2730423531850.0,0.5337435773330235
2026-01-30,2026,1,2706474454539.0,-0.295021379207871
2026-02-02,2026,2,2700354699603.0,-0.595110779182694
2026-02-03,2026,2,2697775543658.0,-0.613753769903546
2026-02-04,2026,2,2684125015228.0,-1.81283321654639
2026-02-05,2026,2,2672187068152.0,-2.13287290483252
2026-02-06,2026,2,2654998242801.0,-1.90196554974571
2026-02-09,2026,2,2655613286996.0,-1.65687169221057
2026-02-10,2026,2,2651782703096.0,-1.7048431130648
2026-02-11,2026,2,2635790319230.0,-1.80076172770567
2026-02-12,2026,2,2636861575803.0,-1.32196928763037
2026-02-13,2026,2,2579757824367.0,-2.83391594092439
2026-02-24,2026,2,2614238837498.0,-1.55799979238703
2026-02-25,2026,2,2638104090478.0,-0.515827054834849
2026-02-26,2026,2,2658461113254.0,0.8601137146077242
2026-02-27,2026,2,2660588287103.0,0.8998087543816036
2026-03-02,2026,3,2665555289888.0,3.3257953405782192
2026-03-03,2026,3,2642883362417.0,1.0957118572385127
2026-03-04,2026,3,2634306997293.0,-0.143932652191591
2026-03-05,2026,3,2643411710473.0,-0.566094523857052
2026-03-06,2026,3,2637202366684.0,-0.878975545835536
2026-03-09,2026,3,2637169264428.0,-1.0649197774169
2026-03-10,2026,3,2646825121373.0,0.1491461565066965
2026-03-11,2026,3,2652750472632.0,0.7001262707023947
2026-03-12,2026,3,2656152701224.0,0.4819904028010802
2026-03-13,2026,3,2643283550179.0,0.2305922204463462
2026-03-16,2026,3,2652932399602.0,0.5977293678727458
2026-03-17,2026,3,2643592135918.0,-0.122145790021932
2026-03-18,2026,3,2646162809730.0,-0.248333304242664
2026-03-19,2026,3,2641712146772.0,-0.543664317392056
2026-03-20,2026,3,2624020260607.0,-0.728763645909102
2026-03-23,2026,3,2611867978013.0,-1.54788797464875
2026-03-24,2026,3,2605458728437.0,-1.44248452561529
2026-03-25,2026,3,2609347726552.0,-1.39126296547703
2026-03-26,2026,3,2608394463346.0,-1.26121551383681
2026-03-27,2026,3,2600724635884.0,-0.887783721517876
2026-03-30,2026,3,2608795321442.0,-0.117642108899296
2026-03-31,2026,3,2600518101219.0,-0.18962600190423
2026-04-01,2026,4,2601616687174.0,-0.296282450182128
2026-04-02,2026,4,2590519281568.0,-0.685294422649174
2026-04-03,2026,4,2572800122416.0,-1.0737204963073
2026-04-07,2026,4,2576896526441.0,-1.22274042500842
2026-04-08,2026,4,2593332997617.0,-0.276295081300603
2026-04-09,2026,4,2600577145213.0,-0.0399575374083749
2026-04-10,2026,4,2606298547640.0,0.6091159476894203
2026-04-13,2026,4,2622547830690.0,1.9336017532245895
2026-04-14,2026,4,2639499232905.0,2.429383788663864
2026-04-15,2026,4,2649536797465.0,2.1672419199403103
2026-04-16,2026,4,2660493163705.0,2.3039508211586845
2026-04-17,2026,4,2662669620523.0,2.1628785748295742
2026-04-20,2026,4,2691806949376.0,2.640909648072176
2026-04-21,2026,4,2698161642967.0,2.222482557702321
2026-04-22,2026,4,2712201577710.0,2.365122096245486
2026-04-23,2026,4,2715812410755.0,2.079285442438894
2026-04-24,2026,4,2704325084969.0,1.5644248210492595
2026-04-27,2026,4,2720029260184.0,1.048452260461774
2026-04-28,2026,4,2719970963206.0,0.8083029530809638
2026-04-29,2026,4,2723702724245.0,0.4240520553310256
2026-04-30,2026,4,2706778726019.0,-0.332632868906013
2026-05-06,2026,5,2748200425716.0,1.6224137028075791
2026-05-07,2026,5,2777813999632.0,2.1244160970566472
2026-05-08,2026,5,2793706678623.0,2.710900829988594
2026-05-11,2026,5,2824900979175.0,3.71546623018677
2026-05-12,2026,5,2841840426487.0,4.989757720855237
2026-05-13,2026,5,2864976763517.0,4.249192915781452
2026-05-14,2026,5,2873777041555.0,3.4546244613826937
2026-05-15,2026,5,2867549662840.0,2.64319030992175
2026-05-18,2026,5,2883311355452.0,2.067696415116771
2026-05-19,2026,5,2888906824049.0,1.6561942438190425
2026-05-20,2026,5,2895953888702.0,1.0812347792647614
2026-05-21,2026,5,2887211602588.0,0.4674879379553687
2026-05-22,2026,5,2890203006953.0,0.7899896000602924
2026-05-25,2026,5,2916207847478.0,1.140927495180044
2026-05-26,2026,5,2923656243127.0,1.2028570388191495
2026-05-27,2026,5,2927680904152.0,1.0955635576165967
2026-05-28,2026,5,2933365455286.0,1.59856148598978
2026-05-29,2026,5,2903598310053.0,0.4634727411110928
2026-06-01,2026,6,2895396095814.0,-0.713658036480435
2026-06-02,2026,6,2896711842362.0,-0.921599481072421
2026-06-03,2026,6,2905483361353.0,-0.758195429273722
2026-06-04,2026,6,2911874577385.0,-0.732635541959936
2026-06-05,2026,6,2897822047770.0,-0.198934620639534
2026-06-08,2026,6,2873945485836.0,-0.740852348630716
2026-06-09,2026,6,2878221586835.0,-0.638318774294199
2026-06-10,2026,6,2870170665740.0,-1.21538109915576
2026-06-11,2026,6,2864731461441.0,-1.61899541656552
2026-06-12,2026,6,2864572558544.0,-1.14739582617182
2026-06-15,2026,6,2889037841615.0,0.5251441216745922
2026-06-16,2026,6,2915806492905.0,1.3058378215879296
2026-06-17,2026,6,2943770660626.0,2.5643072645306964
2026-06-18,2026,6,2956340042620.0,3.1978069292721623
2026-06-22,2026,6,2985852585784.0,4.233791421280797
2026-06-23,2026,6,2991786885481.0,3.5565142964192558
2026-06-24,2026,6,3005931808300.0,3.090922378227124
2026-06-25,2026,6,3023737400659.0,2.716473164930422
2026-06-26,2026,6,3002766458744.0,1.5704017621347657
2026-06-29,2026,6,2994447769033.0,0.2878636169087123
2026-06-30,2026,6,3011091082559.0,0.6452397118151154
2026-07-01,2026,7,3011091082559.0,0.6452397118151154
2026-07-02,2026,7,3011091082559.0,0.6452397118151154
2026-07-03,2026,7,3011091082559.0,0.6452397118151154
2026-07-06,2026,7,3011091082559.0,0.6452397118151154
2026-07-07,2026,7,3011091082559.0,0.6452397118151154
2026-07-08,2026,7,3011091082559.0,0.6452397118151154
2026-07-09,2026,7,3011091082559.0,0.6452397118151154
2026-07-10,2026,7,3011091082559.0,0.6452397118151154
