date,hs300,zz500,kc50,consume,chip,gold,bond10
2015-01-05,,,,,,,
2015-01-06,,,,,,,
2015-01-07,,,,,,,
2015-01-08,,,,,,,
2015-01-09,,,,,,,
2015-01-12,,,,,,,
2015-01-13,,,,,,,
2015-01-14,,,,,,,
2015-01-15,,,,,,,
2015-01-16,,,,,,,
2015-01-19,,,,,,,
2015-01-20,,,,,,,
2015-01-21,,,,,,,
2015-01-22,,,,,,,
2015-01-23,,,,,,,
2015-01-26,,,,,,,
2015-01-27,,,,,,,
2015-01-28,,,,,,,
2015-01-29,,,,,,,
2015-01-30,,,,,,,
2015-02-02,,,,,,,
2015-02-03,,,,,,,
2015-02-04,,,,,,,
2015-02-05,,,,,,,
2015-02-06,,,,,,,
2015-02-09,,,,,,,
2015-02-10,,,,,,,
2015-02-11,,,,,,,
2015-02-12,,,,,,,
2015-02-13,,,,,,,
2015-02-16,,,,,,,
2015-02-17,,,,,,,
2015-02-25,,,,,,,
2015-02-26,,,,,,,
2015-02-27,,,,,,,
2015-03-02,,,,,,,
2015-03-03,,,,,,,
2015-03-04,,,,,,,
2015-03-05,,,,,,,
2015-03-06,,,,,,,
2015-03-09,,,,,,,
2015-03-10,,,,,,,
2015-03-11,,,,,,,
2015-03-12,,,,,,,
2015-03-13,,,,,,,
2015-03-16,,,,,,,
2015-03-17,,,,,,,
2015-03-18,,,,,,,
2015-03-19,,,,,,,
2015-03-20,,,,,,,
2015-03-23,,,,,,,
2015-03-24,,,,,,,
2015-03-25,,,,,,,
2015-03-26,,,,,,,
2015-03-27,,,,,,,
2015-03-30,,,,,,,
2015-03-31,,,,,,,
2015-04-01,,,,,,,
2015-04-02,,,,,,,
2015-04-03,,,,,,,
2015-04-07,,,,,,,
2015-04-08,,,,,,,
2015-04-09,,,,,,,
2015-04-10,,,,,,,
2015-04-13,,,,,,,
2015-04-14,,,,,,,
2015-04-15,,,,,,,
2015-04-16,,,,,,,
2015-04-17,,,,,,,
2015-04-20,,,,,,,
2015-04-21,,,,,,,
2015-04-22,,,,,,,
2015-04-23,,,,,,,
2015-04-24,,,,,,,
2015-04-27,,,,,,,
2015-04-28,,,,,,,
2015-04-29,,,,,,,
2015-04-30,,,,,,,
2015-05-04,,,,,,,
2015-05-05,,,,,,,
2015-05-06,,,,,,,
2015-05-07,,,,,,,
2015-05-08,,,,,,,
2015-05-11,,,,,,,
2015-05-12,,,,,,,
2015-05-13,,,,,,,
2015-05-14,,,,,,,
2015-05-15,,,,,,,
2015-05-18,,,,,,,
2015-05-19,,,,,,,
2015-05-20,,,,,,,
2015-05-21,,,,,,,
2015-05-22,,,,,,,
2015-05-25,,,,,,,
2015-05-26,,,,,,,
2015-05-27,,,,,,,
2015-05-28,,,,,,,
2015-05-29,,,,,,,
2015-06-01,,,,,,,
2015-06-02,,,,,,,
2015-06-03,,,,,,,
2015-06-04,,,,,,,
2015-06-05,,,,,,,
2015-06-08,,,,,,,
2015-06-09,,,,,,,
2015-06-10,,,,,,,
2015-06-11,,,,,,,
2015-06-12,,,,,,,
2015-06-15,,,,,,,
2015-06-16,,,,,,,
2015-06-17,,,,,,,
2015-06-18,,,,,,,
2015-06-19,,,,,,,
2015-06-23,,,,,,,
2015-06-24,,,,,,,
2015-06-25,,,,,,,
2015-06-26,,,,,,,
2015-06-29,,,,,,,
2015-06-30,,,,,,,
2015-07-01,,,,,,,
2015-07-02,,,,,,,
2015-07-03,,,,,,,
2015-07-06,,,,,,,
2015-07-07,,,,,,,
2015-07-08,,,,,,,
2015-07-09,,,,,,,
2015-07-10,,,,,,,
2015-07-13,,,,,,,
2015-07-14,,,,,,,
2015-07-15,,,,,,,
2015-07-16,,,,,,,
2015-07-17,,,,,,,
2015-07-20,,,,,,,
2015-07-21,,,,,,,
2015-07-22,,,,,,,
2015-07-23,,,,,,,
2015-07-24,,,,,,,
2015-07-27,,,,,,,
2015-07-28,,,,,,,
2015-07-29,,,,,,,
2015-07-30,,,,,,,
2015-07-31,,,,,,,
2015-08-03,,,,,,,
2015-08-04,,,,,,,
2015-08-05,,,,,,,
2015-08-06,,,,,,,
2015-08-07,,,,,,,
2015-08-10,,,,,,,
2015-08-11,,,,,,,
2015-08-12,,,,,,,
2015-08-13,,,,,,,
2015-08-14,,,,,,,
2015-08-17,,,,,,,
2015-08-18,,,,,,,
2015-08-19,,,,,,,
2015-08-20,,,,,,,
2015-08-21,,,,,,,
2015-08-24,,,,,,,
2015-08-25,,,,,,,
2015-08-26,,,,,,,
2015-08-27,,,,,,,
2015-08-28,,,,,,,
2015-08-31,,,,,,,
2015-09-01,,,,,,,
2015-09-02,,,,,,,
2015-09-07,,,,,,,
2015-09-08,,,,,,,
2015-09-09,,,,,,,
2015-09-10,,,,,,,
2015-09-11,,,,,,,
2015-09-14,,,,,,,
2015-09-15,,,,,,,
2015-09-16,,,,,,,
2015-09-17,,,,,,,
2015-09-18,,,,,,,
2015-09-21,,,,,,,
2015-09-22,,,,,,,
2015-09-23,,,,,,,
2015-09-24,,,,,,,
2015-09-25,,,,,,,
2015-09-28,,,,,,,
2015-09-29,,,,,,,
2015-09-30,,,,,,,
2015-10-08,,,,,,,
2015-10-09,,,,,,,
2015-10-12,,,,,,,
2015-10-13,,,,,,,
2015-10-14,,,,,,,
2015-10-15,,,,,,,
2015-10-16,,,,,,,
2015-10-19,,,,,,,
2015-10-20,,,,,,,
2015-10-21,,,,,,,
2015-10-22,,,,,,,
2015-10-23,,,,,,,
2015-10-26,,,,,,,
2015-10-27,,,,,,,
2015-10-28,,,,,,,
2015-10-29,,,,,,,
2015-10-30,,,,,,,
2015-11-02,,,,,,,
2015-11-03,,,,,,,
2015-11-04,,,,,,,
2015-11-05,,,,,,,
2015-11-06,,,,,,,
2015-11-09,,,,,,,
2015-11-10,,,,,,,
2015-11-11,,,,,,,
2015-11-12,,,,,,,
2015-11-13,,,,,,,
2015-11-16,,,,,,,
2015-11-17,,,,,,,
2015-11-18,,,,,,,
2015-11-19,,,,,,,
2015-11-20,,,,,,,
2015-11-23,,,,,,,
2015-11-24,,,,,,,
2015-11-25,,,,,,,
2015-11-26,,,,,,,
2015-11-27,,,,,,,
2015-11-30,,,,,,,
2015-12-01,,,,,,,
2015-12-02,,,,,,,
2015-12-03,,,,,,,
2015-12-04,,,,,,,
2015-12-07,,,,,,,
2015-12-08,,,,,,,
2015-12-09,,,,,,,
2015-12-10,,,,,,,
2015-12-11,,,,,,,
2015-12-14,,,,,,,
2015-12-15,,,,,,,
2015-12-16,,,,,,,
2015-12-17,,,,,,,
2015-12-18,,,,,,,
2015-12-21,,,,,,,
2015-12-22,,,,,,,
2015-12-23,,,,,,,
2015-12-24,,,,,,,
2015-12-25,,,,,,,
2015-12-28,,,,,,,
2015-12-29,,,,,,,
2015-12-30,,,,,,,
2015-12-31,,,,,,,
2016-01-04,,,,,,,
2016-01-05,,,,,,,
2016-01-06,,,,,,,
2016-01-07,,,,,,,
2016-01-08,,,,,,,
2016-01-11,,,,,,,
2016-01-12,,,,,,,
2016-01-13,,,,,,,
2016-01-14,,,,,,,
2016-01-15,,,,,,,
2016-01-18,,,,,,,
2016-01-19,,,,,,,
2016-01-20,,,,,,,
2016-01-21,,,,,,,
2016-01-22,,,,,,,
2016-01-25,,,,,,,
2016-01-26,,,,,,,
2016-01-27,,,,,,,
2016-01-28,,,,,,,
2016-01-29,,,,,,,
2016-02-01,,,,,,,
2016-02-02,,,,,,,
2016-02-03,,,,,,,
2016-02-04,,,,,,,
2016-02-05,,,,,,,
2016-02-15,,,,,,,
2016-02-16,,,,,,,
2016-02-17,,,,,,,
2016-02-18,,,,,,,
2016-02-19,,,,,,,
2016-02-22,,,,,,,
2016-02-23,,,,,,,
2016-02-24,,,,,,,
2016-02-25,,,,,,,
2016-02-26,,,,,,,
2016-02-29,,,,,,,
2016-03-01,,,,,,,
2016-03-02,,,,,,,
2016-03-03,,,,,,,
2016-03-04,,,,,,,
2016-03-07,,,,,,,
2016-03-08,,,,,,,
2016-03-09,,,,,,,
2016-03-10,,,,,,,
2016-03-11,,,,,,,
2016-03-14,,,,,,,
2016-03-15,,,,,,,
2016-03-16,,,,,,,
2016-03-17,,,,,,,
2016-03-18,,,,,,,
2016-03-21,,,,,,,
2016-03-22,,,,,,,
2016-03-23,,,,,,,
2016-03-24,,,,,,,
2016-03-25,,,,,,,
2016-03-28,,,,,,,
2016-03-29,,,,,,,
2016-03-30,,,,,,,
2016-03-31,,,,,,,
2016-04-01,,,,,,,
2016-04-05,,,,,,,
2016-04-06,,,,,,,
2016-04-07,,,,,,,
2016-04-08,,,,,,,
2016-04-11,,,,,,,
2016-04-12,,,,,,,
2016-04-13,,,,,,,
2016-04-14,,,,,,,
2016-04-15,,,,,,,
2016-04-18,,,,,,,
2016-04-19,,,,,,,
2016-04-20,,,,,,,
2016-04-21,,,,,,,
2016-04-22,,,,,,,
2016-04-25,,,,,,,
2016-04-26,,,,,,,
2016-04-27,,,,,,,
2016-04-28,,,,,,,
2016-04-29,,,,,,,
2016-05-03,,,,,,,
2016-05-04,,,,,,,
2016-05-05,,,,,,,
2016-05-06,,,,,,,
2016-05-09,,,,,,,
2016-05-10,,,,,,,
2016-05-11,,,,,,,
2016-05-12,,,,,,,
2016-05-13,,,,,,,
2016-05-16,,,,,,,
2016-05-17,,,,,,,
2016-05-18,,,,,,,
2016-05-19,,,,,,,
2016-05-20,,,,,,,
2016-05-23,,,,,,,
2016-05-24,,,,,,,
2016-05-25,,,,,,,
2016-05-26,,,,,,,
2016-05-27,,,,,,,
2016-05-30,,,,,,,
2016-05-31,,,,,,,
2016-06-01,,,,,,,
2016-06-02,,,,,,,
2016-06-03,,,,,,,
2016-06-06,,,,,,,
2016-06-07,,,,,,,
2016-06-08,,,,,,,
2016-06-13,,,,,,,
2016-06-14,,,,,,,
2016-06-15,,,,,,,
2016-06-16,,,,,,,
2016-06-17,,,,,,,
2016-06-20,,,,,,,
2016-06-21,,,,,,,
2016-06-22,,,,,,,
2016-06-23,,,,,,,
2016-06-24,,,,,,,
2016-06-27,,,,,,,
2016-06-28,,,,,,,
2016-06-29,,,,,,,
2016-06-30,,,,,,,
2016-07-01,,,,,,,
2016-07-04,,,,,,,
2016-07-05,,,,,,,
2016-07-06,,,,,,,
2016-07-07,,,,,,,
2016-07-08,,,,,,,
2016-07-11,,,,,,,
2016-07-12,,,,,,,
2016-07-13,,,,,,,
2016-07-14,,,,,,,
2016-07-15,,,,,,,
2016-07-18,,,,,,,
2016-07-19,,,,,,,
2016-07-20,,,,,,,
2016-07-21,,,,,,,
2016-07-22,,,,,,,
2016-07-25,,,,,,,
2016-07-26,,,,,,,
2016-07-27,,,,,,,
2016-07-28,,,,,,,
2016-07-29,,,,,,,
2016-08-01,,,,,,,
2016-08-02,,,,,,,
2016-08-03,,,,,,,
2016-08-04,,,,,,,
2016-08-05,,,,,,,
2016-08-08,,,,,,,
2016-08-09,,,,,,,
2016-08-10,,,,,,,
2016-08-11,,,,,,,
2016-08-12,,,,,,,
2016-08-15,,,,,,,
2016-08-16,,,,,,,
2016-08-17,,,,,,,
2016-08-18,,,,,,,
2016-08-19,,,,,,,
2016-08-22,,,,,,,
2016-08-23,,,,,,,
2016-08-24,,,,,,,
2016-08-25,,,,,,,
2016-08-26,,,,,,,
2016-08-29,,,,,,,
2016-08-30,,,,,,,
2016-08-31,,,,,,,
2016-09-01,,,,,,,
2016-09-02,,,,,,,
2016-09-05,,,,,,,
2016-09-06,,,,,,,
2016-09-07,,,,,,,
2016-09-08,,,,,,,
2016-09-09,,,,,,,
2016-09-12,,,,,,,
2016-09-13,,,,,,,
2016-09-14,,,,,,,
2016-09-19,,,,,,,
2016-09-20,,,,,,,
2016-09-21,,,,,,,
2016-09-22,,,,,,,
2016-09-23,,,,,,,
2016-09-26,,,,,,,
2016-09-27,,,,,,,
2016-09-28,,,,,,,
2016-09-29,,,,,,,
2016-09-30,,,,,,,
2016-10-10,,,,,,,
2016-10-11,,,,,,,
2016-10-12,,,,,,,
2016-10-13,,,,,,,
2016-10-14,,,,,,,
2016-10-17,,,,,,,
2016-10-18,,,,,,,
2016-10-19,,,,,,,
2016-10-20,,,,,,,
2016-10-21,,,,,,,
2016-10-24,,,,,,,
2016-10-25,,,,,,,
2016-10-26,,,,,,,
2016-10-27,,,,,,,
2016-10-28,,,,,,,
2016-10-31,,,,,,,
2016-11-01,,,,,,,
2016-11-02,,,,,,,
2016-11-03,,,,,,,
2016-11-04,,,,,,,
2016-11-07,,,,,,,
2016-11-08,,,,,,,
2016-11-09,,,,,,,
2016-11-10,,,,,,,
2016-11-11,,,,,,,
2016-11-14,,,,,,,
2016-11-15,,,,,,,
2016-11-16,,,,,,,
2016-11-17,,,,,,,
2016-11-18,,,,,,,
2016-11-21,,,,,,,
2016-11-22,,,,,,,
2016-11-23,,,,,,,
2016-11-24,,,,,,,
2016-11-25,,,,,,,
2016-11-28,,,,,,,
2016-11-29,,,,,,,
2016-11-30,,,,,,,
2016-12-01,,,,,,,
2016-12-02,,,,,,,
2016-12-05,,,,,,,
2016-12-06,,,,,,,
2016-12-07,,,,,,,
2016-12-08,,,,,,,
2016-12-09,,,,,,,
2016-12-12,,,,,,,
2016-12-13,,,,,,,
2016-12-14,,,,,,,
2016-12-15,,,,,,,
2016-12-16,,,,,,,
2016-12-19,,,,,,,
2016-12-20,,,,,,,
2016-12-21,,,,,,,
2016-12-22,,,,,,,
2016-12-23,,,,,,,
2016-12-26,,,,,,,
2016-12-27,,,,,,,
2016-12-28,,,,,,,
2016-12-29,,,,,,,
2016-12-30,,,,,,,
2017-01-03,,,,,,,
2017-01-04,,,,,,,
2017-01-05,,,,,,,
2017-01-06,,,,,,,
2017-01-09,,,,,,,
2017-01-10,,,,,,,
2017-01-11,,,,,,,
2017-01-12,,,,,,,
2017-01-13,,,,,,,
2017-01-16,,,,,,,
2017-01-17,,,,,,,
2017-01-18,,,,,,,
2017-01-19,,,,,,,
2017-01-20,,,,,,,
2017-01-23,,,,,,,
2017-01-24,,,,,,,
2017-01-25,,,,,,,
2017-01-26,,,,,,,
2017-02-03,,,,,,,
2017-02-06,,,,,,,
2017-02-07,,,,,,,
2017-02-08,,,,,,,
2017-02-09,,,,,,,
2017-02-10,,,,,,,
2017-02-13,,,,,,,
2017-02-14,,,,,,,
2017-02-15,,,,,,,
2017-02-16,,,,,,,
2017-02-17,,,,,,,
2017-02-20,,,,,,,
2017-02-21,,,,,,,
2017-02-22,,,,,,,
2017-02-23,,,,,,,
2017-02-24,,,,,,,
2017-02-27,,,,,,,
2017-02-28,,,,,,,
2017-03-01,,,,,,,
2017-03-02,,,,,,,
2017-03-03,,,,,,,
2017-03-06,,,,,,,
2017-03-07,,,,,,,
2017-03-08,,,,,,,
2017-03-09,,,,,,,
2017-03-10,,,,,,,
2017-03-13,,,,,,,
2017-03-14,,,,,,,
2017-03-15,,,,,,,
2017-03-16,,,,,,,
2017-03-17,,,,,,,
2017-03-20,,,,,,,
2017-03-21,,,,,,,
2017-03-22,,,,,,,
2017-03-23,,,,,,,
2017-03-24,,,,,,,
2017-03-27,,,,,,,
2017-03-28,,,,,,,
2017-03-29,,,,,,,
2017-03-30,,,,,,,
2017-03-31,,,,,,,
2017-04-05,,,,,,,
2017-04-06,,,,,,,
2017-04-07,,,,,,,
2017-04-10,,,,,,,
2017-04-11,,,,,,,
2017-04-12,,,,,,,
2017-04-13,,,,,,,
2017-04-14,,,,,,,
2017-04-17,,,,,,,
2017-04-18,,,,,,,
2017-04-19,,,,,,,
2017-04-20,,,,,,,
2017-04-21,,,,,,,
2017-04-24,,,,,,,
2017-04-25,,,,,,,
2017-04-26,,,,,,,
2017-04-27,,,,,,,
2017-04-28,,,,,,,
2017-05-02,,,,,,,
2017-05-03,,,,,,,
2017-05-04,,,,,,,
2017-05-05,,,,,,,
2017-05-08,,,,,,,
2017-05-09,,,,,,,
2017-05-10,,,,,,,
2017-05-11,,,,,,,
2017-05-12,,,,,,,
2017-05-15,,,,,,,
2017-05-16,,,,,,,
2017-05-17,,,,,,,
2017-05-18,,,,,,,
2017-05-19,,,,,,,
2017-05-22,,,,,,,
2017-05-23,,,,,,,
2017-05-24,,,,,,,
2017-05-25,,,,,,,
2017-05-26,,,,,,,
2017-05-31,,,,,,,
2017-06-01,,,,,,,
2017-06-02,,,,,,,
2017-06-05,,,,,,,
2017-06-06,,,,,,,
2017-06-07,,,,,,,
2017-06-08,,,,,,,
2017-06-09,,,,,,,
2017-06-12,,,,,,,
2017-06-13,,,,,,,
2017-06-14,,,,,,,
2017-06-15,,,,,,,
2017-06-16,,,,,,,
2017-06-19,,,,,,,
2017-06-20,,,,,,,
2017-06-21,,,,,,,
2017-06-22,,,,,,,
2017-06-23,,,,,,,
2017-06-26,,,,,,,
2017-06-27,,,,,,,
2017-06-28,,,,,,,
2017-06-29,,,,,,,
2017-06-30,,,,,,,
2017-07-03,,,,,,,
2017-07-04,,,,,,,
2017-07-05,,,,,,,
2017-07-06,,,,,,,
2017-07-07,,,,,,,
2017-07-10,,,,,,,
2017-07-11,,,,,,,
2017-07-12,,,,,,,
2017-07-13,,,,,,,
2017-07-14,,,,,,,
2017-07-17,,,,,,,
2017-07-18,,,,,,,
2017-07-19,,,,,,,
2017-07-20,,,,,,,
2017-07-21,,,,,,,
2017-07-24,,,,,,,
2017-07-25,,,,,,,
2017-07-26,,,,,,,
2017-07-27,,,,,,,
2017-07-28,,,,,,,
2017-07-31,,,,,,,
2017-08-01,,,,,,,
2017-08-02,,,,,,,
2017-08-03,,,,,,,
2017-08-04,,,,,,,
2017-08-07,,,,,,,
2017-08-08,,,,,,,
2017-08-09,,,,,,,
2017-08-10,,,,,,,
2017-08-11,,,,,,,
2017-08-14,,,,,,,
2017-08-15,,,,,,,
2017-08-16,,,,,,,
2017-08-17,,,,,,,
2017-08-18,,,,,,,
2017-08-21,,,,,,,
2017-08-22,,,,,,,
2017-08-23,,,,,,,
2017-08-24,,,,,,,
2017-08-25,,,,,,,
2017-08-28,,,,,,,
2017-08-29,,,,,,,
2017-08-30,,,,,,,
2017-08-31,,,,,,,
2017-09-01,,,,,,,
2017-09-04,,,,,,,
2017-09-05,,,,,,,
2017-09-06,,,,,,,
2017-09-07,,,,,,,
2017-09-08,,,,,,,
2017-09-11,,,,,,,
2017-09-12,,,,,,,
2017-09-13,,,,,,,
2017-09-14,,,,,,,
2017-09-15,,,,,,,
2017-09-18,,,,,,,
2017-09-19,,,,,,,
2017-09-20,,,,,,,
2017-09-21,,,,,,,
2017-09-22,,,,,,,
2017-09-25,,,,,,,
2017-09-26,,,,,,,
2017-09-27,,,,,,,
2017-09-28,,,,,,,
2017-09-29,,,,,,,
2017-10-09,,,,,,,
2017-10-10,,,,,,,
2017-10-11,,,,,,,
2017-10-12,,,,,,,
2017-10-13,,,,,,,
2017-10-16,,,,,,,
2017-10-17,,,,,,,
2017-10-18,,,,,,,
2017-10-19,,,,,,,
2017-10-20,,,,,,,
2017-10-23,,,,,,,
2017-10-24,,,,,,,
2017-10-25,,,,,,,
2017-10-26,,,,,,,
2017-10-27,,,,,,,
2017-10-30,,,,,,,
2017-10-31,,,,,,,
2017-11-01,,,,,,,
2017-11-02,,,,,,,
2017-11-03,,,,,,,
2017-11-06,,,,,,,
2017-11-07,,,,,,,
2017-11-08,,,,,,,
2017-11-09,,,,,,,
2017-11-10,,,,,,,
2017-11-13,,,,,,,
2017-11-14,,,,,,,
2017-11-15,,,,,,,
2017-11-16,,,,,,,
2017-11-17,,,,,,,
2017-11-20,,,,,,,
2017-11-21,,,,,,,
2017-11-22,,,,,,,
2017-11-23,,,,,,,
2017-11-24,,,,,,,
2017-11-27,,,,,,,
2017-11-28,,,,,,,
2017-11-29,,,,,,,
2017-11-30,,,,,,,
2017-12-01,,,,,,,
2017-12-04,,,,,,,
2017-12-05,,,,,,,
2017-12-06,,,,,,,
2017-12-07,,,,,,,
2017-12-08,,,,,,,
2017-12-11,,,,,,,
2017-12-12,,,,,,,
2017-12-13,,,,,,,
2017-12-14,,,,,,,
2017-12-15,,,,,,,
2017-12-18,,,,,,,
2017-12-19,,,,,,,
2017-12-20,,,,,,,
2017-12-21,,,,,,,
2017-12-22,,,,,,,
2017-12-25,,,,,,,
2017-12-26,,,,,,,
2017-12-27,,,,,,,
2017-12-28,,,,,,,
2017-12-29,,,,,,,
2018-01-02,,,,,,,
2018-01-03,,,,,,,
2018-01-04,,,,,,,
2018-01-05,,,,,,,
2018-01-08,,,,,,,
2018-01-09,,,,,,,
2018-01-10,,,,,,,
2018-01-11,,,,,,,
2018-01-12,,,,,,,
2018-01-15,,,,,,,
2018-01-16,,,,,,,
2018-01-17,,,,,,,
2018-01-18,,,,,,,
2018-01-19,,,,,,,
2018-01-22,,,,,,,
2018-01-23,,,,,,,
2018-01-24,,,,,,,
2018-01-25,,,,,,,
2018-01-26,,,,,,,
2018-01-29,,,,,,,
2018-01-30,,,,,,,
2018-01-31,,,,,,,
2018-02-01,,,,,,,
2018-02-02,,,,,,,
2018-02-05,,,,,,,
2018-02-06,,,,,,,
2018-02-07,,,,,,,
2018-02-08,,,,,,,
2018-02-09,,,,,,,
2018-02-12,,,,,,,
2018-02-13,,,,,,,
2018-02-14,,,,,,,
2018-02-22,,,,,,,
2018-02-23,,,,,,,
2018-02-26,,,,,,,
2018-02-27,,,,,,,
2018-02-28,,,,,,,
2018-03-01,,,,,,,
2018-03-02,,,,,,,
2018-03-05,,,,,,,
2018-03-06,,,,,,,
2018-03-07,,,,,,,
2018-03-08,,,,,,,
2018-03-09,,,,,,,
2018-03-12,,,,,,,
2018-03-13,,,,,,,
2018-03-14,,,,,,,
2018-03-15,,,,,,,
2018-03-16,,,,,,,
2018-03-19,,,,,,,
2018-03-20,,,,,,,
2018-03-21,,,,,,,
2018-03-22,,,,,,,
2018-03-23,,,,,,,
2018-03-26,,,,,,,
2018-03-27,,,,,,,
2018-03-28,,,,,,,
2018-03-29,,,,,,,
2018-03-30,,,,,,,
2018-04-02,,,,,,,
2018-04-03,,,,,,,
2018-04-04,,,,,,,
2018-04-09,,,,,,,
2018-04-10,,,,,,,
2018-04-11,,,,,,,
2018-04-12,,,,,,,
2018-04-13,,,,,,,
2018-04-16,,,,,,,
2018-04-17,,,,,,,
2018-04-18,,,,,,,
2018-04-19,,,,,,,
2018-04-20,,,,,,,
2018-04-23,,,,,,,
2018-04-24,,,,,,,
2018-04-25,,,,,,,
2018-04-26,,,,,,,
2018-04-27,,,,,,,
2018-05-02,,,,,,,
2018-05-03,,,,,,,
2018-05-04,,,,,,,
2018-05-07,,,,,,,
2018-05-08,,,,,,,
2018-05-09,,,,,,,
2018-05-10,,,,,,,
2018-05-11,,,,,,,
2018-05-14,,,,,,,
2018-05-15,,,,,,,
2018-05-16,,,,,,,
2018-05-17,,,,,,,
2018-05-18,,,,,,,
2018-05-21,,,,,,,
2018-05-22,,,,,,,
2018-05-23,,,,,,,
2018-05-24,,,,,,,
2018-05-25,,,,,,,
2018-05-28,,,,,,,
2018-05-29,,,,,,,
2018-05-30,,,,,,,
2018-05-31,,,,,,,
2018-06-01,,,,,,,
2018-06-04,,,,,,,
2018-06-05,,,,,,,
2018-06-06,,,,,,,
2018-06-07,,,,,,,
2018-06-08,,,,,,,
2018-06-11,,,,,,,
2018-06-12,,,,,,,
2018-06-13,,,,,,,
2018-06-14,,,,,,,
2018-06-15,,,,,,,
2018-06-19,,,,,,,
2018-06-20,,,,,,,
2018-06-21,,,,,,,
2018-06-22,,,,,,,
2018-06-25,,,,,,,
2018-06-26,,,,,,,
2018-06-27,,,,,,,
2018-06-28,,,,,,,
2018-06-29,,,,,,,
2018-07-02,,,,,,,
2018-07-03,,,,,,,
2018-07-04,,,,,,,
2018-07-05,,,,,,,
2018-07-06,,,,,,,
2018-07-09,,,,,,,
2018-07-10,,,,,,,
2018-07-11,,,,,,,
2018-07-12,,,,,,,
2018-07-13,,,,,,,
2018-07-16,,,,,,,
2018-07-17,,,,,,,
2018-07-18,,,,,,,
2018-07-19,,,,,,,
2018-07-20,,,,,,,
2018-07-23,,,,,,,
2018-07-24,,,,,,,
2018-07-25,,,,,,,
2018-07-26,,,,,,,
2018-07-27,,,,,,,
2018-07-30,,,,,,,
2018-07-31,,,,,,,
2018-08-01,,,,,,,
2018-08-02,,,,,,,
2018-08-03,,,,,,,
2018-08-06,,,,,,,
2018-08-07,,,,,,,
2018-08-08,,,,,,,
2018-08-09,,,,,,,
2018-08-10,,,,,,,
2018-08-13,,,,,,,
2018-08-14,,,,,,,
2018-08-15,,,,,,,
2018-08-16,,,,,,,
2018-08-17,,,,,,,
2018-08-20,,,,,,,
2018-08-21,,,,,,,
2018-08-22,,,,,,,
2018-08-23,,,,,,,
2018-08-24,,,,,,,
2018-08-27,,,,,,,
2018-08-28,,,,,,,
2018-08-29,,,,,,,
2018-08-30,,,,,,,
2018-08-31,,,,,,,
2018-09-03,,,,,,,
2018-09-04,,,,,,,
2018-09-05,,,,,,,
2018-09-06,,,,,,,
2018-09-07,,,,,,,
2018-09-10,,,,,,,
2018-09-11,,,,,,,
2018-09-12,,,,,,,
2018-09-13,,,,,,,
2018-09-14,,,,,,,
2018-09-17,,,,,,,
2018-09-18,,,,,,,
2018-09-19,,,,,,,
2018-09-20,,,,,,,
2018-09-21,,,,,,,
2018-09-25,,,,,,,
2018-09-26,,,,,,,
2018-09-27,,,,,,,
2018-09-28,,,,,,,
2018-10-08,,,,,,,
2018-10-09,,,,,,,
2018-10-10,,,,,,,
2018-10-11,,,,,,,
2018-10-12,,,,,,,
2018-10-15,,,,,,,
2018-10-16,,,,,,,
2018-10-17,,,,,,,
2018-10-18,,,,,,,
2018-10-19,,,,,,,
2018-10-22,,,,,,,
2018-10-23,,,,,,,
2018-10-24,,,,,,,
2018-10-25,,,,,,,
2018-10-26,,,,,,,
2018-10-29,,,,,,,
2018-10-30,,,,,,,
2018-10-31,,,,,,,
2018-11-01,,,,,,,
2018-11-02,,,,,,,
2018-11-05,,,,,,,
2018-11-06,,,,,,,
2018-11-07,,,,,,,
2018-11-08,,,,,,,
2018-11-09,,,,,,,
2018-11-12,,,,,,,
2018-11-13,,,,,,,
2018-11-14,,,,,,,
2018-11-15,,,,,,,
2018-11-16,,,,,,,
2018-11-19,,,,,,,
2018-11-20,,,,,,,
2018-11-21,,,,,,,
2018-11-22,,,,,,,
2018-11-23,,,,,,,
2018-11-26,,,,,,,
2018-11-27,,,,,,,
2018-11-28,,,,,,,
2018-11-29,,,,,,,
2018-11-30,,,,,,,
2018-12-03,,,,,,,
2018-12-04,,,,,,,
2018-12-05,,,,,,,
2018-12-06,,,,,,,
2018-12-07,,,,,,,
2018-12-10,,,,,,,
2018-12-11,,,,,,,
2018-12-12,,,,,,,
2018-12-13,,,,,,,
2018-12-14,,,,,,,
2018-12-17,,,,,,,
2018-12-18,,,,,,,
2018-12-19,,,,,,,
2018-12-20,,,,,,,
2018-12-21,,,,,,,
2018-12-24,,,,,,,
2018-12-25,,,,,,,
2018-12-26,,,,,,,
2018-12-27,,,,,,,
2018-12-28,,,,,,,
2019-01-02,,,,,,,
2019-01-03,,,,,,,
2019-01-04,,,,,,,
2019-01-07,,,,,,,
2019-01-08,,,,,,,
2019-01-09,,,,,,,
2019-01-10,,,,,,,
2019-01-11,,,,,,,
2019-01-14,,,,,,,
2019-01-15,,,,,,,
2019-01-16,,,,,,,
2019-01-17,,,,,,,
2019-01-18,,,,,,,
2019-01-21,,,,,,,
2019-01-22,,,,,,,
2019-01-23,,,,,,,
2019-01-24,,,,,,,
2019-01-25,,,,,,,
2019-01-28,,,,,,,
2019-01-29,,,,,,,
2019-01-30,,,,,,,
2019-01-31,,,,,,,
2019-02-01,,,,,,,
2019-02-11,,,,,,,
2019-02-12,,,,,,,
2019-02-13,,,,,,,
2019-02-14,,,,,,,
2019-02-15,,,,,,,
2019-02-18,,,,,,,
2019-02-19,,,,,,,
2019-02-20,,,,,,,
2019-02-21,,,,,,,
2019-02-22,,,,,,,
2019-02-25,,,,,,,
2019-02-26,,,,,,,
2019-02-27,,,,,,,
2019-02-28,,,,,,,
2019-03-01,,,,,,,
2019-03-04,,,,,,,
2019-03-05,,,,,,,
2019-03-06,,,,,,,
2019-03-07,,,,,,,
2019-03-08,,,,,,,
2019-03-11,,,,,,,
2019-03-12,,,,,,,
2019-03-13,,,,,,,
2019-03-14,,,,,,,
2019-03-15,,,,,,,
2019-03-18,,,,,,,
2019-03-19,,,,,,,
2019-03-20,,,,,,,
2019-03-21,,,,,,,
2019-03-22,,,,,,,
2019-03-25,,,,,,,
2019-03-26,,,,,,,
2019-03-27,,,,,,,
2019-03-28,,,,,,,
2019-03-29,,,,,,,
2019-04-01,,,,,,,
2019-04-02,,,,,,,
2019-04-03,,,,,,,
2019-04-04,,,,,,,
2019-04-08,,,,,,,
2019-04-09,,,,,,,
2019-04-10,,,,,,,
2019-04-11,,,,,,,
2019-04-12,,,,,,,
2019-04-15,,,,,,,
2019-04-16,,,,,,,
2019-04-17,,,,,,,
2019-04-18,,,,,,,
2019-04-19,,,,,,,
2019-04-22,,,,,,,
2019-04-23,,,,,,,
2019-04-24,,,,,,,
2019-04-25,,,,,,,
2019-04-26,,,,,,,
2019-04-29,,,,,,,
2019-04-30,,,,,,,
2019-05-06,,,,,,,
2019-05-07,,,,,,,
2019-05-08,,,,,,,
2019-05-09,,,,,,,
2019-05-10,,,,,,,
2019-05-13,,,,,,,
2019-05-14,,,,,,,
2019-05-15,,,,,,,
2019-05-16,,,,,,,
2019-05-17,,,,,,,
2019-05-20,,,,,,,
2019-05-21,,,,,,,
2019-05-22,,,,,,,
2019-05-23,,,,,,,
2019-05-24,,,,,,,
2019-05-27,,,,,,,
2019-05-28,,,,,,,
2019-05-29,,,,,,,
2019-05-30,,,,,,,
2019-05-31,,,,,,,
2019-06-03,,,,,,,
2019-06-04,,,,,,,
2019-06-05,,,,,,,
2019-06-06,,,,,,,
2019-06-10,,,,,,,
2019-06-11,,,,,,,
2019-06-12,,,,,,,
2019-06-13,,,,,,,
2019-06-14,,,,,,,
2019-06-17,,,,,,,
2019-06-18,,,,,,,
2019-06-19,,,,,,,
2019-06-20,,,,,,,
2019-06-21,,,,,,,
2019-06-24,,,,,,,
2019-06-25,,,,,,,
2019-06-26,,,,,,,
2019-06-27,,,,,,,
2019-06-28,,,,,,,
2019-07-01,,,,,,,
2019-07-02,,,,,,,
2019-07-03,,,,,,,
2019-07-04,,,,,,,
2019-07-05,,,,,,,
2019-07-08,,,,,,,
2019-07-09,,,,,,,
2019-07-10,,,,,,,
2019-07-11,,,,,,,
2019-07-12,,,,,,,
2019-07-15,,,,,,,
2019-07-16,,,,,,,
2019-07-17,,,,,,,
2019-07-18,,,,,,,
2019-07-19,,,,,,,
2019-07-22,,,,,,,
2019-07-23,,,,,,,
2019-07-24,,,,,,,
2019-07-25,,,,,,,
2019-07-26,,,,,,,
2019-07-29,,,,,,,
2019-07-30,,,,,,,
2019-07-31,,,,,,,
2019-08-01,,,,,,,
2019-08-02,,,,,,,
2019-08-05,,,,,,,
2019-08-06,,,,,,,
2019-08-07,,,,,,,
2019-08-08,,,,,,,
2019-08-09,,,,,,,
2019-08-12,,,,,,,
2019-08-13,,,,,,,
2019-08-14,,,,,,,
2019-08-15,,,,,,,
2019-08-16,,,,,,,
2019-08-19,,,,,,,
2019-08-20,,,,,,,
2019-08-21,,,,,,,
2019-08-22,,,,,,,
2019-08-23,,,,,,,
2019-08-26,,,,,,,
2019-08-27,,,,,,,
2019-08-28,,,,,,,
2019-08-29,,,,,,,
2019-08-30,,,,,,,
2019-09-02,,,,,,,
2019-09-03,,,,,,,
2019-09-04,,,,,,,
2019-09-05,,,,,,,
2019-09-06,,,,,,,
2019-09-09,,,,,,,
2019-09-10,,,,,,,
2019-09-11,,,,,,,
2019-09-12,,,,,,,
2019-09-16,,,,,,,
2019-09-17,,,,,,,
2019-09-18,,,,,,,
2019-09-19,,,,,,,
2019-09-20,,,,,,,
2019-09-23,,,,,,,
2019-09-24,,,,,,,
2019-09-25,,,,,,,
2019-09-26,,,,,,,
2019-09-27,,,,,,,
2019-09-30,,,,,,,
2019-10-08,,,,,,,
2019-10-09,,,,,,,
2019-10-10,,,,,,,
2019-10-11,,,,,,,
2019-10-14,,,,,,,
2019-10-15,,,,,,,
2019-10-16,,,,,,,
2019-10-17,,,,,,,
2019-10-18,,,,,,,
2019-10-21,,,,,,,
2019-10-22,,,,,,,
2019-10-23,,,,,,,
2019-10-24,,,,,,,
2019-10-25,,,,,,,
2019-10-28,,,,,,,
2019-10-29,,,,,,,
2019-10-30,,,,,,,
2019-10-31,,,,,,,
2019-11-01,,,,,,,
2019-11-04,,,,,,,
2019-11-05,,,,,,,
2019-11-06,,,,,,,
2019-11-07,,,,,,,
2019-11-08,,,,,,,
2019-11-11,,,,,,,
2019-11-12,,,,,,,
2019-11-13,,,,,,,
2019-11-14,,,,,,,
2019-11-15,,,,,,,
2019-11-18,,,,,,,
2019-11-19,,,,,,,
2019-11-20,,,,,,,
2019-11-21,,,,,,,
2019-11-22,,,,,,,
2019-11-25,,,,,,,
2019-11-26,,,,,,,
2019-11-27,,,,,,,
2019-11-28,,,,,,,
2019-11-29,,,,,,,
2019-12-02,,,,,,,
2019-12-03,,,,,,,
2019-12-04,,,,,,,
2019-12-05,,,,,,,
2019-12-06,,,,,,,
2019-12-09,,,,,,,
2019-12-10,,,,,,,
2019-12-11,,,,,,,
2019-12-12,,,,,,,
2019-12-13,,,,,,,
2019-12-16,,,,,,,
2019-12-17,,,,,,,
2019-12-18,,,,,,,
2019-12-19,,,,,,,
2019-12-20,,,,,,,
2019-12-23,,,,,,,
2019-12-24,,,,,,,
2019-12-25,,,,,,,
2019-12-26,,,,,,,
2019-12-27,,,,,,,
2019-12-30,,,,,,,
2019-12-31,,,,,,,
2020-01-02,,,,,,,
2020-01-03,,,,,,,
2020-01-06,,,,,,,
2020-01-07,,,,,,,
2020-01-08,,,,,,,
2020-01-09,,,,,,,
2020-01-10,,,,,,,
2020-01-13,,,,,,,
2020-01-14,,,,,,,
2020-01-15,,,,,,,
2020-01-16,,,,,,,
2020-01-17,,,,,,,
2020-01-20,,,,,,,
2020-01-21,,,,,,,
2020-01-22,,,,,,,
2020-01-23,,,,,,,
2020-02-03,,,,,,,
2020-02-04,,,,,,,
2020-02-05,,,,,,,
2020-02-06,,,,,,,
2020-02-07,,,,,,,
2020-02-10,,,,,,,
2020-02-11,,,,,,,
2020-02-12,,,,,,,
2020-02-13,,,,,,,
2020-02-14,,,,,,,
2020-02-17,,,,,,,
2020-02-18,,,,,,,
2020-02-19,,,,,,,
2020-02-20,,,,,,,
2020-02-21,,,,,,,
2020-02-24,,,,,,,
2020-02-25,,,,,,,
2020-02-26,,,,,,,
2020-02-27,,,,,,,
2020-02-28,,,,,,,
2020-03-02,,,,,,,
2020-03-03,,,,,,,
2020-03-04,,,,,,,
2020-03-05,,,,,,,
2020-03-06,,,,,,,
2020-03-09,,,,,,,
2020-03-10,,,,,,,
2020-03-11,,,,,,,
2020-03-12,,,,,,,
2020-03-13,,,,,,,
2020-03-16,,,,,,,
2020-03-17,,,,,,,
2020-03-18,,,,,,,
2020-03-19,,,,,,,
2020-03-20,,,,,,,
2020-03-23,,,,,,,
2020-03-24,,,,,,,
2020-03-25,,,,,,,
2020-03-26,,,,,,,
2020-03-27,,,,,,,
2020-03-30,,,,,,,
2020-03-31,,,,,,,
2020-04-01,,,,,,,
2020-04-02,,,,,,,
2020-04-03,,,,,,,
2020-04-07,,,,,,,
2020-04-08,,,,,,,
2020-04-09,,,,,,,
2020-04-10,,,,,,,
2020-04-13,,,,,,,
2020-04-14,,,,,,,
2020-04-15,,,,,,,
2020-04-16,,,,,,,
2020-04-17,,,,,,,
2020-04-20,,,,,,,
2020-04-21,,,,,,,
2020-04-22,,,,,,,
2020-04-23,,,,,,,
2020-04-24,,,,,,,
2020-04-27,,,,,,,
2020-04-28,,,,,,,
2020-04-29,,,,,,,
2020-04-30,,,,,,,
2020-05-06,,,,,,,
2020-05-07,,,,,,,
2020-05-08,,,,,,,
2020-05-11,,,,,,,
2020-05-12,,,,,,,
2020-05-13,,,,,,,
2020-05-14,,,,,,,
2020-05-15,,,,,,,
2020-05-18,,,,,,,
2020-05-19,,,,,,,
2020-05-20,,,,,,,
2020-05-21,,,,,,,
2020-05-22,,,,,,,
2020-05-25,,,,,,,
2020-05-26,,,,,,,
2020-05-27,,,,,,,
2020-05-28,,,,,,,
2020-05-29,,,,,,,
2020-06-01,,,,,,,
2020-06-02,,,,,,,
2020-06-03,,,,,,,
2020-06-04,,,,,,,
2020-06-05,,,,,,,
2020-06-08,,,,,,,
2020-06-09,,,,,,,
2020-06-10,,,,,,,
2020-06-11,,,,,,,
2020-06-12,,,,,,,
2020-06-15,,,,,,,
2020-06-16,,,,,,,
2020-06-17,,,,,,,
2020-06-18,,,,,,,
2020-06-19,,,,,,,
2020-06-22,,,,,,,
2020-06-23,,,,,,,
2020-06-24,,,,,,,
2020-06-29,,,,,,,
2020-06-30,,,,,,,
2020-07-01,,,,,,,
2020-07-02,,,,,,,
2020-07-03,,,,,,,
2020-07-06,,,,,,,
2020-07-07,,,,,,,
2020-07-08,,,,,,,
2020-07-09,,,,,,,
2020-07-10,,,,,,,
2020-07-13,,,,,,,
2020-07-14,,,,,,,
2020-07-15,,,,,,,
2020-07-16,,,,,,,
2020-07-17,,,,,,,
2020-07-20,,,,,,,
2020-07-21,,,,,,,
2020-07-22,,,,,,,
2020-07-23,,,,,,,
2020-07-24,,,,,,,
2020-07-27,,,,,,,
2020-07-28,,,,,,,
2020-07-29,,,,,,,
2020-07-30,,,,,,,
2020-07-31,,,,,,,
2020-08-03,,,,,,,
2020-08-04,,,,,,,
2020-08-05,,,,,,,
2020-08-06,,,,,,,
2020-08-07,,,,,,,
2020-08-10,,,,,,,
2020-08-11,,,,,,,
2020-08-12,,,,,,,
2020-08-13,,,,,,,
2020-08-14,,,,,,,
2020-08-17,,,,,,,
2020-08-18,,,,,,,
2020-08-19,,,,,,,
2020-08-20,,,,,,,
2020-08-21,,,,,,,
2020-08-24,,,,,,,
2020-08-25,,,,,,,
2020-08-26,,,,,,,
2020-08-27,,,,,,,
2020-08-28,,,,,,,
2020-08-31,,,,,,,
2020-09-01,,,,,,,
2020-09-02,,,,,,,
2020-09-03,,,,,,,
2020-09-04,,,,,,,
2020-09-07,,,,,,,
2020-09-08,,,,,,,
2020-09-09,,,,,,,
2020-09-10,,,,,,,
2020-09-11,,,,,,,
2020-09-14,,,,,,,
2020-09-15,,,,,,,
2020-09-16,,,,,,,
2020-09-17,,,,,,,
2020-09-18,,,,,,,
2020-09-21,,,,,,,
2020-09-22,,,,,,,
2020-09-23,,,,,,,
2020-09-24,,,,,,,
2020-09-25,,,,,,,
2020-09-28,,,,,,,
2020-09-29,,,,,,,
2020-09-30,,,,,,,
2020-10-09,,,,,,,
2020-10-12,,,,,,,
2020-10-13,,,,,,,
2020-10-14,,,,,,,
2020-10-15,,,,,,,
2020-10-16,,,,,,,
2020-10-19,,,,,,,
2020-10-20,,,,,,,
2020-10-21,,,,,,,
2020-10-22,,,,,,,
2020-10-23,,,,,,,
2020-10-26,,,,,,,
2020-10-27,,,,,,,
2020-10-28,,,,,,,
2020-10-29,,,,,,,
2020-10-30,,,,,,,
2020-11-02,,,,,,,
2020-11-03,,,,,,,
2020-11-04,,,,,,,
2020-11-05,,,,,,,
2020-11-06,,,,,,,
2020-11-09,,,,,,,
2020-11-10,,,,,,,
2020-11-11,,,,,,,
2020-11-12,,,,,,,
2020-11-13,,,,,,,
2020-11-16,,,,,,,
2020-11-17,,,,,,,
2020-11-18,,,,,,,
2020-11-19,,,,,,,
2020-11-20,,,,,,,
2020-11-23,,,,,,,
2020-11-24,,,,,,,
2020-11-25,,,,,,,
2020-11-26,,,,,,,
2020-11-27,,,,,,,
2020-11-30,,,,,,,
2020-12-01,,,,,,,
2020-12-02,,,,,,,
2020-12-03,,,,,,,
2020-12-04,,,,,,,
2020-12-07,,,,,,,
2020-12-08,,,,,,,
2020-12-09,,,,,,,
2020-12-10,,,,,,,
2020-12-11,,,,,,,
2020-12-14,,,,,,,
2020-12-15,,,,,,,
2020-12-16,,,,,,,
2020-12-17,,,,,,,
2020-12-18,,,,,,,
2020-12-21,,,,,,,
2020-12-22,,,,,,,
2020-12-23,,,,,,,
2020-12-24,,,,,,,
2020-12-25,,,,,,,
2020-12-28,,,,,,,
2020-12-29,,,,,,,
2020-12-30,,,,,,,
2020-12-31,,,,,,,
2021-01-04,,,,,,,
2021-01-05,,,,,,,
2021-01-06,,,,,,,
2021-01-07,,,,,,,
2021-01-08,,,,,,,
2021-01-11,,,,,,,
2021-01-12,,,,,,,
2021-01-13,,,,,,,
2021-01-14,,,,,,,
2021-01-15,,,,,,,
2021-01-18,,,,,,,
2021-01-19,,,,,,,
2021-01-20,,,,,,,
2021-01-21,,,,,,,
2021-01-22,,,,,,,
2021-01-25,,,,,,,
2021-01-26,,,,,,,
2021-01-27,,,,,,,
2021-01-28,,,,,,,
2021-01-29,,,,,,,
2021-02-01,,,,,,,
2021-02-02,,,,,,,
2021-02-03,,,,,,,
2021-02-04,,,,,,,
2021-02-05,,,,,,,
2021-02-08,,,,,,,
2021-02-09,,,,,,,
2021-02-10,,,,,,,
2021-02-18,,,,,,,
2021-02-19,,,,,,,
2021-02-22,,,,,,,
2021-02-23,,,,,,,
2021-02-24,,,,,,,
2021-02-25,,,,,,,
2021-02-26,,,,,,,
2021-03-01,,,,,,,
2021-03-02,,,,,,,
2021-03-03,,,,,,,
2021-03-04,,,,,,,
2021-03-05,,,,,,,
2021-03-08,,,,,,,
2021-03-09,,,,,,,
2021-03-10,,,,,,,
2021-03-11,,,,,,,
2021-03-12,,,,,,,
2021-03-15,,,,,,,
2021-03-16,,,,,,,
2021-03-17,,,,,,,
2021-03-18,,,,,,,
2021-03-19,,,,,,,
2021-03-22,,,,,,,
2021-03-23,,,,,,,
2021-03-24,,,,,,,
2021-03-25,,,,,,,
2021-03-26,,,,,,,
2021-03-29,,,,,,,
2021-03-30,,,,,,,
2021-03-31,,,,,,,
2021-04-01,,,,,,,
2021-04-02,,,,,,,
2021-04-06,,,,,,,
2021-04-07,,,,,,,
2021-04-08,,,,,,,
2021-04-09,,,,,,,
2021-04-12,,,,,,,
2021-04-13,,,,,,,
2021-04-14,,,,,,,
2021-04-15,,,,,,,
2021-04-16,,,,,,,
2021-04-19,,,,,,,
2021-04-20,,,,,,,
2021-04-21,,,,,,,
2021-04-22,,,,,,,
2021-04-23,,,,,,,
2021-04-26,,,,,,,
2021-04-27,,,,,,,
2021-04-28,,,,,,,
2021-04-29,,,,,,,
2021-04-30,,,,,,,
2021-05-06,,,,,,,
2021-05-07,,,,,,,
2021-05-10,,,,,,,
2021-05-11,,,,,,,
2021-05-12,,,,,,,
2021-05-13,,,,,,,
2021-05-14,,,,,,,
2021-05-17,,,,,,,
2021-05-18,,,,,,,
2021-05-19,,,,,,,
2021-05-20,,,,,,,
2021-05-21,,,,,,,
2021-05-24,,,,,,,
2021-05-25,,,,,,,
2021-05-26,,,,,,,
2021-05-27,,,,,,,
2021-05-28,,,,,,,
2021-05-31,,,,,,,
2021-06-01,,,,,,,
2021-06-02,,,,,,,
2021-06-03,,,,,,,
2021-06-04,,,,,,,
2021-06-07,,,,,,,
2021-06-08,,,,,,,
2021-06-09,,,,,,,
2021-06-10,,,,,,,
2021-06-11,,,,,,,
2021-06-15,,,,,,,
2021-06-16,,,,,,,
2021-06-17,,,,,,,
2021-06-18,,,,,,,
2021-06-21,,,,,,,
2021-06-22,,,,,,,
2021-06-23,,,,,,,
2021-06-24,,,,,,,
2021-06-25,,,,,,,
2021-06-28,,,,,,,
2021-06-29,,,,,,,
2021-06-30,,,,,,,
2021-07-01,,,,,,,
2021-07-02,,,,,,,
2021-07-05,,,,,,,
2021-07-06,,,,,,,
2021-07-07,,,,,,,
2021-07-08,,,,,,,
2021-07-09,,,,,,,
2021-07-12,,,,,,,
2021-07-13,,,,,,,
2021-07-14,,,,,,,
2021-07-15,,,,,,,
2021-07-16,,,,,,,
2021-07-19,,,,,,,
2021-07-20,,,,,,,
2021-07-21,,,,,,,
2021-07-22,,,,,,,
2021-07-23,,,,,,,
2021-07-26,,,,,,,
2021-07-27,,,,,,,
2021-07-28,,,,,,,
2021-07-29,,,,,,,
2021-07-30,,,,,,,
2021-08-02,,,,,,,
2021-08-03,,,,,,,
2021-08-04,,,,,,,
2021-08-05,,,,,,,
2021-08-06,,,,,,,
2021-08-09,,,,,,,
2021-08-10,,,,,,,
2021-08-11,,,,,,,
2021-08-12,,,,,,,
2021-08-13,,,,,,,
2021-08-16,,,,,,,
2021-08-17,,,,,,,
2021-08-18,,,,,,,
2021-08-19,,,,,,,
2021-08-20,,,,,,,
2021-08-23,,,,,,,
2021-08-24,,,,,,,
2021-08-25,,,,,,,
2021-08-26,,,,,,,
2021-08-27,,,,,,,
2021-08-30,,,,,,,
2021-08-31,,,,,,,
2021-09-01,,,,,,,
2021-09-02,,,,,,,
2021-09-03,,,,,,,
2021-09-06,,,,,,,
2021-09-07,,,,,,,
2021-09-08,,,,,,,
2021-09-09,,,,,,,
2021-09-10,,,,,,,
2021-09-13,,,,,,,
2021-09-14,,,,,,,
2021-09-15,,,,,,,
2021-09-16,,,,,,,
2021-09-17,,,,,,,
2021-09-22,,,,,,,
2021-09-23,,,,,,,
2021-09-24,,,,,,,
2021-09-27,,,,,,,
2021-09-28,,,,,,,
2021-09-29,,,,,,,
2021-09-30,,,,,,,
2021-10-08,,,,,,,
2021-10-11,,,,,,,
2021-10-12,,,,,,,
2021-10-13,,,,,,,
2021-10-14,,,,,,,
2021-10-15,,,,,,,
2021-10-18,,,,,,,
2021-10-19,,,,,,,
2021-10-20,,,,,,,
2021-10-21,,,,,,,
2021-10-22,,,,,,,
2021-10-25,,,,,,,
2021-10-26,,,,,,,
2021-10-27,,,,,,,
2021-10-28,,,,,,,
2021-10-29,,,,,,,
2021-11-01,,,,,,,
2021-11-02,,,,,,,
2021-11-03,,,,,,,
2021-11-04,,,,,,,
2021-11-05,,,,,,,
2021-11-08,,,,,,,
2021-11-09,,,,,,,
2021-11-10,,,,,,,
2021-11-11,,,,,,,
2021-11-12,,,,,,,
2021-11-15,,,,,,,
2021-11-16,,,,,,,
2021-11-17,,,,,,,
2021-11-18,,,,,,,
2021-11-19,,,,,,,
2021-11-22,,,,,,,
2021-11-23,,,,,,,
2021-11-24,,,,,,,
2021-11-25,,,,,,,
2021-11-26,,,,,,,
2021-11-29,,,,,,,
2021-11-30,,,,,,,
2021-12-01,,,,,,,
2021-12-02,,,,,,,
2021-12-03,,,,,,,
2021-12-06,,,,,,,
2021-12-07,,,,,,,
2021-12-08,,,,,,,
2021-12-09,,,,,,,
2021-12-10,,,,,,,
2021-12-13,,,,,,,
2021-12-14,,,,,,,
2021-12-15,,,,,,,
2021-12-16,,,,,,,
2021-12-17,,,,,,,
2021-12-20,,,,,,,
2021-12-21,,,,,,,
2021-12-22,,,,,,,
2021-12-23,,,,,,,
2021-12-24,,,,,,,
2021-12-27,,,,,,,
2021-12-28,,,,,,,
2021-12-29,,,,,,,
2021-12-30,,,,,,,
2021-12-31,,,,,,,
2022-01-04,-0.012293605953657959,-0.0017074002429481139,-0.04180657320713781,-0.07757677867595815,-0.042617695681348385,-0.0004886607167550939,0.004911993664572665
2022-01-05,-0.006908558838074256,-0.0017074002429481139,-0.027947179684095526,-0.0894156545726726,-0.03200831737796345,-0.0004886607167550939,0.004911993664572665
2022-01-06,-0.004645987171388766,-0.0017074002429481139,-0.02415252104465055,-0.0894156545726726,-0.02534669452135828,-0.0004886607167550939,0.004911993664572665
2022-01-07,-0.0043715875047010315,-0.0017074002429481139,-0.02415252104465055,-0.0894156545726726,-0.02534669452135828,-0.0004886607167550939,0.004911993664572665
2022-01-10,-0.006803245414445404,-0.0017074002429481139,-0.02415252104465055,-0.0894156545726726,-0.018578060668759038,-0.0004886607167550939,0.004911993664572665
2022-01-11,-0.0043715875047010315,-0.0017074002429481139,-0.02415252104465055,-0.041676392250260756,-0.018578060668759038,-0.0004886607167550939,0.004911993664572665
2022-01-12,-0.006528845747757669,-0.0017074002429481139,-0.02415252104465055,-0.041676392250260756,-0.018578060668759038,-0.0004886607167550939,0.004911993664572665
2022-01-13,-0.0043715875047010315,-0.0017074002429481139,-0.02415252104465055,-0.041676392250260756,-0.018578060668759038,-0.0004886607167550939,0.004911993664572665
2022-01-14,-0.0043715875047010315,-0.0017074002429481139,-0.02415252104465055,-0.041676392250260756,-0.018578060668759038,-0.0004886607167550939,0.004911993664572665
2022-01-17,-0.002220353482024063,-0.0017074002429481139,-0.02415252104465055,-0.041676392250260756,-0.018578060668759038,-0.0004886607167550939,0.004911993664572665
2022-01-18,-0.002220353482024063,-0.0017074002429481139,-0.02415252104465055,-0.04124070178525065,-0.018578060668759038,-0.0004886607167550939,0.004911993664572665
2022-01-19,-0.002220353482024063,-0.0017074002429481139,-0.02415252104465055,-0.04124070178525065,-0.014685547928053723,-0.0004886607167550939,0.004911993664572665
2022-01-20,-0.002220353482024063,-0.0017074002429481139,-0.02415252104465055,-0.043085018790653226,-0.014685547928053723,-0.0004886607167550939,0.004911993664572665
2022-01-21,-0.002220353482024063,-0.0017074002429481139,-0.023811513732026612,-0.08401831730862451,-0.014685547928053723,-0.0004886607167550939,0.004911993664572665
2022-01-24,-0.002220353482024063,-0.0017074002429481139,-0.023811513732026612,-0.08401831730862451,-0.014685547928053723,-0.0004886607167550939,0.004911993664572665
2022-01-25,-0.002220353482024063,-0.0017074002429481139,-0.021859445938293774,-0.05184528166943256,-0.008382889809680612,-0.0004886607167550939,0.004911993664572665
2022-01-26,-0.002220353482024063,-0.0017074002429481139,-0.021859445938293774,-0.05184528166943256,-0.008382889809680612,-0.007855103530498007,0.004911993664572665
2022-01-27,-0.002220353482024063,-0.0017074002429481139,-0.021859445938293774,-0.004531998079475531,-0.017890328745774356,-0.0004886607167550939,0.004911993664572665
2022-01-28,-0.002220353482024063,-0.0017074002429481139,-0.021859445938293774,-0.004967688544485636,-0.01860389688206388,-0.0004886607167550939,0.004911993664572665
2022-02-07,-0.002220353482024063,0.01526044305437634,0.053537328465494416,0.01644827210469405,0.051714971453812236,-0.0004886607167550939,0.004911993664572665
2022-02-08,-0.002220353482024063,0.01526044305437634,0.053537328465494416,0.015444820474262176,0.05072864820364946,-0.0004886607167550939,0.004911993664572665
2022-02-09,-0.002220353482024063,0.01526044305437634,0.053537328465494416,0.015444820474262176,0.051714971453812236,-0.0004886607167550939,0.004911993664572665
2022-02-10,-0.002220353482024063,0.01526044305437634,0.053537328465494416,0.019179966953337617,0.051714971453812236,-0.0004886607167550939,0.004911993664572665
2022-02-11,-0.002220353482024063,0.01526044305437634,0.053537328465494416,0.0026437600921793794,0.051714971453812236,-0.0004886607167550939,0.004911993664572665
2022-02-14,-0.002220353482024063,0.01526044305437634,0.053537328465494416,0.0026437600921793794,0.051714971453812236,-0.0004886607167550939,0.004911993664572665
2022-02-15,-0.002220353482024063,0.01526044305437634,0.053537328465494416,0.005811145405833044,0.051714971453812236,-0.007855103530498007,0.004911993664572665
2022-02-16,-0.002220353482024063,0.01526044305437634,0.053537328465494416,0.005811145405833044,0.05578249731768486,-0.007855103530498007,0.004911993664572665
2022-02-17,-0.002220353482024063,0.01526044305437634,0.055610320585076894,0.004052934900663882,0.05578249731768486,-0.007855103530498007,0.004911993664572665
2022-02-18,-0.002220353482024063,0.01526044305437634,0.055610320585076894,0.004052934900663882,0.05578249731768486,-0.007855103530498007,0.004911993664572665
2022-02-21,-0.002220353482024063,0.01526044305437634,0.055610320585076894,0.004052934900663882,0.06773440108546162,-0.007855103530498007,0.004911993664572665
2022-02-22,-0.002220353482024063,0.01526044305437634,0.055610320585076894,0.004052934900663882,0.06773440108546162,-0.007855103530498007,0.004911993664572665
2022-02-23,-0.002220353482024063,0.01526044305437634,0.055610320585076894,0.004052934900663882,0.04939648289452769,-0.007855103530498007,0.004911993664572665
2022-02-24,-0.002220353482024063,0.01526044305437634,0.055610320585076894,0.004052934900663882,0.048129235602246676,-0.007855103530498007,0.004911993664572665
2022-02-25,-0.002220353482024063,0.01526044305437634,0.055610320585076894,0.004052934900663882,0.04771478468361194,-0.007855103530498007,0.004911993664572665
2022-02-28,-0.002220353482024063,0.01526044305437634,0.055610320585076894,0.004052934900663882,0.04771478468361194,-0.007855103530498007,0.004911993664572665
2022-03-01,-0.002220353482024063,0.01526044305437634,0.055610320585076894,-0.048227753111434554,0.07370145546955763,-0.007855103530498007,0.004911993664572665
2022-03-02,-0.002220353482024063,0.01526044305437634,0.055610320585076894,-0.048227753111434554,0.07441502360584715,-0.007855103530498007,0.004911993664572665
2022-03-03,-0.002220353482024063,0.01526044305437634,0.055610320585076894,-0.048227753111434554,0.07441502360584715,-0.007855103530498007,0.004911993664572665
2022-03-04,-0.002220353482024063,0.01526044305437634,0.055610320585076894,-0.048227753111434554,0.07441502360584715,-0.007855103530498007,0.004911993664572665
2022-03-07,-0.002220353482024063,0.01526044305437634,0.055610320585076894,-0.048227753111434554,0.0700315860228266,-0.007855103530498007,0.004911993664572665
2022-03-08,-0.002220353482024063,0.01526044305437634,0.05158526067176158,-0.00834085367588051,0.07279905054534097,-0.007855103530498007,0.004911993664572665
2022-03-09,-0.0030124375359816408,0.01526044305437634,0.0530121741678245,-0.00834085367588051,0.06503397583948904,-0.007855103530498007,0.004911993664572665
2022-03-10,-0.0030124375359816408,0.01526044305437634,0.0530121741678245,-0.00834085367588051,0.06059188895953524,-0.007855103530498007,0.004911993664572665
2022-03-11,-0.0030124375359816408,0.01526044305437634,0.04235016227923622,0.006795890109348455,0.06059188895953524,-0.007855103530498007,0.004911993664572665
2022-03-14,-0.0030124375359816408,0.01526044305437634,0.04235016227923622,0.006795890109348455,0.06059188895953524,-0.007855103530498007,0.004911993664572665
2022-03-15,-0.0030124375359816408,0.01526044305437634,0.04235016227923622,0.007245465739587551,0.061006339878169974,-0.007855103530498007,0.004911993664572665
2022-03-16,-0.0030124375359816408,0.01526044305437634,0.04235016227923622,0.0063601996443383504,0.06059188895953524,-0.007855103530498007,0.004911993664572665
2022-03-17,-0.0030124375359816408,0.01526044305437634,0.04235016227923622,0.006795890109348455,0.06059188895953524,-0.007855103530498007,0.004911993664572665
2022-03-18,-0.0030124375359816408,0.01526044305437634,0.04235016227923622,0.012728877826117096,0.06059188895953524,-0.007855103530498007,0.004911993664572665
2022-03-21,-0.0030124375359816408,0.01526044305437634,0.04235016227923622,0.013947056850477944,0.06059188895953524,-0.007855103530498007,0.004911993664572665
2022-03-22,-0.0030124375359816408,0.01526044305437634,0.04235016227923622,0.01623487566005703,0.06059188895953524,-0.007855103530498007,0.004911993664572665
2022-03-23,-0.0030124375359816408,0.01526044305437634,0.04235016227923622,0.013947056850477944,0.06059188895953524,-0.007855103530498007,0.004911993664572665
2022-03-24,-0.0030124375359816408,0.01526044305437634,0.04235016227923622,0.012728877826117096,0.06059188895953524,-0.007855103530498007,0.004911993664572665
2022-03-25,-0.0030124375359816408,0.01526044305437634,0.04235016227923622,0.01623487566005703,0.06059188895953524,-0.007855103530498007,0.004911993664572665
2022-03-28,-0.0030124375359816408,0.01526044305437634,0.04235016227923622,0.022477105525967114,0.061006339878169974,-0.007855103530498007,0.004911993664572665
2022-03-29,-0.002220353482024063,0.01526044305437634,0.04235016227923622,0.023362371621216318,0.06156001903416147,-0.007855103530498007,0.004911993664572665
2022-03-30,-0.002220353482024063,0.01526044305437634,0.04235016227923622,0.022477105525967114,0.06156001903416147,-0.007855103530498007,0.004911993664572665
2022-03-31,-0.002220353482024063,0.01526044305437634,0.04235016227923622,0.022477105525967114,0.06156001903416147,-0.007855103530498007,0.004911993664572665
2022-04-01,-0.002220353482024063,0.01526044305437634,-0.002370337560420945,0.019590628056254486,0.02796701770174006,-0.007855103530498007,0.004911993664572665
2022-04-06,-0.002220353482024063,0.01526044305437634,-0.0026226967042338044,0.019590628056254486,0.021581003278582884,-0.007855103530498007,0.004911993664572665
2022-04-07,-0.002220353482024063,0.01526044305437634,0.006220522357507344,0.019590628056254486,0.02602309015853669,-0.007855103530498007,0.004911993664572665
2022-04-08,-0.002220353482024063,0.01526044305437634,0.006220522357507344,0.019590628056254486,0.037909203104078144,-0.007855103530498007,0.004911993664572665
2022-04-11,0.0015959649827985937,0.01526044305437634,-0.0026226967042338044,0.023640019435303885,0.018227045550999778,-0.007855103530498007,0.004911993664572665
2022-04-12,0.0015959649827985937,0.01526044305437634,-0.0026226967042338044,0.019590628056254486,0.018227045550999778,-0.007855103530498007,0.004911993664572665
2022-04-13,0.0015959649827985937,0.01526044305437634,0.006220522357507344,0.019590628056254486,0.02266913243095358,-0.007855103530498007,0.004911993664572665
2022-04-14,0.0015959649827985937,0.01526044305437634,0.006220522357507344,0.019590628056254486,0.02602309015853669,-0.007855103530498007,0.004911993664572665
2022-04-15,0.0015959649827985937,0.01526044305437634,0.006220522357507344,0.019590628056254486,0.037909203104078144,-0.007855103530498007,0.004911993664572665
2022-04-18,0.0008038809288410168,0.01526044305437634,0.006220522357507344,0.019590628056254486,0.037909203104078144,-0.007855103530498007,0.004911993664572665
2022-04-19,0.0015959649827985937,0.01526044305437634,0.006220522357507344,0.020026318521264592,0.037909203104078144,-0.007855103530498007,0.004911993664572665
2022-04-20,0.0015959649827985937,0.01526044305437634,0.008172590151240184,0.01885701585833762,0.044295217527235316,-0.007855103530498007,0.004911993664572665
2022-04-21,0.0015959649827985937,0.01526044305437634,0.008172590151240184,0.007779927030452038,0.044295217527235316,-0.007855103530498007,0.004911993664572665
2022-04-22,0.0015959649827985937,0.01526044305437634,0.008172590151240184,0.005786116043739814,0.044295217527235316,-0.007855103530498007,0.004911993664572665
2022-04-25,0.0015959649827985937,0.01526044305437634,-0.002370337560420945,0.018421325393327515,0.02796701770174006,-0.007855103530498007,0.004911993664572665
2022-04-26,0.0015959649827985937,0.01526044305437634,-0.002370337560420945,0.019590628056254486,0.02796701770174006,-0.007855103530498007,0.004911993664572665
2022-04-27,0.0015959649827985937,0.01526044305437634,-0.002370337560420945,0.019590628056254486,0.02796701770174006,-0.007855103530498007,0.004911993664572665
2022-04-28,0.0015959649827985937,0.01526044305437634,-0.002370337560420945,0.019590628056254486,0.02796701770174006,-0.007855103530498007,0.004911993664572665
2022-04-29,0.0015959649827985937,0.01526044305437634,-0.002370337560420945,0.020026318521264592,0.02796701770174006,-0.007855103530498007,0.004911993664572665
2022-05-05,0.0013215653161108597,0.01526044305437634,0.04235016227923622,0.0419647558884393,0.02539976947360954,-0.007855103530498007,0.004911993664572665
2022-05-06,0.0013215653161108597,0.01526044305437634,0.0444231543988187,0.0419647558884393,0.02539976947360954,-0.007855103530498007,0.004911993664572665
2022-05-09,0.0013215653161108597,0.01526044305437634,0.04612286304873868,0.0419647558884393,0.02204581174602643,-0.007855103530498007,0.004911993664572665
2022-05-10,0.0013215653161108597,0.01526044305437634,0.0444231543988187,0.0419647558884393,0.023241744822382473,-0.007855103530498007,0.004911993664572665
2022-05-11,0.0013215653161108597,0.01526044305437634,0.0444231543988187,0.03923306103979574,0.025715681192757422,-0.007855103530498007,0.004911993664572665
2022-05-12,0.0013215653161108597,0.01526044305437634,0.04612286304873868,0.03923306103979574,0.025715681192757422,-0.007855103530498007,0.004911993664572665
2022-05-13,0.0013215653161108597,0.01526044305437634,0.05508516628740698,0.03923306103979574,0.025715681192757422,-0.007855103530498007,0.004911993664572665
2022-05-16,0.0013215653161108597,0.01526044305437634,0.0430772923420597,0.0419647558884393,0.030157768072711248,-0.007855103530498007,0.004911993664572665
2022-05-17,0.0013215653161108597,0.01526044305437634,0.05508516628740698,0.0419647558884393,0.04204388101825268,-0.007855103530498007,0.004911993664572665
2022-05-18,0.0013215653161108597,0.01526044305437634,0.0430772923420597,0.0419647558884393,0.04204388101825268,-0.007855103530498007,0.004911993664572665
2022-05-19,0.0005294812621532831,0.01526044305437634,0.0430772923420597,0.0419647558884393,0.04204388101825268,-0.007855103530498007,0.004911993664572665
2022-05-20,0.0005294812621532831,0.01526044305437634,0.05508516628740698,0.0419647558884393,0.04204388101825268,-0.007855103530498007,0.004911993664572665
2022-05-23,0.0005294812621532831,0.01526044305437634,0.05508516628740698,0.0419647558884393,0.045008592257291494,-0.007855103530498007,0.004911993664572665
2022-05-24,0.0005294812621532831,0.01526044305437634,0.05508516628740698,0.0419647558884393,0.045008592257291494,-0.007855103530498007,0.004911993664572665
2022-05-25,0.0005294812621532831,0.01526044305437634,0.05508516628740698,0.0419647558884393,0.04599491550745427,-0.007855103530498007,0.004911993664572665
2022-05-26,0.0005294812621532831,0.01526044305437634,0.05508516628740698,0.0419647558884393,0.048901104997996825,-0.007855103530498007,0.004911993664572665
2022-05-27,0.0013215653161108597,0.01526044305437634,0.05508516628740698,0.0419647558884393,0.048901104997996825,-0.007855103530498007,0.004911993664572665
2022-05-30,0.0005294812621532831,0.01526044305437634,0.05508516628740698,0.0419647558884393,0.0498874282481596,-0.007855103530498007,0.004911993664572665
2022-05-31,0.0005294812621532831,0.01526044305437634,0.05508516628740698,0.0419647558884393,0.04599491550745427,-0.007855103530498007,0.004911993664572665
2022-06-01,0.0005294812621532831,0.01526044305437634,-0.005612463435871476,-0.016974103444576814,0.01231872412600646,-0.007855103530498007,0.004911993664572665
2022-06-02,0.0005294812621532831,0.01526044305437634,-0.005612463435871476,-0.016974103444576814,0.01231872412600646,-0.007855103530498007,0.004911993664572665
2022-06-06,0.0005294812621532831,0.01526044305437634,-0.005612463435871476,-0.01970579829322038,0.01231872412600646,-0.007855103530498007,0.004911993664572665
2022-06-07,0.0005294812621532831,0.01526044305437634,-0.005612463435871476,-0.01970579829322038,0.01231872412600646,-0.007855103530498007,0.004911993664572665
2022-06-08,0.0005294812621532831,0.01526044305437634,-0.005612463435871476,-0.04750727937049327,0.01231872412600646,-0.007855103530498007,0.004911993664572665
2022-06-09,0.0013215653161108597,0.01526044305437634,-0.005612463435871476,-0.05418519970141346,0.01231872412600646,-0.007855103530498007,0.004911993664572665
2022-06-10,0.0005294812621532831,0.01526044305437634,-0.005612463435871476,-0.04750727937049327,0.009844787755631506,-0.007855103530498007,0.004911993664572665
2022-06-13,0.0013215653161108597,0.01526044305437634,-0.015911255905162222,-0.04750727937049327,0.01267517671264574,-0.007855103530498007,0.004911993664572665
2022-06-14,0.0013215653161108597,0.01526044305437634,-0.017984248024744694,-0.007620379934939228,0.01267517671264574,-0.007855103530498007,0.004911993664572665
2022-06-15,0.0005294812621532831,0.01526044305437634,-0.020587023701752125,-0.007620379934939228,0.010954269850363924,-0.007855103530498007,0.004911993664572665
2022-06-16,0.0005294812621532831,0.01526044305437634,-0.017984248024744694,-0.007620379934939228,0.01267517671264574,-0.007855103530498007,0.004911993664572665
2022-06-17,0.0005294812621532831,0.01526044305437634,-0.020587023701752125,-0.008789682597866201,0.01041020052917811,-0.007855103530498007,0.004911993664572665
2022-06-20,0.0005294812621532831,0.01526044305437634,-0.020587023701752125,-0.008789682597866201,0.01041020052917811,-0.007855103530498007,0.004911993664572665
2022-06-21,0.0005294812621532831,0.01526044305437634,-0.020587023701752125,-0.008789682597866201,0.010954269850363924,-0.007855103530498007,0.004911993664572665
2022-06-22,0.0013215653161108597,0.01526044305437634,-0.017984248024744694,-0.008789682597866201,0.01267517671264574,-0.007855103530498007,0.004911993664572665
2022-06-23,0.0005294812621532831,0.01526044305437634,-0.017984248024744694,-0.007620379934939228,0.01267517671264574,-0.007855103530498007,0.004911993664572665
2022-06-24,0.0005294812621532831,0.01526044305437634,-0.017984248024744694,-0.007620379934939228,0.01267517671264574,-0.007855103530498007,0.004911993664572665
2022-06-27,0.0005294812621532831,0.01526044305437634,-0.017984248024744694,-0.010347803119568314,0.01267517671264574,-0.007855103530498007,0.004911993664572665
2022-06-28,0.0005294812621532831,0.01526044305437634,-0.005612463435871476,-0.05023470255512236,0.01387110978900178,-0.007855103530498007,0.004911993664572665
2022-06-29,0.0005294812621532831,0.01526044305437634,-0.005612463435871476,-0.05150530233833252,0.009959031736219561,-0.007855103530498007,0.004911993664572665
2022-06-30,-0.003286837202669375,0.01526044305437634,-0.008215239112878902,-0.10861926187823756,0.0076940555527519276,-0.007855103530498007,0.004911993664572665
2022-07-01,-0.003286837202669375,0.01526044305437634,0.012848357947830093,-0.05883198258213235,0.036551826540907634,-0.007855103530498007,0.004911993664572665
2022-07-04,-0.003286837202669375,0.01526044305437634,0.012848357947830093,-0.05883198258213235,0.036551826540907634,-0.007855103530498007,0.004911993664572665
2022-07-05,-0.003286837202669375,0.01526044305437634,0.012848357947830093,-0.05883198258213235,0.036551826540907634,-0.007855103530498007,0.004911993664572665
2022-07-06,-0.003286837202669375,0.01526044305437634,0.010245582270822659,-0.05766267991920537,0.03748514235063774,-0.007855103530498007,0.004911993664572665
2022-07-07,-0.003286837202669375,0.01526044305437634,0.012848357947830093,-0.05766267991920537,0.03990578426849074,-0.007855103530498007,0.004911993664572665
2022-07-08,-0.003286837202669375,0.01526044305437634,0.012848357947830093,-0.01219371333465093,0.03990578426849074,-0.007855103530498007,0.004911993664572665
2022-07-11,-0.003286837202669375,0.01526044305437634,0.008823298034514778,-0.0021220460397792145,0.03990578426849074,-0.007855103530498007,0.004911993664572665
2022-07-12,-0.003286837202669375,0.01526044305437634,0.008823298034514778,0.018746007005499204,0.03990578426849074,-0.007855103530498007,0.004911993664572665
2022-07-13,0.0005294812621532831,0.01526044305437634,0.008823298034514778,0.020016606788709354,0.04089210751865352,-0.007855103530498007,0.004911993664572665
2022-07-14,0.0005294812621532831,0.01526044305437634,0.008823298034514778,0.020016606788709354,0.04089210751865352,-0.0004886607167550939,0.004911993664572665
2022-07-15,0.0005294812621532831,0.01526044305437634,0.008823298034514778,0.020016606788709354,0.04089210751865352,-0.0004886607167550939,0.004911993664572665
2022-07-18,0.0005294812621532831,0.01526044305437634,0.008823298034514778,0.020016606788709354,0.03990578426849074,-0.0004886607167550939,0.004911993664572665
2022-07-19,0.0013215653161108597,0.01526044305437634,0.008823298034514778,0.020016606788709354,0.04089210751865352,-0.0004886607167550939,0.004911993664572665
2022-07-20,0.0005294812621532831,0.01526044305437634,0.008823298034514778,0.020016606788709354,0.04089210751865352,-0.0004886607167550939,0.004911993664572665
2022-07-21,0.0005294812621532831,0.01526044305437634,0.008823298034514778,0.019013155158277478,0.04089210751865352,-0.0004886607167550939,0.004911993664572665
2022-07-22,0.0005294812621532831,0.01526044305437634,0.008823298034514778,0.019013155158277478,0.04089210751865352,-0.0004886607167550939,0.004911993664572665
2022-07-25,0.0013215653161108597,0.01526044305437634,0.008823298034514778,0.020016606788709354,0.04089210751865352,-0.0004886607167550939,0.004911993664572665
2022-07-26,0.0005294812621532831,0.01526044305437634,0.008823298034514778,0.020016606788709354,0.04089210751865352,-0.0004886607167550939,0.004911993664572665
2022-07-27,0.0013215653161108597,0.01526044305437634,0.008823298034514778,0.020016606788709354,0.04089210751865352,-0.0004886607167550939,0.004911993664572665
2022-07-28,0.0005294812621532831,0.01526044305437634,0.008823298034514778,0.020016606788709354,0.04089210751865352,-0.007855103530498007,0.004911993664572665
2022-07-29,0.0013215653161108597,0.01526044305437634,0.008823298034514778,0.020016606788709354,0.04089210751865352,-0.007855103530498007,0.004911993664572665
2022-08-01,0.0005294812621532831,0.01526044305437634,-0.019936315818477532,0.04152906542342919,-0.015944106389044477,-0.007855103530498007,0.004911993664572665
2022-08-02,0.0013215653161108597,0.01526044305437634,-0.019936315818477532,0.04152906542342919,-0.015944106389044477,-0.007855103530498007,0.004911993664572665
2022-08-03,0.0005294812621532831,0.01526044305437634,-0.019936315818477532,0.0419647558884393,-0.015944106389044477,-0.007855103530498007,0.004911993664572665
2022-08-04,0.0005294812621532831,0.01526044305437634,-0.019936315818477532,0.0419647558884393,-0.015944106389044477,-0.007855103530498007,0.004911993664572665
2022-08-05,0.0005294812621532831,0.01526044305437634,-0.005612463435871476,0.0419647558884393,-0.012274236942313475,-0.007855103530498007,0.004911993664572665
2022-08-08,0.0005294812621532831,0.01526044305437634,-0.005612463435871476,0.0419647558884393,-0.012274236942313475,-0.007855103530498007,0.004911993664572665
2022-08-09,-0.003286837202669375,0.01526044305437634,-0.005612463435871476,0.0419647558884393,-0.012274236942313475,-0.007855103530498007,0.004911993664572665
2022-08-10,-0.003286837202669375,0.01526044305437634,-0.005612463435871476,0.0419647558884393,-0.016166749683018795,-0.007855103530498007,0.004911993664572665
2022-08-11,-0.003286837202669375,0.01526044305437634,-0.005612463435871476,0.04069415610522915,-0.016166749683018795,-0.007855103530498007,0.004911993664572665
2022-08-12,-0.003286837202669375,0.01526044305437634,-0.005612463435871476,0.04069415610522915,-0.016166749683018795,-0.007855103530498007,0.004911993664572665
2022-08-15,-0.003286837202669375,0.01526044305437634,-0.005612463435871476,0.039361924332514855,-0.016166749683018795,-0.007855103530498007,0.004911993664572665
2022-08-16,-0.003286837202669375,0.01526044305437634,-0.005612463435871476,0.039361924332514855,-0.01864068605339375,-0.007855103530498007,0.004911993664572665
2022-08-17,-0.003286837202669375,0.01526044305437634,-0.015911255905162222,0.039361924332514855,-0.015944106389044477,-0.007855103530498007,0.004911993664572665
2022-08-18,-0.003286837202669375,0.01526044305437634,-0.015911255905162222,0.039361924332514855,-0.01523053825275496,-0.007855103530498007,0.004911993664572665
2022-08-19,-0.003286837202669375,0.01526044305437634,-0.019936315818477532,0.039361924332514855,-0.01523053825275496,-0.007855103530498007,0.004911993664572665
2022-08-22,-0.003286837202669375,0.01526044305437634,-0.019936315818477532,0.04063252411572501,-0.01523053825275496,-0.007855103530498007,0.004911993664572665
2022-08-23,-0.003286837202669375,0.01526044305437634,-0.019936315818477532,0.04063252411572501,-0.00856412567795624,-0.007855103530498007,0.004911993664572665
2022-08-24,-0.003286837202669375,0.01526044305437634,-0.019936315818477532,0.03746513880207134,-0.023190576857332897,-0.007855103530498007,0.004911993664572665
2022-08-25,0.0005294812621532831,0.01526044305437634,-0.019936315818477532,0.03746513880207134,-0.023190576857332897,-0.007855103530498007,0.004911993664572665
2022-08-26,0.0005294812621532831,0.01526044305437634,-0.019936315818477532,0.03879737057478563,-0.023190576857332897,-0.007855103530498007,0.004911993664572665
2022-08-29,0.0005294812621532831,0.01526044305437634,-0.017984248024744694,0.03879737057478563,-0.016804562434175722,-0.007855103530498007,0.004911993664572665
2022-08-30,0.0005294812621532831,0.01526044305437634,-0.017984248024744694,0.03879737057478563,-0.016804562434175722,-0.007855103530498007,0.004911993664572665
2022-08-31,0.0005294812621532831,0.01526044305437634,-0.017984248024744694,0.03879737057478563,-0.016804562434175722,-0.007855103530498007,0.004911993664572665
2022-09-01,0.0013215653161108597,0.01526044305437634,-0.017984248024744694,0.03879737057478563,-0.016804562434175722,-0.007855103530498007,0.004911993664572665
2022-09-02,0.0005294812621532831,0.01526044305437634,-0.017984248024744694,0.03879737057478563,-0.016804562434175722,-0.007855103530498007,0.004911993664572665
2022-09-05,0.0015959649827985937,0.01526044305437634,-0.017984248024744694,0.028613452409925515,-0.016390111515540994,-0.007855103530498007,0.004911993664572665
2022-09-06,0.0008038809288410168,0.01526044305437634,-0.017984248024744694,0.022680464693156877,-0.016390111515540994,-0.007855103530498007,0.004911993664572665
2022-09-07,0.0008038809288410168,0.01526044305437634,-0.017984248024744694,0.022680464693156877,-0.016804562434175722,-0.007855103530498007,0.004911993664572665
2022-09-08,0.0008038809288410168,0.01526044305437634,-0.017984248024744694,0.010434073202344317,-0.016804562434175722,-0.007855103530498007,0.004911993664572665
2022-09-09,0.0008038809288410168,0.01526044305437634,-0.017984248024744694,0.009311643145652308,-0.016804562434175722,-0.007855103530498007,0.004911993664572665
2022-09-13,0.0013215653161108597,0.01526044305437634,-0.017984248024744694,0.009311643145652308,-0.016804562434175722,-0.007855103530498007,0.004911993664572665
2022-09-14,0.0013215653161108597,0.01526044305437634,-0.017984248024744694,0.009311643145652308,-0.016804562434175722,-0.007855103530498007,0.004911993664572665
2022-09-15,0.0013215653161108597,0.01526044305437634,-0.017984248024744694,0.009311643145652308,-0.016804562434175722,-0.007855103530498007,0.004911993664572665
2022-09-16,0.0015959649827985937,0.01526044305437634,-0.017984248024744694,0.008875952680642202,-0.016390111515540994,-0.007855103530498007,0.004911993664572665
2022-09-19,0.0015959649827985937,0.01526044305437634,-0.017984248024744694,0.008875952680642202,-0.01583643235954951,-0.007855103530498007,0.004911993664572665
2022-09-20,0.0015959649827985937,0.01526044305437634,-0.017984248024744694,0.008875952680642202,-0.01583643235954951,-0.007855103530498007,0.004911993664572665
2022-09-21,0.0015959649827985937,0.01526044305437634,-0.017984248024744694,0.008875952680642202,-0.01583643235954951,-0.007855103530498007,0.004911993664572665
2022-09-22,0.0015959649827985937,0.01526044305437634,-0.017984248024744694,0.008875952680642202,-0.01583643235954951,-0.007855103530498007,0.004911993664572665
2022-09-23,0.0015959649827985937,0.01526044305437634,-0.017984248024744694,0.008875952680642202,-0.01583643235954951,-0.007855103530498007,0.004911993664572665
2022-09-26,0.0015959649827985937,0.01526044305437634,-0.017984248024744694,0.008875952680642202,-0.01583643235954951,-0.007855103530498007,0.004911993664572665
2022-09-27,0.0013215653161108597,0.01526044305437634,-0.017984248024744694,0.008875952680642202,-0.01583643235954951,-0.007855103530498007,0.004911993664572665
2022-09-28,0.0013215653161108597,0.01526044305437634,-0.017984248024744694,0.008875952680642202,-0.01583643235954951,-0.007855103530498007,0.004911993664572665
2022-09-29,0.0013215653161108597,0.01526044305437634,-0.017984248024744694,0.008875952680642202,-0.01583643235954951,-0.007855103530498007,0.004911993664572665
2022-09-30,0.0013215653161108597,0.01526044305437634,-0.017984248024744694,0.008875952680642202,-0.01583643235954951,-0.007855103530498007,0.004911993664572665
2022-10-10,0.0015959649827985937,0.01526044305437634,0.0530121741678245,0.002217781359724513,0.07215553248935298,-0.007855103530498007,0.004911993664572665
2022-10-11,0.0015959649827985937,0.01526044305437634,0.0530121741678245,0.002217781359724513,0.07215553248935298,-0.007855103530498007,0.004911993664572665
2022-10-12,0.0015959649827985937,0.01526044305437634,0.0530121741678245,0.002217781359724513,0.07215553248935298,-0.007855103530498007,0.004911993664572665
2022-10-13,0.0015959649827985937,0.01526044305437634,0.0530121741678245,0.003775901881426627,0.07215553248935298,-0.007855103530498007,0.004911993664572665
2022-10-14,0.0015959649827985937,0.01526044305437634,0.0530121741678245,0.01875398822088275,0.07215553248935298,-0.007855103530498007,0.004911993664572665
2022-10-17,0.0015959649827985937,0.01526044305437634,0.0530121741678245,0.0251226664026615,0.07215553248935298,-0.007855103530498007,0.004911993664572665
2022-10-18,0.0015959649827985937,0.01526044305437634,0.0530121741678245,0.0251226664026615,0.06576951806619584,-0.007855103530498007,0.004911993664572665
2022-10-19,0.0015959649827985937,0.01526044305437634,0.05508516628740698,0.0251226664026615,0.06576951806619584,-0.007855103530498007,0.004911993664572665
2022-10-20,0.0015959649827985937,0.01526044305437634,0.05508516628740698,0.0251226664026615,0.06576951806619584,-0.007855103530498007,0.004911993664572665
2022-10-21,0.0015959649827985937,0.01526044305437634,0.05508516628740698,0.022390971554017935,0.06576951806619584,-0.007855103530498007,0.004911993664572665
2022-10-24,0.0015959649827985937,0.01526044305437634,0.05508516628740698,0.023609150578378785,0.06648719803270722,-0.007855103530498007,0.004911993664572665
2022-10-25,0.0015959649827985937,0.01526044305437634,0.05508516628740698,0.030390236806071745,0.06648719803270722,-0.007855103530498007,0.004911993664572665
2022-10-26,0.0015959649827985937,0.01526044305437634,0.05508516628740698,0.034869376789869656,0.06648719803270722,-0.007855103530498007,0.004911993664572665
2022-10-27,0.0015959649827985937,0.01526044305437634,0.05508516628740698,0.032137681941226105,0.06593351887671574,-0.007855103530498007,0.004911993664572665
2022-10-28,0.0015959649827985937,0.01526044305437634,0.05508516628740698,0.04154729712078987,0.06551906795808099,-0.007855103530498007,0.004911993664572665
2022-10-31,0.0015959649827985937,0.01526044305437634,0.05508516628740698,0.0388156022721463,0.06551906795808099,-0.007855103530498007,0.004911993664572665
2022-11-01,0.0015959649827985937,0.01526044305437634,-0.005612463435871476,0.04547377359306398,-0.014910514703385199,-0.007855103530498007,0.004911993664572665
2022-11-02,0.0015959649827985937,0.01526044305437634,-0.005612463435871476,0.04547377359306398,-0.014910514703385199,-0.007855103530498007,0.004911993664572665
2022-11-03,0.0015959649827985937,0.01526044305437634,-0.005612463435871476,0.04547377359306398,-0.014910514703385199,-0.007855103530498007,0.004911993664572665
2022-11-04,0.0015959649827985937,0.01526044305437634,-0.005612463435871476,0.04547377359306398,-0.019789350694253294,-0.007855103530498007,0.004911993664572665
2022-11-07,0.0015959649827985937,0.01526044305437634,-0.005612463435871476,0.04547377359306398,-0.018803027444090507,-0.007855103530498007,0.004911993664572665
2022-11-08,0.0015959649827985937,0.01526044305437634,-0.005612463435871476,0.04547377359306398,-0.018803027444090507,-0.007855103530498007,0.004911993664572665
2022-11-09,0.0015959649827985937,0.01526044305437634,-0.005612463435871476,0.04820546844170753,-0.015449069716507413,-0.007855103530498007,0.004911993664572665
2022-11-10,0.0015959649827985937,0.01526044305437634,-0.005612463435871476,0.04820546844170753,-0.015449069716507413,-0.007855103530498007,0.004911993664572665
2022-11-11,0.0015959649827985937,0.01526044305437634,-0.005612463435871476,0.04820546844170753,-0.018909329337045148,-0.007855103530498007,0.004911993664572665
2022-11-14,0.0015959649827985937,0.01526044305437634,-0.005612463435871476,0.030351565050143477,-0.020105262413401184,-0.007855103530498007,0.004911993664572665
2022-11-15,0.0015959649827985937,0.01526044305437634,-0.005612463435871476,0.030351565050143477,-0.016435392966670192,-0.007855103530498007,0.004911993664572665
2022-11-16,0.0015959649827985937,0.01526044305437634,-0.005612463435871476,0.030351565050143477,-0.015449069716507413,-0.007855103530498007,0.004911993664572665
2022-11-17,0.0015959649827985937,0.01526044305437634,-0.005612463435871476,0.030351565050143477,-0.014735501580217893,-0.007855103530498007,0.004911993664572665
2022-11-18,0.0015959649827985937,0.01526044305437634,-0.005612463435871476,0.030351565050143477,-0.014735501580217893,-0.007855103530498007,0.004911993664572665
2022-11-21,0.0015959649827985937,0.01526044305437634,-0.005612463435871476,0.030351565050143477,-0.004206047803405772,-0.007855103530498007,0.004911993664572665
2022-11-22,0.0015959649827985937,0.01526044305437634,-0.015911255905162222,0.030351565050143477,-0.005401980879761814,-0.007855103530498007,0.004911993664572665
2022-11-23,0.0015959649827985937,0.01526044305437634,-0.019936315818477532,0.030351565050143477,-0.005401980879761814,-0.007855103530498007,0.004911993664572665
2022-11-24,0.0015959649827985937,0.01526044305437634,-0.019936315818477532,0.04820546844170753,-0.005401980879761814,-0.007855103530498007,0.004911993664572665
2022-11-25,0.0015959649827985937,0.01526044305437634,-0.019936315818477532,0.04820546844170753,-0.005401980879761814,-0.007855103530498007,0.004911993664572665
2022-11-28,0.0015959649827985937,0.01526044305437634,-0.019936315818477532,0.04152754811078735,-0.005401980879761814,-0.007855103530498007,0.004911993664572665
2022-11-29,0.0015959649827985937,0.01526044305437634,-0.019936315818477532,0.015446294429754134,-0.005401980879761814,-0.007855103530498007,0.004911993664572665
2022-11-30,0.0015959649827985937,0.01526044305437634,-0.019936315818477532,0.015446294429754134,-0.005401980879761814,-0.007855103530498007,0.004911993664572665
2022-12-01,0.0015959649827985937,0.006744784079340968,0.012698495948063866,0.014727654588726517,0.05532674576864149,-0.007855103530498007,0.004911993664572665
2022-12-02,0.0015959649827985937,0.006744784079340968,0.012698495948063866,0.015067596086067789,0.048989768196253135,-0.007855103530498007,0.004911993664572665
2022-12-05,0.0015959649827985937,0.006744784079340968,0.012698495948063866,-0.028052277652654067,0.045635810468670025,-0.007855103530498007,0.004911993664572665
2022-12-06,0.0015959649827985937,0.006744784079340968,0.012698495948063866,-0.03468798988355293,0.045635810468670025,-0.007855103530498007,0.004911993664572665
2022-12-07,0.0015959649827985937,0.006744784079340968,0.012698495948063866,-0.03922365795013605,0.045635810468670025,-0.007855103530498007,0.004911993664572665
2022-12-08,0.0015959649827985937,0.006744784079340968,0.012698495948063866,-0.034004963908159686,0.045635810468670025,-0.007855103530498007,0.004911993664572665
2022-12-09,0.0015959649827985937,0.006744784079340968,0.012698495948063866,-0.027327043577239488,0.045635810468670025,-0.007855103530498007,0.004911993664572665
2022-12-12,0.0015959649827985937,0.006744784079340968,0.012698495948063866,-0.027327043577239488,0.045635810468670025,-0.007855103530498007,0.004911993664572665
2022-12-13,0.0015959649827985937,0.006744784079340968,0.012698495948063866,-0.016249954749353875,0.045635810468670025,-0.007855103530498007,0.004911993664572665
2022-12-14,0.0015959649827985937,0.006744784079340968,0.012698495948063866,-0.016249954749353875,0.045635810468670025,-0.007855103530498007,0.004911993664572665
2022-12-15,0.0015959649827985937,0.006744784079340968,0.012698495948063866,-0.016249954749353875,0.045635810468670025,-0.007855103530498007,0.004911993664572665
2022-12-16,0.0015959649827985937,0.006744784079340968,0.012698495948063866,-0.016249954749353875,0.045635810468670025,-0.007855103530498007,0.004911993664572665
2022-12-19,0.0015959649827985937,0.006744784079340968,0.012698495948063866,-0.016249954749353875,0.045635810468670025,-0.007855103530498007,0.004911993664572665
2022-12-20,0.0015959649827985937,0.006744784079340968,0.012698495948063866,-0.015902950580537614,0.045635810468670025,-0.007855103530498007,0.004911993664572665
2022-12-21,0.0015959649827985937,0.006744784079340968,0.012698495948063866,-0.015902950580537614,0.045635810468670025,-0.007855103530498007,0.004911993664572665
2022-12-22,0.0015959649827985937,0.006744784079340968,0.012698495948063866,-0.01852996221976656,0.045635810468670025,-0.007855103530498007,0.004911993664572665
2022-12-23,0.0015959649827985937,0.006744784079340968,0.012698495948063866,-0.01852996221976656,0.045635810468670025,-0.007855103530498007,0.004911993664572665
2022-12-26,0.0015959649827985937,0.006744784079340968,0.014650563741796706,-0.01852996221976656,0.05193846858704313,-0.007855103530498007,0.004911993664572665
2022-12-27,0.0015959649827985937,0.006744784079340968,0.014650563741796706,-0.01852996221976656,0.05193846858704313,-0.007855103530498007,0.004911993664572665
2022-12-28,0.0015959649827985937,0.006744784079340968,0.014650563741796706,-0.01668564521436398,0.05193846858704313,-0.007855103530498007,0.004911993664572665
2022-12-29,0.0015959649827985937,0.006744784079340968,0.014650563741796706,-0.01852996221976656,0.05193846858704313,-0.007855103530498007,0.004911993664572665
2022-12-30,0.0015959649827985937,0.006744784079340968,0.014650563741796706,-0.01668564521436398,0.059581751685439006,-0.007855103530498007,0.004911993664572665
2023-01-03,0.018137006411907124,0.025622710131197313,0.000605484179038947,0.05332978397004932,0.003661143539508564,0.006058555945489636,0.003395482254189119
2023-01-04,0.018137006411907124,0.025622710131197313,0.000605484179038947,0.05332978397004932,0.003661143539508564,0.00560113440199703,0.003395482254189119
2023-01-05,0.018137006411907124,0.025622710131197313,0.0043671702076207766,0.05332978397004932,-0.004124061925462629,0.006058555945489636,0.003395482254189119
2023-01-06,0.018137006411907124,0.025622710131197313,0.0043671702076207766,0.05332978397004932,-0.005315082707936901,0.005918579158749046,0.003395482254189119
2023-01-09,0.018137006411907124,0.025622710131197313,0.005073729066022918,0.05332978397004932,-0.005767930186453507,0.005918579158749046,0.003395482254189119
2023-01-10,0.018137006411907124,0.025622710131197313,0.005073729066022918,0.05332978397004932,-0.0036115593282523817,0.005918579158749046,0.003395482254189119
2023-01-11,0.018137006411907124,0.025622710131197313,0.005073729066022918,0.04548653110159838,-0.0036115593282523817,0.005918579158749046,0.003395482254189119
2023-01-12,0.018137006411907124,0.025622710131197313,0.005073729066022918,0.04548653110159838,-0.005227835991376454,0.006058555945489636,0.003395482254189119
2023-01-13,0.018137006411907124,0.025622710131197313,0.005073729066022918,0.03600509478150457,-0.005227835991376454,0.006058555945489636,0.003395482254189119
2023-01-16,0.017304698333366644,0.025622710131197313,0.005073729066022918,0.02886136364440211,-0.0036115593282523817,0.005918579158749046,0.003395482254189119
2023-01-17,0.003484324186851057,0.025622710131197313,0.005073729066022918,0.03013155822303675,-0.004200335432430707,0.005918579158749046,0.003395482254189119
2023-01-18,0.003484324186851057,0.025622710131197313,0.005073729066022918,0.02751861582317318,-0.004200335432430707,0.005918579158749046,0.003395482254189119
2023-01-19,0.003484324186851057,0.025622710131197313,0.005073729066022918,0.032231238630178786,-0.004200335432430707,0.005918579158749046,0.003395482254189119
2023-01-20,0.003484324186851057,0.025622710131197313,0.005073729066022918,0.032231238630178786,-0.01141040268909304,0.003240089123734799,0.003395482254189119
2023-01-30,0.003484324186851057,0.025622710131197313,0.005073729066022918,0.032454375972725436,-0.004200335432430707,0.0023490059207369653,0.003395482254189119
2023-01-31,0.017304698333366644,0.025622710131197313,0.005073729066022918,0.04548653110159838,-0.0036115593282523817,0.0023490059207369653,0.003395482254189119
2023-02-01,0.02380779221007199,0.027783928275610652,0.044425118068763,0.031947357984374807,0.02585917965115459,0.0023490059207369653,0.003395482254189119
2023-02-02,0.02380779221007199,0.027783928275610652,0.044425118068763,0.031947357984374807,0.024647162030024324,0.0023490059207369653,0.003395482254189119
2023-02-03,0.02380779221007199,0.027783928275610652,0.04375523677198063,0.009962107359673743,0.02234279049938176,0.0023490059207369653,0.003395482254189119
2023-02-06,0.02380779221007199,0.027783928275610652,0.04241912096109738,0.009962107359673743,0.024647162030024324,0.0023490059207369653,0.003395482254189119
2023-02-07,0.02380779221007199,-0.003213574680589789,0.038238289768845635,0.031947357984374807,0.024426781954293174,0.002935196114305078,0.003395482254189119
2023-02-08,0.02380779221007199,-0.003213574680589789,0.041518267574162965,0.031947357984374807,0.01942119903013758,0.002935196114305078,0.003395482254189119
2023-02-09,0.02380779221007199,-0.003213574680589789,0.037909530946690424,0.031947357984374807,0.020365552267208438,0.002935196114305078,0.003395482254189119
2023-02-10,0.02380779221007199,-0.0013486497696637762,0.036634452015757615,0.009962107359673743,0.020422796880604374,0.002935196114305078,0.003395482254189119
2023-02-13,0.02380779221007199,-0.005207832816102089,0.037970567826640864,-0.003452263388752109,0.020422796880604374,0.002935196114305078,0.003395482254189119
2023-02-14,0.02380779221007199,-0.007381212908462285,0.037970567826640864,9.845542002702326e-05,0.0065520244515311545,0.002935196114305078,0.003395482254189119
2023-02-15,0.02380779221007199,-0.005516287997536269,0.037970567826640864,0.009962107359673743,0.0065520244515311545,0.002935196114305078,0.003395482254189119
2023-02-16,0.02380779221007199,-0.005516287997536269,0.041579304454113404,0.022083706044728108,0.006208924225637408,0.002935196114305078,0.003395482254189119
2023-02-17,0.02380779221007199,-0.0013486497696637762,0.040243188643230156,0.031947357984374807,0.017038546922638793,0.0038262793173029124,0.003395482254189119
2023-02-20,0.02620388665534961,-0.007381212908462285,0.041579304454113404,0.010913247676039555,0.00619306274700323,0.005495134908403734,0.003395482254189119
2023-02-21,0.02380779221007199,-0.007381212908462285,0.041579304454113404,0.010913247676039555,0.00619306274700323,0.005918579158749046,0.003395482254189119
2023-02-22,0.02380779221007199,-0.009375471043974579,0.041579304454113404,0.014463966484818685,0.00619306274700323,0.005918579158749046,0.003395482254189119
2023-02-23,0.02380779221007199,-0.007381212908462285,0.040243188643230156,0.024327618424465403,0.00619306274700323,0.005918579158749046,0.003395482254189119
2023-02-24,0.021590449549525943,-0.009375471043974579,0.040243188643230156,0.041244225659956606,0.00619306274700323,0.005918579158749046,0.003395482254189119
2023-02-27,0.01157767220059031,-0.007381212908462285,0.03953662978482802,0.041244225659956606,0.007405080368133502,0.005918579158749046,0.003395482254189119
2023-02-28,0.01871333207189036,-0.009375471043974579,0.03953662978482802,0.041244225659956606,0.007405080368133502,0.005918579158749046,0.003395482254189119
2023-03-01,0.00034472407553241407,-9.601389617071987e-05,0.026755366309419062,0.03138057372030991,0.03056036893755921,0.005918579158749046,0.003395482254189119
2023-03-02,-0.0014053112001591052,-0.002869012472011718,0.020521879435563793,0.040183704357296166,0.03056036893755921,0.005918579158749046,0.003395482254189119
2023-03-03,0.027451935054535064,-0.002869012472011718,0.020521879435563793,0.040183704357296166,0.03056036893755921,0.005918579158749046,0.003395482254189119
2023-03-06,0.005100364266631905,-0.002869012472011718,0.020521879435563793,0.04780344391720558,0.03056036893755921,0.005918579158749046,0.003395482254189119
2023-03-07,0.010292580982815974,-0.0003518720289117759,0.020521879435563793,0.04830025583855594,0.03056036893755921,0.005918579158749046,0.003395482254189119
2023-03-08,0.008411114777714756,-0.0003518720289117759,0.020521879435563793,0.04830025583855594,0.03056036893755921,0.005918579158749046,0.003395482254189119
2023-03-09,0.010292580982815974,0.0016423861066005151,0.019670160876917524,0.04830025583855594,0.030239899892398853,0.005918579158749046,0.003395482254189119
2023-03-10,0.030898499390038376,0.0018982442393415699,0.019670160876917524,0.04830025583855594,0.030239899892398853,0.00546115761525644,0.003395482254189119
2023-03-13,0.030898499390038376,0.0018982442393415699,0.022947449653262387,0.04886396521986602,0.03056036893755921,0.005918579158749046,0.003395482254189119
2023-03-14,0.014946183352456857,0.0018982442393415699,0.022993680280837227,0.04886396521986602,0.03056036893755921,0.005918579158749046,0.003395482254189119
2023-03-15,0.016520144455540575,0.0018982442393415699,0.022993680280837227,0.04886396521986602,0.03359640577009206,0.00546115761525644,0.003395482254189119
2023-03-16,0.016520144455540575,0.0018982442393415699,0.021006567410907676,0.04886396521986602,0.03327593672493171,0.00546115761525644,0.003395482254189119
2023-03-17,0.03297773820031215,0.0018982442393415699,0.021006567410907676,0.04886396521986602,0.03327593672493171,0.00546115761525644,0.003395482254189119
2023-03-20,0.016520144455540575,0.0018982442393415699,0.021006567410907676,0.048017489173581694,0.03327593672493171,0.00546115761525644,0.003395482254189119
2023-03-21,0.016520144455540575,0.0018982442393415699,0.021858285969553946,0.048017489173581694,0.03359640577009206,0.00546115761525644,0.003395482254189119
2023-03-22,0.016520144455540575,0.0018982442393415699,0.021858285969553946,0.048017489173581694,0.03359640577009206,0.0050377133649111274,0.003395482254189119
2023-03-23,0.016520144455540575,0.0018982442393415699,0.018249549342081395,0.048017489173581694,0.03190743243329727,0.0022983674105369243,0.003395482254189119
2023-03-24,0.016520144455540575,-0.009099766307322225,0.018249549342081395,0.02687871459516496,0.03190743243329727,0.002935196114305078,0.003395482254189119
2023-03-27,0.016520144455540575,-0.011024000749828807,0.021858285969553946,0.02687871459516496,0.03359640577009206,0.0024777745708124714,0.003395482254189119
2023-03-28,0.013871458787399076,-0.011024000749828807,0.02428385618725254,0.048017489173581694,0.03359640577009206,0.002935196114305078,0.003395482254189119
2023-03-29,0.013871458787399076,-0.011024000749828807,0.020675119559779992,0.048017489173581694,0.032187394179778485,0.002935196114305078,0.003395482254189119
2023-03-30,0.013763138593342068,-0.011024000749828807,0.020675119559779992,0.02687871459516496,0.032187394179778485,0.002935196114305078,0.003395482254189119
2023-03-31,0.013763138593342068,-0.009099766307322225,0.019585665152964636,0.02687871459516496,0.02541722413411065,0.002935196114305078,0.003395482254189119
2023-04-03,0.0030819543089578663,-0.0036515233215707963,0.04356331910612988,0.0016634470161846365,0.004299763247231341,0.0018409458670443169,0.003395482254189119
2023-04-04,0.0030819543089578663,-0.01182655256390121,0.012969596704894266,0.0016634470161846365,0.005882102512163524,0.0022983674105369243,0.003395482254189119
2023-04-06,0.0031902745030148744,-0.012710887959548422,0.004629732827008352,-0.001374065682404753,0.0007770661044633599,0.0018409458670443169,0.003395482254189119
2023-04-07,0.0029903179880321706,-0.01744761913197114,0.002400074955962364,-0.001374065682404753,-0.0005225052356652169,0.0018409458670443169,0.003395482254189119
2023-04-10,-0.010450814670591875,-0.01744761913197114,-0.026286387178396937,0.0010841234251075737,-0.0018351861351835032,0.0018409458670443169,0.003395482254189119
2023-04-11,-0.010450814670591875,-0.01744761913197114,-0.028146883791095867,-0.001374065682404753,-0.001819324656549325,0.0018409458670443169,0.003395482254189119
2023-04-12,-0.010450814670591875,-0.01744761913197114,-0.03185565719978295,-0.001374065682404753,-0.001819324656549325,0.0018409458670443169,0.003395482254189119
2023-04-13,-0.010450814670591875,-0.01744761913197114,-0.031226107313135024,-0.001374065682404753,-0.001819324656549325,0.0018409458670443169,0.003395482254189119
2023-04-14,-0.010450814670591875,-0.01744761913197114,-0.029901049665620807,-0.001374065682404753,-0.0018351861351835032,0.0018409458670443169,0.003395482254189119
2023-04-17,-0.010450814670591875,-0.01744761913197114,-0.029853914896798422,-0.001374065682404753,-0.00356769167267296,0.0018409458670443169,0.003395482254189119
2023-04-18,-0.010450814670591875,-0.01744761913197114,-0.02627044718895622,-0.001374065682404753,-0.003151997984382393,0.0018409458670443169,0.003395482254189119
2023-04-19,-0.010450814670591875,-0.018412698893116752,-0.039187314281604935,0.0016634470161846365,-0.003151997984382393,0.0018409458670443169,0.003395482254189119
2023-04-20,-0.010450814670591875,-0.018412698893116752,-0.04006093618255867,-0.001374065682404753,-0.003151997984382393,0.0018409458670443169,0.003395482254189119
2023-04-21,-0.010221947833677133,-0.018412698893116752,-0.039647692616492994,-0.005956292543724774,-0.003151997984382393,0.0018409458670443169,0.003395482254189119
2023-04-24,-0.006793592523988727,-0.018008364473260225,-0.001183392751879835,-0.005956292543724774,0.003265719322836058,0.0018409458670443169,0.003395482254189119
2023-04-25,-0.006793592523988727,-0.013271633300837506,0.0016669248306853458,-0.004424165683170175,0.004105253760639216,0.0018409458670443169,0.003395482254189119
2023-04-26,-0.006793592523988727,-0.013271633300837506,0.020546701985657268,-6.306698002516765e-06,0.004573398242046181,0.0024777745708124714,0.003395482254189119
2023-04-27,-0.006495785327515443,-0.004212268662859886,0.0016669248306853458,-6.306698002516765e-06,0.0026355008742693906,0.00546115761525644,0.003395482254189119
2023-04-28,-0.005961284445448248,-0.0022880342203533016,0.002400074955962364,-6.306698002516765e-06,-0.001065988396318358,0.00546115761525644,0.003395482254189119
2023-05-04,0.001092991329481729,-0.01158474609111789,-0.006348813592361094,0.03920772981955085,0.00041905327942294974,0.00546115761525644,0.003395482254189119
2023-05-05,0.0016274922115489263,-0.01158474609111789,0.008688197249047486,0.03920772981955085,0.003766339002599321,0.00546115761525644,0.003395482254189119
2023-05-08,0.0007951841330084459,-0.01158474609111789,0.008353124615004313,0.03920772981955085,0.003766339002599321,0.00546115761525644,0.003395482254189119
2023-05-09,0.0007951841330084459,-0.01158474609111789,0.023963279124198957,0.03920772981955085,0.004836647032145454,0.00546115761525644,0.003395482254189119
2023-05-10,0.0007951841330084459,-0.01158474609111789,0.020743694602346513,0.038907366886886535,0.005764804977991777,0.00546115761525644,0.003395482254189119
2023-05-11,0.0007951841330084459,-0.01158474609111789,0.020743694602346513,0.038907366886886535,0.005764804977991777,0.00546115761525644,0.003395482254189119
2023-05-12,0.0016274922115489263,-0.01158474609111789,0.020743694602346513,0.038907366886886535,0.005764804977991777,0.00546115761525644,0.003395482254189119
2023-05-15,0.001092991329481729,-0.01158474609111789,0.020743694602346513,0.038907366886886535,0.005764804977991777,0.00546115761525644,0.003395482254189119
2023-05-16,0.001092991329481729,-0.01158474609111789,0.020743694602346513,0.038907366886886535,0.005764804977991777,0.00546115761525644,0.003395482254189119
2023-05-17,0.01110576867841737,-0.01158474609111789,0.004253010982559019,0.038907366886886535,0.00444155530529313,0.00546115761525644,0.003395482254189119
2023-05-18,0.013025304142490134,-0.01158474609111789,-0.006348813592361094,0.038907366886886535,0.0010942695821167592,0.00546115761525644,0.003395482254189119
2023-05-19,0.013323111338963418,-0.01158474609111789,-0.0072293427029539465,0.046527106446795946,-0.0012832645766175802,0.00546115761525644,0.003395482254189119
2023-05-22,0.013857612221030616,-0.01158474609111789,-0.004194966804949209,0.04682746937946026,0.0001539555969321305,0.00546115761525644,0.003395482254189119
2023-05-23,0.013857612221030616,-0.01158474609111789,-0.0013734597743306127,0.04640978385675954,0.0025846073708746795,0.00546115761525644,0.003395482254189119
2023-05-24,0.013857612221030616,-0.01158474609111789,0.019863165491753657,0.04682746937946026,0.0030851808891196463,0.00546115761525644,0.003395482254189119
2023-05-25,0.013857612221030616,-0.01158474609111789,0.001942860951535853,0.04640978385675954,0.0029192933194716075,0.00546115761525644,0.003395482254189119
2023-05-26,0.009697688258745072,-0.0010586820675375127,-0.00865896362338426,0.04640978385675954,-0.0004279924037047606,0.00546115761525644,0.003395482254189119
2023-05-29,0.0009496187341436192,-0.0055492333862266876,-0.00865896362338426,0.04682746937946026,-0.0028964917510216808,0.00546115761525644,0.003395482254189119
2023-05-30,0.0009496187341436192,-0.003684308475300672,-0.00865896362338426,0.04682746937946026,-0.008303878735838642,0.00546115761525644,0.003395482254189119
2023-05-31,0.0009496187341436192,-0.012286138056374466,-0.00865896362338426,0.020125704874435532,-0.005687495546511173,0.00546115761525644,0.003395482254189119
2023-06-01,0.0006150179542531552,-0.017089644729899964,-0.03432419168309728,0.047097784360802614,-0.03257300751749666,0.00546115761525644,0.003395482254189119
2023-06-02,0.0006150179542531552,-0.017089644729899964,-0.036795992528370715,0.04751546988350333,-0.02746797110979649,0.00546115761525644,0.003395482254189119
2023-06-05,0.0016837286660144253,-0.015229393542785926,-0.036795992528370715,0.04751546988350333,-0.03143312772303852,0.00546115761525644,0.003395482254189119
2023-06-06,0.0053645154744127056,-0.017089644729899964,-0.036795992528370715,0.04751546988350333,-0.035223451727808996,0.00546115761525644,0.003395482254189119
2023-06-07,0.009363087478854608,-0.017089644729899964,-0.036795992528370715,0.04695532968248956,-0.05630279461851504,0.00546115761525644,0.003395482254189119
2023-06-08,0.009363087478854608,-0.006347492315977234,-0.036795992528370715,0.04695532968248956,-0.05423379504334774,0.00546115761525644,0.003395482254189119
2023-06-09,0.01201177314699611,-0.006091634183236178,-0.036795992528370715,0.047097784360802614,-0.0593388314510479,0.00546115761525644,0.003395482254189119
2023-06-12,0.01201177314699611,-0.01734550286264102,-0.036795992528370715,0.032555828585075365,-0.0593388314510479,0.004824328911488287,0.003395482254189119
2023-06-13,0.01201177314699611,-0.017089644729899964,-0.036795992528370715,0.030097639477563057,-0.05879873725597085,0.004824328911488287,0.003395482254189119
2023-06-14,0.01201177314699611,-0.017089644729899964,-0.032461611958198744,0.030097639477563057,-0.05630279461851504,0.004824328911488287,0.003395482254189119
2023-06-15,0.013893239352097327,-0.010352740059752185,-0.0243505119239451,0.021155096088975544,-0.05516291482405691,0.004824328911488287,0.003395482254189119
2023-06-16,0.016520144455540575,-0.014464018322136807,-0.0243505119239451,0.021155096088975544,-0.05487948629531662,0.004824328911488287,0.003395482254189119
2023-06-19,0.0117903119753961,-0.01638825276464339,-0.028572699798198493,0.021155096088975544,-0.05487948629531662,0.004824328911488287,0.003395482254189119
2023-06-20,0.0029506061298689534,-0.01638825276464339,-0.03456633465732473,0.021155096088975544,-0.05566687656228937,0.004824328911488287,0.003395482254189119
2023-06-21,0.0029506061298689534,-0.003466007775473017,-0.036795992528370715,0.02081370537847862,-0.05844624772848548,0.00546115761525644,0.003395482254189119
2023-06-26,0.0016837286660144253,-0.003466007775473017,-0.036795992528370715,0.04751546988350333,-0.0587877277607681,0.00546115761525644,0.003395482254189119
2023-06-27,0.0006150179542531552,-0.0037218659082140742,-0.036795992528370715,0.02081370537847862,-0.06012622171802066,0.00546115761525644,0.003395482254189119
2023-06-28,0.0006150179542531552,-0.005678261010024928,-0.036795992528370715,0.03485884923285551,-0.0268277060638553,0.00546115761525644,0.003395482254189119
2023-06-29,0.0006150179542531552,-0.008303887417788085,-0.036795992528370715,0.03485884923285551,-0.02172266965615513,0.00546115761525644,0.003395482254189119
2023-06-30,0.0025031980362351875,-0.008303887417788085,-0.036795992528370715,0.03520023994335243,-0.02604031579688255,0.00546115761525644,0.003395482254189119
2023-07-03,-0.0014595732650886893,-0.014083557800591824,-0.010251968595507385,-0.000882199379097486,-0.008576458015014924,0.00546115761525644,0.003395482254189119
2023-07-04,-0.0014595732650886893,-0.014083557800591824,-0.008147245896381395,-0.000882199379097486,-0.02783773364939387,0.004824328911488287,0.003395482254189119
2023-07-05,-0.0014595732650886893,-0.014083557800591824,-0.012481626466553371,-0.000882199379097486,-0.02783773364939387,0.00546115761525644,0.003395482254189119
2023-07-06,-0.0014595732650886893,-0.014083557800591824,-0.012481626466553371,0.010936218639703073,-0.02783773364939387,0.00546115761525644,0.003395482254189119
2023-07-07,-0.0014595732650886893,-0.014083557800591824,-0.013362155577146224,0.011515542230780138,-0.009109361404648651,0.00546115761525644,0.003395482254189119
2023-07-10,-0.0014595732650886893,-0.014083557800591824,-0.013362155577146224,-0.000882199379097486,-0.008668499994012662,0.00546115761525644,0.003395482254189119
2023-07-11,0.00044144552521306146,-0.014083557800591824,-0.012481626466553371,-0.000882199379097486,-0.006995716809920809,0.004824328911488287,0.003395482254189119
2023-07-12,0.00044144552521306146,-0.014083557800591824,-0.012481626466553371,0.010936218639703073,-0.006995716809920809,0.00546115761525644,0.003395482254189119
2023-07-13,0.00044144552521306146,-0.014083557800591824,-0.0029080540148897424,-0.000882199379097486,-0.006995716809920809,0.00546115761525644,0.003395482254189119
2023-07-14,0.0008760149105271089,-0.014083557800591824,-0.008147245896381395,-0.000882199379097486,-0.007593636701153486,0.00546115761525644,0.003395482254189119
2023-07-17,0.0008760149105271089,-0.014083557800591824,-0.008147245896381395,-0.000882199379097486,-0.007961560128025848,0.00546115761525644,0.003395482254189119
2023-07-18,0.0017083229890675893,-0.01212716269878098,-0.012481626466553371,-0.000882199379097486,-0.007593636701153486,0.00546115761525644,0.003395482254189119
2023-07-19,0.0017083229890675893,-0.011871304566039924,-0.013362155577146224,0.0002608335932896494,-0.008494463517659577,0.00546115761525644,0.003395482254189119
2023-07-20,0.01744670556315412,-0.011871304566039924,-0.013362155577146224,0.012079251612090208,-0.007896543626426902,0.00546115761525644,0.003395482254189119
2023-07-21,0.016377994851392845,-0.011871304566039924,-0.0006111179458759288,0.011519111411076444,-0.003702547590951583,0.00546115761525644,0.003395482254189119
2023-07-24,0.016377994851392845,-0.011871304566039924,-0.0024331834051846213,0.011101425888375724,0.002008504211396403,0.00546115761525644,0.003395482254189119
2023-07-25,0.016377994851392845,-0.011871304566039924,-0.0029080540148897424,0.0002608335932896494,-0.007634913484490537,0.00546115761525644,0.003395482254189119
2023-07-26,0.015545686772852365,-0.011871304566039924,0.0002694111647169238,0.0002608335932896494,-0.003610505611953843,0.00546115761525644,0.003395482254189119
2023-07-27,0.015545686772852365,-0.011871304566039924,0.0021087321424202387,0.012079251612090208,0.0057085290326608215,0.00546115761525644,0.003395482254189119
2023-07-28,0.017333608655298684,-0.011871304566039924,0.0002694111647169238,0.0002608335932896494,-0.003610505611953843,0.00546115761525644,0.003395482254189119
2023-07-31,0.0017253126263367825,-0.011871304566039924,-0.002478870459383351,0.0002608335932896494,-0.010515759411993987,0.00546115761525644,0.003395482254189119
2023-08-01,0.0017253126263367825,0.0013374988980524847,-0.0045434092614377,0.03857767406162004,-0.024147248038928582,0.00546115761525644,0.003395482254189119
2023-08-02,0.01268436933467485,0.0013374988980524847,-0.0045434092614377,0.03857767406162004,-0.02355847193475026,0.00546115761525644,0.003395482254189119
2023-08-03,0.0005922797215036604,0.0013374988980524847,-0.0045434092614377,0.03857767406162004,-0.021878497945215087,0.00546115761525644,0.003395482254189119
2023-08-04,0.0005922797215036604,0.0013374988980524847,-0.0045434092614377,0.021661066826128863,-0.021878497945215087,0.00546115761525644,0.003395482254189119
2023-08-07,0.0005922797215036604,0.0013374988980524847,-0.003742357521006075,0.021661066826128863,-0.017401073380999475,0.00546115761525644,0.003395482254189119
2023-08-08,0.004752203683789197,0.0013374988980524847,-0.0033326574637330747,0.03857767406162004,-0.006139877004806775,0.00546115761525644,0.003395482254189119
2023-08-09,0.0027003506971968504,0.0013374988980524847,0.01235588155990304,0.03801396468030998,-0.0010945703130082695,0.00546115761525644,0.003395482254189119
2023-08-10,0.0027003506971968504,0.0013374988980524847,-0.0033326574637330747,0.03801396468030998,-0.006139877004806775,0.00546115761525644,0.003395482254189119
2023-08-11,0.019705610735137907,0.0010816407653114297,0.01031320689061765,0.04983238269911053,-0.0010945703130082695,0.00546115761525644,0.003395482254189119
2023-08-14,0.019705610735137907,0.0010816407653114297,0.01031320689061765,0.049272242498096766,-0.0010945703130082695,0.00546115761525644,0.003395482254189119
2023-08-15,0.019705610735137907,0.0010816407653114297,0.01031320689061765,0.04221264313920112,-0.0010945703130082695,0.00546115761525644,0.003395482254189119
2023-08-16,0.01748826807459186,-0.0008747543364994246,0.01031320689061765,0.04171583121785075,0.005675599732659568,0.00546115761525644,0.003395482254189119
2023-08-17,0.01748826807459186,-0.0008747543364994246,0.01031320689061765,0.04171583121785075,0.005675599732659568,0.00546115761525644,0.003395482254189119
2023-08-18,0.007475490725656224,0.003292883891373065,0.011168595934911665,0.04141546828518644,0.017665995230761677,0.00546115761525644,0.003395482254189119
2023-08-21,0.00926341260810254,0.0006672574836099056,0.010316877376265398,0.04141546828518644,0.01963031101494809,0.00546115761525644,0.003395482254189119
2023-08-22,0.01748826807459186,0.0006672574836099056,0.010316877376265398,0.04141546828518644,0.0199102727614293,0.00546115761525644,0.003395482254189119
2023-08-23,0.01927618995703818,0.0006672574836099056,0.010316877376265398,0.04141546828518644,0.0199102727614293,0.00546115761525644,0.003395482254189119
2023-08-24,0.021493532617584226,0.0006672574836099056,0.011168595934911665,0.04141546828518644,0.0199102727614293,0.00546115761525644,0.003395482254189119
2023-08-25,0.021493532617584226,0.03166476043981036,0.015678185949318628,0.04141546828518644,0.02419188252424519,0.00546115761525644,0.003395482254189119
2023-08-28,0.023889627062861848,0.0006672574836099056,0.011168595934911665,0.04865904908186579,0.020498815624069373,0.00546115761525644,0.003395482254189119
2023-08-29,0.01972970310057631,0.0006672574836099056,0.011168595934911665,0.05586110311907447,0.013535357271974063,0.00546115761525644,0.003395482254189119
2023-08-30,0.0033390947441058407,0.0026236525854207585,0.01031320689061765,0.05665827797308914,0.009815535396465094,0.00546115761525644,0.003395482254189119
2023-08-31,0.005127016626552153,0.0028795107181618144,-0.009962883381858242,0.05722198735439921,0.005195089300362357,0.00546115761525644,0.003395482254189119
2023-09-01,0.005127016626552153,-0.01009959442641606,-0.023513651637240993,0.03713979935800117,-0.010234665761267747,0.00546115761525644,0.003395482254189119
2023-09-04,0.005127016626552153,-0.01009959442641606,-0.03332365478320268,0.03713979935800117,-0.007477116660259812,0.00546115761525644,0.003395482254189119
2023-09-05,0.003513234508783096,-0.01009959442641606,-0.023513651637240993,0.03485884923285551,-0.008431840971811544,0.00546115761525644,0.003395482254189119
2023-09-06,0.002964410119589188,-0.01009959442641606,-0.03241015628327629,0.03485884923285551,-0.024600442537100087,0.00546115761525644,0.003395482254189119
2023-09-07,0.003683621290274232,-0.01009959442641606,-0.023513651637240993,0.03485884923285551,-0.012345946771150931,0.00546115761525644,0.003395482254189119
2023-09-08,0.003683621290274232,-0.01009959442641606,-0.023513651637240993,0.03485884923285551,-0.012361808249785111,0.00546115761525644,0.003395482254189119
2023-09-11,-0.0049699732919958285,-0.01009959442641606,-0.023513651637240993,0.03485884923285551,-0.024616304015734263,0.00546115761525644,0.003395482254189119
2023-09-12,-0.0049699732919958285,-0.01009959442641606,-0.023513651637240993,0.03128746629397217,-0.020702198216394883,0.00546115761525644,0.003395482254189119
2023-09-13,-0.0049699732919958285,-0.017892765772694334,-0.022485536689352173,0.03128746629397217,-0.020200651475208515,0.00546115761525644,0.003395482254189119
2023-09-14,-0.006209070785248234,-0.017892765772694334,-0.022485536689352173,0.03128746629397217,-0.02235702233340964,0.00546115761525644,0.003395482254189119
2023-09-15,-0.006209070785248234,-0.017892765772694334,-0.022485536689352173,0.03128746629397217,-0.02235702233340964,0.00546115761525644,0.003395482254189119
2023-09-18,-0.006209070785248234,-0.017892765772694334,-0.022485536689352173,0.03128746629397217,-0.02235702233340964,0.00546115761525644,0.003395482254189119
2023-09-19,-0.006209070785248234,-0.017892765772694334,-0.022485536689352173,0.03128746629397217,-0.015146955076747298,0.00546115761525644,0.003395482254189119
2023-09-20,-0.006209070785248234,-0.017892765772694334,-0.022485536689352173,0.03128746629397217,-0.015146955076747298,0.00546115761525644,0.003395482254189119
2023-09-21,0.003513234508783096,0.020897908529784383,-0.01797594667494521,0.03128746629397217,0.0013891504520177423,0.00546115761525644,0.003395482254189119
2023-09-22,0.003513234508783096,0.020897908529784383,-0.01797594667494521,0.03128746629397217,0.0013891504520177423,0.00546115761525644,0.003395482254189119
2023-09-25,0.003513234508783096,0.020897908529784383,-0.01797594667494521,0.03128746629397217,0.0018423280223831115,0.00546115761525644,0.003395482254189119
2023-09-26,0.003513234508783096,0.020897908529784383,-0.01797594667494521,0.03128746629397217,0.0018423280223831115,0.00546115761525644,0.003395482254189119
2023-09-27,0.003513234508783096,0.020897908529784383,-0.01797594667494521,0.03485884923285551,0.0018423280223831115,0.00546115761525644,0.003395482254189119
2023-09-28,-0.006209070785248234,-0.008234669515490048,-0.022485536689352173,0.03427952564177845,-0.014693777506381926,0.00546115761525644,0.003395482254189119
2023-10-09,-0.0014595732650886893,0.0036881689529573367,0.018354067606605642,0.0385509167785416,0.017393289023942184,0.00546115761525644,0.003395482254189119
2023-10-10,-0.0014595732650886893,0.0036881689529573367,0.018354067606605642,0.034979533839658246,0.011163213173351401,0.00546115761525644,0.003395482254189119
2023-10-11,-0.0014595732650886893,0.0036881689529573367,0.018354067606605642,0.037704440732257274,0.011163213173351401,0.00560113440199703,0.003395482254189119
2023-10-12,0.0005922797215036604,0.0036881689529573367,0.018354067606605642,0.04498398421939815,0.011163213173351401,0.00560113440199703,0.003395482254189119
2023-10-13,0.00654680070869197,0.0005948909605323422,0.018354067606605642,0.03413305779337394,0.010156792000007726,0.00560113440199703,0.003395482254189119
2023-10-16,0.0058164694985979905,-0.006146687433427405,0.018354067606605642,0.034712381384451,0.010754711891240401,0.00560113440199703,0.003395482254189119
2023-10-17,0.0058164694985979905,-0.00800693862054145,0.018354067606605642,0.034712381384451,0.010156792000007726,0.00560113440199703,0.003395482254189119
2023-10-18,0.0058164694985979905,-0.00800693862054145,0.018354067606605642,0.034712381384451,0.010754711891240401,0.00560113440199703,0.003395482254189119
2023-10-19,0.0058164694985979905,-0.00275689619809417,0.018354067606605642,0.034712381384451,0.010754711891240401,0.00560113440199703,0.003395482254189119
2023-10-20,0.003919895605248719,0.0003363817943308222,0.018354067606605642,0.034712381384451,0.010623118978274348,0.00560113440199703,0.003395482254189119
2023-10-23,0.002165849815129653,-0.00275689619809417,0.018354067606605642,0.034712381384451,0.010230479174797528,0.00560113440199703,0.003395482254189119
2023-10-24,0.00186804261865637,-0.00275689619809417,0.018354067606605642,0.034712381384451,0.010638980456908528,0.00560113440199703,0.003395482254189119
2023-10-25,0.00186804261865637,-0.000800501096283318,0.018354067606605642,0.034712381384451,0.010638980456908528,0.00560113440199703,0.003395482254189119
2023-10-26,0.00186804261865637,-0.00275689619809417,0.022789253873094113,0.034712381384451,0.010638980456908528,0.00560113440199703,0.003395482254189119
2023-10-27,0.00186804261865637,0.0003363817943308222,0.022789253873094113,0.034712381384451,0.009201656607376705,0.00560113440199703,0.003395482254189119
2023-10-30,0.00654680070869197,0.0003363817943308222,0.003112200226652404,0.04556330781047522,-0.029619482992151957,0.00546115761525644,0.003395482254189119
2023-10-31,0.00654680070869197,0.0003363817943308222,0.01070314852786411,0.04556330781047522,-0.012935685555155315,0.00546115761525644,0.003395482254189119
2023-11-01,0.00654680070869197,-0.024412537325892086,-0.024452850626323387,0.054094561182969236,-0.03218802291912167,0.00546115761525644,0.003395482254189119
2023-11-02,0.00654680070869197,-0.024412537325892086,-0.009280434023191187,0.054094561182969236,-0.01824912743287805,0.00546115761525644,0.003395482254189119
2023-11-03,0.00654680070869197,-0.024412537325892086,-0.024452850626323387,0.054094561182969236,-0.03218802291912167,0.00546115761525644,0.003395482254189119
2023-11-06,0.00654680070869197,-0.024412537325892086,-0.02953422157586688,0.054094561182969236,-0.0595512891607724,0.0033688577738103056,0.003395482254189119
2023-11-07,0.00654680070869197,-0.024412537325892086,-0.03088450129735827,0.054094561182969236,-0.059831250907253615,0.0024777745708124714,0.003395482254189119
2023-11-08,0.00654680070869197,-0.024412537325892086,-0.03764532161012054,0.054094561182969236,-0.059831250907253615,0.0024777745708124714,0.003395482254189119
2023-11-09,0.00654680070869197,-0.015810707744818287,-0.03764532161012054,0.05494103722925356,-0.0595512891607724,0.0024777745708124714,0.003395482254189119
2023-11-10,0.00654680070869197,-0.024412537325892086,-0.04097906963667247,0.05494103722925356,-0.06680163039054764,0.0024777745708124714,0.003395482254189119
2023-11-13,0.00654680070869197,-0.02255228613877804,-0.04097906963667247,0.05494103722925356,-0.06725447786906424,0.0024777745708124714,0.003395482254189119
2023-11-14,0.00654680070869197,-0.024412537325892086,-0.04097906963667247,0.05494103722925356,-0.06753790639780453,0.0024777745708124714,0.003395482254189119
2023-11-15,0.00654680070869197,-0.024412537325892086,-0.03664468906650051,0.05494103722925356,-0.06753790639780453,0.0024777745708124714,0.003395482254189119
2023-11-16,0.00654680070869197,-0.024412537325892086,-0.04097906963667247,0.05494103722925356,-0.06969427725600567,0.0024777745708124714,0.003395482254189119
2023-11-17,0.00654680070869197,-0.024412537325892086,-0.04097906963667247,0.05494103722925356,-0.06969427725600567,0.0024777745708124714,0.003395482254189119
2023-11-20,0.00654680070869197,-0.015810707744818287,-0.04097906963667247,0.05494103722925356,-0.06853417479515216,0.0033688577738103056,0.003395482254189119
2023-11-21,0.00654680070869197,-0.015810707744818287,-0.033794371483935326,0.055358722751954276,-0.05447869483874711,0.00457855154732206,0.003395482254189119
2023-11-22,0.00654680070869197,-0.015810707744818287,-0.03037724506175237,0.047738983192044865,-0.03481310273447358,0.00546115761525644,0.003395482254189119
2023-11-23,0.0032191848249469132,-0.015810707744818287,-0.03589909418306132,0.047159659600967796,-0.05491955624938309,0.00546115761525644,0.003395482254189119
2023-11-24,0.0011380380129439405,-0.015810707744818287,-0.03037724506175237,0.047738983192044865,-0.035253964145109576,0.00546115761525644,0.003395482254189119
2023-11-27,-0.0037030958281413025,-0.024412537325892086,-0.036307398744401996,0.047738983192044865,-0.05550833235356142,0.00560113440199703,0.003395482254189119
2023-11-28,-0.0037030958281413025,-0.024412537325892086,-0.03037724506175237,0.047738983192044865,-0.04742864919147428,0.00560113440199703,0.003395482254189119
2023-11-29,-0.0037030958281413025,-0.024412537325892086,-0.028555891752047063,0.047738983192044865,-0.04742864919147428,0.00560113440199703,0.003395482254189119
2023-11-30,-0.0037030958281413025,-0.02750581531831707,-0.028555891752047063,0.047738983192044865,-0.04742864919147428,0.00560113440199703,0.003395482254189119
2023-12-01,0.010930582697393698,-0.01970971353001633,-0.032414412326716054,0.05494103722925356,-0.03969668845181819,0.00560113440199703,0.003395482254189119
2023-12-04,0.002538407449618837,-0.01970971353001633,-0.032812489817949896,0.025877274226919433,-0.0283651777069336,0.00560113440199703,0.003395482254189119
2023-12-05,1.982254023259259e-05,-0.01970971353001633,-0.02506098282559497,0.0019745475605380297,-0.01275056158365907,0.00560113440199703,0.003395482254189119
2023-12-06,-0.0020320304463597567,-0.01970971353001633,-0.0071406782853771665,-0.0019278238927609357,-0.010005880649694317,0.00560113440199703,0.003395482254189119
2023-12-07,-0.0020320304463597567,-0.01970971353001633,-0.0071406782853771665,-0.0019278238927609357,-0.010005880649694317,0.00560113440199703,0.003395482254189119
2023-12-08,-0.0020320304463597567,-0.01970971353001633,-0.0071406782853771665,-0.0019278238927609357,-0.010005880649694317,0.00560113440199703,0.003395482254189119
2023-12-11,0.0012955854373853017,-0.02309950476534957,-0.026206716363419334,0.00352776409824678,-0.011941776746150712,0.00560113440199703,0.003395482254189119
2023-12-12,0.0012955854373853017,-0.016357926371389813,-0.008286411823201527,0.010729818135455477,-0.00956501923905833,0.00560113440199703,0.003395482254189119
2023-12-13,0.0012955854373853017,-0.01110788394894254,-0.0071406782853771665,0.010729818135455477,-0.00956501923905833,0.00560113440199703,0.003395482254189119
2023-12-14,0.0012955854373853017,-0.01970971353001633,-0.0071406782853771665,0.010729818135455477,-0.00956501923905833,0.00560113440199703,0.003395482254189119
2023-12-15,0.0012955854373853017,-0.01970971353001633,-0.0071406782853771665,0.010729818135455477,-0.00956501923905833,0.00560113440199703,0.003395482254189119
2023-12-18,0.0012955854373853017,-0.01970971353001633,-0.0071406782853771665,0.010729818135455477,-0.00956501923905833,0.00560113440199703,0.003395482254189119
2023-12-19,0.0012955854373853017,-0.01970971353001633,-0.0071406782853771665,0.010729818135455477,-0.00956501923905833,0.00560113440199703,0.003395482254189119
2023-12-20,0.0009609846574948378,-0.01970971353001633,-0.0071406782853771665,0.002890134447300837,-0.00956501923905833,0.00560113440199703,0.003395482254189119
2023-12-21,0.0009609846574948378,-0.01970971353001633,-0.0071406782853771665,0.010729818135455477,-0.00956501923905833,0.00560113440199703,0.003395482254189119
2023-12-22,0.0009609846574948378,-0.01970971353001633,-0.0071406782853771665,0.010169677934441713,-0.00956501923905833,0.00560113440199703,0.003395482254189119
2023-12-25,0.0009609846574948378,-0.01970971353001633,-0.0071406782853771665,0.010169677934441713,-0.00954915776042415,0.00560113440199703,0.003395482254189119
2023-12-26,0.0009609846574948378,-0.01970971353001633,-0.006112563337488345,0.010169677934441713,-0.00954915776042415,0.00560113440199703,0.003395482254189119
2023-12-27,0.0012955854373853017,-0.01970971353001633,-0.0071406782853771665,0.010729818135455477,-0.00954915776042415,0.00560113440199703,0.003395482254189119
2023-12-28,0.0012955854373853017,-0.01970971353001633,-0.0035572105775349694,0.011147503658156198,-0.00954915776042415,0.00560113440199703,0.003395482254189119
2023-12-29,0.0012955854373853017,-0.01970971353001633,-0.0035572105775349694,0.011147503658156198,-0.009096310281907546,0.00560113440199703,0.003395482254189119
2024-01-02,-0.0180934864042198,-0.02466488303661538,-0.03479264373271737,-0.03975575897587707,-0.026048262741785285,0.005771001740451337,0.0036341518716727353
2024-01-03,-0.0180934864042198,-0.02466488303661538,-0.033568220035671746,-0.03975575897587707,-0.03309536179383166,0.005771001740451337,0.0036341518716727353
2024-01-04,-0.0180934864042198,-0.02466488303661538,-0.026304598730864992,-0.03975575897587707,-0.03213578100788428,0.005771001740451337,0.0036341518716727353
2024-01-05,-0.020555452863949452,-0.02466488303661538,-0.026304598730864992,-0.03491336031215925,-0.01822954189468994,0.005771001740451337,0.0036341518716727353
2024-01-08,-0.02418754624486422,-0.02466488303661538,-0.026304598730864992,-0.033245003497557185,-0.017949120283307557,0.005771001740451337,0.0036341518716727353
2024-01-09,-0.02418754624486422,-0.02466488303661538,-0.02497982632390977,-0.03358417156024481,-0.01822954189468994,0.005771001740451337,0.0036341518716727353
2024-01-10,-0.02418754624486422,-0.02466488303661538,-0.02497982632390977,-0.033411543757936334,-0.02015921099501258,0.007499285903679918,0.0036341518716727353
2024-01-11,-0.02418754624486422,-0.02466488303661538,-0.027164323297766114,-0.0368478895386188,-0.020241679400924528,0.007499285903679918,0.0036341518716727353
2024-01-12,-0.02418754624486422,-0.02466488303661538,-0.027164323297766114,-0.03195025972354811,-0.01967360697671396,0.005771001740451337,0.0036341518716727353
2024-01-15,-0.02418754624486422,-0.02466488303661538,-0.027164323297766114,-0.031157023287918147,-0.01995402858809634,0.005771001740451337,0.0036341518716727353
2024-01-16,-0.023980703114730915,-0.02466488303661538,-0.027164323297766114,-0.03212288752585659,-0.02804587628886645,0.005771001740451337,0.0036341518716727353
2024-01-17,-0.023980703114730915,-0.022700839073330144,-0.026034039715821213,-0.029200953217964804,-0.019234253176455683,0.007499285903679918,0.0036341518716727353
2024-01-18,-0.023675273153325238,-0.022234568716183543,-0.023392417148432196,-0.030166817455903255,-0.02511463812034124,0.007366754519696434,0.0036341518716727353
2024-01-19,-0.023675273153325238,-0.014306908263625856,-0.021242504594456556,-0.030166817455903255,-0.01944110335590774,0.007366754519696434,0.0036341518716727353
2024-01-22,-0.013630633241706066,-0.014306908263625856,-0.020602317532468693,-0.0257465619626258,-0.011039956124991543,0.007448797761781725,0.0036341518716727353
2024-01-23,0.011298664948973372,-0.010687058936252538,-0.014652350158154638,-0.025919189764934278,-0.013409545911001746,0.007448797761781725,0.0036341518716727353
2024-01-24,0.011298664948973372,-0.009181175209683144,-0.013558133139405883,-0.024314508319330064,-0.005023900645427326,0.007448797761781725,0.0036341518716727353
2024-01-25,-0.01473560299086142,-0.014306908263625856,-0.020602317532468693,-0.02688505400287273,-0.0103035157797762,0.007448797761781725,0.0036341518716727353
2024-01-26,0.010193695199818019,-0.010687058936252538,-0.014652350158154638,-0.02671242620056425,-0.0040070386888296,0.007448797761781725,0.0036341518716727353
2024-01-29,0.01159718978704999,-0.008866377556685236,-0.005391782164876305,-0.027498500173835247,0.06404522110842849,0.007448797761781725,0.0036341518716727353
2024-01-30,0.01288832298030905,-0.008866377556685236,-0.005391782164876305,-0.027498500173835247,0.06302835915183078,0.007448797761781725,0.0036341518716727353
2024-01-31,0.012681479850175745,-0.008866377556685236,-0.005391782164876305,-0.025953157260259478,0.06658029223102134,0.0057205135985531445,0.0036341518716727353
2024-02-01,-0.003981592321585925,0.03192319605236624,0.00924879282370987,-0.024073200590085327,0.03447724796092527,0.00810633310976981,0.0036341518716727353
2024-02-02,-0.0036381084752168265,0.03192319605236624,0.00924879282370987,-0.024073200590085327,0.03447724796092527,0.00810633310976981,0.0036341518716727353
2024-02-05,0.000582917076336219,0.03192319605236624,0.00924879282370987,-0.024073200590085327,0.03447724796092527,0.009834617272998388,0.0036341518716727353
2024-02-06,0.0033694260890694038,0.03192319605236624,0.00924879282370987,-0.005377106658600847,0.035494109917523,0.009834617272998388,0.0036341518716727353
2024-02-07,0.0033694260890694038,0.03192319605236624,0.008974855289194644,-0.0031589790420341155,0.035494109917523,0.009834617272998388,0.0036341518716727353
2024-02-08,0.0033694260890694038,0.03192319605236624,0.00924879282370987,-0.0216854602503806,0.035494109917523,0.00810633310976981,0.0036341518716727353
2024-02-19,-0.003480904538219102,0.03192319605236624,0.008034870128378275,-0.021582450347655668,0.027454328506198007,0.009834617272998388,0.0036341518716727353
2024-02-20,-0.0036381084752168265,0.03192319605236624,0.00924879282370987,-0.021582450347655668,0.035494109917523,0.009834617272998388,0.0036341518716727353
2024-02-21,0.0033694260890694038,0.03192319605236624,0.007760932593863049,-0.021582450347655668,0.027454328506198007,0.009834617272998388,0.0036341518716727353
2024-02-22,-0.003480904538219102,0.03192319605236624,0.007760932593863049,-0.021582450347655668,0.027454328506198007,0.009834617272998388,0.0036341518716727353
2024-02-23,-0.0036381084752168265,0.03192319605236624,0.007760932593863049,-0.02118963054334834,0.027228352622557125,0.009834617272998388,0.0036341518716727353
2024-02-26,-0.003981592321585925,0.03192319605236624,0.007760932593863049,-0.02118963054334834,0.027228352622557125,0.009834617272998388,0.0036341518716727353
2024-02-27,-0.003981592321585925,0.03192319605236624,0.007269322794582603,-0.03523859175146036,0.014849920707481569,0.009834617272998388,0.0036341518716727353
2024-02-28,-0.003981592321585925,0.03192319605236624,0.008034870128378275,-0.035634366588984404,0.014849920707481569,0.009834617272998388,0.0036341518716727353
2024-02-29,-0.00380602651638096,0.03192319605236624,0.0021580014918311293,-0.035634366588984404,0.005194900628206719,0.009834617272998388,0.0036341518716727353
2024-03-01,0.020131416542563518,0.02591698305916075,-0.03189466549902424,-0.03661406715998898,-0.0030960507672094786,0.009834617272998388,0.0036341518716727353
2024-03-04,0.020131416542563518,0.02591698305916075,-0.03425488704561636,-0.03661406715998898,-0.004984513217729689,0.009028594100133574,0.0036341518716727353
2024-03-05,0.020131416542563518,0.02591698305916075,-0.03276557196924969,-0.03661406715998898,-0.0030960507672094786,0.009028594100133574,0.0036341518716727353
2024-03-06,0.020131416542563518,0.02591698305916075,-0.03249163443473446,-0.03661406715998898,-0.0030960507672094786,0.009028594100133574,0.0036341518716727353
2024-03-07,0.020131416542563518,0.02591698305916075,-0.01850579418089032,-0.02004164862363851,0.008843188273956406,0.009028594100133574,0.0036341518716727353
2024-03-08,0.020131416542563518,0.02591698305916075,-0.023617115483641798,-0.02004164862363851,0.0033893938113420366,0.009028594100133574,0.0036341518716727353
2024-03-11,0.020131416542563518,0.02591698305916075,-0.03249163443473446,-0.03661406715998898,-0.0030960507672094786,0.009018591791308437,0.0036341518716727353
2024-03-12,0.01864793683591798,0.02591698305916075,-0.03452882458013159,-0.03661406715998898,-0.004984513217729689,0.009018591791308437,0.0036341518716727353
2024-03-13,0.007449718717457305,0.025729628126795887,-0.03276557196924969,-0.031257420542082505,-0.00013192408154551503,0.009018591791308437,0.0036341518716727353
2024-03-14,0.007449718717457305,0.025729628126795887,-0.03276557196924969,-0.04554911178840429,-0.00013192408154551503,0.009018591791308437,0.0036341518716727353
2024-03-15,0.007449718717457305,0.025729628126795887,-0.03276557196924969,-0.04554911178840429,-0.00013192408154551503,0.009018591791308437,0.0036341518716727353
2024-03-18,0.007244005280603555,0.025729628126795887,-0.03452882458013159,-0.04554911178840429,-0.004984513217729689,0.006775305972900392,0.0036341518716727353
2024-03-19,0.005354308848663349,0.025729628126795887,-0.03276557196924969,-0.04554911178840429,-0.00013192408154551503,0.006775305972900392,0.0036341518716727353
2024-03-20,0.005354308848663349,0.025263357769649285,-0.03276557196924969,-0.04538257152802514,-0.00013192408154551503,0.006775305972900392,0.0036341518716727353
2024-03-21,0.005354308848663349,0.023299313806364047,-0.02469643552776386,-0.03109088028170336,0.006353520497005998,0.00678530828172553,0.0036341518716727353
2024-03-22,0.005354308848663349,0.023299313806364047,-0.01850579418089032,-0.030603930887990124,0.01180731495962037,0.00678530828172553,0.0036341518716727353
2024-03-25,0.005354308848663349,0.023299313806364047,-0.017281370483844684,-0.04489562213431191,0.01180731495962037,0.00678530828172553,0.0036341518716727353
2024-03-26,0.005147465718530044,0.023299313806364047,-0.016410464013619234,-0.030603930887990124,0.01180731495962037,0.007509288212505056,0.0036341518716727353
2024-03-27,0.005147465718530044,0.023299313806364047,-0.016410464013619234,-0.030603930887990124,0.0120335522185191,0.007509288212505056,0.0036341518716727353
2024-03-28,0.005147465718530044,0.023299313806364047,-0.016410464013619234,-0.030603930887990124,0.012208464663473076,0.007509288212505056,0.0036341518716727353
2024-03-29,0.005147465718530044,0.023299313806364047,-0.016410464013619234,-0.028251018797944755,0.012208464663473076,0.007509288212505056,0.0036341518716727353
2024-04-01,-0.005763596866308078,0.025635494223556668,-0.001912693441991639,-0.030483005119167652,0.010828999757519971,0.007509288212505056,0.0036341518716727353
2024-04-02,-0.005763596866308078,0.025635494223556668,-0.001912693441991639,-0.022814349425187848,0.010828999757519971,0.007509288212505056,0.0036341518716727353
2024-04-03,-0.005686469391506129,0.025635494223556668,-0.001912693441991639,-0.018095005982133188,0.016159211865228125,0.007509288212505056,0.0036341518716727353
2024-04-08,-0.005686469391506129,0.025635494223556668,-0.001912693441991639,-0.018095005982133188,0.023433407556236407,0.007509288212505056,0.0036341518716727353
2024-04-09,-0.005686469391506129,0.025635494223556668,-0.001912693441991639,-0.018095005982133188,0.023433407556236407,0.007509288212505056,0.0036341518716727353
2024-04-10,-0.005686469391506129,0.025635494223556668,-0.001912693441991639,-0.01826154624251234,0.023433407556236407,0.007509288212505056,0.0036341518716727353
2024-04-11,-0.005686469391506129,0.025635494223556668,-0.001912693441991639,-0.019336770964389904,0.023433407556236407,0.007509288212505056,0.0036341518716727353
2024-04-12,-0.005686469391506129,0.025635494223556668,-0.001912693441991639,-0.01831719734859437,0.023207431672595525,0.007509288212505056,0.0036341518716727353
2024-04-15,-0.005686469391506129,0.025635494223556668,-0.001912693441991639,-0.018150657088215217,0.023207431672595525,0.007509288212505056,0.0036341518716727353
2024-04-16,-0.005686469391506129,0.025635494223556668,-0.001912693441991639,-0.019336770964389904,0.023207431672595525,0.007509288212505056,0.0036341518716727353
2024-04-17,-0.005686469391506129,0.025635494223556668,-0.001912693441991639,-0.021498359662111312,0.023207431672595525,0.007509288212505056,0.0036341518716727353
2024-04-18,-0.005686469391506129,0.025635494223556668,-0.002783599912217086,-0.02087601797940572,0.023207431672595525,0.007509288212505056,0.0036341518716727353
2024-04-19,-0.005686469391506129,0.025635494223556668,-0.002783599912217086,-0.018970079280516826,0.023207431672595525,0.007509288212505056,0.0036341518716727353
2024-04-22,-0.005686469391506129,0.025635494223556668,-0.002783599912217086,-0.01795050566472129,0.023207431672595525,0.007509288212505056,0.0036341518716727353
2024-04-23,-0.005686469391506129,0.025635494223556668,-0.002783599912217086,-0.02203098388419361,0.023433407556236407,0.007509288212505056,0.0036341518716727353
2024-04-24,-0.005686469391506129,0.025635494223556668,-0.001912693441991639,-0.02203098388419361,0.023207431672595525,0.007509288212505056,0.0036341518716727353
2024-04-25,-0.005686469391506129,0.025635494223556668,-0.001912693441991639,-0.029471015786154305,0.023009478467125092,0.007509288212505056,0.0036341518716727353
2024-04-26,-0.005686469391506129,0.025635494223556668,-0.001912693441991639,-0.03315416805061126,0.023009478467125092,0.007509288212505056,0.0036341518716727353
2024-04-29,-0.005763596866308078,0.025635494223556668,-0.001912693441991639,-0.03642810759112109,0.023009478467125092,0.008412914252359455,0.0036341518716727353
2024-04-30,-0.005763596866308078,0.025635494223556668,-0.001912693441991639,-0.03642810759112109,0.023009478467125092,0.007509288212505056,0.0036341518716727353
2024-05-06,-0.005763596866308078,0.027599538186841903,0.00520255281864684,-0.03642810759112109,0.01425141111072187,0.008412914252359455,0.0036341518716727353
2024-05-07,-0.005763596866308078,0.025635494223556668,0.00520255281864684,-0.03642810759112109,0.01425141111072187,0.008412914252359455,0.0036341518716727353
2024-05-08,-0.005686469391506129,0.025635494223556668,0.00520255281864684,-0.030077412862402304,0.013636573657965334,0.008412914252359455,0.0036341518716727353
2024-05-09,-0.005686469391506129,0.025635494223556668,0.00520255281864684,-0.029752755642326947,0.01425141111072187,0.008412914252359455,0.0036341518716727353
2024-05-10,-0.005686469391506129,0.025635494223556668,0.00520255281864684,-0.035189096867259996,0.01425141111072187,0.008412914252359455,0.0036341518716727353
2024-05-13,-0.005686469391506129,0.025635494223556668,0.00520255281864684,-0.029752755642326947,0.01425141111072187,0.007509288212505056,0.0036341518716727353
2024-05-14,-0.005686469391506129,0.025635494223556668,0.00520255281864684,-0.029752755642326947,0.014477386994362754,0.007509288212505056,0.0036341518716727353
2024-05-15,-0.005686469391506129,0.025635494223556668,0.005476490353162065,-0.029752755642326947,0.013862549541606218,0.007509288212505056,0.0036341518716727353
2024-05-16,-0.005686469391506129,0.025635494223556668,0.005476490353162065,-0.029752755642326947,0.013862549541606218,0.007509288212505056,0.0036341518716727353
2024-05-17,-0.005686469391506129,0.025635494223556668,0.00520255281864684,-0.029752755642326947,0.013636573657965334,0.007509288212505056,0.0036341518716727353
2024-05-20,-0.005686469391506129,0.025635494223556668,0.00520255281864684,-0.031183819772780706,0.013636573657965334,0.008412914252359455,0.0036341518716727353
2024-05-21,-0.005686469391506129,0.025635494223556668,0.00520255281864684,-0.031183819772780706,0.013636573657965334,0.008412914252359455,0.0036341518716727353
2024-05-22,-0.005686469391506129,0.025635494223556668,0.00520255281864684,-0.031183819772780706,0.013636573657965334,0.007509288212505056,0.0036341518716727353
2024-05-23,-0.005686469391506129,0.025635494223556668,0.005476490353162065,-0.031183819772780706,0.013636573657965334,0.007509288212505056,0.0036341518716727353
2024-05-24,-0.005686469391506129,0.025635494223556668,0.005476490353162065,-0.031183819772780706,0.02624098145668177,0.007509288212505056,0.0036341518716727353
2024-05-27,-0.005686469391506129,0.025635494223556668,0.005476490353162065,-0.021780189176241287,0.026827796231267857,0.007509288212505056,0.0036341518716727353
2024-05-28,-0.005686469391506129,0.025635494223556668,0.005476490353162065,-0.015391130297969648,0.02705377211490874,0.007509288212505056,0.0036341518716727353
2024-05-29,-0.005686469391506129,0.025635494223556668,0.005476490353162065,-0.015391130297969648,0.02705377211490874,0.007509288212505056,0.0036341518716727353
2024-05-30,-0.005686469391506129,0.025635494223556668,0.005476490353162065,-0.015391130297969648,0.026827796231267857,0.007509288212505056,0.0036341518716727353
2024-05-31,-0.005686469391506129,0.025635494223556668,0.005476490353162065,-0.016137640573605023,0.014449102940934455,0.007509288212505056,0.0036341518716727353
2024-06-03,0.016331129603849366,0.025635494223556668,-0.008767752027474368,-0.01593540014185721,0.023147979720304513,0.007499285903679918,0.0036341518716727353
2024-06-04,0.016331129603849366,0.025635494223556668,-0.008767752027474368,-0.01593540014185721,0.023147979720304513,0.007499285903679918,0.0036341518716727353
2024-06-05,0.016331129603849366,0.025635494223556668,-0.010904011679280177,-0.01593540014185721,0.023147979720304513,0.007499285903679918,0.0036341518716727353
2024-06-06,0.016331129603849366,0.025635494223556668,-0.008767752027474368,-0.01593540014185721,0.027940259207766372,0.007499285903679918,0.0036341518716727353
2024-06-07,0.016331129603849366,0.025635494223556668,-0.008767752027474368,-0.01593540014185721,0.027940259207766372,0.007499285903679918,0.0036341518716727353
2024-06-11,0.016331129603849366,0.025635494223556668,-0.010477541166022036,-0.01593540014185721,0.023147979720304513,0.007499285903679918,0.0036341518716727353
2024-06-12,0.016331129603849366,0.025635494223556668,-0.010477541166022036,-0.01593540014185721,0.02263933776839894,0.007499285903679918,0.0036341518716727353
2024-06-13,0.016331129603849366,0.025635494223556668,-0.010477541166022036,-0.01593540014185721,0.02263933776839894,0.007499285903679918,0.0036341518716727353
2024-06-14,0.016331129603849366,0.025635494223556668,-0.010477541166022036,-0.01593540014185721,0.02263933776839894,0.007499285903679918,0.0036341518716727353
2024-06-17,0.016331129603849366,0.025635494223556668,-0.010477541166022036,-0.01593540014185721,0.02263933776839894,0.006775305972900392,0.0036341518716727353
2024-06-18,0.012861677809341119,0.025635494223556668,-0.010477541166022036,-0.01690787732635151,0.02263933776839894,0.006775305972900392,0.0036341518716727353
2024-06-19,0.012861677809341119,0.025635494223556668,-0.010477541166022036,-0.021849849143563613,0.0274316172558608,0.006775305972900392,0.0036341518716727353
2024-06-20,0.012861677809341119,0.025635494223556668,-0.010477541166022036,-0.02224266894787094,0.0274316172558608,0.006775305972900392,0.0036341518716727353
2024-06-21,0.012861677809341119,0.025635494223556668,-0.010477541166022036,-0.02224266894787094,0.0274316172558608,0.006775305972900392,0.0036341518716727353
2024-06-24,0.016331129603849366,0.025635494223556668,-0.010477541166022036,-0.02224266894787094,0.02325745569068042,0.006775305972900392,0.0036341518716727353
2024-06-25,0.016331129603849366,0.025635494223556668,-0.008189225517333932,-0.02224266894787094,0.028650876404011344,0.007499285903679918,0.0036341518716727353
2024-06-26,0.016331129603849366,0.025635494223556668,-0.008189225517333932,-0.021908259697372808,0.027765346762812396,0.007499285903679918,0.0036341518716727353
2024-06-27,0.016331129603849366,0.025635494223556668,-0.0070589419353890275,-0.021755719554157706,0.028370454792628966,0.007499285903679918,0.0036341518716727353
2024-06-28,0.016331129603849366,0.025635494223556668,-0.0070589419353890275,-0.02154597859342141,0.02827398871471797,0.007499285903679918,0.0036341518716727353
2024-07-01,-0.005686469391506129,0.023315094940889368,-0.006435849617936558,-0.021817872628906266,0.0029038036222633033,0.007499285903679918,0.0036341518716727353
2024-07-02,-0.005686469391506129,0.023315094940889368,-0.007566133199881463,-0.021817872628906266,0.002737486508640893,0.007499285903679918,0.0036341518716727353
2024-07-03,-0.005686469391506129,0.023315094940889368,-0.007566133199881463,-0.021817872628906266,0.0029038036222633033,0.007499285903679918,0.0036341518716727353
2024-07-04,-0.005686469391506129,0.023315094940889368,-0.007566133199881463,-0.021817872628906266,0.002737486508640893,0.007499285903679918,0.0036341518716727353
2024-07-05,-0.005686469391506129,0.023315094940889368,-0.007566133199881463,-0.02142209779138222,0.0029038036222633033,0.007499285903679918,0.0036341518716727353
2024-07-08,-0.005686469391506129,0.023315094940889368,-0.007566133199881463,-0.020675587515746847,0.015282235537338868,0.007499285903679918,0.0036341518716727353
2024-07-09,-0.005686469391506129,0.023315094940889368,-0.007566133199881463,-0.0256229982998916,-0.0011578206104629815,0.007499285903679918,0.0036341518716727353
2024-07-10,-0.005763596866308078,0.023315094940889368,-0.009854448848569567,-0.026678930180181658,-0.0011578206104629815,0.007499285903679918,0.0036341518716727353
2024-07-11,-0.005686469391506129,0.023315094940889368,-0.009854448848569567,-0.0256229982998916,-0.0011578206104629815,0.007499285903679918,0.0036341518716727353
2024-07-12,-0.005686469391506129,0.023315094940889368,-0.011257894602610192,-0.02161772120541234,-0.001396727618035972,0.007499285903679918,0.0036341518716727353
2024-07-15,-0.005686469391506129,0.023315094940889368,-0.02013241355370283,-0.02161772120541234,-0.0029880258163922898,0.007499285903679918,0.0036341518716727353
2024-07-16,-0.005686469391506129,0.023315094940889368,-0.021581514937799775,-0.02161772120541234,-0.00840634098567502,0.005771001740451337,0.0036341518716727353
2024-07-17,-0.005686469391506129,0.023315094940889368,-0.02013241355370283,-0.022104670599125575,-0.003122831941595041,0.005771001740451337,0.0036341518716727353
2024-07-18,-0.005686469391506129,0.023315094940889368,-0.021581514937799775,-0.022104670599125575,-0.00840634098567502,0.005771001740451337,0.0036341518716727353
2024-07-19,-0.005686469391506129,0.023315094940889368,-0.021855452472315,-0.022104670599125575,-0.010120189314901473,0.006775305972900392,0.0036341518716727353
2024-07-22,-0.005686469391506129,0.023315094940889368,-0.021855452472315,-0.019309563827457417,-0.012402635989530892,0.006775305972900392,0.0036341518716727353
2024-07-23,-0.005686469391506129,0.023315094940889368,-0.021855452472315,-0.018336416800787715,-0.010120189314901473,0.006775305972900392,0.0036341518716727353
2024-07-24,-0.005686469391506129,0.023315094940889368,-0.021855452472315,-0.016677170991132407,-0.008621762268093627,0.006775305972900392,0.0036341518716727353
2024-07-25,-0.005686469391506129,0.023315094940889368,-0.021581514937799775,-0.017069990795439735,-0.0020648409197289905,0.007499285903679918,0.0036341518716727353
2024-07-26,-0.005686469391506129,0.023315094940889368,-0.021855452472315,-0.017069990795439735,-0.007084062558979426,0.007499285903679918,0.0036341518716727353
2024-07-29,-0.005686469391506129,0.023315094940889368,-0.021581514937799775,-0.017069990795439735,-0.0020648409197289905,0.007499285903679918,0.0036341518716727353
2024-07-30,-0.005686469391506129,0.023315094940889368,-0.021855452472315,-0.017069990795439735,-0.004427902751574263,0.007499285903679918,0.0036341518716727353
2024-07-31,-0.005686469391506129,0.023315094940889368,-0.021855452472315,-0.017069990795439735,-0.008582489605787271,0.007499285903679918,0.0036341518716727353
2024-08-01,-0.006327033206157759,0.025635494223556668,-0.026975196178795763,-0.017069990795439735,-0.003229579989838473,0.007499285903679918,0.0036341518716727353
2024-08-02,-0.006327033206157759,0.025635494223556668,-0.026975196178795763,-0.017835395894515788,-0.003229579989838473,0.005771001740451337,0.0036341518716727353
2024-08-05,-0.006327033206157759,0.025635494223556668,-0.026975196178795763,-0.018035547318009715,-0.000891371807983737,0.007499285903679918,0.0036341518716727353
2024-08-06,-0.006327033206157759,0.025635494223556668,-0.027846102649021213,-0.018035547318009715,-0.0023897988547915807,0.007499285903679918,0.0036341518716727353
2024-08-07,-0.006327033206157759,0.025635494223556668,-0.027846102649021213,-0.018522496711722954,-0.0023897988547915807,0.007499285903679918,0.0036341518716727353
2024-08-08,-0.006327033206157759,0.025635494223556668,-0.027846102649021213,-0.017380211598563535,0.009988633060283974,0.007499285903679918,0.0036341518716727353
2024-08-09,-0.006327033206157759,0.025635494223556668,-0.027846102649021213,-0.017380211598563535,0.009657493877142653,0.007499285903679918,0.0036341518716727353
2024-08-12,-0.006404160680959709,0.025635494223556668,-0.027846102649021213,-0.02118906608054356,0.009657493877142653,0.007499285903679918,0.0036341518716727353
2024-08-13,-0.006404160680959709,0.025635494223556668,-0.027846102649021213,-0.020796246276236233,0.009657493877142653,0.005771001740451337,0.0036341518716727353
2024-08-14,-0.006404160680959709,0.025635494223556668,-0.027846102649021213,-0.020796246276236233,0.009988633060283974,0.007499285903679918,0.0036341518716727353
2024-08-15,-0.006404160680959709,0.025635494223556668,-0.027846102649021213,-0.020796246276236233,0.009657493877142653,0.007499285903679918,0.0036341518716727353
2024-08-16,-0.006404160680959709,0.025635494223556668,-0.027846102649021213,-0.020796246276236233,0.009657493877142653,0.007499285903679918,0.0036341518716727353
2024-08-19,-0.006404160680959709,0.025635494223556668,-0.027846102649021213,-0.020292224302600102,0.009657493877142653,0.005771001740451337,0.0036341518716727353
2024-08-20,-0.006404160680959709,0.025635494223556668,-0.027846102649021213,-0.020292224302600102,0.009988633060283974,0.005771001740451337,0.0036341518716727353
2024-08-21,-0.006404160680959709,0.025635494223556668,-0.027846102649021213,-0.020292224302600102,0.009988633060283974,0.005771001740451337,0.0036341518716727353
2024-08-22,-0.006404160680959709,0.025635494223556668,-0.026975196178795763,-0.020796246276236233,0.01148706010709182,0.005771001740451337,0.0036341518716727353
2024-08-23,-0.006327033206157759,0.025635494223556668,-0.026908510247795225,-0.015735037301466914,0.015665798208524043,0.005771001740451337,0.0036341518716727353
2024-08-26,-0.006327033206157759,0.025635494223556668,-0.026908510247795225,-0.015735037301466914,0.015665798208524043,0.005771001740451337,0.0036341518716727353
2024-08-27,-0.006327033206157759,0.025635494223556668,-0.025145257636913314,-0.0164525143258496,0.020912528285924138,0.005771001740451337,0.0036341518716727353
2024-08-28,-0.006327033206157759,0.025635494223556668,-0.026016164107138764,-0.026002923194989945,0.020714575080453705,0.005771001740451337,0.0036341518716727353
2024-08-29,-0.006404160680959709,0.025635494223556668,-0.027779416718020675,-0.03057718277604603,0.014853007550297075,0.005771001740451337,0.0036341518716727353
2024-08-30,-0.006404160680959709,0.025635494223556668,-0.027846102649021213,-0.036084913777411194,0.009790679854813543,0.005771001740451337,0.0036341518716727353
2024-09-02,-0.007261642758288842,0.023315094940889368,-0.02896519020729608,-0.025244079765791853,-0.0005340898797278045,0.007499285903679918,0.0036341518716727353
2024-09-03,-0.007261642758288842,0.023315094940889368,-0.02896519020729608,-0.03076888334707988,-0.00029518287215481317,0.007499285903679918,0.0036341518716727353
2024-09-04,-0.007261642758288842,0.023315094940889368,-0.02896519020729608,-0.03076888334707988,-0.0005340898797278045,0.007499285903679918,0.0036341518716727353
2024-09-05,-0.007261642758288842,0.023315094940889368,-0.021610408030047146,-0.027039304493497094,0.004077092358447881,0.007499285903679918,0.0036341518716727353
2024-09-06,-0.007261642758288842,0.023315094940889368,-0.021610408030047146,-0.02781891829413007,0.004077092358447881,0.005771001740451337,0.0036341518716727353
2024-09-09,-0.007261642758288842,0.023315094940889368,-0.029279341434081042,-0.022294114712842043,0.002262487431342299,0.007499285903679918,0.0036341518716727353
2024-09-10,-0.007261642758288842,0.023315094940889368,-0.029279341434081042,-0.021514500912209057,0.002262487431342299,0.007499285903679918,0.0036341518716727353
2024-09-11,-0.007261642758288842,0.023315094940889368,-0.029279341434081042,-0.022294114712842043,0.00608263381508592,0.005771001740451337,0.0036341518716727353
2024-09-12,-0.007261642758288842,0.023315094940889368,-0.029279341434081042,-0.023267261739511744,0.00608263381508592,0.005771001740451337,0.0036341518716727353
2024-09-13,-0.007261642758288842,0.023315094940889368,-0.02040482248298841,-0.023267261739511744,0.004998894079280059,0.005771001740451337,0.0036341518716727353
2024-09-18,-0.007261642758288842,0.023315094940889368,-0.015293501180236927,-0.023267261739511744,0.00767393201344224,0.005771001740451337,0.0036341518716727353
2024-09-19,-0.007261642758288842,0.023315094940889368,-0.02040482248298841,-0.023267261739511744,0.006015756035877785,0.005771001740451337,0.0036341518716727353
2024-09-20,-0.007261642758288842,0.023315094940889368,-0.015293501180236927,-0.023267261739511744,0.00767393201344224,0.005771001740451337,0.0036341518716727353
2024-09-23,-0.007261642758288842,0.023315094940889368,-0.013157241528431118,-0.023267261739511744,0.00767393201344224,0.005771001740451337,0.0036341518716727353
2024-09-24,-0.007261642758288842,0.023315094940889368,-0.02040482248298841,-0.026957930599038643,0.0021956096521341634,0.005771001740451337,0.0036341518716727353
2024-09-25,-0.007261642758288842,0.02378136529803597,-0.029279341434081042,-0.02677485175546761,0.002262487431342299,0.005638470356467853,0.0036341518716727353
2024-09-26,-0.005556765688368638,0.02378136529803597,-0.02896519020729608,-0.02692632084856474,8.07475730287308e-05,0.0057205135985531445,0.0036341518716727353
2024-09-27,-0.005877746003761513,0.023450635281939802,-0.027846102649021213,-0.006329235402407751,-0.011213560262027522,0.005487262201846245,0.0036341518716727353
2024-09-30,-0.007851615286066035,0.01164808332561704,-0.024427503418388206,-0.0052958917227738786,-0.012203979558234684,0.004591998947238247,0.0036341518716727353
2024-10-08,-0.007481990333568923,0.018098514384221286,-0.02263633858967329,-0.024793047908152416,-0.002560852459325436,0.0031436464106063093,0.0036341518716727353
2024-10-09,-0.012015807786811002,0.00543389857541959,-0.026732151434201438,-0.012340827352416522,-0.018755886236783575,0.003620032401282795,0.0036341518716727353
2024-10-10,-0.012015807786811002,-0.001405852624604851,-0.026732151434201438,-0.012340827352416522,-0.018755886236783575,0.002567405317200688,0.0036341518716727353
2024-10-11,-0.012015807786811002,0.0015198502238000296,-0.026732151434201438,-0.015075164795494679,-0.018755886236783575,0.002567405317200688,0.0036341518716727353
2024-10-14,-0.012015807786811002,-0.0036952174941984567,-0.030253246691980283,-0.015075164795494679,-0.018755886236783575,0.002567405317200688,0.0036341518716727353
2024-10-15,-0.012015807786811002,0.0016655585387334634,-0.030253246691980283,-0.015075164795494679,-0.018755886236783575,0.0030953235589732567,0.0036341518716727353
2024-10-16,-0.012015807786811002,0.0016655585387334634,-0.026732151434201438,-0.015075164795494679,-0.018755886236783575,0.0030953235589732567,0.0036341518716727353
2024-10-17,-0.005374867083996659,0.0016655585387334634,-0.026732151434201438,-0.007824632682684176,-0.018755886236783575,0.0030953235589732567,0.0036341518716727353
2024-10-18,-0.0009870779508733072,0.0012708583128430643,-0.026732151434201438,-0.007824632682684176,-0.0289303352178411,0.0030953235589732567,0.0036341518716727353
2024-10-21,0.001798575893616491,0.018698845962887466,-0.026157433847452134,-0.005090295239606019,-0.0030387074941863397,0.0030953235589732567,0.0036341518716727353
2024-10-22,0.001798575893616491,0.018232575605740865,-0.026157433847452134,-0.005090295239606019,-0.0030387074941863397,0.0031436464106063093,0.0036341518716727353
2024-10-23,0.0008289047180347392,0.018232575605740865,-0.029388007524998618,-0.005090295239606019,-0.0030387074941863397,0.0031436464106063093,0.0036341518716727353
2024-10-24,-0.0002760650311206147,0.018698845962887466,-0.029388007524998618,-0.005090295239606019,-0.0030387074941863397,0.0030953235589732567,0.0036341518716727353
2024-10-25,-0.006618480895858339,0.018232575605740865,-0.029388007524998618,-0.005090295239606019,-0.0030387074941863397,0.0031436464106063093,0.0036341518716727353
2024-10-28,-0.006917005733934956,0.018232575605740865,-0.029388007524998618,-0.012340827352416522,-0.0030387074941863397,0.0026157281688337403,0.0036341518716727353
2024-10-29,-0.006618480895858339,0.018698845962887466,-0.029388007524998618,-0.005090295239606019,-0.0030387074941863397,0.0030953235589732567,0.0036341518716727353
2024-10-30,-0.006618480895858339,0.018232575605740865,-0.029388007524998618,-0.005090295239606019,-0.0030387074941863397,0.0031436464106063093,0.0036341518716727353
2024-10-31,-0.0002760650311206147,0.018232575605740865,-0.029388007524998618,-0.01811841444322027,-0.002560852459325436,0.0031436464106063093,0.0036341518716727353
2024-11-01,0.023281905039014783,0.014931591747018204,-0.030850813363486555,-0.008445629107669512,-0.012180647184022645,0.0030953235589732567,0.0036341518716727353
2024-11-04,0.023281905039014783,0.014465321389871607,-0.030850813363486555,-0.008445629107669512,-0.012180647184022645,0.0031436464106063093,0.0036341518716727353
2024-11-05,0.023873066257106352,0.014465321389871607,-0.030850813363486555,-0.008445629107669512,-0.012180647184022645,0.0031436464106063093,0.0036341518716727353
2024-11-06,0.026659575269839537,0.014465321389871607,-0.030850813363486555,-0.008445629107669512,-0.012180647184022645,0.0026157281688337403,0.0036341518716727353
2024-11-07,0.026866418399972843,0.014465321389871607,-0.030850813363486555,-0.008445629107669512,-0.012180647184022645,0.003620032401282795,0.0036341518716727353
2024-11-08,0.019655492448877196,0.01112135511799763,-0.044010450568414794,-0.008445629107669512,-0.023591712963085987,0.003620032401282795,0.0036341518716727353
2024-11-11,0.019655492448877196,0.01112135511799763,-0.04086873082011007,-0.013451538021011332,-0.01977156657934237,0.003620032401282795,0.0036341518716727353
2024-11-12,0.019655492448877196,0.01112135511799763,-0.04086873082011007,-0.013451538021011332,-0.023286546304732668,0.003620032401282795,0.0036341518716727353
2024-11-13,0.019655492448877196,0.01112135511799763,-0.04086873082011007,-0.013451538021011332,-0.023286546304732668,0.0037874435719674913,0.0036341518716727353
2024-11-14,0.019655492448877196,0.01112135511799763,-0.05072773502417502,-0.008445629107669512,-0.023286546304732668,0.0037874435719674913,0.0036341518716727353
2024-11-15,0.01944864931874389,0.01112135511799763,-0.05072773502417502,-0.004971590266073361,-0.023286546304732668,0.0037874435719674913,0.0036341518716727353
2024-11-18,0.018857488100652322,0.011441917160210794,-0.05072773502417502,-0.004971590266073361,-0.01977156657934237,0.003571709549649743,0.0036341518716727353
2024-11-19,0.016716912176804752,0.01112135511799763,-0.05072773502417502,-0.004971590266073361,-0.023591712963085987,0.003620032401282795,0.0036341518716727353
2024-11-20,0.023598527693261408,0.01112135511799763,-0.030850813363486555,-0.004971590266073361,-0.015752642136652378,0.003620032401282795,0.0036341518716727353
2024-11-21,0.023766445734425542,0.01112135511799763,-0.030850813363486555,-0.004971590266073361,-0.015752642136652378,0.0026157281688337403,0.0036341518716727353
2024-11-22,0.02574031501673007,0.014797530525498625,-0.030850813363486555,-0.0031371294368301088,-0.012180647184022645,0.002567405317200688,0.0036341518716727353
2024-11-25,0.02574031501673007,0.02300704536362389,-0.030850813363486555,-0.005680276725631876,-0.012180647184022645,0.004099627791422312,0.0036341518716727353
2024-11-26,0.02574031501673007,0.02314110658514347,-0.030850813363486555,-0.0031371294368301088,-0.008360500800279025,0.004099627791422312,0.0036341518716727353
2024-11-27,0.023766445734425542,0.014931591747018204,-0.030850813363486555,-0.005101552349211333,-0.012180647184022645,0.004099627791422312,0.0036341518716727353
2024-11-28,0.02574031501673007,0.014931591747018204,-0.030850813363486555,-0.005101552349211333,-0.008360500800279025,0.004099627791422312,0.0036341518716727353
2024-11-29,0.023766445734425542,0.014931591747018204,-0.030850813363486555,-0.004069316579803905,-0.008360500800279025,0.004099627791422312,0.0036341518716727353
2024-12-02,0.02187674930248534,0.014465321389871607,-0.030850813363486555,-0.010849115727348707,-0.008459891925647627,0.004147950643055364,0.0036341518716727353
2024-12-03,0.02187674930248534,0.014465321389871607,-0.030850813363486555,-0.010849115727348707,-0.008459891925647627,0.004147950643055364,0.0036341518716727353
2024-12-04,0.02187674930248534,0.014465321389871607,-0.030850813363486555,-0.007375076885752554,-0.007667425834910895,0.004147950643055364,0.0036341518716727353
2024-12-05,0.02187674930248534,0.014331260168352029,-0.030850813363486555,-0.006307594350179595,-0.007667425834910895,0.00487193057383489,0.0036341518716727353
2024-12-06,0.02187674930248534,0.014331260168352029,-0.030850813363486555,-0.009781633191775748,-0.007667425834910895,0.00487193057383489,0.0036341518716727353
2024-12-09,0.02187674930248534,0.014465321389871607,-0.030850813363486555,-0.009781633191775748,-0.007667425834910895,0.004426055574147613,0.0036341518716727353
2024-12-10,0.02246791052057691,0.014465321389871607,-0.030850813363486555,-0.006307594350179595,-0.007667425834910895,0.0026977714109190317,0.0036341518716727353
2024-12-11,0.02246791052057691,0.014465321389871607,-0.030850813363486555,-0.006307594350179595,-0.007667425834910895,0.0026977714109190317,0.0036341518716727353
2024-12-12,0.024737200462376836,0.014465321389871607,-0.030850813363486555,-0.006307594350179595,-0.007667425834910895,0.0026977714109190317,0.0036341518716727353
2024-12-13,0.02246791052057691,0.014465321389871607,-0.030850813363486555,-0.003764447061377831,-0.007370081504071863,0.0026977714109190317,0.0036341518716727353
2024-12-16,0.02187674930248534,0.014465321389871607,-0.030850813363486555,-0.003764447061377831,-0.007370081504071863,0.004426055574147613,0.0036341518716727353
2024-12-17,0.02187674930248534,0.014465321389871607,-0.030850813363486555,-0.003764447061377831,-0.007370081504071863,0.004426055574147613,0.0036341518716727353
2024-12-18,0.02246791052057691,0.014465321389871607,-0.030850813363486555,-0.003764447061377831,-0.007370081504071863,0.005187225212627081,0.0036341518716727353
2024-12-19,0.0254612626634434,0.014465321389871607,-0.030850813363486555,-0.003764447061377831,-0.007370081504071863,0.005187225212627081,0.0036341518716727353
2024-12-20,0.01861093203615489,0.014465321389871607,-0.030850813363486555,-0.022506159276926882,-0.007667425834910895,0.005187225212627081,0.0036341518716727353
2024-12-23,0.01861093203615489,0.014331260168352029,-0.030850813363486555,-0.028236370730028073,-0.007667425834910895,0.005187225212627081,0.0036341518716727353
2024-12-24,0.01861093203615489,0.01112135511799763,-0.030850813363486555,-0.028236370730028073,-0.009662098781710994,0.00510518197054179,0.0036341518716727353
2024-12-25,0.013327356007214372,0.01112135511799763,-0.04341968147599067,-0.028723320123741305,-0.014035469882030692,0.003853283797989695,0.0036341518716727353
2024-12-26,0.013346622163618843,0.01112135511799763,-0.03968434634748634,-0.028723320123741305,-0.014035469882030692,0.003853283797989695,0.0036341518716727353
2024-12-27,0.013346622163618843,0.01112135511799763,-0.0381536872268344,-0.028723320123741305,-0.014035469882030692,0.004691959536876072,0.0036341518716727353
2024-12-30,0.011349961009167915,0.01112135511799763,-0.0381536872268344,-0.02930204450016185,-0.014035469882030692,0.004691959536876072,0.0036341518716727353
2024-12-31,0.0033789638539202175,0.01112135511799763,-0.03968434634748634,-0.028723320123741305,-0.014035469882030692,0.004691959536876072,0.0036341518716727353
2025-01-02,-0.015449787702038132,-0.03567697995382145,-0.007071475268338879,-0.02987005803978507,-0.05009089095816429,0.01687583122251783,0.004614690832167019
2025-01-03,-0.004320870645854898,-0.03567697995382145,-0.002125605520381606,-0.0034569034454404045,-0.020915371045957674,0.015040452812683113,0.004614690832167019
2025-01-06,-0.004320870645854898,-0.029782679711566448,-0.00287896726049872,-0.0034569034454404045,-0.02200787608363923,0.01687583122251783,0.004614690832167019
2025-01-07,-0.004320870645854898,-0.029782679711566448,-0.00287896726049872,-0.0011735921627378755,-0.02249018319969657,0.01687583122251783,0.004614690832167019
2025-01-08,-0.004320870645854898,-0.029782679711566448,-0.0030578006497905684,-0.0011735921627378755,-0.02249018319969657,0.015415898076064674,0.004614690832167019
2025-01-09,-0.006558110125923649,-0.029782679711566448,-0.003811162389907683,-0.0011735921627378755,-0.023451399741523268,0.015415898076064674,0.004614690832167019
2025-01-10,-0.00641575973892512,-0.029120794552969405,-0.003811162389907683,-0.0011735921627378755,-0.023451399741523268,0.015415898076064674,0.004614690832167019
2025-01-13,-0.007867686924606498,-0.029120794552969405,-0.003811162389907683,-0.006347604471711885,-0.023451399741523268,0.015415898076064674,0.004614690832167019
2025-01-14,-0.006819509017765481,-0.034108954103707796,-0.0030578006497905684,-0.032232574253282874,-0.04335196934163458,0.015040452812683113,0.004614690832167019
2025-01-15,-0.009056748497834234,-0.034108954103707796,-0.003811162389907683,-0.007744106851662532,-0.0235615028743327,0.015415898076064674,0.004614690832167019
2025-01-16,-0.006819509017765481,-0.033187700067276574,-0.003811162389907683,-0.032232574253282874,-0.0235615028743327,0.015040452812683113,0.004614690832167019
2025-01-17,-0.009056748497834234,-0.033187700067276574,-0.003811162389907683,-0.03870957364499079,-0.03973214793560684,0.015040452812683113,0.004614690832167019
2025-01-20,-0.009056748497834234,-0.03440747301930795,-0.003811162389907683,-0.03870957364499079,-0.04113693569143971,0.015040452812683113,0.004614690832167019
2025-01-21,-0.009056748497834234,-0.03440747301930795,-0.003811162389907683,-0.03870957364499079,-0.04113693569143971,0.015040452812683113,0.004614690832167019
2025-01-22,-0.009056748497834234,-0.03592238189031971,-0.003811162389907683,-0.03235775482181617,-0.04113693569143971,0.015040452812683113,0.004614690832167019
2025-01-23,-0.009056748497834234,-0.03475572591739023,-0.003811162389907683,-0.03870957364499079,-0.04113693569143971,0.015040452812683113,0.004614690832167019
2025-01-24,-0.009056748497834234,-0.030822733666460253,-0.006239172470951924,-0.03870957364499079,-0.04113693569143971,0.015040452812683113,0.004614690832167019
2025-01-27,-0.009056748497834234,-0.029920047712970785,-0.006239172470951924,-0.03923775845776447,-0.0392498408195495,0.015040452812683113,0.004614690832167019
2025-02-05,-0.0093473828306697,-0.013520301581867766,-0.0051970836908826175,-0.03625379183026957,-0.04628737364331827,0.016111956542522374,0.004614690832167019
2025-02-06,-0.009533324628782223,-0.014422987535357236,-0.0051970836908826175,-0.0381784790229939,-0.04204634565030983,0.016111956542522374,0.004614690832167019
2025-02-07,-0.0148270629412512,-0.014422987535357236,-0.0051970836908826175,-0.0381784790229939,-0.050034689477448976,0.016111956542522374,0.004614690832167019
2025-02-10,-0.01408631317290661,-0.014422987535357236,-0.006029386488269569,-0.0381784790229939,-0.05163309706095806,0.016111956542522374,0.004614690832167019
2025-02-11,-0.01408631317290661,-0.014422987535357236,-0.006029386488269569,-0.0381784790229939,-0.05163309706095806,0.016111956542522374,0.004614690832167019
2025-02-12,-0.01408631317290661,-0.014422987535357236,-0.006029386488269569,-0.03765029421022022,-0.05163309706095806,0.016111956542522374,0.004614690832167019
2025-02-13,-0.01408631317290661,-0.014422987535357236,-0.006029386488269569,-0.02310608479125642,-0.043877224761274654,0.016111956542522374,0.004614690832167019
2025-02-14,-0.01408631317290661,-0.014422987535357236,-0.006029386488269569,-0.03765029421022022,-0.043877224761274654,0.016111956542522374,0.004614690832167019
2025-02-17,-0.01408631317290661,-0.014422987535357236,-0.006029386488269569,-0.03765029421022022,-0.043877224761274654,0.013265119421789857,0.004614690832167019
2025-02-18,-0.014960741011060109,-0.014422987535357236,-0.006029386488269569,-0.03765029421022022,-0.045642626943412486,0.015485546113634757,0.004614690832167019
2025-02-19,-0.014960741011060109,-0.014422987535357236,-0.006029386488269569,-0.03691459425777427,-0.03999681119457118,0.016111956542522374,0.004614690832167019
2025-02-20,-0.014960741011060109,-0.014422987535357236,-0.006029386488269569,-0.03691459425777427,-0.03999681119457118,0.016111956542522374,0.004614690832167019
2025-02-21,-0.014219991242715519,-0.014422987535357236,-0.006029386488269569,-0.03691459425777427,-0.03823140901243335,0.013265119421789857,0.004614690832167019
2025-02-24,-0.014219991242715519,-0.013065431622196607,-0.006029386488269569,-0.03691459425777427,-0.03823140901243335,0.013265119421789857,0.004614690832167019
2025-02-25,-0.014219991242715519,-0.012434387353685733,-0.006029386488269569,-0.03660187718211215,-0.03823140901243335,0.016111956542522374,0.004614690832167019
2025-02-26,-0.014219991242715519,-0.012340859502574601,-0.006029386488269569,-0.03660187718211215,-0.03823140901243335,0.01589676953272841,0.004614690832167019
2025-02-27,-0.014219991242715519,-0.012340859502574601,-0.006029386488269569,-0.03660187718211215,-0.03823140901243335,0.015115103609507567,0.004614690832167019
2025-02-28,-0.014960741011060109,-0.012340859502574601,-0.006029386488269569,-0.03660187718211215,-0.045642626943412486,0.025392861085046087,0.004614690832167019
2025-03-03,-0.013303559492205989,-0.0016206900536925254,0.01165544266137428,-0.03561974614313353,-0.03486783828755527,0.025392861085046087,0.004614690832167019
2025-03-04,-0.015166165439675692,-0.020949073424642747,0.01165544266137428,-0.03850205850531852,-0.03486783828755527,0.01942292326332843,0.004614690832167019
2025-03-05,-0.012946732719367145,-0.020949073424642747,0.01165544266137428,-0.03850205850531852,-0.02626427870982955,0.016523179961616032,0.004614690832167019
2025-03-06,-0.012946732719367145,-0.020949073424642747,0.01165544266137428,-0.03850205850531852,-0.02061846296098823,0.015509063598832203,0.004614690832167019
2025-03-07,-0.012946732719367145,-0.020949073424642747,0.01165544266137428,-0.03850205850531852,-0.02061846296098823,0.015115103609507567,0.004614690832167019
2025-03-10,-0.013080410789176053,-0.020949073424642747,0.01165544266137428,-0.03850205850531852,-0.02061846296098823,0.013676342840883511,0.004614690832167019
2025-03-11,-0.013080410789176053,-0.020949073424642747,0.01165544266137428,-0.03850205850531852,-0.02061846296098823,0.01695048201934228,0.004614690832167019
2025-03-12,-0.013080410789176053,-0.02107843457913728,0.01165544266137428,-0.03850205850531852,-0.025197443470991898,0.013355533951094149,0.004614690832167019
2025-03-13,-0.013080410789176053,-0.020949073424642747,0.01165544266137428,-0.03923775845776447,-0.02626427870982955,0.011916773182470093,0.004614690832167019
2025-03-14,-0.013080410789176053,-0.02193057964917569,-0.02812853617260153,-0.03923775845776447,-0.02167881602106783,0.011717604822682815,0.004614690832167019
2025-03-17,-0.013080410789176053,-0.02193057964917569,-0.02812853617260153,-0.010285721818488868,-0.023708637900578533,0.011616177404264703,0.004614690832167019
2025-03-18,-0.015166165439675692,-0.02193057964917569,-0.02812853617260153,-0.010285721818488868,-0.004559300791314567,0.010235979479133206,0.004614690832167019
2025-03-19,-0.013303559492205989,-0.010698010936329007,-0.02812853617260153,-0.00857881604913633,-0.007303035511645401,0.010235979479133206,0.004614690832167019
2025-03-20,-0.013303559492205989,-0.009716504711796064,0.01165544266137428,-0.007403409456303876,-0.0060820800545526976,0.01093078108042545,0.004614690832167019
2025-03-21,-0.013303559492205989,-0.009716504711796064,0.01165544266137428,-0.015171822584402413,-0.0060820800545526976,0.011804136888701511,0.004614690832167019
2025-03-24,-0.013445909879204522,-0.009716504711796064,0.01165544266137428,-0.015171822584402413,-0.003338345334221862,0.011804136888701511,0.004614690832167019
2025-03-25,-0.013445909879204522,-0.009716504711796064,0.01165544266137428,-0.017446575617465956,-0.003338345334221862,0.011804136888701511,0.004614690832167019
2025-03-26,-0.013445909879204522,-0.009716504711796064,0.01165544266137428,-0.02019501378416627,-0.003338345334221862,0.011804136888701511,0.004614690832167019
2025-03-27,-0.013445909879204522,-0.009716504711796064,0.01165544266137428,-0.02019501378416627,-0.003338345334221862,0.011804136888701511,0.004614690832167019
2025-03-28,-0.013445909879204522,-0.009853372864742414,0.01165544266137428,-0.015919672809799064,-0.003338345334221862,0.014650974009434029,0.004614690832167019
2025-03-31,-0.013312231809395614,-0.009853372864742414,0.01165544266137428,-0.009808387287837731,-0.003338345334221862,0.01494410314794978,0.004614690832167019
2025-04-01,-0.018822758454299038,-0.025743381089128308,0.0027686535861630454,-0.009589572153546356,-0.016862958779863685,0.014888681678445875,0.004614690832167019
2025-04-02,-0.018822758454299038,-0.025743381089128308,0.0027686535861630454,-0.01033341234777,-0.016862958779863685,0.014888681678445875,0.004614690832167019
2025-04-03,-0.018822758454299038,-0.023091027104020615,0.0027686535861630454,-0.01033341234777,-0.016862958779863685,0.014888681678445875,0.004614690832167019
2025-04-07,-0.009200581554587391,-0.007434906540568443,0.01603967202360638,-0.01838117234355053,-0.003002102344737545,0.017122741691629587,0.004614690832167019
2025-04-08,-0.009200581554587391,-0.016638271322703967,0.01603967202360638,-0.02217304388761415,0.0034017303401981088,0.015333581951198863,0.004614690832167019
2025-04-09,-0.005736588264227433,-0.014701338759177271,0.0190343230140365,-0.0037498871504829624,0.0029194232241407715,0.015333581951198863,0.004614690832167019
2025-04-10,-0.005736588264227433,-0.015363223917774315,0.030738091120260966,-0.0019151495591982043,0.01537556854239786,0.015333581951198863,0.004614690832167019
2025-04-11,-0.005295813273132755,-0.014402747664855576,0.01857337517211841,-0.002119785590954949,0.0029194232241407715,0.015333581951198863,0.004614690832167019
2025-04-14,-0.009200581554587391,-0.019871224229948845,0.009638833651245297,-0.0036448983115698282,-0.011071833121570162,0.015333581951198863,0.004614690832167019
2025-04-15,-0.008831289244290438,-0.02109099718198023,0.005929874657544406,-0.0036448983115698282,-0.017235632918031065,0.015333581951198863,0.004614690832167019
2025-04-16,-0.018453466144002083,-0.02109099718198023,0.005097571860157451,-0.0036448983115698282,-0.022781368364962692,0.015333581951198863,0.004614690832167019
2025-04-17,-0.017712716375657495,-0.022188341587845318,0.005097571860157451,-0.0036448983115698282,-0.02374258490678939,0.015040452812683113,0.004614690832167019
2025-04-18,-0.017712716375657495,-0.021526456429248275,0.0027686535861630454,-0.0036448983115698282,-0.02374258490678939,0.015040452812683113,0.004614690832167019
2025-04-21,-0.017712716375657495,-0.024840695572953018,0.0027686535861630454,-0.0036448983115698282,-0.02374258490678939,0.015040452812683113,0.004614690832167019
2025-04-22,-0.017712716375657495,-0.024840695572953018,0.0027686535861630454,-0.0036448983115698282,-0.02374258490678939,0.015040452812683113,0.004614690832167019
2025-04-23,-0.017712716375657495,-0.024840695572953018,0.0027686535861630454,-0.0036448983115698282,-0.02374258490678939,0.015040452812683113,0.004614690832167019
2025-04-24,-0.018453466144002083,-0.024178810414355975,0.0018364584567540838,-0.0036448983115698282,-0.02374258490678939,0.014595552539930124,0.004614690832167019
2025-04-25,-0.018453466144002083,-0.024178810414355975,0.0018364584567540838,-0.0036448983115698282,-0.023260277790732052,0.014595552539930124,0.004614690832167019
2025-04-28,-0.018311115757003553,-0.024527063312438244,0.0018364584567540838,-0.0036448983115698282,-0.023260277790732052,0.014595552539930124,0.004614690832167019
2025-04-29,-0.018453466144002083,-0.023566587059519504,0.0018364584567540838,-0.0034626512031265015,-0.026263974040612023,0.014595552539930124,0.004614690832167019
2025-04-30,-0.018453466144002083,-0.023566587059519504,0.0018364584567540838,-0.0316952643551746,-0.004441696239091108,0.014595552539930124,0.004614690832167019
2025-05-06,-0.014402345221529916,-0.007676578835133608,0.005602284658514197,-0.03728873309000526,0.0065252484373252,0.014595552539930124,0.004614690832167019
2025-05-07,-0.014402345221529916,-0.007676578835133608,0.005602284658514197,-0.036848182144743225,-0.0034915106358535167,0.014595552539930124,0.004614690832167019
2025-05-08,-0.014402345221529916,-0.008782623197927455,0.005602284658514197,-0.036848182144743225,0.0065252484373252,0.014595552539930124,0.004614690832167019
2025-05-09,-0.015143094989874506,-0.008782623197927455,0.005602284658514197,-0.09564015481291474,0.016441582921765594,0.01643093094976484,0.004614690832167019
2025-05-12,-0.015431336026897108,-0.0090402356793826,0.005602284658514197,-0.09564015481291474,0.016441582921765594,0.01801681726434228,0.004614690832167019
2025-05-13,-0.016438077331978475,-0.0090402356793826,0.005602284658514197,-0.10046454648275253,0.016441582921765594,0.01801681726434228,0.004614690832167019
2025-05-14,-0.01735526866217921,-0.009702120837979644,0.005602284658514197,-0.10695683351439328,0.016605841134645322,0.021077826104873437,0.004614690832167019
2025-05-15,-0.01735526866217921,-0.008832949490454975,0.005602284658514197,-0.10695683351439328,0.016605841134645322,0.021077826104873437,0.004614690832167019
2025-05-16,-0.014660274520846677,-0.008832949490454975,0.006434587455901154,-0.10695683351439328,0.016605841134645322,0.021077826104873437,0.004614690832167019
2025-05-19,-0.014660274520846677,-0.008832949490454975,0.006434587455901154,-0.10669917954273977,0.016605841134645322,0.021077826104873437,0.004614690832167019
2025-05-20,-0.007989870418941761,-0.008832949490454975,0.006434587455901154,-0.09281123971714209,0.016605841134645322,0.021077826104873437,0.004614690832167019
2025-05-21,-0.007989870418941761,-0.008832949490454975,0.006434587455901154,-0.09281123971714209,0.016605841134645322,0.01801681726434228,0.004614690832167019
2025-05-22,-0.007989870418941761,-0.007930263536965503,0.006434587455901154,-0.09281123971714209,0.018010628890478192,0.017842837018853967,0.004614690832167019
2025-05-23,-0.007989870418941761,-0.007930263536965503,0.006434587455901154,-0.09281123971714209,0.018010628890478192,0.01643093094976484,0.004614690832167019
2025-05-26,-0.007989870418941761,-0.007930263536965503,0.006434587455901154,-0.09281123971714209,0.018010628890478192,0.01801681726434228,0.004614690832167019
2025-05-27,-0.007989870418941761,-0.005625912537632384,0.006434587455901154,-0.09281123971714209,0.018010628890478192,0.01801681726434228,0.004614690832167019
2025-05-28,-0.0071148210399656015,-0.004027863539425092,0.006434587455901154,-0.09281123971714209,0.018010628890478192,0.01801681726434228,0.004614690832167019
2025-05-29,-0.007989870418941761,-0.005625912537632384,0.006434587455901154,-0.09281123971714209,0.018010628890478192,0.021077826104873437,0.004614690832167019
2025-05-30,-0.007989870418941761,-0.005625912537632384,0.006434587455901154,-0.09281123971714209,0.018010628890478192,0.01804897725102097,0.004614690832167019
2025-06-03,-0.004779015416755854,-0.005686914757659533,-0.004543079218275136,-0.09053612111804621,0.017783773712863157,0.01672406008828059,0.004614690832167019
2025-06-04,-0.002517820150044525,-0.00408886575945224,-0.004543079218275136,-0.08685086247379409,0.017783773712863157,0.01643093094976484,0.004614690832167019
2025-06-05,-0.002517820150044525,-0.004750750918049284,-0.004543079218275136,-0.08685086247379409,0.017783773712863157,0.01643093094976484,0.004614690832167019
2025-06-06,-0.002517820150044525,-0.004750750918049284,-0.004543079218275136,-0.08674587363488095,0.017783773712863157,0.01643093094976484,0.004614690832167019
2025-06-09,-0.002616982473842972,0.00747485557241088,-0.004543079218275136,-0.0849269837432749,0.016810501654167056,0.01801681726434228,0.004614690832167019
2025-06-10,-0.002616982473842972,0.00747485557241088,-0.004543079218275136,-0.0846313294104104,0.017783773712863157,0.01801681726434228,0.004614690832167019
2025-06-11,-0.002616982473842972,0.00747485557241088,-0.003610884088866174,-0.0849269837432749,0.016810501654167056,0.01739040683545466,0.004614690832167019
2025-06-12,-0.002616982473842972,0.00747485557241088,-0.003610884088866174,-0.0846313294104104,0.016810501654167056,0.01643093094976484,0.004614690832167019
2025-06-13,-0.0018337016337047812,0.00747485557241088,-0.003610884088866174,-0.07999513914860051,0.017783773712863157,0.014595552539930124,0.004614690832167019
2025-06-16,-0.0018337016337047812,0.00747485557241088,-0.003610884088866174,-0.07999513914860051,0.0027721368169242736,0.013969142111042507,0.004614690832167019
2025-06-17,-0.0036963075811744794,0.0012625282984807555,-0.003610884088866174,-0.07999513914860051,0.0027721368169242736,0.01739040683545466,0.004614690832167019
2025-06-18,-0.0036963075811744794,-0.0020114569934156215,-0.003610884088866174,-0.07999513914860051,0.0027721368169242736,0.014995999898121452,0.004614690832167019
2025-06-19,-0.015402884799164204,-0.009581465993761728,-0.015377975059229665,-0.07894360567575431,-0.010338151890963796,0.01052705798863099,0.004614690832167019
2025-06-20,-0.01618616563930239,-0.009581465993761728,-0.015377975059229665,-0.0835797959375642,-0.00024701502408032265,0.01052705798863099,0.004614690832167019
2025-06-23,-0.015402884799164204,-0.009581465993761728,-0.015377975059229665,-0.07894360567575431,-0.015258651920019205,0.01052705798863099,0.004614690832167019
2025-06-24,-0.016990337066117207,-0.02073936066050169,-0.016310170188638628,-0.0835797959375642,-0.015258651920019205,0.013057502509945848,0.004614690832167019
2025-06-25,-0.016621044755820255,-0.02317477353601925,-0.016310170188638628,-0.11294803472412329,-0.015258651920019205,0.012956075091527736,0.004614690832167019
2025-06-26,-0.016621044755820255,-0.02317477353601925,-0.016310170188638628,-0.12109052100152769,-0.013493249737881371,0.009996493669414689,0.004614690832167019
2025-06-27,-0.015880294987475667,-0.02449761831081943,-0.016310170188638628,-0.12312039459972988,-0.013493249737881371,0.013057502509945848,0.004614690832167019
2025-06-30,-0.015737944600477134,-0.025479124535352372,-0.016310170188638628,-0.12312039459972988,-0.013493249737881371,0.013727779971985507,0.004614690832167019
2025-07-01,-0.020264742642910907,-0.04737620509026214,-0.009879107072298353,-0.10935998376423003,-0.020119951811942444,0.009996493669414689,0.004614690832167019
2025-07-02,-0.02046529560741268,-0.046473519136772674,-0.009879107072298353,-0.10287572683492982,-0.01871516405610957,0.009996493669414689,0.004614690832167019
2025-07-03,-0.021147842798254025,-0.046473519136772674,-0.009879107072298353,-0.10778311887910862,-0.01871516405610957,0.009996493669414689,0.004614690832167019
2025-07-04,-0.020159539542112123,-0.046473519136772674,-0.009879107072298353,-0.09876568186492461,-0.01970740341932937,0.00877687683888782,0.004614690832167019
2025-07-07,-0.020976938304708165,-0.046473519136772674,-0.009879107072298353,-0.10243399345215559,-0.01970740341932937,0.013057502509945848,0.004614690832167019
2025-07-08,-0.021110616374517072,-0.04416916813743955,-0.009879107072298353,-0.10290631514550352,-0.03138914008590759,0.00877687683888782,0.004614690832167019
2025-07-09,-0.021650813178359887,-0.04033711167247928,-0.009879107072298353,-0.11007433046406262,-0.03138914008590759,0.011837885679418979,0.004614690832167019
2025-07-10,-0.021649834377111068,-0.04033711167247928,-0.009879107072298353,-0.11007433046406262,-0.03138914008590759,0.011837885679418979,0.004614690832167019
2025-07-11,-0.02029223881067221,-0.03957886468873446,-0.009879107072298353,-0.09876568186492461,-0.03138914008590759,0.00877687683888782,0.004614690832167019
2025-07-14,-0.02029223881067221,-0.03926177769019254,-0.009879107072298353,-0.09518099060905925,-0.03138914008590759,0.009307441158104121,0.004614690832167019
2025-07-15,-0.02029223881067221,-0.046156432138230764,-0.009879107072298353,-0.09876568186492461,-0.0303969007226878,0.009307441158104121,0.004614690832167019
2025-07-16,-0.02014404525986689,-0.0423243756732705,-0.009879107072298353,-0.09876568186492461,-0.032179855792220734,0.009307441158104121,0.004614690832167019
2025-07-17,-0.02014404525986689,-0.038155733327398696,-0.00912526025222354,-0.09876568186492461,-0.033395072982453734,0.009307441158104121,0.004614690832167019
2025-07-18,-0.02014404525986689,-0.03847282032594061,-0.00912526025222354,-0.09876568186492461,-0.033395072982453734,0.009307441158104121,0.004614690832167019
2025-07-21,-0.02014404525986689,-0.03847282032594061,-0.00912526025222354,-0.09876568186492461,-0.033395072982453734,0.009307441158104121,0.004614690832167019
2025-07-22,-0.02014404525986689,-0.03937550627943008,-0.00912526025222354,-0.09518099060905925,-0.03567395118925654,0.007431827911914819,0.004614690832167019
2025-07-23,-0.019774752949569936,-0.03937550627943008,-0.00912526025222354,-0.09518099060905925,-0.03468171182603675,0.005596449502080112,0.004614690832167019
2025-07-24,-0.025483482507108874,-0.03937550627943008,-0.00912526025222354,-0.09518099060905925,-0.035834553586269656,0.009017714226492266,0.004614690832167019
2025-07-25,-0.024742732738764286,-0.03937550627943008,-0.009957563049610494,-0.09518099060905925,-0.03718801346777063,0.009017714226492266,0.004614690832167019
2025-07-28,-0.024742732738764286,-0.03937550627943008,-0.009957563049610494,-0.09518099060905925,-0.03718801346777063,0.012078723067023425,0.004614690832167019
2025-07-29,-0.024742732738764286,-0.04243810426250805,-0.009517274205820275,-0.09518099060905925,-0.03818025283099042,0.01236844999863528,0.004614690832167019
2025-07-30,-0.024742732738764286,-0.030163936931805416,-0.009517274205820275,-0.09518099060905925,-0.03818025283099042,0.01236844999863528,0.004614690832167019
2025-07-31,-0.024742732738764286,-0.0462701607274683,-0.009517274205820275,-0.09474043966379724,-0.03718801346777063,0.013084572021926375,0.004614690832167019
2025-08-01,-0.026897364983665843,-0.025225439833520484,-0.011130515783092444,-0.10167463758804357,-0.03879116965570215,0.01420276143403513,0.004614690832167019
2025-08-04,-0.027409007680961325,-0.025225439833520484,-0.011130515783092444,-0.10167463758804357,-0.03779893029248236,0.010023563181395216,0.004614690832167019
2025-08-05,-0.027409007680961325,-0.02434306953446863,-0.011130515783092444,-0.1021151885333056,-0.03879116965570215,0.009307441158104121,0.004614690832167019
2025-08-06,-0.027409007680961325,-0.024472430688963164,-0.011130515783092444,-0.1021151885333056,-0.03879116965570215,0.007721554843526672,0.004614690832167019
2025-08-07,-0.027409007680961325,-0.024472430688963164,-0.011130515783092444,-0.1021151885333056,-0.03879116965570215,0.005886176433691967,0.004614690832167019
2025-08-08,-0.027409007680961325,-0.024472430688963164,-0.010198320653683481,-0.1021151885333056,-0.03879116965570215,0.005886176433691967,0.004614690832167019
2025-08-11,-0.027409007680961325,-0.024472430688963164,-0.011130515783092444,-0.1021151885333056,-0.03879116965570215,0.009307441158104121,0.004614690832167019
2025-08-12,-0.027409007680961325,-0.024472430688963164,-0.011130515783092444,-0.1021151885333056,-0.03879116965570215,0.01236844999863528,0.004614690832167019
2025-08-13,-0.027409007680961325,-0.024472430688963164,-0.011130515783092444,-0.1021151885333056,-0.03879116965570215,0.009307441158104121,0.004614690832167019
2025-08-14,-0.02703971537066437,-0.021918927796742364,-0.011130515783092444,-0.10364209134097248,-0.03879116965570215,0.009307441158104121,0.004614690832167019
2025-08-15,-0.026156615215321255,-0.021918927796742364,-0.011130515783092444,-0.10290639138852652,-0.03702576747356431,0.012078723067023425,0.004614690832167019
2025-08-18,-0.026156615215321255,-0.021918927796742364,-0.011130515783092444,-0.09888114918739914,-0.03702576747356431,0.00973383624978336,0.004614690832167019
2025-08-19,-0.026156615215321255,-0.020372300253375133,-0.011130515783092444,-0.09835296437462546,-0.03702576747356431,0.011401285258329688,0.004614690832167019
2025-08-20,-0.026156615215321255,-0.020372300253375133,-0.010230506692666843,-0.09835296437462546,-0.036033528110344513,0.012189905608531866,0.004614690832167019
2025-08-21,-0.026156615215321255,-0.020372300253375133,-0.010230506692666843,-0.09804024729896334,-0.036033528110344513,0.012189905608531866,0.004614690832167019
2025-08-22,-0.023158768790392664,-0.0122764855952716,-0.010230506692666843,-0.03968882557605388,-0.04350112855303024,0.012634805881284855,0.004614690832167019
2025-08-25,-0.023158768790392664,-0.012609999894660119,-0.010230506692666843,-0.03968882557605388,-0.043973094641398654,0.009573797040753696,0.004614690832167019
2025-08-26,-0.023158768790392664,-0.012507858565112885,-0.010230506692666843,-0.039557837091559564,-0.043973094641398654,0.009573797040753696,0.004614690832167019
2025-08-27,-0.02330111917739119,-0.011621618802654525,-0.010230506692666843,-0.039557837091559564,-0.051728966941082054,0.008906476670651232,0.004614690832167019
2025-08-28,-0.023162917906894075,-0.013456713225118619,-0.010230506692666843,-0.03320601826838496,-0.04750458541377584,0.0034200874449459304,0.004614690832167019
2025-08-29,-0.02330111917739119,-0.013456713225118619,-0.010230506692666843,-0.03320601826838496,-0.046608373060006356,0.0031589589462830527,0.004614690832167019
2025-09-01,-0.01706599080274781,-0.024996960774539063,-0.02170331798101256,-0.031861945959629476,-0.06059821539085641,0.0031589589462830527,0.004614690832167019
2025-09-02,-0.019151745453247465,-0.022057496199179374,-0.02170331798101256,-0.031861945959629476,-0.05801821300531336,0.0031589589462830527,0.004614690832167019
2025-09-03,-0.019151745453247465,-0.011689072681317825,-0.020949956240895445,-0.02897963359744448,-0.0472732176636184,0.0031589589462830527,0.004614690832167019
2025-09-04,-0.02026178753188901,-0.013685485034781425,-0.006837351696404148,-0.015025090703413612,-0.04047813944449857,0.003016873577632265,0.004614690832167019
2025-09-05,-0.02026178753188901,-0.014606739071212647,-0.006837351696404148,-0.012917843604183799,-0.04047813944449857,0.003016873577632265,0.004614690832167019
2025-09-08,-0.02026178753188901,-0.015042394700148402,-0.007769546825813109,-0.012917843604183799,-0.04047813944449857,0.003016873577632265,0.004614690832167019
2025-09-09,-0.02026178753188901,-0.01470888040075988,-0.007769546825813109,-0.012917843604183799,-0.04047813944449857,0.003461773850385252,0.004614690832167019
2025-09-10,-0.020123586261391886,-0.01470888040075988,-0.007769546825813109,-0.012917843604183799,-0.04047813944449857,0.003461773850385252,0.004614690832167019
2025-09-11,-0.020119437144890475,-0.015042394700148402,-0.007769546825813109,-0.012917843604183799,-0.04056409169210796,0.003461773850385252,0.004614690832167019
2025-09-12,-0.020123586261391886,-0.015042394700148402,-0.007769546825813109,-0.012917843604183799,-0.04047813944449857,0.003016873577632265,0.004614690832167019
2025-09-15,-0.02026178753188901,-0.015042394700148402,-0.007769546825813109,-0.012917843604183799,-0.04147037880771837,0.003016873577632265,0.004614690832167019
2025-09-16,-0.02026178753188901,-0.01212472831025358,-0.008669555916238714,-0.012917843604183799,-0.04147037880771837,0.003016873577632265,0.004614690832167019
2025-09-17,-0.02026178753188901,-0.005766392124326174,-0.006837351696404148,-0.021376909526588227,-0.04147037880771837,0.003016873577632265,0.004614690832167019
2025-09-18,-0.019892495221592053,-0.011908037427807067,-0.009705650621238612,-0.01926966242735842,-0.04147037880771837,0.003016873577632265,0.004614690832167019
2025-09-19,-0.019892495221592053,-0.01703220998271596,-0.009705650621238612,-0.01926966242735842,-0.04147037880771837,0.003016873577632265,0.004614690832167019
2025-09-22,-0.019151745453247465,-0.01703220998271596,-0.006837351696404148,-0.01879734073401049,-0.03970497662558054,0.0031589589462830527,0.004614690832167019
2025-09-23,-0.019009395066248932,-0.01703220998271596,-0.007769546825813109,-0.01943517040562556,-0.03871273726236074,0.003016873577632265,0.004614690832167019
2025-09-24,-0.0182484117026342,-0.015812437030684575,-0.007769546825813109,-0.03840098696137432,-0.03871273726236074,0.003016873577632265,0.004614690832167019
2025-09-25,-0.017960338355000053,-0.010477496210735633,-0.007769546825813109,-0.03840098696137432,-0.03871273726236074,0.003016873577632265,0.004614690832167019
2025-09-26,-0.019009395066248932,-0.010477496210735633,-0.007769546825813109,-0.041816914873298194,-0.03871273726236074,0.0031589589462830527,0.004614690832167019
2025-09-29,-0.0182484117026342,-0.010477496210735633,-0.007769546825813109,-0.03840098696137432,-0.03871273726236074,0.003016873577632265,0.004614690832167019
2025-09-30,-0.012218580277811466,-0.010477496210735633,-0.007769546825813109,-0.043924161972528,-0.03871273726236074,0.0031589589462830527,0.004614690832167019
2025-10-09,-0.013053982658017507,0.013809099863351165,0.022045735408077752,-0.05070460953464624,-0.0074274215225729615,0.00825328652593422,0.004614690832167019
2025-10-10,-0.020585547214799556,0.013809099863351165,0.022045735408077752,-0.05070460953464624,-0.0074274215225729615,0.00825328652593422,0.004614690832167019
2025-10-13,-0.02019385616148178,0.013809099863351165,0.022045735408077752,-0.05145608295422405,-0.007513373770182346,0.00825328652593422,0.004614690832167019
2025-10-14,-0.02109718991209504,0.012589326911319785,0.022045735408077752,-0.05230453306212646,-0.009718888884979312,0.005986260655651109,0.004614690832167019
2025-10-15,-0.02109718991209504,0.01245996575682525,0.022045735408077752,-0.05230453306212646,-0.009718888884979312,0.005986260655651109,0.004614690832167019
2025-10-16,-0.02109718991209504,0.012589326911319785,0.022045735408077752,-0.05283271787490014,-0.009718888884979312,0.005986260655651109,0.004614690832167019
2025-10-17,-0.02109718991209504,0.012589326911319785,0.022045735408077752,-0.052360396181552214,-0.009718888884979312,0.005986260655651109,0.004614690832167019
2025-10-20,-0.02109718991209504,0.012589326911319785,0.022045735408077752,-0.031092606261026088,-0.012862916665941521,0.005986260655651109,0.004614690832167019
2025-10-21,-0.02109718991209504,0.012589326911319785,0.022045735408077752,-0.031092606261026088,-0.012862916665941521,0.005986260655651109,0.004614690832167019
2025-10-22,-0.02109718991209504,0.012589326911319785,0.022045735408077752,-0.031092606261026088,-0.01164964091436435,0.01012549247811622,0.004614690832167019
2025-10-23,-0.02109718991209504,0.012589326911319785,0.022045735408077752,-0.03140532333668821,-0.01164964091436435,0.01012549247811622,0.004614690832167019
2025-10-24,-0.02033620654848031,0.01367973870885663,0.022045735408077752,-0.031092606261026088,-0.01164964091436435,0.01687238546667235,0.004614690832167019
2025-10-27,-0.02033620654848031,0.01367973870885663,0.022045735408077752,-0.05145608295422405,-0.01164964091436435,0.01687238546667235,0.004614690832167019
2025-10-28,-0.02109718991209504,0.01367973870885663,0.022045735408077752,-0.05145608295422405,-0.011563688666754966,0.014433566144164193,0.004614690832167019
2025-10-29,-0.02109718991209504,0.012758484672425408,0.022045735408077752,-0.04510426413104943,-0.011563688666754966,0.01739574194434963,0.004614690832167019
2025-10-30,-0.02109718991209504,0.01245996575682525,0.022045735408077752,-0.04510426413104943,-0.011563688666754966,0.01739574194434963,0.004614690832167019
2025-10-31,-0.02109718991209504,0.01245996575682525,0.022045735408077752,-0.05145608295422405,-0.011563688666754966,0.01976372394677495,0.004614690832167019
2025-11-03,-0.02026178753188901,-0.011697269162767015,-0.00813009408736132,-0.03904381825962237,-0.03709846105321378,0.0059082120577348685,0.004614690832167019
2025-11-04,-0.02026178753188901,-0.011697269162767015,-0.00813009408736132,-0.03904381825962237,-0.03709846105321378,0.0059082120577348685,0.004614690832167019
2025-11-05,-0.02026178753188901,-0.02090883851039165,-0.00813009408736132,-0.03977951821206832,-0.03709846105321378,0.0059082120577348685,0.004614690832167019
2025-11-06,-0.02026178753188901,-0.02090883851039165,-0.00813009408736132,-0.040307703024842004,-0.03709846105321378,0.0054387706892223145,0.004614690832167019
2025-11-07,-0.02026178753188901,-0.02090883851039165,-0.00813009408736132,-0.04199271892479133,-0.03709846105321378,0.0060502974263856564,0.004614690832167019
2025-11-10,-0.02026178753188901,-0.015398237475421645,-0.00813009408736132,-0.04429986343007203,-0.03709846105321378,0.0031589589462830527,0.004614690832167019
2025-11-11,-0.02026178753188901,-0.014767193206910773,-0.00813009408736132,-0.04429986343007203,-0.03693785865620067,0.0031589589462830527,0.004614690832167019
2025-11-12,-0.02026178753188901,-0.014767193206910773,-0.02131050350244366,-0.046484136761669285,-0.049394003974457756,0.0031589589462830527,0.004614690832167019
2025-11-13,-0.02026178753188901,-0.014767193206910773,-0.022242698631852617,-0.056569390424153564,-0.049394003974457756,0.0031589589462830527,0.004614690832167019
2025-11-14,-0.02026178753188901,-0.017829791189988717,-0.022242698631852617,-0.04485490633524471,-0.03693785865620067,0.0031589589462830527,0.004614690832167019
2025-11-17,-0.02026178753188901,-0.021223212997454423,-0.022242698631852617,-0.05120595512758888,-0.049394003974457756,0.0060502974263856564,0.004614690832167019
2025-11-18,-0.02026178753188901,-0.01814416567705148,-0.022242698631852617,-0.05120595512758888,-0.049394003974457756,0.0060502974263856564,0.004614690832167019
2025-11-19,-0.02026178753188901,-0.021223212997454423,-0.025519211907932913,-0.031129254670024722,-0.06151757020440707,0.006082457413064347,0.004614690832167019
2025-11-20,-0.02026178753188901,-0.020889698698065902,-0.025519211907932913,-0.03201572640856609,-0.06151757020440707,0.006082457413064347,0.004614690832167019
2025-11-21,-0.02026178753188901,-0.024511323241399267,-0.020609997453856613,-0.03201572640856609,-0.046788512034911425,0.006082457413064347,0.004614690832167019
2025-11-24,-0.02026178753188901,-0.02561736760419311,-0.018941953989397554,-0.03201572640856609,-0.047526313858696115,0.006082457413064347,0.004614690832167019
2025-11-25,-0.02026178753188901,-0.03187995264603836,-0.018941953989397554,-0.03201572640856609,-0.047526313858696115,0.003713216583461681,0.004614690832167019
2025-11-26,-0.020119437144890475,-0.03479761903593318,-0.018941953989397554,-0.02566390758539148,-0.047526313858696115,0.003713216583461681,0.004614690832167019
2025-11-27,-0.020119437144890475,-0.035718873072364404,-0.018941953989397554,-0.02566390758539148,-0.05891207826486074,0.003713216583461681,0.004614690832167019
2025-11-28,-0.020119437144890475,-0.03280120668246958,-0.018941953989397554,-0.028297091361435926,-0.06307145560410972,0.0029215237655825033,0.004614690832167019
2025-12-01,-0.020119437144890475,-0.02943886087419295,-0.017127928607944442,-0.03562428552900097,-0.059995295238556075,0.0029215237655825033,0.004614690832167019
2025-12-02,-0.020119437144890475,-0.029207487904351664,-0.019456846881938855,-0.03562428552900097,-0.06095651178038277,0.0029215237655825033,0.004614690832167019
2025-12-03,-0.019218039292961998,-0.028042577621910262,-0.019456846881938855,-0.035226501143943524,-0.06095651178038277,0.0029215237655825033,0.004614690832167019
2025-12-04,-0.018761852545583907,-0.02889915550211049,-0.021663682652980503,-0.027899306976378487,-0.06356200371992911,0.0031826522642453806,0.004614690832167019
2025-12-05,-0.018914349940877935,-0.03131883412037164,-0.021663682652980503,-0.027899306976378487,-0.06179660153779126,0.0029215237655825033,0.004614690832167019
2025-12-08,-0.01866323132272993,-0.030397580083940414,-0.02453198157781497,-0.035226501143943524,-0.06179660153779126,0.0026283946270667527,0.004614690832167019
2025-12-09,-0.01866323132272993,-0.030397580083940414,-0.02453198157781497,-0.035226501143943524,-0.06179660153779126,0.0055197331071693565,0.004614690832167019
2025-12-10,-0.01866323132272993,-0.030083205596877643,-0.02453198157781497,-0.03743380320641674,-0.06179660153779126,0.0028895231257296304,0.004614690832167019
2025-12-11,-0.01895807910502249,-0.030083205596877643,-0.02453198157781497,-0.03743380320641674,-0.06179660153779126,0.0028895231257296304,0.004614690832167019
2025-12-12,-0.01895807910502249,-0.030083205596877643,-0.02453198157781497,-0.03743380320641674,-0.06179660153779126,0.0026283946270667527,0.004614690832167019
2025-12-15,-0.019947109200365937,-0.031004459633308865,-0.02453198157781497,-0.03783158759147418,-0.05018600865943423,0.0026283946270667527,0.004614690832167019
2025-12-16,-0.022242372626082082,-0.03131883412037164,-0.02453198157781497,-0.03782518715224604,-0.051951410841572065,0.0026283946270667527,0.004614690832167019
2025-12-17,-0.02354585104603732,-0.031241725693853965,-0.02453198157781497,-0.02912910789034499,-0.051951410841572065,0.0026283946270667527,0.004614690832167019
2025-12-18,-0.025230161337595418,-0.03131883412037164,-0.02453198157781497,-0.0451140442365329,-0.051951410841572065,0.0026283946270667527,0.004614690832167019
2025-12-19,-0.025143266900514282,-0.03131883412037164,-0.02453198157781497,-0.045987009101658455,-0.059094256931475235,0.0026283946270667527,0.004614690832167019
2025-12-22,-0.024773974590217327,-0.031004459633308865,-0.02453198157781497,-0.04819431116413166,-0.059173363979743154,0.0026283946270667527,0.004614690832167019
2025-12-23,-0.024773974590217327,-0.031004459633308865,-0.02453198157781497,-0.04935121989720832,-0.06067112678308483,0.0026283946270667527,0.004614690832167019
2025-12-24,-0.02403322482187274,-0.031004459633308865,-0.023599786448406015,-0.04759178329354141,-0.06179660153779126,0.0026283946270667527,0.004614690832167019
2025-12-25,-0.02403322482187274,-0.031004459633308865,-0.023599786448406015,-0.04694323059168988,-0.061957203934804375,0.0026283946270667527,0.004614690832167019
2025-12-26,-0.023890874434874206,-0.031004459633308865,-0.02453198157781497,-0.04876212048329596,-0.061957203934804375,0.0026283946270667527,0.004614690832167019
2025-12-29,-0.022206564143316107,-0.031004459633308865,-0.02453198157781497,-0.032920795788228485,-0.061957203934804375,0.0026283946270667527,0.004614690832167019
2025-12-30,-0.02166406908697561,-0.031004459633308865,-0.021663682652980503,-0.03029730574163576,-0.061957203934804375,0.005050291738656802,0.004614690832167019
2025-12-31,-0.019717864376286268,-0.031004459633308865,-0.021663682652980503,-0.02809640411839069,-0.05270269910394761,0.0055197331071693565,0.004614690832167019
2026-01-05,0.008341369328281518,0.07619492443813737,0.02306603293393127,-0.04120209553725166,0.037438142881343686,0.05518782923601918,0.0034444917374626873
2026-01-06,0.008094952103805765,0.061002022703238803,0.00443448848295075,-0.04110283140048841,0.027587104392511757,0.05518782923601918,0.0034444917374626873
2026-01-07,0.008094952103805765,0.061002022703238803,0.00443448848295075,-0.04085462633690122,0.016982765751920894,0.05518782923601918,0.0034444917374626873
2026-01-08,0.008094952103805765,0.061002022703238803,0.00443448848295075,-0.03890780088904032,0.008572568432970759,0.05518782923601918,0.0034444917374626873
2026-01-09,0.008094952103805765,0.060283062325745665,0.0012695016215339941,-0.03749426888237284,0.016982765751920894,0.05518782923601918,0.0034444917374626873
2026-01-12,0.008094952103805765,0.04129529007427833,0.0003956576995822984,-0.03944109433023374,0.016982765751920894,0.05518782923601918,0.0034444917374626873
2026-01-13,0.008094952103805765,0.04129529007427833,0.0003956576995822984,-0.03360177421244228,0.016982765751920894,0.05518782923601918,0.0034444917374626873
2026-01-14,0.008094952103805765,0.03482633151673069,0.0003956576995822984,-0.03360177421244228,0.016982765751920894,0.05518782923601918,0.0034444917374626873
2026-01-15,0.008094952103805765,0.03482633151673069,0.0003956576995822984,-0.0375015333548145,0.016982765751920894,0.05439963479401521,0.0034444917374626873
2026-01-16,0.009438635798817404,0.05021158384631613,0.0003956576995822984,-0.038149631864954944,0.016982765751920894,0.0544989448753652,0.0034444917374626873
2026-01-19,0.009438635798817404,0.03482633151673069,0.0003956576995822984,-0.03701129655121566,0.016982765751920894,0.0544989448753652,0.0034444917374626873
2026-01-20,0.009438635798817404,0.04214142805795003,0.0017141566548647359,-0.037183929510600795,0.016982765751920894,0.05716792016048189,0.0034444917374626873
2026-01-21,0.009438635798817404,0.030578180872814692,-0.00044705042205365076,-0.03783202802074124,0.01229955720775171,0.056627924369263886,0.0034444917374626873
2026-01-22,0.009438635798817404,0.04291578391527576,-0.00044705042205365076,-0.038149631864954944,0.01229955720775171,0.056627924369263886,0.0034444917374626873
2026-01-23,0.009438635798817404,0.03500499127440804,-0.0017655493773360885,-0.038149631864954944,0.0038893598888015764,0.056627924369263886,0.0034444917374626873
2026-01-26,0.009438635798817404,0.02403309102193632,-0.0017655493773360885,-0.038149631864954944,0.0038893598888015764,0.05716792016048189,0.0034444917374626873
2026-01-27,0.009438635798817404,0.02403309102193632,-0.0017655493773360885,-0.038149631864954944,0.0038893598888015764,0.05971849116497043,0.0034444917374626873
2026-01-28,0.009438635798817404,0.030578180872814692,-0.0017655493773360885,-0.038149631864954944,0.0038893598888015764,0.05971849116497043,0.0034444917374626873
2026-01-29,0.001848400030846028,0.02211578401011091,-0.0017655493773360885,-0.04189293565291447,-0.004943118794523083,0.060947371316842414,0.0034444917374626873
2026-01-30,0.001848400030846028,0.005404233971687407,-0.0028940220477711026,-0.03945573677311174,-0.009975873770196694,0.060258486956188434,0.0034444917374626873
2026-02-02,0.020183048555317593,0.006351245467339457,-0.004556700323569534,-0.01823020534871829,-0.014224930067506428,0.029184419808368074,0.0034444917374626873
2026-02-03,0.0009059463267309092,0.013210267424048999,-0.0061807917114257505,-0.01825689815947926,-0.014224930067506428,0.029184419808368074,0.0034444917374626873
2026-02-04,0.0009059463267309092,0.028075983893402594,-0.005414949195175627,-0.020539506225072692,-0.014224930067506428,0.0272521315416704,0.0034444917374626873
2026-02-05,0.0009059463267309092,0.028075983893402594,-0.005414949195175627,-0.020539506225072692,0.009912229765094115,0.026543004779500567,0.0034444917374626873
2026-02-06,0.0009059463267309092,0.028075983893402594,0.0018394449956789741,-0.020539506225072692,0.016845371065248367,0.026543004779500567,0.0034444917374626873
2026-02-09,0.0009059463267309092,0.028075983893402594,-0.005414949195175627,-0.01825689815947926,-0.014224930067506428,0.026543004779500567,0.0034444917374626873
2026-02-10,0.0009059463267309092,0.028075983893402594,-0.005306947789474055,-0.01825689815947926,-0.014224930067506428,0.026543004779500567,0.0034444917374626873
2026-02-11,0.0009059463267309092,0.028075983893402594,-0.003682856401617839,-0.021429636475224775,-0.013583755254166184,0.02516562586972606,0.0034444917374626873
2026-02-12,0.0009059463267309092,0.01573838085094151,-0.0061807917114257505,-0.019147028409631346,-0.013583755254166184,0.025806317761081554,0.0034444917374626873
2026-02-13,0.0009059463267309092,0.020269950441041004,-0.0061807917114257505,-0.019147028409631346,-0.013583755254166184,0.025806317761081554,0.0034444917374626873
2026-02-24,0.0009059463267309092,0.028075983893402594,-0.005306947789474055,-0.01720020296177045,-0.013583755254166184,0.025806317761081554,0.0034444917374626873
2026-02-25,0.0009059463267309092,0.028075983893402594,-0.005306947789474055,-0.019147028409631346,-0.013583755254166184,0.025806317761081554,0.0034444917374626873
2026-02-26,0.0009059463267309092,0.028075983893402594,-0.005306947789474055,-0.01660726704449507,-0.013583755254166184,0.025806317761081554,0.0034444917374626873
2026-02-27,0.0009059463267309092,0.01573838085094151,-0.0061807917114257505,-0.01660726704449507,-0.013583755254166184,0.025806317761081554,0.0034444917374626873
2026-03-02,0.0005813619730571043,0.01573838085094151,-0.003752455861893878,-0.03595551226913909,-0.01638449488219528,0.05174101492147825,0.0034444917374626873
2026-03-03,0.0005813619730571043,0.01573838085094151,0.008981565176684934,-0.03805397985740354,0.01533021972179427,0.05152405411756214,0.0034444917374626873
2026-03-04,0.001925045668068742,0.028075983893402594,0.00985540909863663,-0.03199448582970013,0.01533021972179427,0.0516293714159592,0.0034444917374626873
2026-03-05,0.001925045668068742,0.01573838085094151,0.004482054534451979,-0.03199448582970013,0.014685806250559508,0.05115744785922133,0.0034444917374626873
2026-03-06,0.0005813619730571043,0.02211373628889371,0.004482054534451979,-0.03830218492099073,0.014685806250559508,0.05184633221987531,0.0034444917374626873
2026-03-09,0.0006695560000278461,0.0299197697412553,0.00985540909863663,-0.03830218492099073,0.025934558362385146,0.05267703001117089,0.0034444917374626873
2026-03-10,-1.6877997319261106e-05,0.0299197697412553,0.0044535287038484726,-0.03830218492099073,0.014685806250559508,0.05220510645443302,0.0034444917374626873
2026-03-11,-0.0014092564022242411,0.0299197697412553,0.00895303934608143,-0.03943476638756782,0.01533021972179427,0.05042572789717994,0.0034444917374626873
2026-03-12,-0.0014092564022242411,0.0299197697412553,0.00895303934608143,-0.03943476638756782,0.01533021972179427,0.05042572789717994,0.0034444917374626873
2026-03-13,-0.0014092564022242411,0.029285018554963446,0.00895303934608143,-0.03943476638756782,0.021295791597377354,0.05042572789717994,0.0034444917374626873
2026-03-16,-0.0014092564022242411,0.04106193424536955,0.011114246422999819,-0.04138159183542872,0.024613086874104545,0.04848808969742009,0.0034444917374626873
2026-03-17,-0.0014092564022242411,0.0363606302423439,0.01201661617555502,-0.04138159183542872,0.0249058663878206,0.04848808969742009,0.0034444917374626873
2026-03-18,-0.0014092564022242411,0.04106193424536955,0.01201661617555502,-0.04138159183542872,0.0249058663878206,0.05042572789717994,0.0034444917374626873
2026-03-19,-0.0014092564022242411,0.0299197697412553,0.00985540909863663,-0.039860824248521345,0.024587081598054155,0.05042572789717994,0.0034444917374626873
2026-03-20,-0.0014092564022242411,0.0299197697412553,0.00985540909863663,-0.039860824248521345,0.024587081598054155,0.05042572789717994,0.0034444917374626873
2026-03-23,0.00810684250673303,0.03063873011874843,0.00985540909863663,-0.03196173443615664,0.024587081598054155,0.05198814565051691,0.0034444917374626873
2026-03-24,0.00810684250673303,0.03063873011874843,0.00985540909863663,-0.03196173443615664,0.024587081598054155,0.05198814565051691,0.0034444917374626873
2026-03-25,0.0013268056976923764,0.03063873011874843,0.00985540909863663,-0.037838112531792166,0.024587081598054155,0.05198814565051691,0.0034444917374626873
2026-03-26,0.002044747024700199,0.03063873011874843,0.00985540909863663,-0.03196173443615664,0.024587081598054155,0.05198814565051691,0.0034444917374626873
2026-03-27,0.002044747024700199,0.03063873011874843,0.00985540909863663,-0.035727625590288574,0.024587081598054155,0.05198814565051691,0.0034444917374626873
2026-03-30,0.00033933265586944255,0.03063873011874843,0.00985540909863663,-0.040917519446230156,0.024587081598054155,0.05267703001117089,0.0034444917374626873
2026-03-31,0.00033933265586944255,0.03063873011874843,0.00985540909863663,-0.037981211697907254,0.024029509358938887,0.05267703001117089,0.0034444917374626873
2026-04-01,0.00033933265586944255,0.03063873011874843,0.004159620854741637,-0.013224220383938548,0.041047893463210014,0.018952657070820503,0.0034444917374626873
2026-04-02,0.00033933265586944255,0.03063873011874843,0.004159620854741637,-0.013224220383938548,0.041047893463210014,0.018952657070820503,0.0034444917374626873
2026-04-03,0.00033933265586944255,0.03063873011874843,0.0033520066505946734,-0.013224220383938548,0.041047893463210014,0.019240012968696037,0.0034444917374626873
2026-04-07,0.00033933265586944255,0.03063873011874843,0.0033520066505946734,-0.012426173801894003,0.041047893463210014,0.019240012968696037,0.0034444917374626873
2026-04-08,0.0038649936133442154,0.04358292613132103,0.008158375909677886,-0.010599335595385862,0.05435610397723641,0.018952657070820503,0.0034444917374626873
2026-04-09,0.0038649936133442154,0.04358292613132103,0.008158375909677886,-0.00987741472446187,0.05435610397723641,0.019240012968696037,0.0034444917374626873
2026-04-10,0.0038649936133442154,0.04358292613132103,0.008965990113824849,-0.01281372247278479,0.051365159565383796,0.019240012968696037,0.0034444917374626873
2026-04-13,0.0021164045552505314,0.03888162212829538,0.008965990113824849,-0.012820986945226452,0.03960765762834685,0.019240012968696037,0.0034444917374626873
2026-04-14,0.0021164045552505314,0.03816266175080224,0.008158375909677886,-0.012820986945226452,0.037896860514315255,0.018654950246023778,0.0034444917374626873
2026-04-15,0.0021164045552505314,0.04286396575382789,0.008965990113824849,-0.012820986945226452,0.040337798762160725,0.01811143893711978,0.0034444917374626873
2026-04-16,0.0021164045552505314,0.03816266175080224,0.008965990113824849,-0.012608611808015632,0.040337798762160725,0.01811143893711978,0.0034444917374626873
2026-04-17,0.0021164045552505314,0.03816266175080224,0.004466479471591889,-0.012608611808015632,0.03969338529092596,0.017639515380381915,0.0034444917374626873
2026-04-20,0.0021164045552505314,0.03816266175080224,-0.002951553741044725,-0.012608611808015632,0.006182145910325711,0.017639515380381915,0.0034444917374626873
2026-04-21,0.0021164045552505314,0.03816266175080224,0.0036588652674449276,-0.012608611808015632,0.03725244704308049,0.017639515380381915,0.0034444917374626873
2026-04-22,0.0012568110170204383,0.039237286422731554,-0.005582729018061494,-0.012608611808015632,-0.014202595356497922,0.017639515380381915,0.0034444917374626873
2026-04-23,0.0012568110170204383,0.03921508685449264,-0.015346140251221016,-0.012848767770745693,0.00978615623077307,0.017450762175949586,0.0034444917374626873
2026-04-24,-0.006317450639429751,0.014272738786270934,-0.0227996015214191,-0.010579167607365695,-0.0018172569260369881,0.01456055990931904,0.0034444917374626873
2026-04-27,-0.004409692430033434,0.01649630932578538,-0.02770317307617039,-0.011781662494478031,-0.0028591003640513015,0.01456055990931904,0.0034444917374626873
2026-04-28,-0.004409692430033434,0.01649630932578538,-0.02770317307617039,-0.011781662494478031,-0.006899217954315141,0.014660481826252797,0.0034444917374626873
2026-04-29,-0.004409692430033434,0.01649630932578538,-0.025484334555873688,-0.009928351048982523,-0.006899217954315141,0.014660481826252797,0.0034444917374626873
2026-04-30,-0.004409692430033434,0.01649630932578538,-0.02810158949792352,-0.009928351048982523,-0.006899217954315141,0.014660481826252797,0.0034444917374626873
2026-05-06,0.002778462685118507,0.016592281890609177,-0.02810158949792352,-0.007324401470989351,-0.0054425543027905735,0.03969816480938686,0.0034444917374626873
2026-05-07,0.002778462685118507,0.016592281890609177,-0.02810158949792352,-0.007324401470989351,-0.006899217954315141,0.03969816480938686,0.0034444917374626873
2026-05-08,0.002778462685118507,0.016592281890609177,-0.02810158949792352,-0.007324401470989351,-0.006899217954315141,0.03969816480938686,0.0034444917374626873
2026-05-11,0.002778462685118507,0.016592281890609177,-0.02770317307617039,-0.007324401470989351,-0.0028591003640513015,0.03969816480938686,0.0034444917374626873
2026-05-12,0.002778462685118507,0.016592281890609177,-0.02748553138335767,-0.008944821426196453,-0.006899217954315141,0.03969816480938686,0.0034444917374626873
2026-05-13,0.002778462685118507,0.016592281890609177,-0.02748553138335767,-0.009886126735212183,-0.003500275177391546,0.03969816480938686,0.0034444917374626873
2026-05-14,0.002778462685118507,0.016592281890609177,-0.0278839478051108,-0.009193026489783646,-0.0004315020822540842,0.03969816480938686,0.0034444917374626873
2026-05-15,0.002778462685118507,0.01632815955460466,-0.0278839478051108,-0.009193026489783646,-0.0024584317393772314,0.03969816480938686,0.0034444917374626873
2026-05-18,0.002778462685118507,0.01632815955460466,-0.0278839478051108,-0.009193026489783646,-0.0024584317393772314,0.03969816480938686,0.0034444917374626873
2026-05-19,0.002778462685118507,0.01632815955460466,-0.027500060839655328,-0.009886126735212183,-0.0024584317393772314,0.04358657279659659,0.0034444917374626873
2026-05-20,0.002778462685118507,0.01632815955460466,-0.02810158949792352,-0.009886126735212183,-0.0024584317393772314,0.04358657279659659,0.0034444917374626873
2026-05-21,0.002778462685118507,0.0172123925769248,-0.027500060839655328,-0.00985174313957316,-0.0024584317393772314,0.04358657279659659,0.0034444917374626873
2026-05-22,0.0028340155545574924,0.01689740787586038,-0.027500060839655328,-0.010412590062784614,-0.0024584317393772314,0.04478663148192077,0.0034444917374626873
2026-05-25,0.0028340155545574924,0.01689740787586038,-0.027500060839655328,-0.010412590062784614,-0.0024584317393772314,0.050696057795923094,0.0034444917374626873
2026-05-26,0.0028340155545574924,0.01689740787586038,-0.027500060839655328,-0.01039958216057119,-0.0024584317393772314,0.050696057795923094,0.0034444917374626873
2026-05-27,0.0004151291279729917,0.01689740787586038,-0.027500060839655328,-0.010412590062784614,-0.0024584317393772314,0.050696057795923094,0.0034444917374626873
2026-05-28,0.0004706819974119774,0.0172123925769248,-0.027282419146842606,-0.01039958216057119,-0.0024584317393772314,0.050696057795923094,0.0034444917374626873
2026-05-29,-6.613472159860014e-05,0.0172123925769248,-0.027500060839655328,-0.010164384999197421,-0.0024584317393772314,0.049495999110598904,0.0034444917374626873
2026-06-01,-0.007195664130525059,0.010413132431608093,-0.030360626303648126,-0.010750056444031141,-0.01632366539837551,0.049495999110598904,0.0034444917374626873
2026-06-02,-0.007140111261086073,0.010413132431608093,-0.030360626303648126,-0.010750056444031141,-0.01632366539837551,0.050696057795923094,0.0034444917374626873
2026-06-03,-0.007140111261086073,0.010413132431608093,-0.030360626303648126,-0.013085528583782034,-0.01632366539837551,0.050696057795923094,0.0034444917374626873
2026-06-04,-0.00036109173105801514,0.019263055809624487,-0.02270107948757127,-0.010737048541817716,-0.016379783820309378,0.050696057795923094,0.0034444917374626873
2026-06-05,-0.0010475257284051226,0.019263055809624487,-0.02270107948757127,-0.010737048541817716,-0.016379783820309378,0.050696057795923094,0.0034444917374626873
2026-06-08,0.0006805268865973951,0.015173608078026195,-0.00927529428453232,-0.01004394829638918,-0.005737108419099487,0.050696057795923094,0.0034444917374626873
2026-06-09,0.0013874973270356682,0.015054053271901709,-0.00927529428453232,-0.010737048541817716,-0.005737108419099487,0.050696057795923094,0.0034444917374626873
2026-06-10,-0.00036109173105801514,0.019285255377863394,-0.01293766825441173,-0.010737048541817716,-0.01623137557497981,0.050696057795923094,0.0034444917374626873
2026-06-11,,,,,,,
2026-06-12,,,,,,,
2026-06-15,,,,,,,
2026-06-16,,,,,,,
2026-06-17,,,,,,,
2026-06-18,,,,,,,
2026-06-22,,,,,,,
2026-06-23,,,,,,,
2026-06-24,,,,,,,
2026-06-25,,,,,,,
2026-06-26,,,,,,,
2026-06-29,,,,,,,
2026-06-30,,,,,,,
2026-07-01,,,,,,,
2026-07-02,,,,,,,
2026-07-03,,,,,,,
2026-07-06,,,,,,,
2026-07-07,,,,,,,
2026-07-08,,,,,,,
2026-07-09,,,,,,,
2026-07-10,,,,,,,
