date,m2数量(亿元),m2同比增长,m2环比增长,m1数量(亿元),m1同比增长,m1环比增长,m0数量(亿元),m0同比增长,m0环比增长,ppi_yoy,ppi_acc_yoy,cpi_current,cpi_yoy,cpi_mom,cpi_acc,pmi_主要原材料购进价格指数,pmi_产成品库存指数,pmi_从业人员指数,pmi_供应商配送时间指数,pmi_出厂价格指数,pmi_制造业采购经理指数,pmi_原材料库存指数,pmi_在手订单指数,pmi_新出口订单指数,pmi_新订单指数,pmi_生产指数,pmi_生产经营活动预期指数,pmi_进口指数,pmi_采购量指数,社融增量(亿元),社融增量_12月滚动和,社融存量增速(近似)
2015-01-05,1242710.22,0.108,0.0117,348109.5,0.106,0.0002,63040.51,-0.176,0.0462,-4.3202,95.6798,100.8,0.008,0.003,100.76,41.9,48.0,47.9,50.2,,49.8,47.3,44.0,48.4,50.2,51.7,47.4,46.4,49.6,20516.0,,
2015-01-06,1242710.22,0.108,0.0117,348109.5,0.106,0.0002,63040.51,-0.176,0.0462,-4.3202,95.6798,100.8,0.008,0.003,100.76,41.9,48.0,47.9,50.2,,49.8,47.3,44.0,48.4,50.2,51.7,47.4,46.4,49.6,20516.0,,
2015-01-07,1242710.22,0.108,0.0117,348109.5,0.106,0.0002,63040.51,-0.176,0.0462,-4.3202,95.6798,100.8,0.008,0.003,100.76,41.9,48.0,47.9,50.2,,49.8,47.3,44.0,48.4,50.2,51.7,47.4,46.4,49.6,20516.0,,
2015-01-08,1242710.22,0.108,0.0117,348109.5,0.106,0.0002,63040.51,-0.176,0.0462,-4.3202,95.6798,100.8,0.008,0.003,100.76,41.9,48.0,47.9,50.2,,49.8,47.3,44.0,48.4,50.2,51.7,47.4,46.4,49.6,20516.0,,
2015-01-09,1242710.22,0.108,0.0117,348109.5,0.106,0.0002,63040.51,-0.176,0.0462,-4.3202,95.6798,100.8,0.008,0.003,100.76,41.9,48.0,47.9,50.2,,49.8,47.3,44.0,48.4,50.2,51.7,47.4,46.4,49.6,20516.0,,
2015-01-12,1242710.22,0.108,0.0117,348109.5,0.106,0.0002,63040.51,-0.176,0.0462,-4.3202,95.6798,100.8,0.008,0.003,100.76,41.9,48.0,47.9,50.2,,49.8,47.3,44.0,48.4,50.2,51.7,47.4,46.4,49.6,20516.0,,
2015-01-13,1242710.22,0.108,0.0117,348109.5,0.106,0.0002,63040.51,-0.176,0.0462,-4.3202,95.6798,100.8,0.008,0.003,100.76,41.9,48.0,47.9,50.2,,49.8,47.3,44.0,48.4,50.2,51.7,47.4,46.4,49.6,20516.0,,
2015-01-14,1242710.22,0.108,0.0117,348109.5,0.106,0.0002,63040.51,-0.176,0.0462,-4.3202,95.6798,100.8,0.008,0.003,100.76,41.9,48.0,47.9,50.2,,49.8,47.3,44.0,48.4,50.2,51.7,47.4,46.4,49.6,20516.0,,
2015-01-15,1242710.22,0.108,0.0117,348109.5,0.106,0.0002,63040.51,-0.176,0.0462,-4.3202,95.6798,100.8,0.008,0.003,100.76,41.9,48.0,47.9,50.2,,49.8,47.3,44.0,48.4,50.2,51.7,47.4,46.4,49.6,20516.0,,
2015-01-16,1242710.22,0.108,0.0117,348109.5,0.106,0.0002,63040.51,-0.176,0.0462,-4.3202,95.6798,100.8,0.008,0.003,100.76,41.9,48.0,47.9,50.2,,49.8,47.3,44.0,48.4,50.2,51.7,47.4,46.4,49.6,20516.0,,
2015-01-19,1242710.22,0.108,0.0117,348109.5,0.106,0.0002,63040.51,-0.176,0.0462,-4.3202,95.6798,100.8,0.008,0.003,100.76,41.9,48.0,47.9,50.2,,49.8,47.3,44.0,48.4,50.2,51.7,47.4,46.4,49.6,20516.0,,
2015-01-20,1242710.22,0.108,0.0117,348109.5,0.106,0.0002,63040.51,-0.176,0.0462,-4.3202,95.6798,100.8,0.008,0.003,100.76,41.9,48.0,47.9,50.2,,49.8,47.3,44.0,48.4,50.2,51.7,47.4,46.4,49.6,20516.0,,
2015-01-21,1242710.22,0.108,0.0117,348109.5,0.106,0.0002,63040.51,-0.176,0.0462,-4.3202,95.6798,100.8,0.008,0.003,100.76,41.9,48.0,47.9,50.2,,49.8,47.3,44.0,48.4,50.2,51.7,47.4,46.4,49.6,20516.0,,
2015-01-22,1242710.22,0.108,0.0117,348109.5,0.106,0.0002,63040.51,-0.176,0.0462,-4.3202,95.6798,100.8,0.008,0.003,100.76,41.9,48.0,47.9,50.2,,49.8,47.3,44.0,48.4,50.2,51.7,47.4,46.4,49.6,20516.0,,
2015-01-23,1242710.22,0.108,0.0117,348109.5,0.106,0.0002,63040.51,-0.176,0.0462,-4.3202,95.6798,100.8,0.008,0.003,100.76,41.9,48.0,47.9,50.2,,49.8,47.3,44.0,48.4,50.2,51.7,47.4,46.4,49.6,20516.0,,
2015-01-26,1242710.22,0.108,0.0117,348109.5,0.106,0.0002,63040.51,-0.176,0.0462,-4.3202,95.6798,100.8,0.008,0.003,100.76,41.9,48.0,47.9,50.2,,49.8,47.3,44.0,48.4,50.2,51.7,47.4,46.4,49.6,20516.0,,
2015-01-27,1242710.22,0.108,0.0117,348109.5,0.106,0.0002,63040.51,-0.176,0.0462,-4.3202,95.6798,100.8,0.008,0.003,100.76,41.9,48.0,47.9,50.2,,49.8,47.3,44.0,48.4,50.2,51.7,47.4,46.4,49.6,20516.0,,
2015-01-28,1242710.22,0.108,0.0117,348109.5,0.106,0.0002,63040.51,-0.176,0.0462,-4.3202,95.6798,100.8,0.008,0.003,100.76,41.9,48.0,47.9,50.2,,49.8,47.3,44.0,48.4,50.2,51.7,47.4,46.4,49.6,20516.0,,
2015-01-29,1242710.22,0.108,0.0117,348109.5,0.106,0.0002,63040.51,-0.176,0.0462,-4.3202,95.6798,100.8,0.008,0.003,100.76,41.9,48.0,47.9,50.2,,49.8,47.3,44.0,48.4,50.2,51.7,47.4,46.4,49.6,20516.0,,
2015-01-30,1242710.22,0.108,0.0117,348109.5,0.106,0.0002,63040.51,-0.176,0.0462,-4.3202,95.6798,100.8,0.008,0.003,100.76,41.9,48.0,47.9,50.2,,49.8,47.3,44.0,48.4,50.2,51.7,47.4,46.4,49.6,20516.0,,
2015-02-02,1257380.48,0.125,0.0118,334439.22,0.056,-0.0393,72896.19,0.17,0.1563,-4.7976,95.4414,101.4,0.014,0.012,101.1,43.9,47.0,47.8,49.9,,49.9,48.2,43.8,48.5,50.4,51.4,54.0,47.5,49.4,13609.0,,
2015-02-03,1257380.48,0.125,0.0118,334439.22,0.056,-0.0393,72896.19,0.17,0.1563,-4.7976,95.4414,101.4,0.014,0.012,101.1,43.9,47.0,47.8,49.9,,49.9,48.2,43.8,48.5,50.4,51.4,54.0,47.5,49.4,13609.0,,
2015-02-04,1257380.48,0.125,0.0118,334439.22,0.056,-0.0393,72896.19,0.17,0.1563,-4.7976,95.4414,101.4,0.014,0.012,101.1,43.9,47.0,47.8,49.9,,49.9,48.2,43.8,48.5,50.4,51.4,54.0,47.5,49.4,13609.0,,
2015-02-05,1257380.48,0.125,0.0118,334439.22,0.056,-0.0393,72896.19,0.17,0.1563,-4.7976,95.4414,101.4,0.014,0.012,101.1,43.9,47.0,47.8,49.9,,49.9,48.2,43.8,48.5,50.4,51.4,54.0,47.5,49.4,13609.0,,
2015-02-06,1257380.48,0.125,0.0118,334439.22,0.056,-0.0393,72896.19,0.17,0.1563,-4.7976,95.4414,101.4,0.014,0.012,101.1,43.9,47.0,47.8,49.9,,49.9,48.2,43.8,48.5,50.4,51.4,54.0,47.5,49.4,13609.0,,
2015-02-09,1257380.48,0.125,0.0118,334439.22,0.056,-0.0393,72896.19,0.17,0.1563,-4.7976,95.4414,101.4,0.014,0.012,101.1,43.9,47.0,47.8,49.9,,49.9,48.2,43.8,48.5,50.4,51.4,54.0,47.5,49.4,13609.0,,
2015-02-10,1257380.48,0.125,0.0118,334439.22,0.056,-0.0393,72896.19,0.17,0.1563,-4.7976,95.4414,101.4,0.014,0.012,101.1,43.9,47.0,47.8,49.9,,49.9,48.2,43.8,48.5,50.4,51.4,54.0,47.5,49.4,13609.0,,
2015-02-11,1257380.48,0.125,0.0118,334439.22,0.056,-0.0393,72896.19,0.17,0.1563,-4.7976,95.4414,101.4,0.014,0.012,101.1,43.9,47.0,47.8,49.9,,49.9,48.2,43.8,48.5,50.4,51.4,54.0,47.5,49.4,13609.0,,
2015-02-12,1257380.48,0.125,0.0118,334439.22,0.056,-0.0393,72896.19,0.17,0.1563,-4.7976,95.4414,101.4,0.014,0.012,101.1,43.9,47.0,47.8,49.9,,49.9,48.2,43.8,48.5,50.4,51.4,54.0,47.5,49.4,13609.0,,
2015-02-13,1257380.48,0.125,0.0118,334439.22,0.056,-0.0393,72896.19,0.17,0.1563,-4.7976,95.4414,101.4,0.014,0.012,101.1,43.9,47.0,47.8,49.9,,49.9,48.2,43.8,48.5,50.4,51.4,54.0,47.5,49.4,13609.0,,
2015-02-16,1257380.48,0.125,0.0118,334439.22,0.056,-0.0393,72896.19,0.17,0.1563,-4.7976,95.4414,101.4,0.014,0.012,101.1,43.9,47.0,47.8,49.9,,49.9,48.2,43.8,48.5,50.4,51.4,54.0,47.5,49.4,13609.0,,
2015-02-17,1257380.48,0.125,0.0118,334439.22,0.056,-0.0393,72896.19,0.17,0.1563,-4.7976,95.4414,101.4,0.014,0.012,101.1,43.9,47.0,47.8,49.9,,49.9,48.2,43.8,48.5,50.4,51.4,54.0,47.5,49.4,13609.0,,
2015-02-25,1257380.48,0.125,0.0118,334439.22,0.056,-0.0393,72896.19,0.17,0.1563,-4.7976,95.4414,101.4,0.014,0.012,101.1,43.9,47.0,47.8,49.9,,49.9,48.2,43.8,48.5,50.4,51.4,54.0,47.5,49.4,13609.0,,
2015-02-26,1257380.48,0.125,0.0118,334439.22,0.056,-0.0393,72896.19,0.17,0.1563,-4.7976,95.4414,101.4,0.014,0.012,101.1,43.9,47.0,47.8,49.9,,49.9,48.2,43.8,48.5,50.4,51.4,54.0,47.5,49.4,13609.0,,
2015-02-27,1257380.48,0.125,0.0118,334439.22,0.056,-0.0393,72896.19,0.17,0.1563,-4.7976,95.4414,101.4,0.014,0.012,101.1,43.9,47.0,47.8,49.9,,49.9,48.2,43.8,48.5,50.4,51.4,54.0,47.5,49.4,13609.0,,
2015-03-02,1275332.78,0.116,0.0143,337210.52,0.029,0.0083,61949.81,0.062,-0.1502,-4.5603,95.4408,101.4,0.014,-0.005,101.19,45.0,48.6,48.4,50.1,,50.1,48.0,44.1,48.3,50.2,52.1,61.3,48.1,49.7,12433.0,,
2015-03-03,1275332.78,0.116,0.0143,337210.52,0.029,0.0083,61949.81,0.062,-0.1502,-4.5603,95.4408,101.4,0.014,-0.005,101.19,45.0,48.6,48.4,50.1,,50.1,48.0,44.1,48.3,50.2,52.1,61.3,48.1,49.7,12433.0,,
2015-03-04,1275332.78,0.116,0.0143,337210.52,0.029,0.0083,61949.81,0.062,-0.1502,-4.5603,95.4408,101.4,0.014,-0.005,101.19,45.0,48.6,48.4,50.1,,50.1,48.0,44.1,48.3,50.2,52.1,61.3,48.1,49.7,12433.0,,
2015-03-05,1275332.78,0.116,0.0143,337210.52,0.029,0.0083,61949.81,0.062,-0.1502,-4.5603,95.4408,101.4,0.014,-0.005,101.19,45.0,48.6,48.4,50.1,,50.1,48.0,44.1,48.3,50.2,52.1,61.3,48.1,49.7,12433.0,,
2015-03-06,1275332.78,0.116,0.0143,337210.52,0.029,0.0083,61949.81,0.062,-0.1502,-4.5603,95.4408,101.4,0.014,-0.005,101.19,45.0,48.6,48.4,50.1,,50.1,48.0,44.1,48.3,50.2,52.1,61.3,48.1,49.7,12433.0,,
2015-03-09,1275332.78,0.116,0.0143,337210.52,0.029,0.0083,61949.81,0.062,-0.1502,-4.5603,95.4408,101.4,0.014,-0.005,101.19,45.0,48.6,48.4,50.1,,50.1,48.0,44.1,48.3,50.2,52.1,61.3,48.1,49.7,12433.0,,
2015-03-10,1275332.78,0.116,0.0143,337210.52,0.029,0.0083,61949.81,0.062,-0.1502,-4.5603,95.4408,101.4,0.014,-0.005,101.19,45.0,48.6,48.4,50.1,,50.1,48.0,44.1,48.3,50.2,52.1,61.3,48.1,49.7,12433.0,,
2015-03-11,1275332.78,0.116,0.0143,337210.52,0.029,0.0083,61949.81,0.062,-0.1502,-4.5603,95.4408,101.4,0.014,-0.005,101.19,45.0,48.6,48.4,50.1,,50.1,48.0,44.1,48.3,50.2,52.1,61.3,48.1,49.7,12433.0,,
2015-03-12,1275332.78,0.116,0.0143,337210.52,0.029,0.0083,61949.81,0.062,-0.1502,-4.5603,95.4408,101.4,0.014,-0.005,101.19,45.0,48.6,48.4,50.1,,50.1,48.0,44.1,48.3,50.2,52.1,61.3,48.1,49.7,12433.0,,
2015-03-13,1275332.78,0.116,0.0143,337210.52,0.029,0.0083,61949.81,0.062,-0.1502,-4.5603,95.4408,101.4,0.014,-0.005,101.19,45.0,48.6,48.4,50.1,,50.1,48.0,44.1,48.3,50.2,52.1,61.3,48.1,49.7,12433.0,,
2015-03-16,1275332.78,0.116,0.0143,337210.52,0.029,0.0083,61949.81,0.062,-0.1502,-4.5603,95.4408,101.4,0.014,-0.005,101.19,45.0,48.6,48.4,50.1,,50.1,48.0,44.1,48.3,50.2,52.1,61.3,48.1,49.7,12433.0,,
2015-03-17,1275332.78,0.116,0.0143,337210.52,0.029,0.0083,61949.81,0.062,-0.1502,-4.5603,95.4408,101.4,0.014,-0.005,101.19,45.0,48.6,48.4,50.1,,50.1,48.0,44.1,48.3,50.2,52.1,61.3,48.1,49.7,12433.0,,
2015-03-18,1275332.78,0.116,0.0143,337210.52,0.029,0.0083,61949.81,0.062,-0.1502,-4.5603,95.4408,101.4,0.014,-0.005,101.19,45.0,48.6,48.4,50.1,,50.1,48.0,44.1,48.3,50.2,52.1,61.3,48.1,49.7,12433.0,,
2015-03-19,1275332.78,0.116,0.0143,337210.52,0.029,0.0083,61949.81,0.062,-0.1502,-4.5603,95.4408,101.4,0.014,-0.005,101.19,45.0,48.6,48.4,50.1,,50.1,48.0,44.1,48.3,50.2,52.1,61.3,48.1,49.7,12433.0,,
2015-03-20,1275332.78,0.116,0.0143,337210.52,0.029,0.0083,61949.81,0.062,-0.1502,-4.5603,95.4408,101.4,0.014,-0.005,101.19,45.0,48.6,48.4,50.1,,50.1,48.0,44.1,48.3,50.2,52.1,61.3,48.1,49.7,12433.0,,
2015-03-23,1275332.78,0.116,0.0143,337210.52,0.029,0.0083,61949.81,0.062,-0.1502,-4.5603,95.4408,101.4,0.014,-0.005,101.19,45.0,48.6,48.4,50.1,,50.1,48.0,44.1,48.3,50.2,52.1,61.3,48.1,49.7,12433.0,,
2015-03-24,1275332.78,0.116,0.0143,337210.52,0.029,0.0083,61949.81,0.062,-0.1502,-4.5603,95.4408,101.4,0.014,-0.005,101.19,45.0,48.6,48.4,50.1,,50.1,48.0,44.1,48.3,50.2,52.1,61.3,48.1,49.7,12433.0,,
2015-03-25,1275332.78,0.116,0.0143,337210.52,0.029,0.0083,61949.81,0.062,-0.1502,-4.5603,95.4408,101.4,0.014,-0.005,101.19,45.0,48.6,48.4,50.1,,50.1,48.0,44.1,48.3,50.2,52.1,61.3,48.1,49.7,12433.0,,
2015-03-26,1275332.78,0.116,0.0143,337210.52,0.029,0.0083,61949.81,0.062,-0.1502,-4.5603,95.4408,101.4,0.014,-0.005,101.19,45.0,48.6,48.4,50.1,,50.1,48.0,44.1,48.3,50.2,52.1,61.3,48.1,49.7,12433.0,,
2015-03-27,1275332.78,0.116,0.0143,337210.52,0.029,0.0083,61949.81,0.062,-0.1502,-4.5603,95.4408,101.4,0.014,-0.005,101.19,45.0,48.6,48.4,50.1,,50.1,48.0,44.1,48.3,50.2,52.1,61.3,48.1,49.7,12433.0,,
2015-03-30,1275332.78,0.116,0.0143,337210.52,0.029,0.0083,61949.81,0.062,-0.1502,-4.5603,95.4408,101.4,0.014,-0.005,101.19,45.0,48.6,48.4,50.1,,50.1,48.0,44.1,48.3,50.2,52.1,61.3,48.1,49.7,12433.0,,
2015-03-31,1275332.78,0.116,0.0143,337210.52,0.029,0.0083,61949.81,0.062,-0.1502,-4.5603,95.4408,101.4,0.014,-0.005,101.19,45.0,48.6,48.4,50.1,,50.1,48.0,44.1,48.3,50.2,52.1,61.3,48.1,49.7,12433.0,,
2015-04-01,1280779.14,0.101,0.0043,336388.24,0.037,-0.0024,60772.46,0.037,-0.019,-4.5725,95.4375,101.5,0.015,-0.002,101.27,47.8,48.0,48.0,50.4,,50.1,48.2,43.8,48.1,50.2,52.6,59.5,47.8,50.1,10582.0,,
2015-04-02,1280779.14,0.101,0.0043,336388.24,0.037,-0.0024,60772.46,0.037,-0.019,-4.5725,95.4375,101.5,0.015,-0.002,101.27,47.8,48.0,48.0,50.4,,50.1,48.2,43.8,48.1,50.2,52.6,59.5,47.8,50.1,10582.0,,
2015-04-03,1280779.14,0.101,0.0043,336388.24,0.037,-0.0024,60772.46,0.037,-0.019,-4.5725,95.4375,101.5,0.015,-0.002,101.27,47.8,48.0,48.0,50.4,,50.1,48.2,43.8,48.1,50.2,52.6,59.5,47.8,50.1,10582.0,,
2015-04-07,1280779.14,0.101,0.0043,336388.24,0.037,-0.0024,60772.46,0.037,-0.019,-4.5725,95.4375,101.5,0.015,-0.002,101.27,47.8,48.0,48.0,50.4,,50.1,48.2,43.8,48.1,50.2,52.6,59.5,47.8,50.1,10582.0,,
2015-04-08,1280779.14,0.101,0.0043,336388.24,0.037,-0.0024,60772.46,0.037,-0.019,-4.5725,95.4375,101.5,0.015,-0.002,101.27,47.8,48.0,48.0,50.4,,50.1,48.2,43.8,48.1,50.2,52.6,59.5,47.8,50.1,10582.0,,
2015-04-09,1280779.14,0.101,0.0043,336388.24,0.037,-0.0024,60772.46,0.037,-0.019,-4.5725,95.4375,101.5,0.015,-0.002,101.27,47.8,48.0,48.0,50.4,,50.1,48.2,43.8,48.1,50.2,52.6,59.5,47.8,50.1,10582.0,,
2015-04-10,1280779.14,0.101,0.0043,336388.24,0.037,-0.0024,60772.46,0.037,-0.019,-4.5725,95.4375,101.5,0.015,-0.002,101.27,47.8,48.0,48.0,50.4,,50.1,48.2,43.8,48.1,50.2,52.6,59.5,47.8,50.1,10582.0,,
2015-04-13,1280779.14,0.101,0.0043,336388.24,0.037,-0.0024,60772.46,0.037,-0.019,-4.5725,95.4375,101.5,0.015,-0.002,101.27,47.8,48.0,48.0,50.4,,50.1,48.2,43.8,48.1,50.2,52.6,59.5,47.8,50.1,10582.0,,
2015-04-14,1280779.14,0.101,0.0043,336388.24,0.037,-0.0024,60772.46,0.037,-0.019,-4.5725,95.4375,101.5,0.015,-0.002,101.27,47.8,48.0,48.0,50.4,,50.1,48.2,43.8,48.1,50.2,52.6,59.5,47.8,50.1,10582.0,,
2015-04-15,1280779.14,0.101,0.0043,336388.24,0.037,-0.0024,60772.46,0.037,-0.019,-4.5725,95.4375,101.5,0.015,-0.002,101.27,47.8,48.0,48.0,50.4,,50.1,48.2,43.8,48.1,50.2,52.6,59.5,47.8,50.1,10582.0,,
2015-04-16,1280779.14,0.101,0.0043,336388.24,0.037,-0.0024,60772.46,0.037,-0.019,-4.5725,95.4375,101.5,0.015,-0.002,101.27,47.8,48.0,48.0,50.4,,50.1,48.2,43.8,48.1,50.2,52.6,59.5,47.8,50.1,10582.0,,
2015-04-17,1280779.14,0.101,0.0043,336388.24,0.037,-0.0024,60772.46,0.037,-0.019,-4.5725,95.4375,101.5,0.015,-0.002,101.27,47.8,48.0,48.0,50.4,,50.1,48.2,43.8,48.1,50.2,52.6,59.5,47.8,50.1,10582.0,,
2015-04-20,1280779.14,0.101,0.0043,336388.24,0.037,-0.0024,60772.46,0.037,-0.019,-4.5725,95.4375,101.5,0.015,-0.002,101.27,47.8,48.0,48.0,50.4,,50.1,48.2,43.8,48.1,50.2,52.6,59.5,47.8,50.1,10582.0,,
2015-04-21,1280779.14,0.101,0.0043,336388.24,0.037,-0.0024,60772.46,0.037,-0.019,-4.5725,95.4375,101.5,0.015,-0.002,101.27,47.8,48.0,48.0,50.4,,50.1,48.2,43.8,48.1,50.2,52.6,59.5,47.8,50.1,10582.0,,
2015-04-22,1280779.14,0.101,0.0043,336388.24,0.037,-0.0024,60772.46,0.037,-0.019,-4.5725,95.4375,101.5,0.015,-0.002,101.27,47.8,48.0,48.0,50.4,,50.1,48.2,43.8,48.1,50.2,52.6,59.5,47.8,50.1,10582.0,,
2015-04-23,1280779.14,0.101,0.0043,336388.24,0.037,-0.0024,60772.46,0.037,-0.019,-4.5725,95.4375,101.5,0.015,-0.002,101.27,47.8,48.0,48.0,50.4,,50.1,48.2,43.8,48.1,50.2,52.6,59.5,47.8,50.1,10582.0,,
2015-04-24,1280779.14,0.101,0.0043,336388.24,0.037,-0.0024,60772.46,0.037,-0.019,-4.5725,95.4375,101.5,0.015,-0.002,101.27,47.8,48.0,48.0,50.4,,50.1,48.2,43.8,48.1,50.2,52.6,59.5,47.8,50.1,10582.0,,
2015-04-27,1280779.14,0.101,0.0043,336388.24,0.037,-0.0024,60772.46,0.037,-0.019,-4.5725,95.4375,101.5,0.015,-0.002,101.27,47.8,48.0,48.0,50.4,,50.1,48.2,43.8,48.1,50.2,52.6,59.5,47.8,50.1,10582.0,,
2015-04-28,1280779.14,0.101,0.0043,336388.24,0.037,-0.0024,60772.46,0.037,-0.019,-4.5725,95.4375,101.5,0.015,-0.002,101.27,47.8,48.0,48.0,50.4,,50.1,48.2,43.8,48.1,50.2,52.6,59.5,47.8,50.1,10582.0,,
2015-04-29,1280779.14,0.101,0.0043,336388.24,0.037,-0.0024,60772.46,0.037,-0.019,-4.5725,95.4375,101.5,0.015,-0.002,101.27,47.8,48.0,48.0,50.4,,50.1,48.2,43.8,48.1,50.2,52.6,59.5,47.8,50.1,10582.0,,
2015-04-30,1280779.14,0.101,0.0043,336388.24,0.037,-0.0024,60772.46,0.037,-0.019,-4.5725,95.4375,101.5,0.015,-0.002,101.27,47.8,48.0,48.0,50.4,,50.1,48.2,43.8,48.1,50.2,52.6,59.5,47.8,50.1,10582.0,,
2015-05-04,1307357.63,0.108,0.0208,343085.86,0.047,0.0199,59075.97,0.018,-0.0279,-4.607,95.4286,101.2,0.012,-0.002,101.26,49.4,47.5,48.2,50.9,,50.2,48.2,44.7,48.9,50.6,52.9,56.8,47.6,51.0,12397.0,,
2015-05-05,1307357.63,0.108,0.0208,343085.86,0.047,0.0199,59075.97,0.018,-0.0279,-4.607,95.4286,101.2,0.012,-0.002,101.26,49.4,47.5,48.2,50.9,,50.2,48.2,44.7,48.9,50.6,52.9,56.8,47.6,51.0,12397.0,,
2015-05-06,1307357.63,0.108,0.0208,343085.86,0.047,0.0199,59075.97,0.018,-0.0279,-4.607,95.4286,101.2,0.012,-0.002,101.26,49.4,47.5,48.2,50.9,,50.2,48.2,44.7,48.9,50.6,52.9,56.8,47.6,51.0,12397.0,,
2015-05-07,1307357.63,0.108,0.0208,343085.86,0.047,0.0199,59075.97,0.018,-0.0279,-4.607,95.4286,101.2,0.012,-0.002,101.26,49.4,47.5,48.2,50.9,,50.2,48.2,44.7,48.9,50.6,52.9,56.8,47.6,51.0,12397.0,,
2015-05-08,1307357.63,0.108,0.0208,343085.86,0.047,0.0199,59075.97,0.018,-0.0279,-4.607,95.4286,101.2,0.012,-0.002,101.26,49.4,47.5,48.2,50.9,,50.2,48.2,44.7,48.9,50.6,52.9,56.8,47.6,51.0,12397.0,,
2015-05-11,1307357.63,0.108,0.0208,343085.86,0.047,0.0199,59075.97,0.018,-0.0279,-4.607,95.4286,101.2,0.012,-0.002,101.26,49.4,47.5,48.2,50.9,,50.2,48.2,44.7,48.9,50.6,52.9,56.8,47.6,51.0,12397.0,,
2015-05-12,1307357.63,0.108,0.0208,343085.86,0.047,0.0199,59075.97,0.018,-0.0279,-4.607,95.4286,101.2,0.012,-0.002,101.26,49.4,47.5,48.2,50.9,,50.2,48.2,44.7,48.9,50.6,52.9,56.8,47.6,51.0,12397.0,,
2015-05-13,1307357.63,0.108,0.0208,343085.86,0.047,0.0199,59075.97,0.018,-0.0279,-4.607,95.4286,101.2,0.012,-0.002,101.26,49.4,47.5,48.2,50.9,,50.2,48.2,44.7,48.9,50.6,52.9,56.8,47.6,51.0,12397.0,,
2015-05-14,1307357.63,0.108,0.0208,343085.86,0.047,0.0199,59075.97,0.018,-0.0279,-4.607,95.4286,101.2,0.012,-0.002,101.26,49.4,47.5,48.2,50.9,,50.2,48.2,44.7,48.9,50.6,52.9,56.8,47.6,51.0,12397.0,,
2015-05-15,1307357.63,0.108,0.0208,343085.86,0.047,0.0199,59075.97,0.018,-0.0279,-4.607,95.4286,101.2,0.012,-0.002,101.26,49.4,47.5,48.2,50.9,,50.2,48.2,44.7,48.9,50.6,52.9,56.8,47.6,51.0,12397.0,,
2015-05-18,1307357.63,0.108,0.0208,343085.86,0.047,0.0199,59075.97,0.018,-0.0279,-4.607,95.4286,101.2,0.012,-0.002,101.26,49.4,47.5,48.2,50.9,,50.2,48.2,44.7,48.9,50.6,52.9,56.8,47.6,51.0,12397.0,,
2015-05-19,1307357.63,0.108,0.0208,343085.86,0.047,0.0199,59075.97,0.018,-0.0279,-4.607,95.4286,101.2,0.012,-0.002,101.26,49.4,47.5,48.2,50.9,,50.2,48.2,44.7,48.9,50.6,52.9,56.8,47.6,51.0,12397.0,,
2015-05-20,1307357.63,0.108,0.0208,343085.86,0.047,0.0199,59075.97,0.018,-0.0279,-4.607,95.4286,101.2,0.012,-0.002,101.26,49.4,47.5,48.2,50.9,,50.2,48.2,44.7,48.9,50.6,52.9,56.8,47.6,51.0,12397.0,,
2015-05-21,1307357.63,0.108,0.0208,343085.86,0.047,0.0199,59075.97,0.018,-0.0279,-4.607,95.4286,101.2,0.012,-0.002,101.26,49.4,47.5,48.2,50.9,,50.2,48.2,44.7,48.9,50.6,52.9,56.8,47.6,51.0,12397.0,,
2015-05-22,1307357.63,0.108,0.0208,343085.86,0.047,0.0199,59075.97,0.018,-0.0279,-4.607,95.4286,101.2,0.012,-0.002,101.26,49.4,47.5,48.2,50.9,,50.2,48.2,44.7,48.9,50.6,52.9,56.8,47.6,51.0,12397.0,,
2015-05-25,1307357.63,0.108,0.0208,343085.86,0.047,0.0199,59075.97,0.018,-0.0279,-4.607,95.4286,101.2,0.012,-0.002,101.26,49.4,47.5,48.2,50.9,,50.2,48.2,44.7,48.9,50.6,52.9,56.8,47.6,51.0,12397.0,,
2015-05-26,1307357.63,0.108,0.0208,343085.86,0.047,0.0199,59075.97,0.018,-0.0279,-4.607,95.4286,101.2,0.012,-0.002,101.26,49.4,47.5,48.2,50.9,,50.2,48.2,44.7,48.9,50.6,52.9,56.8,47.6,51.0,12397.0,,
2015-05-27,1307357.63,0.108,0.0208,343085.86,0.047,0.0199,59075.97,0.018,-0.0279,-4.607,95.4286,101.2,0.012,-0.002,101.26,49.4,47.5,48.2,50.9,,50.2,48.2,44.7,48.9,50.6,52.9,56.8,47.6,51.0,12397.0,,
2015-05-28,1307357.63,0.108,0.0208,343085.86,0.047,0.0199,59075.97,0.018,-0.0279,-4.607,95.4286,101.2,0.012,-0.002,101.26,49.4,47.5,48.2,50.9,,50.2,48.2,44.7,48.9,50.6,52.9,56.8,47.6,51.0,12397.0,,
2015-05-29,1307357.63,0.108,0.0208,343085.86,0.047,0.0199,59075.97,0.018,-0.0279,-4.607,95.4286,101.2,0.012,-0.002,101.26,49.4,47.5,48.2,50.9,,50.2,48.2,44.7,48.9,50.6,52.9,56.8,47.6,51.0,12397.0,,
2015-06-01,1333375.36,0.118,0.0199,356082.86,0.043,0.0379,58604.26,0.029,-0.008,-4.8135,95.3885,101.4,0.014,0.0,101.28,47.3,47.7,48.1,50.3,,50.2,48.7,44.6,48.2,50.1,52.9,52.2,48.0,50.9,18384.0,,
2015-06-02,1333375.36,0.118,0.0199,356082.86,0.043,0.0379,58604.26,0.029,-0.008,-4.8135,95.3885,101.4,0.014,0.0,101.28,47.3,47.7,48.1,50.3,,50.2,48.7,44.6,48.2,50.1,52.9,52.2,48.0,50.9,18384.0,,
2015-06-03,1333375.36,0.118,0.0199,356082.86,0.043,0.0379,58604.26,0.029,-0.008,-4.8135,95.3885,101.4,0.014,0.0,101.28,47.3,47.7,48.1,50.3,,50.2,48.7,44.6,48.2,50.1,52.9,52.2,48.0,50.9,18384.0,,
2015-06-04,1333375.36,0.118,0.0199,356082.86,0.043,0.0379,58604.26,0.029,-0.008,-4.8135,95.3885,101.4,0.014,0.0,101.28,47.3,47.7,48.1,50.3,,50.2,48.7,44.6,48.2,50.1,52.9,52.2,48.0,50.9,18384.0,,
2015-06-05,1333375.36,0.118,0.0199,356082.86,0.043,0.0379,58604.26,0.029,-0.008,-4.8135,95.3885,101.4,0.014,0.0,101.28,47.3,47.7,48.1,50.3,,50.2,48.7,44.6,48.2,50.1,52.9,52.2,48.0,50.9,18384.0,,
2015-06-08,1333375.36,0.118,0.0199,356082.86,0.043,0.0379,58604.26,0.029,-0.008,-4.8135,95.3885,101.4,0.014,0.0,101.28,47.3,47.7,48.1,50.3,,50.2,48.7,44.6,48.2,50.1,52.9,52.2,48.0,50.9,18384.0,,
2015-06-09,1333375.36,0.118,0.0199,356082.86,0.043,0.0379,58604.26,0.029,-0.008,-4.8135,95.3885,101.4,0.014,0.0,101.28,47.3,47.7,48.1,50.3,,50.2,48.7,44.6,48.2,50.1,52.9,52.2,48.0,50.9,18384.0,,
2015-06-10,1333375.36,0.118,0.0199,356082.86,0.043,0.0379,58604.26,0.029,-0.008,-4.8135,95.3885,101.4,0.014,0.0,101.28,47.3,47.7,48.1,50.3,,50.2,48.7,44.6,48.2,50.1,52.9,52.2,48.0,50.9,18384.0,,
2015-06-11,1333375.36,0.118,0.0199,356082.86,0.043,0.0379,58604.26,0.029,-0.008,-4.8135,95.3885,101.4,0.014,0.0,101.28,47.3,47.7,48.1,50.3,,50.2,48.7,44.6,48.2,50.1,52.9,52.2,48.0,50.9,18384.0,,
2015-06-12,1333375.36,0.118,0.0199,356082.86,0.043,0.0379,58604.26,0.029,-0.008,-4.8135,95.3885,101.4,0.014,0.0,101.28,47.3,47.7,48.1,50.3,,50.2,48.7,44.6,48.2,50.1,52.9,52.2,48.0,50.9,18384.0,,
2015-06-15,1333375.36,0.118,0.0199,356082.86,0.043,0.0379,58604.26,0.029,-0.008,-4.8135,95.3885,101.4,0.014,0.0,101.28,47.3,47.7,48.1,50.3,,50.2,48.7,44.6,48.2,50.1,52.9,52.2,48.0,50.9,18384.0,,
2015-06-16,1333375.36,0.118,0.0199,356082.86,0.043,0.0379,58604.26,0.029,-0.008,-4.8135,95.3885,101.4,0.014,0.0,101.28,47.3,47.7,48.1,50.3,,50.2,48.7,44.6,48.2,50.1,52.9,52.2,48.0,50.9,18384.0,,
2015-06-17,1333375.36,0.118,0.0199,356082.86,0.043,0.0379,58604.26,0.029,-0.008,-4.8135,95.3885,101.4,0.014,0.0,101.28,47.3,47.7,48.1,50.3,,50.2,48.7,44.6,48.2,50.1,52.9,52.2,48.0,50.9,18384.0,,
2015-06-18,1333375.36,0.118,0.0199,356082.86,0.043,0.0379,58604.26,0.029,-0.008,-4.8135,95.3885,101.4,0.014,0.0,101.28,47.3,47.7,48.1,50.3,,50.2,48.7,44.6,48.2,50.1,52.9,52.2,48.0,50.9,18384.0,,
2015-06-19,1333375.36,0.118,0.0199,356082.86,0.043,0.0379,58604.26,0.029,-0.008,-4.8135,95.3885,101.4,0.014,0.0,101.28,47.3,47.7,48.1,50.3,,50.2,48.7,44.6,48.2,50.1,52.9,52.2,48.0,50.9,18384.0,,
2015-06-23,1333375.36,0.118,0.0199,356082.86,0.043,0.0379,58604.26,0.029,-0.008,-4.8135,95.3885,101.4,0.014,0.0,101.28,47.3,47.7,48.1,50.3,,50.2,48.7,44.6,48.2,50.1,52.9,52.2,48.0,50.9,18384.0,,
2015-06-24,1333375.36,0.118,0.0199,356082.86,0.043,0.0379,58604.26,0.029,-0.008,-4.8135,95.3885,101.4,0.014,0.0,101.28,47.3,47.7,48.1,50.3,,50.2,48.7,44.6,48.2,50.1,52.9,52.2,48.0,50.9,18384.0,,
2015-06-25,1333375.36,0.118,0.0199,356082.86,0.043,0.0379,58604.26,0.029,-0.008,-4.8135,95.3885,101.4,0.014,0.0,101.28,47.3,47.7,48.1,50.3,,50.2,48.7,44.6,48.2,50.1,52.9,52.2,48.0,50.9,18384.0,,
2015-06-26,1333375.36,0.118,0.0199,356082.86,0.043,0.0379,58604.26,0.029,-0.008,-4.8135,95.3885,101.4,0.014,0.0,101.28,47.3,47.7,48.1,50.3,,50.2,48.7,44.6,48.2,50.1,52.9,52.2,48.0,50.9,18384.0,,
2015-06-29,1333375.36,0.118,0.0199,356082.86,0.043,0.0379,58604.26,0.029,-0.008,-4.8135,95.3885,101.4,0.014,0.0,101.28,47.3,47.7,48.1,50.3,,50.2,48.7,44.6,48.2,50.1,52.9,52.2,48.0,50.9,18384.0,,
2015-06-30,1333375.36,0.118,0.0199,356082.86,0.043,0.0379,58604.26,0.029,-0.008,-4.8135,95.3885,101.4,0.014,0.0,101.28,47.3,47.7,48.1,50.3,,50.2,48.7,44.6,48.2,50.1,52.9,52.2,48.0,50.9,18384.0,,
2015-07-01,1353210.92,0.133,0.0149,353122.19,0.066,-0.0083,59010.71,0.029,0.0069,-5.3692,95.2808,101.6,0.016,0.003,101.34,44.7,47.4,48.0,50.4,,50.0,48.4,44.0,47.9,49.9,52.4,52.9,47.8,50.3,7511.0,,
2015-07-02,1353210.92,0.133,0.0149,353122.19,0.066,-0.0083,59010.71,0.029,0.0069,-5.3692,95.2808,101.6,0.016,0.003,101.34,44.7,47.4,48.0,50.4,,50.0,48.4,44.0,47.9,49.9,52.4,52.9,47.8,50.3,7511.0,,
2015-07-03,1353210.92,0.133,0.0149,353122.19,0.066,-0.0083,59010.71,0.029,0.0069,-5.3692,95.2808,101.6,0.016,0.003,101.34,44.7,47.4,48.0,50.4,,50.0,48.4,44.0,47.9,49.9,52.4,52.9,47.8,50.3,7511.0,,
2015-07-06,1353210.92,0.133,0.0149,353122.19,0.066,-0.0083,59010.71,0.029,0.0069,-5.3692,95.2808,101.6,0.016,0.003,101.34,44.7,47.4,48.0,50.4,,50.0,48.4,44.0,47.9,49.9,52.4,52.9,47.8,50.3,7511.0,,
2015-07-07,1353210.92,0.133,0.0149,353122.19,0.066,-0.0083,59010.71,0.029,0.0069,-5.3692,95.2808,101.6,0.016,0.003,101.34,44.7,47.4,48.0,50.4,,50.0,48.4,44.0,47.9,49.9,52.4,52.9,47.8,50.3,7511.0,,
2015-07-08,1353210.92,0.133,0.0149,353122.19,0.066,-0.0083,59010.71,0.029,0.0069,-5.3692,95.2808,101.6,0.016,0.003,101.34,44.7,47.4,48.0,50.4,,50.0,48.4,44.0,47.9,49.9,52.4,52.9,47.8,50.3,7511.0,,
2015-07-09,1353210.92,0.133,0.0149,353122.19,0.066,-0.0083,59010.71,0.029,0.0069,-5.3692,95.2808,101.6,0.016,0.003,101.34,44.7,47.4,48.0,50.4,,50.0,48.4,44.0,47.9,49.9,52.4,52.9,47.8,50.3,7511.0,,
2015-07-10,1353210.92,0.133,0.0149,353122.19,0.066,-0.0083,59010.71,0.029,0.0069,-5.3692,95.2808,101.6,0.016,0.003,101.34,44.7,47.4,48.0,50.4,,50.0,48.4,44.0,47.9,49.9,52.4,52.9,47.8,50.3,7511.0,,
2015-07-13,1353210.92,0.133,0.0149,353122.19,0.066,-0.0083,59010.71,0.029,0.0069,-5.3692,95.2808,101.6,0.016,0.003,101.34,44.7,47.4,48.0,50.4,,50.0,48.4,44.0,47.9,49.9,52.4,52.9,47.8,50.3,7511.0,,
2015-07-14,1353210.92,0.133,0.0149,353122.19,0.066,-0.0083,59010.71,0.029,0.0069,-5.3692,95.2808,101.6,0.016,0.003,101.34,44.7,47.4,48.0,50.4,,50.0,48.4,44.0,47.9,49.9,52.4,52.9,47.8,50.3,7511.0,,
2015-07-15,1353210.92,0.133,0.0149,353122.19,0.066,-0.0083,59010.71,0.029,0.0069,-5.3692,95.2808,101.6,0.016,0.003,101.34,44.7,47.4,48.0,50.4,,50.0,48.4,44.0,47.9,49.9,52.4,52.9,47.8,50.3,7511.0,,
2015-07-16,1353210.92,0.133,0.0149,353122.19,0.066,-0.0083,59010.71,0.029,0.0069,-5.3692,95.2808,101.6,0.016,0.003,101.34,44.7,47.4,48.0,50.4,,50.0,48.4,44.0,47.9,49.9,52.4,52.9,47.8,50.3,7511.0,,
2015-07-17,1353210.92,0.133,0.0149,353122.19,0.066,-0.0083,59010.71,0.029,0.0069,-5.3692,95.2808,101.6,0.016,0.003,101.34,44.7,47.4,48.0,50.4,,50.0,48.4,44.0,47.9,49.9,52.4,52.9,47.8,50.3,7511.0,,
2015-07-20,1353210.92,0.133,0.0149,353122.19,0.066,-0.0083,59010.71,0.029,0.0069,-5.3692,95.2808,101.6,0.016,0.003,101.34,44.7,47.4,48.0,50.4,,50.0,48.4,44.0,47.9,49.9,52.4,52.9,47.8,50.3,7511.0,,
2015-07-21,1353210.92,0.133,0.0149,353122.19,0.066,-0.0083,59010.71,0.029,0.0069,-5.3692,95.2808,101.6,0.016,0.003,101.34,44.7,47.4,48.0,50.4,,50.0,48.4,44.0,47.9,49.9,52.4,52.9,47.8,50.3,7511.0,,
2015-07-22,1353210.92,0.133,0.0149,353122.19,0.066,-0.0083,59010.71,0.029,0.0069,-5.3692,95.2808,101.6,0.016,0.003,101.34,44.7,47.4,48.0,50.4,,50.0,48.4,44.0,47.9,49.9,52.4,52.9,47.8,50.3,7511.0,,
2015-07-23,1353210.92,0.133,0.0149,353122.19,0.066,-0.0083,59010.71,0.029,0.0069,-5.3692,95.2808,101.6,0.016,0.003,101.34,44.7,47.4,48.0,50.4,,50.0,48.4,44.0,47.9,49.9,52.4,52.9,47.8,50.3,7511.0,,
2015-07-24,1353210.92,0.133,0.0149,353122.19,0.066,-0.0083,59010.71,0.029,0.0069,-5.3692,95.2808,101.6,0.016,0.003,101.34,44.7,47.4,48.0,50.4,,50.0,48.4,44.0,47.9,49.9,52.4,52.9,47.8,50.3,7511.0,,
2015-07-27,1353210.92,0.133,0.0149,353122.19,0.066,-0.0083,59010.71,0.029,0.0069,-5.3692,95.2808,101.6,0.016,0.003,101.34,44.7,47.4,48.0,50.4,,50.0,48.4,44.0,47.9,49.9,52.4,52.9,47.8,50.3,7511.0,,
2015-07-28,1353210.92,0.133,0.0149,353122.19,0.066,-0.0083,59010.71,0.029,0.0069,-5.3692,95.2808,101.6,0.016,0.003,101.34,44.7,47.4,48.0,50.4,,50.0,48.4,44.0,47.9,49.9,52.4,52.9,47.8,50.3,7511.0,,
2015-07-29,1353210.92,0.133,0.0149,353122.19,0.066,-0.0083,59010.71,0.029,0.0069,-5.3692,95.2808,101.6,0.016,0.003,101.34,44.7,47.4,48.0,50.4,,50.0,48.4,44.0,47.9,49.9,52.4,52.9,47.8,50.3,7511.0,,
2015-07-30,1353210.92,0.133,0.0149,353122.19,0.066,-0.0083,59010.71,0.029,0.0069,-5.3692,95.2808,101.6,0.016,0.003,101.34,44.7,47.4,48.0,50.4,,50.0,48.4,44.0,47.9,49.9,52.4,52.9,47.8,50.3,7511.0,,
2015-07-31,1353210.92,0.133,0.0149,353122.19,0.066,-0.0083,59010.71,0.029,0.0069,-5.3692,95.2808,101.6,0.016,0.003,101.34,44.7,47.4,48.0,50.4,,50.0,48.4,44.0,47.9,49.9,52.4,52.9,47.8,50.3,7511.0,,
2015-08-03,1356907.98,0.133,0.0027,362793.73,0.093,0.0274,59061.79,0.018,0.0009,-5.9227,95.1312,102.0,0.02,0.005,101.41,44.9,47.2,47.9,50.6,,49.7,48.3,44.6,47.7,49.7,51.7,54.1,47.2,49.4,11097.0,,
2015-08-04,1356907.98,0.133,0.0027,362793.73,0.093,0.0274,59061.79,0.018,0.0009,-5.9227,95.1312,102.0,0.02,0.005,101.41,44.9,47.2,47.9,50.6,,49.7,48.3,44.6,47.7,49.7,51.7,54.1,47.2,49.4,11097.0,,
2015-08-05,1356907.98,0.133,0.0027,362793.73,0.093,0.0274,59061.79,0.018,0.0009,-5.9227,95.1312,102.0,0.02,0.005,101.41,44.9,47.2,47.9,50.6,,49.7,48.3,44.6,47.7,49.7,51.7,54.1,47.2,49.4,11097.0,,
2015-08-06,1356907.98,0.133,0.0027,362793.73,0.093,0.0274,59061.79,0.018,0.0009,-5.9227,95.1312,102.0,0.02,0.005,101.41,44.9,47.2,47.9,50.6,,49.7,48.3,44.6,47.7,49.7,51.7,54.1,47.2,49.4,11097.0,,
2015-08-07,1356907.98,0.133,0.0027,362793.73,0.093,0.0274,59061.79,0.018,0.0009,-5.9227,95.1312,102.0,0.02,0.005,101.41,44.9,47.2,47.9,50.6,,49.7,48.3,44.6,47.7,49.7,51.7,54.1,47.2,49.4,11097.0,,
2015-08-10,1356907.98,0.133,0.0027,362793.73,0.093,0.0274,59061.79,0.018,0.0009,-5.9227,95.1312,102.0,0.02,0.005,101.41,44.9,47.2,47.9,50.6,,49.7,48.3,44.6,47.7,49.7,51.7,54.1,47.2,49.4,11097.0,,
2015-08-11,1356907.98,0.133,0.0027,362793.73,0.093,0.0274,59061.79,0.018,0.0009,-5.9227,95.1312,102.0,0.02,0.005,101.41,44.9,47.2,47.9,50.6,,49.7,48.3,44.6,47.7,49.7,51.7,54.1,47.2,49.4,11097.0,,
2015-08-12,1356907.98,0.133,0.0027,362793.73,0.093,0.0274,59061.79,0.018,0.0009,-5.9227,95.1312,102.0,0.02,0.005,101.41,44.9,47.2,47.9,50.6,,49.7,48.3,44.6,47.7,49.7,51.7,54.1,47.2,49.4,11097.0,,
2015-08-13,1356907.98,0.133,0.0027,362793.73,0.093,0.0274,59061.79,0.018,0.0009,-5.9227,95.1312,102.0,0.02,0.005,101.41,44.9,47.2,47.9,50.6,,49.7,48.3,44.6,47.7,49.7,51.7,54.1,47.2,49.4,11097.0,,
2015-08-14,1356907.98,0.133,0.0027,362793.73,0.093,0.0274,59061.79,0.018,0.0009,-5.9227,95.1312,102.0,0.02,0.005,101.41,44.9,47.2,47.9,50.6,,49.7,48.3,44.6,47.7,49.7,51.7,54.1,47.2,49.4,11097.0,,
2015-08-17,1356907.98,0.133,0.0027,362793.73,0.093,0.0274,59061.79,0.018,0.0009,-5.9227,95.1312,102.0,0.02,0.005,101.41,44.9,47.2,47.9,50.6,,49.7,48.3,44.6,47.7,49.7,51.7,54.1,47.2,49.4,11097.0,,
2015-08-18,1356907.98,0.133,0.0027,362793.73,0.093,0.0274,59061.79,0.018,0.0009,-5.9227,95.1312,102.0,0.02,0.005,101.41,44.9,47.2,47.9,50.6,,49.7,48.3,44.6,47.7,49.7,51.7,54.1,47.2,49.4,11097.0,,
2015-08-19,1356907.98,0.133,0.0027,362793.73,0.093,0.0274,59061.79,0.018,0.0009,-5.9227,95.1312,102.0,0.02,0.005,101.41,44.9,47.2,47.9,50.6,,49.7,48.3,44.6,47.7,49.7,51.7,54.1,47.2,49.4,11097.0,,
2015-08-20,1356907.98,0.133,0.0027,362793.73,0.093,0.0274,59061.79,0.018,0.0009,-5.9227,95.1312,102.0,0.02,0.005,101.41,44.9,47.2,47.9,50.6,,49.7,48.3,44.6,47.7,49.7,51.7,54.1,47.2,49.4,11097.0,,
2015-08-21,1356907.98,0.133,0.0027,362793.73,0.093,0.0274,59061.79,0.018,0.0009,-5.9227,95.1312,102.0,0.02,0.005,101.41,44.9,47.2,47.9,50.6,,49.7,48.3,44.6,47.7,49.7,51.7,54.1,47.2,49.4,11097.0,,
2015-08-24,1356907.98,0.133,0.0027,362793.73,0.093,0.0274,59061.79,0.018,0.0009,-5.9227,95.1312,102.0,0.02,0.005,101.41,44.9,47.2,47.9,50.6,,49.7,48.3,44.6,47.7,49.7,51.7,54.1,47.2,49.4,11097.0,,
2015-08-25,1356907.98,0.133,0.0027,362793.73,0.093,0.0274,59061.79,0.018,0.0009,-5.9227,95.1312,102.0,0.02,0.005,101.41,44.9,47.2,47.9,50.6,,49.7,48.3,44.6,47.7,49.7,51.7,54.1,47.2,49.4,11097.0,,
2015-08-26,1356907.98,0.133,0.0027,362793.73,0.093,0.0274,59061.79,0.018,0.0009,-5.9227,95.1312,102.0,0.02,0.005,101.41,44.9,47.2,47.9,50.6,,49.7,48.3,44.6,47.7,49.7,51.7,54.1,47.2,49.4,11097.0,,
2015-08-27,1356907.98,0.133,0.0027,362793.73,0.093,0.0274,59061.79,0.018,0.0009,-5.9227,95.1312,102.0,0.02,0.005,101.41,44.9,47.2,47.9,50.6,,49.7,48.3,44.6,47.7,49.7,51.7,54.1,47.2,49.4,11097.0,,
2015-08-28,1356907.98,0.133,0.0027,362793.73,0.093,0.0274,59061.79,0.018,0.0009,-5.9227,95.1312,102.0,0.02,0.005,101.41,44.9,47.2,47.9,50.6,,49.7,48.3,44.6,47.7,49.7,51.7,54.1,47.2,49.4,11097.0,,
2015-08-31,1356907.98,0.133,0.0027,362793.73,0.093,0.0274,59061.79,0.018,0.0009,-5.9227,95.1312,102.0,0.02,0.005,101.41,44.9,47.2,47.9,50.6,,49.7,48.3,44.6,47.7,49.7,51.7,54.1,47.2,49.4,11097.0,,
2015-09-01,1359824.06,0.131,0.0021,364416.9,0.114,0.0045,61022.97,0.037,0.0332,-5.945,95.0127,101.6,0.016,0.001,101.43,45.8,46.8,47.9,50.8,,49.8,47.5,43.8,47.9,50.2,52.3,53.9,48.1,48.6,13571.0,,
2015-09-02,1359824.06,0.131,0.0021,364416.9,0.114,0.0045,61022.97,0.037,0.0332,-5.945,95.0127,101.6,0.016,0.001,101.43,45.8,46.8,47.9,50.8,,49.8,47.5,43.8,47.9,50.2,52.3,53.9,48.1,48.6,13571.0,,
2015-09-07,1359824.06,0.131,0.0021,364416.9,0.114,0.0045,61022.97,0.037,0.0332,-5.945,95.0127,101.6,0.016,0.001,101.43,45.8,46.8,47.9,50.8,,49.8,47.5,43.8,47.9,50.2,52.3,53.9,48.1,48.6,13571.0,,
2015-09-08,1359824.06,0.131,0.0021,364416.9,0.114,0.0045,61022.97,0.037,0.0332,-5.945,95.0127,101.6,0.016,0.001,101.43,45.8,46.8,47.9,50.8,,49.8,47.5,43.8,47.9,50.2,52.3,53.9,48.1,48.6,13571.0,,
2015-09-09,1359824.06,0.131,0.0021,364416.9,0.114,0.0045,61022.97,0.037,0.0332,-5.945,95.0127,101.6,0.016,0.001,101.43,45.8,46.8,47.9,50.8,,49.8,47.5,43.8,47.9,50.2,52.3,53.9,48.1,48.6,13571.0,,
2015-09-10,1359824.06,0.131,0.0021,364416.9,0.114,0.0045,61022.97,0.037,0.0332,-5.945,95.0127,101.6,0.016,0.001,101.43,45.8,46.8,47.9,50.8,,49.8,47.5,43.8,47.9,50.2,52.3,53.9,48.1,48.6,13571.0,,
2015-09-11,1359824.06,0.131,0.0021,364416.9,0.114,0.0045,61022.97,0.037,0.0332,-5.945,95.0127,101.6,0.016,0.001,101.43,45.8,46.8,47.9,50.8,,49.8,47.5,43.8,47.9,50.2,52.3,53.9,48.1,48.6,13571.0,,
2015-09-14,1359824.06,0.131,0.0021,364416.9,0.114,0.0045,61022.97,0.037,0.0332,-5.945,95.0127,101.6,0.016,0.001,101.43,45.8,46.8,47.9,50.8,,49.8,47.5,43.8,47.9,50.2,52.3,53.9,48.1,48.6,13571.0,,
2015-09-15,1359824.06,0.131,0.0021,364416.9,0.114,0.0045,61022.97,0.037,0.0332,-5.945,95.0127,101.6,0.016,0.001,101.43,45.8,46.8,47.9,50.8,,49.8,47.5,43.8,47.9,50.2,52.3,53.9,48.1,48.6,13571.0,,
2015-09-16,1359824.06,0.131,0.0021,364416.9,0.114,0.0045,61022.97,0.037,0.0332,-5.945,95.0127,101.6,0.016,0.001,101.43,45.8,46.8,47.9,50.8,,49.8,47.5,43.8,47.9,50.2,52.3,53.9,48.1,48.6,13571.0,,
2015-09-17,1359824.06,0.131,0.0021,364416.9,0.114,0.0045,61022.97,0.037,0.0332,-5.945,95.0127,101.6,0.016,0.001,101.43,45.8,46.8,47.9,50.8,,49.8,47.5,43.8,47.9,50.2,52.3,53.9,48.1,48.6,13571.0,,
2015-09-18,1359824.06,0.131,0.0021,364416.9,0.114,0.0045,61022.97,0.037,0.0332,-5.945,95.0127,101.6,0.016,0.001,101.43,45.8,46.8,47.9,50.8,,49.8,47.5,43.8,47.9,50.2,52.3,53.9,48.1,48.6,13571.0,,
2015-09-21,1359824.06,0.131,0.0021,364416.9,0.114,0.0045,61022.97,0.037,0.0332,-5.945,95.0127,101.6,0.016,0.001,101.43,45.8,46.8,47.9,50.8,,49.8,47.5,43.8,47.9,50.2,52.3,53.9,48.1,48.6,13571.0,,
2015-09-22,1359824.06,0.131,0.0021,364416.9,0.114,0.0045,61022.97,0.037,0.0332,-5.945,95.0127,101.6,0.016,0.001,101.43,45.8,46.8,47.9,50.8,,49.8,47.5,43.8,47.9,50.2,52.3,53.9,48.1,48.6,13571.0,,
2015-09-23,1359824.06,0.131,0.0021,364416.9,0.114,0.0045,61022.97,0.037,0.0332,-5.945,95.0127,101.6,0.016,0.001,101.43,45.8,46.8,47.9,50.8,,49.8,47.5,43.8,47.9,50.2,52.3,53.9,48.1,48.6,13571.0,,
2015-09-24,1359824.06,0.131,0.0021,364416.9,0.114,0.0045,61022.97,0.037,0.0332,-5.945,95.0127,101.6,0.016,0.001,101.43,45.8,46.8,47.9,50.8,,49.8,47.5,43.8,47.9,50.2,52.3,53.9,48.1,48.6,13571.0,,
2015-09-25,1359824.06,0.131,0.0021,364416.9,0.114,0.0045,61022.97,0.037,0.0332,-5.945,95.0127,101.6,0.016,0.001,101.43,45.8,46.8,47.9,50.8,,49.8,47.5,43.8,47.9,50.2,52.3,53.9,48.1,48.6,13571.0,,
2015-09-28,1359824.06,0.131,0.0021,364416.9,0.114,0.0045,61022.97,0.037,0.0332,-5.945,95.0127,101.6,0.016,0.001,101.43,45.8,46.8,47.9,50.8,,49.8,47.5,43.8,47.9,50.2,52.3,53.9,48.1,48.6,13571.0,,
2015-09-29,1359824.06,0.131,0.0021,364416.9,0.114,0.0045,61022.97,0.037,0.0332,-5.945,95.0127,101.6,0.016,0.001,101.43,45.8,46.8,47.9,50.8,,49.8,47.5,43.8,47.9,50.2,52.3,53.9,48.1,48.6,13571.0,,
2015-09-30,1359824.06,0.131,0.0021,364416.9,0.114,0.0045,61022.97,0.037,0.0332,-5.945,95.0127,101.6,0.016,0.001,101.43,45.8,46.8,47.9,50.8,,49.8,47.5,43.8,47.9,50.2,52.3,53.9,48.1,48.6,13571.0,,
2015-10-08,1361020.7,0.135,0.0009,375806.45,0.14,0.0313,59900.48,0.038,-0.0184,-5.9,94.9,101.3,0.013,-0.003,101.4,44.4,47.2,47.8,50.6,,49.8,47.2,44.4,47.4,50.3,52.2,52.5,47.5,48.8,5593.0,,
2015-10-09,1361020.7,0.135,0.0009,375806.45,0.14,0.0313,59900.48,0.038,-0.0184,-5.9,94.9,101.3,0.013,-0.003,101.4,44.4,47.2,47.8,50.6,,49.8,47.2,44.4,47.4,50.3,52.2,52.5,47.5,48.8,5593.0,,
2015-10-12,1361020.7,0.135,0.0009,375806.45,0.14,0.0313,59900.48,0.038,-0.0184,-5.9,94.9,101.3,0.013,-0.003,101.4,44.4,47.2,47.8,50.6,,49.8,47.2,44.4,47.4,50.3,52.2,52.5,47.5,48.8,5593.0,,
2015-10-13,1361020.7,0.135,0.0009,375806.45,0.14,0.0313,59900.48,0.038,-0.0184,-5.9,94.9,101.3,0.013,-0.003,101.4,44.4,47.2,47.8,50.6,,49.8,47.2,44.4,47.4,50.3,52.2,52.5,47.5,48.8,5593.0,,
2015-10-14,1361020.7,0.135,0.0009,375806.45,0.14,0.0313,59900.48,0.038,-0.0184,-5.9,94.9,101.3,0.013,-0.003,101.4,44.4,47.2,47.8,50.6,,49.8,47.2,44.4,47.4,50.3,52.2,52.5,47.5,48.8,5593.0,,
2015-10-15,1361020.7,0.135,0.0009,375806.45,0.14,0.0313,59900.48,0.038,-0.0184,-5.9,94.9,101.3,0.013,-0.003,101.4,44.4,47.2,47.8,50.6,,49.8,47.2,44.4,47.4,50.3,52.2,52.5,47.5,48.8,5593.0,,
2015-10-16,1361020.7,0.135,0.0009,375806.45,0.14,0.0313,59900.48,0.038,-0.0184,-5.9,94.9,101.3,0.013,-0.003,101.4,44.4,47.2,47.8,50.6,,49.8,47.2,44.4,47.4,50.3,52.2,52.5,47.5,48.8,5593.0,,
2015-10-19,1361020.7,0.135,0.0009,375806.45,0.14,0.0313,59900.48,0.038,-0.0184,-5.9,94.9,101.3,0.013,-0.003,101.4,44.4,47.2,47.8,50.6,,49.8,47.2,44.4,47.4,50.3,52.2,52.5,47.5,48.8,5593.0,,
2015-10-20,1361020.7,0.135,0.0009,375806.45,0.14,0.0313,59900.48,0.038,-0.0184,-5.9,94.9,101.3,0.013,-0.003,101.4,44.4,47.2,47.8,50.6,,49.8,47.2,44.4,47.4,50.3,52.2,52.5,47.5,48.8,5593.0,,
2015-10-21,1361020.7,0.135,0.0009,375806.45,0.14,0.0313,59900.48,0.038,-0.0184,-5.9,94.9,101.3,0.013,-0.003,101.4,44.4,47.2,47.8,50.6,,49.8,47.2,44.4,47.4,50.3,52.2,52.5,47.5,48.8,5593.0,,
2015-10-22,1361020.7,0.135,0.0009,375806.45,0.14,0.0313,59900.48,0.038,-0.0184,-5.9,94.9,101.3,0.013,-0.003,101.4,44.4,47.2,47.8,50.6,,49.8,47.2,44.4,47.4,50.3,52.2,52.5,47.5,48.8,5593.0,,
2015-10-23,1361020.7,0.135,0.0009,375806.45,0.14,0.0313,59900.48,0.038,-0.0184,-5.9,94.9,101.3,0.013,-0.003,101.4,44.4,47.2,47.8,50.6,,49.8,47.2,44.4,47.4,50.3,52.2,52.5,47.5,48.8,5593.0,,
2015-10-26,1361020.7,0.135,0.0009,375806.45,0.14,0.0313,59900.48,0.038,-0.0184,-5.9,94.9,101.3,0.013,-0.003,101.4,44.4,47.2,47.8,50.6,,49.8,47.2,44.4,47.4,50.3,52.2,52.5,47.5,48.8,5593.0,,
2015-10-27,1361020.7,0.135,0.0009,375806.45,0.14,0.0313,59900.48,0.038,-0.0184,-5.9,94.9,101.3,0.013,-0.003,101.4,44.4,47.2,47.8,50.6,,49.8,47.2,44.4,47.4,50.3,52.2,52.5,47.5,48.8,5593.0,,
2015-10-28,1361020.7,0.135,0.0009,375806.45,0.14,0.0313,59900.48,0.038,-0.0184,-5.9,94.9,101.3,0.013,-0.003,101.4,44.4,47.2,47.8,50.6,,49.8,47.2,44.4,47.4,50.3,52.2,52.5,47.5,48.8,5593.0,,
2015-10-29,1361020.7,0.135,0.0009,375806.45,0.14,0.0313,59900.48,0.038,-0.0184,-5.9,94.9,101.3,0.013,-0.003,101.4,44.4,47.2,47.8,50.6,,49.8,47.2,44.4,47.4,50.3,52.2,52.5,47.5,48.8,5593.0,,
2015-10-30,1361020.7,0.135,0.0009,375806.45,0.14,0.0313,59900.48,0.038,-0.0184,-5.9,94.9,101.3,0.013,-0.003,101.4,44.4,47.2,47.8,50.6,,49.8,47.2,44.4,47.4,50.3,52.2,52.5,47.5,48.8,5593.0,,
2015-11-02,1373956.01,0.137,0.0095,387618.32,0.157,0.0314,60328.24,0.032,0.0071,-5.9,94.8,101.5,0.015,0.0,101.4,41.1,46.7,47.6,50.6,,49.6,47.1,43.0,46.4,49.8,51.9,48.3,46.7,48.3,10255.0,,
2015-11-03,1373956.01,0.137,0.0095,387618.32,0.157,0.0314,60328.24,0.032,0.0071,-5.9,94.8,101.5,0.015,0.0,101.4,41.1,46.7,47.6,50.6,,49.6,47.1,43.0,46.4,49.8,51.9,48.3,46.7,48.3,10255.0,,
2015-11-04,1373956.01,0.137,0.0095,387618.32,0.157,0.0314,60328.24,0.032,0.0071,-5.9,94.8,101.5,0.015,0.0,101.4,41.1,46.7,47.6,50.6,,49.6,47.1,43.0,46.4,49.8,51.9,48.3,46.7,48.3,10255.0,,
2015-11-05,1373956.01,0.137,0.0095,387618.32,0.157,0.0314,60328.24,0.032,0.0071,-5.9,94.8,101.5,0.015,0.0,101.4,41.1,46.7,47.6,50.6,,49.6,47.1,43.0,46.4,49.8,51.9,48.3,46.7,48.3,10255.0,,
2015-11-06,1373956.01,0.137,0.0095,387618.32,0.157,0.0314,60328.24,0.032,0.0071,-5.9,94.8,101.5,0.015,0.0,101.4,41.1,46.7,47.6,50.6,,49.6,47.1,43.0,46.4,49.8,51.9,48.3,46.7,48.3,10255.0,,
2015-11-09,1373956.01,0.137,0.0095,387618.32,0.157,0.0314,60328.24,0.032,0.0071,-5.9,94.8,101.5,0.015,0.0,101.4,41.1,46.7,47.6,50.6,,49.6,47.1,43.0,46.4,49.8,51.9,48.3,46.7,48.3,10255.0,,
2015-11-10,1373956.01,0.137,0.0095,387618.32,0.157,0.0314,60328.24,0.032,0.0071,-5.9,94.8,101.5,0.015,0.0,101.4,41.1,46.7,47.6,50.6,,49.6,47.1,43.0,46.4,49.8,51.9,48.3,46.7,48.3,10255.0,,
2015-11-11,1373956.01,0.137,0.0095,387618.32,0.157,0.0314,60328.24,0.032,0.0071,-5.9,94.8,101.5,0.015,0.0,101.4,41.1,46.7,47.6,50.6,,49.6,47.1,43.0,46.4,49.8,51.9,48.3,46.7,48.3,10255.0,,
2015-11-12,1373956.01,0.137,0.0095,387618.32,0.157,0.0314,60328.24,0.032,0.0071,-5.9,94.8,101.5,0.015,0.0,101.4,41.1,46.7,47.6,50.6,,49.6,47.1,43.0,46.4,49.8,51.9,48.3,46.7,48.3,10255.0,,
2015-11-13,1373956.01,0.137,0.0095,387618.32,0.157,0.0314,60328.24,0.032,0.0071,-5.9,94.8,101.5,0.015,0.0,101.4,41.1,46.7,47.6,50.6,,49.6,47.1,43.0,46.4,49.8,51.9,48.3,46.7,48.3,10255.0,,
2015-11-16,1373956.01,0.137,0.0095,387618.32,0.157,0.0314,60328.24,0.032,0.0071,-5.9,94.8,101.5,0.015,0.0,101.4,41.1,46.7,47.6,50.6,,49.6,47.1,43.0,46.4,49.8,51.9,48.3,46.7,48.3,10255.0,,
2015-11-17,1373956.01,0.137,0.0095,387618.32,0.157,0.0314,60328.24,0.032,0.0071,-5.9,94.8,101.5,0.015,0.0,101.4,41.1,46.7,47.6,50.6,,49.6,47.1,43.0,46.4,49.8,51.9,48.3,46.7,48.3,10255.0,,
2015-11-18,1373956.01,0.137,0.0095,387618.32,0.157,0.0314,60328.24,0.032,0.0071,-5.9,94.8,101.5,0.015,0.0,101.4,41.1,46.7,47.6,50.6,,49.6,47.1,43.0,46.4,49.8,51.9,48.3,46.7,48.3,10255.0,,
2015-11-19,1373956.01,0.137,0.0095,387618.32,0.157,0.0314,60328.24,0.032,0.0071,-5.9,94.8,101.5,0.015,0.0,101.4,41.1,46.7,47.6,50.6,,49.6,47.1,43.0,46.4,49.8,51.9,48.3,46.7,48.3,10255.0,,
2015-11-20,1373956.01,0.137,0.0095,387618.32,0.157,0.0314,60328.24,0.032,0.0071,-5.9,94.8,101.5,0.015,0.0,101.4,41.1,46.7,47.6,50.6,,49.6,47.1,43.0,46.4,49.8,51.9,48.3,46.7,48.3,10255.0,,
2015-11-23,1373956.01,0.137,0.0095,387618.32,0.157,0.0314,60328.24,0.032,0.0071,-5.9,94.8,101.5,0.015,0.0,101.4,41.1,46.7,47.6,50.6,,49.6,47.1,43.0,46.4,49.8,51.9,48.3,46.7,48.3,10255.0,,
2015-11-24,1373956.01,0.137,0.0095,387618.32,0.157,0.0314,60328.24,0.032,0.0071,-5.9,94.8,101.5,0.015,0.0,101.4,41.1,46.7,47.6,50.6,,49.6,47.1,43.0,46.4,49.8,51.9,48.3,46.7,48.3,10255.0,,
2015-11-25,1373956.01,0.137,0.0095,387618.32,0.157,0.0314,60328.24,0.032,0.0071,-5.9,94.8,101.5,0.015,0.0,101.4,41.1,46.7,47.6,50.6,,49.6,47.1,43.0,46.4,49.8,51.9,48.3,46.7,48.3,10255.0,,
2015-11-26,1373956.01,0.137,0.0095,387618.32,0.157,0.0314,60328.24,0.032,0.0071,-5.9,94.8,101.5,0.015,0.0,101.4,41.1,46.7,47.6,50.6,,49.6,47.1,43.0,46.4,49.8,51.9,48.3,46.7,48.3,10255.0,,
2015-11-27,1373956.01,0.137,0.0095,387618.32,0.157,0.0314,60328.24,0.032,0.0071,-5.9,94.8,101.5,0.015,0.0,101.4,41.1,46.7,47.6,50.6,,49.6,47.1,43.0,46.4,49.8,51.9,48.3,46.7,48.3,10255.0,,
2015-11-30,1373956.01,0.137,0.0095,387618.32,0.157,0.0314,60328.24,0.032,0.0071,-5.9,94.8,101.5,0.015,0.0,101.4,41.1,46.7,47.6,50.6,,49.6,47.1,43.0,46.4,49.8,51.9,48.3,46.7,48.3,10255.0,,
2015-12-01,1392278.11,0.133,0.0133,400953.44,0.152,0.0344,63216.58,0.049,0.0479,-5.9,94.8,101.6,0.016,0.005,101.4,42.4,46.1,47.4,50.7,,49.7,47.6,43.6,47.5,50.2,52.2,44.6,47.6,50.3,18114.0,154062.0,
2015-12-02,1392278.11,0.133,0.0133,400953.44,0.152,0.0344,63216.58,0.049,0.0479,-5.9,94.8,101.6,0.016,0.005,101.4,42.4,46.1,47.4,50.7,,49.7,47.6,43.6,47.5,50.2,52.2,44.6,47.6,50.3,18114.0,154062.0,
2015-12-03,1392278.11,0.133,0.0133,400953.44,0.152,0.0344,63216.58,0.049,0.0479,-5.9,94.8,101.6,0.016,0.005,101.4,42.4,46.1,47.4,50.7,,49.7,47.6,43.6,47.5,50.2,52.2,44.6,47.6,50.3,18114.0,154062.0,
2015-12-04,1392278.11,0.133,0.0133,400953.44,0.152,0.0344,63216.58,0.049,0.0479,-5.9,94.8,101.6,0.016,0.005,101.4,42.4,46.1,47.4,50.7,,49.7,47.6,43.6,47.5,50.2,52.2,44.6,47.6,50.3,18114.0,154062.0,
2015-12-07,1392278.11,0.133,0.0133,400953.44,0.152,0.0344,63216.58,0.049,0.0479,-5.9,94.8,101.6,0.016,0.005,101.4,42.4,46.1,47.4,50.7,,49.7,47.6,43.6,47.5,50.2,52.2,44.6,47.6,50.3,18114.0,154062.0,
2015-12-08,1392278.11,0.133,0.0133,400953.44,0.152,0.0344,63216.58,0.049,0.0479,-5.9,94.8,101.6,0.016,0.005,101.4,42.4,46.1,47.4,50.7,,49.7,47.6,43.6,47.5,50.2,52.2,44.6,47.6,50.3,18114.0,154062.0,
2015-12-09,1392278.11,0.133,0.0133,400953.44,0.152,0.0344,63216.58,0.049,0.0479,-5.9,94.8,101.6,0.016,0.005,101.4,42.4,46.1,47.4,50.7,,49.7,47.6,43.6,47.5,50.2,52.2,44.6,47.6,50.3,18114.0,154062.0,
2015-12-10,1392278.11,0.133,0.0133,400953.44,0.152,0.0344,63216.58,0.049,0.0479,-5.9,94.8,101.6,0.016,0.005,101.4,42.4,46.1,47.4,50.7,,49.7,47.6,43.6,47.5,50.2,52.2,44.6,47.6,50.3,18114.0,154062.0,
2015-12-11,1392278.11,0.133,0.0133,400953.44,0.152,0.0344,63216.58,0.049,0.0479,-5.9,94.8,101.6,0.016,0.005,101.4,42.4,46.1,47.4,50.7,,49.7,47.6,43.6,47.5,50.2,52.2,44.6,47.6,50.3,18114.0,154062.0,
2015-12-14,1392278.11,0.133,0.0133,400953.44,0.152,0.0344,63216.58,0.049,0.0479,-5.9,94.8,101.6,0.016,0.005,101.4,42.4,46.1,47.4,50.7,,49.7,47.6,43.6,47.5,50.2,52.2,44.6,47.6,50.3,18114.0,154062.0,
2015-12-15,1392278.11,0.133,0.0133,400953.44,0.152,0.0344,63216.58,0.049,0.0479,-5.9,94.8,101.6,0.016,0.005,101.4,42.4,46.1,47.4,50.7,,49.7,47.6,43.6,47.5,50.2,52.2,44.6,47.6,50.3,18114.0,154062.0,
2015-12-16,1392278.11,0.133,0.0133,400953.44,0.152,0.0344,63216.58,0.049,0.0479,-5.9,94.8,101.6,0.016,0.005,101.4,42.4,46.1,47.4,50.7,,49.7,47.6,43.6,47.5,50.2,52.2,44.6,47.6,50.3,18114.0,154062.0,
2015-12-17,1392278.11,0.133,0.0133,400953.44,0.152,0.0344,63216.58,0.049,0.0479,-5.9,94.8,101.6,0.016,0.005,101.4,42.4,46.1,47.4,50.7,,49.7,47.6,43.6,47.5,50.2,52.2,44.6,47.6,50.3,18114.0,154062.0,
2015-12-18,1392278.11,0.133,0.0133,400953.44,0.152,0.0344,63216.58,0.049,0.0479,-5.9,94.8,101.6,0.016,0.005,101.4,42.4,46.1,47.4,50.7,,49.7,47.6,43.6,47.5,50.2,52.2,44.6,47.6,50.3,18114.0,154062.0,
2015-12-21,1392278.11,0.133,0.0133,400953.44,0.152,0.0344,63216.58,0.049,0.0479,-5.9,94.8,101.6,0.016,0.005,101.4,42.4,46.1,47.4,50.7,,49.7,47.6,43.6,47.5,50.2,52.2,44.6,47.6,50.3,18114.0,154062.0,
2015-12-22,1392278.11,0.133,0.0133,400953.44,0.152,0.0344,63216.58,0.049,0.0479,-5.9,94.8,101.6,0.016,0.005,101.4,42.4,46.1,47.4,50.7,,49.7,47.6,43.6,47.5,50.2,52.2,44.6,47.6,50.3,18114.0,154062.0,
2015-12-23,1392278.11,0.133,0.0133,400953.44,0.152,0.0344,63216.58,0.049,0.0479,-5.9,94.8,101.6,0.016,0.005,101.4,42.4,46.1,47.4,50.7,,49.7,47.6,43.6,47.5,50.2,52.2,44.6,47.6,50.3,18114.0,154062.0,
2015-12-24,1392278.11,0.133,0.0133,400953.44,0.152,0.0344,63216.58,0.049,0.0479,-5.9,94.8,101.6,0.016,0.005,101.4,42.4,46.1,47.4,50.7,,49.7,47.6,43.6,47.5,50.2,52.2,44.6,47.6,50.3,18114.0,154062.0,
2015-12-25,1392278.11,0.133,0.0133,400953.44,0.152,0.0344,63216.58,0.049,0.0479,-5.9,94.8,101.6,0.016,0.005,101.4,42.4,46.1,47.4,50.7,,49.7,47.6,43.6,47.5,50.2,52.2,44.6,47.6,50.3,18114.0,154062.0,
2015-12-28,1392278.11,0.133,0.0133,400953.44,0.152,0.0344,63216.58,0.049,0.0479,-5.9,94.8,101.6,0.016,0.005,101.4,42.4,46.1,47.4,50.7,,49.7,47.6,43.6,47.5,50.2,52.2,44.6,47.6,50.3,18114.0,154062.0,
2015-12-29,1392278.11,0.133,0.0133,400953.44,0.152,0.0344,63216.58,0.049,0.0479,-5.9,94.8,101.6,0.016,0.005,101.4,42.4,46.1,47.4,50.7,,49.7,47.6,43.6,47.5,50.2,52.2,44.6,47.6,50.3,18114.0,154062.0,
2015-12-30,1392278.11,0.133,0.0133,400953.44,0.152,0.0344,63216.58,0.049,0.0479,-5.9,94.8,101.6,0.016,0.005,101.4,42.4,46.1,47.4,50.7,,49.7,47.6,43.6,47.5,50.2,52.2,44.6,47.6,50.3,18114.0,154062.0,
2015-12-31,1392278.11,0.133,0.0133,400953.44,0.152,0.0344,63216.58,0.049,0.0479,-5.9,94.8,101.6,0.016,0.005,101.4,42.4,46.1,47.4,50.7,,49.7,47.6,43.6,47.5,50.2,52.2,44.6,47.6,50.3,18114.0,154062.0,
2016-01-04,1416319.55,0.14,0.0173,412685.64,0.186,0.0293,72526.51,0.151,0.1473,-5.3,94.7204,101.8,0.018,0.005,101.8,45.1,44.6,47.8,50.5,,49.4,46.8,43.4,46.9,49.5,51.4,51.3,46.4,49.0,34758.0,168304.0,
2016-01-05,1416319.55,0.14,0.0173,412685.64,0.186,0.0293,72526.51,0.151,0.1473,-5.3,94.7204,101.8,0.018,0.005,101.8,45.1,44.6,47.8,50.5,,49.4,46.8,43.4,46.9,49.5,51.4,51.3,46.4,49.0,34758.0,168304.0,
2016-01-06,1416319.55,0.14,0.0173,412685.64,0.186,0.0293,72526.51,0.151,0.1473,-5.3,94.7204,101.8,0.018,0.005,101.8,45.1,44.6,47.8,50.5,,49.4,46.8,43.4,46.9,49.5,51.4,51.3,46.4,49.0,34758.0,168304.0,
2016-01-07,1416319.55,0.14,0.0173,412685.64,0.186,0.0293,72526.51,0.151,0.1473,-5.3,94.7204,101.8,0.018,0.005,101.8,45.1,44.6,47.8,50.5,,49.4,46.8,43.4,46.9,49.5,51.4,51.3,46.4,49.0,34758.0,168304.0,
2016-01-08,1416319.55,0.14,0.0173,412685.64,0.186,0.0293,72526.51,0.151,0.1473,-5.3,94.7204,101.8,0.018,0.005,101.8,45.1,44.6,47.8,50.5,,49.4,46.8,43.4,46.9,49.5,51.4,51.3,46.4,49.0,34758.0,168304.0,
2016-01-11,1416319.55,0.14,0.0173,412685.64,0.186,0.0293,72526.51,0.151,0.1473,-5.3,94.7204,101.8,0.018,0.005,101.8,45.1,44.6,47.8,50.5,,49.4,46.8,43.4,46.9,49.5,51.4,51.3,46.4,49.0,34758.0,168304.0,
2016-01-12,1416319.55,0.14,0.0173,412685.64,0.186,0.0293,72526.51,0.151,0.1473,-5.3,94.7204,101.8,0.018,0.005,101.8,45.1,44.6,47.8,50.5,,49.4,46.8,43.4,46.9,49.5,51.4,51.3,46.4,49.0,34758.0,168304.0,
2016-01-13,1416319.55,0.14,0.0173,412685.64,0.186,0.0293,72526.51,0.151,0.1473,-5.3,94.7204,101.8,0.018,0.005,101.8,45.1,44.6,47.8,50.5,,49.4,46.8,43.4,46.9,49.5,51.4,51.3,46.4,49.0,34758.0,168304.0,
2016-01-14,1416319.55,0.14,0.0173,412685.64,0.186,0.0293,72526.51,0.151,0.1473,-5.3,94.7204,101.8,0.018,0.005,101.8,45.1,44.6,47.8,50.5,,49.4,46.8,43.4,46.9,49.5,51.4,51.3,46.4,49.0,34758.0,168304.0,
2016-01-15,1416319.55,0.14,0.0173,412685.64,0.186,0.0293,72526.51,0.151,0.1473,-5.3,94.7204,101.8,0.018,0.005,101.8,45.1,44.6,47.8,50.5,,49.4,46.8,43.4,46.9,49.5,51.4,51.3,46.4,49.0,34758.0,168304.0,
2016-01-18,1416319.55,0.14,0.0173,412685.64,0.186,0.0293,72526.51,0.151,0.1473,-5.3,94.7204,101.8,0.018,0.005,101.8,45.1,44.6,47.8,50.5,,49.4,46.8,43.4,46.9,49.5,51.4,51.3,46.4,49.0,34758.0,168304.0,
2016-01-19,1416319.55,0.14,0.0173,412685.64,0.186,0.0293,72526.51,0.151,0.1473,-5.3,94.7204,101.8,0.018,0.005,101.8,45.1,44.6,47.8,50.5,,49.4,46.8,43.4,46.9,49.5,51.4,51.3,46.4,49.0,34758.0,168304.0,
2016-01-20,1416319.55,0.14,0.0173,412685.64,0.186,0.0293,72526.51,0.151,0.1473,-5.3,94.7204,101.8,0.018,0.005,101.8,45.1,44.6,47.8,50.5,,49.4,46.8,43.4,46.9,49.5,51.4,51.3,46.4,49.0,34758.0,168304.0,
2016-01-21,1416319.55,0.14,0.0173,412685.64,0.186,0.0293,72526.51,0.151,0.1473,-5.3,94.7204,101.8,0.018,0.005,101.8,45.1,44.6,47.8,50.5,,49.4,46.8,43.4,46.9,49.5,51.4,51.3,46.4,49.0,34758.0,168304.0,
2016-01-22,1416319.55,0.14,0.0173,412685.64,0.186,0.0293,72526.51,0.151,0.1473,-5.3,94.7204,101.8,0.018,0.005,101.8,45.1,44.6,47.8,50.5,,49.4,46.8,43.4,46.9,49.5,51.4,51.3,46.4,49.0,34758.0,168304.0,
2016-01-25,1416319.55,0.14,0.0173,412685.64,0.186,0.0293,72526.51,0.151,0.1473,-5.3,94.7204,101.8,0.018,0.005,101.8,45.1,44.6,47.8,50.5,,49.4,46.8,43.4,46.9,49.5,51.4,51.3,46.4,49.0,34758.0,168304.0,
2016-01-26,1416319.55,0.14,0.0173,412685.64,0.186,0.0293,72526.51,0.151,0.1473,-5.3,94.7204,101.8,0.018,0.005,101.8,45.1,44.6,47.8,50.5,,49.4,46.8,43.4,46.9,49.5,51.4,51.3,46.4,49.0,34758.0,168304.0,
2016-01-27,1416319.55,0.14,0.0173,412685.64,0.186,0.0293,72526.51,0.151,0.1473,-5.3,94.7204,101.8,0.018,0.005,101.8,45.1,44.6,47.8,50.5,,49.4,46.8,43.4,46.9,49.5,51.4,51.3,46.4,49.0,34758.0,168304.0,
2016-01-28,1416319.55,0.14,0.0173,412685.64,0.186,0.0293,72526.51,0.151,0.1473,-5.3,94.7204,101.8,0.018,0.005,101.8,45.1,44.6,47.8,50.5,,49.4,46.8,43.4,46.9,49.5,51.4,51.3,46.4,49.0,34758.0,168304.0,
2016-01-29,1416319.55,0.14,0.0173,412685.64,0.186,0.0293,72526.51,0.151,0.1473,-5.3,94.7204,101.8,0.018,0.005,101.8,45.1,44.6,47.8,50.5,,49.4,46.8,43.4,46.9,49.5,51.4,51.3,46.4,49.0,34758.0,168304.0,
2016-02-01,1424618.68,0.133,0.0059,392504.7,0.174,-0.0489,69421.5,-0.048,-0.0428,-4.9,94.9,102.3,0.023,0.016,102.0,50.2,46.4,47.6,49.8,47.3,49.0,48.0,43.9,47.4,48.6,50.2,53.3,45.8,47.9,8312.0,163007.0,
2016-02-02,1424618.68,0.133,0.0059,392504.7,0.174,-0.0489,69421.5,-0.048,-0.0428,-4.9,94.9,102.3,0.023,0.016,102.0,50.2,46.4,47.6,49.8,47.3,49.0,48.0,43.9,47.4,48.6,50.2,53.3,45.8,47.9,8312.0,163007.0,
2016-02-03,1424618.68,0.133,0.0059,392504.7,0.174,-0.0489,69421.5,-0.048,-0.0428,-4.9,94.9,102.3,0.023,0.016,102.0,50.2,46.4,47.6,49.8,47.3,49.0,48.0,43.9,47.4,48.6,50.2,53.3,45.8,47.9,8312.0,163007.0,
2016-02-04,1424618.68,0.133,0.0059,392504.7,0.174,-0.0489,69421.5,-0.048,-0.0428,-4.9,94.9,102.3,0.023,0.016,102.0,50.2,46.4,47.6,49.8,47.3,49.0,48.0,43.9,47.4,48.6,50.2,53.3,45.8,47.9,8312.0,163007.0,
2016-02-05,1424618.68,0.133,0.0059,392504.7,0.174,-0.0489,69421.5,-0.048,-0.0428,-4.9,94.9,102.3,0.023,0.016,102.0,50.2,46.4,47.6,49.8,47.3,49.0,48.0,43.9,47.4,48.6,50.2,53.3,45.8,47.9,8312.0,163007.0,
2016-02-15,1424618.68,0.133,0.0059,392504.7,0.174,-0.0489,69421.5,-0.048,-0.0428,-4.9,94.9,102.3,0.023,0.016,102.0,50.2,46.4,47.6,49.8,47.3,49.0,48.0,43.9,47.4,48.6,50.2,53.3,45.8,47.9,8312.0,163007.0,
2016-02-16,1424618.68,0.133,0.0059,392504.7,0.174,-0.0489,69421.5,-0.048,-0.0428,-4.9,94.9,102.3,0.023,0.016,102.0,50.2,46.4,47.6,49.8,47.3,49.0,48.0,43.9,47.4,48.6,50.2,53.3,45.8,47.9,8312.0,163007.0,
2016-02-17,1424618.68,0.133,0.0059,392504.7,0.174,-0.0489,69421.5,-0.048,-0.0428,-4.9,94.9,102.3,0.023,0.016,102.0,50.2,46.4,47.6,49.8,47.3,49.0,48.0,43.9,47.4,48.6,50.2,53.3,45.8,47.9,8312.0,163007.0,
2016-02-18,1424618.68,0.133,0.0059,392504.7,0.174,-0.0489,69421.5,-0.048,-0.0428,-4.9,94.9,102.3,0.023,0.016,102.0,50.2,46.4,47.6,49.8,47.3,49.0,48.0,43.9,47.4,48.6,50.2,53.3,45.8,47.9,8312.0,163007.0,
2016-02-19,1424618.68,0.133,0.0059,392504.7,0.174,-0.0489,69421.5,-0.048,-0.0428,-4.9,94.9,102.3,0.023,0.016,102.0,50.2,46.4,47.6,49.8,47.3,49.0,48.0,43.9,47.4,48.6,50.2,53.3,45.8,47.9,8312.0,163007.0,
2016-02-22,1424618.68,0.133,0.0059,392504.7,0.174,-0.0489,69421.5,-0.048,-0.0428,-4.9,94.9,102.3,0.023,0.016,102.0,50.2,46.4,47.6,49.8,47.3,49.0,48.0,43.9,47.4,48.6,50.2,53.3,45.8,47.9,8312.0,163007.0,
2016-02-23,1424618.68,0.133,0.0059,392504.7,0.174,-0.0489,69421.5,-0.048,-0.0428,-4.9,94.9,102.3,0.023,0.016,102.0,50.2,46.4,47.6,49.8,47.3,49.0,48.0,43.9,47.4,48.6,50.2,53.3,45.8,47.9,8312.0,163007.0,
2016-02-24,1424618.68,0.133,0.0059,392504.7,0.174,-0.0489,69421.5,-0.048,-0.0428,-4.9,94.9,102.3,0.023,0.016,102.0,50.2,46.4,47.6,49.8,47.3,49.0,48.0,43.9,47.4,48.6,50.2,53.3,45.8,47.9,8312.0,163007.0,
2016-02-25,1424618.68,0.133,0.0059,392504.7,0.174,-0.0489,69421.5,-0.048,-0.0428,-4.9,94.9,102.3,0.023,0.016,102.0,50.2,46.4,47.6,49.8,47.3,49.0,48.0,43.9,47.4,48.6,50.2,53.3,45.8,47.9,8312.0,163007.0,
2016-02-26,1424618.68,0.133,0.0059,392504.7,0.174,-0.0489,69421.5,-0.048,-0.0428,-4.9,94.9,102.3,0.023,0.016,102.0,50.2,46.4,47.6,49.8,47.3,49.0,48.0,43.9,47.4,48.6,50.2,53.3,45.8,47.9,8312.0,163007.0,
2016-02-29,1424618.68,0.133,0.0059,392504.7,0.174,-0.0489,69421.5,-0.048,-0.0428,-4.9,94.9,102.3,0.023,0.016,102.0,50.2,46.4,47.6,49.8,47.3,49.0,48.0,43.9,47.4,48.6,50.2,53.3,45.8,47.9,8312.0,163007.0,
2016-03-01,1446198.03,0.134,0.0151,411581.31,0.221,0.0486,64651.21,0.044,-0.0687,-4.3,95.1645,102.3,0.023,-0.004,102.1,55.3,46.0,48.1,51.3,50.9,50.2,48.2,45.7,50.2,51.4,52.3,54.8,50.1,52.6,23931.0,174505.0,
2016-03-02,1446198.03,0.134,0.0151,411581.31,0.221,0.0486,64651.21,0.044,-0.0687,-4.3,95.1645,102.3,0.023,-0.004,102.1,55.3,46.0,48.1,51.3,50.9,50.2,48.2,45.7,50.2,51.4,52.3,54.8,50.1,52.6,23931.0,174505.0,
2016-03-03,1446198.03,0.134,0.0151,411581.31,0.221,0.0486,64651.21,0.044,-0.0687,-4.3,95.1645,102.3,0.023,-0.004,102.1,55.3,46.0,48.1,51.3,50.9,50.2,48.2,45.7,50.2,51.4,52.3,54.8,50.1,52.6,23931.0,174505.0,
2016-03-04,1446198.03,0.134,0.0151,411581.31,0.221,0.0486,64651.21,0.044,-0.0687,-4.3,95.1645,102.3,0.023,-0.004,102.1,55.3,46.0,48.1,51.3,50.9,50.2,48.2,45.7,50.2,51.4,52.3,54.8,50.1,52.6,23931.0,174505.0,
2016-03-07,1446198.03,0.134,0.0151,411581.31,0.221,0.0486,64651.21,0.044,-0.0687,-4.3,95.1645,102.3,0.023,-0.004,102.1,55.3,46.0,48.1,51.3,50.9,50.2,48.2,45.7,50.2,51.4,52.3,54.8,50.1,52.6,23931.0,174505.0,
2016-03-08,1446198.03,0.134,0.0151,411581.31,0.221,0.0486,64651.21,0.044,-0.0687,-4.3,95.1645,102.3,0.023,-0.004,102.1,55.3,46.0,48.1,51.3,50.9,50.2,48.2,45.7,50.2,51.4,52.3,54.8,50.1,52.6,23931.0,174505.0,
2016-03-09,1446198.03,0.134,0.0151,411581.31,0.221,0.0486,64651.21,0.044,-0.0687,-4.3,95.1645,102.3,0.023,-0.004,102.1,55.3,46.0,48.1,51.3,50.9,50.2,48.2,45.7,50.2,51.4,52.3,54.8,50.1,52.6,23931.0,174505.0,
2016-03-10,1446198.03,0.134,0.0151,411581.31,0.221,0.0486,64651.21,0.044,-0.0687,-4.3,95.1645,102.3,0.023,-0.004,102.1,55.3,46.0,48.1,51.3,50.9,50.2,48.2,45.7,50.2,51.4,52.3,54.8,50.1,52.6,23931.0,174505.0,
2016-03-11,1446198.03,0.134,0.0151,411581.31,0.221,0.0486,64651.21,0.044,-0.0687,-4.3,95.1645,102.3,0.023,-0.004,102.1,55.3,46.0,48.1,51.3,50.9,50.2,48.2,45.7,50.2,51.4,52.3,54.8,50.1,52.6,23931.0,174505.0,
2016-03-14,1446198.03,0.134,0.0151,411581.31,0.221,0.0486,64651.21,0.044,-0.0687,-4.3,95.1645,102.3,0.023,-0.004,102.1,55.3,46.0,48.1,51.3,50.9,50.2,48.2,45.7,50.2,51.4,52.3,54.8,50.1,52.6,23931.0,174505.0,
2016-03-15,1446198.03,0.134,0.0151,411581.31,0.221,0.0486,64651.21,0.044,-0.0687,-4.3,95.1645,102.3,0.023,-0.004,102.1,55.3,46.0,48.1,51.3,50.9,50.2,48.2,45.7,50.2,51.4,52.3,54.8,50.1,52.6,23931.0,174505.0,
2016-03-16,1446198.03,0.134,0.0151,411581.31,0.221,0.0486,64651.21,0.044,-0.0687,-4.3,95.1645,102.3,0.023,-0.004,102.1,55.3,46.0,48.1,51.3,50.9,50.2,48.2,45.7,50.2,51.4,52.3,54.8,50.1,52.6,23931.0,174505.0,
2016-03-17,1446198.03,0.134,0.0151,411581.31,0.221,0.0486,64651.21,0.044,-0.0687,-4.3,95.1645,102.3,0.023,-0.004,102.1,55.3,46.0,48.1,51.3,50.9,50.2,48.2,45.7,50.2,51.4,52.3,54.8,50.1,52.6,23931.0,174505.0,
2016-03-18,1446198.03,0.134,0.0151,411581.31,0.221,0.0486,64651.21,0.044,-0.0687,-4.3,95.1645,102.3,0.023,-0.004,102.1,55.3,46.0,48.1,51.3,50.9,50.2,48.2,45.7,50.2,51.4,52.3,54.8,50.1,52.6,23931.0,174505.0,
2016-03-21,1446198.03,0.134,0.0151,411581.31,0.221,0.0486,64651.21,0.044,-0.0687,-4.3,95.1645,102.3,0.023,-0.004,102.1,55.3,46.0,48.1,51.3,50.9,50.2,48.2,45.7,50.2,51.4,52.3,54.8,50.1,52.6,23931.0,174505.0,
2016-03-22,1446198.03,0.134,0.0151,411581.31,0.221,0.0486,64651.21,0.044,-0.0687,-4.3,95.1645,102.3,0.023,-0.004,102.1,55.3,46.0,48.1,51.3,50.9,50.2,48.2,45.7,50.2,51.4,52.3,54.8,50.1,52.6,23931.0,174505.0,
2016-03-23,1446198.03,0.134,0.0151,411581.31,0.221,0.0486,64651.21,0.044,-0.0687,-4.3,95.1645,102.3,0.023,-0.004,102.1,55.3,46.0,48.1,51.3,50.9,50.2,48.2,45.7,50.2,51.4,52.3,54.8,50.1,52.6,23931.0,174505.0,
2016-03-24,1446198.03,0.134,0.0151,411581.31,0.221,0.0486,64651.21,0.044,-0.0687,-4.3,95.1645,102.3,0.023,-0.004,102.1,55.3,46.0,48.1,51.3,50.9,50.2,48.2,45.7,50.2,51.4,52.3,54.8,50.1,52.6,23931.0,174505.0,
2016-03-25,1446198.03,0.134,0.0151,411581.31,0.221,0.0486,64651.21,0.044,-0.0687,-4.3,95.1645,102.3,0.023,-0.004,102.1,55.3,46.0,48.1,51.3,50.9,50.2,48.2,45.7,50.2,51.4,52.3,54.8,50.1,52.6,23931.0,174505.0,
2016-03-28,1446198.03,0.134,0.0151,411581.31,0.221,0.0486,64651.21,0.044,-0.0687,-4.3,95.1645,102.3,0.023,-0.004,102.1,55.3,46.0,48.1,51.3,50.9,50.2,48.2,45.7,50.2,51.4,52.3,54.8,50.1,52.6,23931.0,174505.0,
2016-03-29,1446198.03,0.134,0.0151,411581.31,0.221,0.0486,64651.21,0.044,-0.0687,-4.3,95.1645,102.3,0.023,-0.004,102.1,55.3,46.0,48.1,51.3,50.9,50.2,48.2,45.7,50.2,51.4,52.3,54.8,50.1,52.6,23931.0,174505.0,
2016-03-30,1446198.03,0.134,0.0151,411581.31,0.221,0.0486,64651.21,0.044,-0.0687,-4.3,95.1645,102.3,0.023,-0.004,102.1,55.3,46.0,48.1,51.3,50.9,50.2,48.2,45.7,50.2,51.4,52.3,54.8,50.1,52.6,23931.0,174505.0,
2016-03-31,1446198.03,0.134,0.0151,411581.31,0.221,0.0486,64651.21,0.044,-0.0687,-4.3,95.1645,102.3,0.023,-0.004,102.1,55.3,46.0,48.1,51.3,50.9,50.2,48.2,45.7,50.2,51.4,52.3,54.8,50.1,52.6,23931.0,174505.0,
2016-04-01,1445209.59,0.128,-0.0007,413504.84,0.229,0.0047,64403.17,0.06,-0.0038,-3.4,95.5265,102.3,0.023,-0.002,102.2,57.6,45.5,47.8,50.1,51.7,50.1,47.4,44.8,50.1,51.0,52.2,55.0,49.5,51.0,7809.0,171732.0,
2016-04-05,1445209.59,0.128,-0.0007,413504.84,0.229,0.0047,64403.17,0.06,-0.0038,-3.4,95.5265,102.3,0.023,-0.002,102.2,57.6,45.5,47.8,50.1,51.7,50.1,47.4,44.8,50.1,51.0,52.2,55.0,49.5,51.0,7809.0,171732.0,
2016-04-06,1445209.59,0.128,-0.0007,413504.84,0.229,0.0047,64403.17,0.06,-0.0038,-3.4,95.5265,102.3,0.023,-0.002,102.2,57.6,45.5,47.8,50.1,51.7,50.1,47.4,44.8,50.1,51.0,52.2,55.0,49.5,51.0,7809.0,171732.0,
2016-04-07,1445209.59,0.128,-0.0007,413504.84,0.229,0.0047,64403.17,0.06,-0.0038,-3.4,95.5265,102.3,0.023,-0.002,102.2,57.6,45.5,47.8,50.1,51.7,50.1,47.4,44.8,50.1,51.0,52.2,55.0,49.5,51.0,7809.0,171732.0,
2016-04-08,1445209.59,0.128,-0.0007,413504.84,0.229,0.0047,64403.17,0.06,-0.0038,-3.4,95.5265,102.3,0.023,-0.002,102.2,57.6,45.5,47.8,50.1,51.7,50.1,47.4,44.8,50.1,51.0,52.2,55.0,49.5,51.0,7809.0,171732.0,
2016-04-11,1445209.59,0.128,-0.0007,413504.84,0.229,0.0047,64403.17,0.06,-0.0038,-3.4,95.5265,102.3,0.023,-0.002,102.2,57.6,45.5,47.8,50.1,51.7,50.1,47.4,44.8,50.1,51.0,52.2,55.0,49.5,51.0,7809.0,171732.0,
2016-04-12,1445209.59,0.128,-0.0007,413504.84,0.229,0.0047,64403.17,0.06,-0.0038,-3.4,95.5265,102.3,0.023,-0.002,102.2,57.6,45.5,47.8,50.1,51.7,50.1,47.4,44.8,50.1,51.0,52.2,55.0,49.5,51.0,7809.0,171732.0,
2016-04-13,1445209.59,0.128,-0.0007,413504.84,0.229,0.0047,64403.17,0.06,-0.0038,-3.4,95.5265,102.3,0.023,-0.002,102.2,57.6,45.5,47.8,50.1,51.7,50.1,47.4,44.8,50.1,51.0,52.2,55.0,49.5,51.0,7809.0,171732.0,
2016-04-14,1445209.59,0.128,-0.0007,413504.84,0.229,0.0047,64403.17,0.06,-0.0038,-3.4,95.5265,102.3,0.023,-0.002,102.2,57.6,45.5,47.8,50.1,51.7,50.1,47.4,44.8,50.1,51.0,52.2,55.0,49.5,51.0,7809.0,171732.0,
2016-04-15,1445209.59,0.128,-0.0007,413504.84,0.229,0.0047,64403.17,0.06,-0.0038,-3.4,95.5265,102.3,0.023,-0.002,102.2,57.6,45.5,47.8,50.1,51.7,50.1,47.4,44.8,50.1,51.0,52.2,55.0,49.5,51.0,7809.0,171732.0,
2016-04-18,1445209.59,0.128,-0.0007,413504.84,0.229,0.0047,64403.17,0.06,-0.0038,-3.4,95.5265,102.3,0.023,-0.002,102.2,57.6,45.5,47.8,50.1,51.7,50.1,47.4,44.8,50.1,51.0,52.2,55.0,49.5,51.0,7809.0,171732.0,
2016-04-19,1445209.59,0.128,-0.0007,413504.84,0.229,0.0047,64403.17,0.06,-0.0038,-3.4,95.5265,102.3,0.023,-0.002,102.2,57.6,45.5,47.8,50.1,51.7,50.1,47.4,44.8,50.1,51.0,52.2,55.0,49.5,51.0,7809.0,171732.0,
2016-04-20,1445209.59,0.128,-0.0007,413504.84,0.229,0.0047,64403.17,0.06,-0.0038,-3.4,95.5265,102.3,0.023,-0.002,102.2,57.6,45.5,47.8,50.1,51.7,50.1,47.4,44.8,50.1,51.0,52.2,55.0,49.5,51.0,7809.0,171732.0,
2016-04-21,1445209.59,0.128,-0.0007,413504.84,0.229,0.0047,64403.17,0.06,-0.0038,-3.4,95.5265,102.3,0.023,-0.002,102.2,57.6,45.5,47.8,50.1,51.7,50.1,47.4,44.8,50.1,51.0,52.2,55.0,49.5,51.0,7809.0,171732.0,
2016-04-22,1445209.59,0.128,-0.0007,413504.84,0.229,0.0047,64403.17,0.06,-0.0038,-3.4,95.5265,102.3,0.023,-0.002,102.2,57.6,45.5,47.8,50.1,51.7,50.1,47.4,44.8,50.1,51.0,52.2,55.0,49.5,51.0,7809.0,171732.0,
2016-04-25,1445209.59,0.128,-0.0007,413504.84,0.229,0.0047,64403.17,0.06,-0.0038,-3.4,95.5265,102.3,0.023,-0.002,102.2,57.6,45.5,47.8,50.1,51.7,50.1,47.4,44.8,50.1,51.0,52.2,55.0,49.5,51.0,7809.0,171732.0,
2016-04-26,1445209.59,0.128,-0.0007,413504.84,0.229,0.0047,64403.17,0.06,-0.0038,-3.4,95.5265,102.3,0.023,-0.002,102.2,57.6,45.5,47.8,50.1,51.7,50.1,47.4,44.8,50.1,51.0,52.2,55.0,49.5,51.0,7809.0,171732.0,
2016-04-27,1445209.59,0.128,-0.0007,413504.84,0.229,0.0047,64403.17,0.06,-0.0038,-3.4,95.5265,102.3,0.023,-0.002,102.2,57.6,45.5,47.8,50.1,51.7,50.1,47.4,44.8,50.1,51.0,52.2,55.0,49.5,51.0,7809.0,171732.0,
2016-04-28,1445209.59,0.128,-0.0007,413504.84,0.229,0.0047,64403.17,0.06,-0.0038,-3.4,95.5265,102.3,0.023,-0.002,102.2,57.6,45.5,47.8,50.1,51.7,50.1,47.4,44.8,50.1,51.0,52.2,55.0,49.5,51.0,7809.0,171732.0,
2016-04-29,1445209.59,0.128,-0.0007,413504.84,0.229,0.0047,64403.17,0.06,-0.0038,-3.4,95.5265,102.3,0.023,-0.002,102.2,57.6,45.5,47.8,50.1,51.7,50.1,47.4,44.8,50.1,51.0,52.2,55.0,49.5,51.0,7809.0,171732.0,
2016-05-03,1461695.11,0.118,0.0114,424250.7,0.237,0.026,62780.71,0.063,-0.0252,-2.8,95.9,102.0,0.02,-0.005,102.1,55.3,46.8,48.2,50.4,49.7,50.1,47.6,45.1,50.0,50.7,52.3,55.1,49.6,51.2,6770.0,166105.0,
2016-05-04,1461695.11,0.118,0.0114,424250.7,0.237,0.026,62780.71,0.063,-0.0252,-2.8,95.9,102.0,0.02,-0.005,102.1,55.3,46.8,48.2,50.4,49.7,50.1,47.6,45.1,50.0,50.7,52.3,55.1,49.6,51.2,6770.0,166105.0,
2016-05-05,1461695.11,0.118,0.0114,424250.7,0.237,0.026,62780.71,0.063,-0.0252,-2.8,95.9,102.0,0.02,-0.005,102.1,55.3,46.8,48.2,50.4,49.7,50.1,47.6,45.1,50.0,50.7,52.3,55.1,49.6,51.2,6770.0,166105.0,
2016-05-06,1461695.11,0.118,0.0114,424250.7,0.237,0.026,62780.71,0.063,-0.0252,-2.8,95.9,102.0,0.02,-0.005,102.1,55.3,46.8,48.2,50.4,49.7,50.1,47.6,45.1,50.0,50.7,52.3,55.1,49.6,51.2,6770.0,166105.0,
2016-05-09,1461695.11,0.118,0.0114,424250.7,0.237,0.026,62780.71,0.063,-0.0252,-2.8,95.9,102.0,0.02,-0.005,102.1,55.3,46.8,48.2,50.4,49.7,50.1,47.6,45.1,50.0,50.7,52.3,55.1,49.6,51.2,6770.0,166105.0,
2016-05-10,1461695.11,0.118,0.0114,424250.7,0.237,0.026,62780.71,0.063,-0.0252,-2.8,95.9,102.0,0.02,-0.005,102.1,55.3,46.8,48.2,50.4,49.7,50.1,47.6,45.1,50.0,50.7,52.3,55.1,49.6,51.2,6770.0,166105.0,
2016-05-11,1461695.11,0.118,0.0114,424250.7,0.237,0.026,62780.71,0.063,-0.0252,-2.8,95.9,102.0,0.02,-0.005,102.1,55.3,46.8,48.2,50.4,49.7,50.1,47.6,45.1,50.0,50.7,52.3,55.1,49.6,51.2,6770.0,166105.0,
2016-05-12,1461695.11,0.118,0.0114,424250.7,0.237,0.026,62780.71,0.063,-0.0252,-2.8,95.9,102.0,0.02,-0.005,102.1,55.3,46.8,48.2,50.4,49.7,50.1,47.6,45.1,50.0,50.7,52.3,55.1,49.6,51.2,6770.0,166105.0,
2016-05-13,1461695.11,0.118,0.0114,424250.7,0.237,0.026,62780.71,0.063,-0.0252,-2.8,95.9,102.0,0.02,-0.005,102.1,55.3,46.8,48.2,50.4,49.7,50.1,47.6,45.1,50.0,50.7,52.3,55.1,49.6,51.2,6770.0,166105.0,
2016-05-16,1461695.11,0.118,0.0114,424250.7,0.237,0.026,62780.71,0.063,-0.0252,-2.8,95.9,102.0,0.02,-0.005,102.1,55.3,46.8,48.2,50.4,49.7,50.1,47.6,45.1,50.0,50.7,52.3,55.1,49.6,51.2,6770.0,166105.0,
2016-05-17,1461695.11,0.118,0.0114,424250.7,0.237,0.026,62780.71,0.063,-0.0252,-2.8,95.9,102.0,0.02,-0.005,102.1,55.3,46.8,48.2,50.4,49.7,50.1,47.6,45.1,50.0,50.7,52.3,55.1,49.6,51.2,6770.0,166105.0,
2016-05-18,1461695.11,0.118,0.0114,424250.7,0.237,0.026,62780.71,0.063,-0.0252,-2.8,95.9,102.0,0.02,-0.005,102.1,55.3,46.8,48.2,50.4,49.7,50.1,47.6,45.1,50.0,50.7,52.3,55.1,49.6,51.2,6770.0,166105.0,
2016-05-19,1461695.11,0.118,0.0114,424250.7,0.237,0.026,62780.71,0.063,-0.0252,-2.8,95.9,102.0,0.02,-0.005,102.1,55.3,46.8,48.2,50.4,49.7,50.1,47.6,45.1,50.0,50.7,52.3,55.1,49.6,51.2,6770.0,166105.0,
2016-05-20,1461695.11,0.118,0.0114,424250.7,0.237,0.026,62780.71,0.063,-0.0252,-2.8,95.9,102.0,0.02,-0.005,102.1,55.3,46.8,48.2,50.4,49.7,50.1,47.6,45.1,50.0,50.7,52.3,55.1,49.6,51.2,6770.0,166105.0,
2016-05-23,1461695.11,0.118,0.0114,424250.7,0.237,0.026,62780.71,0.063,-0.0252,-2.8,95.9,102.0,0.02,-0.005,102.1,55.3,46.8,48.2,50.4,49.7,50.1,47.6,45.1,50.0,50.7,52.3,55.1,49.6,51.2,6770.0,166105.0,
2016-05-24,1461695.11,0.118,0.0114,424250.7,0.237,0.026,62780.71,0.063,-0.0252,-2.8,95.9,102.0,0.02,-0.005,102.1,55.3,46.8,48.2,50.4,49.7,50.1,47.6,45.1,50.0,50.7,52.3,55.1,49.6,51.2,6770.0,166105.0,
2016-05-25,1461695.11,0.118,0.0114,424250.7,0.237,0.026,62780.71,0.063,-0.0252,-2.8,95.9,102.0,0.02,-0.005,102.1,55.3,46.8,48.2,50.4,49.7,50.1,47.6,45.1,50.0,50.7,52.3,55.1,49.6,51.2,6770.0,166105.0,
2016-05-26,1461695.11,0.118,0.0114,424250.7,0.237,0.026,62780.71,0.063,-0.0252,-2.8,95.9,102.0,0.02,-0.005,102.1,55.3,46.8,48.2,50.4,49.7,50.1,47.6,45.1,50.0,50.7,52.3,55.1,49.6,51.2,6770.0,166105.0,
2016-05-27,1461695.11,0.118,0.0114,424250.7,0.237,0.026,62780.71,0.063,-0.0252,-2.8,95.9,102.0,0.02,-0.005,102.1,55.3,46.8,48.2,50.4,49.7,50.1,47.6,45.1,50.0,50.7,52.3,55.1,49.6,51.2,6770.0,166105.0,
2016-05-30,1461695.11,0.118,0.0114,424250.7,0.237,0.026,62780.71,0.063,-0.0252,-2.8,95.9,102.0,0.02,-0.005,102.1,55.3,46.8,48.2,50.4,49.7,50.1,47.6,45.1,50.0,50.7,52.3,55.1,49.6,51.2,6770.0,166105.0,
2016-05-31,1461695.11,0.118,0.0114,424250.7,0.237,0.026,62780.71,0.063,-0.0252,-2.8,95.9,102.0,0.02,-0.005,102.1,55.3,46.8,48.2,50.4,49.7,50.1,47.6,45.1,50.0,50.7,52.3,55.1,49.6,51.2,6770.0,166105.0,
2016-06-01,1490491.83,0.118,0.0197,443643.7,0.246,0.0457,62818.89,0.072,0.0006,-2.6,96.1,101.9,0.019,-0.001,102.1,51.3,46.5,47.9,50.7,47.0,50.0,47.0,45.0,49.6,50.5,52.5,55.2,49.1,50.5,16479.0,164200.0,
2016-06-02,1490491.83,0.118,0.0197,443643.7,0.246,0.0457,62818.89,0.072,0.0006,-2.6,96.1,101.9,0.019,-0.001,102.1,51.3,46.5,47.9,50.7,47.0,50.0,47.0,45.0,49.6,50.5,52.5,55.2,49.1,50.5,16479.0,164200.0,
2016-06-03,1490491.83,0.118,0.0197,443643.7,0.246,0.0457,62818.89,0.072,0.0006,-2.6,96.1,101.9,0.019,-0.001,102.1,51.3,46.5,47.9,50.7,47.0,50.0,47.0,45.0,49.6,50.5,52.5,55.2,49.1,50.5,16479.0,164200.0,
2016-06-06,1490491.83,0.118,0.0197,443643.7,0.246,0.0457,62818.89,0.072,0.0006,-2.6,96.1,101.9,0.019,-0.001,102.1,51.3,46.5,47.9,50.7,47.0,50.0,47.0,45.0,49.6,50.5,52.5,55.2,49.1,50.5,16479.0,164200.0,
2016-06-07,1490491.83,0.118,0.0197,443643.7,0.246,0.0457,62818.89,0.072,0.0006,-2.6,96.1,101.9,0.019,-0.001,102.1,51.3,46.5,47.9,50.7,47.0,50.0,47.0,45.0,49.6,50.5,52.5,55.2,49.1,50.5,16479.0,164200.0,
2016-06-08,1490491.83,0.118,0.0197,443643.7,0.246,0.0457,62818.89,0.072,0.0006,-2.6,96.1,101.9,0.019,-0.001,102.1,51.3,46.5,47.9,50.7,47.0,50.0,47.0,45.0,49.6,50.5,52.5,55.2,49.1,50.5,16479.0,164200.0,
2016-06-13,1490491.83,0.118,0.0197,443643.7,0.246,0.0457,62818.89,0.072,0.0006,-2.6,96.1,101.9,0.019,-0.001,102.1,51.3,46.5,47.9,50.7,47.0,50.0,47.0,45.0,49.6,50.5,52.5,55.2,49.1,50.5,16479.0,164200.0,
2016-06-14,1490491.83,0.118,0.0197,443643.7,0.246,0.0457,62818.89,0.072,0.0006,-2.6,96.1,101.9,0.019,-0.001,102.1,51.3,46.5,47.9,50.7,47.0,50.0,47.0,45.0,49.6,50.5,52.5,55.2,49.1,50.5,16479.0,164200.0,
2016-06-15,1490491.83,0.118,0.0197,443643.7,0.246,0.0457,62818.89,0.072,0.0006,-2.6,96.1,101.9,0.019,-0.001,102.1,51.3,46.5,47.9,50.7,47.0,50.0,47.0,45.0,49.6,50.5,52.5,55.2,49.1,50.5,16479.0,164200.0,
2016-06-16,1490491.83,0.118,0.0197,443643.7,0.246,0.0457,62818.89,0.072,0.0006,-2.6,96.1,101.9,0.019,-0.001,102.1,51.3,46.5,47.9,50.7,47.0,50.0,47.0,45.0,49.6,50.5,52.5,55.2,49.1,50.5,16479.0,164200.0,
2016-06-17,1490491.83,0.118,0.0197,443643.7,0.246,0.0457,62818.89,0.072,0.0006,-2.6,96.1,101.9,0.019,-0.001,102.1,51.3,46.5,47.9,50.7,47.0,50.0,47.0,45.0,49.6,50.5,52.5,55.2,49.1,50.5,16479.0,164200.0,
2016-06-20,1490491.83,0.118,0.0197,443643.7,0.246,0.0457,62818.89,0.072,0.0006,-2.6,96.1,101.9,0.019,-0.001,102.1,51.3,46.5,47.9,50.7,47.0,50.0,47.0,45.0,49.6,50.5,52.5,55.2,49.1,50.5,16479.0,164200.0,
2016-06-21,1490491.83,0.118,0.0197,443643.7,0.246,0.0457,62818.89,0.072,0.0006,-2.6,96.1,101.9,0.019,-0.001,102.1,51.3,46.5,47.9,50.7,47.0,50.0,47.0,45.0,49.6,50.5,52.5,55.2,49.1,50.5,16479.0,164200.0,
2016-06-22,1490491.83,0.118,0.0197,443643.7,0.246,0.0457,62818.89,0.072,0.0006,-2.6,96.1,101.9,0.019,-0.001,102.1,51.3,46.5,47.9,50.7,47.0,50.0,47.0,45.0,49.6,50.5,52.5,55.2,49.1,50.5,16479.0,164200.0,
2016-06-23,1490491.83,0.118,0.0197,443643.7,0.246,0.0457,62818.89,0.072,0.0006,-2.6,96.1,101.9,0.019,-0.001,102.1,51.3,46.5,47.9,50.7,47.0,50.0,47.0,45.0,49.6,50.5,52.5,55.2,49.1,50.5,16479.0,164200.0,
2016-06-24,1490491.83,0.118,0.0197,443643.7,0.246,0.0457,62818.89,0.072,0.0006,-2.6,96.1,101.9,0.019,-0.001,102.1,51.3,46.5,47.9,50.7,47.0,50.0,47.0,45.0,49.6,50.5,52.5,55.2,49.1,50.5,16479.0,164200.0,
2016-06-27,1490491.83,0.118,0.0197,443643.7,0.246,0.0457,62818.89,0.072,0.0006,-2.6,96.1,101.9,0.019,-0.001,102.1,51.3,46.5,47.9,50.7,47.0,50.0,47.0,45.0,49.6,50.5,52.5,55.2,49.1,50.5,16479.0,164200.0,
2016-06-28,1490491.83,0.118,0.0197,443643.7,0.246,0.0457,62818.89,0.072,0.0006,-2.6,96.1,101.9,0.019,-0.001,102.1,51.3,46.5,47.9,50.7,47.0,50.0,47.0,45.0,49.6,50.5,52.5,55.2,49.1,50.5,16479.0,164200.0,
2016-06-29,1490491.83,0.118,0.0197,443643.7,0.246,0.0457,62818.89,0.072,0.0006,-2.6,96.1,101.9,0.019,-0.001,102.1,51.3,46.5,47.9,50.7,47.0,50.0,47.0,45.0,49.6,50.5,52.5,55.2,49.1,50.5,16479.0,164200.0,
2016-06-30,1490491.83,0.118,0.0197,443643.7,0.246,0.0457,62818.89,0.072,0.0006,-2.6,96.1,101.9,0.019,-0.001,102.1,51.3,46.5,47.9,50.7,47.0,50.0,47.0,45.0,49.6,50.5,52.5,55.2,49.1,50.5,16479.0,164200.0,
2016-07-01,1491558.72,0.102,0.0007,442934.43,0.254,-0.0016,63276.01,0.072,0.0073,-1.7,96.4,101.8,0.018,0.002,102.1,54.6,46.8,48.2,50.5,50.0,49.9,47.3,45.5,49.0,50.4,52.1,55.8,49.3,50.5,4791.0,161480.0,
2016-07-04,1491558.72,0.102,0.0007,442934.43,0.254,-0.0016,63276.01,0.072,0.0073,-1.7,96.4,101.8,0.018,0.002,102.1,54.6,46.8,48.2,50.5,50.0,49.9,47.3,45.5,49.0,50.4,52.1,55.8,49.3,50.5,4791.0,161480.0,
2016-07-05,1491558.72,0.102,0.0007,442934.43,0.254,-0.0016,63276.01,0.072,0.0073,-1.7,96.4,101.8,0.018,0.002,102.1,54.6,46.8,48.2,50.5,50.0,49.9,47.3,45.5,49.0,50.4,52.1,55.8,49.3,50.5,4791.0,161480.0,
2016-07-06,1491558.72,0.102,0.0007,442934.43,0.254,-0.0016,63276.01,0.072,0.0073,-1.7,96.4,101.8,0.018,0.002,102.1,54.6,46.8,48.2,50.5,50.0,49.9,47.3,45.5,49.0,50.4,52.1,55.8,49.3,50.5,4791.0,161480.0,
2016-07-07,1491558.72,0.102,0.0007,442934.43,0.254,-0.0016,63276.01,0.072,0.0073,-1.7,96.4,101.8,0.018,0.002,102.1,54.6,46.8,48.2,50.5,50.0,49.9,47.3,45.5,49.0,50.4,52.1,55.8,49.3,50.5,4791.0,161480.0,
2016-07-08,1491558.72,0.102,0.0007,442934.43,0.254,-0.0016,63276.01,0.072,0.0073,-1.7,96.4,101.8,0.018,0.002,102.1,54.6,46.8,48.2,50.5,50.0,49.9,47.3,45.5,49.0,50.4,52.1,55.8,49.3,50.5,4791.0,161480.0,
2016-07-11,1491558.72,0.102,0.0007,442934.43,0.254,-0.0016,63276.01,0.072,0.0073,-1.7,96.4,101.8,0.018,0.002,102.1,54.6,46.8,48.2,50.5,50.0,49.9,47.3,45.5,49.0,50.4,52.1,55.8,49.3,50.5,4791.0,161480.0,
2016-07-12,1491558.72,0.102,0.0007,442934.43,0.254,-0.0016,63276.01,0.072,0.0073,-1.7,96.4,101.8,0.018,0.002,102.1,54.6,46.8,48.2,50.5,50.0,49.9,47.3,45.5,49.0,50.4,52.1,55.8,49.3,50.5,4791.0,161480.0,
2016-07-13,1491558.72,0.102,0.0007,442934.43,0.254,-0.0016,63276.01,0.072,0.0073,-1.7,96.4,101.8,0.018,0.002,102.1,54.6,46.8,48.2,50.5,50.0,49.9,47.3,45.5,49.0,50.4,52.1,55.8,49.3,50.5,4791.0,161480.0,
2016-07-14,1491558.72,0.102,0.0007,442934.43,0.254,-0.0016,63276.01,0.072,0.0073,-1.7,96.4,101.8,0.018,0.002,102.1,54.6,46.8,48.2,50.5,50.0,49.9,47.3,45.5,49.0,50.4,52.1,55.8,49.3,50.5,4791.0,161480.0,
2016-07-15,1491558.72,0.102,0.0007,442934.43,0.254,-0.0016,63276.01,0.072,0.0073,-1.7,96.4,101.8,0.018,0.002,102.1,54.6,46.8,48.2,50.5,50.0,49.9,47.3,45.5,49.0,50.4,52.1,55.8,49.3,50.5,4791.0,161480.0,
2016-07-18,1491558.72,0.102,0.0007,442934.43,0.254,-0.0016,63276.01,0.072,0.0073,-1.7,96.4,101.8,0.018,0.002,102.1,54.6,46.8,48.2,50.5,50.0,49.9,47.3,45.5,49.0,50.4,52.1,55.8,49.3,50.5,4791.0,161480.0,
2016-07-19,1491558.72,0.102,0.0007,442934.43,0.254,-0.0016,63276.01,0.072,0.0073,-1.7,96.4,101.8,0.018,0.002,102.1,54.6,46.8,48.2,50.5,50.0,49.9,47.3,45.5,49.0,50.4,52.1,55.8,49.3,50.5,4791.0,161480.0,
2016-07-20,1491558.72,0.102,0.0007,442934.43,0.254,-0.0016,63276.01,0.072,0.0073,-1.7,96.4,101.8,0.018,0.002,102.1,54.6,46.8,48.2,50.5,50.0,49.9,47.3,45.5,49.0,50.4,52.1,55.8,49.3,50.5,4791.0,161480.0,
2016-07-21,1491558.72,0.102,0.0007,442934.43,0.254,-0.0016,63276.01,0.072,0.0073,-1.7,96.4,101.8,0.018,0.002,102.1,54.6,46.8,48.2,50.5,50.0,49.9,47.3,45.5,49.0,50.4,52.1,55.8,49.3,50.5,4791.0,161480.0,
2016-07-22,1491558.72,0.102,0.0007,442934.43,0.254,-0.0016,63276.01,0.072,0.0073,-1.7,96.4,101.8,0.018,0.002,102.1,54.6,46.8,48.2,50.5,50.0,49.9,47.3,45.5,49.0,50.4,52.1,55.8,49.3,50.5,4791.0,161480.0,
2016-07-25,1491558.72,0.102,0.0007,442934.43,0.254,-0.0016,63276.01,0.072,0.0073,-1.7,96.4,101.8,0.018,0.002,102.1,54.6,46.8,48.2,50.5,50.0,49.9,47.3,45.5,49.0,50.4,52.1,55.8,49.3,50.5,4791.0,161480.0,
2016-07-26,1491558.72,0.102,0.0007,442934.43,0.254,-0.0016,63276.01,0.072,0.0073,-1.7,96.4,101.8,0.018,0.002,102.1,54.6,46.8,48.2,50.5,50.0,49.9,47.3,45.5,49.0,50.4,52.1,55.8,49.3,50.5,4791.0,161480.0,
2016-07-27,1491558.72,0.102,0.0007,442934.43,0.254,-0.0016,63276.01,0.072,0.0073,-1.7,96.4,101.8,0.018,0.002,102.1,54.6,46.8,48.2,50.5,50.0,49.9,47.3,45.5,49.0,50.4,52.1,55.8,49.3,50.5,4791.0,161480.0,
2016-07-28,1491558.72,0.102,0.0007,442934.43,0.254,-0.0016,63276.01,0.072,0.0073,-1.7,96.4,101.8,0.018,0.002,102.1,54.6,46.8,48.2,50.5,50.0,49.9,47.3,45.5,49.0,50.4,52.1,55.8,49.3,50.5,4791.0,161480.0,
2016-07-29,1491558.72,0.102,0.0007,442934.43,0.254,-0.0016,63276.01,0.072,0.0073,-1.7,96.4,101.8,0.018,0.002,102.1,54.6,46.8,48.2,50.5,50.0,49.9,47.3,45.5,49.0,50.4,52.1,55.8,49.3,50.5,4791.0,161480.0,
2016-08-01,1510982.91,0.114,0.013,454543.6,0.253,0.0262,63454.7,0.074,0.0028,-0.8,96.8,101.3,0.013,0.001,102.0,57.2,46.6,48.4,50.6,52.0,50.4,47.6,45.0,49.7,51.3,52.6,56.4,49.5,52.6,14605.0,164988.0,
2016-08-02,1510982.91,0.114,0.013,454543.6,0.253,0.0262,63454.7,0.074,0.0028,-0.8,96.8,101.3,0.013,0.001,102.0,57.2,46.6,48.4,50.6,52.0,50.4,47.6,45.0,49.7,51.3,52.6,56.4,49.5,52.6,14605.0,164988.0,
2016-08-03,1510982.91,0.114,0.013,454543.6,0.253,0.0262,63454.7,0.074,0.0028,-0.8,96.8,101.3,0.013,0.001,102.0,57.2,46.6,48.4,50.6,52.0,50.4,47.6,45.0,49.7,51.3,52.6,56.4,49.5,52.6,14605.0,164988.0,
2016-08-04,1510982.91,0.114,0.013,454543.6,0.253,0.0262,63454.7,0.074,0.0028,-0.8,96.8,101.3,0.013,0.001,102.0,57.2,46.6,48.4,50.6,52.0,50.4,47.6,45.0,49.7,51.3,52.6,56.4,49.5,52.6,14605.0,164988.0,
2016-08-05,1510982.91,0.114,0.013,454543.6,0.253,0.0262,63454.7,0.074,0.0028,-0.8,96.8,101.3,0.013,0.001,102.0,57.2,46.6,48.4,50.6,52.0,50.4,47.6,45.0,49.7,51.3,52.6,56.4,49.5,52.6,14605.0,164988.0,
2016-08-08,1510982.91,0.114,0.013,454543.6,0.253,0.0262,63454.7,0.074,0.0028,-0.8,96.8,101.3,0.013,0.001,102.0,57.2,46.6,48.4,50.6,52.0,50.4,47.6,45.0,49.7,51.3,52.6,56.4,49.5,52.6,14605.0,164988.0,
2016-08-09,1510982.91,0.114,0.013,454543.6,0.253,0.0262,63454.7,0.074,0.0028,-0.8,96.8,101.3,0.013,0.001,102.0,57.2,46.6,48.4,50.6,52.0,50.4,47.6,45.0,49.7,51.3,52.6,56.4,49.5,52.6,14605.0,164988.0,
2016-08-10,1510982.91,0.114,0.013,454543.6,0.253,0.0262,63454.7,0.074,0.0028,-0.8,96.8,101.3,0.013,0.001,102.0,57.2,46.6,48.4,50.6,52.0,50.4,47.6,45.0,49.7,51.3,52.6,56.4,49.5,52.6,14605.0,164988.0,
2016-08-11,1510982.91,0.114,0.013,454543.6,0.253,0.0262,63454.7,0.074,0.0028,-0.8,96.8,101.3,0.013,0.001,102.0,57.2,46.6,48.4,50.6,52.0,50.4,47.6,45.0,49.7,51.3,52.6,56.4,49.5,52.6,14605.0,164988.0,
2016-08-12,1510982.91,0.114,0.013,454543.6,0.253,0.0262,63454.7,0.074,0.0028,-0.8,96.8,101.3,0.013,0.001,102.0,57.2,46.6,48.4,50.6,52.0,50.4,47.6,45.0,49.7,51.3,52.6,56.4,49.5,52.6,14605.0,164988.0,
2016-08-15,1510982.91,0.114,0.013,454543.6,0.253,0.0262,63454.7,0.074,0.0028,-0.8,96.8,101.3,0.013,0.001,102.0,57.2,46.6,48.4,50.6,52.0,50.4,47.6,45.0,49.7,51.3,52.6,56.4,49.5,52.6,14605.0,164988.0,
2016-08-16,1510982.91,0.114,0.013,454543.6,0.253,0.0262,63454.7,0.074,0.0028,-0.8,96.8,101.3,0.013,0.001,102.0,57.2,46.6,48.4,50.6,52.0,50.4,47.6,45.0,49.7,51.3,52.6,56.4,49.5,52.6,14605.0,164988.0,
2016-08-17,1510982.91,0.114,0.013,454543.6,0.253,0.0262,63454.7,0.074,0.0028,-0.8,96.8,101.3,0.013,0.001,102.0,57.2,46.6,48.4,50.6,52.0,50.4,47.6,45.0,49.7,51.3,52.6,56.4,49.5,52.6,14605.0,164988.0,
2016-08-18,1510982.91,0.114,0.013,454543.6,0.253,0.0262,63454.7,0.074,0.0028,-0.8,96.8,101.3,0.013,0.001,102.0,57.2,46.6,48.4,50.6,52.0,50.4,47.6,45.0,49.7,51.3,52.6,56.4,49.5,52.6,14605.0,164988.0,
2016-08-19,1510982.91,0.114,0.013,454543.6,0.253,0.0262,63454.7,0.074,0.0028,-0.8,96.8,101.3,0.013,0.001,102.0,57.2,46.6,48.4,50.6,52.0,50.4,47.6,45.0,49.7,51.3,52.6,56.4,49.5,52.6,14605.0,164988.0,
2016-08-22,1510982.91,0.114,0.013,454543.6,0.253,0.0262,63454.7,0.074,0.0028,-0.8,96.8,101.3,0.013,0.001,102.0,57.2,46.6,48.4,50.6,52.0,50.4,47.6,45.0,49.7,51.3,52.6,56.4,49.5,52.6,14605.0,164988.0,
2016-08-23,1510982.91,0.114,0.013,454543.6,0.253,0.0262,63454.7,0.074,0.0028,-0.8,96.8,101.3,0.013,0.001,102.0,57.2,46.6,48.4,50.6,52.0,50.4,47.6,45.0,49.7,51.3,52.6,56.4,49.5,52.6,14605.0,164988.0,
2016-08-24,1510982.91,0.114,0.013,454543.6,0.253,0.0262,63454.7,0.074,0.0028,-0.8,96.8,101.3,0.013,0.001,102.0,57.2,46.6,48.4,50.6,52.0,50.4,47.6,45.0,49.7,51.3,52.6,56.4,49.5,52.6,14605.0,164988.0,
2016-08-25,1510982.91,0.114,0.013,454543.6,0.253,0.0262,63454.7,0.074,0.0028,-0.8,96.8,101.3,0.013,0.001,102.0,57.2,46.6,48.4,50.6,52.0,50.4,47.6,45.0,49.7,51.3,52.6,56.4,49.5,52.6,14605.0,164988.0,
2016-08-26,1510982.91,0.114,0.013,454543.6,0.253,0.0262,63454.7,0.074,0.0028,-0.8,96.8,101.3,0.013,0.001,102.0,57.2,46.6,48.4,50.6,52.0,50.4,47.6,45.0,49.7,51.3,52.6,56.4,49.5,52.6,14605.0,164988.0,
2016-08-29,1510982.91,0.114,0.013,454543.6,0.253,0.0262,63454.7,0.074,0.0028,-0.8,96.8,101.3,0.013,0.001,102.0,57.2,46.6,48.4,50.6,52.0,50.4,47.6,45.0,49.7,51.3,52.6,56.4,49.5,52.6,14605.0,164988.0,
2016-08-30,1510982.91,0.114,0.013,454543.6,0.253,0.0262,63454.7,0.074,0.0028,-0.8,96.8,101.3,0.013,0.001,102.0,57.2,46.6,48.4,50.6,52.0,50.4,47.6,45.0,49.7,51.3,52.6,56.4,49.5,52.6,14605.0,164988.0,
2016-08-31,1510982.91,0.114,0.013,454543.6,0.253,0.0262,63454.7,0.074,0.0028,-0.8,96.8,101.3,0.013,0.001,102.0,57.2,46.6,48.4,50.6,52.0,50.4,47.6,45.0,49.7,51.3,52.6,56.4,49.5,52.6,14605.0,164988.0,
2016-09-01,1516360.5,0.115,0.0036,454340.25,0.247,-0.0004,65068.62,0.066,0.0254,0.1,97.1,101.9,0.019,0.007,102.0,57.5,46.4,48.6,49.9,51.5,50.4,47.4,45.2,50.1,50.9,52.8,57.3,50.4,51.9,17115.0,168532.0,
2016-09-02,1516360.5,0.115,0.0036,454340.25,0.247,-0.0004,65068.62,0.066,0.0254,0.1,97.1,101.9,0.019,0.007,102.0,57.5,46.4,48.6,49.9,51.5,50.4,47.4,45.2,50.1,50.9,52.8,57.3,50.4,51.9,17115.0,168532.0,
2016-09-05,1516360.5,0.115,0.0036,454340.25,0.247,-0.0004,65068.62,0.066,0.0254,0.1,97.1,101.9,0.019,0.007,102.0,57.5,46.4,48.6,49.9,51.5,50.4,47.4,45.2,50.1,50.9,52.8,57.3,50.4,51.9,17115.0,168532.0,
2016-09-06,1516360.5,0.115,0.0036,454340.25,0.247,-0.0004,65068.62,0.066,0.0254,0.1,97.1,101.9,0.019,0.007,102.0,57.5,46.4,48.6,49.9,51.5,50.4,47.4,45.2,50.1,50.9,52.8,57.3,50.4,51.9,17115.0,168532.0,
2016-09-07,1516360.5,0.115,0.0036,454340.25,0.247,-0.0004,65068.62,0.066,0.0254,0.1,97.1,101.9,0.019,0.007,102.0,57.5,46.4,48.6,49.9,51.5,50.4,47.4,45.2,50.1,50.9,52.8,57.3,50.4,51.9,17115.0,168532.0,
2016-09-08,1516360.5,0.115,0.0036,454340.25,0.247,-0.0004,65068.62,0.066,0.0254,0.1,97.1,101.9,0.019,0.007,102.0,57.5,46.4,48.6,49.9,51.5,50.4,47.4,45.2,50.1,50.9,52.8,57.3,50.4,51.9,17115.0,168532.0,
2016-09-09,1516360.5,0.115,0.0036,454340.25,0.247,-0.0004,65068.62,0.066,0.0254,0.1,97.1,101.9,0.019,0.007,102.0,57.5,46.4,48.6,49.9,51.5,50.4,47.4,45.2,50.1,50.9,52.8,57.3,50.4,51.9,17115.0,168532.0,
2016-09-12,1516360.5,0.115,0.0036,454340.25,0.247,-0.0004,65068.62,0.066,0.0254,0.1,97.1,101.9,0.019,0.007,102.0,57.5,46.4,48.6,49.9,51.5,50.4,47.4,45.2,50.1,50.9,52.8,57.3,50.4,51.9,17115.0,168532.0,
2016-09-13,1516360.5,0.115,0.0036,454340.25,0.247,-0.0004,65068.62,0.066,0.0254,0.1,97.1,101.9,0.019,0.007,102.0,57.5,46.4,48.6,49.9,51.5,50.4,47.4,45.2,50.1,50.9,52.8,57.3,50.4,51.9,17115.0,168532.0,
2016-09-14,1516360.5,0.115,0.0036,454340.25,0.247,-0.0004,65068.62,0.066,0.0254,0.1,97.1,101.9,0.019,0.007,102.0,57.5,46.4,48.6,49.9,51.5,50.4,47.4,45.2,50.1,50.9,52.8,57.3,50.4,51.9,17115.0,168532.0,
2016-09-19,1516360.5,0.115,0.0036,454340.25,0.247,-0.0004,65068.62,0.066,0.0254,0.1,97.1,101.9,0.019,0.007,102.0,57.5,46.4,48.6,49.9,51.5,50.4,47.4,45.2,50.1,50.9,52.8,57.3,50.4,51.9,17115.0,168532.0,
2016-09-20,1516360.5,0.115,0.0036,454340.25,0.247,-0.0004,65068.62,0.066,0.0254,0.1,97.1,101.9,0.019,0.007,102.0,57.5,46.4,48.6,49.9,51.5,50.4,47.4,45.2,50.1,50.9,52.8,57.3,50.4,51.9,17115.0,168532.0,
2016-09-21,1516360.5,0.115,0.0036,454340.25,0.247,-0.0004,65068.62,0.066,0.0254,0.1,97.1,101.9,0.019,0.007,102.0,57.5,46.4,48.6,49.9,51.5,50.4,47.4,45.2,50.1,50.9,52.8,57.3,50.4,51.9,17115.0,168532.0,
2016-09-22,1516360.5,0.115,0.0036,454340.25,0.247,-0.0004,65068.62,0.066,0.0254,0.1,97.1,101.9,0.019,0.007,102.0,57.5,46.4,48.6,49.9,51.5,50.4,47.4,45.2,50.1,50.9,52.8,57.3,50.4,51.9,17115.0,168532.0,
2016-09-23,1516360.5,0.115,0.0036,454340.25,0.247,-0.0004,65068.62,0.066,0.0254,0.1,97.1,101.9,0.019,0.007,102.0,57.5,46.4,48.6,49.9,51.5,50.4,47.4,45.2,50.1,50.9,52.8,57.3,50.4,51.9,17115.0,168532.0,
2016-09-26,1516360.5,0.115,0.0036,454340.25,0.247,-0.0004,65068.62,0.066,0.0254,0.1,97.1,101.9,0.019,0.007,102.0,57.5,46.4,48.6,49.9,51.5,50.4,47.4,45.2,50.1,50.9,52.8,57.3,50.4,51.9,17115.0,168532.0,
2016-09-27,1516360.5,0.115,0.0036,454340.25,0.247,-0.0004,65068.62,0.066,0.0254,0.1,97.1,101.9,0.019,0.007,102.0,57.5,46.4,48.6,49.9,51.5,50.4,47.4,45.2,50.1,50.9,52.8,57.3,50.4,51.9,17115.0,168532.0,
2016-09-28,1516360.5,0.115,0.0036,454340.25,0.247,-0.0004,65068.62,0.066,0.0254,0.1,97.1,101.9,0.019,0.007,102.0,57.5,46.4,48.6,49.9,51.5,50.4,47.4,45.2,50.1,50.9,52.8,57.3,50.4,51.9,17115.0,168532.0,
2016-09-29,1516360.5,0.115,0.0036,454340.25,0.247,-0.0004,65068.62,0.066,0.0254,0.1,97.1,101.9,0.019,0.007,102.0,57.5,46.4,48.6,49.9,51.5,50.4,47.4,45.2,50.1,50.9,52.8,57.3,50.4,51.9,17115.0,168532.0,
2016-09-30,1516360.5,0.115,0.0036,454340.25,0.247,-0.0004,65068.62,0.066,0.0254,0.1,97.1,101.9,0.019,0.007,102.0,57.5,46.4,48.6,49.9,51.5,50.4,47.4,45.2,50.1,50.9,52.8,57.3,50.4,51.9,17115.0,168532.0,
2016-10-10,1519485.4,0.116,0.0021,465446.65,0.239,0.0244,64214.93,0.072,-0.0131,1.2,97.5,102.1,0.021,-0.001,102.0,62.6,46.9,48.8,50.2,55.5,51.2,48.1,45.8,49.2,52.8,53.3,58.2,49.9,52.4,8865.0,171804.0,
2016-10-11,1519485.4,0.116,0.0021,465446.65,0.239,0.0244,64214.93,0.072,-0.0131,1.2,97.5,102.1,0.021,-0.001,102.0,62.6,46.9,48.8,50.2,55.5,51.2,48.1,45.8,49.2,52.8,53.3,58.2,49.9,52.4,8865.0,171804.0,
2016-10-12,1519485.4,0.116,0.0021,465446.65,0.239,0.0244,64214.93,0.072,-0.0131,1.2,97.5,102.1,0.021,-0.001,102.0,62.6,46.9,48.8,50.2,55.5,51.2,48.1,45.8,49.2,52.8,53.3,58.2,49.9,52.4,8865.0,171804.0,
2016-10-13,1519485.4,0.116,0.0021,465446.65,0.239,0.0244,64214.93,0.072,-0.0131,1.2,97.5,102.1,0.021,-0.001,102.0,62.6,46.9,48.8,50.2,55.5,51.2,48.1,45.8,49.2,52.8,53.3,58.2,49.9,52.4,8865.0,171804.0,
2016-10-14,1519485.4,0.116,0.0021,465446.65,0.239,0.0244,64214.93,0.072,-0.0131,1.2,97.5,102.1,0.021,-0.001,102.0,62.6,46.9,48.8,50.2,55.5,51.2,48.1,45.8,49.2,52.8,53.3,58.2,49.9,52.4,8865.0,171804.0,
2016-10-17,1519485.4,0.116,0.0021,465446.65,0.239,0.0244,64214.93,0.072,-0.0131,1.2,97.5,102.1,0.021,-0.001,102.0,62.6,46.9,48.8,50.2,55.5,51.2,48.1,45.8,49.2,52.8,53.3,58.2,49.9,52.4,8865.0,171804.0,
2016-10-18,1519485.4,0.116,0.0021,465446.65,0.239,0.0244,64214.93,0.072,-0.0131,1.2,97.5,102.1,0.021,-0.001,102.0,62.6,46.9,48.8,50.2,55.5,51.2,48.1,45.8,49.2,52.8,53.3,58.2,49.9,52.4,8865.0,171804.0,
2016-10-19,1519485.4,0.116,0.0021,465446.65,0.239,0.0244,64214.93,0.072,-0.0131,1.2,97.5,102.1,0.021,-0.001,102.0,62.6,46.9,48.8,50.2,55.5,51.2,48.1,45.8,49.2,52.8,53.3,58.2,49.9,52.4,8865.0,171804.0,
2016-10-20,1519485.4,0.116,0.0021,465446.65,0.239,0.0244,64214.93,0.072,-0.0131,1.2,97.5,102.1,0.021,-0.001,102.0,62.6,46.9,48.8,50.2,55.5,51.2,48.1,45.8,49.2,52.8,53.3,58.2,49.9,52.4,8865.0,171804.0,
2016-10-21,1519485.4,0.116,0.0021,465446.65,0.239,0.0244,64214.93,0.072,-0.0131,1.2,97.5,102.1,0.021,-0.001,102.0,62.6,46.9,48.8,50.2,55.5,51.2,48.1,45.8,49.2,52.8,53.3,58.2,49.9,52.4,8865.0,171804.0,
2016-10-24,1519485.4,0.116,0.0021,465446.65,0.239,0.0244,64214.93,0.072,-0.0131,1.2,97.5,102.1,0.021,-0.001,102.0,62.6,46.9,48.8,50.2,55.5,51.2,48.1,45.8,49.2,52.8,53.3,58.2,49.9,52.4,8865.0,171804.0,
2016-10-25,1519485.4,0.116,0.0021,465446.65,0.239,0.0244,64214.93,0.072,-0.0131,1.2,97.5,102.1,0.021,-0.001,102.0,62.6,46.9,48.8,50.2,55.5,51.2,48.1,45.8,49.2,52.8,53.3,58.2,49.9,52.4,8865.0,171804.0,
2016-10-26,1519485.4,0.116,0.0021,465446.65,0.239,0.0244,64214.93,0.072,-0.0131,1.2,97.5,102.1,0.021,-0.001,102.0,62.6,46.9,48.8,50.2,55.5,51.2,48.1,45.8,49.2,52.8,53.3,58.2,49.9,52.4,8865.0,171804.0,
2016-10-27,1519485.4,0.116,0.0021,465446.65,0.239,0.0244,64214.93,0.072,-0.0131,1.2,97.5,102.1,0.021,-0.001,102.0,62.6,46.9,48.8,50.2,55.5,51.2,48.1,45.8,49.2,52.8,53.3,58.2,49.9,52.4,8865.0,171804.0,
2016-10-28,1519485.4,0.116,0.0021,465446.65,0.239,0.0244,64214.93,0.072,-0.0131,1.2,97.5,102.1,0.021,-0.001,102.0,62.6,46.9,48.8,50.2,55.5,51.2,48.1,45.8,49.2,52.8,53.3,58.2,49.9,52.4,8865.0,171804.0,
2016-10-31,1519485.4,0.116,0.0021,465446.65,0.239,0.0244,64214.93,0.072,-0.0131,1.2,97.5,102.1,0.021,-0.001,102.0,62.6,46.9,48.8,50.2,55.5,51.2,48.1,45.8,49.2,52.8,53.3,58.2,49.9,52.4,8865.0,171804.0,
2016-11-01,1530432.06,0.114,0.0072,475405.54,0.227,0.0214,64903.5,0.076,0.0107,3.3,98.0,102.3,0.023,0.001,102.0,68.3,45.9,49.2,49.7,58.3,51.7,48.4,46.7,50.3,53.2,53.9,59.0,50.6,52.9,18328.0,179877.0,
2016-11-02,1530432.06,0.114,0.0072,475405.54,0.227,0.0214,64903.5,0.076,0.0107,3.3,98.0,102.3,0.023,0.001,102.0,68.3,45.9,49.2,49.7,58.3,51.7,48.4,46.7,50.3,53.2,53.9,59.0,50.6,52.9,18328.0,179877.0,
2016-11-03,1530432.06,0.114,0.0072,475405.54,0.227,0.0214,64903.5,0.076,0.0107,3.3,98.0,102.3,0.023,0.001,102.0,68.3,45.9,49.2,49.7,58.3,51.7,48.4,46.7,50.3,53.2,53.9,59.0,50.6,52.9,18328.0,179877.0,
2016-11-04,1530432.06,0.114,0.0072,475405.54,0.227,0.0214,64903.5,0.076,0.0107,3.3,98.0,102.3,0.023,0.001,102.0,68.3,45.9,49.2,49.7,58.3,51.7,48.4,46.7,50.3,53.2,53.9,59.0,50.6,52.9,18328.0,179877.0,
2016-11-07,1530432.06,0.114,0.0072,475405.54,0.227,0.0214,64903.5,0.076,0.0107,3.3,98.0,102.3,0.023,0.001,102.0,68.3,45.9,49.2,49.7,58.3,51.7,48.4,46.7,50.3,53.2,53.9,59.0,50.6,52.9,18328.0,179877.0,
2016-11-08,1530432.06,0.114,0.0072,475405.54,0.227,0.0214,64903.5,0.076,0.0107,3.3,98.0,102.3,0.023,0.001,102.0,68.3,45.9,49.2,49.7,58.3,51.7,48.4,46.7,50.3,53.2,53.9,59.0,50.6,52.9,18328.0,179877.0,
2016-11-09,1530432.06,0.114,0.0072,475405.54,0.227,0.0214,64903.5,0.076,0.0107,3.3,98.0,102.3,0.023,0.001,102.0,68.3,45.9,49.2,49.7,58.3,51.7,48.4,46.7,50.3,53.2,53.9,59.0,50.6,52.9,18328.0,179877.0,
2016-11-10,1530432.06,0.114,0.0072,475405.54,0.227,0.0214,64903.5,0.076,0.0107,3.3,98.0,102.3,0.023,0.001,102.0,68.3,45.9,49.2,49.7,58.3,51.7,48.4,46.7,50.3,53.2,53.9,59.0,50.6,52.9,18328.0,179877.0,
2016-11-11,1530432.06,0.114,0.0072,475405.54,0.227,0.0214,64903.5,0.076,0.0107,3.3,98.0,102.3,0.023,0.001,102.0,68.3,45.9,49.2,49.7,58.3,51.7,48.4,46.7,50.3,53.2,53.9,59.0,50.6,52.9,18328.0,179877.0,
2016-11-14,1530432.06,0.114,0.0072,475405.54,0.227,0.0214,64903.5,0.076,0.0107,3.3,98.0,102.3,0.023,0.001,102.0,68.3,45.9,49.2,49.7,58.3,51.7,48.4,46.7,50.3,53.2,53.9,59.0,50.6,52.9,18328.0,179877.0,
2016-11-15,1530432.06,0.114,0.0072,475405.54,0.227,0.0214,64903.5,0.076,0.0107,3.3,98.0,102.3,0.023,0.001,102.0,68.3,45.9,49.2,49.7,58.3,51.7,48.4,46.7,50.3,53.2,53.9,59.0,50.6,52.9,18328.0,179877.0,
2016-11-16,1530432.06,0.114,0.0072,475405.54,0.227,0.0214,64903.5,0.076,0.0107,3.3,98.0,102.3,0.023,0.001,102.0,68.3,45.9,49.2,49.7,58.3,51.7,48.4,46.7,50.3,53.2,53.9,59.0,50.6,52.9,18328.0,179877.0,
2016-11-17,1530432.06,0.114,0.0072,475405.54,0.227,0.0214,64903.5,0.076,0.0107,3.3,98.0,102.3,0.023,0.001,102.0,68.3,45.9,49.2,49.7,58.3,51.7,48.4,46.7,50.3,53.2,53.9,59.0,50.6,52.9,18328.0,179877.0,
2016-11-18,1530432.06,0.114,0.0072,475405.54,0.227,0.0214,64903.5,0.076,0.0107,3.3,98.0,102.3,0.023,0.001,102.0,68.3,45.9,49.2,49.7,58.3,51.7,48.4,46.7,50.3,53.2,53.9,59.0,50.6,52.9,18328.0,179877.0,
2016-11-21,1530432.06,0.114,0.0072,475405.54,0.227,0.0214,64903.5,0.076,0.0107,3.3,98.0,102.3,0.023,0.001,102.0,68.3,45.9,49.2,49.7,58.3,51.7,48.4,46.7,50.3,53.2,53.9,59.0,50.6,52.9,18328.0,179877.0,
2016-11-22,1530432.06,0.114,0.0072,475405.54,0.227,0.0214,64903.5,0.076,0.0107,3.3,98.0,102.3,0.023,0.001,102.0,68.3,45.9,49.2,49.7,58.3,51.7,48.4,46.7,50.3,53.2,53.9,59.0,50.6,52.9,18328.0,179877.0,
2016-11-23,1530432.06,0.114,0.0072,475405.54,0.227,0.0214,64903.5,0.076,0.0107,3.3,98.0,102.3,0.023,0.001,102.0,68.3,45.9,49.2,49.7,58.3,51.7,48.4,46.7,50.3,53.2,53.9,59.0,50.6,52.9,18328.0,179877.0,
2016-11-24,1530432.06,0.114,0.0072,475405.54,0.227,0.0214,64903.5,0.076,0.0107,3.3,98.0,102.3,0.023,0.001,102.0,68.3,45.9,49.2,49.7,58.3,51.7,48.4,46.7,50.3,53.2,53.9,59.0,50.6,52.9,18328.0,179877.0,
2016-11-25,1530432.06,0.114,0.0072,475405.54,0.227,0.0214,64903.5,0.076,0.0107,3.3,98.0,102.3,0.023,0.001,102.0,68.3,45.9,49.2,49.7,58.3,51.7,48.4,46.7,50.3,53.2,53.9,59.0,50.6,52.9,18328.0,179877.0,
2016-11-28,1530432.06,0.114,0.0072,475405.54,0.227,0.0214,64903.5,0.076,0.0107,3.3,98.0,102.3,0.023,0.001,102.0,68.3,45.9,49.2,49.7,58.3,51.7,48.4,46.7,50.3,53.2,53.9,59.0,50.6,52.9,18328.0,179877.0,
2016-11-29,1530432.06,0.114,0.0072,475405.54,0.227,0.0214,64903.5,0.076,0.0107,3.3,98.0,102.3,0.023,0.001,102.0,68.3,45.9,49.2,49.7,58.3,51.7,48.4,46.7,50.3,53.2,53.9,59.0,50.6,52.9,18328.0,179877.0,
2016-11-30,1530432.06,0.114,0.0072,475405.54,0.227,0.0214,64903.5,0.076,0.0107,3.3,98.0,102.3,0.023,0.001,102.0,68.3,45.9,49.2,49.7,58.3,51.7,48.4,46.7,50.3,53.2,53.9,59.0,50.6,52.9,18328.0,179877.0,
2016-12-01,1550066.67,0.113,0.0128,486557.24,0.214,0.0235,68303.87,0.081,0.0524,5.5,98.6,102.1,0.021,0.002,102.0,69.6,44.4,48.9,50.0,58.8,51.4,48.0,46.2,50.1,53.2,53.3,58.2,50.3,52.1,16397.0,178160.0,15.6417546182706
2016-12-02,1550066.67,0.113,0.0128,486557.24,0.214,0.0235,68303.87,0.081,0.0524,5.5,98.6,102.1,0.021,0.002,102.0,69.6,44.4,48.9,50.0,58.8,51.4,48.0,46.2,50.1,53.2,53.3,58.2,50.3,52.1,16397.0,178160.0,15.6417546182706
2016-12-05,1550066.67,0.113,0.0128,486557.24,0.214,0.0235,68303.87,0.081,0.0524,5.5,98.6,102.1,0.021,0.002,102.0,69.6,44.4,48.9,50.0,58.8,51.4,48.0,46.2,50.1,53.2,53.3,58.2,50.3,52.1,16397.0,178160.0,15.6417546182706
2016-12-06,1550066.67,0.113,0.0128,486557.24,0.214,0.0235,68303.87,0.081,0.0524,5.5,98.6,102.1,0.021,0.002,102.0,69.6,44.4,48.9,50.0,58.8,51.4,48.0,46.2,50.1,53.2,53.3,58.2,50.3,52.1,16397.0,178160.0,15.6417546182706
2016-12-07,1550066.67,0.113,0.0128,486557.24,0.214,0.0235,68303.87,0.081,0.0524,5.5,98.6,102.1,0.021,0.002,102.0,69.6,44.4,48.9,50.0,58.8,51.4,48.0,46.2,50.1,53.2,53.3,58.2,50.3,52.1,16397.0,178160.0,15.6417546182706
2016-12-08,1550066.67,0.113,0.0128,486557.24,0.214,0.0235,68303.87,0.081,0.0524,5.5,98.6,102.1,0.021,0.002,102.0,69.6,44.4,48.9,50.0,58.8,51.4,48.0,46.2,50.1,53.2,53.3,58.2,50.3,52.1,16397.0,178160.0,15.6417546182706
2016-12-09,1550066.67,0.113,0.0128,486557.24,0.214,0.0235,68303.87,0.081,0.0524,5.5,98.6,102.1,0.021,0.002,102.0,69.6,44.4,48.9,50.0,58.8,51.4,48.0,46.2,50.1,53.2,53.3,58.2,50.3,52.1,16397.0,178160.0,15.6417546182706
2016-12-12,1550066.67,0.113,0.0128,486557.24,0.214,0.0235,68303.87,0.081,0.0524,5.5,98.6,102.1,0.021,0.002,102.0,69.6,44.4,48.9,50.0,58.8,51.4,48.0,46.2,50.1,53.2,53.3,58.2,50.3,52.1,16397.0,178160.0,15.6417546182706
2016-12-13,1550066.67,0.113,0.0128,486557.24,0.214,0.0235,68303.87,0.081,0.0524,5.5,98.6,102.1,0.021,0.002,102.0,69.6,44.4,48.9,50.0,58.8,51.4,48.0,46.2,50.1,53.2,53.3,58.2,50.3,52.1,16397.0,178160.0,15.6417546182706
2016-12-14,1550066.67,0.113,0.0128,486557.24,0.214,0.0235,68303.87,0.081,0.0524,5.5,98.6,102.1,0.021,0.002,102.0,69.6,44.4,48.9,50.0,58.8,51.4,48.0,46.2,50.1,53.2,53.3,58.2,50.3,52.1,16397.0,178160.0,15.6417546182706
2016-12-15,1550066.67,0.113,0.0128,486557.24,0.214,0.0235,68303.87,0.081,0.0524,5.5,98.6,102.1,0.021,0.002,102.0,69.6,44.4,48.9,50.0,58.8,51.4,48.0,46.2,50.1,53.2,53.3,58.2,50.3,52.1,16397.0,178160.0,15.6417546182706
2016-12-16,1550066.67,0.113,0.0128,486557.24,0.214,0.0235,68303.87,0.081,0.0524,5.5,98.6,102.1,0.021,0.002,102.0,69.6,44.4,48.9,50.0,58.8,51.4,48.0,46.2,50.1,53.2,53.3,58.2,50.3,52.1,16397.0,178160.0,15.6417546182706
2016-12-19,1550066.67,0.113,0.0128,486557.24,0.214,0.0235,68303.87,0.081,0.0524,5.5,98.6,102.1,0.021,0.002,102.0,69.6,44.4,48.9,50.0,58.8,51.4,48.0,46.2,50.1,53.2,53.3,58.2,50.3,52.1,16397.0,178160.0,15.6417546182706
2016-12-20,1550066.67,0.113,0.0128,486557.24,0.214,0.0235,68303.87,0.081,0.0524,5.5,98.6,102.1,0.021,0.002,102.0,69.6,44.4,48.9,50.0,58.8,51.4,48.0,46.2,50.1,53.2,53.3,58.2,50.3,52.1,16397.0,178160.0,15.6417546182706
2016-12-21,1550066.67,0.113,0.0128,486557.24,0.214,0.0235,68303.87,0.081,0.0524,5.5,98.6,102.1,0.021,0.002,102.0,69.6,44.4,48.9,50.0,58.8,51.4,48.0,46.2,50.1,53.2,53.3,58.2,50.3,52.1,16397.0,178160.0,15.6417546182706
2016-12-22,1550066.67,0.113,0.0128,486557.24,0.214,0.0235,68303.87,0.081,0.0524,5.5,98.6,102.1,0.021,0.002,102.0,69.6,44.4,48.9,50.0,58.8,51.4,48.0,46.2,50.1,53.2,53.3,58.2,50.3,52.1,16397.0,178160.0,15.6417546182706
2016-12-23,1550066.67,0.113,0.0128,486557.24,0.214,0.0235,68303.87,0.081,0.0524,5.5,98.6,102.1,0.021,0.002,102.0,69.6,44.4,48.9,50.0,58.8,51.4,48.0,46.2,50.1,53.2,53.3,58.2,50.3,52.1,16397.0,178160.0,15.6417546182706
2016-12-26,1550066.67,0.113,0.0128,486557.24,0.214,0.0235,68303.87,0.081,0.0524,5.5,98.6,102.1,0.021,0.002,102.0,69.6,44.4,48.9,50.0,58.8,51.4,48.0,46.2,50.1,53.2,53.3,58.2,50.3,52.1,16397.0,178160.0,15.6417546182706
2016-12-27,1550066.67,0.113,0.0128,486557.24,0.214,0.0235,68303.87,0.081,0.0524,5.5,98.6,102.1,0.021,0.002,102.0,69.6,44.4,48.9,50.0,58.8,51.4,48.0,46.2,50.1,53.2,53.3,58.2,50.3,52.1,16397.0,178160.0,15.6417546182706
2016-12-28,1550066.67,0.113,0.0128,486557.24,0.214,0.0235,68303.87,0.081,0.0524,5.5,98.6,102.1,0.021,0.002,102.0,69.6,44.4,48.9,50.0,58.8,51.4,48.0,46.2,50.1,53.2,53.3,58.2,50.3,52.1,16397.0,178160.0,15.6417546182706
2016-12-29,1550066.67,0.113,0.0128,486557.24,0.214,0.0235,68303.87,0.081,0.0524,5.5,98.6,102.1,0.021,0.002,102.0,69.6,44.4,48.9,50.0,58.8,51.4,48.0,46.2,50.1,53.2,53.3,58.2,50.3,52.1,16397.0,178160.0,15.6417546182706
2016-12-30,1550066.67,0.113,0.0128,486557.24,0.214,0.0235,68303.87,0.081,0.0524,5.5,98.6,102.1,0.021,0.002,102.0,69.6,44.4,48.9,50.0,58.8,51.4,48.0,46.2,50.1,53.2,53.3,58.2,50.3,52.1,16397.0,178160.0,15.6417546182706
2017-01-03,1584194.56,0.107,0.022,472526.45,0.145,-0.0288,86598.61,0.194,0.2678,6.9,106.9,102.5,0.025,0.01,102.5,64.5,45.0,49.2,49.8,54.7,51.3,48.0,46.3,50.3,52.8,53.1,58.5,50.7,52.6,36970.0,180372.0,7.17035839908737
2017-01-04,1584194.56,0.107,0.022,472526.45,0.145,-0.0288,86598.61,0.194,0.2678,6.9,106.9,102.5,0.025,0.01,102.5,64.5,45.0,49.2,49.8,54.7,51.3,48.0,46.3,50.3,52.8,53.1,58.5,50.7,52.6,36970.0,180372.0,7.17035839908737
2017-01-05,1584194.56,0.107,0.022,472526.45,0.145,-0.0288,86598.61,0.194,0.2678,6.9,106.9,102.5,0.025,0.01,102.5,64.5,45.0,49.2,49.8,54.7,51.3,48.0,46.3,50.3,52.8,53.1,58.5,50.7,52.6,36970.0,180372.0,7.17035839908737
2017-01-06,1584194.56,0.107,0.022,472526.45,0.145,-0.0288,86598.61,0.194,0.2678,6.9,106.9,102.5,0.025,0.01,102.5,64.5,45.0,49.2,49.8,54.7,51.3,48.0,46.3,50.3,52.8,53.1,58.5,50.7,52.6,36970.0,180372.0,7.17035839908737
2017-01-09,1584194.56,0.107,0.022,472526.45,0.145,-0.0288,86598.61,0.194,0.2678,6.9,106.9,102.5,0.025,0.01,102.5,64.5,45.0,49.2,49.8,54.7,51.3,48.0,46.3,50.3,52.8,53.1,58.5,50.7,52.6,36970.0,180372.0,7.17035839908737
2017-01-10,1584194.56,0.107,0.022,472526.45,0.145,-0.0288,86598.61,0.194,0.2678,6.9,106.9,102.5,0.025,0.01,102.5,64.5,45.0,49.2,49.8,54.7,51.3,48.0,46.3,50.3,52.8,53.1,58.5,50.7,52.6,36970.0,180372.0,7.17035839908737
2017-01-11,1584194.56,0.107,0.022,472526.45,0.145,-0.0288,86598.61,0.194,0.2678,6.9,106.9,102.5,0.025,0.01,102.5,64.5,45.0,49.2,49.8,54.7,51.3,48.0,46.3,50.3,52.8,53.1,58.5,50.7,52.6,36970.0,180372.0,7.17035839908737
2017-01-12,1584194.56,0.107,0.022,472526.45,0.145,-0.0288,86598.61,0.194,0.2678,6.9,106.9,102.5,0.025,0.01,102.5,64.5,45.0,49.2,49.8,54.7,51.3,48.0,46.3,50.3,52.8,53.1,58.5,50.7,52.6,36970.0,180372.0,7.17035839908737
2017-01-13,1584194.56,0.107,0.022,472526.45,0.145,-0.0288,86598.61,0.194,0.2678,6.9,106.9,102.5,0.025,0.01,102.5,64.5,45.0,49.2,49.8,54.7,51.3,48.0,46.3,50.3,52.8,53.1,58.5,50.7,52.6,36970.0,180372.0,7.17035839908737
2017-01-16,1584194.56,0.107,0.022,472526.45,0.145,-0.0288,86598.61,0.194,0.2678,6.9,106.9,102.5,0.025,0.01,102.5,64.5,45.0,49.2,49.8,54.7,51.3,48.0,46.3,50.3,52.8,53.1,58.5,50.7,52.6,36970.0,180372.0,7.17035839908737
2017-01-17,1584194.56,0.107,0.022,472526.45,0.145,-0.0288,86598.61,0.194,0.2678,6.9,106.9,102.5,0.025,0.01,102.5,64.5,45.0,49.2,49.8,54.7,51.3,48.0,46.3,50.3,52.8,53.1,58.5,50.7,52.6,36970.0,180372.0,7.17035839908737
2017-01-18,1584194.56,0.107,0.022,472526.45,0.145,-0.0288,86598.61,0.194,0.2678,6.9,106.9,102.5,0.025,0.01,102.5,64.5,45.0,49.2,49.8,54.7,51.3,48.0,46.3,50.3,52.8,53.1,58.5,50.7,52.6,36970.0,180372.0,7.17035839908737
2017-01-19,1584194.56,0.107,0.022,472526.45,0.145,-0.0288,86598.61,0.194,0.2678,6.9,106.9,102.5,0.025,0.01,102.5,64.5,45.0,49.2,49.8,54.7,51.3,48.0,46.3,50.3,52.8,53.1,58.5,50.7,52.6,36970.0,180372.0,7.17035839908737
2017-01-20,1584194.56,0.107,0.022,472526.45,0.145,-0.0288,86598.61,0.194,0.2678,6.9,106.9,102.5,0.025,0.01,102.5,64.5,45.0,49.2,49.8,54.7,51.3,48.0,46.3,50.3,52.8,53.1,58.5,50.7,52.6,36970.0,180372.0,7.17035839908737
2017-01-23,1584194.56,0.107,0.022,472526.45,0.145,-0.0288,86598.61,0.194,0.2678,6.9,106.9,102.5,0.025,0.01,102.5,64.5,45.0,49.2,49.8,54.7,51.3,48.0,46.3,50.3,52.8,53.1,58.5,50.7,52.6,36970.0,180372.0,7.17035839908737
2017-01-24,1584194.56,0.107,0.022,472526.45,0.145,-0.0288,86598.61,0.194,0.2678,6.9,106.9,102.5,0.025,0.01,102.5,64.5,45.0,49.2,49.8,54.7,51.3,48.0,46.3,50.3,52.8,53.1,58.5,50.7,52.6,36970.0,180372.0,7.17035839908737
2017-01-25,1584194.56,0.107,0.022,472526.45,0.145,-0.0288,86598.61,0.194,0.2678,6.9,106.9,102.5,0.025,0.01,102.5,64.5,45.0,49.2,49.8,54.7,51.3,48.0,46.3,50.3,52.8,53.1,58.5,50.7,52.6,36970.0,180372.0,7.17035839908737
2017-01-26,1584194.56,0.107,0.022,472526.45,0.145,-0.0288,86598.61,0.194,0.2678,6.9,106.9,102.5,0.025,0.01,102.5,64.5,45.0,49.2,49.8,54.7,51.3,48.0,46.3,50.3,52.8,53.1,58.5,50.7,52.6,36970.0,180372.0,7.17035839908737
2017-02-03,1589857.0,0.1045,0.0036,476527.6,0.214,0.0085,71727.69,0.033,-0.1717,7.8,107.3,100.8,0.008,-0.002,101.7,64.2,47.6,49.7,50.5,56.3,51.6,48.6,46.0,50.8,53.0,53.7,60.0,51.2,51.4,10908.0,182968.0,12.245486390155
2017-02-06,1589857.0,0.1045,0.0036,476527.6,0.214,0.0085,71727.69,0.033,-0.1717,7.8,107.3,100.8,0.008,-0.002,101.7,64.2,47.6,49.7,50.5,56.3,51.6,48.6,46.0,50.8,53.0,53.7,60.0,51.2,51.4,10908.0,182968.0,12.245486390155
2017-02-07,1589857.0,0.1045,0.0036,476527.6,0.214,0.0085,71727.69,0.033,-0.1717,7.8,107.3,100.8,0.008,-0.002,101.7,64.2,47.6,49.7,50.5,56.3,51.6,48.6,46.0,50.8,53.0,53.7,60.0,51.2,51.4,10908.0,182968.0,12.245486390155
2017-02-08,1589857.0,0.1045,0.0036,476527.6,0.214,0.0085,71727.69,0.033,-0.1717,7.8,107.3,100.8,0.008,-0.002,101.7,64.2,47.6,49.7,50.5,56.3,51.6,48.6,46.0,50.8,53.0,53.7,60.0,51.2,51.4,10908.0,182968.0,12.245486390155
2017-02-09,1589857.0,0.1045,0.0036,476527.6,0.214,0.0085,71727.69,0.033,-0.1717,7.8,107.3,100.8,0.008,-0.002,101.7,64.2,47.6,49.7,50.5,56.3,51.6,48.6,46.0,50.8,53.0,53.7,60.0,51.2,51.4,10908.0,182968.0,12.245486390155
2017-02-10,1589857.0,0.1045,0.0036,476527.6,0.214,0.0085,71727.69,0.033,-0.1717,7.8,107.3,100.8,0.008,-0.002,101.7,64.2,47.6,49.7,50.5,56.3,51.6,48.6,46.0,50.8,53.0,53.7,60.0,51.2,51.4,10908.0,182968.0,12.245486390155
2017-02-13,1589857.0,0.1045,0.0036,476527.6,0.214,0.0085,71727.69,0.033,-0.1717,7.8,107.3,100.8,0.008,-0.002,101.7,64.2,47.6,49.7,50.5,56.3,51.6,48.6,46.0,50.8,53.0,53.7,60.0,51.2,51.4,10908.0,182968.0,12.245486390155
2017-02-14,1589857.0,0.1045,0.0036,476527.6,0.214,0.0085,71727.69,0.033,-0.1717,7.8,107.3,100.8,0.008,-0.002,101.7,64.2,47.6,49.7,50.5,56.3,51.6,48.6,46.0,50.8,53.0,53.7,60.0,51.2,51.4,10908.0,182968.0,12.245486390155
2017-02-15,1589857.0,0.1045,0.0036,476527.6,0.214,0.0085,71727.69,0.033,-0.1717,7.8,107.3,100.8,0.008,-0.002,101.7,64.2,47.6,49.7,50.5,56.3,51.6,48.6,46.0,50.8,53.0,53.7,60.0,51.2,51.4,10908.0,182968.0,12.245486390155
2017-02-16,1589857.0,0.1045,0.0036,476527.6,0.214,0.0085,71727.69,0.033,-0.1717,7.8,107.3,100.8,0.008,-0.002,101.7,64.2,47.6,49.7,50.5,56.3,51.6,48.6,46.0,50.8,53.0,53.7,60.0,51.2,51.4,10908.0,182968.0,12.245486390155
2017-02-17,1589857.0,0.1045,0.0036,476527.6,0.214,0.0085,71727.69,0.033,-0.1717,7.8,107.3,100.8,0.008,-0.002,101.7,64.2,47.6,49.7,50.5,56.3,51.6,48.6,46.0,50.8,53.0,53.7,60.0,51.2,51.4,10908.0,182968.0,12.245486390155
2017-02-20,1589857.0,0.1045,0.0036,476527.6,0.214,0.0085,71727.69,0.033,-0.1717,7.8,107.3,100.8,0.008,-0.002,101.7,64.2,47.6,49.7,50.5,56.3,51.6,48.6,46.0,50.8,53.0,53.7,60.0,51.2,51.4,10908.0,182968.0,12.245486390155
2017-02-21,1589857.0,0.1045,0.0036,476527.6,0.214,0.0085,71727.69,0.033,-0.1717,7.8,107.3,100.8,0.008,-0.002,101.7,64.2,47.6,49.7,50.5,56.3,51.6,48.6,46.0,50.8,53.0,53.7,60.0,51.2,51.4,10908.0,182968.0,12.245486390155
2017-02-22,1589857.0,0.1045,0.0036,476527.6,0.214,0.0085,71727.69,0.033,-0.1717,7.8,107.3,100.8,0.008,-0.002,101.7,64.2,47.6,49.7,50.5,56.3,51.6,48.6,46.0,50.8,53.0,53.7,60.0,51.2,51.4,10908.0,182968.0,12.245486390155
2017-02-23,1589857.0,0.1045,0.0036,476527.6,0.214,0.0085,71727.69,0.033,-0.1717,7.8,107.3,100.8,0.008,-0.002,101.7,64.2,47.6,49.7,50.5,56.3,51.6,48.6,46.0,50.8,53.0,53.7,60.0,51.2,51.4,10908.0,182968.0,12.245486390155
2017-02-24,1589857.0,0.1045,0.0036,476527.6,0.214,0.0085,71727.69,0.033,-0.1717,7.8,107.3,100.8,0.008,-0.002,101.7,64.2,47.6,49.7,50.5,56.3,51.6,48.6,46.0,50.8,53.0,53.7,60.0,51.2,51.4,10908.0,182968.0,12.245486390155
2017-02-27,1589857.0,0.1045,0.0036,476527.6,0.214,0.0085,71727.69,0.033,-0.1717,7.8,107.3,100.8,0.008,-0.002,101.7,64.2,47.6,49.7,50.5,56.3,51.6,48.6,46.0,50.8,53.0,53.7,60.0,51.2,51.4,10908.0,182968.0,12.245486390155
2017-02-28,1589857.0,0.1045,0.0036,476527.6,0.214,0.0085,71727.69,0.033,-0.1717,7.8,107.3,100.8,0.008,-0.002,101.7,64.2,47.6,49.7,50.5,56.3,51.6,48.6,46.0,50.8,53.0,53.7,60.0,51.2,51.4,10908.0,182968.0,12.245486390155
2017-03-01,1607938.98,0.1012,0.0114,488770.09,0.188,0.0257,68605.05,0.061,-0.0435,7.6,107.4,100.9,0.009,-0.003,101.4,59.3,47.3,50.0,50.3,53.2,51.8,48.3,46.1,51.0,53.3,54.2,58.3,50.5,53.4,21186.0,180223.0,3.27669694278101
2017-03-02,1607938.98,0.1012,0.0114,488770.09,0.188,0.0257,68605.05,0.061,-0.0435,7.6,107.4,100.9,0.009,-0.003,101.4,59.3,47.3,50.0,50.3,53.2,51.8,48.3,46.1,51.0,53.3,54.2,58.3,50.5,53.4,21186.0,180223.0,3.27669694278101
2017-03-03,1607938.98,0.1012,0.0114,488770.09,0.188,0.0257,68605.05,0.061,-0.0435,7.6,107.4,100.9,0.009,-0.003,101.4,59.3,47.3,50.0,50.3,53.2,51.8,48.3,46.1,51.0,53.3,54.2,58.3,50.5,53.4,21186.0,180223.0,3.27669694278101
2017-03-06,1607938.98,0.1012,0.0114,488770.09,0.188,0.0257,68605.05,0.061,-0.0435,7.6,107.4,100.9,0.009,-0.003,101.4,59.3,47.3,50.0,50.3,53.2,51.8,48.3,46.1,51.0,53.3,54.2,58.3,50.5,53.4,21186.0,180223.0,3.27669694278101
2017-03-07,1607938.98,0.1012,0.0114,488770.09,0.188,0.0257,68605.05,0.061,-0.0435,7.6,107.4,100.9,0.009,-0.003,101.4,59.3,47.3,50.0,50.3,53.2,51.8,48.3,46.1,51.0,53.3,54.2,58.3,50.5,53.4,21186.0,180223.0,3.27669694278101
2017-03-08,1607938.98,0.1012,0.0114,488770.09,0.188,0.0257,68605.05,0.061,-0.0435,7.6,107.4,100.9,0.009,-0.003,101.4,59.3,47.3,50.0,50.3,53.2,51.8,48.3,46.1,51.0,53.3,54.2,58.3,50.5,53.4,21186.0,180223.0,3.27669694278101
2017-03-09,1607938.98,0.1012,0.0114,488770.09,0.188,0.0257,68605.05,0.061,-0.0435,7.6,107.4,100.9,0.009,-0.003,101.4,59.3,47.3,50.0,50.3,53.2,51.8,48.3,46.1,51.0,53.3,54.2,58.3,50.5,53.4,21186.0,180223.0,3.27669694278101
2017-03-10,1607938.98,0.1012,0.0114,488770.09,0.188,0.0257,68605.05,0.061,-0.0435,7.6,107.4,100.9,0.009,-0.003,101.4,59.3,47.3,50.0,50.3,53.2,51.8,48.3,46.1,51.0,53.3,54.2,58.3,50.5,53.4,21186.0,180223.0,3.27669694278101
2017-03-13,1607938.98,0.1012,0.0114,488770.09,0.188,0.0257,68605.05,0.061,-0.0435,7.6,107.4,100.9,0.009,-0.003,101.4,59.3,47.3,50.0,50.3,53.2,51.8,48.3,46.1,51.0,53.3,54.2,58.3,50.5,53.4,21186.0,180223.0,3.27669694278101
2017-03-14,1607938.98,0.1012,0.0114,488770.09,0.188,0.0257,68605.05,0.061,-0.0435,7.6,107.4,100.9,0.009,-0.003,101.4,59.3,47.3,50.0,50.3,53.2,51.8,48.3,46.1,51.0,53.3,54.2,58.3,50.5,53.4,21186.0,180223.0,3.27669694278101
2017-03-15,1607938.98,0.1012,0.0114,488770.09,0.188,0.0257,68605.05,0.061,-0.0435,7.6,107.4,100.9,0.009,-0.003,101.4,59.3,47.3,50.0,50.3,53.2,51.8,48.3,46.1,51.0,53.3,54.2,58.3,50.5,53.4,21186.0,180223.0,3.27669694278101
2017-03-16,1607938.98,0.1012,0.0114,488770.09,0.188,0.0257,68605.05,0.061,-0.0435,7.6,107.4,100.9,0.009,-0.003,101.4,59.3,47.3,50.0,50.3,53.2,51.8,48.3,46.1,51.0,53.3,54.2,58.3,50.5,53.4,21186.0,180223.0,3.27669694278101
2017-03-17,1607938.98,0.1012,0.0114,488770.09,0.188,0.0257,68605.05,0.061,-0.0435,7.6,107.4,100.9,0.009,-0.003,101.4,59.3,47.3,50.0,50.3,53.2,51.8,48.3,46.1,51.0,53.3,54.2,58.3,50.5,53.4,21186.0,180223.0,3.27669694278101
2017-03-20,1607938.98,0.1012,0.0114,488770.09,0.188,0.0257,68605.05,0.061,-0.0435,7.6,107.4,100.9,0.009,-0.003,101.4,59.3,47.3,50.0,50.3,53.2,51.8,48.3,46.1,51.0,53.3,54.2,58.3,50.5,53.4,21186.0,180223.0,3.27669694278101
2017-03-21,1607938.98,0.1012,0.0114,488770.09,0.188,0.0257,68605.05,0.061,-0.0435,7.6,107.4,100.9,0.009,-0.003,101.4,59.3,47.3,50.0,50.3,53.2,51.8,48.3,46.1,51.0,53.3,54.2,58.3,50.5,53.4,21186.0,180223.0,3.27669694278101
2017-03-22,1607938.98,0.1012,0.0114,488770.09,0.188,0.0257,68605.05,0.061,-0.0435,7.6,107.4,100.9,0.009,-0.003,101.4,59.3,47.3,50.0,50.3,53.2,51.8,48.3,46.1,51.0,53.3,54.2,58.3,50.5,53.4,21186.0,180223.0,3.27669694278101
2017-03-23,1607938.98,0.1012,0.0114,488770.09,0.188,0.0257,68605.05,0.061,-0.0435,7.6,107.4,100.9,0.009,-0.003,101.4,59.3,47.3,50.0,50.3,53.2,51.8,48.3,46.1,51.0,53.3,54.2,58.3,50.5,53.4,21186.0,180223.0,3.27669694278101
2017-03-24,1607938.98,0.1012,0.0114,488770.09,0.188,0.0257,68605.05,0.061,-0.0435,7.6,107.4,100.9,0.009,-0.003,101.4,59.3,47.3,50.0,50.3,53.2,51.8,48.3,46.1,51.0,53.3,54.2,58.3,50.5,53.4,21186.0,180223.0,3.27669694278101
2017-03-27,1607938.98,0.1012,0.0114,488770.09,0.188,0.0257,68605.05,0.061,-0.0435,7.6,107.4,100.9,0.009,-0.003,101.4,59.3,47.3,50.0,50.3,53.2,51.8,48.3,46.1,51.0,53.3,54.2,58.3,50.5,53.4,21186.0,180223.0,3.27669694278101
2017-03-28,1607938.98,0.1012,0.0114,488770.09,0.188,0.0257,68605.05,0.061,-0.0435,7.6,107.4,100.9,0.009,-0.003,101.4,59.3,47.3,50.0,50.3,53.2,51.8,48.3,46.1,51.0,53.3,54.2,58.3,50.5,53.4,21186.0,180223.0,3.27669694278101
2017-03-29,1607938.98,0.1012,0.0114,488770.09,0.188,0.0257,68605.05,0.061,-0.0435,7.6,107.4,100.9,0.009,-0.003,101.4,59.3,47.3,50.0,50.3,53.2,51.8,48.3,46.1,51.0,53.3,54.2,58.3,50.5,53.4,21186.0,180223.0,3.27669694278101
2017-03-30,1607938.98,0.1012,0.0114,488770.09,0.188,0.0257,68605.05,0.061,-0.0435,7.6,107.4,100.9,0.009,-0.003,101.4,59.3,47.3,50.0,50.3,53.2,51.8,48.3,46.1,51.0,53.3,54.2,58.3,50.5,53.4,21186.0,180223.0,3.27669694278101
2017-03-31,1607938.98,0.1012,0.0114,488770.09,0.188,0.0257,68605.05,0.061,-0.0435,7.6,107.4,100.9,0.009,-0.003,101.4,59.3,47.3,50.0,50.3,53.2,51.8,48.3,46.1,51.0,53.3,54.2,58.3,50.5,53.4,21186.0,180223.0,3.27669694278101
2017-04-05,1603918.84,0.0984,-0.0025,490180.42,0.185,0.0029,68392.6,0.062,-0.0031,6.4,107.2,101.2,0.012,0.001,101.4,51.8,48.2,49.2,50.5,48.7,51.2,48.3,45.0,50.6,52.3,53.8,56.6,50.2,51.9,13880.0,186294.0,8.47949130039829
2017-04-06,1603918.84,0.0984,-0.0025,490180.42,0.185,0.0029,68392.6,0.062,-0.0031,6.4,107.2,101.2,0.012,0.001,101.4,51.8,48.2,49.2,50.5,48.7,51.2,48.3,45.0,50.6,52.3,53.8,56.6,50.2,51.9,13880.0,186294.0,8.47949130039829
2017-04-07,1603918.84,0.0984,-0.0025,490180.42,0.185,0.0029,68392.6,0.062,-0.0031,6.4,107.2,101.2,0.012,0.001,101.4,51.8,48.2,49.2,50.5,48.7,51.2,48.3,45.0,50.6,52.3,53.8,56.6,50.2,51.9,13880.0,186294.0,8.47949130039829
2017-04-10,1603918.84,0.0984,-0.0025,490180.42,0.185,0.0029,68392.6,0.062,-0.0031,6.4,107.2,101.2,0.012,0.001,101.4,51.8,48.2,49.2,50.5,48.7,51.2,48.3,45.0,50.6,52.3,53.8,56.6,50.2,51.9,13880.0,186294.0,8.47949130039829
2017-04-11,1603918.84,0.0984,-0.0025,490180.42,0.185,0.0029,68392.6,0.062,-0.0031,6.4,107.2,101.2,0.012,0.001,101.4,51.8,48.2,49.2,50.5,48.7,51.2,48.3,45.0,50.6,52.3,53.8,56.6,50.2,51.9,13880.0,186294.0,8.47949130039829
2017-04-12,1603918.84,0.0984,-0.0025,490180.42,0.185,0.0029,68392.6,0.062,-0.0031,6.4,107.2,101.2,0.012,0.001,101.4,51.8,48.2,49.2,50.5,48.7,51.2,48.3,45.0,50.6,52.3,53.8,56.6,50.2,51.9,13880.0,186294.0,8.47949130039829
2017-04-13,1603918.84,0.0984,-0.0025,490180.42,0.185,0.0029,68392.6,0.062,-0.0031,6.4,107.2,101.2,0.012,0.001,101.4,51.8,48.2,49.2,50.5,48.7,51.2,48.3,45.0,50.6,52.3,53.8,56.6,50.2,51.9,13880.0,186294.0,8.47949130039829
2017-04-14,1603918.84,0.0984,-0.0025,490180.42,0.185,0.0029,68392.6,0.062,-0.0031,6.4,107.2,101.2,0.012,0.001,101.4,51.8,48.2,49.2,50.5,48.7,51.2,48.3,45.0,50.6,52.3,53.8,56.6,50.2,51.9,13880.0,186294.0,8.47949130039829
2017-04-17,1603918.84,0.0984,-0.0025,490180.42,0.185,0.0029,68392.6,0.062,-0.0031,6.4,107.2,101.2,0.012,0.001,101.4,51.8,48.2,49.2,50.5,48.7,51.2,48.3,45.0,50.6,52.3,53.8,56.6,50.2,51.9,13880.0,186294.0,8.47949130039829
2017-04-18,1603918.84,0.0984,-0.0025,490180.42,0.185,0.0029,68392.6,0.062,-0.0031,6.4,107.2,101.2,0.012,0.001,101.4,51.8,48.2,49.2,50.5,48.7,51.2,48.3,45.0,50.6,52.3,53.8,56.6,50.2,51.9,13880.0,186294.0,8.47949130039829
2017-04-19,1603918.84,0.0984,-0.0025,490180.42,0.185,0.0029,68392.6,0.062,-0.0031,6.4,107.2,101.2,0.012,0.001,101.4,51.8,48.2,49.2,50.5,48.7,51.2,48.3,45.0,50.6,52.3,53.8,56.6,50.2,51.9,13880.0,186294.0,8.47949130039829
2017-04-20,1603918.84,0.0984,-0.0025,490180.42,0.185,0.0029,68392.6,0.062,-0.0031,6.4,107.2,101.2,0.012,0.001,101.4,51.8,48.2,49.2,50.5,48.7,51.2,48.3,45.0,50.6,52.3,53.8,56.6,50.2,51.9,13880.0,186294.0,8.47949130039829
2017-04-21,1603918.84,0.0984,-0.0025,490180.42,0.185,0.0029,68392.6,0.062,-0.0031,6.4,107.2,101.2,0.012,0.001,101.4,51.8,48.2,49.2,50.5,48.7,51.2,48.3,45.0,50.6,52.3,53.8,56.6,50.2,51.9,13880.0,186294.0,8.47949130039829
2017-04-24,1603918.84,0.0984,-0.0025,490180.42,0.185,0.0029,68392.6,0.062,-0.0031,6.4,107.2,101.2,0.012,0.001,101.4,51.8,48.2,49.2,50.5,48.7,51.2,48.3,45.0,50.6,52.3,53.8,56.6,50.2,51.9,13880.0,186294.0,8.47949130039829
2017-04-25,1603918.84,0.0984,-0.0025,490180.42,0.185,0.0029,68392.6,0.062,-0.0031,6.4,107.2,101.2,0.012,0.001,101.4,51.8,48.2,49.2,50.5,48.7,51.2,48.3,45.0,50.6,52.3,53.8,56.6,50.2,51.9,13880.0,186294.0,8.47949130039829
2017-04-26,1603918.84,0.0984,-0.0025,490180.42,0.185,0.0029,68392.6,0.062,-0.0031,6.4,107.2,101.2,0.012,0.001,101.4,51.8,48.2,49.2,50.5,48.7,51.2,48.3,45.0,50.6,52.3,53.8,56.6,50.2,51.9,13880.0,186294.0,8.47949130039829
2017-04-27,1603918.84,0.0984,-0.0025,490180.42,0.185,0.0029,68392.6,0.062,-0.0031,6.4,107.2,101.2,0.012,0.001,101.4,51.8,48.2,49.2,50.5,48.7,51.2,48.3,45.0,50.6,52.3,53.8,56.6,50.2,51.9,13880.0,186294.0,8.47949130039829
2017-04-28,1603918.84,0.0984,-0.0025,490180.42,0.185,0.0029,68392.6,0.062,-0.0031,6.4,107.2,101.2,0.012,0.001,101.4,51.8,48.2,49.2,50.5,48.7,51.2,48.3,45.0,50.6,52.3,53.8,56.6,50.2,51.9,13880.0,186294.0,8.47949130039829
2017-05-02,1609740.77,0.0913,0.0036,496389.78,0.17,0.0127,67333.21,0.073,-0.0155,5.5,106.8,101.5,0.015,-0.001,101.4,49.5,46.6,49.4,50.2,47.6,51.2,48.5,45.4,50.7,52.3,53.4,56.8,50.0,51.5,10631.0,190155.0,14.4787935342103
2017-05-03,1609740.77,0.0913,0.0036,496389.78,0.17,0.0127,67333.21,0.073,-0.0155,5.5,106.8,101.5,0.015,-0.001,101.4,49.5,46.6,49.4,50.2,47.6,51.2,48.5,45.4,50.7,52.3,53.4,56.8,50.0,51.5,10631.0,190155.0,14.4787935342103
2017-05-04,1609740.77,0.0913,0.0036,496389.78,0.17,0.0127,67333.21,0.073,-0.0155,5.5,106.8,101.5,0.015,-0.001,101.4,49.5,46.6,49.4,50.2,47.6,51.2,48.5,45.4,50.7,52.3,53.4,56.8,50.0,51.5,10631.0,190155.0,14.4787935342103
2017-05-05,1609740.77,0.0913,0.0036,496389.78,0.17,0.0127,67333.21,0.073,-0.0155,5.5,106.8,101.5,0.015,-0.001,101.4,49.5,46.6,49.4,50.2,47.6,51.2,48.5,45.4,50.7,52.3,53.4,56.8,50.0,51.5,10631.0,190155.0,14.4787935342103
2017-05-08,1609740.77,0.0913,0.0036,496389.78,0.17,0.0127,67333.21,0.073,-0.0155,5.5,106.8,101.5,0.015,-0.001,101.4,49.5,46.6,49.4,50.2,47.6,51.2,48.5,45.4,50.7,52.3,53.4,56.8,50.0,51.5,10631.0,190155.0,14.4787935342103
2017-05-09,1609740.77,0.0913,0.0036,496389.78,0.17,0.0127,67333.21,0.073,-0.0155,5.5,106.8,101.5,0.015,-0.001,101.4,49.5,46.6,49.4,50.2,47.6,51.2,48.5,45.4,50.7,52.3,53.4,56.8,50.0,51.5,10631.0,190155.0,14.4787935342103
2017-05-10,1609740.77,0.0913,0.0036,496389.78,0.17,0.0127,67333.21,0.073,-0.0155,5.5,106.8,101.5,0.015,-0.001,101.4,49.5,46.6,49.4,50.2,47.6,51.2,48.5,45.4,50.7,52.3,53.4,56.8,50.0,51.5,10631.0,190155.0,14.4787935342103
2017-05-11,1609740.77,0.0913,0.0036,496389.78,0.17,0.0127,67333.21,0.073,-0.0155,5.5,106.8,101.5,0.015,-0.001,101.4,49.5,46.6,49.4,50.2,47.6,51.2,48.5,45.4,50.7,52.3,53.4,56.8,50.0,51.5,10631.0,190155.0,14.4787935342103
2017-05-12,1609740.77,0.0913,0.0036,496389.78,0.17,0.0127,67333.21,0.073,-0.0155,5.5,106.8,101.5,0.015,-0.001,101.4,49.5,46.6,49.4,50.2,47.6,51.2,48.5,45.4,50.7,52.3,53.4,56.8,50.0,51.5,10631.0,190155.0,14.4787935342103
2017-05-15,1609740.77,0.0913,0.0036,496389.78,0.17,0.0127,67333.21,0.073,-0.0155,5.5,106.8,101.5,0.015,-0.001,101.4,49.5,46.6,49.4,50.2,47.6,51.2,48.5,45.4,50.7,52.3,53.4,56.8,50.0,51.5,10631.0,190155.0,14.4787935342103
2017-05-16,1609740.77,0.0913,0.0036,496389.78,0.17,0.0127,67333.21,0.073,-0.0155,5.5,106.8,101.5,0.015,-0.001,101.4,49.5,46.6,49.4,50.2,47.6,51.2,48.5,45.4,50.7,52.3,53.4,56.8,50.0,51.5,10631.0,190155.0,14.4787935342103
2017-05-17,1609740.77,0.0913,0.0036,496389.78,0.17,0.0127,67333.21,0.073,-0.0155,5.5,106.8,101.5,0.015,-0.001,101.4,49.5,46.6,49.4,50.2,47.6,51.2,48.5,45.4,50.7,52.3,53.4,56.8,50.0,51.5,10631.0,190155.0,14.4787935342103
2017-05-18,1609740.77,0.0913,0.0036,496389.78,0.17,0.0127,67333.21,0.073,-0.0155,5.5,106.8,101.5,0.015,-0.001,101.4,49.5,46.6,49.4,50.2,47.6,51.2,48.5,45.4,50.7,52.3,53.4,56.8,50.0,51.5,10631.0,190155.0,14.4787935342103
2017-05-19,1609740.77,0.0913,0.0036,496389.78,0.17,0.0127,67333.21,0.073,-0.0155,5.5,106.8,101.5,0.015,-0.001,101.4,49.5,46.6,49.4,50.2,47.6,51.2,48.5,45.4,50.7,52.3,53.4,56.8,50.0,51.5,10631.0,190155.0,14.4787935342103
2017-05-22,1609740.77,0.0913,0.0036,496389.78,0.17,0.0127,67333.21,0.073,-0.0155,5.5,106.8,101.5,0.015,-0.001,101.4,49.5,46.6,49.4,50.2,47.6,51.2,48.5,45.4,50.7,52.3,53.4,56.8,50.0,51.5,10631.0,190155.0,14.4787935342103
2017-05-23,1609740.77,0.0913,0.0036,496389.78,0.17,0.0127,67333.21,0.073,-0.0155,5.5,106.8,101.5,0.015,-0.001,101.4,49.5,46.6,49.4,50.2,47.6,51.2,48.5,45.4,50.7,52.3,53.4,56.8,50.0,51.5,10631.0,190155.0,14.4787935342103
2017-05-24,1609740.77,0.0913,0.0036,496389.78,0.17,0.0127,67333.21,0.073,-0.0155,5.5,106.8,101.5,0.015,-0.001,101.4,49.5,46.6,49.4,50.2,47.6,51.2,48.5,45.4,50.7,52.3,53.4,56.8,50.0,51.5,10631.0,190155.0,14.4787935342103
2017-05-25,1609740.77,0.0913,0.0036,496389.78,0.17,0.0127,67333.21,0.073,-0.0155,5.5,106.8,101.5,0.015,-0.001,101.4,49.5,46.6,49.4,50.2,47.6,51.2,48.5,45.4,50.7,52.3,53.4,56.8,50.0,51.5,10631.0,190155.0,14.4787935342103
2017-05-26,1609740.77,0.0913,0.0036,496389.78,0.17,0.0127,67333.21,0.073,-0.0155,5.5,106.8,101.5,0.015,-0.001,101.4,49.5,46.6,49.4,50.2,47.6,51.2,48.5,45.4,50.7,52.3,53.4,56.8,50.0,51.5,10631.0,190155.0,14.4787935342103
2017-05-31,1609740.77,0.0913,0.0036,496389.78,0.17,0.0127,67333.21,0.073,-0.0155,5.5,106.8,101.5,0.015,-0.001,101.4,49.5,46.6,49.4,50.2,47.6,51.2,48.5,45.4,50.7,52.3,53.4,56.8,50.0,51.5,10631.0,190155.0,14.4787935342103
2017-06-01,1639497.05,0.091,0.0185,510228.17,0.15,0.0279,66977.68,0.066,-0.0053,5.5,106.6,101.5,0.015,-0.002,101.4,50.4,46.3,49.0,49.9,49.1,51.7,48.6,47.2,52.0,53.1,54.4,58.7,51.2,52.5,17718.0,191394.0,16.5615103532278
2017-06-02,1639497.05,0.091,0.0185,510228.17,0.15,0.0279,66977.68,0.066,-0.0053,5.5,106.6,101.5,0.015,-0.002,101.4,50.4,46.3,49.0,49.9,49.1,51.7,48.6,47.2,52.0,53.1,54.4,58.7,51.2,52.5,17718.0,191394.0,16.5615103532278
2017-06-05,1639497.05,0.091,0.0185,510228.17,0.15,0.0279,66977.68,0.066,-0.0053,5.5,106.6,101.5,0.015,-0.002,101.4,50.4,46.3,49.0,49.9,49.1,51.7,48.6,47.2,52.0,53.1,54.4,58.7,51.2,52.5,17718.0,191394.0,16.5615103532278
2017-06-06,1639497.05,0.091,0.0185,510228.17,0.15,0.0279,66977.68,0.066,-0.0053,5.5,106.6,101.5,0.015,-0.002,101.4,50.4,46.3,49.0,49.9,49.1,51.7,48.6,47.2,52.0,53.1,54.4,58.7,51.2,52.5,17718.0,191394.0,16.5615103532278
2017-06-07,1639497.05,0.091,0.0185,510228.17,0.15,0.0279,66977.68,0.066,-0.0053,5.5,106.6,101.5,0.015,-0.002,101.4,50.4,46.3,49.0,49.9,49.1,51.7,48.6,47.2,52.0,53.1,54.4,58.7,51.2,52.5,17718.0,191394.0,16.5615103532278
2017-06-08,1639497.05,0.091,0.0185,510228.17,0.15,0.0279,66977.68,0.066,-0.0053,5.5,106.6,101.5,0.015,-0.002,101.4,50.4,46.3,49.0,49.9,49.1,51.7,48.6,47.2,52.0,53.1,54.4,58.7,51.2,52.5,17718.0,191394.0,16.5615103532278
2017-06-09,1639497.05,0.091,0.0185,510228.17,0.15,0.0279,66977.68,0.066,-0.0053,5.5,106.6,101.5,0.015,-0.002,101.4,50.4,46.3,49.0,49.9,49.1,51.7,48.6,47.2,52.0,53.1,54.4,58.7,51.2,52.5,17718.0,191394.0,16.5615103532278
2017-06-12,1639497.05,0.091,0.0185,510228.17,0.15,0.0279,66977.68,0.066,-0.0053,5.5,106.6,101.5,0.015,-0.002,101.4,50.4,46.3,49.0,49.9,49.1,51.7,48.6,47.2,52.0,53.1,54.4,58.7,51.2,52.5,17718.0,191394.0,16.5615103532278
2017-06-13,1639497.05,0.091,0.0185,510228.17,0.15,0.0279,66977.68,0.066,-0.0053,5.5,106.6,101.5,0.015,-0.002,101.4,50.4,46.3,49.0,49.9,49.1,51.7,48.6,47.2,52.0,53.1,54.4,58.7,51.2,52.5,17718.0,191394.0,16.5615103532278
2017-06-14,1639497.05,0.091,0.0185,510228.17,0.15,0.0279,66977.68,0.066,-0.0053,5.5,106.6,101.5,0.015,-0.002,101.4,50.4,46.3,49.0,49.9,49.1,51.7,48.6,47.2,52.0,53.1,54.4,58.7,51.2,52.5,17718.0,191394.0,16.5615103532278
2017-06-15,1639497.05,0.091,0.0185,510228.17,0.15,0.0279,66977.68,0.066,-0.0053,5.5,106.6,101.5,0.015,-0.002,101.4,50.4,46.3,49.0,49.9,49.1,51.7,48.6,47.2,52.0,53.1,54.4,58.7,51.2,52.5,17718.0,191394.0,16.5615103532278
2017-06-16,1639497.05,0.091,0.0185,510228.17,0.15,0.0279,66977.68,0.066,-0.0053,5.5,106.6,101.5,0.015,-0.002,101.4,50.4,46.3,49.0,49.9,49.1,51.7,48.6,47.2,52.0,53.1,54.4,58.7,51.2,52.5,17718.0,191394.0,16.5615103532278
2017-06-19,1639497.05,0.091,0.0185,510228.17,0.15,0.0279,66977.68,0.066,-0.0053,5.5,106.6,101.5,0.015,-0.002,101.4,50.4,46.3,49.0,49.9,49.1,51.7,48.6,47.2,52.0,53.1,54.4,58.7,51.2,52.5,17718.0,191394.0,16.5615103532278
2017-06-20,1639497.05,0.091,0.0185,510228.17,0.15,0.0279,66977.68,0.066,-0.0053,5.5,106.6,101.5,0.015,-0.002,101.4,50.4,46.3,49.0,49.9,49.1,51.7,48.6,47.2,52.0,53.1,54.4,58.7,51.2,52.5,17718.0,191394.0,16.5615103532278
2017-06-21,1639497.05,0.091,0.0185,510228.17,0.15,0.0279,66977.68,0.066,-0.0053,5.5,106.6,101.5,0.015,-0.002,101.4,50.4,46.3,49.0,49.9,49.1,51.7,48.6,47.2,52.0,53.1,54.4,58.7,51.2,52.5,17718.0,191394.0,16.5615103532278
2017-06-22,1639497.05,0.091,0.0185,510228.17,0.15,0.0279,66977.68,0.066,-0.0053,5.5,106.6,101.5,0.015,-0.002,101.4,50.4,46.3,49.0,49.9,49.1,51.7,48.6,47.2,52.0,53.1,54.4,58.7,51.2,52.5,17718.0,191394.0,16.5615103532278
2017-06-23,1639497.05,0.091,0.0185,510228.17,0.15,0.0279,66977.68,0.066,-0.0053,5.5,106.6,101.5,0.015,-0.002,101.4,50.4,46.3,49.0,49.9,49.1,51.7,48.6,47.2,52.0,53.1,54.4,58.7,51.2,52.5,17718.0,191394.0,16.5615103532278
2017-06-26,1639497.05,0.091,0.0185,510228.17,0.15,0.0279,66977.68,0.066,-0.0053,5.5,106.6,101.5,0.015,-0.002,101.4,50.4,46.3,49.0,49.9,49.1,51.7,48.6,47.2,52.0,53.1,54.4,58.7,51.2,52.5,17718.0,191394.0,16.5615103532278
2017-06-27,1639497.05,0.091,0.0185,510228.17,0.15,0.0279,66977.68,0.066,-0.0053,5.5,106.6,101.5,0.015,-0.002,101.4,50.4,46.3,49.0,49.9,49.1,51.7,48.6,47.2,52.0,53.1,54.4,58.7,51.2,52.5,17718.0,191394.0,16.5615103532278
2017-06-28,1639497.05,0.091,0.0185,510228.17,0.15,0.0279,66977.68,0.066,-0.0053,5.5,106.6,101.5,0.015,-0.002,101.4,50.4,46.3,49.0,49.9,49.1,51.7,48.6,47.2,52.0,53.1,54.4,58.7,51.2,52.5,17718.0,191394.0,16.5615103532278
2017-06-29,1639497.05,0.091,0.0185,510228.17,0.15,0.0279,66977.68,0.066,-0.0053,5.5,106.6,101.5,0.015,-0.002,101.4,50.4,46.3,49.0,49.9,49.1,51.7,48.6,47.2,52.0,53.1,54.4,58.7,51.2,52.5,17718.0,191394.0,16.5615103532278
2017-06-30,1639497.05,0.091,0.0185,510228.17,0.15,0.0279,66977.68,0.066,-0.0053,5.5,106.6,101.5,0.015,-0.002,101.4,50.4,46.3,49.0,49.9,49.1,51.7,48.6,47.2,52.0,53.1,54.4,58.7,51.2,52.5,17718.0,191394.0,16.5615103532278
2017-07-03,1636341.11,0.0889,-0.0019,510484.58,0.153,0.0005,67129.04,0.061,0.0023,5.5,106.4,101.4,0.014,0.001,101.4,57.9,46.1,49.2,50.1,52.7,51.4,48.5,46.3,50.9,52.8,53.5,59.1,51.1,52.7,11956.0,198559.0,22.9619767153827
2017-07-04,1636341.11,0.0889,-0.0019,510484.58,0.153,0.0005,67129.04,0.061,0.0023,5.5,106.4,101.4,0.014,0.001,101.4,57.9,46.1,49.2,50.1,52.7,51.4,48.5,46.3,50.9,52.8,53.5,59.1,51.1,52.7,11956.0,198559.0,22.9619767153827
2017-07-05,1636341.11,0.0889,-0.0019,510484.58,0.153,0.0005,67129.04,0.061,0.0023,5.5,106.4,101.4,0.014,0.001,101.4,57.9,46.1,49.2,50.1,52.7,51.4,48.5,46.3,50.9,52.8,53.5,59.1,51.1,52.7,11956.0,198559.0,22.9619767153827
2017-07-06,1636341.11,0.0889,-0.0019,510484.58,0.153,0.0005,67129.04,0.061,0.0023,5.5,106.4,101.4,0.014,0.001,101.4,57.9,46.1,49.2,50.1,52.7,51.4,48.5,46.3,50.9,52.8,53.5,59.1,51.1,52.7,11956.0,198559.0,22.9619767153827
2017-07-07,1636341.11,0.0889,-0.0019,510484.58,0.153,0.0005,67129.04,0.061,0.0023,5.5,106.4,101.4,0.014,0.001,101.4,57.9,46.1,49.2,50.1,52.7,51.4,48.5,46.3,50.9,52.8,53.5,59.1,51.1,52.7,11956.0,198559.0,22.9619767153827
2017-07-10,1636341.11,0.0889,-0.0019,510484.58,0.153,0.0005,67129.04,0.061,0.0023,5.5,106.4,101.4,0.014,0.001,101.4,57.9,46.1,49.2,50.1,52.7,51.4,48.5,46.3,50.9,52.8,53.5,59.1,51.1,52.7,11956.0,198559.0,22.9619767153827
2017-07-11,1636341.11,0.0889,-0.0019,510484.58,0.153,0.0005,67129.04,0.061,0.0023,5.5,106.4,101.4,0.014,0.001,101.4,57.9,46.1,49.2,50.1,52.7,51.4,48.5,46.3,50.9,52.8,53.5,59.1,51.1,52.7,11956.0,198559.0,22.9619767153827
2017-07-12,1636341.11,0.0889,-0.0019,510484.58,0.153,0.0005,67129.04,0.061,0.0023,5.5,106.4,101.4,0.014,0.001,101.4,57.9,46.1,49.2,50.1,52.7,51.4,48.5,46.3,50.9,52.8,53.5,59.1,51.1,52.7,11956.0,198559.0,22.9619767153827
2017-07-13,1636341.11,0.0889,-0.0019,510484.58,0.153,0.0005,67129.04,0.061,0.0023,5.5,106.4,101.4,0.014,0.001,101.4,57.9,46.1,49.2,50.1,52.7,51.4,48.5,46.3,50.9,52.8,53.5,59.1,51.1,52.7,11956.0,198559.0,22.9619767153827
2017-07-14,1636341.11,0.0889,-0.0019,510484.58,0.153,0.0005,67129.04,0.061,0.0023,5.5,106.4,101.4,0.014,0.001,101.4,57.9,46.1,49.2,50.1,52.7,51.4,48.5,46.3,50.9,52.8,53.5,59.1,51.1,52.7,11956.0,198559.0,22.9619767153827
2017-07-17,1636341.11,0.0889,-0.0019,510484.58,0.153,0.0005,67129.04,0.061,0.0023,5.5,106.4,101.4,0.014,0.001,101.4,57.9,46.1,49.2,50.1,52.7,51.4,48.5,46.3,50.9,52.8,53.5,59.1,51.1,52.7,11956.0,198559.0,22.9619767153827
2017-07-18,1636341.11,0.0889,-0.0019,510484.58,0.153,0.0005,67129.04,0.061,0.0023,5.5,106.4,101.4,0.014,0.001,101.4,57.9,46.1,49.2,50.1,52.7,51.4,48.5,46.3,50.9,52.8,53.5,59.1,51.1,52.7,11956.0,198559.0,22.9619767153827
2017-07-19,1636341.11,0.0889,-0.0019,510484.58,0.153,0.0005,67129.04,0.061,0.0023,5.5,106.4,101.4,0.014,0.001,101.4,57.9,46.1,49.2,50.1,52.7,51.4,48.5,46.3,50.9,52.8,53.5,59.1,51.1,52.7,11956.0,198559.0,22.9619767153827
2017-07-20,1636341.11,0.0889,-0.0019,510484.58,0.153,0.0005,67129.04,0.061,0.0023,5.5,106.4,101.4,0.014,0.001,101.4,57.9,46.1,49.2,50.1,52.7,51.4,48.5,46.3,50.9,52.8,53.5,59.1,51.1,52.7,11956.0,198559.0,22.9619767153827
2017-07-21,1636341.11,0.0889,-0.0019,510484.58,0.153,0.0005,67129.04,0.061,0.0023,5.5,106.4,101.4,0.014,0.001,101.4,57.9,46.1,49.2,50.1,52.7,51.4,48.5,46.3,50.9,52.8,53.5,59.1,51.1,52.7,11956.0,198559.0,22.9619767153827
2017-07-24,1636341.11,0.0889,-0.0019,510484.58,0.153,0.0005,67129.04,0.061,0.0023,5.5,106.4,101.4,0.014,0.001,101.4,57.9,46.1,49.2,50.1,52.7,51.4,48.5,46.3,50.9,52.8,53.5,59.1,51.1,52.7,11956.0,198559.0,22.9619767153827
2017-07-25,1636341.11,0.0889,-0.0019,510484.58,0.153,0.0005,67129.04,0.061,0.0023,5.5,106.4,101.4,0.014,0.001,101.4,57.9,46.1,49.2,50.1,52.7,51.4,48.5,46.3,50.9,52.8,53.5,59.1,51.1,52.7,11956.0,198559.0,22.9619767153827
2017-07-26,1636341.11,0.0889,-0.0019,510484.58,0.153,0.0005,67129.04,0.061,0.0023,5.5,106.4,101.4,0.014,0.001,101.4,57.9,46.1,49.2,50.1,52.7,51.4,48.5,46.3,50.9,52.8,53.5,59.1,51.1,52.7,11956.0,198559.0,22.9619767153827
2017-07-27,1636341.11,0.0889,-0.0019,510484.58,0.153,0.0005,67129.04,0.061,0.0023,5.5,106.4,101.4,0.014,0.001,101.4,57.9,46.1,49.2,50.1,52.7,51.4,48.5,46.3,50.9,52.8,53.5,59.1,51.1,52.7,11956.0,198559.0,22.9619767153827
2017-07-28,1636341.11,0.0889,-0.0019,510484.58,0.153,0.0005,67129.04,0.061,0.0023,5.5,106.4,101.4,0.014,0.001,101.4,57.9,46.1,49.2,50.1,52.7,51.4,48.5,46.3,50.9,52.8,53.5,59.1,51.1,52.7,11956.0,198559.0,22.9619767153827
2017-07-31,1636341.11,0.0889,-0.0019,510484.58,0.153,0.0005,67129.04,0.061,0.0023,5.5,106.4,101.4,0.014,0.001,101.4,57.9,46.1,49.2,50.1,52.7,51.4,48.5,46.3,50.9,52.8,53.5,59.1,51.1,52.7,11956.0,198559.0,22.9619767153827
2017-08-01,1652947.3,0.0856,0.0101,518113.93,0.14,0.0149,67550.99,0.065,0.0063,6.3,106.4,101.8,0.018,0.004,101.5,65.3,45.5,49.1,49.3,57.4,51.7,48.3,46.1,50.4,53.1,54.1,59.5,51.4,52.9,14895.0,198849.0,20.523310786239
2017-08-02,1652947.3,0.0856,0.0101,518113.93,0.14,0.0149,67550.99,0.065,0.0063,6.3,106.4,101.8,0.018,0.004,101.5,65.3,45.5,49.1,49.3,57.4,51.7,48.3,46.1,50.4,53.1,54.1,59.5,51.4,52.9,14895.0,198849.0,20.523310786239
2017-08-03,1652947.3,0.0856,0.0101,518113.93,0.14,0.0149,67550.99,0.065,0.0063,6.3,106.4,101.8,0.018,0.004,101.5,65.3,45.5,49.1,49.3,57.4,51.7,48.3,46.1,50.4,53.1,54.1,59.5,51.4,52.9,14895.0,198849.0,20.523310786239
2017-08-04,1652947.3,0.0856,0.0101,518113.93,0.14,0.0149,67550.99,0.065,0.0063,6.3,106.4,101.8,0.018,0.004,101.5,65.3,45.5,49.1,49.3,57.4,51.7,48.3,46.1,50.4,53.1,54.1,59.5,51.4,52.9,14895.0,198849.0,20.523310786239
2017-08-07,1652947.3,0.0856,0.0101,518113.93,0.14,0.0149,67550.99,0.065,0.0063,6.3,106.4,101.8,0.018,0.004,101.5,65.3,45.5,49.1,49.3,57.4,51.7,48.3,46.1,50.4,53.1,54.1,59.5,51.4,52.9,14895.0,198849.0,20.523310786239
2017-08-08,1652947.3,0.0856,0.0101,518113.93,0.14,0.0149,67550.99,0.065,0.0063,6.3,106.4,101.8,0.018,0.004,101.5,65.3,45.5,49.1,49.3,57.4,51.7,48.3,46.1,50.4,53.1,54.1,59.5,51.4,52.9,14895.0,198849.0,20.523310786239
2017-08-09,1652947.3,0.0856,0.0101,518113.93,0.14,0.0149,67550.99,0.065,0.0063,6.3,106.4,101.8,0.018,0.004,101.5,65.3,45.5,49.1,49.3,57.4,51.7,48.3,46.1,50.4,53.1,54.1,59.5,51.4,52.9,14895.0,198849.0,20.523310786239
2017-08-10,1652947.3,0.0856,0.0101,518113.93,0.14,0.0149,67550.99,0.065,0.0063,6.3,106.4,101.8,0.018,0.004,101.5,65.3,45.5,49.1,49.3,57.4,51.7,48.3,46.1,50.4,53.1,54.1,59.5,51.4,52.9,14895.0,198849.0,20.523310786239
2017-08-11,1652947.3,0.0856,0.0101,518113.93,0.14,0.0149,67550.99,0.065,0.0063,6.3,106.4,101.8,0.018,0.004,101.5,65.3,45.5,49.1,49.3,57.4,51.7,48.3,46.1,50.4,53.1,54.1,59.5,51.4,52.9,14895.0,198849.0,20.523310786239
2017-08-14,1652947.3,0.0856,0.0101,518113.93,0.14,0.0149,67550.99,0.065,0.0063,6.3,106.4,101.8,0.018,0.004,101.5,65.3,45.5,49.1,49.3,57.4,51.7,48.3,46.1,50.4,53.1,54.1,59.5,51.4,52.9,14895.0,198849.0,20.523310786239
2017-08-15,1652947.3,0.0856,0.0101,518113.93,0.14,0.0149,67550.99,0.065,0.0063,6.3,106.4,101.8,0.018,0.004,101.5,65.3,45.5,49.1,49.3,57.4,51.7,48.3,46.1,50.4,53.1,54.1,59.5,51.4,52.9,14895.0,198849.0,20.523310786239
2017-08-16,1652947.3,0.0856,0.0101,518113.93,0.14,0.0149,67550.99,0.065,0.0063,6.3,106.4,101.8,0.018,0.004,101.5,65.3,45.5,49.1,49.3,57.4,51.7,48.3,46.1,50.4,53.1,54.1,59.5,51.4,52.9,14895.0,198849.0,20.523310786239
2017-08-17,1652947.3,0.0856,0.0101,518113.93,0.14,0.0149,67550.99,0.065,0.0063,6.3,106.4,101.8,0.018,0.004,101.5,65.3,45.5,49.1,49.3,57.4,51.7,48.3,46.1,50.4,53.1,54.1,59.5,51.4,52.9,14895.0,198849.0,20.523310786239
2017-08-18,1652947.3,0.0856,0.0101,518113.93,0.14,0.0149,67550.99,0.065,0.0063,6.3,106.4,101.8,0.018,0.004,101.5,65.3,45.5,49.1,49.3,57.4,51.7,48.3,46.1,50.4,53.1,54.1,59.5,51.4,52.9,14895.0,198849.0,20.523310786239
2017-08-21,1652947.3,0.0856,0.0101,518113.93,0.14,0.0149,67550.99,0.065,0.0063,6.3,106.4,101.8,0.018,0.004,101.5,65.3,45.5,49.1,49.3,57.4,51.7,48.3,46.1,50.4,53.1,54.1,59.5,51.4,52.9,14895.0,198849.0,20.523310786239
2017-08-22,1652947.3,0.0856,0.0101,518113.93,0.14,0.0149,67550.99,0.065,0.0063,6.3,106.4,101.8,0.018,0.004,101.5,65.3,45.5,49.1,49.3,57.4,51.7,48.3,46.1,50.4,53.1,54.1,59.5,51.4,52.9,14895.0,198849.0,20.523310786239
2017-08-23,1652947.3,0.0856,0.0101,518113.93,0.14,0.0149,67550.99,0.065,0.0063,6.3,106.4,101.8,0.018,0.004,101.5,65.3,45.5,49.1,49.3,57.4,51.7,48.3,46.1,50.4,53.1,54.1,59.5,51.4,52.9,14895.0,198849.0,20.523310786239
2017-08-24,1652947.3,0.0856,0.0101,518113.93,0.14,0.0149,67550.99,0.065,0.0063,6.3,106.4,101.8,0.018,0.004,101.5,65.3,45.5,49.1,49.3,57.4,51.7,48.3,46.1,50.4,53.1,54.1,59.5,51.4,52.9,14895.0,198849.0,20.523310786239
2017-08-25,1652947.3,0.0856,0.0101,518113.93,0.14,0.0149,67550.99,0.065,0.0063,6.3,106.4,101.8,0.018,0.004,101.5,65.3,45.5,49.1,49.3,57.4,51.7,48.3,46.1,50.4,53.1,54.1,59.5,51.4,52.9,14895.0,198849.0,20.523310786239
2017-08-28,1652947.3,0.0856,0.0101,518113.93,0.14,0.0149,67550.99,0.065,0.0063,6.3,106.4,101.8,0.018,0.004,101.5,65.3,45.5,49.1,49.3,57.4,51.7,48.3,46.1,50.4,53.1,54.1,59.5,51.4,52.9,14895.0,198849.0,20.523310786239
2017-08-29,1652947.3,0.0856,0.0101,518113.93,0.14,0.0149,67550.99,0.065,0.0063,6.3,106.4,101.8,0.018,0.004,101.5,65.3,45.5,49.1,49.3,57.4,51.7,48.3,46.1,50.4,53.1,54.1,59.5,51.4,52.9,14895.0,198849.0,20.523310786239
2017-08-30,1652947.3,0.0856,0.0101,518113.93,0.14,0.0149,67550.99,0.065,0.0063,6.3,106.4,101.8,0.018,0.004,101.5,65.3,45.5,49.1,49.3,57.4,51.7,48.3,46.1,50.4,53.1,54.1,59.5,51.4,52.9,14895.0,198849.0,20.523310786239
2017-08-31,1652947.3,0.0856,0.0101,518113.93,0.14,0.0149,67550.99,0.065,0.0063,6.3,106.4,101.8,0.018,0.004,101.5,65.3,45.5,49.1,49.3,57.4,51.7,48.3,46.1,50.4,53.1,54.1,59.5,51.4,52.9,14895.0,198849.0,20.523310786239
2017-09-01,1663666.05,0.0898,0.0065,517863.04,0.14,-0.0005,69748.54,0.072,0.0325,6.9,106.5,101.6,0.016,0.005,101.5,68.4,44.2,49.0,49.3,59.4,52.4,48.9,47.4,51.3,54.8,54.7,59.4,51.1,53.8,18335.0,200069.0,18.7127667149265
2017-09-04,1663666.05,0.0898,0.0065,517863.04,0.14,-0.0005,69748.54,0.072,0.0325,6.9,106.5,101.6,0.016,0.005,101.5,68.4,44.2,49.0,49.3,59.4,52.4,48.9,47.4,51.3,54.8,54.7,59.4,51.1,53.8,18335.0,200069.0,18.7127667149265
2017-09-05,1663666.05,0.0898,0.0065,517863.04,0.14,-0.0005,69748.54,0.072,0.0325,6.9,106.5,101.6,0.016,0.005,101.5,68.4,44.2,49.0,49.3,59.4,52.4,48.9,47.4,51.3,54.8,54.7,59.4,51.1,53.8,18335.0,200069.0,18.7127667149265
2017-09-06,1663666.05,0.0898,0.0065,517863.04,0.14,-0.0005,69748.54,0.072,0.0325,6.9,106.5,101.6,0.016,0.005,101.5,68.4,44.2,49.0,49.3,59.4,52.4,48.9,47.4,51.3,54.8,54.7,59.4,51.1,53.8,18335.0,200069.0,18.7127667149265
2017-09-07,1663666.05,0.0898,0.0065,517863.04,0.14,-0.0005,69748.54,0.072,0.0325,6.9,106.5,101.6,0.016,0.005,101.5,68.4,44.2,49.0,49.3,59.4,52.4,48.9,47.4,51.3,54.8,54.7,59.4,51.1,53.8,18335.0,200069.0,18.7127667149265
2017-09-08,1663666.05,0.0898,0.0065,517863.04,0.14,-0.0005,69748.54,0.072,0.0325,6.9,106.5,101.6,0.016,0.005,101.5,68.4,44.2,49.0,49.3,59.4,52.4,48.9,47.4,51.3,54.8,54.7,59.4,51.1,53.8,18335.0,200069.0,18.7127667149265
2017-09-11,1663666.05,0.0898,0.0065,517863.04,0.14,-0.0005,69748.54,0.072,0.0325,6.9,106.5,101.6,0.016,0.005,101.5,68.4,44.2,49.0,49.3,59.4,52.4,48.9,47.4,51.3,54.8,54.7,59.4,51.1,53.8,18335.0,200069.0,18.7127667149265
2017-09-12,1663666.05,0.0898,0.0065,517863.04,0.14,-0.0005,69748.54,0.072,0.0325,6.9,106.5,101.6,0.016,0.005,101.5,68.4,44.2,49.0,49.3,59.4,52.4,48.9,47.4,51.3,54.8,54.7,59.4,51.1,53.8,18335.0,200069.0,18.7127667149265
2017-09-13,1663666.05,0.0898,0.0065,517863.04,0.14,-0.0005,69748.54,0.072,0.0325,6.9,106.5,101.6,0.016,0.005,101.5,68.4,44.2,49.0,49.3,59.4,52.4,48.9,47.4,51.3,54.8,54.7,59.4,51.1,53.8,18335.0,200069.0,18.7127667149265
2017-09-14,1663666.05,0.0898,0.0065,517863.04,0.14,-0.0005,69748.54,0.072,0.0325,6.9,106.5,101.6,0.016,0.005,101.5,68.4,44.2,49.0,49.3,59.4,52.4,48.9,47.4,51.3,54.8,54.7,59.4,51.1,53.8,18335.0,200069.0,18.7127667149265
2017-09-15,1663666.05,0.0898,0.0065,517863.04,0.14,-0.0005,69748.54,0.072,0.0325,6.9,106.5,101.6,0.016,0.005,101.5,68.4,44.2,49.0,49.3,59.4,52.4,48.9,47.4,51.3,54.8,54.7,59.4,51.1,53.8,18335.0,200069.0,18.7127667149265
2017-09-18,1663666.05,0.0898,0.0065,517863.04,0.14,-0.0005,69748.54,0.072,0.0325,6.9,106.5,101.6,0.016,0.005,101.5,68.4,44.2,49.0,49.3,59.4,52.4,48.9,47.4,51.3,54.8,54.7,59.4,51.1,53.8,18335.0,200069.0,18.7127667149265
2017-09-19,1663666.05,0.0898,0.0065,517863.04,0.14,-0.0005,69748.54,0.072,0.0325,6.9,106.5,101.6,0.016,0.005,101.5,68.4,44.2,49.0,49.3,59.4,52.4,48.9,47.4,51.3,54.8,54.7,59.4,51.1,53.8,18335.0,200069.0,18.7127667149265
2017-09-20,1663666.05,0.0898,0.0065,517863.04,0.14,-0.0005,69748.54,0.072,0.0325,6.9,106.5,101.6,0.016,0.005,101.5,68.4,44.2,49.0,49.3,59.4,52.4,48.9,47.4,51.3,54.8,54.7,59.4,51.1,53.8,18335.0,200069.0,18.7127667149265
2017-09-21,1663666.05,0.0898,0.0065,517863.04,0.14,-0.0005,69748.54,0.072,0.0325,6.9,106.5,101.6,0.016,0.005,101.5,68.4,44.2,49.0,49.3,59.4,52.4,48.9,47.4,51.3,54.8,54.7,59.4,51.1,53.8,18335.0,200069.0,18.7127667149265
2017-09-22,1663666.05,0.0898,0.0065,517863.04,0.14,-0.0005,69748.54,0.072,0.0325,6.9,106.5,101.6,0.016,0.005,101.5,68.4,44.2,49.0,49.3,59.4,52.4,48.9,47.4,51.3,54.8,54.7,59.4,51.1,53.8,18335.0,200069.0,18.7127667149265
2017-09-25,1663666.05,0.0898,0.0065,517863.04,0.14,-0.0005,69748.54,0.072,0.0325,6.9,106.5,101.6,0.016,0.005,101.5,68.4,44.2,49.0,49.3,59.4,52.4,48.9,47.4,51.3,54.8,54.7,59.4,51.1,53.8,18335.0,200069.0,18.7127667149265
2017-09-26,1663666.05,0.0898,0.0065,517863.04,0.14,-0.0005,69748.54,0.072,0.0325,6.9,106.5,101.6,0.016,0.005,101.5,68.4,44.2,49.0,49.3,59.4,52.4,48.9,47.4,51.3,54.8,54.7,59.4,51.1,53.8,18335.0,200069.0,18.7127667149265
2017-09-27,1663666.05,0.0898,0.0065,517863.04,0.14,-0.0005,69748.54,0.072,0.0325,6.9,106.5,101.6,0.016,0.005,101.5,68.4,44.2,49.0,49.3,59.4,52.4,48.9,47.4,51.3,54.8,54.7,59.4,51.1,53.8,18335.0,200069.0,18.7127667149265
2017-09-28,1663666.05,0.0898,0.0065,517863.04,0.14,-0.0005,69748.54,0.072,0.0325,6.9,106.5,101.6,0.016,0.005,101.5,68.4,44.2,49.0,49.3,59.4,52.4,48.9,47.4,51.3,54.8,54.7,59.4,51.1,53.8,18335.0,200069.0,18.7127667149265
2017-09-29,1663666.05,0.0898,0.0065,517863.04,0.14,-0.0005,69748.54,0.072,0.0325,6.9,106.5,101.6,0.016,0.005,101.5,68.4,44.2,49.0,49.3,59.4,52.4,48.9,47.4,51.3,54.8,54.7,59.4,51.1,53.8,18335.0,200069.0,18.7127667149265
2017-10-09,1662449.96,0.0888,-0.0007,525977.19,0.13,0.0157,68230.69,0.063,-0.0218,6.9,106.5,101.9,0.019,0.001,101.5,63.4,46.1,49.0,48.7,55.2,51.6,48.6,45.6,50.1,52.9,53.4,57.0,50.3,53.2,10357.0,201561.0,17.3203185024796
2017-10-10,1662449.96,0.0888,-0.0007,525977.19,0.13,0.0157,68230.69,0.063,-0.0218,6.9,106.5,101.9,0.019,0.001,101.5,63.4,46.1,49.0,48.7,55.2,51.6,48.6,45.6,50.1,52.9,53.4,57.0,50.3,53.2,10357.0,201561.0,17.3203185024796
2017-10-11,1662449.96,0.0888,-0.0007,525977.19,0.13,0.0157,68230.69,0.063,-0.0218,6.9,106.5,101.9,0.019,0.001,101.5,63.4,46.1,49.0,48.7,55.2,51.6,48.6,45.6,50.1,52.9,53.4,57.0,50.3,53.2,10357.0,201561.0,17.3203185024796
2017-10-12,1662449.96,0.0888,-0.0007,525977.19,0.13,0.0157,68230.69,0.063,-0.0218,6.9,106.5,101.9,0.019,0.001,101.5,63.4,46.1,49.0,48.7,55.2,51.6,48.6,45.6,50.1,52.9,53.4,57.0,50.3,53.2,10357.0,201561.0,17.3203185024796
2017-10-13,1662449.96,0.0888,-0.0007,525977.19,0.13,0.0157,68230.69,0.063,-0.0218,6.9,106.5,101.9,0.019,0.001,101.5,63.4,46.1,49.0,48.7,55.2,51.6,48.6,45.6,50.1,52.9,53.4,57.0,50.3,53.2,10357.0,201561.0,17.3203185024796
2017-10-16,1662449.96,0.0888,-0.0007,525977.19,0.13,0.0157,68230.69,0.063,-0.0218,6.9,106.5,101.9,0.019,0.001,101.5,63.4,46.1,49.0,48.7,55.2,51.6,48.6,45.6,50.1,52.9,53.4,57.0,50.3,53.2,10357.0,201561.0,17.3203185024796
2017-10-17,1662449.96,0.0888,-0.0007,525977.19,0.13,0.0157,68230.69,0.063,-0.0218,6.9,106.5,101.9,0.019,0.001,101.5,63.4,46.1,49.0,48.7,55.2,51.6,48.6,45.6,50.1,52.9,53.4,57.0,50.3,53.2,10357.0,201561.0,17.3203185024796
2017-10-18,1662449.96,0.0888,-0.0007,525977.19,0.13,0.0157,68230.69,0.063,-0.0218,6.9,106.5,101.9,0.019,0.001,101.5,63.4,46.1,49.0,48.7,55.2,51.6,48.6,45.6,50.1,52.9,53.4,57.0,50.3,53.2,10357.0,201561.0,17.3203185024796
2017-10-19,1662449.96,0.0888,-0.0007,525977.19,0.13,0.0157,68230.69,0.063,-0.0218,6.9,106.5,101.9,0.019,0.001,101.5,63.4,46.1,49.0,48.7,55.2,51.6,48.6,45.6,50.1,52.9,53.4,57.0,50.3,53.2,10357.0,201561.0,17.3203185024796
2017-10-20,1662449.96,0.0888,-0.0007,525977.19,0.13,0.0157,68230.69,0.063,-0.0218,6.9,106.5,101.9,0.019,0.001,101.5,63.4,46.1,49.0,48.7,55.2,51.6,48.6,45.6,50.1,52.9,53.4,57.0,50.3,53.2,10357.0,201561.0,17.3203185024796
2017-10-23,1662449.96,0.0888,-0.0007,525977.19,0.13,0.0157,68230.69,0.063,-0.0218,6.9,106.5,101.9,0.019,0.001,101.5,63.4,46.1,49.0,48.7,55.2,51.6,48.6,45.6,50.1,52.9,53.4,57.0,50.3,53.2,10357.0,201561.0,17.3203185024796
2017-10-24,1662449.96,0.0888,-0.0007,525977.19,0.13,0.0157,68230.69,0.063,-0.0218,6.9,106.5,101.9,0.019,0.001,101.5,63.4,46.1,49.0,48.7,55.2,51.6,48.6,45.6,50.1,52.9,53.4,57.0,50.3,53.2,10357.0,201561.0,17.3203185024796
2017-10-25,1662449.96,0.0888,-0.0007,525977.19,0.13,0.0157,68230.69,0.063,-0.0218,6.9,106.5,101.9,0.019,0.001,101.5,63.4,46.1,49.0,48.7,55.2,51.6,48.6,45.6,50.1,52.9,53.4,57.0,50.3,53.2,10357.0,201561.0,17.3203185024796
2017-10-26,1662449.96,0.0888,-0.0007,525977.19,0.13,0.0157,68230.69,0.063,-0.0218,6.9,106.5,101.9,0.019,0.001,101.5,63.4,46.1,49.0,48.7,55.2,51.6,48.6,45.6,50.1,52.9,53.4,57.0,50.3,53.2,10357.0,201561.0,17.3203185024796
2017-10-27,1662449.96,0.0888,-0.0007,525977.19,0.13,0.0157,68230.69,0.063,-0.0218,6.9,106.5,101.9,0.019,0.001,101.5,63.4,46.1,49.0,48.7,55.2,51.6,48.6,45.6,50.1,52.9,53.4,57.0,50.3,53.2,10357.0,201561.0,17.3203185024796
2017-10-30,1662449.96,0.0888,-0.0007,525977.19,0.13,0.0157,68230.69,0.063,-0.0218,6.9,106.5,101.9,0.019,0.001,101.5,63.4,46.1,49.0,48.7,55.2,51.6,48.6,45.6,50.1,52.9,53.4,57.0,50.3,53.2,10357.0,201561.0,17.3203185024796
2017-10-31,1662449.96,0.0888,-0.0007,525977.19,0.13,0.0157,68230.69,0.063,-0.0218,6.9,106.5,101.9,0.019,0.001,101.5,63.4,46.1,49.0,48.7,55.2,51.6,48.6,45.6,50.1,52.9,53.4,57.0,50.3,53.2,10357.0,201561.0,17.3203185024796
2017-11-01,1679156.64,0.0911,0.01,535565.05,0.127,0.0182,68623.16,0.057,0.0058,5.8,106.4,101.7,0.017,0.0,101.5,59.8,46.1,48.8,49.5,53.8,51.8,48.4,46.6,50.8,53.6,54.3,57.9,51.0,53.5,16128.0,199361.0,10.8318462060186
2017-11-02,1679156.64,0.0911,0.01,535565.05,0.127,0.0182,68623.16,0.057,0.0058,5.8,106.4,101.7,0.017,0.0,101.5,59.8,46.1,48.8,49.5,53.8,51.8,48.4,46.6,50.8,53.6,54.3,57.9,51.0,53.5,16128.0,199361.0,10.8318462060186
2017-11-03,1679156.64,0.0911,0.01,535565.05,0.127,0.0182,68623.16,0.057,0.0058,5.8,106.4,101.7,0.017,0.0,101.5,59.8,46.1,48.8,49.5,53.8,51.8,48.4,46.6,50.8,53.6,54.3,57.9,51.0,53.5,16128.0,199361.0,10.8318462060186
2017-11-06,1679156.64,0.0911,0.01,535565.05,0.127,0.0182,68623.16,0.057,0.0058,5.8,106.4,101.7,0.017,0.0,101.5,59.8,46.1,48.8,49.5,53.8,51.8,48.4,46.6,50.8,53.6,54.3,57.9,51.0,53.5,16128.0,199361.0,10.8318462060186
2017-11-07,1679156.64,0.0911,0.01,535565.05,0.127,0.0182,68623.16,0.057,0.0058,5.8,106.4,101.7,0.017,0.0,101.5,59.8,46.1,48.8,49.5,53.8,51.8,48.4,46.6,50.8,53.6,54.3,57.9,51.0,53.5,16128.0,199361.0,10.8318462060186
2017-11-08,1679156.64,0.0911,0.01,535565.05,0.127,0.0182,68623.16,0.057,0.0058,5.8,106.4,101.7,0.017,0.0,101.5,59.8,46.1,48.8,49.5,53.8,51.8,48.4,46.6,50.8,53.6,54.3,57.9,51.0,53.5,16128.0,199361.0,10.8318462060186
2017-11-09,1679156.64,0.0911,0.01,535565.05,0.127,0.0182,68623.16,0.057,0.0058,5.8,106.4,101.7,0.017,0.0,101.5,59.8,46.1,48.8,49.5,53.8,51.8,48.4,46.6,50.8,53.6,54.3,57.9,51.0,53.5,16128.0,199361.0,10.8318462060186
2017-11-10,1679156.64,0.0911,0.01,535565.05,0.127,0.0182,68623.16,0.057,0.0058,5.8,106.4,101.7,0.017,0.0,101.5,59.8,46.1,48.8,49.5,53.8,51.8,48.4,46.6,50.8,53.6,54.3,57.9,51.0,53.5,16128.0,199361.0,10.8318462060186
2017-11-13,1679156.64,0.0911,0.01,535565.05,0.127,0.0182,68623.16,0.057,0.0058,5.8,106.4,101.7,0.017,0.0,101.5,59.8,46.1,48.8,49.5,53.8,51.8,48.4,46.6,50.8,53.6,54.3,57.9,51.0,53.5,16128.0,199361.0,10.8318462060186
2017-11-14,1679156.64,0.0911,0.01,535565.05,0.127,0.0182,68623.16,0.057,0.0058,5.8,106.4,101.7,0.017,0.0,101.5,59.8,46.1,48.8,49.5,53.8,51.8,48.4,46.6,50.8,53.6,54.3,57.9,51.0,53.5,16128.0,199361.0,10.8318462060186
2017-11-15,1679156.64,0.0911,0.01,535565.05,0.127,0.0182,68623.16,0.057,0.0058,5.8,106.4,101.7,0.017,0.0,101.5,59.8,46.1,48.8,49.5,53.8,51.8,48.4,46.6,50.8,53.6,54.3,57.9,51.0,53.5,16128.0,199361.0,10.8318462060186
2017-11-16,1679156.64,0.0911,0.01,535565.05,0.127,0.0182,68623.16,0.057,0.0058,5.8,106.4,101.7,0.017,0.0,101.5,59.8,46.1,48.8,49.5,53.8,51.8,48.4,46.6,50.8,53.6,54.3,57.9,51.0,53.5,16128.0,199361.0,10.8318462060186
2017-11-17,1679156.64,0.0911,0.01,535565.05,0.127,0.0182,68623.16,0.057,0.0058,5.8,106.4,101.7,0.017,0.0,101.5,59.8,46.1,48.8,49.5,53.8,51.8,48.4,46.6,50.8,53.6,54.3,57.9,51.0,53.5,16128.0,199361.0,10.8318462060186
2017-11-20,1679156.64,0.0911,0.01,535565.05,0.127,0.0182,68623.16,0.057,0.0058,5.8,106.4,101.7,0.017,0.0,101.5,59.8,46.1,48.8,49.5,53.8,51.8,48.4,46.6,50.8,53.6,54.3,57.9,51.0,53.5,16128.0,199361.0,10.8318462060186
2017-11-21,1679156.64,0.0911,0.01,535565.05,0.127,0.0182,68623.16,0.057,0.0058,5.8,106.4,101.7,0.017,0.0,101.5,59.8,46.1,48.8,49.5,53.8,51.8,48.4,46.6,50.8,53.6,54.3,57.9,51.0,53.5,16128.0,199361.0,10.8318462060186
2017-11-22,1679156.64,0.0911,0.01,535565.05,0.127,0.0182,68623.16,0.057,0.0058,5.8,106.4,101.7,0.017,0.0,101.5,59.8,46.1,48.8,49.5,53.8,51.8,48.4,46.6,50.8,53.6,54.3,57.9,51.0,53.5,16128.0,199361.0,10.8318462060186
2017-11-23,1679156.64,0.0911,0.01,535565.05,0.127,0.0182,68623.16,0.057,0.0058,5.8,106.4,101.7,0.017,0.0,101.5,59.8,46.1,48.8,49.5,53.8,51.8,48.4,46.6,50.8,53.6,54.3,57.9,51.0,53.5,16128.0,199361.0,10.8318462060186
2017-11-24,1679156.64,0.0911,0.01,535565.05,0.127,0.0182,68623.16,0.057,0.0058,5.8,106.4,101.7,0.017,0.0,101.5,59.8,46.1,48.8,49.5,53.8,51.8,48.4,46.6,50.8,53.6,54.3,57.9,51.0,53.5,16128.0,199361.0,10.8318462060186
2017-11-27,1679156.64,0.0911,0.01,535565.05,0.127,0.0182,68623.16,0.057,0.0058,5.8,106.4,101.7,0.017,0.0,101.5,59.8,46.1,48.8,49.5,53.8,51.8,48.4,46.6,50.8,53.6,54.3,57.9,51.0,53.5,16128.0,199361.0,10.8318462060186
2017-11-28,1679156.64,0.0911,0.01,535565.05,0.127,0.0182,68623.16,0.057,0.0058,5.8,106.4,101.7,0.017,0.0,101.5,59.8,46.1,48.8,49.5,53.8,51.8,48.4,46.6,50.8,53.6,54.3,57.9,51.0,53.5,16128.0,199361.0,10.8318462060186
2017-11-29,1679156.64,0.0911,0.01,535565.05,0.127,0.0182,68623.16,0.057,0.0058,5.8,106.4,101.7,0.017,0.0,101.5,59.8,46.1,48.8,49.5,53.8,51.8,48.4,46.6,50.8,53.6,54.3,57.9,51.0,53.5,16128.0,199361.0,10.8318462060186
2017-11-30,1679156.64,0.0911,0.01,535565.05,0.127,0.0182,68623.16,0.057,0.0058,5.8,106.4,101.7,0.017,0.0,101.5,59.8,46.1,48.8,49.5,53.8,51.8,48.4,46.6,50.8,53.6,54.3,57.9,51.0,53.5,16128.0,199361.0,10.8318462060186
2017-12-01,1690235.31,0.0807,0.0066,543790.15,0.118,0.0154,70645.6,0.034,0.0295,4.9,106.3,101.8,0.018,0.003,101.6,62.2,45.8,48.5,49.3,54.4,51.6,48.0,46.3,51.9,53.4,54.0,58.7,51.2,53.6,11481.0,194445.0,9.14066008082621
2017-12-04,1690235.31,0.0807,0.0066,543790.15,0.118,0.0154,70645.6,0.034,0.0295,4.9,106.3,101.8,0.018,0.003,101.6,62.2,45.8,48.5,49.3,54.4,51.6,48.0,46.3,51.9,53.4,54.0,58.7,51.2,53.6,11481.0,194445.0,9.14066008082621
2017-12-05,1690235.31,0.0807,0.0066,543790.15,0.118,0.0154,70645.6,0.034,0.0295,4.9,106.3,101.8,0.018,0.003,101.6,62.2,45.8,48.5,49.3,54.4,51.6,48.0,46.3,51.9,53.4,54.0,58.7,51.2,53.6,11481.0,194445.0,9.14066008082621
2017-12-06,1690235.31,0.0807,0.0066,543790.15,0.118,0.0154,70645.6,0.034,0.0295,4.9,106.3,101.8,0.018,0.003,101.6,62.2,45.8,48.5,49.3,54.4,51.6,48.0,46.3,51.9,53.4,54.0,58.7,51.2,53.6,11481.0,194445.0,9.14066008082621
2017-12-07,1690235.31,0.0807,0.0066,543790.15,0.118,0.0154,70645.6,0.034,0.0295,4.9,106.3,101.8,0.018,0.003,101.6,62.2,45.8,48.5,49.3,54.4,51.6,48.0,46.3,51.9,53.4,54.0,58.7,51.2,53.6,11481.0,194445.0,9.14066008082621
2017-12-08,1690235.31,0.0807,0.0066,543790.15,0.118,0.0154,70645.6,0.034,0.0295,4.9,106.3,101.8,0.018,0.003,101.6,62.2,45.8,48.5,49.3,54.4,51.6,48.0,46.3,51.9,53.4,54.0,58.7,51.2,53.6,11481.0,194445.0,9.14066008082621
2017-12-11,1690235.31,0.0807,0.0066,543790.15,0.118,0.0154,70645.6,0.034,0.0295,4.9,106.3,101.8,0.018,0.003,101.6,62.2,45.8,48.5,49.3,54.4,51.6,48.0,46.3,51.9,53.4,54.0,58.7,51.2,53.6,11481.0,194445.0,9.14066008082621
2017-12-12,1690235.31,0.0807,0.0066,543790.15,0.118,0.0154,70645.6,0.034,0.0295,4.9,106.3,101.8,0.018,0.003,101.6,62.2,45.8,48.5,49.3,54.4,51.6,48.0,46.3,51.9,53.4,54.0,58.7,51.2,53.6,11481.0,194445.0,9.14066008082621
2017-12-13,1690235.31,0.0807,0.0066,543790.15,0.118,0.0154,70645.6,0.034,0.0295,4.9,106.3,101.8,0.018,0.003,101.6,62.2,45.8,48.5,49.3,54.4,51.6,48.0,46.3,51.9,53.4,54.0,58.7,51.2,53.6,11481.0,194445.0,9.14066008082621
2017-12-14,1690235.31,0.0807,0.0066,543790.15,0.118,0.0154,70645.6,0.034,0.0295,4.9,106.3,101.8,0.018,0.003,101.6,62.2,45.8,48.5,49.3,54.4,51.6,48.0,46.3,51.9,53.4,54.0,58.7,51.2,53.6,11481.0,194445.0,9.14066008082621
2017-12-15,1690235.31,0.0807,0.0066,543790.15,0.118,0.0154,70645.6,0.034,0.0295,4.9,106.3,101.8,0.018,0.003,101.6,62.2,45.8,48.5,49.3,54.4,51.6,48.0,46.3,51.9,53.4,54.0,58.7,51.2,53.6,11481.0,194445.0,9.14066008082621
2017-12-18,1690235.31,0.0807,0.0066,543790.15,0.118,0.0154,70645.6,0.034,0.0295,4.9,106.3,101.8,0.018,0.003,101.6,62.2,45.8,48.5,49.3,54.4,51.6,48.0,46.3,51.9,53.4,54.0,58.7,51.2,53.6,11481.0,194445.0,9.14066008082621
2017-12-19,1690235.31,0.0807,0.0066,543790.15,0.118,0.0154,70645.6,0.034,0.0295,4.9,106.3,101.8,0.018,0.003,101.6,62.2,45.8,48.5,49.3,54.4,51.6,48.0,46.3,51.9,53.4,54.0,58.7,51.2,53.6,11481.0,194445.0,9.14066008082621
2017-12-20,1690235.31,0.0807,0.0066,543790.15,0.118,0.0154,70645.6,0.034,0.0295,4.9,106.3,101.8,0.018,0.003,101.6,62.2,45.8,48.5,49.3,54.4,51.6,48.0,46.3,51.9,53.4,54.0,58.7,51.2,53.6,11481.0,194445.0,9.14066008082621
2017-12-21,1690235.31,0.0807,0.0066,543790.15,0.118,0.0154,70645.6,0.034,0.0295,4.9,106.3,101.8,0.018,0.003,101.6,62.2,45.8,48.5,49.3,54.4,51.6,48.0,46.3,51.9,53.4,54.0,58.7,51.2,53.6,11481.0,194445.0,9.14066008082621
2017-12-22,1690235.31,0.0807,0.0066,543790.15,0.118,0.0154,70645.6,0.034,0.0295,4.9,106.3,101.8,0.018,0.003,101.6,62.2,45.8,48.5,49.3,54.4,51.6,48.0,46.3,51.9,53.4,54.0,58.7,51.2,53.6,11481.0,194445.0,9.14066008082621
2017-12-25,1690235.31,0.0807,0.0066,543790.15,0.118,0.0154,70645.6,0.034,0.0295,4.9,106.3,101.8,0.018,0.003,101.6,62.2,45.8,48.5,49.3,54.4,51.6,48.0,46.3,51.9,53.4,54.0,58.7,51.2,53.6,11481.0,194445.0,9.14066008082621
2017-12-26,1690235.31,0.0807,0.0066,543790.15,0.118,0.0154,70645.6,0.034,0.0295,4.9,106.3,101.8,0.018,0.003,101.6,62.2,45.8,48.5,49.3,54.4,51.6,48.0,46.3,51.9,53.4,54.0,58.7,51.2,53.6,11481.0,194445.0,9.14066008082621
2017-12-27,1690235.31,0.0807,0.0066,543790.15,0.118,0.0154,70645.6,0.034,0.0295,4.9,106.3,101.8,0.018,0.003,101.6,62.2,45.8,48.5,49.3,54.4,51.6,48.0,46.3,51.9,53.4,54.0,58.7,51.2,53.6,11481.0,194445.0,9.14066008082621
2017-12-28,1690235.31,0.0807,0.0066,543790.15,0.118,0.0154,70645.6,0.034,0.0295,4.9,106.3,101.8,0.018,0.003,101.6,62.2,45.8,48.5,49.3,54.4,51.6,48.0,46.3,51.9,53.4,54.0,58.7,51.2,53.6,11481.0,194445.0,9.14066008082621
2017-12-29,1690235.31,0.0807,0.0066,543790.15,0.118,0.0154,70645.6,0.034,0.0295,4.9,106.3,101.8,0.018,0.003,101.6,62.2,45.8,48.5,49.3,54.4,51.6,48.0,46.3,51.9,53.4,54.0,58.7,51.2,53.6,11481.0,194445.0,9.14066008082621
2018-01-02,1720814.46,0.086,0.0181,543247.13,0.15,-0.001,74636.29,-0.138,0.0565,4.3,104.3,101.5,0.015,0.006,101.5,59.7,47.0,48.3,49.2,51.8,51.3,48.8,45.3,49.5,52.6,53.5,56.8,50.4,52.9,30793.0,188268.0,4.37761958618854
2018-01-03,1720814.46,0.086,0.0181,543247.13,0.15,-0.001,74636.29,-0.138,0.0565,4.3,104.3,101.5,0.015,0.006,101.5,59.7,47.0,48.3,49.2,51.8,51.3,48.8,45.3,49.5,52.6,53.5,56.8,50.4,52.9,30793.0,188268.0,4.37761958618854
2018-01-04,1720814.46,0.086,0.0181,543247.13,0.15,-0.001,74636.29,-0.138,0.0565,4.3,104.3,101.5,0.015,0.006,101.5,59.7,47.0,48.3,49.2,51.8,51.3,48.8,45.3,49.5,52.6,53.5,56.8,50.4,52.9,30793.0,188268.0,4.37761958618854
2018-01-05,1720814.46,0.086,0.0181,543247.13,0.15,-0.001,74636.29,-0.138,0.0565,4.3,104.3,101.5,0.015,0.006,101.5,59.7,47.0,48.3,49.2,51.8,51.3,48.8,45.3,49.5,52.6,53.5,56.8,50.4,52.9,30793.0,188268.0,4.37761958618854
2018-01-08,1720814.46,0.086,0.0181,543247.13,0.15,-0.001,74636.29,-0.138,0.0565,4.3,104.3,101.5,0.015,0.006,101.5,59.7,47.0,48.3,49.2,51.8,51.3,48.8,45.3,49.5,52.6,53.5,56.8,50.4,52.9,30793.0,188268.0,4.37761958618854
2018-01-09,1720814.46,0.086,0.0181,543247.13,0.15,-0.001,74636.29,-0.138,0.0565,4.3,104.3,101.5,0.015,0.006,101.5,59.7,47.0,48.3,49.2,51.8,51.3,48.8,45.3,49.5,52.6,53.5,56.8,50.4,52.9,30793.0,188268.0,4.37761958618854
2018-01-10,1720814.46,0.086,0.0181,543247.13,0.15,-0.001,74636.29,-0.138,0.0565,4.3,104.3,101.5,0.015,0.006,101.5,59.7,47.0,48.3,49.2,51.8,51.3,48.8,45.3,49.5,52.6,53.5,56.8,50.4,52.9,30793.0,188268.0,4.37761958618854
2018-01-11,1720814.46,0.086,0.0181,543247.13,0.15,-0.001,74636.29,-0.138,0.0565,4.3,104.3,101.5,0.015,0.006,101.5,59.7,47.0,48.3,49.2,51.8,51.3,48.8,45.3,49.5,52.6,53.5,56.8,50.4,52.9,30793.0,188268.0,4.37761958618854
2018-01-12,1720814.46,0.086,0.0181,543247.13,0.15,-0.001,74636.29,-0.138,0.0565,4.3,104.3,101.5,0.015,0.006,101.5,59.7,47.0,48.3,49.2,51.8,51.3,48.8,45.3,49.5,52.6,53.5,56.8,50.4,52.9,30793.0,188268.0,4.37761958618854
2018-01-15,1720814.46,0.086,0.0181,543247.13,0.15,-0.001,74636.29,-0.138,0.0565,4.3,104.3,101.5,0.015,0.006,101.5,59.7,47.0,48.3,49.2,51.8,51.3,48.8,45.3,49.5,52.6,53.5,56.8,50.4,52.9,30793.0,188268.0,4.37761958618854
2018-01-16,1720814.46,0.086,0.0181,543247.13,0.15,-0.001,74636.29,-0.138,0.0565,4.3,104.3,101.5,0.015,0.006,101.5,59.7,47.0,48.3,49.2,51.8,51.3,48.8,45.3,49.5,52.6,53.5,56.8,50.4,52.9,30793.0,188268.0,4.37761958618854
2018-01-17,1720814.46,0.086,0.0181,543247.13,0.15,-0.001,74636.29,-0.138,0.0565,4.3,104.3,101.5,0.015,0.006,101.5,59.7,47.0,48.3,49.2,51.8,51.3,48.8,45.3,49.5,52.6,53.5,56.8,50.4,52.9,30793.0,188268.0,4.37761958618854
2018-01-18,1720814.46,0.086,0.0181,543247.13,0.15,-0.001,74636.29,-0.138,0.0565,4.3,104.3,101.5,0.015,0.006,101.5,59.7,47.0,48.3,49.2,51.8,51.3,48.8,45.3,49.5,52.6,53.5,56.8,50.4,52.9,30793.0,188268.0,4.37761958618854
2018-01-19,1720814.46,0.086,0.0181,543247.13,0.15,-0.001,74636.29,-0.138,0.0565,4.3,104.3,101.5,0.015,0.006,101.5,59.7,47.0,48.3,49.2,51.8,51.3,48.8,45.3,49.5,52.6,53.5,56.8,50.4,52.9,30793.0,188268.0,4.37761958618854
2018-01-22,1720814.46,0.086,0.0181,543247.13,0.15,-0.001,74636.29,-0.138,0.0565,4.3,104.3,101.5,0.015,0.006,101.5,59.7,47.0,48.3,49.2,51.8,51.3,48.8,45.3,49.5,52.6,53.5,56.8,50.4,52.9,30793.0,188268.0,4.37761958618854
2018-01-23,1720814.46,0.086,0.0181,543247.13,0.15,-0.001,74636.29,-0.138,0.0565,4.3,104.3,101.5,0.015,0.006,101.5,59.7,47.0,48.3,49.2,51.8,51.3,48.8,45.3,49.5,52.6,53.5,56.8,50.4,52.9,30793.0,188268.0,4.37761958618854
2018-01-24,1720814.46,0.086,0.0181,543247.13,0.15,-0.001,74636.29,-0.138,0.0565,4.3,104.3,101.5,0.015,0.006,101.5,59.7,47.0,48.3,49.2,51.8,51.3,48.8,45.3,49.5,52.6,53.5,56.8,50.4,52.9,30793.0,188268.0,4.37761958618854
2018-01-25,1720814.46,0.086,0.0181,543247.13,0.15,-0.001,74636.29,-0.138,0.0565,4.3,104.3,101.5,0.015,0.006,101.5,59.7,47.0,48.3,49.2,51.8,51.3,48.8,45.3,49.5,52.6,53.5,56.8,50.4,52.9,30793.0,188268.0,4.37761958618854
2018-01-26,1720814.46,0.086,0.0181,543247.13,0.15,-0.001,74636.29,-0.138,0.0565,4.3,104.3,101.5,0.015,0.006,101.5,59.7,47.0,48.3,49.2,51.8,51.3,48.8,45.3,49.5,52.6,53.5,56.8,50.4,52.9,30793.0,188268.0,4.37761958618854
2018-01-29,1720814.46,0.086,0.0181,543247.13,0.15,-0.001,74636.29,-0.138,0.0565,4.3,104.3,101.5,0.015,0.006,101.5,59.7,47.0,48.3,49.2,51.8,51.3,48.8,45.3,49.5,52.6,53.5,56.8,50.4,52.9,30793.0,188268.0,4.37761958618854
2018-01-30,1720814.46,0.086,0.0181,543247.13,0.15,-0.001,74636.29,-0.138,0.0565,4.3,104.3,101.5,0.015,0.006,101.5,59.7,47.0,48.3,49.2,51.8,51.3,48.8,45.3,49.5,52.6,53.5,56.8,50.4,52.9,30793.0,188268.0,4.37761958618854
2018-01-31,1720814.46,0.086,0.0181,543247.13,0.15,-0.001,74636.29,-0.138,0.0565,4.3,104.3,101.5,0.015,0.006,101.5,59.7,47.0,48.3,49.2,51.8,51.3,48.8,45.3,49.5,52.6,53.5,56.8,50.4,52.9,30793.0,188268.0,4.37761958618854
2018-02-01,1729070.12,0.088,0.0048,517035.99,0.085,-0.0482,81424.24,0.135,0.0909,3.7,104.0,102.9,0.029,0.012,102.2,53.4,46.7,48.1,48.4,49.2,50.3,49.3,44.9,49.0,51.0,50.7,58.2,49.8,50.8,11894.0,189254.0,3.43557343360588
2018-02-02,1729070.12,0.088,0.0048,517035.99,0.085,-0.0482,81424.24,0.135,0.0909,3.7,104.0,102.9,0.029,0.012,102.2,53.4,46.7,48.1,48.4,49.2,50.3,49.3,44.9,49.0,51.0,50.7,58.2,49.8,50.8,11894.0,189254.0,3.43557343360588
2018-02-05,1729070.12,0.088,0.0048,517035.99,0.085,-0.0482,81424.24,0.135,0.0909,3.7,104.0,102.9,0.029,0.012,102.2,53.4,46.7,48.1,48.4,49.2,50.3,49.3,44.9,49.0,51.0,50.7,58.2,49.8,50.8,11894.0,189254.0,3.43557343360588
2018-02-06,1729070.12,0.088,0.0048,517035.99,0.085,-0.0482,81424.24,0.135,0.0909,3.7,104.0,102.9,0.029,0.012,102.2,53.4,46.7,48.1,48.4,49.2,50.3,49.3,44.9,49.0,51.0,50.7,58.2,49.8,50.8,11894.0,189254.0,3.43557343360588
2018-02-07,1729070.12,0.088,0.0048,517035.99,0.085,-0.0482,81424.24,0.135,0.0909,3.7,104.0,102.9,0.029,0.012,102.2,53.4,46.7,48.1,48.4,49.2,50.3,49.3,44.9,49.0,51.0,50.7,58.2,49.8,50.8,11894.0,189254.0,3.43557343360588
2018-02-08,1729070.12,0.088,0.0048,517035.99,0.085,-0.0482,81424.24,0.135,0.0909,3.7,104.0,102.9,0.029,0.012,102.2,53.4,46.7,48.1,48.4,49.2,50.3,49.3,44.9,49.0,51.0,50.7,58.2,49.8,50.8,11894.0,189254.0,3.43557343360588
2018-02-09,1729070.12,0.088,0.0048,517035.99,0.085,-0.0482,81424.24,0.135,0.0909,3.7,104.0,102.9,0.029,0.012,102.2,53.4,46.7,48.1,48.4,49.2,50.3,49.3,44.9,49.0,51.0,50.7,58.2,49.8,50.8,11894.0,189254.0,3.43557343360588
2018-02-12,1729070.12,0.088,0.0048,517035.99,0.085,-0.0482,81424.24,0.135,0.0909,3.7,104.0,102.9,0.029,0.012,102.2,53.4,46.7,48.1,48.4,49.2,50.3,49.3,44.9,49.0,51.0,50.7,58.2,49.8,50.8,11894.0,189254.0,3.43557343360588
2018-02-13,1729070.12,0.088,0.0048,517035.99,0.085,-0.0482,81424.24,0.135,0.0909,3.7,104.0,102.9,0.029,0.012,102.2,53.4,46.7,48.1,48.4,49.2,50.3,49.3,44.9,49.0,51.0,50.7,58.2,49.8,50.8,11894.0,189254.0,3.43557343360588
2018-02-14,1729070.12,0.088,0.0048,517035.99,0.085,-0.0482,81424.24,0.135,0.0909,3.7,104.0,102.9,0.029,0.012,102.2,53.4,46.7,48.1,48.4,49.2,50.3,49.3,44.9,49.0,51.0,50.7,58.2,49.8,50.8,11894.0,189254.0,3.43557343360588
2018-02-22,1729070.12,0.088,0.0048,517035.99,0.085,-0.0482,81424.24,0.135,0.0909,3.7,104.0,102.9,0.029,0.012,102.2,53.4,46.7,48.1,48.4,49.2,50.3,49.3,44.9,49.0,51.0,50.7,58.2,49.8,50.8,11894.0,189254.0,3.43557343360588
2018-02-23,1729070.12,0.088,0.0048,517035.99,0.085,-0.0482,81424.24,0.135,0.0909,3.7,104.0,102.9,0.029,0.012,102.2,53.4,46.7,48.1,48.4,49.2,50.3,49.3,44.9,49.0,51.0,50.7,58.2,49.8,50.8,11894.0,189254.0,3.43557343360588
2018-02-26,1729070.12,0.088,0.0048,517035.99,0.085,-0.0482,81424.24,0.135,0.0909,3.7,104.0,102.9,0.029,0.012,102.2,53.4,46.7,48.1,48.4,49.2,50.3,49.3,44.9,49.0,51.0,50.7,58.2,49.8,50.8,11894.0,189254.0,3.43557343360588
2018-02-27,1729070.12,0.088,0.0048,517035.99,0.085,-0.0482,81424.24,0.135,0.0909,3.7,104.0,102.9,0.029,0.012,102.2,53.4,46.7,48.1,48.4,49.2,50.3,49.3,44.9,49.0,51.0,50.7,58.2,49.8,50.8,11894.0,189254.0,3.43557343360588
2018-02-28,1729070.12,0.088,0.0048,517035.99,0.085,-0.0482,81424.24,0.135,0.0909,3.7,104.0,102.9,0.029,0.012,102.2,53.4,46.7,48.1,48.4,49.2,50.3,49.3,44.9,49.0,51.0,50.7,58.2,49.8,50.8,11894.0,189254.0,3.43557343360588
2018-03-01,1739859.48,0.082,0.0062,523540.07,0.071,0.0126,72692.63,0.06,-0.1072,3.1,103.7,102.1,0.021,-0.011,102.1,53.4,47.3,49.1,50.1,48.9,51.5,49.6,46.0,51.3,53.3,53.1,58.7,51.3,53.0,15848.0,183916.0,2.04912802472492
2018-03-02,1739859.48,0.082,0.0062,523540.07,0.071,0.0126,72692.63,0.06,-0.1072,3.1,103.7,102.1,0.021,-0.011,102.1,53.4,47.3,49.1,50.1,48.9,51.5,49.6,46.0,51.3,53.3,53.1,58.7,51.3,53.0,15848.0,183916.0,2.04912802472492
2018-03-05,1739859.48,0.082,0.0062,523540.07,0.071,0.0126,72692.63,0.06,-0.1072,3.1,103.7,102.1,0.021,-0.011,102.1,53.4,47.3,49.1,50.1,48.9,51.5,49.6,46.0,51.3,53.3,53.1,58.7,51.3,53.0,15848.0,183916.0,2.04912802472492
2018-03-06,1739859.48,0.082,0.0062,523540.07,0.071,0.0126,72692.63,0.06,-0.1072,3.1,103.7,102.1,0.021,-0.011,102.1,53.4,47.3,49.1,50.1,48.9,51.5,49.6,46.0,51.3,53.3,53.1,58.7,51.3,53.0,15848.0,183916.0,2.04912802472492
2018-03-07,1739859.48,0.082,0.0062,523540.07,0.071,0.0126,72692.63,0.06,-0.1072,3.1,103.7,102.1,0.021,-0.011,102.1,53.4,47.3,49.1,50.1,48.9,51.5,49.6,46.0,51.3,53.3,53.1,58.7,51.3,53.0,15848.0,183916.0,2.04912802472492
2018-03-08,1739859.48,0.082,0.0062,523540.07,0.071,0.0126,72692.63,0.06,-0.1072,3.1,103.7,102.1,0.021,-0.011,102.1,53.4,47.3,49.1,50.1,48.9,51.5,49.6,46.0,51.3,53.3,53.1,58.7,51.3,53.0,15848.0,183916.0,2.04912802472492
2018-03-09,1739859.48,0.082,0.0062,523540.07,0.071,0.0126,72692.63,0.06,-0.1072,3.1,103.7,102.1,0.021,-0.011,102.1,53.4,47.3,49.1,50.1,48.9,51.5,49.6,46.0,51.3,53.3,53.1,58.7,51.3,53.0,15848.0,183916.0,2.04912802472492
2018-03-12,1739859.48,0.082,0.0062,523540.07,0.071,0.0126,72692.63,0.06,-0.1072,3.1,103.7,102.1,0.021,-0.011,102.1,53.4,47.3,49.1,50.1,48.9,51.5,49.6,46.0,51.3,53.3,53.1,58.7,51.3,53.0,15848.0,183916.0,2.04912802472492
2018-03-13,1739859.48,0.082,0.0062,523540.07,0.071,0.0126,72692.63,0.06,-0.1072,3.1,103.7,102.1,0.021,-0.011,102.1,53.4,47.3,49.1,50.1,48.9,51.5,49.6,46.0,51.3,53.3,53.1,58.7,51.3,53.0,15848.0,183916.0,2.04912802472492
2018-03-14,1739859.48,0.082,0.0062,523540.07,0.071,0.0126,72692.63,0.06,-0.1072,3.1,103.7,102.1,0.021,-0.011,102.1,53.4,47.3,49.1,50.1,48.9,51.5,49.6,46.0,51.3,53.3,53.1,58.7,51.3,53.0,15848.0,183916.0,2.04912802472492
2018-03-15,1739859.48,0.082,0.0062,523540.07,0.071,0.0126,72692.63,0.06,-0.1072,3.1,103.7,102.1,0.021,-0.011,102.1,53.4,47.3,49.1,50.1,48.9,51.5,49.6,46.0,51.3,53.3,53.1,58.7,51.3,53.0,15848.0,183916.0,2.04912802472492
2018-03-16,1739859.48,0.082,0.0062,523540.07,0.071,0.0126,72692.63,0.06,-0.1072,3.1,103.7,102.1,0.021,-0.011,102.1,53.4,47.3,49.1,50.1,48.9,51.5,49.6,46.0,51.3,53.3,53.1,58.7,51.3,53.0,15848.0,183916.0,2.04912802472492
2018-03-19,1739859.48,0.082,0.0062,523540.07,0.071,0.0126,72692.63,0.06,-0.1072,3.1,103.7,102.1,0.021,-0.011,102.1,53.4,47.3,49.1,50.1,48.9,51.5,49.6,46.0,51.3,53.3,53.1,58.7,51.3,53.0,15848.0,183916.0,2.04912802472492
2018-03-20,1739859.48,0.082,0.0062,523540.07,0.071,0.0126,72692.63,0.06,-0.1072,3.1,103.7,102.1,0.021,-0.011,102.1,53.4,47.3,49.1,50.1,48.9,51.5,49.6,46.0,51.3,53.3,53.1,58.7,51.3,53.0,15848.0,183916.0,2.04912802472492
2018-03-21,1739859.48,0.082,0.0062,523540.07,0.071,0.0126,72692.63,0.06,-0.1072,3.1,103.7,102.1,0.021,-0.011,102.1,53.4,47.3,49.1,50.1,48.9,51.5,49.6,46.0,51.3,53.3,53.1,58.7,51.3,53.0,15848.0,183916.0,2.04912802472492
2018-03-22,1739859.48,0.082,0.0062,523540.07,0.071,0.0126,72692.63,0.06,-0.1072,3.1,103.7,102.1,0.021,-0.011,102.1,53.4,47.3,49.1,50.1,48.9,51.5,49.6,46.0,51.3,53.3,53.1,58.7,51.3,53.0,15848.0,183916.0,2.04912802472492
2018-03-23,1739859.48,0.082,0.0062,523540.07,0.071,0.0126,72692.63,0.06,-0.1072,3.1,103.7,102.1,0.021,-0.011,102.1,53.4,47.3,49.1,50.1,48.9,51.5,49.6,46.0,51.3,53.3,53.1,58.7,51.3,53.0,15848.0,183916.0,2.04912802472492
2018-03-26,1739859.48,0.082,0.0062,523540.07,0.071,0.0126,72692.63,0.06,-0.1072,3.1,103.7,102.1,0.021,-0.011,102.1,53.4,47.3,49.1,50.1,48.9,51.5,49.6,46.0,51.3,53.3,53.1,58.7,51.3,53.0,15848.0,183916.0,2.04912802472492
2018-03-27,1739859.48,0.082,0.0062,523540.07,0.071,0.0126,72692.63,0.06,-0.1072,3.1,103.7,102.1,0.021,-0.011,102.1,53.4,47.3,49.1,50.1,48.9,51.5,49.6,46.0,51.3,53.3,53.1,58.7,51.3,53.0,15848.0,183916.0,2.04912802472492
2018-03-28,1739859.48,0.082,0.0062,523540.07,0.071,0.0126,72692.63,0.06,-0.1072,3.1,103.7,102.1,0.021,-0.011,102.1,53.4,47.3,49.1,50.1,48.9,51.5,49.6,46.0,51.3,53.3,53.1,58.7,51.3,53.0,15848.0,183916.0,2.04912802472492
2018-03-29,1739859.48,0.082,0.0062,523540.07,0.071,0.0126,72692.63,0.06,-0.1072,3.1,103.7,102.1,0.021,-0.011,102.1,53.4,47.3,49.1,50.1,48.9,51.5,49.6,46.0,51.3,53.3,53.1,58.7,51.3,53.0,15848.0,183916.0,2.04912802472492
2018-03-30,1739859.48,0.082,0.0062,523540.07,0.071,0.0126,72692.63,0.06,-0.1072,3.1,103.7,102.1,0.021,-0.011,102.1,53.4,47.3,49.1,50.1,48.9,51.5,49.6,46.0,51.3,53.3,53.1,58.7,51.3,53.0,15848.0,183916.0,2.04912802472492
2018-04-02,1737683.73,0.083,-0.0013,525447.77,0.072,0.0036,71476.46,0.045,-0.0167,3.4,103.6,101.8,0.018,-0.002,102.1,53.0,47.2,49.0,50.2,50.2,51.4,49.5,46.2,50.7,52.9,53.1,58.4,50.2,52.6,17761.0,187797.0,0.80678926857547
2018-04-03,1737683.73,0.083,-0.0013,525447.77,0.072,0.0036,71476.46,0.045,-0.0167,3.4,103.6,101.8,0.018,-0.002,102.1,53.0,47.2,49.0,50.2,50.2,51.4,49.5,46.2,50.7,52.9,53.1,58.4,50.2,52.6,17761.0,187797.0,0.80678926857547
2018-04-04,1737683.73,0.083,-0.0013,525447.77,0.072,0.0036,71476.46,0.045,-0.0167,3.4,103.6,101.8,0.018,-0.002,102.1,53.0,47.2,49.0,50.2,50.2,51.4,49.5,46.2,50.7,52.9,53.1,58.4,50.2,52.6,17761.0,187797.0,0.80678926857547
2018-04-09,1737683.73,0.083,-0.0013,525447.77,0.072,0.0036,71476.46,0.045,-0.0167,3.4,103.6,101.8,0.018,-0.002,102.1,53.0,47.2,49.0,50.2,50.2,51.4,49.5,46.2,50.7,52.9,53.1,58.4,50.2,52.6,17761.0,187797.0,0.80678926857547
2018-04-10,1737683.73,0.083,-0.0013,525447.77,0.072,0.0036,71476.46,0.045,-0.0167,3.4,103.6,101.8,0.018,-0.002,102.1,53.0,47.2,49.0,50.2,50.2,51.4,49.5,46.2,50.7,52.9,53.1,58.4,50.2,52.6,17761.0,187797.0,0.80678926857547
2018-04-11,1737683.73,0.083,-0.0013,525447.77,0.072,0.0036,71476.46,0.045,-0.0167,3.4,103.6,101.8,0.018,-0.002,102.1,53.0,47.2,49.0,50.2,50.2,51.4,49.5,46.2,50.7,52.9,53.1,58.4,50.2,52.6,17761.0,187797.0,0.80678926857547
2018-04-12,1737683.73,0.083,-0.0013,525447.77,0.072,0.0036,71476.46,0.045,-0.0167,3.4,103.6,101.8,0.018,-0.002,102.1,53.0,47.2,49.0,50.2,50.2,51.4,49.5,46.2,50.7,52.9,53.1,58.4,50.2,52.6,17761.0,187797.0,0.80678926857547
2018-04-13,1737683.73,0.083,-0.0013,525447.77,0.072,0.0036,71476.46,0.045,-0.0167,3.4,103.6,101.8,0.018,-0.002,102.1,53.0,47.2,49.0,50.2,50.2,51.4,49.5,46.2,50.7,52.9,53.1,58.4,50.2,52.6,17761.0,187797.0,0.80678926857547
2018-04-16,1737683.73,0.083,-0.0013,525447.77,0.072,0.0036,71476.46,0.045,-0.0167,3.4,103.6,101.8,0.018,-0.002,102.1,53.0,47.2,49.0,50.2,50.2,51.4,49.5,46.2,50.7,52.9,53.1,58.4,50.2,52.6,17761.0,187797.0,0.80678926857547
2018-04-17,1737683.73,0.083,-0.0013,525447.77,0.072,0.0036,71476.46,0.045,-0.0167,3.4,103.6,101.8,0.018,-0.002,102.1,53.0,47.2,49.0,50.2,50.2,51.4,49.5,46.2,50.7,52.9,53.1,58.4,50.2,52.6,17761.0,187797.0,0.80678926857547
2018-04-18,1737683.73,0.083,-0.0013,525447.77,0.072,0.0036,71476.46,0.045,-0.0167,3.4,103.6,101.8,0.018,-0.002,102.1,53.0,47.2,49.0,50.2,50.2,51.4,49.5,46.2,50.7,52.9,53.1,58.4,50.2,52.6,17761.0,187797.0,0.80678926857547
2018-04-19,1737683.73,0.083,-0.0013,525447.77,0.072,0.0036,71476.46,0.045,-0.0167,3.4,103.6,101.8,0.018,-0.002,102.1,53.0,47.2,49.0,50.2,50.2,51.4,49.5,46.2,50.7,52.9,53.1,58.4,50.2,52.6,17761.0,187797.0,0.80678926857547
2018-04-20,1737683.73,0.083,-0.0013,525447.77,0.072,0.0036,71476.46,0.045,-0.0167,3.4,103.6,101.8,0.018,-0.002,102.1,53.0,47.2,49.0,50.2,50.2,51.4,49.5,46.2,50.7,52.9,53.1,58.4,50.2,52.6,17761.0,187797.0,0.80678926857547
2018-04-23,1737683.73,0.083,-0.0013,525447.77,0.072,0.0036,71476.46,0.045,-0.0167,3.4,103.6,101.8,0.018,-0.002,102.1,53.0,47.2,49.0,50.2,50.2,51.4,49.5,46.2,50.7,52.9,53.1,58.4,50.2,52.6,17761.0,187797.0,0.80678926857547
2018-04-24,1737683.73,0.083,-0.0013,525447.77,0.072,0.0036,71476.46,0.045,-0.0167,3.4,103.6,101.8,0.018,-0.002,102.1,53.0,47.2,49.0,50.2,50.2,51.4,49.5,46.2,50.7,52.9,53.1,58.4,50.2,52.6,17761.0,187797.0,0.80678926857547
2018-04-25,1737683.73,0.083,-0.0013,525447.77,0.072,0.0036,71476.46,0.045,-0.0167,3.4,103.6,101.8,0.018,-0.002,102.1,53.0,47.2,49.0,50.2,50.2,51.4,49.5,46.2,50.7,52.9,53.1,58.4,50.2,52.6,17761.0,187797.0,0.80678926857547
2018-04-26,1737683.73,0.083,-0.0013,525447.77,0.072,0.0036,71476.46,0.045,-0.0167,3.4,103.6,101.8,0.018,-0.002,102.1,53.0,47.2,49.0,50.2,50.2,51.4,49.5,46.2,50.7,52.9,53.1,58.4,50.2,52.6,17761.0,187797.0,0.80678926857547
2018-04-27,1737683.73,0.083,-0.0013,525447.77,0.072,0.0036,71476.46,0.045,-0.0167,3.4,103.6,101.8,0.018,-0.002,102.1,53.0,47.2,49.0,50.2,50.2,51.4,49.5,46.2,50.7,52.9,53.1,58.4,50.2,52.6,17761.0,187797.0,0.80678926857547
2018-05-02,1743063.79,0.083,0.0031,526276.72,0.06,0.0016,69774.81,0.036,-0.0238,4.1,103.7,101.8,0.018,-0.002,102.0,56.7,46.1,49.1,50.1,53.2,51.9,49.6,45.9,51.2,53.8,54.1,58.7,50.9,53.0,9518.0,186684.0,-1.82535300149878
2018-05-03,1743063.79,0.083,0.0031,526276.72,0.06,0.0016,69774.81,0.036,-0.0238,4.1,103.7,101.8,0.018,-0.002,102.0,56.7,46.1,49.1,50.1,53.2,51.9,49.6,45.9,51.2,53.8,54.1,58.7,50.9,53.0,9518.0,186684.0,-1.82535300149878
2018-05-04,1743063.79,0.083,0.0031,526276.72,0.06,0.0016,69774.81,0.036,-0.0238,4.1,103.7,101.8,0.018,-0.002,102.0,56.7,46.1,49.1,50.1,53.2,51.9,49.6,45.9,51.2,53.8,54.1,58.7,50.9,53.0,9518.0,186684.0,-1.82535300149878
2018-05-07,1743063.79,0.083,0.0031,526276.72,0.06,0.0016,69774.81,0.036,-0.0238,4.1,103.7,101.8,0.018,-0.002,102.0,56.7,46.1,49.1,50.1,53.2,51.9,49.6,45.9,51.2,53.8,54.1,58.7,50.9,53.0,9518.0,186684.0,-1.82535300149878
2018-05-08,1743063.79,0.083,0.0031,526276.72,0.06,0.0016,69774.81,0.036,-0.0238,4.1,103.7,101.8,0.018,-0.002,102.0,56.7,46.1,49.1,50.1,53.2,51.9,49.6,45.9,51.2,53.8,54.1,58.7,50.9,53.0,9518.0,186684.0,-1.82535300149878
2018-05-09,1743063.79,0.083,0.0031,526276.72,0.06,0.0016,69774.81,0.036,-0.0238,4.1,103.7,101.8,0.018,-0.002,102.0,56.7,46.1,49.1,50.1,53.2,51.9,49.6,45.9,51.2,53.8,54.1,58.7,50.9,53.0,9518.0,186684.0,-1.82535300149878
2018-05-10,1743063.79,0.083,0.0031,526276.72,0.06,0.0016,69774.81,0.036,-0.0238,4.1,103.7,101.8,0.018,-0.002,102.0,56.7,46.1,49.1,50.1,53.2,51.9,49.6,45.9,51.2,53.8,54.1,58.7,50.9,53.0,9518.0,186684.0,-1.82535300149878
2018-05-11,1743063.79,0.083,0.0031,526276.72,0.06,0.0016,69774.81,0.036,-0.0238,4.1,103.7,101.8,0.018,-0.002,102.0,56.7,46.1,49.1,50.1,53.2,51.9,49.6,45.9,51.2,53.8,54.1,58.7,50.9,53.0,9518.0,186684.0,-1.82535300149878
2018-05-14,1743063.79,0.083,0.0031,526276.72,0.06,0.0016,69774.81,0.036,-0.0238,4.1,103.7,101.8,0.018,-0.002,102.0,56.7,46.1,49.1,50.1,53.2,51.9,49.6,45.9,51.2,53.8,54.1,58.7,50.9,53.0,9518.0,186684.0,-1.82535300149878
2018-05-15,1743063.79,0.083,0.0031,526276.72,0.06,0.0016,69774.81,0.036,-0.0238,4.1,103.7,101.8,0.018,-0.002,102.0,56.7,46.1,49.1,50.1,53.2,51.9,49.6,45.9,51.2,53.8,54.1,58.7,50.9,53.0,9518.0,186684.0,-1.82535300149878
2018-05-16,1743063.79,0.083,0.0031,526276.72,0.06,0.0016,69774.81,0.036,-0.0238,4.1,103.7,101.8,0.018,-0.002,102.0,56.7,46.1,49.1,50.1,53.2,51.9,49.6,45.9,51.2,53.8,54.1,58.7,50.9,53.0,9518.0,186684.0,-1.82535300149878
2018-05-17,1743063.79,0.083,0.0031,526276.72,0.06,0.0016,69774.81,0.036,-0.0238,4.1,103.7,101.8,0.018,-0.002,102.0,56.7,46.1,49.1,50.1,53.2,51.9,49.6,45.9,51.2,53.8,54.1,58.7,50.9,53.0,9518.0,186684.0,-1.82535300149878
2018-05-18,1743063.79,0.083,0.0031,526276.72,0.06,0.0016,69774.81,0.036,-0.0238,4.1,103.7,101.8,0.018,-0.002,102.0,56.7,46.1,49.1,50.1,53.2,51.9,49.6,45.9,51.2,53.8,54.1,58.7,50.9,53.0,9518.0,186684.0,-1.82535300149878
2018-05-21,1743063.79,0.083,0.0031,526276.72,0.06,0.0016,69774.81,0.036,-0.0238,4.1,103.7,101.8,0.018,-0.002,102.0,56.7,46.1,49.1,50.1,53.2,51.9,49.6,45.9,51.2,53.8,54.1,58.7,50.9,53.0,9518.0,186684.0,-1.82535300149878
2018-05-22,1743063.79,0.083,0.0031,526276.72,0.06,0.0016,69774.81,0.036,-0.0238,4.1,103.7,101.8,0.018,-0.002,102.0,56.7,46.1,49.1,50.1,53.2,51.9,49.6,45.9,51.2,53.8,54.1,58.7,50.9,53.0,9518.0,186684.0,-1.82535300149878
2018-05-23,1743063.79,0.083,0.0031,526276.72,0.06,0.0016,69774.81,0.036,-0.0238,4.1,103.7,101.8,0.018,-0.002,102.0,56.7,46.1,49.1,50.1,53.2,51.9,49.6,45.9,51.2,53.8,54.1,58.7,50.9,53.0,9518.0,186684.0,-1.82535300149878
2018-05-24,1743063.79,0.083,0.0031,526276.72,0.06,0.0016,69774.81,0.036,-0.0238,4.1,103.7,101.8,0.018,-0.002,102.0,56.7,46.1,49.1,50.1,53.2,51.9,49.6,45.9,51.2,53.8,54.1,58.7,50.9,53.0,9518.0,186684.0,-1.82535300149878
2018-05-25,1743063.79,0.083,0.0031,526276.72,0.06,0.0016,69774.81,0.036,-0.0238,4.1,103.7,101.8,0.018,-0.002,102.0,56.7,46.1,49.1,50.1,53.2,51.9,49.6,45.9,51.2,53.8,54.1,58.7,50.9,53.0,9518.0,186684.0,-1.82535300149878
2018-05-28,1743063.79,0.083,0.0031,526276.72,0.06,0.0016,69774.81,0.036,-0.0238,4.1,103.7,101.8,0.018,-0.002,102.0,56.7,46.1,49.1,50.1,53.2,51.9,49.6,45.9,51.2,53.8,54.1,58.7,50.9,53.0,9518.0,186684.0,-1.82535300149878
2018-05-29,1743063.79,0.083,0.0031,526276.72,0.06,0.0016,69774.81,0.036,-0.0238,4.1,103.7,101.8,0.018,-0.002,102.0,56.7,46.1,49.1,50.1,53.2,51.9,49.6,45.9,51.2,53.8,54.1,58.7,50.9,53.0,9518.0,186684.0,-1.82535300149878
2018-05-30,1743063.79,0.083,0.0031,526276.72,0.06,0.0016,69774.81,0.036,-0.0238,4.1,103.7,101.8,0.018,-0.002,102.0,56.7,46.1,49.1,50.1,53.2,51.9,49.6,45.9,51.2,53.8,54.1,58.7,50.9,53.0,9518.0,186684.0,-1.82535300149878
2018-05-31,1743063.79,0.083,0.0031,526276.72,0.06,0.0016,69774.81,0.036,-0.0238,4.1,103.7,101.8,0.018,-0.002,102.0,56.7,46.1,49.1,50.1,53.2,51.9,49.6,45.9,51.2,53.8,54.1,58.7,50.9,53.0,9518.0,186684.0,-1.82535300149878
2018-06-01,1770178.37,0.08,0.0156,543944.71,0.066,0.0336,69589.33,0.039,-0.0027,4.7,103.9,101.9,0.019,-0.001,102.0,57.7,46.3,49.0,50.2,53.3,51.5,48.8,45.5,49.8,53.2,53.6,57.9,50.0,52.8,14877.0,183843.0,-3.94526474184144
2018-06-04,1770178.37,0.08,0.0156,543944.71,0.066,0.0336,69589.33,0.039,-0.0027,4.7,103.9,101.9,0.019,-0.001,102.0,57.7,46.3,49.0,50.2,53.3,51.5,48.8,45.5,49.8,53.2,53.6,57.9,50.0,52.8,14877.0,183843.0,-3.94526474184144
2018-06-05,1770178.37,0.08,0.0156,543944.71,0.066,0.0336,69589.33,0.039,-0.0027,4.7,103.9,101.9,0.019,-0.001,102.0,57.7,46.3,49.0,50.2,53.3,51.5,48.8,45.5,49.8,53.2,53.6,57.9,50.0,52.8,14877.0,183843.0,-3.94526474184144
2018-06-06,1770178.37,0.08,0.0156,543944.71,0.066,0.0336,69589.33,0.039,-0.0027,4.7,103.9,101.9,0.019,-0.001,102.0,57.7,46.3,49.0,50.2,53.3,51.5,48.8,45.5,49.8,53.2,53.6,57.9,50.0,52.8,14877.0,183843.0,-3.94526474184144
2018-06-07,1770178.37,0.08,0.0156,543944.71,0.066,0.0336,69589.33,0.039,-0.0027,4.7,103.9,101.9,0.019,-0.001,102.0,57.7,46.3,49.0,50.2,53.3,51.5,48.8,45.5,49.8,53.2,53.6,57.9,50.0,52.8,14877.0,183843.0,-3.94526474184144
2018-06-08,1770178.37,0.08,0.0156,543944.71,0.066,0.0336,69589.33,0.039,-0.0027,4.7,103.9,101.9,0.019,-0.001,102.0,57.7,46.3,49.0,50.2,53.3,51.5,48.8,45.5,49.8,53.2,53.6,57.9,50.0,52.8,14877.0,183843.0,-3.94526474184144
2018-06-11,1770178.37,0.08,0.0156,543944.71,0.066,0.0336,69589.33,0.039,-0.0027,4.7,103.9,101.9,0.019,-0.001,102.0,57.7,46.3,49.0,50.2,53.3,51.5,48.8,45.5,49.8,53.2,53.6,57.9,50.0,52.8,14877.0,183843.0,-3.94526474184144
2018-06-12,1770178.37,0.08,0.0156,543944.71,0.066,0.0336,69589.33,0.039,-0.0027,4.7,103.9,101.9,0.019,-0.001,102.0,57.7,46.3,49.0,50.2,53.3,51.5,48.8,45.5,49.8,53.2,53.6,57.9,50.0,52.8,14877.0,183843.0,-3.94526474184144
2018-06-13,1770178.37,0.08,0.0156,543944.71,0.066,0.0336,69589.33,0.039,-0.0027,4.7,103.9,101.9,0.019,-0.001,102.0,57.7,46.3,49.0,50.2,53.3,51.5,48.8,45.5,49.8,53.2,53.6,57.9,50.0,52.8,14877.0,183843.0,-3.94526474184144
2018-06-14,1770178.37,0.08,0.0156,543944.71,0.066,0.0336,69589.33,0.039,-0.0027,4.7,103.9,101.9,0.019,-0.001,102.0,57.7,46.3,49.0,50.2,53.3,51.5,48.8,45.5,49.8,53.2,53.6,57.9,50.0,52.8,14877.0,183843.0,-3.94526474184144
2018-06-15,1770178.37,0.08,0.0156,543944.71,0.066,0.0336,69589.33,0.039,-0.0027,4.7,103.9,101.9,0.019,-0.001,102.0,57.7,46.3,49.0,50.2,53.3,51.5,48.8,45.5,49.8,53.2,53.6,57.9,50.0,52.8,14877.0,183843.0,-3.94526474184144
2018-06-19,1770178.37,0.08,0.0156,543944.71,0.066,0.0336,69589.33,0.039,-0.0027,4.7,103.9,101.9,0.019,-0.001,102.0,57.7,46.3,49.0,50.2,53.3,51.5,48.8,45.5,49.8,53.2,53.6,57.9,50.0,52.8,14877.0,183843.0,-3.94526474184144
2018-06-20,1770178.37,0.08,0.0156,543944.71,0.066,0.0336,69589.33,0.039,-0.0027,4.7,103.9,101.9,0.019,-0.001,102.0,57.7,46.3,49.0,50.2,53.3,51.5,48.8,45.5,49.8,53.2,53.6,57.9,50.0,52.8,14877.0,183843.0,-3.94526474184144
2018-06-21,1770178.37,0.08,0.0156,543944.71,0.066,0.0336,69589.33,0.039,-0.0027,4.7,103.9,101.9,0.019,-0.001,102.0,57.7,46.3,49.0,50.2,53.3,51.5,48.8,45.5,49.8,53.2,53.6,57.9,50.0,52.8,14877.0,183843.0,-3.94526474184144
2018-06-22,1770178.37,0.08,0.0156,543944.71,0.066,0.0336,69589.33,0.039,-0.0027,4.7,103.9,101.9,0.019,-0.001,102.0,57.7,46.3,49.0,50.2,53.3,51.5,48.8,45.5,49.8,53.2,53.6,57.9,50.0,52.8,14877.0,183843.0,-3.94526474184144
2018-06-25,1770178.37,0.08,0.0156,543944.71,0.066,0.0336,69589.33,0.039,-0.0027,4.7,103.9,101.9,0.019,-0.001,102.0,57.7,46.3,49.0,50.2,53.3,51.5,48.8,45.5,49.8,53.2,53.6,57.9,50.0,52.8,14877.0,183843.0,-3.94526474184144
2018-06-26,1770178.37,0.08,0.0156,543944.71,0.066,0.0336,69589.33,0.039,-0.0027,4.7,103.9,101.9,0.019,-0.001,102.0,57.7,46.3,49.0,50.2,53.3,51.5,48.8,45.5,49.8,53.2,53.6,57.9,50.0,52.8,14877.0,183843.0,-3.94526474184144
2018-06-27,1770178.37,0.08,0.0156,543944.71,0.066,0.0336,69589.33,0.039,-0.0027,4.7,103.9,101.9,0.019,-0.001,102.0,57.7,46.3,49.0,50.2,53.3,51.5,48.8,45.5,49.8,53.2,53.6,57.9,50.0,52.8,14877.0,183843.0,-3.94526474184144
2018-06-28,1770178.37,0.08,0.0156,543944.71,0.066,0.0336,69589.33,0.039,-0.0027,4.7,103.9,101.9,0.019,-0.001,102.0,57.7,46.3,49.0,50.2,53.3,51.5,48.8,45.5,49.8,53.2,53.6,57.9,50.0,52.8,14877.0,183843.0,-3.94526474184144
2018-06-29,1770178.37,0.08,0.0156,543944.71,0.066,0.0336,69589.33,0.039,-0.0027,4.7,103.9,101.9,0.019,-0.001,102.0,57.7,46.3,49.0,50.2,53.3,51.5,48.8,45.5,49.8,53.2,53.6,57.9,50.0,52.8,14877.0,183843.0,-3.94526474184144
2018-07-02,1776196.11,0.085,0.0034,536624.29,0.051,-0.0135,69530.59,0.036,-0.0008,4.6,104.0,102.1,0.021,0.003,102.0,54.3,47.1,49.2,50.0,50.5,51.2,48.9,45.7,49.8,52.3,53.0,56.6,49.6,51.5,12254.0,184141.0,-7.26131779471089
2018-07-03,1776196.11,0.085,0.0034,536624.29,0.051,-0.0135,69530.59,0.036,-0.0008,4.6,104.0,102.1,0.021,0.003,102.0,54.3,47.1,49.2,50.0,50.5,51.2,48.9,45.7,49.8,52.3,53.0,56.6,49.6,51.5,12254.0,184141.0,-7.26131779471089
2018-07-04,1776196.11,0.085,0.0034,536624.29,0.051,-0.0135,69530.59,0.036,-0.0008,4.6,104.0,102.1,0.021,0.003,102.0,54.3,47.1,49.2,50.0,50.5,51.2,48.9,45.7,49.8,52.3,53.0,56.6,49.6,51.5,12254.0,184141.0,-7.26131779471089
2018-07-05,1776196.11,0.085,0.0034,536624.29,0.051,-0.0135,69530.59,0.036,-0.0008,4.6,104.0,102.1,0.021,0.003,102.0,54.3,47.1,49.2,50.0,50.5,51.2,48.9,45.7,49.8,52.3,53.0,56.6,49.6,51.5,12254.0,184141.0,-7.26131779471089
2018-07-06,1776196.11,0.085,0.0034,536624.29,0.051,-0.0135,69530.59,0.036,-0.0008,4.6,104.0,102.1,0.021,0.003,102.0,54.3,47.1,49.2,50.0,50.5,51.2,48.9,45.7,49.8,52.3,53.0,56.6,49.6,51.5,12254.0,184141.0,-7.26131779471089
2018-07-09,1776196.11,0.085,0.0034,536624.29,0.051,-0.0135,69530.59,0.036,-0.0008,4.6,104.0,102.1,0.021,0.003,102.0,54.3,47.1,49.2,50.0,50.5,51.2,48.9,45.7,49.8,52.3,53.0,56.6,49.6,51.5,12254.0,184141.0,-7.26131779471089
2018-07-10,1776196.11,0.085,0.0034,536624.29,0.051,-0.0135,69530.59,0.036,-0.0008,4.6,104.0,102.1,0.021,0.003,102.0,54.3,47.1,49.2,50.0,50.5,51.2,48.9,45.7,49.8,52.3,53.0,56.6,49.6,51.5,12254.0,184141.0,-7.26131779471089
2018-07-11,1776196.11,0.085,0.0034,536624.29,0.051,-0.0135,69530.59,0.036,-0.0008,4.6,104.0,102.1,0.021,0.003,102.0,54.3,47.1,49.2,50.0,50.5,51.2,48.9,45.7,49.8,52.3,53.0,56.6,49.6,51.5,12254.0,184141.0,-7.26131779471089
2018-07-12,1776196.11,0.085,0.0034,536624.29,0.051,-0.0135,69530.59,0.036,-0.0008,4.6,104.0,102.1,0.021,0.003,102.0,54.3,47.1,49.2,50.0,50.5,51.2,48.9,45.7,49.8,52.3,53.0,56.6,49.6,51.5,12254.0,184141.0,-7.26131779471089
2018-07-13,1776196.11,0.085,0.0034,536624.29,0.051,-0.0135,69530.59,0.036,-0.0008,4.6,104.0,102.1,0.021,0.003,102.0,54.3,47.1,49.2,50.0,50.5,51.2,48.9,45.7,49.8,52.3,53.0,56.6,49.6,51.5,12254.0,184141.0,-7.26131779471089
2018-07-16,1776196.11,0.085,0.0034,536624.29,0.051,-0.0135,69530.59,0.036,-0.0008,4.6,104.0,102.1,0.021,0.003,102.0,54.3,47.1,49.2,50.0,50.5,51.2,48.9,45.7,49.8,52.3,53.0,56.6,49.6,51.5,12254.0,184141.0,-7.26131779471089
2018-07-17,1776196.11,0.085,0.0034,536624.29,0.051,-0.0135,69530.59,0.036,-0.0008,4.6,104.0,102.1,0.021,0.003,102.0,54.3,47.1,49.2,50.0,50.5,51.2,48.9,45.7,49.8,52.3,53.0,56.6,49.6,51.5,12254.0,184141.0,-7.26131779471089
2018-07-18,1776196.11,0.085,0.0034,536624.29,0.051,-0.0135,69530.59,0.036,-0.0008,4.6,104.0,102.1,0.021,0.003,102.0,54.3,47.1,49.2,50.0,50.5,51.2,48.9,45.7,49.8,52.3,53.0,56.6,49.6,51.5,12254.0,184141.0,-7.26131779471089
2018-07-19,1776196.11,0.085,0.0034,536624.29,0.051,-0.0135,69530.59,0.036,-0.0008,4.6,104.0,102.1,0.021,0.003,102.0,54.3,47.1,49.2,50.0,50.5,51.2,48.9,45.7,49.8,52.3,53.0,56.6,49.6,51.5,12254.0,184141.0,-7.26131779471089
2018-07-20,1776196.11,0.085,0.0034,536624.29,0.051,-0.0135,69530.59,0.036,-0.0008,4.6,104.0,102.1,0.021,0.003,102.0,54.3,47.1,49.2,50.0,50.5,51.2,48.9,45.7,49.8,52.3,53.0,56.6,49.6,51.5,12254.0,184141.0,-7.26131779471089
2018-07-23,1776196.11,0.085,0.0034,536624.29,0.051,-0.0135,69530.59,0.036,-0.0008,4.6,104.0,102.1,0.021,0.003,102.0,54.3,47.1,49.2,50.0,50.5,51.2,48.9,45.7,49.8,52.3,53.0,56.6,49.6,51.5,12254.0,184141.0,-7.26131779471089
2018-07-24,1776196.11,0.085,0.0034,536624.29,0.051,-0.0135,69530.59,0.036,-0.0008,4.6,104.0,102.1,0.021,0.003,102.0,54.3,47.1,49.2,50.0,50.5,51.2,48.9,45.7,49.8,52.3,53.0,56.6,49.6,51.5,12254.0,184141.0,-7.26131779471089
2018-07-25,1776196.11,0.085,0.0034,536624.29,0.051,-0.0135,69530.59,0.036,-0.0008,4.6,104.0,102.1,0.021,0.003,102.0,54.3,47.1,49.2,50.0,50.5,51.2,48.9,45.7,49.8,52.3,53.0,56.6,49.6,51.5,12254.0,184141.0,-7.26131779471089
2018-07-26,1776196.11,0.085,0.0034,536624.29,0.051,-0.0135,69530.59,0.036,-0.0008,4.6,104.0,102.1,0.021,0.003,102.0,54.3,47.1,49.2,50.0,50.5,51.2,48.9,45.7,49.8,52.3,53.0,56.6,49.6,51.5,12254.0,184141.0,-7.26131779471089
2018-07-27,1776196.11,0.085,0.0034,536624.29,0.051,-0.0135,69530.59,0.036,-0.0008,4.6,104.0,102.1,0.021,0.003,102.0,54.3,47.1,49.2,50.0,50.5,51.2,48.9,45.7,49.8,52.3,53.0,56.6,49.6,51.5,12254.0,184141.0,-7.26131779471089
2018-07-30,1776196.11,0.085,0.0034,536624.29,0.051,-0.0135,69530.59,0.036,-0.0008,4.6,104.0,102.1,0.021,0.003,102.0,54.3,47.1,49.2,50.0,50.5,51.2,48.9,45.7,49.8,52.3,53.0,56.6,49.6,51.5,12254.0,184141.0,-7.26131779471089
2018-07-31,1776196.11,0.085,0.0034,536624.29,0.051,-0.0135,69530.59,0.036,-0.0008,4.6,104.0,102.1,0.021,0.003,102.0,54.3,47.1,49.2,50.0,50.5,51.2,48.9,45.7,49.8,52.3,53.0,56.6,49.6,51.5,12254.0,184141.0,-7.26131779471089
2018-08-01,1788670.43,0.082,0.007,538324.64,0.039,0.0032,69775.39,0.033,0.0035,4.1,104.0,102.3,0.023,0.007,102.0,58.7,47.4,49.4,49.6,54.3,51.3,48.7,46.7,49.4,52.2,53.3,57.0,49.1,51.8,19391.0,188637.0,-5.13555511971395
2018-08-02,1788670.43,0.082,0.007,538324.64,0.039,0.0032,69775.39,0.033,0.0035,4.1,104.0,102.3,0.023,0.007,102.0,58.7,47.4,49.4,49.6,54.3,51.3,48.7,46.7,49.4,52.2,53.3,57.0,49.1,51.8,19391.0,188637.0,-5.13555511971395
2018-08-03,1788670.43,0.082,0.007,538324.64,0.039,0.0032,69775.39,0.033,0.0035,4.1,104.0,102.3,0.023,0.007,102.0,58.7,47.4,49.4,49.6,54.3,51.3,48.7,46.7,49.4,52.2,53.3,57.0,49.1,51.8,19391.0,188637.0,-5.13555511971395
2018-08-06,1788670.43,0.082,0.007,538324.64,0.039,0.0032,69775.39,0.033,0.0035,4.1,104.0,102.3,0.023,0.007,102.0,58.7,47.4,49.4,49.6,54.3,51.3,48.7,46.7,49.4,52.2,53.3,57.0,49.1,51.8,19391.0,188637.0,-5.13555511971395
2018-08-07,1788670.43,0.082,0.007,538324.64,0.039,0.0032,69775.39,0.033,0.0035,4.1,104.0,102.3,0.023,0.007,102.0,58.7,47.4,49.4,49.6,54.3,51.3,48.7,46.7,49.4,52.2,53.3,57.0,49.1,51.8,19391.0,188637.0,-5.13555511971395
2018-08-08,1788670.43,0.082,0.007,538324.64,0.039,0.0032,69775.39,0.033,0.0035,4.1,104.0,102.3,0.023,0.007,102.0,58.7,47.4,49.4,49.6,54.3,51.3,48.7,46.7,49.4,52.2,53.3,57.0,49.1,51.8,19391.0,188637.0,-5.13555511971395
2018-08-09,1788670.43,0.082,0.007,538324.64,0.039,0.0032,69775.39,0.033,0.0035,4.1,104.0,102.3,0.023,0.007,102.0,58.7,47.4,49.4,49.6,54.3,51.3,48.7,46.7,49.4,52.2,53.3,57.0,49.1,51.8,19391.0,188637.0,-5.13555511971395
2018-08-10,1788670.43,0.082,0.007,538324.64,0.039,0.0032,69775.39,0.033,0.0035,4.1,104.0,102.3,0.023,0.007,102.0,58.7,47.4,49.4,49.6,54.3,51.3,48.7,46.7,49.4,52.2,53.3,57.0,49.1,51.8,19391.0,188637.0,-5.13555511971395
2018-08-13,1788670.43,0.082,0.007,538324.64,0.039,0.0032,69775.39,0.033,0.0035,4.1,104.0,102.3,0.023,0.007,102.0,58.7,47.4,49.4,49.6,54.3,51.3,48.7,46.7,49.4,52.2,53.3,57.0,49.1,51.8,19391.0,188637.0,-5.13555511971395
2018-08-14,1788670.43,0.082,0.007,538324.64,0.039,0.0032,69775.39,0.033,0.0035,4.1,104.0,102.3,0.023,0.007,102.0,58.7,47.4,49.4,49.6,54.3,51.3,48.7,46.7,49.4,52.2,53.3,57.0,49.1,51.8,19391.0,188637.0,-5.13555511971395
2018-08-15,1788670.43,0.082,0.007,538324.64,0.039,0.0032,69775.39,0.033,0.0035,4.1,104.0,102.3,0.023,0.007,102.0,58.7,47.4,49.4,49.6,54.3,51.3,48.7,46.7,49.4,52.2,53.3,57.0,49.1,51.8,19391.0,188637.0,-5.13555511971395
2018-08-16,1788670.43,0.082,0.007,538324.64,0.039,0.0032,69775.39,0.033,0.0035,4.1,104.0,102.3,0.023,0.007,102.0,58.7,47.4,49.4,49.6,54.3,51.3,48.7,46.7,49.4,52.2,53.3,57.0,49.1,51.8,19391.0,188637.0,-5.13555511971395
2018-08-17,1788670.43,0.082,0.007,538324.64,0.039,0.0032,69775.39,0.033,0.0035,4.1,104.0,102.3,0.023,0.007,102.0,58.7,47.4,49.4,49.6,54.3,51.3,48.7,46.7,49.4,52.2,53.3,57.0,49.1,51.8,19391.0,188637.0,-5.13555511971395
2018-08-20,1788670.43,0.082,0.007,538324.64,0.039,0.0032,69775.39,0.033,0.0035,4.1,104.0,102.3,0.023,0.007,102.0,58.7,47.4,49.4,49.6,54.3,51.3,48.7,46.7,49.4,52.2,53.3,57.0,49.1,51.8,19391.0,188637.0,-5.13555511971395
2018-08-21,1788670.43,0.082,0.007,538324.64,0.039,0.0032,69775.39,0.033,0.0035,4.1,104.0,102.3,0.023,0.007,102.0,58.7,47.4,49.4,49.6,54.3,51.3,48.7,46.7,49.4,52.2,53.3,57.0,49.1,51.8,19391.0,188637.0,-5.13555511971395
2018-08-22,1788670.43,0.082,0.007,538324.64,0.039,0.0032,69775.39,0.033,0.0035,4.1,104.0,102.3,0.023,0.007,102.0,58.7,47.4,49.4,49.6,54.3,51.3,48.7,46.7,49.4,52.2,53.3,57.0,49.1,51.8,19391.0,188637.0,-5.13555511971395
2018-08-23,1788670.43,0.082,0.007,538324.64,0.039,0.0032,69775.39,0.033,0.0035,4.1,104.0,102.3,0.023,0.007,102.0,58.7,47.4,49.4,49.6,54.3,51.3,48.7,46.7,49.4,52.2,53.3,57.0,49.1,51.8,19391.0,188637.0,-5.13555511971395
2018-08-24,1788670.43,0.082,0.007,538324.64,0.039,0.0032,69775.39,0.033,0.0035,4.1,104.0,102.3,0.023,0.007,102.0,58.7,47.4,49.4,49.6,54.3,51.3,48.7,46.7,49.4,52.2,53.3,57.0,49.1,51.8,19391.0,188637.0,-5.13555511971395
2018-08-27,1788670.43,0.082,0.007,538324.64,0.039,0.0032,69775.39,0.033,0.0035,4.1,104.0,102.3,0.023,0.007,102.0,58.7,47.4,49.4,49.6,54.3,51.3,48.7,46.7,49.4,52.2,53.3,57.0,49.1,51.8,19391.0,188637.0,-5.13555511971395
2018-08-28,1788670.43,0.082,0.007,538324.64,0.039,0.0032,69775.39,0.033,0.0035,4.1,104.0,102.3,0.023,0.007,102.0,58.7,47.4,49.4,49.6,54.3,51.3,48.7,46.7,49.4,52.2,53.3,57.0,49.1,51.8,19391.0,188637.0,-5.13555511971395
2018-08-29,1788670.43,0.082,0.007,538324.64,0.039,0.0032,69775.39,0.033,0.0035,4.1,104.0,102.3,0.023,0.007,102.0,58.7,47.4,49.4,49.6,54.3,51.3,48.7,46.7,49.4,52.2,53.3,57.0,49.1,51.8,19391.0,188637.0,-5.13555511971395
2018-08-30,1788670.43,0.082,0.007,538324.64,0.039,0.0032,69775.39,0.033,0.0035,4.1,104.0,102.3,0.023,0.007,102.0,58.7,47.4,49.4,49.6,54.3,51.3,48.7,46.7,49.4,52.2,53.3,57.0,49.1,51.8,19391.0,188637.0,-5.13555511971395
2018-08-31,1788670.43,0.082,0.007,538324.64,0.039,0.0032,69775.39,0.033,0.0035,4.1,104.0,102.3,0.023,0.007,102.0,58.7,47.4,49.4,49.6,54.3,51.3,48.7,46.7,49.4,52.2,53.3,57.0,49.1,51.8,19391.0,188637.0,-5.13555511971395
2018-09-03,1801665.58,0.083,0.0073,538574.08,0.04,0.0005,71254.26,0.022,0.0212,3.6,104.0,102.5,0.025,0.007,102.1,59.8,47.4,48.3,49.7,54.3,50.8,47.8,45.2,48.0,52.0,53.0,56.4,48.5,51.5,21691.0,191993.0,-4.03660737045719
2018-09-04,1801665.58,0.083,0.0073,538574.08,0.04,0.0005,71254.26,0.022,0.0212,3.6,104.0,102.5,0.025,0.007,102.1,59.8,47.4,48.3,49.7,54.3,50.8,47.8,45.2,48.0,52.0,53.0,56.4,48.5,51.5,21691.0,191993.0,-4.03660737045719
2018-09-05,1801665.58,0.083,0.0073,538574.08,0.04,0.0005,71254.26,0.022,0.0212,3.6,104.0,102.5,0.025,0.007,102.1,59.8,47.4,48.3,49.7,54.3,50.8,47.8,45.2,48.0,52.0,53.0,56.4,48.5,51.5,21691.0,191993.0,-4.03660737045719
2018-09-06,1801665.58,0.083,0.0073,538574.08,0.04,0.0005,71254.26,0.022,0.0212,3.6,104.0,102.5,0.025,0.007,102.1,59.8,47.4,48.3,49.7,54.3,50.8,47.8,45.2,48.0,52.0,53.0,56.4,48.5,51.5,21691.0,191993.0,-4.03660737045719
2018-09-07,1801665.58,0.083,0.0073,538574.08,0.04,0.0005,71254.26,0.022,0.0212,3.6,104.0,102.5,0.025,0.007,102.1,59.8,47.4,48.3,49.7,54.3,50.8,47.8,45.2,48.0,52.0,53.0,56.4,48.5,51.5,21691.0,191993.0,-4.03660737045719
2018-09-10,1801665.58,0.083,0.0073,538574.08,0.04,0.0005,71254.26,0.022,0.0212,3.6,104.0,102.5,0.025,0.007,102.1,59.8,47.4,48.3,49.7,54.3,50.8,47.8,45.2,48.0,52.0,53.0,56.4,48.5,51.5,21691.0,191993.0,-4.03660737045719
2018-09-11,1801665.58,0.083,0.0073,538574.08,0.04,0.0005,71254.26,0.022,0.0212,3.6,104.0,102.5,0.025,0.007,102.1,59.8,47.4,48.3,49.7,54.3,50.8,47.8,45.2,48.0,52.0,53.0,56.4,48.5,51.5,21691.0,191993.0,-4.03660737045719
2018-09-12,1801665.58,0.083,0.0073,538574.08,0.04,0.0005,71254.26,0.022,0.0212,3.6,104.0,102.5,0.025,0.007,102.1,59.8,47.4,48.3,49.7,54.3,50.8,47.8,45.2,48.0,52.0,53.0,56.4,48.5,51.5,21691.0,191993.0,-4.03660737045719
2018-09-13,1801665.58,0.083,0.0073,538574.08,0.04,0.0005,71254.26,0.022,0.0212,3.6,104.0,102.5,0.025,0.007,102.1,59.8,47.4,48.3,49.7,54.3,50.8,47.8,45.2,48.0,52.0,53.0,56.4,48.5,51.5,21691.0,191993.0,-4.03660737045719
2018-09-14,1801665.58,0.083,0.0073,538574.08,0.04,0.0005,71254.26,0.022,0.0212,3.6,104.0,102.5,0.025,0.007,102.1,59.8,47.4,48.3,49.7,54.3,50.8,47.8,45.2,48.0,52.0,53.0,56.4,48.5,51.5,21691.0,191993.0,-4.03660737045719
2018-09-17,1801665.58,0.083,0.0073,538574.08,0.04,0.0005,71254.26,0.022,0.0212,3.6,104.0,102.5,0.025,0.007,102.1,59.8,47.4,48.3,49.7,54.3,50.8,47.8,45.2,48.0,52.0,53.0,56.4,48.5,51.5,21691.0,191993.0,-4.03660737045719
2018-09-18,1801665.58,0.083,0.0073,538574.08,0.04,0.0005,71254.26,0.022,0.0212,3.6,104.0,102.5,0.025,0.007,102.1,59.8,47.4,48.3,49.7,54.3,50.8,47.8,45.2,48.0,52.0,53.0,56.4,48.5,51.5,21691.0,191993.0,-4.03660737045719
2018-09-19,1801665.58,0.083,0.0073,538574.08,0.04,0.0005,71254.26,0.022,0.0212,3.6,104.0,102.5,0.025,0.007,102.1,59.8,47.4,48.3,49.7,54.3,50.8,47.8,45.2,48.0,52.0,53.0,56.4,48.5,51.5,21691.0,191993.0,-4.03660737045719
2018-09-20,1801665.58,0.083,0.0073,538574.08,0.04,0.0005,71254.26,0.022,0.0212,3.6,104.0,102.5,0.025,0.007,102.1,59.8,47.4,48.3,49.7,54.3,50.8,47.8,45.2,48.0,52.0,53.0,56.4,48.5,51.5,21691.0,191993.0,-4.03660737045719
2018-09-21,1801665.58,0.083,0.0073,538574.08,0.04,0.0005,71254.26,0.022,0.0212,3.6,104.0,102.5,0.025,0.007,102.1,59.8,47.4,48.3,49.7,54.3,50.8,47.8,45.2,48.0,52.0,53.0,56.4,48.5,51.5,21691.0,191993.0,-4.03660737045719
2018-09-25,1801665.58,0.083,0.0073,538574.08,0.04,0.0005,71254.26,0.022,0.0212,3.6,104.0,102.5,0.025,0.007,102.1,59.8,47.4,48.3,49.7,54.3,50.8,47.8,45.2,48.0,52.0,53.0,56.4,48.5,51.5,21691.0,191993.0,-4.03660737045719
2018-09-26,1801665.58,0.083,0.0073,538574.08,0.04,0.0005,71254.26,0.022,0.0212,3.6,104.0,102.5,0.025,0.007,102.1,59.8,47.4,48.3,49.7,54.3,50.8,47.8,45.2,48.0,52.0,53.0,56.4,48.5,51.5,21691.0,191993.0,-4.03660737045719
2018-09-27,1801665.58,0.083,0.0073,538574.08,0.04,0.0005,71254.26,0.022,0.0212,3.6,104.0,102.5,0.025,0.007,102.1,59.8,47.4,48.3,49.7,54.3,50.8,47.8,45.2,48.0,52.0,53.0,56.4,48.5,51.5,21691.0,191993.0,-4.03660737045719
2018-09-28,1801665.58,0.083,0.0073,538574.08,0.04,0.0005,71254.26,0.022,0.0212,3.6,104.0,102.5,0.025,0.007,102.1,59.8,47.4,48.3,49.7,54.3,50.8,47.8,45.2,48.0,52.0,53.0,56.4,48.5,51.5,21691.0,191993.0,-4.03660737045719
2018-10-08,1795561.6,0.08,-0.0034,540128.37,0.027,0.0029,70106.62,0.028,-0.0161,3.3,103.9,102.5,0.025,0.002,102.1,58.0,47.1,48.1,49.5,52.0,50.2,47.2,44.3,46.9,50.8,52.0,56.4,47.6,51.0,7420.0,189056.0,-6.20407717762861
2018-10-09,1795561.6,0.08,-0.0034,540128.37,0.027,0.0029,70106.62,0.028,-0.0161,3.3,103.9,102.5,0.025,0.002,102.1,58.0,47.1,48.1,49.5,52.0,50.2,47.2,44.3,46.9,50.8,52.0,56.4,47.6,51.0,7420.0,189056.0,-6.20407717762861
2018-10-10,1795561.6,0.08,-0.0034,540128.37,0.027,0.0029,70106.62,0.028,-0.0161,3.3,103.9,102.5,0.025,0.002,102.1,58.0,47.1,48.1,49.5,52.0,50.2,47.2,44.3,46.9,50.8,52.0,56.4,47.6,51.0,7420.0,189056.0,-6.20407717762861
2018-10-11,1795561.6,0.08,-0.0034,540128.37,0.027,0.0029,70106.62,0.028,-0.0161,3.3,103.9,102.5,0.025,0.002,102.1,58.0,47.1,48.1,49.5,52.0,50.2,47.2,44.3,46.9,50.8,52.0,56.4,47.6,51.0,7420.0,189056.0,-6.20407717762861
2018-10-12,1795561.6,0.08,-0.0034,540128.37,0.027,0.0029,70106.62,0.028,-0.0161,3.3,103.9,102.5,0.025,0.002,102.1,58.0,47.1,48.1,49.5,52.0,50.2,47.2,44.3,46.9,50.8,52.0,56.4,47.6,51.0,7420.0,189056.0,-6.20407717762861
2018-10-15,1795561.6,0.08,-0.0034,540128.37,0.027,0.0029,70106.62,0.028,-0.0161,3.3,103.9,102.5,0.025,0.002,102.1,58.0,47.1,48.1,49.5,52.0,50.2,47.2,44.3,46.9,50.8,52.0,56.4,47.6,51.0,7420.0,189056.0,-6.20407717762861
2018-10-16,1795561.6,0.08,-0.0034,540128.37,0.027,0.0029,70106.62,0.028,-0.0161,3.3,103.9,102.5,0.025,0.002,102.1,58.0,47.1,48.1,49.5,52.0,50.2,47.2,44.3,46.9,50.8,52.0,56.4,47.6,51.0,7420.0,189056.0,-6.20407717762861
2018-10-17,1795561.6,0.08,-0.0034,540128.37,0.027,0.0029,70106.62,0.028,-0.0161,3.3,103.9,102.5,0.025,0.002,102.1,58.0,47.1,48.1,49.5,52.0,50.2,47.2,44.3,46.9,50.8,52.0,56.4,47.6,51.0,7420.0,189056.0,-6.20407717762861
2018-10-18,1795561.6,0.08,-0.0034,540128.37,0.027,0.0029,70106.62,0.028,-0.0161,3.3,103.9,102.5,0.025,0.002,102.1,58.0,47.1,48.1,49.5,52.0,50.2,47.2,44.3,46.9,50.8,52.0,56.4,47.6,51.0,7420.0,189056.0,-6.20407717762861
2018-10-19,1795561.6,0.08,-0.0034,540128.37,0.027,0.0029,70106.62,0.028,-0.0161,3.3,103.9,102.5,0.025,0.002,102.1,58.0,47.1,48.1,49.5,52.0,50.2,47.2,44.3,46.9,50.8,52.0,56.4,47.6,51.0,7420.0,189056.0,-6.20407717762861
2018-10-22,1795561.6,0.08,-0.0034,540128.37,0.027,0.0029,70106.62,0.028,-0.0161,3.3,103.9,102.5,0.025,0.002,102.1,58.0,47.1,48.1,49.5,52.0,50.2,47.2,44.3,46.9,50.8,52.0,56.4,47.6,51.0,7420.0,189056.0,-6.20407717762861
2018-10-23,1795561.6,0.08,-0.0034,540128.37,0.027,0.0029,70106.62,0.028,-0.0161,3.3,103.9,102.5,0.025,0.002,102.1,58.0,47.1,48.1,49.5,52.0,50.2,47.2,44.3,46.9,50.8,52.0,56.4,47.6,51.0,7420.0,189056.0,-6.20407717762861
2018-10-24,1795561.6,0.08,-0.0034,540128.37,0.027,0.0029,70106.62,0.028,-0.0161,3.3,103.9,102.5,0.025,0.002,102.1,58.0,47.1,48.1,49.5,52.0,50.2,47.2,44.3,46.9,50.8,52.0,56.4,47.6,51.0,7420.0,189056.0,-6.20407717762861
2018-10-25,1795561.6,0.08,-0.0034,540128.37,0.027,0.0029,70106.62,0.028,-0.0161,3.3,103.9,102.5,0.025,0.002,102.1,58.0,47.1,48.1,49.5,52.0,50.2,47.2,44.3,46.9,50.8,52.0,56.4,47.6,51.0,7420.0,189056.0,-6.20407717762861
2018-10-26,1795561.6,0.08,-0.0034,540128.37,0.027,0.0029,70106.62,0.028,-0.0161,3.3,103.9,102.5,0.025,0.002,102.1,58.0,47.1,48.1,49.5,52.0,50.2,47.2,44.3,46.9,50.8,52.0,56.4,47.6,51.0,7420.0,189056.0,-6.20407717762861
2018-10-29,1795561.6,0.08,-0.0034,540128.37,0.027,0.0029,70106.62,0.028,-0.0161,3.3,103.9,102.5,0.025,0.002,102.1,58.0,47.1,48.1,49.5,52.0,50.2,47.2,44.3,46.9,50.8,52.0,56.4,47.6,51.0,7420.0,189056.0,-6.20407717762861
2018-10-30,1795561.6,0.08,-0.0034,540128.37,0.027,0.0029,70106.62,0.028,-0.0161,3.3,103.9,102.5,0.025,0.002,102.1,58.0,47.1,48.1,49.5,52.0,50.2,47.2,44.3,46.9,50.8,52.0,56.4,47.6,51.0,7420.0,189056.0,-6.20407717762861
2018-10-31,1795561.6,0.08,-0.0034,540128.37,0.027,0.0029,70106.62,0.028,-0.0161,3.3,103.9,102.5,0.025,0.002,102.1,58.0,47.1,48.1,49.5,52.0,50.2,47.2,44.3,46.9,50.8,52.0,56.4,47.6,51.0,7420.0,189056.0,-6.20407717762861
2018-11-01,1813175.07,0.08,0.0098,543498.66,0.015,0.0062,70563.3,0.028,0.0065,2.7,103.8,102.2,0.022,-0.003,102.1,50.3,48.6,48.3,50.3,46.4,50.0,47.4,44.3,47.0,50.4,51.9,54.2,47.1,50.8,15239.0,188167.0,-5.61493973244517
2018-11-02,1813175.07,0.08,0.0098,543498.66,0.015,0.0062,70563.3,0.028,0.0065,2.7,103.8,102.2,0.022,-0.003,102.1,50.3,48.6,48.3,50.3,46.4,50.0,47.4,44.3,47.0,50.4,51.9,54.2,47.1,50.8,15239.0,188167.0,-5.61493973244517
2018-11-05,1813175.07,0.08,0.0098,543498.66,0.015,0.0062,70563.3,0.028,0.0065,2.7,103.8,102.2,0.022,-0.003,102.1,50.3,48.6,48.3,50.3,46.4,50.0,47.4,44.3,47.0,50.4,51.9,54.2,47.1,50.8,15239.0,188167.0,-5.61493973244517
2018-11-06,1813175.07,0.08,0.0098,543498.66,0.015,0.0062,70563.3,0.028,0.0065,2.7,103.8,102.2,0.022,-0.003,102.1,50.3,48.6,48.3,50.3,46.4,50.0,47.4,44.3,47.0,50.4,51.9,54.2,47.1,50.8,15239.0,188167.0,-5.61493973244517
2018-11-07,1813175.07,0.08,0.0098,543498.66,0.015,0.0062,70563.3,0.028,0.0065,2.7,103.8,102.2,0.022,-0.003,102.1,50.3,48.6,48.3,50.3,46.4,50.0,47.4,44.3,47.0,50.4,51.9,54.2,47.1,50.8,15239.0,188167.0,-5.61493973244517
2018-11-08,1813175.07,0.08,0.0098,543498.66,0.015,0.0062,70563.3,0.028,0.0065,2.7,103.8,102.2,0.022,-0.003,102.1,50.3,48.6,48.3,50.3,46.4,50.0,47.4,44.3,47.0,50.4,51.9,54.2,47.1,50.8,15239.0,188167.0,-5.61493973244517
2018-11-09,1813175.07,0.08,0.0098,543498.66,0.015,0.0062,70563.3,0.028,0.0065,2.7,103.8,102.2,0.022,-0.003,102.1,50.3,48.6,48.3,50.3,46.4,50.0,47.4,44.3,47.0,50.4,51.9,54.2,47.1,50.8,15239.0,188167.0,-5.61493973244517
2018-11-12,1813175.07,0.08,0.0098,543498.66,0.015,0.0062,70563.3,0.028,0.0065,2.7,103.8,102.2,0.022,-0.003,102.1,50.3,48.6,48.3,50.3,46.4,50.0,47.4,44.3,47.0,50.4,51.9,54.2,47.1,50.8,15239.0,188167.0,-5.61493973244517
2018-11-13,1813175.07,0.08,0.0098,543498.66,0.015,0.0062,70563.3,0.028,0.0065,2.7,103.8,102.2,0.022,-0.003,102.1,50.3,48.6,48.3,50.3,46.4,50.0,47.4,44.3,47.0,50.4,51.9,54.2,47.1,50.8,15239.0,188167.0,-5.61493973244517
2018-11-14,1813175.07,0.08,0.0098,543498.66,0.015,0.0062,70563.3,0.028,0.0065,2.7,103.8,102.2,0.022,-0.003,102.1,50.3,48.6,48.3,50.3,46.4,50.0,47.4,44.3,47.0,50.4,51.9,54.2,47.1,50.8,15239.0,188167.0,-5.61493973244517
2018-11-15,1813175.07,0.08,0.0098,543498.66,0.015,0.0062,70563.3,0.028,0.0065,2.7,103.8,102.2,0.022,-0.003,102.1,50.3,48.6,48.3,50.3,46.4,50.0,47.4,44.3,47.0,50.4,51.9,54.2,47.1,50.8,15239.0,188167.0,-5.61493973244517
2018-11-16,1813175.07,0.08,0.0098,543498.66,0.015,0.0062,70563.3,0.028,0.0065,2.7,103.8,102.2,0.022,-0.003,102.1,50.3,48.6,48.3,50.3,46.4,50.0,47.4,44.3,47.0,50.4,51.9,54.2,47.1,50.8,15239.0,188167.0,-5.61493973244517
2018-11-19,1813175.07,0.08,0.0098,543498.66,0.015,0.0062,70563.3,0.028,0.0065,2.7,103.8,102.2,0.022,-0.003,102.1,50.3,48.6,48.3,50.3,46.4,50.0,47.4,44.3,47.0,50.4,51.9,54.2,47.1,50.8,15239.0,188167.0,-5.61493973244517
2018-11-20,1813175.07,0.08,0.0098,543498.66,0.015,0.0062,70563.3,0.028,0.0065,2.7,103.8,102.2,0.022,-0.003,102.1,50.3,48.6,48.3,50.3,46.4,50.0,47.4,44.3,47.0,50.4,51.9,54.2,47.1,50.8,15239.0,188167.0,-5.61493973244517
2018-11-21,1813175.07,0.08,0.0098,543498.66,0.015,0.0062,70563.3,0.028,0.0065,2.7,103.8,102.2,0.022,-0.003,102.1,50.3,48.6,48.3,50.3,46.4,50.0,47.4,44.3,47.0,50.4,51.9,54.2,47.1,50.8,15239.0,188167.0,-5.61493973244517
2018-11-22,1813175.07,0.08,0.0098,543498.66,0.015,0.0062,70563.3,0.028,0.0065,2.7,103.8,102.2,0.022,-0.003,102.1,50.3,48.6,48.3,50.3,46.4,50.0,47.4,44.3,47.0,50.4,51.9,54.2,47.1,50.8,15239.0,188167.0,-5.61493973244517
2018-11-23,1813175.07,0.08,0.0098,543498.66,0.015,0.0062,70563.3,0.028,0.0065,2.7,103.8,102.2,0.022,-0.003,102.1,50.3,48.6,48.3,50.3,46.4,50.0,47.4,44.3,47.0,50.4,51.9,54.2,47.1,50.8,15239.0,188167.0,-5.61493973244517
2018-11-26,1813175.07,0.08,0.0098,543498.66,0.015,0.0062,70563.3,0.028,0.0065,2.7,103.8,102.2,0.022,-0.003,102.1,50.3,48.6,48.3,50.3,46.4,50.0,47.4,44.3,47.0,50.4,51.9,54.2,47.1,50.8,15239.0,188167.0,-5.61493973244517
2018-11-27,1813175.07,0.08,0.0098,543498.66,0.015,0.0062,70563.3,0.028,0.0065,2.7,103.8,102.2,0.022,-0.003,102.1,50.3,48.6,48.3,50.3,46.4,50.0,47.4,44.3,47.0,50.4,51.9,54.2,47.1,50.8,15239.0,188167.0,-5.61493973244517
2018-11-28,1813175.07,0.08,0.0098,543498.66,0.015,0.0062,70563.3,0.028,0.0065,2.7,103.8,102.2,0.022,-0.003,102.1,50.3,48.6,48.3,50.3,46.4,50.0,47.4,44.3,47.0,50.4,51.9,54.2,47.1,50.8,15239.0,188167.0,-5.61493973244517
2018-11-29,1813175.07,0.08,0.0098,543498.66,0.015,0.0062,70563.3,0.028,0.0065,2.7,103.8,102.2,0.022,-0.003,102.1,50.3,48.6,48.3,50.3,46.4,50.0,47.4,44.3,47.0,50.4,51.9,54.2,47.1,50.8,15239.0,188167.0,-5.61493973244517
2018-11-30,1813175.07,0.08,0.0098,543498.66,0.015,0.0062,70563.3,0.028,0.0065,2.7,103.8,102.2,0.022,-0.003,102.1,50.3,48.6,48.3,50.3,46.4,50.0,47.4,44.3,47.0,50.4,51.9,54.2,47.1,50.8,15239.0,188167.0,-5.61493973244517
2018-12-03,1826744.22,0.081,0.0075,551685.91,0.015,0.0151,73208.4,0.036,0.0375,0.9,103.5,101.9,0.019,0.0,102.1,44.8,48.2,48.0,50.4,43.3,49.4,47.1,44.1,46.6,49.7,50.8,52.7,45.9,49.8,15898.0,192584.0,-0.957082979762913
2018-12-04,1826744.22,0.081,0.0075,551685.91,0.015,0.0151,73208.4,0.036,0.0375,0.9,103.5,101.9,0.019,0.0,102.1,44.8,48.2,48.0,50.4,43.3,49.4,47.1,44.1,46.6,49.7,50.8,52.7,45.9,49.8,15898.0,192584.0,-0.957082979762913
2018-12-05,1826744.22,0.081,0.0075,551685.91,0.015,0.0151,73208.4,0.036,0.0375,0.9,103.5,101.9,0.019,0.0,102.1,44.8,48.2,48.0,50.4,43.3,49.4,47.1,44.1,46.6,49.7,50.8,52.7,45.9,49.8,15898.0,192584.0,-0.957082979762913
2018-12-06,1826744.22,0.081,0.0075,551685.91,0.015,0.0151,73208.4,0.036,0.0375,0.9,103.5,101.9,0.019,0.0,102.1,44.8,48.2,48.0,50.4,43.3,49.4,47.1,44.1,46.6,49.7,50.8,52.7,45.9,49.8,15898.0,192584.0,-0.957082979762913
2018-12-07,1826744.22,0.081,0.0075,551685.91,0.015,0.0151,73208.4,0.036,0.0375,0.9,103.5,101.9,0.019,0.0,102.1,44.8,48.2,48.0,50.4,43.3,49.4,47.1,44.1,46.6,49.7,50.8,52.7,45.9,49.8,15898.0,192584.0,-0.957082979762913
2018-12-10,1826744.22,0.081,0.0075,551685.91,0.015,0.0151,73208.4,0.036,0.0375,0.9,103.5,101.9,0.019,0.0,102.1,44.8,48.2,48.0,50.4,43.3,49.4,47.1,44.1,46.6,49.7,50.8,52.7,45.9,49.8,15898.0,192584.0,-0.957082979762913
2018-12-11,1826744.22,0.081,0.0075,551685.91,0.015,0.0151,73208.4,0.036,0.0375,0.9,103.5,101.9,0.019,0.0,102.1,44.8,48.2,48.0,50.4,43.3,49.4,47.1,44.1,46.6,49.7,50.8,52.7,45.9,49.8,15898.0,192584.0,-0.957082979762913
2018-12-12,1826744.22,0.081,0.0075,551685.91,0.015,0.0151,73208.4,0.036,0.0375,0.9,103.5,101.9,0.019,0.0,102.1,44.8,48.2,48.0,50.4,43.3,49.4,47.1,44.1,46.6,49.7,50.8,52.7,45.9,49.8,15898.0,192584.0,-0.957082979762913
2018-12-13,1826744.22,0.081,0.0075,551685.91,0.015,0.0151,73208.4,0.036,0.0375,0.9,103.5,101.9,0.019,0.0,102.1,44.8,48.2,48.0,50.4,43.3,49.4,47.1,44.1,46.6,49.7,50.8,52.7,45.9,49.8,15898.0,192584.0,-0.957082979762913
2018-12-14,1826744.22,0.081,0.0075,551685.91,0.015,0.0151,73208.4,0.036,0.0375,0.9,103.5,101.9,0.019,0.0,102.1,44.8,48.2,48.0,50.4,43.3,49.4,47.1,44.1,46.6,49.7,50.8,52.7,45.9,49.8,15898.0,192584.0,-0.957082979762913
2018-12-17,1826744.22,0.081,0.0075,551685.91,0.015,0.0151,73208.4,0.036,0.0375,0.9,103.5,101.9,0.019,0.0,102.1,44.8,48.2,48.0,50.4,43.3,49.4,47.1,44.1,46.6,49.7,50.8,52.7,45.9,49.8,15898.0,192584.0,-0.957082979762913
2018-12-18,1826744.22,0.081,0.0075,551685.91,0.015,0.0151,73208.4,0.036,0.0375,0.9,103.5,101.9,0.019,0.0,102.1,44.8,48.2,48.0,50.4,43.3,49.4,47.1,44.1,46.6,49.7,50.8,52.7,45.9,49.8,15898.0,192584.0,-0.957082979762913
2018-12-19,1826744.22,0.081,0.0075,551685.91,0.015,0.0151,73208.4,0.036,0.0375,0.9,103.5,101.9,0.019,0.0,102.1,44.8,48.2,48.0,50.4,43.3,49.4,47.1,44.1,46.6,49.7,50.8,52.7,45.9,49.8,15898.0,192584.0,-0.957082979762913
2018-12-20,1826744.22,0.081,0.0075,551685.91,0.015,0.0151,73208.4,0.036,0.0375,0.9,103.5,101.9,0.019,0.0,102.1,44.8,48.2,48.0,50.4,43.3,49.4,47.1,44.1,46.6,49.7,50.8,52.7,45.9,49.8,15898.0,192584.0,-0.957082979762913
2018-12-21,1826744.22,0.081,0.0075,551685.91,0.015,0.0151,73208.4,0.036,0.0375,0.9,103.5,101.9,0.019,0.0,102.1,44.8,48.2,48.0,50.4,43.3,49.4,47.1,44.1,46.6,49.7,50.8,52.7,45.9,49.8,15898.0,192584.0,-0.957082979762913
2018-12-24,1826744.22,0.081,0.0075,551685.91,0.015,0.0151,73208.4,0.036,0.0375,0.9,103.5,101.9,0.019,0.0,102.1,44.8,48.2,48.0,50.4,43.3,49.4,47.1,44.1,46.6,49.7,50.8,52.7,45.9,49.8,15898.0,192584.0,-0.957082979762913
2018-12-25,1826744.22,0.081,0.0075,551685.91,0.015,0.0151,73208.4,0.036,0.0375,0.9,103.5,101.9,0.019,0.0,102.1,44.8,48.2,48.0,50.4,43.3,49.4,47.1,44.1,46.6,49.7,50.8,52.7,45.9,49.8,15898.0,192584.0,-0.957082979762913
2018-12-26,1826744.22,0.081,0.0075,551685.91,0.015,0.0151,73208.4,0.036,0.0375,0.9,103.5,101.9,0.019,0.0,102.1,44.8,48.2,48.0,50.4,43.3,49.4,47.1,44.1,46.6,49.7,50.8,52.7,45.9,49.8,15898.0,192584.0,-0.957082979762913
2018-12-27,1826744.22,0.081,0.0075,551685.91,0.015,0.0151,73208.4,0.036,0.0375,0.9,103.5,101.9,0.019,0.0,102.1,44.8,48.2,48.0,50.4,43.3,49.4,47.1,44.1,46.6,49.7,50.8,52.7,45.9,49.8,15898.0,192584.0,-0.957082979762913
2018-12-28,1826744.22,0.081,0.0075,551685.91,0.015,0.0151,73208.4,0.036,0.0375,0.9,103.5,101.9,0.019,0.0,102.1,44.8,48.2,48.0,50.4,43.3,49.4,47.1,44.1,46.6,49.7,50.8,52.7,45.9,49.8,15898.0,192584.0,-0.957082979762913
2019-01-02,1865935.33,0.084,0.0215,545638.46,0.004,-0.011,87470.62,0.172,0.1948,0.1,100.1,101.7,0.017,0.005,101.7,46.3,47.1,47.8,50.1,44.5,49.5,48.1,43.7,46.9,49.6,50.9,52.5,47.1,49.1,46791.0,208582.0,10.7899377483162
2019-01-03,1865935.33,0.084,0.0215,545638.46,0.004,-0.011,87470.62,0.172,0.1948,0.1,100.1,101.7,0.017,0.005,101.7,46.3,47.1,47.8,50.1,44.5,49.5,48.1,43.7,46.9,49.6,50.9,52.5,47.1,49.1,46791.0,208582.0,10.7899377483162
2019-01-04,1865935.33,0.084,0.0215,545638.46,0.004,-0.011,87470.62,0.172,0.1948,0.1,100.1,101.7,0.017,0.005,101.7,46.3,47.1,47.8,50.1,44.5,49.5,48.1,43.7,46.9,49.6,50.9,52.5,47.1,49.1,46791.0,208582.0,10.7899377483162
2019-01-07,1865935.33,0.084,0.0215,545638.46,0.004,-0.011,87470.62,0.172,0.1948,0.1,100.1,101.7,0.017,0.005,101.7,46.3,47.1,47.8,50.1,44.5,49.5,48.1,43.7,46.9,49.6,50.9,52.5,47.1,49.1,46791.0,208582.0,10.7899377483162
2019-01-08,1865935.33,0.084,0.0215,545638.46,0.004,-0.011,87470.62,0.172,0.1948,0.1,100.1,101.7,0.017,0.005,101.7,46.3,47.1,47.8,50.1,44.5,49.5,48.1,43.7,46.9,49.6,50.9,52.5,47.1,49.1,46791.0,208582.0,10.7899377483162
2019-01-09,1865935.33,0.084,0.0215,545638.46,0.004,-0.011,87470.62,0.172,0.1948,0.1,100.1,101.7,0.017,0.005,101.7,46.3,47.1,47.8,50.1,44.5,49.5,48.1,43.7,46.9,49.6,50.9,52.5,47.1,49.1,46791.0,208582.0,10.7899377483162
2019-01-10,1865935.33,0.084,0.0215,545638.46,0.004,-0.011,87470.62,0.172,0.1948,0.1,100.1,101.7,0.017,0.005,101.7,46.3,47.1,47.8,50.1,44.5,49.5,48.1,43.7,46.9,49.6,50.9,52.5,47.1,49.1,46791.0,208582.0,10.7899377483162
2019-01-11,1865935.33,0.084,0.0215,545638.46,0.004,-0.011,87470.62,0.172,0.1948,0.1,100.1,101.7,0.017,0.005,101.7,46.3,47.1,47.8,50.1,44.5,49.5,48.1,43.7,46.9,49.6,50.9,52.5,47.1,49.1,46791.0,208582.0,10.7899377483162
2019-01-14,1865935.33,0.084,0.0215,545638.46,0.004,-0.011,87470.62,0.172,0.1948,0.1,100.1,101.7,0.017,0.005,101.7,46.3,47.1,47.8,50.1,44.5,49.5,48.1,43.7,46.9,49.6,50.9,52.5,47.1,49.1,46791.0,208582.0,10.7899377483162
2019-01-15,1865935.33,0.084,0.0215,545638.46,0.004,-0.011,87470.62,0.172,0.1948,0.1,100.1,101.7,0.017,0.005,101.7,46.3,47.1,47.8,50.1,44.5,49.5,48.1,43.7,46.9,49.6,50.9,52.5,47.1,49.1,46791.0,208582.0,10.7899377483162
2019-01-16,1865935.33,0.084,0.0215,545638.46,0.004,-0.011,87470.62,0.172,0.1948,0.1,100.1,101.7,0.017,0.005,101.7,46.3,47.1,47.8,50.1,44.5,49.5,48.1,43.7,46.9,49.6,50.9,52.5,47.1,49.1,46791.0,208582.0,10.7899377483162
2019-01-17,1865935.33,0.084,0.0215,545638.46,0.004,-0.011,87470.62,0.172,0.1948,0.1,100.1,101.7,0.017,0.005,101.7,46.3,47.1,47.8,50.1,44.5,49.5,48.1,43.7,46.9,49.6,50.9,52.5,47.1,49.1,46791.0,208582.0,10.7899377483162
2019-01-18,1865935.33,0.084,0.0215,545638.46,0.004,-0.011,87470.62,0.172,0.1948,0.1,100.1,101.7,0.017,0.005,101.7,46.3,47.1,47.8,50.1,44.5,49.5,48.1,43.7,46.9,49.6,50.9,52.5,47.1,49.1,46791.0,208582.0,10.7899377483162
2019-01-21,1865935.33,0.084,0.0215,545638.46,0.004,-0.011,87470.62,0.172,0.1948,0.1,100.1,101.7,0.017,0.005,101.7,46.3,47.1,47.8,50.1,44.5,49.5,48.1,43.7,46.9,49.6,50.9,52.5,47.1,49.1,46791.0,208582.0,10.7899377483162
2019-01-22,1865935.33,0.084,0.0215,545638.46,0.004,-0.011,87470.62,0.172,0.1948,0.1,100.1,101.7,0.017,0.005,101.7,46.3,47.1,47.8,50.1,44.5,49.5,48.1,43.7,46.9,49.6,50.9,52.5,47.1,49.1,46791.0,208582.0,10.7899377483162
2019-01-23,1865935.33,0.084,0.0215,545638.46,0.004,-0.011,87470.62,0.172,0.1948,0.1,100.1,101.7,0.017,0.005,101.7,46.3,47.1,47.8,50.1,44.5,49.5,48.1,43.7,46.9,49.6,50.9,52.5,47.1,49.1,46791.0,208582.0,10.7899377483162
2019-01-24,1865935.33,0.084,0.0215,545638.46,0.004,-0.011,87470.62,0.172,0.1948,0.1,100.1,101.7,0.017,0.005,101.7,46.3,47.1,47.8,50.1,44.5,49.5,48.1,43.7,46.9,49.6,50.9,52.5,47.1,49.1,46791.0,208582.0,10.7899377483162
2019-01-25,1865935.33,0.084,0.0215,545638.46,0.004,-0.011,87470.62,0.172,0.1948,0.1,100.1,101.7,0.017,0.005,101.7,46.3,47.1,47.8,50.1,44.5,49.5,48.1,43.7,46.9,49.6,50.9,52.5,47.1,49.1,46791.0,208582.0,10.7899377483162
2019-01-28,1865935.33,0.084,0.0215,545638.46,0.004,-0.011,87470.62,0.172,0.1948,0.1,100.1,101.7,0.017,0.005,101.7,46.3,47.1,47.8,50.1,44.5,49.5,48.1,43.7,46.9,49.6,50.9,52.5,47.1,49.1,46791.0,208582.0,10.7899377483162
2019-01-29,1865935.33,0.084,0.0215,545638.46,0.004,-0.011,87470.62,0.172,0.1948,0.1,100.1,101.7,0.017,0.005,101.7,46.3,47.1,47.8,50.1,44.5,49.5,48.1,43.7,46.9,49.6,50.9,52.5,47.1,49.1,46791.0,208582.0,10.7899377483162
2019-01-30,1865935.33,0.084,0.0215,545638.46,0.004,-0.011,87470.62,0.172,0.1948,0.1,100.1,101.7,0.017,0.005,101.7,46.3,47.1,47.8,50.1,44.5,49.5,48.1,43.7,46.9,49.6,50.9,52.5,47.1,49.1,46791.0,208582.0,10.7899377483162
2019-01-31,1865935.33,0.084,0.0215,545638.46,0.004,-0.011,87470.62,0.172,0.1948,0.1,100.1,101.7,0.017,0.005,101.7,46.3,47.1,47.8,50.1,44.5,49.5,48.1,43.7,46.9,49.6,50.9,52.5,47.1,49.1,46791.0,208582.0,10.7899377483162
2019-02-01,1867427.45,0.08,0.0008,527190.48,0.016,-0.0338,79484.72,-0.024,-0.0913,0.1,100.1,101.5,0.015,0.01,101.6,51.9,46.4,47.5,49.8,48.5,49.2,46.3,43.6,45.2,50.6,49.5,56.2,44.8,48.3,9665.0,206353.0,9.03494774218774
2019-02-11,1867427.45,0.08,0.0008,527190.48,0.016,-0.0338,79484.72,-0.024,-0.0913,0.1,100.1,101.5,0.015,0.01,101.6,51.9,46.4,47.5,49.8,48.5,49.2,46.3,43.6,45.2,50.6,49.5,56.2,44.8,48.3,9665.0,206353.0,9.03494774218774
2019-02-12,1867427.45,0.08,0.0008,527190.48,0.016,-0.0338,79484.72,-0.024,-0.0913,0.1,100.1,101.5,0.015,0.01,101.6,51.9,46.4,47.5,49.8,48.5,49.2,46.3,43.6,45.2,50.6,49.5,56.2,44.8,48.3,9665.0,206353.0,9.03494774218774
2019-02-13,1867427.45,0.08,0.0008,527190.48,0.016,-0.0338,79484.72,-0.024,-0.0913,0.1,100.1,101.5,0.015,0.01,101.6,51.9,46.4,47.5,49.8,48.5,49.2,46.3,43.6,45.2,50.6,49.5,56.2,44.8,48.3,9665.0,206353.0,9.03494774218774
2019-02-14,1867427.45,0.08,0.0008,527190.48,0.016,-0.0338,79484.72,-0.024,-0.0913,0.1,100.1,101.5,0.015,0.01,101.6,51.9,46.4,47.5,49.8,48.5,49.2,46.3,43.6,45.2,50.6,49.5,56.2,44.8,48.3,9665.0,206353.0,9.03494774218774
2019-02-15,1867427.45,0.08,0.0008,527190.48,0.016,-0.0338,79484.72,-0.024,-0.0913,0.1,100.1,101.5,0.015,0.01,101.6,51.9,46.4,47.5,49.8,48.5,49.2,46.3,43.6,45.2,50.6,49.5,56.2,44.8,48.3,9665.0,206353.0,9.03494774218774
2019-02-18,1867427.45,0.08,0.0008,527190.48,0.016,-0.0338,79484.72,-0.024,-0.0913,0.1,100.1,101.5,0.015,0.01,101.6,51.9,46.4,47.5,49.8,48.5,49.2,46.3,43.6,45.2,50.6,49.5,56.2,44.8,48.3,9665.0,206353.0,9.03494774218774
2019-02-19,1867427.45,0.08,0.0008,527190.48,0.016,-0.0338,79484.72,-0.024,-0.0913,0.1,100.1,101.5,0.015,0.01,101.6,51.9,46.4,47.5,49.8,48.5,49.2,46.3,43.6,45.2,50.6,49.5,56.2,44.8,48.3,9665.0,206353.0,9.03494774218774
2019-02-20,1867427.45,0.08,0.0008,527190.48,0.016,-0.0338,79484.72,-0.024,-0.0913,0.1,100.1,101.5,0.015,0.01,101.6,51.9,46.4,47.5,49.8,48.5,49.2,46.3,43.6,45.2,50.6,49.5,56.2,44.8,48.3,9665.0,206353.0,9.03494774218774
2019-02-21,1867427.45,0.08,0.0008,527190.48,0.016,-0.0338,79484.72,-0.024,-0.0913,0.1,100.1,101.5,0.015,0.01,101.6,51.9,46.4,47.5,49.8,48.5,49.2,46.3,43.6,45.2,50.6,49.5,56.2,44.8,48.3,9665.0,206353.0,9.03494774218774
2019-02-22,1867427.45,0.08,0.0008,527190.48,0.016,-0.0338,79484.72,-0.024,-0.0913,0.1,100.1,101.5,0.015,0.01,101.6,51.9,46.4,47.5,49.8,48.5,49.2,46.3,43.6,45.2,50.6,49.5,56.2,44.8,48.3,9665.0,206353.0,9.03494774218774
2019-02-25,1867427.45,0.08,0.0008,527190.48,0.016,-0.0338,79484.72,-0.024,-0.0913,0.1,100.1,101.5,0.015,0.01,101.6,51.9,46.4,47.5,49.8,48.5,49.2,46.3,43.6,45.2,50.6,49.5,56.2,44.8,48.3,9665.0,206353.0,9.03494774218774
2019-02-26,1867427.45,0.08,0.0008,527190.48,0.016,-0.0338,79484.72,-0.024,-0.0913,0.1,100.1,101.5,0.015,0.01,101.6,51.9,46.4,47.5,49.8,48.5,49.2,46.3,43.6,45.2,50.6,49.5,56.2,44.8,48.3,9665.0,206353.0,9.03494774218774
2019-02-27,1867427.45,0.08,0.0008,527190.48,0.016,-0.0338,79484.72,-0.024,-0.0913,0.1,100.1,101.5,0.015,0.01,101.6,51.9,46.4,47.5,49.8,48.5,49.2,46.3,43.6,45.2,50.6,49.5,56.2,44.8,48.3,9665.0,206353.0,9.03494774218774
2019-02-28,1867427.45,0.08,0.0008,527190.48,0.016,-0.0338,79484.72,-0.024,-0.0913,0.1,100.1,101.5,0.015,0.01,101.6,51.9,46.4,47.5,49.8,48.5,49.2,46.3,43.6,45.2,50.6,49.5,56.2,44.8,48.3,9665.0,206353.0,9.03494774218774
2019-03-01,1889412.14,0.086,0.0118,547575.54,0.046,0.0387,74941.58,0.031,-0.0572,0.4,100.2,102.3,0.023,-0.004,101.8,53.5,47.0,47.6,50.2,51.4,50.5,48.4,46.4,47.1,51.6,52.7,56.8,48.7,51.2,29602.0,220107.0,19.6780051762761
2019-03-04,1889412.14,0.086,0.0118,547575.54,0.046,0.0387,74941.58,0.031,-0.0572,0.4,100.2,102.3,0.023,-0.004,101.8,53.5,47.0,47.6,50.2,51.4,50.5,48.4,46.4,47.1,51.6,52.7,56.8,48.7,51.2,29602.0,220107.0,19.6780051762761
2019-03-05,1889412.14,0.086,0.0118,547575.54,0.046,0.0387,74941.58,0.031,-0.0572,0.4,100.2,102.3,0.023,-0.004,101.8,53.5,47.0,47.6,50.2,51.4,50.5,48.4,46.4,47.1,51.6,52.7,56.8,48.7,51.2,29602.0,220107.0,19.6780051762761
2019-03-06,1889412.14,0.086,0.0118,547575.54,0.046,0.0387,74941.58,0.031,-0.0572,0.4,100.2,102.3,0.023,-0.004,101.8,53.5,47.0,47.6,50.2,51.4,50.5,48.4,46.4,47.1,51.6,52.7,56.8,48.7,51.2,29602.0,220107.0,19.6780051762761
2019-03-07,1889412.14,0.086,0.0118,547575.54,0.046,0.0387,74941.58,0.031,-0.0572,0.4,100.2,102.3,0.023,-0.004,101.8,53.5,47.0,47.6,50.2,51.4,50.5,48.4,46.4,47.1,51.6,52.7,56.8,48.7,51.2,29602.0,220107.0,19.6780051762761
2019-03-08,1889412.14,0.086,0.0118,547575.54,0.046,0.0387,74941.58,0.031,-0.0572,0.4,100.2,102.3,0.023,-0.004,101.8,53.5,47.0,47.6,50.2,51.4,50.5,48.4,46.4,47.1,51.6,52.7,56.8,48.7,51.2,29602.0,220107.0,19.6780051762761
2019-03-11,1889412.14,0.086,0.0118,547575.54,0.046,0.0387,74941.58,0.031,-0.0572,0.4,100.2,102.3,0.023,-0.004,101.8,53.5,47.0,47.6,50.2,51.4,50.5,48.4,46.4,47.1,51.6,52.7,56.8,48.7,51.2,29602.0,220107.0,19.6780051762761
2019-03-12,1889412.14,0.086,0.0118,547575.54,0.046,0.0387,74941.58,0.031,-0.0572,0.4,100.2,102.3,0.023,-0.004,101.8,53.5,47.0,47.6,50.2,51.4,50.5,48.4,46.4,47.1,51.6,52.7,56.8,48.7,51.2,29602.0,220107.0,19.6780051762761
2019-03-13,1889412.14,0.086,0.0118,547575.54,0.046,0.0387,74941.58,0.031,-0.0572,0.4,100.2,102.3,0.023,-0.004,101.8,53.5,47.0,47.6,50.2,51.4,50.5,48.4,46.4,47.1,51.6,52.7,56.8,48.7,51.2,29602.0,220107.0,19.6780051762761
2019-03-14,1889412.14,0.086,0.0118,547575.54,0.046,0.0387,74941.58,0.031,-0.0572,0.4,100.2,102.3,0.023,-0.004,101.8,53.5,47.0,47.6,50.2,51.4,50.5,48.4,46.4,47.1,51.6,52.7,56.8,48.7,51.2,29602.0,220107.0,19.6780051762761
2019-03-15,1889412.14,0.086,0.0118,547575.54,0.046,0.0387,74941.58,0.031,-0.0572,0.4,100.2,102.3,0.023,-0.004,101.8,53.5,47.0,47.6,50.2,51.4,50.5,48.4,46.4,47.1,51.6,52.7,56.8,48.7,51.2,29602.0,220107.0,19.6780051762761
2019-03-18,1889412.14,0.086,0.0118,547575.54,0.046,0.0387,74941.58,0.031,-0.0572,0.4,100.2,102.3,0.023,-0.004,101.8,53.5,47.0,47.6,50.2,51.4,50.5,48.4,46.4,47.1,51.6,52.7,56.8,48.7,51.2,29602.0,220107.0,19.6780051762761
2019-03-19,1889412.14,0.086,0.0118,547575.54,0.046,0.0387,74941.58,0.031,-0.0572,0.4,100.2,102.3,0.023,-0.004,101.8,53.5,47.0,47.6,50.2,51.4,50.5,48.4,46.4,47.1,51.6,52.7,56.8,48.7,51.2,29602.0,220107.0,19.6780051762761
2019-03-20,1889412.14,0.086,0.0118,547575.54,0.046,0.0387,74941.58,0.031,-0.0572,0.4,100.2,102.3,0.023,-0.004,101.8,53.5,47.0,47.6,50.2,51.4,50.5,48.4,46.4,47.1,51.6,52.7,56.8,48.7,51.2,29602.0,220107.0,19.6780051762761
2019-03-21,1889412.14,0.086,0.0118,547575.54,0.046,0.0387,74941.58,0.031,-0.0572,0.4,100.2,102.3,0.023,-0.004,101.8,53.5,47.0,47.6,50.2,51.4,50.5,48.4,46.4,47.1,51.6,52.7,56.8,48.7,51.2,29602.0,220107.0,19.6780051762761
2019-03-22,1889412.14,0.086,0.0118,547575.54,0.046,0.0387,74941.58,0.031,-0.0572,0.4,100.2,102.3,0.023,-0.004,101.8,53.5,47.0,47.6,50.2,51.4,50.5,48.4,46.4,47.1,51.6,52.7,56.8,48.7,51.2,29602.0,220107.0,19.6780051762761
2019-03-25,1889412.14,0.086,0.0118,547575.54,0.046,0.0387,74941.58,0.031,-0.0572,0.4,100.2,102.3,0.023,-0.004,101.8,53.5,47.0,47.6,50.2,51.4,50.5,48.4,46.4,47.1,51.6,52.7,56.8,48.7,51.2,29602.0,220107.0,19.6780051762761
2019-03-26,1889412.14,0.086,0.0118,547575.54,0.046,0.0387,74941.58,0.031,-0.0572,0.4,100.2,102.3,0.023,-0.004,101.8,53.5,47.0,47.6,50.2,51.4,50.5,48.4,46.4,47.1,51.6,52.7,56.8,48.7,51.2,29602.0,220107.0,19.6780051762761
2019-03-27,1889412.14,0.086,0.0118,547575.54,0.046,0.0387,74941.58,0.031,-0.0572,0.4,100.2,102.3,0.023,-0.004,101.8,53.5,47.0,47.6,50.2,51.4,50.5,48.4,46.4,47.1,51.6,52.7,56.8,48.7,51.2,29602.0,220107.0,19.6780051762761
2019-03-28,1889412.14,0.086,0.0118,547575.54,0.046,0.0387,74941.58,0.031,-0.0572,0.4,100.2,102.3,0.023,-0.004,101.8,53.5,47.0,47.6,50.2,51.4,50.5,48.4,46.4,47.1,51.6,52.7,56.8,48.7,51.2,29602.0,220107.0,19.6780051762761
2019-03-29,1889412.14,0.086,0.0118,547575.54,0.046,0.0387,74941.58,0.031,-0.0572,0.4,100.2,102.3,0.023,-0.004,101.8,53.5,47.0,47.6,50.2,51.4,50.5,48.4,46.4,47.1,51.6,52.7,56.8,48.7,51.2,29602.0,220107.0,19.6780051762761
2019-04-01,1884670.33,0.085,-0.0025,540614.6,0.029,-0.0127,73965.76,0.035,-0.013,0.9,100.3,102.5,0.025,0.001,102.0,53.1,46.5,47.2,49.9,52.0,50.1,47.2,44.0,49.2,51.4,52.1,56.5,49.7,51.1,16710.0,219056.0,16.6451008269568
2019-04-02,1884670.33,0.085,-0.0025,540614.6,0.029,-0.0127,73965.76,0.035,-0.013,0.9,100.3,102.5,0.025,0.001,102.0,53.1,46.5,47.2,49.9,52.0,50.1,47.2,44.0,49.2,51.4,52.1,56.5,49.7,51.1,16710.0,219056.0,16.6451008269568
2019-04-03,1884670.33,0.085,-0.0025,540614.6,0.029,-0.0127,73965.76,0.035,-0.013,0.9,100.3,102.5,0.025,0.001,102.0,53.1,46.5,47.2,49.9,52.0,50.1,47.2,44.0,49.2,51.4,52.1,56.5,49.7,51.1,16710.0,219056.0,16.6451008269568
2019-04-04,1884670.33,0.085,-0.0025,540614.6,0.029,-0.0127,73965.76,0.035,-0.013,0.9,100.3,102.5,0.025,0.001,102.0,53.1,46.5,47.2,49.9,52.0,50.1,47.2,44.0,49.2,51.4,52.1,56.5,49.7,51.1,16710.0,219056.0,16.6451008269568
2019-04-08,1884670.33,0.085,-0.0025,540614.6,0.029,-0.0127,73965.76,0.035,-0.013,0.9,100.3,102.5,0.025,0.001,102.0,53.1,46.5,47.2,49.9,52.0,50.1,47.2,44.0,49.2,51.4,52.1,56.5,49.7,51.1,16710.0,219056.0,16.6451008269568
2019-04-09,1884670.33,0.085,-0.0025,540614.6,0.029,-0.0127,73965.76,0.035,-0.013,0.9,100.3,102.5,0.025,0.001,102.0,53.1,46.5,47.2,49.9,52.0,50.1,47.2,44.0,49.2,51.4,52.1,56.5,49.7,51.1,16710.0,219056.0,16.6451008269568
2019-04-10,1884670.33,0.085,-0.0025,540614.6,0.029,-0.0127,73965.76,0.035,-0.013,0.9,100.3,102.5,0.025,0.001,102.0,53.1,46.5,47.2,49.9,52.0,50.1,47.2,44.0,49.2,51.4,52.1,56.5,49.7,51.1,16710.0,219056.0,16.6451008269568
2019-04-11,1884670.33,0.085,-0.0025,540614.6,0.029,-0.0127,73965.76,0.035,-0.013,0.9,100.3,102.5,0.025,0.001,102.0,53.1,46.5,47.2,49.9,52.0,50.1,47.2,44.0,49.2,51.4,52.1,56.5,49.7,51.1,16710.0,219056.0,16.6451008269568
2019-04-12,1884670.33,0.085,-0.0025,540614.6,0.029,-0.0127,73965.76,0.035,-0.013,0.9,100.3,102.5,0.025,0.001,102.0,53.1,46.5,47.2,49.9,52.0,50.1,47.2,44.0,49.2,51.4,52.1,56.5,49.7,51.1,16710.0,219056.0,16.6451008269568
2019-04-15,1884670.33,0.085,-0.0025,540614.6,0.029,-0.0127,73965.76,0.035,-0.013,0.9,100.3,102.5,0.025,0.001,102.0,53.1,46.5,47.2,49.9,52.0,50.1,47.2,44.0,49.2,51.4,52.1,56.5,49.7,51.1,16710.0,219056.0,16.6451008269568
2019-04-16,1884670.33,0.085,-0.0025,540614.6,0.029,-0.0127,73965.76,0.035,-0.013,0.9,100.3,102.5,0.025,0.001,102.0,53.1,46.5,47.2,49.9,52.0,50.1,47.2,44.0,49.2,51.4,52.1,56.5,49.7,51.1,16710.0,219056.0,16.6451008269568
2019-04-17,1884670.33,0.085,-0.0025,540614.6,0.029,-0.0127,73965.76,0.035,-0.013,0.9,100.3,102.5,0.025,0.001,102.0,53.1,46.5,47.2,49.9,52.0,50.1,47.2,44.0,49.2,51.4,52.1,56.5,49.7,51.1,16710.0,219056.0,16.6451008269568
2019-04-18,1884670.33,0.085,-0.0025,540614.6,0.029,-0.0127,73965.76,0.035,-0.013,0.9,100.3,102.5,0.025,0.001,102.0,53.1,46.5,47.2,49.9,52.0,50.1,47.2,44.0,49.2,51.4,52.1,56.5,49.7,51.1,16710.0,219056.0,16.6451008269568
2019-04-19,1884670.33,0.085,-0.0025,540614.6,0.029,-0.0127,73965.76,0.035,-0.013,0.9,100.3,102.5,0.025,0.001,102.0,53.1,46.5,47.2,49.9,52.0,50.1,47.2,44.0,49.2,51.4,52.1,56.5,49.7,51.1,16710.0,219056.0,16.6451008269568
2019-04-22,1884670.33,0.085,-0.0025,540614.6,0.029,-0.0127,73965.76,0.035,-0.013,0.9,100.3,102.5,0.025,0.001,102.0,53.1,46.5,47.2,49.9,52.0,50.1,47.2,44.0,49.2,51.4,52.1,56.5,49.7,51.1,16710.0,219056.0,16.6451008269568
2019-04-23,1884670.33,0.085,-0.0025,540614.6,0.029,-0.0127,73965.76,0.035,-0.013,0.9,100.3,102.5,0.025,0.001,102.0,53.1,46.5,47.2,49.9,52.0,50.1,47.2,44.0,49.2,51.4,52.1,56.5,49.7,51.1,16710.0,219056.0,16.6451008269568
2019-04-24,1884670.33,0.085,-0.0025,540614.6,0.029,-0.0127,73965.76,0.035,-0.013,0.9,100.3,102.5,0.025,0.001,102.0,53.1,46.5,47.2,49.9,52.0,50.1,47.2,44.0,49.2,51.4,52.1,56.5,49.7,51.1,16710.0,219056.0,16.6451008269568
2019-04-25,1884670.33,0.085,-0.0025,540614.6,0.029,-0.0127,73965.76,0.035,-0.013,0.9,100.3,102.5,0.025,0.001,102.0,53.1,46.5,47.2,49.9,52.0,50.1,47.2,44.0,49.2,51.4,52.1,56.5,49.7,51.1,16710.0,219056.0,16.6451008269568
2019-04-26,1884670.33,0.085,-0.0025,540614.6,0.029,-0.0127,73965.76,0.035,-0.013,0.9,100.3,102.5,0.025,0.001,102.0,53.1,46.5,47.2,49.9,52.0,50.1,47.2,44.0,49.2,51.4,52.1,56.5,49.7,51.1,16710.0,219056.0,16.6451008269568
2019-04-29,1884670.33,0.085,-0.0025,540614.6,0.029,-0.0127,73965.76,0.035,-0.013,0.9,100.3,102.5,0.025,0.001,102.0,53.1,46.5,47.2,49.9,52.0,50.1,47.2,44.0,49.2,51.4,52.1,56.5,49.7,51.1,16710.0,219056.0,16.6451008269568
2019-04-30,1884670.33,0.085,-0.0025,540614.6,0.029,-0.0127,73965.76,0.035,-0.013,0.9,100.3,102.5,0.025,0.001,102.0,53.1,46.5,47.2,49.9,52.0,50.1,47.2,44.0,49.2,51.4,52.1,56.5,49.7,51.1,16710.0,219056.0,16.6451008269568
2019-05-06,1891153.7,0.085,0.0034,544355.64,0.034,0.0069,72798.46,0.043,-0.0158,0.6,100.4,102.7,0.027,0.0,102.2,51.8,48.1,47.0,50.9,49.0,49.4,47.4,44.3,46.5,49.8,51.7,54.5,47.1,50.5,17124.0,226662.0,21.4147971974031
2019-05-07,1891153.7,0.085,0.0034,544355.64,0.034,0.0069,72798.46,0.043,-0.0158,0.6,100.4,102.7,0.027,0.0,102.2,51.8,48.1,47.0,50.9,49.0,49.4,47.4,44.3,46.5,49.8,51.7,54.5,47.1,50.5,17124.0,226662.0,21.4147971974031
2019-05-08,1891153.7,0.085,0.0034,544355.64,0.034,0.0069,72798.46,0.043,-0.0158,0.6,100.4,102.7,0.027,0.0,102.2,51.8,48.1,47.0,50.9,49.0,49.4,47.4,44.3,46.5,49.8,51.7,54.5,47.1,50.5,17124.0,226662.0,21.4147971974031
2019-05-09,1891153.7,0.085,0.0034,544355.64,0.034,0.0069,72798.46,0.043,-0.0158,0.6,100.4,102.7,0.027,0.0,102.2,51.8,48.1,47.0,50.9,49.0,49.4,47.4,44.3,46.5,49.8,51.7,54.5,47.1,50.5,17124.0,226662.0,21.4147971974031
2019-05-10,1891153.7,0.085,0.0034,544355.64,0.034,0.0069,72798.46,0.043,-0.0158,0.6,100.4,102.7,0.027,0.0,102.2,51.8,48.1,47.0,50.9,49.0,49.4,47.4,44.3,46.5,49.8,51.7,54.5,47.1,50.5,17124.0,226662.0,21.4147971974031
2019-05-13,1891153.7,0.085,0.0034,544355.64,0.034,0.0069,72798.46,0.043,-0.0158,0.6,100.4,102.7,0.027,0.0,102.2,51.8,48.1,47.0,50.9,49.0,49.4,47.4,44.3,46.5,49.8,51.7,54.5,47.1,50.5,17124.0,226662.0,21.4147971974031
2019-05-14,1891153.7,0.085,0.0034,544355.64,0.034,0.0069,72798.46,0.043,-0.0158,0.6,100.4,102.7,0.027,0.0,102.2,51.8,48.1,47.0,50.9,49.0,49.4,47.4,44.3,46.5,49.8,51.7,54.5,47.1,50.5,17124.0,226662.0,21.4147971974031
2019-05-15,1891153.7,0.085,0.0034,544355.64,0.034,0.0069,72798.46,0.043,-0.0158,0.6,100.4,102.7,0.027,0.0,102.2,51.8,48.1,47.0,50.9,49.0,49.4,47.4,44.3,46.5,49.8,51.7,54.5,47.1,50.5,17124.0,226662.0,21.4147971974031
2019-05-16,1891153.7,0.085,0.0034,544355.64,0.034,0.0069,72798.46,0.043,-0.0158,0.6,100.4,102.7,0.027,0.0,102.2,51.8,48.1,47.0,50.9,49.0,49.4,47.4,44.3,46.5,49.8,51.7,54.5,47.1,50.5,17124.0,226662.0,21.4147971974031
2019-05-17,1891153.7,0.085,0.0034,544355.64,0.034,0.0069,72798.46,0.043,-0.0158,0.6,100.4,102.7,0.027,0.0,102.2,51.8,48.1,47.0,50.9,49.0,49.4,47.4,44.3,46.5,49.8,51.7,54.5,47.1,50.5,17124.0,226662.0,21.4147971974031
2019-05-20,1891153.7,0.085,0.0034,544355.64,0.034,0.0069,72798.46,0.043,-0.0158,0.6,100.4,102.7,0.027,0.0,102.2,51.8,48.1,47.0,50.9,49.0,49.4,47.4,44.3,46.5,49.8,51.7,54.5,47.1,50.5,17124.0,226662.0,21.4147971974031
2019-05-21,1891153.7,0.085,0.0034,544355.64,0.034,0.0069,72798.46,0.043,-0.0158,0.6,100.4,102.7,0.027,0.0,102.2,51.8,48.1,47.0,50.9,49.0,49.4,47.4,44.3,46.5,49.8,51.7,54.5,47.1,50.5,17124.0,226662.0,21.4147971974031
2019-05-22,1891153.7,0.085,0.0034,544355.64,0.034,0.0069,72798.46,0.043,-0.0158,0.6,100.4,102.7,0.027,0.0,102.2,51.8,48.1,47.0,50.9,49.0,49.4,47.4,44.3,46.5,49.8,51.7,54.5,47.1,50.5,17124.0,226662.0,21.4147971974031
2019-05-23,1891153.7,0.085,0.0034,544355.64,0.034,0.0069,72798.46,0.043,-0.0158,0.6,100.4,102.7,0.027,0.0,102.2,51.8,48.1,47.0,50.9,49.0,49.4,47.4,44.3,46.5,49.8,51.7,54.5,47.1,50.5,17124.0,226662.0,21.4147971974031
2019-05-24,1891153.7,0.085,0.0034,544355.64,0.034,0.0069,72798.46,0.043,-0.0158,0.6,100.4,102.7,0.027,0.0,102.2,51.8,48.1,47.0,50.9,49.0,49.4,47.4,44.3,46.5,49.8,51.7,54.5,47.1,50.5,17124.0,226662.0,21.4147971974031
2019-05-27,1891153.7,0.085,0.0034,544355.64,0.034,0.0069,72798.46,0.043,-0.0158,0.6,100.4,102.7,0.027,0.0,102.2,51.8,48.1,47.0,50.9,49.0,49.4,47.4,44.3,46.5,49.8,51.7,54.5,47.1,50.5,17124.0,226662.0,21.4147971974031
2019-05-28,1891153.7,0.085,0.0034,544355.64,0.034,0.0069,72798.46,0.043,-0.0158,0.6,100.4,102.7,0.027,0.0,102.2,51.8,48.1,47.0,50.9,49.0,49.4,47.4,44.3,46.5,49.8,51.7,54.5,47.1,50.5,17124.0,226662.0,21.4147971974031
2019-05-29,1891153.7,0.085,0.0034,544355.64,0.034,0.0069,72798.46,0.043,-0.0158,0.6,100.4,102.7,0.027,0.0,102.2,51.8,48.1,47.0,50.9,49.0,49.4,47.4,44.3,46.5,49.8,51.7,54.5,47.1,50.5,17124.0,226662.0,21.4147971974031
2019-05-30,1891153.7,0.085,0.0034,544355.64,0.034,0.0069,72798.46,0.043,-0.0158,0.6,100.4,102.7,0.027,0.0,102.2,51.8,48.1,47.0,50.9,49.0,49.4,47.4,44.3,46.5,49.8,51.7,54.5,47.1,50.5,17124.0,226662.0,21.4147971974031
2019-05-31,1891153.7,0.085,0.0034,544355.64,0.034,0.0069,72798.46,0.043,-0.0158,0.6,100.4,102.7,0.027,0.0,102.2,51.8,48.1,47.0,50.9,49.0,49.4,47.4,44.3,46.5,49.8,51.7,54.5,47.1,50.5,17124.0,226662.0,21.4147971974031
2019-06-03,1921360.19,0.085,0.016,567696.18,0.044,0.0429,72580.96,0.043,-0.003,0.0,100.3,102.7,0.027,-0.001,102.2,49.0,48.1,46.9,50.2,45.4,49.4,48.2,44.5,46.3,49.6,51.3,53.4,46.8,49.7,26243.0,238028.0,29.473518164956
2019-06-04,1921360.19,0.085,0.016,567696.18,0.044,0.0429,72580.96,0.043,-0.003,0.0,100.3,102.7,0.027,-0.001,102.2,49.0,48.1,46.9,50.2,45.4,49.4,48.2,44.5,46.3,49.6,51.3,53.4,46.8,49.7,26243.0,238028.0,29.473518164956
2019-06-05,1921360.19,0.085,0.016,567696.18,0.044,0.0429,72580.96,0.043,-0.003,0.0,100.3,102.7,0.027,-0.001,102.2,49.0,48.1,46.9,50.2,45.4,49.4,48.2,44.5,46.3,49.6,51.3,53.4,46.8,49.7,26243.0,238028.0,29.473518164956
2019-06-06,1921360.19,0.085,0.016,567696.18,0.044,0.0429,72580.96,0.043,-0.003,0.0,100.3,102.7,0.027,-0.001,102.2,49.0,48.1,46.9,50.2,45.4,49.4,48.2,44.5,46.3,49.6,51.3,53.4,46.8,49.7,26243.0,238028.0,29.473518164956
2019-06-10,1921360.19,0.085,0.016,567696.18,0.044,0.0429,72580.96,0.043,-0.003,0.0,100.3,102.7,0.027,-0.001,102.2,49.0,48.1,46.9,50.2,45.4,49.4,48.2,44.5,46.3,49.6,51.3,53.4,46.8,49.7,26243.0,238028.0,29.473518164956
2019-06-11,1921360.19,0.085,0.016,567696.18,0.044,0.0429,72580.96,0.043,-0.003,0.0,100.3,102.7,0.027,-0.001,102.2,49.0,48.1,46.9,50.2,45.4,49.4,48.2,44.5,46.3,49.6,51.3,53.4,46.8,49.7,26243.0,238028.0,29.473518164956
2019-06-12,1921360.19,0.085,0.016,567696.18,0.044,0.0429,72580.96,0.043,-0.003,0.0,100.3,102.7,0.027,-0.001,102.2,49.0,48.1,46.9,50.2,45.4,49.4,48.2,44.5,46.3,49.6,51.3,53.4,46.8,49.7,26243.0,238028.0,29.473518164956
2019-06-13,1921360.19,0.085,0.016,567696.18,0.044,0.0429,72580.96,0.043,-0.003,0.0,100.3,102.7,0.027,-0.001,102.2,49.0,48.1,46.9,50.2,45.4,49.4,48.2,44.5,46.3,49.6,51.3,53.4,46.8,49.7,26243.0,238028.0,29.473518164956
2019-06-14,1921360.19,0.085,0.016,567696.18,0.044,0.0429,72580.96,0.043,-0.003,0.0,100.3,102.7,0.027,-0.001,102.2,49.0,48.1,46.9,50.2,45.4,49.4,48.2,44.5,46.3,49.6,51.3,53.4,46.8,49.7,26243.0,238028.0,29.473518164956
2019-06-17,1921360.19,0.085,0.016,567696.18,0.044,0.0429,72580.96,0.043,-0.003,0.0,100.3,102.7,0.027,-0.001,102.2,49.0,48.1,46.9,50.2,45.4,49.4,48.2,44.5,46.3,49.6,51.3,53.4,46.8,49.7,26243.0,238028.0,29.473518164956
2019-06-18,1921360.19,0.085,0.016,567696.18,0.044,0.0429,72580.96,0.043,-0.003,0.0,100.3,102.7,0.027,-0.001,102.2,49.0,48.1,46.9,50.2,45.4,49.4,48.2,44.5,46.3,49.6,51.3,53.4,46.8,49.7,26243.0,238028.0,29.473518164956
2019-06-19,1921360.19,0.085,0.016,567696.18,0.044,0.0429,72580.96,0.043,-0.003,0.0,100.3,102.7,0.027,-0.001,102.2,49.0,48.1,46.9,50.2,45.4,49.4,48.2,44.5,46.3,49.6,51.3,53.4,46.8,49.7,26243.0,238028.0,29.473518164956
2019-06-20,1921360.19,0.085,0.016,567696.18,0.044,0.0429,72580.96,0.043,-0.003,0.0,100.3,102.7,0.027,-0.001,102.2,49.0,48.1,46.9,50.2,45.4,49.4,48.2,44.5,46.3,49.6,51.3,53.4,46.8,49.7,26243.0,238028.0,29.473518164956
2019-06-21,1921360.19,0.085,0.016,567696.18,0.044,0.0429,72580.96,0.043,-0.003,0.0,100.3,102.7,0.027,-0.001,102.2,49.0,48.1,46.9,50.2,45.4,49.4,48.2,44.5,46.3,49.6,51.3,53.4,46.8,49.7,26243.0,238028.0,29.473518164956
2019-06-24,1921360.19,0.085,0.016,567696.18,0.044,0.0429,72580.96,0.043,-0.003,0.0,100.3,102.7,0.027,-0.001,102.2,49.0,48.1,46.9,50.2,45.4,49.4,48.2,44.5,46.3,49.6,51.3,53.4,46.8,49.7,26243.0,238028.0,29.473518164956
2019-06-25,1921360.19,0.085,0.016,567696.18,0.044,0.0429,72580.96,0.043,-0.003,0.0,100.3,102.7,0.027,-0.001,102.2,49.0,48.1,46.9,50.2,45.4,49.4,48.2,44.5,46.3,49.6,51.3,53.4,46.8,49.7,26243.0,238028.0,29.473518164956
2019-06-26,1921360.19,0.085,0.016,567696.18,0.044,0.0429,72580.96,0.043,-0.003,0.0,100.3,102.7,0.027,-0.001,102.2,49.0,48.1,46.9,50.2,45.4,49.4,48.2,44.5,46.3,49.6,51.3,53.4,46.8,49.7,26243.0,238028.0,29.473518164956
2019-06-27,1921360.19,0.085,0.016,567696.18,0.044,0.0429,72580.96,0.043,-0.003,0.0,100.3,102.7,0.027,-0.001,102.2,49.0,48.1,46.9,50.2,45.4,49.4,48.2,44.5,46.3,49.6,51.3,53.4,46.8,49.7,26243.0,238028.0,29.473518164956
2019-06-28,1921360.19,0.085,0.016,567696.18,0.044,0.0429,72580.96,0.043,-0.003,0.0,100.3,102.7,0.027,-0.001,102.2,49.0,48.1,46.9,50.2,45.4,49.4,48.2,44.5,46.3,49.6,51.3,53.4,46.8,49.7,26243.0,238028.0,29.473518164956
2019-07-01,1919410.82,0.081,-0.001,553043.11,0.031,-0.0258,72689.25,0.045,0.0015,-0.3,100.2,102.8,0.028,0.004,102.3,50.7,47.0,47.1,50.1,46.9,49.7,48.0,44.7,46.9,49.8,52.1,53.6,47.4,50.4,12872.0,238646.0,29.599600306287
2019-07-02,1919410.82,0.081,-0.001,553043.11,0.031,-0.0258,72689.25,0.045,0.0015,-0.3,100.2,102.8,0.028,0.004,102.3,50.7,47.0,47.1,50.1,46.9,49.7,48.0,44.7,46.9,49.8,52.1,53.6,47.4,50.4,12872.0,238646.0,29.599600306287
2019-07-03,1919410.82,0.081,-0.001,553043.11,0.031,-0.0258,72689.25,0.045,0.0015,-0.3,100.2,102.8,0.028,0.004,102.3,50.7,47.0,47.1,50.1,46.9,49.7,48.0,44.7,46.9,49.8,52.1,53.6,47.4,50.4,12872.0,238646.0,29.599600306287
2019-07-04,1919410.82,0.081,-0.001,553043.11,0.031,-0.0258,72689.25,0.045,0.0015,-0.3,100.2,102.8,0.028,0.004,102.3,50.7,47.0,47.1,50.1,46.9,49.7,48.0,44.7,46.9,49.8,52.1,53.6,47.4,50.4,12872.0,238646.0,29.599600306287
2019-07-05,1919410.82,0.081,-0.001,553043.11,0.031,-0.0258,72689.25,0.045,0.0015,-0.3,100.2,102.8,0.028,0.004,102.3,50.7,47.0,47.1,50.1,46.9,49.7,48.0,44.7,46.9,49.8,52.1,53.6,47.4,50.4,12872.0,238646.0,29.599600306287
2019-07-08,1919410.82,0.081,-0.001,553043.11,0.031,-0.0258,72689.25,0.045,0.0015,-0.3,100.2,102.8,0.028,0.004,102.3,50.7,47.0,47.1,50.1,46.9,49.7,48.0,44.7,46.9,49.8,52.1,53.6,47.4,50.4,12872.0,238646.0,29.599600306287
2019-07-09,1919410.82,0.081,-0.001,553043.11,0.031,-0.0258,72689.25,0.045,0.0015,-0.3,100.2,102.8,0.028,0.004,102.3,50.7,47.0,47.1,50.1,46.9,49.7,48.0,44.7,46.9,49.8,52.1,53.6,47.4,50.4,12872.0,238646.0,29.599600306287
2019-07-10,1919410.82,0.081,-0.001,553043.11,0.031,-0.0258,72689.25,0.045,0.0015,-0.3,100.2,102.8,0.028,0.004,102.3,50.7,47.0,47.1,50.1,46.9,49.7,48.0,44.7,46.9,49.8,52.1,53.6,47.4,50.4,12872.0,238646.0,29.599600306287
2019-07-11,1919410.82,0.081,-0.001,553043.11,0.031,-0.0258,72689.25,0.045,0.0015,-0.3,100.2,102.8,0.028,0.004,102.3,50.7,47.0,47.1,50.1,46.9,49.7,48.0,44.7,46.9,49.8,52.1,53.6,47.4,50.4,12872.0,238646.0,29.599600306287
2019-07-12,1919410.82,0.081,-0.001,553043.11,0.031,-0.0258,72689.25,0.045,0.0015,-0.3,100.2,102.8,0.028,0.004,102.3,50.7,47.0,47.1,50.1,46.9,49.7,48.0,44.7,46.9,49.8,52.1,53.6,47.4,50.4,12872.0,238646.0,29.599600306287
2019-07-15,1919410.82,0.081,-0.001,553043.11,0.031,-0.0258,72689.25,0.045,0.0015,-0.3,100.2,102.8,0.028,0.004,102.3,50.7,47.0,47.1,50.1,46.9,49.7,48.0,44.7,46.9,49.8,52.1,53.6,47.4,50.4,12872.0,238646.0,29.599600306287
2019-07-16,1919410.82,0.081,-0.001,553043.11,0.031,-0.0258,72689.25,0.045,0.0015,-0.3,100.2,102.8,0.028,0.004,102.3,50.7,47.0,47.1,50.1,46.9,49.7,48.0,44.7,46.9,49.8,52.1,53.6,47.4,50.4,12872.0,238646.0,29.599600306287
2019-07-17,1919410.82,0.081,-0.001,553043.11,0.031,-0.0258,72689.25,0.045,0.0015,-0.3,100.2,102.8,0.028,0.004,102.3,50.7,47.0,47.1,50.1,46.9,49.7,48.0,44.7,46.9,49.8,52.1,53.6,47.4,50.4,12872.0,238646.0,29.599600306287
2019-07-18,1919410.82,0.081,-0.001,553043.11,0.031,-0.0258,72689.25,0.045,0.0015,-0.3,100.2,102.8,0.028,0.004,102.3,50.7,47.0,47.1,50.1,46.9,49.7,48.0,44.7,46.9,49.8,52.1,53.6,47.4,50.4,12872.0,238646.0,29.599600306287
2019-07-19,1919410.82,0.081,-0.001,553043.11,0.031,-0.0258,72689.25,0.045,0.0015,-0.3,100.2,102.8,0.028,0.004,102.3,50.7,47.0,47.1,50.1,46.9,49.7,48.0,44.7,46.9,49.8,52.1,53.6,47.4,50.4,12872.0,238646.0,29.599600306287
2019-07-22,1919410.82,0.081,-0.001,553043.11,0.031,-0.0258,72689.25,0.045,0.0015,-0.3,100.2,102.8,0.028,0.004,102.3,50.7,47.0,47.1,50.1,46.9,49.7,48.0,44.7,46.9,49.8,52.1,53.6,47.4,50.4,12872.0,238646.0,29.599600306287
2019-07-23,1919410.82,0.081,-0.001,553043.11,0.031,-0.0258,72689.25,0.045,0.0015,-0.3,100.2,102.8,0.028,0.004,102.3,50.7,47.0,47.1,50.1,46.9,49.7,48.0,44.7,46.9,49.8,52.1,53.6,47.4,50.4,12872.0,238646.0,29.599600306287
2019-07-24,1919410.82,0.081,-0.001,553043.11,0.031,-0.0258,72689.25,0.045,0.0015,-0.3,100.2,102.8,0.028,0.004,102.3,50.7,47.0,47.1,50.1,46.9,49.7,48.0,44.7,46.9,49.8,52.1,53.6,47.4,50.4,12872.0,238646.0,29.599600306287
2019-07-25,1919410.82,0.081,-0.001,553043.11,0.031,-0.0258,72689.25,0.045,0.0015,-0.3,100.2,102.8,0.028,0.004,102.3,50.7,47.0,47.1,50.1,46.9,49.7,48.0,44.7,46.9,49.8,52.1,53.6,47.4,50.4,12872.0,238646.0,29.599600306287
2019-07-26,1919410.82,0.081,-0.001,553043.11,0.031,-0.0258,72689.25,0.045,0.0015,-0.3,100.2,102.8,0.028,0.004,102.3,50.7,47.0,47.1,50.1,46.9,49.7,48.0,44.7,46.9,49.8,52.1,53.6,47.4,50.4,12872.0,238646.0,29.599600306287
2019-07-29,1919410.82,0.081,-0.001,553043.11,0.031,-0.0258,72689.25,0.045,0.0015,-0.3,100.2,102.8,0.028,0.004,102.3,50.7,47.0,47.1,50.1,46.9,49.7,48.0,44.7,46.9,49.8,52.1,53.6,47.4,50.4,12872.0,238646.0,29.599600306287
2019-07-30,1919410.82,0.081,-0.001,553043.11,0.031,-0.0258,72689.25,0.045,0.0015,-0.3,100.2,102.8,0.028,0.004,102.3,50.7,47.0,47.1,50.1,46.9,49.7,48.0,44.7,46.9,49.8,52.1,53.6,47.4,50.4,12872.0,238646.0,29.599600306287
2019-07-31,1919410.82,0.081,-0.001,553043.11,0.031,-0.0258,72689.25,0.045,0.0015,-0.3,100.2,102.8,0.028,0.004,102.3,50.7,47.0,47.1,50.1,46.9,49.7,48.0,44.7,46.9,49.8,52.1,53.6,47.4,50.4,12872.0,238646.0,29.599600306287
2019-08-01,1935492.43,0.082,0.0084,556798.09,0.034,0.0068,73152.62,0.048,0.0064,-0.8,100.1,102.8,0.028,0.007,102.4,48.6,47.8,46.9,50.3,46.7,49.5,47.5,44.8,47.2,49.7,51.9,53.3,46.7,49.3,21956.0,241211.0,27.8704601960379
2019-08-02,1935492.43,0.082,0.0084,556798.09,0.034,0.0068,73152.62,0.048,0.0064,-0.8,100.1,102.8,0.028,0.007,102.4,48.6,47.8,46.9,50.3,46.7,49.5,47.5,44.8,47.2,49.7,51.9,53.3,46.7,49.3,21956.0,241211.0,27.8704601960379
2019-08-05,1935492.43,0.082,0.0084,556798.09,0.034,0.0068,73152.62,0.048,0.0064,-0.8,100.1,102.8,0.028,0.007,102.4,48.6,47.8,46.9,50.3,46.7,49.5,47.5,44.8,47.2,49.7,51.9,53.3,46.7,49.3,21956.0,241211.0,27.8704601960379
2019-08-06,1935492.43,0.082,0.0084,556798.09,0.034,0.0068,73152.62,0.048,0.0064,-0.8,100.1,102.8,0.028,0.007,102.4,48.6,47.8,46.9,50.3,46.7,49.5,47.5,44.8,47.2,49.7,51.9,53.3,46.7,49.3,21956.0,241211.0,27.8704601960379
2019-08-07,1935492.43,0.082,0.0084,556798.09,0.034,0.0068,73152.62,0.048,0.0064,-0.8,100.1,102.8,0.028,0.007,102.4,48.6,47.8,46.9,50.3,46.7,49.5,47.5,44.8,47.2,49.7,51.9,53.3,46.7,49.3,21956.0,241211.0,27.8704601960379
2019-08-08,1935492.43,0.082,0.0084,556798.09,0.034,0.0068,73152.62,0.048,0.0064,-0.8,100.1,102.8,0.028,0.007,102.4,48.6,47.8,46.9,50.3,46.7,49.5,47.5,44.8,47.2,49.7,51.9,53.3,46.7,49.3,21956.0,241211.0,27.8704601960379
2019-08-09,1935492.43,0.082,0.0084,556798.09,0.034,0.0068,73152.62,0.048,0.0064,-0.8,100.1,102.8,0.028,0.007,102.4,48.6,47.8,46.9,50.3,46.7,49.5,47.5,44.8,47.2,49.7,51.9,53.3,46.7,49.3,21956.0,241211.0,27.8704601960379
2019-08-12,1935492.43,0.082,0.0084,556798.09,0.034,0.0068,73152.62,0.048,0.0064,-0.8,100.1,102.8,0.028,0.007,102.4,48.6,47.8,46.9,50.3,46.7,49.5,47.5,44.8,47.2,49.7,51.9,53.3,46.7,49.3,21956.0,241211.0,27.8704601960379
2019-08-13,1935492.43,0.082,0.0084,556798.09,0.034,0.0068,73152.62,0.048,0.0064,-0.8,100.1,102.8,0.028,0.007,102.4,48.6,47.8,46.9,50.3,46.7,49.5,47.5,44.8,47.2,49.7,51.9,53.3,46.7,49.3,21956.0,241211.0,27.8704601960379
2019-08-14,1935492.43,0.082,0.0084,556798.09,0.034,0.0068,73152.62,0.048,0.0064,-0.8,100.1,102.8,0.028,0.007,102.4,48.6,47.8,46.9,50.3,46.7,49.5,47.5,44.8,47.2,49.7,51.9,53.3,46.7,49.3,21956.0,241211.0,27.8704601960379
2019-08-15,1935492.43,0.082,0.0084,556798.09,0.034,0.0068,73152.62,0.048,0.0064,-0.8,100.1,102.8,0.028,0.007,102.4,48.6,47.8,46.9,50.3,46.7,49.5,47.5,44.8,47.2,49.7,51.9,53.3,46.7,49.3,21956.0,241211.0,27.8704601960379
2019-08-16,1935492.43,0.082,0.0084,556798.09,0.034,0.0068,73152.62,0.048,0.0064,-0.8,100.1,102.8,0.028,0.007,102.4,48.6,47.8,46.9,50.3,46.7,49.5,47.5,44.8,47.2,49.7,51.9,53.3,46.7,49.3,21956.0,241211.0,27.8704601960379
2019-08-19,1935492.43,0.082,0.0084,556798.09,0.034,0.0068,73152.62,0.048,0.0064,-0.8,100.1,102.8,0.028,0.007,102.4,48.6,47.8,46.9,50.3,46.7,49.5,47.5,44.8,47.2,49.7,51.9,53.3,46.7,49.3,21956.0,241211.0,27.8704601960379
2019-08-20,1935492.43,0.082,0.0084,556798.09,0.034,0.0068,73152.62,0.048,0.0064,-0.8,100.1,102.8,0.028,0.007,102.4,48.6,47.8,46.9,50.3,46.7,49.5,47.5,44.8,47.2,49.7,51.9,53.3,46.7,49.3,21956.0,241211.0,27.8704601960379
2019-08-21,1935492.43,0.082,0.0084,556798.09,0.034,0.0068,73152.62,0.048,0.0064,-0.8,100.1,102.8,0.028,0.007,102.4,48.6,47.8,46.9,50.3,46.7,49.5,47.5,44.8,47.2,49.7,51.9,53.3,46.7,49.3,21956.0,241211.0,27.8704601960379
2019-08-22,1935492.43,0.082,0.0084,556798.09,0.034,0.0068,73152.62,0.048,0.0064,-0.8,100.1,102.8,0.028,0.007,102.4,48.6,47.8,46.9,50.3,46.7,49.5,47.5,44.8,47.2,49.7,51.9,53.3,46.7,49.3,21956.0,241211.0,27.8704601960379
2019-08-23,1935492.43,0.082,0.0084,556798.09,0.034,0.0068,73152.62,0.048,0.0064,-0.8,100.1,102.8,0.028,0.007,102.4,48.6,47.8,46.9,50.3,46.7,49.5,47.5,44.8,47.2,49.7,51.9,53.3,46.7,49.3,21956.0,241211.0,27.8704601960379
2019-08-26,1935492.43,0.082,0.0084,556798.09,0.034,0.0068,73152.62,0.048,0.0064,-0.8,100.1,102.8,0.028,0.007,102.4,48.6,47.8,46.9,50.3,46.7,49.5,47.5,44.8,47.2,49.7,51.9,53.3,46.7,49.3,21956.0,241211.0,27.8704601960379
2019-08-27,1935492.43,0.082,0.0084,556798.09,0.034,0.0068,73152.62,0.048,0.0064,-0.8,100.1,102.8,0.028,0.007,102.4,48.6,47.8,46.9,50.3,46.7,49.5,47.5,44.8,47.2,49.7,51.9,53.3,46.7,49.3,21956.0,241211.0,27.8704601960379
2019-08-28,1935492.43,0.082,0.0084,556798.09,0.034,0.0068,73152.62,0.048,0.0064,-0.8,100.1,102.8,0.028,0.007,102.4,48.6,47.8,46.9,50.3,46.7,49.5,47.5,44.8,47.2,49.7,51.9,53.3,46.7,49.3,21956.0,241211.0,27.8704601960379
2019-08-29,1935492.43,0.082,0.0084,556798.09,0.034,0.0068,73152.62,0.048,0.0064,-0.8,100.1,102.8,0.028,0.007,102.4,48.6,47.8,46.9,50.3,46.7,49.5,47.5,44.8,47.2,49.7,51.9,53.3,46.7,49.3,21956.0,241211.0,27.8704601960379
2019-08-30,1935492.43,0.082,0.0084,556798.09,0.034,0.0068,73152.62,0.048,0.0064,-0.8,100.1,102.8,0.028,0.007,102.4,48.6,47.8,46.9,50.3,46.7,49.5,47.5,44.8,47.2,49.7,51.9,53.3,46.7,49.3,21956.0,241211.0,27.8704601960379
2019-09-02,1952250.49,0.084,0.0087,557137.95,0.034,0.0006,74129.75,0.04,0.0134,-1.2,100.0,103.0,0.03,0.009,102.5,52.2,47.1,47.0,50.5,49.9,49.8,47.6,44.7,48.2,50.5,52.3,54.4,47.1,50.4,25142.0,244662.0,27.4327709864422
2019-09-03,1952250.49,0.084,0.0087,557137.95,0.034,0.0006,74129.75,0.04,0.0134,-1.2,100.0,103.0,0.03,0.009,102.5,52.2,47.1,47.0,50.5,49.9,49.8,47.6,44.7,48.2,50.5,52.3,54.4,47.1,50.4,25142.0,244662.0,27.4327709864422
2019-09-04,1952250.49,0.084,0.0087,557137.95,0.034,0.0006,74129.75,0.04,0.0134,-1.2,100.0,103.0,0.03,0.009,102.5,52.2,47.1,47.0,50.5,49.9,49.8,47.6,44.7,48.2,50.5,52.3,54.4,47.1,50.4,25142.0,244662.0,27.4327709864422
2019-09-05,1952250.49,0.084,0.0087,557137.95,0.034,0.0006,74129.75,0.04,0.0134,-1.2,100.0,103.0,0.03,0.009,102.5,52.2,47.1,47.0,50.5,49.9,49.8,47.6,44.7,48.2,50.5,52.3,54.4,47.1,50.4,25142.0,244662.0,27.4327709864422
2019-09-06,1952250.49,0.084,0.0087,557137.95,0.034,0.0006,74129.75,0.04,0.0134,-1.2,100.0,103.0,0.03,0.009,102.5,52.2,47.1,47.0,50.5,49.9,49.8,47.6,44.7,48.2,50.5,52.3,54.4,47.1,50.4,25142.0,244662.0,27.4327709864422
2019-09-09,1952250.49,0.084,0.0087,557137.95,0.034,0.0006,74129.75,0.04,0.0134,-1.2,100.0,103.0,0.03,0.009,102.5,52.2,47.1,47.0,50.5,49.9,49.8,47.6,44.7,48.2,50.5,52.3,54.4,47.1,50.4,25142.0,244662.0,27.4327709864422
2019-09-10,1952250.49,0.084,0.0087,557137.95,0.034,0.0006,74129.75,0.04,0.0134,-1.2,100.0,103.0,0.03,0.009,102.5,52.2,47.1,47.0,50.5,49.9,49.8,47.6,44.7,48.2,50.5,52.3,54.4,47.1,50.4,25142.0,244662.0,27.4327709864422
2019-09-11,1952250.49,0.084,0.0087,557137.95,0.034,0.0006,74129.75,0.04,0.0134,-1.2,100.0,103.0,0.03,0.009,102.5,52.2,47.1,47.0,50.5,49.9,49.8,47.6,44.7,48.2,50.5,52.3,54.4,47.1,50.4,25142.0,244662.0,27.4327709864422
2019-09-12,1952250.49,0.084,0.0087,557137.95,0.034,0.0006,74129.75,0.04,0.0134,-1.2,100.0,103.0,0.03,0.009,102.5,52.2,47.1,47.0,50.5,49.9,49.8,47.6,44.7,48.2,50.5,52.3,54.4,47.1,50.4,25142.0,244662.0,27.4327709864422
2019-09-16,1952250.49,0.084,0.0087,557137.95,0.034,0.0006,74129.75,0.04,0.0134,-1.2,100.0,103.0,0.03,0.009,102.5,52.2,47.1,47.0,50.5,49.9,49.8,47.6,44.7,48.2,50.5,52.3,54.4,47.1,50.4,25142.0,244662.0,27.4327709864422
2019-09-17,1952250.49,0.084,0.0087,557137.95,0.034,0.0006,74129.75,0.04,0.0134,-1.2,100.0,103.0,0.03,0.009,102.5,52.2,47.1,47.0,50.5,49.9,49.8,47.6,44.7,48.2,50.5,52.3,54.4,47.1,50.4,25142.0,244662.0,27.4327709864422
2019-09-18,1952250.49,0.084,0.0087,557137.95,0.034,0.0006,74129.75,0.04,0.0134,-1.2,100.0,103.0,0.03,0.009,102.5,52.2,47.1,47.0,50.5,49.9,49.8,47.6,44.7,48.2,50.5,52.3,54.4,47.1,50.4,25142.0,244662.0,27.4327709864422
2019-09-19,1952250.49,0.084,0.0087,557137.95,0.034,0.0006,74129.75,0.04,0.0134,-1.2,100.0,103.0,0.03,0.009,102.5,52.2,47.1,47.0,50.5,49.9,49.8,47.6,44.7,48.2,50.5,52.3,54.4,47.1,50.4,25142.0,244662.0,27.4327709864422
2019-09-20,1952250.49,0.084,0.0087,557137.95,0.034,0.0006,74129.75,0.04,0.0134,-1.2,100.0,103.0,0.03,0.009,102.5,52.2,47.1,47.0,50.5,49.9,49.8,47.6,44.7,48.2,50.5,52.3,54.4,47.1,50.4,25142.0,244662.0,27.4327709864422
2019-09-23,1952250.49,0.084,0.0087,557137.95,0.034,0.0006,74129.75,0.04,0.0134,-1.2,100.0,103.0,0.03,0.009,102.5,52.2,47.1,47.0,50.5,49.9,49.8,47.6,44.7,48.2,50.5,52.3,54.4,47.1,50.4,25142.0,244662.0,27.4327709864422
2019-09-24,1952250.49,0.084,0.0087,557137.95,0.034,0.0006,74129.75,0.04,0.0134,-1.2,100.0,103.0,0.03,0.009,102.5,52.2,47.1,47.0,50.5,49.9,49.8,47.6,44.7,48.2,50.5,52.3,54.4,47.1,50.4,25142.0,244662.0,27.4327709864422
2019-09-25,1952250.49,0.084,0.0087,557137.95,0.034,0.0006,74129.75,0.04,0.0134,-1.2,100.0,103.0,0.03,0.009,102.5,52.2,47.1,47.0,50.5,49.9,49.8,47.6,44.7,48.2,50.5,52.3,54.4,47.1,50.4,25142.0,244662.0,27.4327709864422
2019-09-26,1952250.49,0.084,0.0087,557137.95,0.034,0.0006,74129.75,0.04,0.0134,-1.2,100.0,103.0,0.03,0.009,102.5,52.2,47.1,47.0,50.5,49.9,49.8,47.6,44.7,48.2,50.5,52.3,54.4,47.1,50.4,25142.0,244662.0,27.4327709864422
2019-09-27,1952250.49,0.084,0.0087,557137.95,0.034,0.0006,74129.75,0.04,0.0134,-1.2,100.0,103.0,0.03,0.009,102.5,52.2,47.1,47.0,50.5,49.9,49.8,47.6,44.7,48.2,50.5,52.3,54.4,47.1,50.4,25142.0,244662.0,27.4327709864422
2019-09-30,1952250.49,0.084,0.0087,557137.95,0.034,0.0006,74129.75,0.04,0.0134,-1.2,100.0,103.0,0.03,0.009,102.5,52.2,47.1,47.0,50.5,49.9,49.8,47.6,44.7,48.2,50.5,52.3,54.4,47.1,50.4,25142.0,244662.0,27.4327709864422
2019-10-08,1945600.55,0.084,-0.0034,558143.92,0.033,0.0018,73395.4,0.047,-0.0099,-1.6,99.8,103.8,0.038,0.009,102.6,50.4,46.7,47.3,50.1,48.0,49.3,47.4,44.9,47.0,49.6,50.8,54.2,46.9,49.8,8680.0,245922.0,30.0789184157075
2019-10-09,1945600.55,0.084,-0.0034,558143.92,0.033,0.0018,73395.4,0.047,-0.0099,-1.6,99.8,103.8,0.038,0.009,102.6,50.4,46.7,47.3,50.1,48.0,49.3,47.4,44.9,47.0,49.6,50.8,54.2,46.9,49.8,8680.0,245922.0,30.0789184157075
2019-10-10,1945600.55,0.084,-0.0034,558143.92,0.033,0.0018,73395.4,0.047,-0.0099,-1.6,99.8,103.8,0.038,0.009,102.6,50.4,46.7,47.3,50.1,48.0,49.3,47.4,44.9,47.0,49.6,50.8,54.2,46.9,49.8,8680.0,245922.0,30.0789184157075
2019-10-11,1945600.55,0.084,-0.0034,558143.92,0.033,0.0018,73395.4,0.047,-0.0099,-1.6,99.8,103.8,0.038,0.009,102.6,50.4,46.7,47.3,50.1,48.0,49.3,47.4,44.9,47.0,49.6,50.8,54.2,46.9,49.8,8680.0,245922.0,30.0789184157075
2019-10-14,1945600.55,0.084,-0.0034,558143.92,0.033,0.0018,73395.4,0.047,-0.0099,-1.6,99.8,103.8,0.038,0.009,102.6,50.4,46.7,47.3,50.1,48.0,49.3,47.4,44.9,47.0,49.6,50.8,54.2,46.9,49.8,8680.0,245922.0,30.0789184157075
2019-10-15,1945600.55,0.084,-0.0034,558143.92,0.033,0.0018,73395.4,0.047,-0.0099,-1.6,99.8,103.8,0.038,0.009,102.6,50.4,46.7,47.3,50.1,48.0,49.3,47.4,44.9,47.0,49.6,50.8,54.2,46.9,49.8,8680.0,245922.0,30.0789184157075
2019-10-16,1945600.55,0.084,-0.0034,558143.92,0.033,0.0018,73395.4,0.047,-0.0099,-1.6,99.8,103.8,0.038,0.009,102.6,50.4,46.7,47.3,50.1,48.0,49.3,47.4,44.9,47.0,49.6,50.8,54.2,46.9,49.8,8680.0,245922.0,30.0789184157075
2019-10-17,1945600.55,0.084,-0.0034,558143.92,0.033,0.0018,73395.4,0.047,-0.0099,-1.6,99.8,103.8,0.038,0.009,102.6,50.4,46.7,47.3,50.1,48.0,49.3,47.4,44.9,47.0,49.6,50.8,54.2,46.9,49.8,8680.0,245922.0,30.0789184157075
2019-10-18,1945600.55,0.084,-0.0034,558143.92,0.033,0.0018,73395.4,0.047,-0.0099,-1.6,99.8,103.8,0.038,0.009,102.6,50.4,46.7,47.3,50.1,48.0,49.3,47.4,44.9,47.0,49.6,50.8,54.2,46.9,49.8,8680.0,245922.0,30.0789184157075
2019-10-21,1945600.55,0.084,-0.0034,558143.92,0.033,0.0018,73395.4,0.047,-0.0099,-1.6,99.8,103.8,0.038,0.009,102.6,50.4,46.7,47.3,50.1,48.0,49.3,47.4,44.9,47.0,49.6,50.8,54.2,46.9,49.8,8680.0,245922.0,30.0789184157075
2019-10-22,1945600.55,0.084,-0.0034,558143.92,0.033,0.0018,73395.4,0.047,-0.0099,-1.6,99.8,103.8,0.038,0.009,102.6,50.4,46.7,47.3,50.1,48.0,49.3,47.4,44.9,47.0,49.6,50.8,54.2,46.9,49.8,8680.0,245922.0,30.0789184157075
2019-10-23,1945600.55,0.084,-0.0034,558143.92,0.033,0.0018,73395.4,0.047,-0.0099,-1.6,99.8,103.8,0.038,0.009,102.6,50.4,46.7,47.3,50.1,48.0,49.3,47.4,44.9,47.0,49.6,50.8,54.2,46.9,49.8,8680.0,245922.0,30.0789184157075
2019-10-24,1945600.55,0.084,-0.0034,558143.92,0.033,0.0018,73395.4,0.047,-0.0099,-1.6,99.8,103.8,0.038,0.009,102.6,50.4,46.7,47.3,50.1,48.0,49.3,47.4,44.9,47.0,49.6,50.8,54.2,46.9,49.8,8680.0,245922.0,30.0789184157075
2019-10-25,1945600.55,0.084,-0.0034,558143.92,0.033,0.0018,73395.4,0.047,-0.0099,-1.6,99.8,103.8,0.038,0.009,102.6,50.4,46.7,47.3,50.1,48.0,49.3,47.4,44.9,47.0,49.6,50.8,54.2,46.9,49.8,8680.0,245922.0,30.0789184157075
2019-10-28,1945600.55,0.084,-0.0034,558143.92,0.033,0.0018,73395.4,0.047,-0.0099,-1.6,99.8,103.8,0.038,0.009,102.6,50.4,46.7,47.3,50.1,48.0,49.3,47.4,44.9,47.0,49.6,50.8,54.2,46.9,49.8,8680.0,245922.0,30.0789184157075
2019-10-29,1945600.55,0.084,-0.0034,558143.92,0.033,0.0018,73395.4,0.047,-0.0099,-1.6,99.8,103.8,0.038,0.009,102.6,50.4,46.7,47.3,50.1,48.0,49.3,47.4,44.9,47.0,49.6,50.8,54.2,46.9,49.8,8680.0,245922.0,30.0789184157075
2019-10-30,1945600.55,0.084,-0.0034,558143.92,0.033,0.0018,73395.4,0.047,-0.0099,-1.6,99.8,103.8,0.038,0.009,102.6,50.4,46.7,47.3,50.1,48.0,49.3,47.4,44.9,47.0,49.6,50.8,54.2,46.9,49.8,8680.0,245922.0,30.0789184157075
2019-10-31,1945600.55,0.084,-0.0034,558143.92,0.033,0.0018,73395.4,0.047,-0.0099,-1.6,99.8,103.8,0.038,0.009,102.6,50.4,46.7,47.3,50.1,48.0,49.3,47.4,44.9,47.0,49.6,50.8,54.2,46.9,49.8,8680.0,245922.0,30.0789184157075
2019-11-01,1961429.56,0.082,0.0081,562486.52,0.035,0.0078,73973.82,0.048,0.0079,-1.4,99.7,104.5,0.045,0.004,102.8,49.0,46.4,47.3,50.5,47.3,50.2,47.8,44.9,48.8,51.3,52.6,54.9,49.8,51.0,19937.0,250620.0,33.1901980687368
2019-11-04,1961429.56,0.082,0.0081,562486.52,0.035,0.0078,73973.82,0.048,0.0079,-1.4,99.7,104.5,0.045,0.004,102.8,49.0,46.4,47.3,50.5,47.3,50.2,47.8,44.9,48.8,51.3,52.6,54.9,49.8,51.0,19937.0,250620.0,33.1901980687368
2019-11-05,1961429.56,0.082,0.0081,562486.52,0.035,0.0078,73973.82,0.048,0.0079,-1.4,99.7,104.5,0.045,0.004,102.8,49.0,46.4,47.3,50.5,47.3,50.2,47.8,44.9,48.8,51.3,52.6,54.9,49.8,51.0,19937.0,250620.0,33.1901980687368
2019-11-06,1961429.56,0.082,0.0081,562486.52,0.035,0.0078,73973.82,0.048,0.0079,-1.4,99.7,104.5,0.045,0.004,102.8,49.0,46.4,47.3,50.5,47.3,50.2,47.8,44.9,48.8,51.3,52.6,54.9,49.8,51.0,19937.0,250620.0,33.1901980687368
2019-11-07,1961429.56,0.082,0.0081,562486.52,0.035,0.0078,73973.82,0.048,0.0079,-1.4,99.7,104.5,0.045,0.004,102.8,49.0,46.4,47.3,50.5,47.3,50.2,47.8,44.9,48.8,51.3,52.6,54.9,49.8,51.0,19937.0,250620.0,33.1901980687368
2019-11-08,1961429.56,0.082,0.0081,562486.52,0.035,0.0078,73973.82,0.048,0.0079,-1.4,99.7,104.5,0.045,0.004,102.8,49.0,46.4,47.3,50.5,47.3,50.2,47.8,44.9,48.8,51.3,52.6,54.9,49.8,51.0,19937.0,250620.0,33.1901980687368
2019-11-11,1961429.56,0.082,0.0081,562486.52,0.035,0.0078,73973.82,0.048,0.0079,-1.4,99.7,104.5,0.045,0.004,102.8,49.0,46.4,47.3,50.5,47.3,50.2,47.8,44.9,48.8,51.3,52.6,54.9,49.8,51.0,19937.0,250620.0,33.1901980687368
2019-11-12,1961429.56,0.082,0.0081,562486.52,0.035,0.0078,73973.82,0.048,0.0079,-1.4,99.7,104.5,0.045,0.004,102.8,49.0,46.4,47.3,50.5,47.3,50.2,47.8,44.9,48.8,51.3,52.6,54.9,49.8,51.0,19937.0,250620.0,33.1901980687368
2019-11-13,1961429.56,0.082,0.0081,562486.52,0.035,0.0078,73973.82,0.048,0.0079,-1.4,99.7,104.5,0.045,0.004,102.8,49.0,46.4,47.3,50.5,47.3,50.2,47.8,44.9,48.8,51.3,52.6,54.9,49.8,51.0,19937.0,250620.0,33.1901980687368
2019-11-14,1961429.56,0.082,0.0081,562486.52,0.035,0.0078,73973.82,0.048,0.0079,-1.4,99.7,104.5,0.045,0.004,102.8,49.0,46.4,47.3,50.5,47.3,50.2,47.8,44.9,48.8,51.3,52.6,54.9,49.8,51.0,19937.0,250620.0,33.1901980687368
2019-11-15,1961429.56,0.082,0.0081,562486.52,0.035,0.0078,73973.82,0.048,0.0079,-1.4,99.7,104.5,0.045,0.004,102.8,49.0,46.4,47.3,50.5,47.3,50.2,47.8,44.9,48.8,51.3,52.6,54.9,49.8,51.0,19937.0,250620.0,33.1901980687368
2019-11-18,1961429.56,0.082,0.0081,562486.52,0.035,0.0078,73973.82,0.048,0.0079,-1.4,99.7,104.5,0.045,0.004,102.8,49.0,46.4,47.3,50.5,47.3,50.2,47.8,44.9,48.8,51.3,52.6,54.9,49.8,51.0,19937.0,250620.0,33.1901980687368
2019-11-19,1961429.56,0.082,0.0081,562486.52,0.035,0.0078,73973.82,0.048,0.0079,-1.4,99.7,104.5,0.045,0.004,102.8,49.0,46.4,47.3,50.5,47.3,50.2,47.8,44.9,48.8,51.3,52.6,54.9,49.8,51.0,19937.0,250620.0,33.1901980687368
2019-11-20,1961429.56,0.082,0.0081,562486.52,0.035,0.0078,73973.82,0.048,0.0079,-1.4,99.7,104.5,0.045,0.004,102.8,49.0,46.4,47.3,50.5,47.3,50.2,47.8,44.9,48.8,51.3,52.6,54.9,49.8,51.0,19937.0,250620.0,33.1901980687368
2019-11-21,1961429.56,0.082,0.0081,562486.52,0.035,0.0078,73973.82,0.048,0.0079,-1.4,99.7,104.5,0.045,0.004,102.8,49.0,46.4,47.3,50.5,47.3,50.2,47.8,44.9,48.8,51.3,52.6,54.9,49.8,51.0,19937.0,250620.0,33.1901980687368
2019-11-22,1961429.56,0.082,0.0081,562486.52,0.035,0.0078,73973.82,0.048,0.0079,-1.4,99.7,104.5,0.045,0.004,102.8,49.0,46.4,47.3,50.5,47.3,50.2,47.8,44.9,48.8,51.3,52.6,54.9,49.8,51.0,19937.0,250620.0,33.1901980687368
2019-11-25,1961429.56,0.082,0.0081,562486.52,0.035,0.0078,73973.82,0.048,0.0079,-1.4,99.7,104.5,0.045,0.004,102.8,49.0,46.4,47.3,50.5,47.3,50.2,47.8,44.9,48.8,51.3,52.6,54.9,49.8,51.0,19937.0,250620.0,33.1901980687368
2019-11-26,1961429.56,0.082,0.0081,562486.52,0.035,0.0078,73973.82,0.048,0.0079,-1.4,99.7,104.5,0.045,0.004,102.8,49.0,46.4,47.3,50.5,47.3,50.2,47.8,44.9,48.8,51.3,52.6,54.9,49.8,51.0,19937.0,250620.0,33.1901980687368
2019-11-27,1961429.56,0.082,0.0081,562486.52,0.035,0.0078,73973.82,0.048,0.0079,-1.4,99.7,104.5,0.045,0.004,102.8,49.0,46.4,47.3,50.5,47.3,50.2,47.8,44.9,48.8,51.3,52.6,54.9,49.8,51.0,19937.0,250620.0,33.1901980687368
2019-11-28,1961429.56,0.082,0.0081,562486.52,0.035,0.0078,73973.82,0.048,0.0079,-1.4,99.7,104.5,0.045,0.004,102.8,49.0,46.4,47.3,50.5,47.3,50.2,47.8,44.9,48.8,51.3,52.6,54.9,49.8,51.0,19937.0,250620.0,33.1901980687368
2019-11-29,1961429.56,0.082,0.0081,562486.52,0.035,0.0078,73973.82,0.048,0.0079,-1.4,99.7,104.5,0.045,0.004,102.8,49.0,46.4,47.3,50.5,47.3,50.2,47.8,44.9,48.8,51.3,52.6,54.9,49.8,51.0,19937.0,250620.0,33.1901980687368
2019-12-02,1986488.82,0.087,0.0128,576009.15,0.044,0.024,77189.47,0.054,0.0435,-0.5,99.7,104.5,0.045,0.0,102.9,51.8,45.6,47.3,51.1,49.2,50.2,47.2,45.0,50.3,51.2,53.2,54.4,49.9,51.3,22013.0,256735.0,33.3106592447971
2019-12-03,1986488.82,0.087,0.0128,576009.15,0.044,0.024,77189.47,0.054,0.0435,-0.5,99.7,104.5,0.045,0.0,102.9,51.8,45.6,47.3,51.1,49.2,50.2,47.2,45.0,50.3,51.2,53.2,54.4,49.9,51.3,22013.0,256735.0,33.3106592447971
2019-12-04,1986488.82,0.087,0.0128,576009.15,0.044,0.024,77189.47,0.054,0.0435,-0.5,99.7,104.5,0.045,0.0,102.9,51.8,45.6,47.3,51.1,49.2,50.2,47.2,45.0,50.3,51.2,53.2,54.4,49.9,51.3,22013.0,256735.0,33.3106592447971
2019-12-05,1986488.82,0.087,0.0128,576009.15,0.044,0.024,77189.47,0.054,0.0435,-0.5,99.7,104.5,0.045,0.0,102.9,51.8,45.6,47.3,51.1,49.2,50.2,47.2,45.0,50.3,51.2,53.2,54.4,49.9,51.3,22013.0,256735.0,33.3106592447971
2019-12-06,1986488.82,0.087,0.0128,576009.15,0.044,0.024,77189.47,0.054,0.0435,-0.5,99.7,104.5,0.045,0.0,102.9,51.8,45.6,47.3,51.1,49.2,50.2,47.2,45.0,50.3,51.2,53.2,54.4,49.9,51.3,22013.0,256735.0,33.3106592447971
2019-12-09,1986488.82,0.087,0.0128,576009.15,0.044,0.024,77189.47,0.054,0.0435,-0.5,99.7,104.5,0.045,0.0,102.9,51.8,45.6,47.3,51.1,49.2,50.2,47.2,45.0,50.3,51.2,53.2,54.4,49.9,51.3,22013.0,256735.0,33.3106592447971
2019-12-10,1986488.82,0.087,0.0128,576009.15,0.044,0.024,77189.47,0.054,0.0435,-0.5,99.7,104.5,0.045,0.0,102.9,51.8,45.6,47.3,51.1,49.2,50.2,47.2,45.0,50.3,51.2,53.2,54.4,49.9,51.3,22013.0,256735.0,33.3106592447971
2019-12-11,1986488.82,0.087,0.0128,576009.15,0.044,0.024,77189.47,0.054,0.0435,-0.5,99.7,104.5,0.045,0.0,102.9,51.8,45.6,47.3,51.1,49.2,50.2,47.2,45.0,50.3,51.2,53.2,54.4,49.9,51.3,22013.0,256735.0,33.3106592447971
2019-12-12,1986488.82,0.087,0.0128,576009.15,0.044,0.024,77189.47,0.054,0.0435,-0.5,99.7,104.5,0.045,0.0,102.9,51.8,45.6,47.3,51.1,49.2,50.2,47.2,45.0,50.3,51.2,53.2,54.4,49.9,51.3,22013.0,256735.0,33.3106592447971
2019-12-13,1986488.82,0.087,0.0128,576009.15,0.044,0.024,77189.47,0.054,0.0435,-0.5,99.7,104.5,0.045,0.0,102.9,51.8,45.6,47.3,51.1,49.2,50.2,47.2,45.0,50.3,51.2,53.2,54.4,49.9,51.3,22013.0,256735.0,33.3106592447971
2019-12-16,1986488.82,0.087,0.0128,576009.15,0.044,0.024,77189.47,0.054,0.0435,-0.5,99.7,104.5,0.045,0.0,102.9,51.8,45.6,47.3,51.1,49.2,50.2,47.2,45.0,50.3,51.2,53.2,54.4,49.9,51.3,22013.0,256735.0,33.3106592447971
2019-12-17,1986488.82,0.087,0.0128,576009.15,0.044,0.024,77189.47,0.054,0.0435,-0.5,99.7,104.5,0.045,0.0,102.9,51.8,45.6,47.3,51.1,49.2,50.2,47.2,45.0,50.3,51.2,53.2,54.4,49.9,51.3,22013.0,256735.0,33.3106592447971
2019-12-18,1986488.82,0.087,0.0128,576009.15,0.044,0.024,77189.47,0.054,0.0435,-0.5,99.7,104.5,0.045,0.0,102.9,51.8,45.6,47.3,51.1,49.2,50.2,47.2,45.0,50.3,51.2,53.2,54.4,49.9,51.3,22013.0,256735.0,33.3106592447971
2019-12-19,1986488.82,0.087,0.0128,576009.15,0.044,0.024,77189.47,0.054,0.0435,-0.5,99.7,104.5,0.045,0.0,102.9,51.8,45.6,47.3,51.1,49.2,50.2,47.2,45.0,50.3,51.2,53.2,54.4,49.9,51.3,22013.0,256735.0,33.3106592447971
2019-12-20,1986488.82,0.087,0.0128,576009.15,0.044,0.024,77189.47,0.054,0.0435,-0.5,99.7,104.5,0.045,0.0,102.9,51.8,45.6,47.3,51.1,49.2,50.2,47.2,45.0,50.3,51.2,53.2,54.4,49.9,51.3,22013.0,256735.0,33.3106592447971
2019-12-23,1986488.82,0.087,0.0128,576009.15,0.044,0.024,77189.47,0.054,0.0435,-0.5,99.7,104.5,0.045,0.0,102.9,51.8,45.6,47.3,51.1,49.2,50.2,47.2,45.0,50.3,51.2,53.2,54.4,49.9,51.3,22013.0,256735.0,33.3106592447971
2019-12-24,1986488.82,0.087,0.0128,576009.15,0.044,0.024,77189.47,0.054,0.0435,-0.5,99.7,104.5,0.045,0.0,102.9,51.8,45.6,47.3,51.1,49.2,50.2,47.2,45.0,50.3,51.2,53.2,54.4,49.9,51.3,22013.0,256735.0,33.3106592447971
2019-12-25,1986488.82,0.087,0.0128,576009.15,0.044,0.024,77189.47,0.054,0.0435,-0.5,99.7,104.5,0.045,0.0,102.9,51.8,45.6,47.3,51.1,49.2,50.2,47.2,45.0,50.3,51.2,53.2,54.4,49.9,51.3,22013.0,256735.0,33.3106592447971
2019-12-26,1986488.82,0.087,0.0128,576009.15,0.044,0.024,77189.47,0.054,0.0435,-0.5,99.7,104.5,0.045,0.0,102.9,51.8,45.6,47.3,51.1,49.2,50.2,47.2,45.0,50.3,51.2,53.2,54.4,49.9,51.3,22013.0,256735.0,33.3106592447971
2019-12-27,1986488.82,0.087,0.0128,576009.15,0.044,0.024,77189.47,0.054,0.0435,-0.5,99.7,104.5,0.045,0.0,102.9,51.8,45.6,47.3,51.1,49.2,50.2,47.2,45.0,50.3,51.2,53.2,54.4,49.9,51.3,22013.0,256735.0,33.3106592447971
2019-12-30,1986488.82,0.087,0.0128,576009.15,0.044,0.024,77189.47,0.054,0.0435,-0.5,99.7,104.5,0.045,0.0,102.9,51.8,45.6,47.3,51.1,49.2,50.2,47.2,45.0,50.3,51.2,53.2,54.4,49.9,51.3,22013.0,256735.0,33.3106592447971
2019-12-31,1986488.82,0.087,0.0128,576009.15,0.044,0.024,77189.47,0.054,0.0435,-0.5,99.7,104.5,0.045,0.0,102.9,51.8,45.6,47.3,51.1,49.2,50.2,47.2,45.0,50.3,51.2,53.2,54.4,49.9,51.3,22013.0,256735.0,33.3106592447971
2020-01-02,2023066.49,0.084,0.0184,545531.79,0.0,-0.0529,93249.16,0.066,0.2081,0.1,100.1,105.4,0.054,0.014,105.4,53.8,46.0,47.5,49.9,49.0,50.0,47.1,46.3,48.7,51.4,51.3,57.9,49.0,51.6,50535.0,260479.0,24.8808622028746
2020-01-03,2023066.49,0.084,0.0184,545531.79,0.0,-0.0529,93249.16,0.066,0.2081,0.1,100.1,105.4,0.054,0.014,105.4,53.8,46.0,47.5,49.9,49.0,50.0,47.1,46.3,48.7,51.4,51.3,57.9,49.0,51.6,50535.0,260479.0,24.8808622028746
2020-01-06,2023066.49,0.084,0.0184,545531.79,0.0,-0.0529,93249.16,0.066,0.2081,0.1,100.1,105.4,0.054,0.014,105.4,53.8,46.0,47.5,49.9,49.0,50.0,47.1,46.3,48.7,51.4,51.3,57.9,49.0,51.6,50535.0,260479.0,24.8808622028746
2020-01-07,2023066.49,0.084,0.0184,545531.79,0.0,-0.0529,93249.16,0.066,0.2081,0.1,100.1,105.4,0.054,0.014,105.4,53.8,46.0,47.5,49.9,49.0,50.0,47.1,46.3,48.7,51.4,51.3,57.9,49.0,51.6,50535.0,260479.0,24.8808622028746
2020-01-08,2023066.49,0.084,0.0184,545531.79,0.0,-0.0529,93249.16,0.066,0.2081,0.1,100.1,105.4,0.054,0.014,105.4,53.8,46.0,47.5,49.9,49.0,50.0,47.1,46.3,48.7,51.4,51.3,57.9,49.0,51.6,50535.0,260479.0,24.8808622028746
2020-01-09,2023066.49,0.084,0.0184,545531.79,0.0,-0.0529,93249.16,0.066,0.2081,0.1,100.1,105.4,0.054,0.014,105.4,53.8,46.0,47.5,49.9,49.0,50.0,47.1,46.3,48.7,51.4,51.3,57.9,49.0,51.6,50535.0,260479.0,24.8808622028746
2020-01-10,2023066.49,0.084,0.0184,545531.79,0.0,-0.0529,93249.16,0.066,0.2081,0.1,100.1,105.4,0.054,0.014,105.4,53.8,46.0,47.5,49.9,49.0,50.0,47.1,46.3,48.7,51.4,51.3,57.9,49.0,51.6,50535.0,260479.0,24.8808622028746
2020-01-13,2023066.49,0.084,0.0184,545531.79,0.0,-0.0529,93249.16,0.066,0.2081,0.1,100.1,105.4,0.054,0.014,105.4,53.8,46.0,47.5,49.9,49.0,50.0,47.1,46.3,48.7,51.4,51.3,57.9,49.0,51.6,50535.0,260479.0,24.8808622028746
2020-01-14,2023066.49,0.084,0.0184,545531.79,0.0,-0.0529,93249.16,0.066,0.2081,0.1,100.1,105.4,0.054,0.014,105.4,53.8,46.0,47.5,49.9,49.0,50.0,47.1,46.3,48.7,51.4,51.3,57.9,49.0,51.6,50535.0,260479.0,24.8808622028746
2020-01-15,2023066.49,0.084,0.0184,545531.79,0.0,-0.0529,93249.16,0.066,0.2081,0.1,100.1,105.4,0.054,0.014,105.4,53.8,46.0,47.5,49.9,49.0,50.0,47.1,46.3,48.7,51.4,51.3,57.9,49.0,51.6,50535.0,260479.0,24.8808622028746
2020-01-16,2023066.49,0.084,0.0184,545531.79,0.0,-0.0529,93249.16,0.066,0.2081,0.1,100.1,105.4,0.054,0.014,105.4,53.8,46.0,47.5,49.9,49.0,50.0,47.1,46.3,48.7,51.4,51.3,57.9,49.0,51.6,50535.0,260479.0,24.8808622028746
2020-01-17,2023066.49,0.084,0.0184,545531.79,0.0,-0.0529,93249.16,0.066,0.2081,0.1,100.1,105.4,0.054,0.014,105.4,53.8,46.0,47.5,49.9,49.0,50.0,47.1,46.3,48.7,51.4,51.3,57.9,49.0,51.6,50535.0,260479.0,24.8808622028746
2020-01-20,2023066.49,0.084,0.0184,545531.79,0.0,-0.0529,93249.16,0.066,0.2081,0.1,100.1,105.4,0.054,0.014,105.4,53.8,46.0,47.5,49.9,49.0,50.0,47.1,46.3,48.7,51.4,51.3,57.9,49.0,51.6,50535.0,260479.0,24.8808622028746
2020-01-21,2023066.49,0.084,0.0184,545531.79,0.0,-0.0529,93249.16,0.066,0.2081,0.1,100.1,105.4,0.054,0.014,105.4,53.8,46.0,47.5,49.9,49.0,50.0,47.1,46.3,48.7,51.4,51.3,57.9,49.0,51.6,50535.0,260479.0,24.8808622028746
2020-01-22,2023066.49,0.084,0.0184,545531.79,0.0,-0.0529,93249.16,0.066,0.2081,0.1,100.1,105.4,0.054,0.014,105.4,53.8,46.0,47.5,49.9,49.0,50.0,47.1,46.3,48.7,51.4,51.3,57.9,49.0,51.6,50535.0,260479.0,24.8808622028746
2020-01-23,2023066.49,0.084,0.0184,545531.79,0.0,-0.0529,93249.16,0.066,0.2081,0.1,100.1,105.4,0.054,0.014,105.4,53.8,46.0,47.5,49.9,49.0,50.0,47.1,46.3,48.7,51.4,51.3,57.9,49.0,51.6,50535.0,260479.0,24.8808622028746
2020-02-03,2030830.42,0.088,0.0038,552700.73,0.048,0.0131,88187.05,0.109,-0.0543,-0.4,99.8,105.2,0.052,0.008,105.3,51.4,46.1,31.8,32.1,44.3,35.7,33.9,35.6,28.7,29.3,27.8,41.8,31.9,29.3,8737.0,259551.0,25.7800952736331
2020-02-04,2030830.42,0.088,0.0038,552700.73,0.048,0.0131,88187.05,0.109,-0.0543,-0.4,99.8,105.2,0.052,0.008,105.3,51.4,46.1,31.8,32.1,44.3,35.7,33.9,35.6,28.7,29.3,27.8,41.8,31.9,29.3,8737.0,259551.0,25.7800952736331
2020-02-05,2030830.42,0.088,0.0038,552700.73,0.048,0.0131,88187.05,0.109,-0.0543,-0.4,99.8,105.2,0.052,0.008,105.3,51.4,46.1,31.8,32.1,44.3,35.7,33.9,35.6,28.7,29.3,27.8,41.8,31.9,29.3,8737.0,259551.0,25.7800952736331
2020-02-06,2030830.42,0.088,0.0038,552700.73,0.048,0.0131,88187.05,0.109,-0.0543,-0.4,99.8,105.2,0.052,0.008,105.3,51.4,46.1,31.8,32.1,44.3,35.7,33.9,35.6,28.7,29.3,27.8,41.8,31.9,29.3,8737.0,259551.0,25.7800952736331
2020-02-07,2030830.42,0.088,0.0038,552700.73,0.048,0.0131,88187.05,0.109,-0.0543,-0.4,99.8,105.2,0.052,0.008,105.3,51.4,46.1,31.8,32.1,44.3,35.7,33.9,35.6,28.7,29.3,27.8,41.8,31.9,29.3,8737.0,259551.0,25.7800952736331
2020-02-10,2030830.42,0.088,0.0038,552700.73,0.048,0.0131,88187.05,0.109,-0.0543,-0.4,99.8,105.2,0.052,0.008,105.3,51.4,46.1,31.8,32.1,44.3,35.7,33.9,35.6,28.7,29.3,27.8,41.8,31.9,29.3,8737.0,259551.0,25.7800952736331
2020-02-11,2030830.42,0.088,0.0038,552700.73,0.048,0.0131,88187.05,0.109,-0.0543,-0.4,99.8,105.2,0.052,0.008,105.3,51.4,46.1,31.8,32.1,44.3,35.7,33.9,35.6,28.7,29.3,27.8,41.8,31.9,29.3,8737.0,259551.0,25.7800952736331
2020-02-12,2030830.42,0.088,0.0038,552700.73,0.048,0.0131,88187.05,0.109,-0.0543,-0.4,99.8,105.2,0.052,0.008,105.3,51.4,46.1,31.8,32.1,44.3,35.7,33.9,35.6,28.7,29.3,27.8,41.8,31.9,29.3,8737.0,259551.0,25.7800952736331
2020-02-13,2030830.42,0.088,0.0038,552700.73,0.048,0.0131,88187.05,0.109,-0.0543,-0.4,99.8,105.2,0.052,0.008,105.3,51.4,46.1,31.8,32.1,44.3,35.7,33.9,35.6,28.7,29.3,27.8,41.8,31.9,29.3,8737.0,259551.0,25.7800952736331
2020-02-14,2030830.42,0.088,0.0038,552700.73,0.048,0.0131,88187.05,0.109,-0.0543,-0.4,99.8,105.2,0.052,0.008,105.3,51.4,46.1,31.8,32.1,44.3,35.7,33.9,35.6,28.7,29.3,27.8,41.8,31.9,29.3,8737.0,259551.0,25.7800952736331
2020-02-17,2030830.42,0.088,0.0038,552700.73,0.048,0.0131,88187.05,0.109,-0.0543,-0.4,99.8,105.2,0.052,0.008,105.3,51.4,46.1,31.8,32.1,44.3,35.7,33.9,35.6,28.7,29.3,27.8,41.8,31.9,29.3,8737.0,259551.0,25.7800952736331
2020-02-18,2030830.42,0.088,0.0038,552700.73,0.048,0.0131,88187.05,0.109,-0.0543,-0.4,99.8,105.2,0.052,0.008,105.3,51.4,46.1,31.8,32.1,44.3,35.7,33.9,35.6,28.7,29.3,27.8,41.8,31.9,29.3,8737.0,259551.0,25.7800952736331
2020-02-19,2030830.42,0.088,0.0038,552700.73,0.048,0.0131,88187.05,0.109,-0.0543,-0.4,99.8,105.2,0.052,0.008,105.3,51.4,46.1,31.8,32.1,44.3,35.7,33.9,35.6,28.7,29.3,27.8,41.8,31.9,29.3,8737.0,259551.0,25.7800952736331
2020-02-20,2030830.42,0.088,0.0038,552700.73,0.048,0.0131,88187.05,0.109,-0.0543,-0.4,99.8,105.2,0.052,0.008,105.3,51.4,46.1,31.8,32.1,44.3,35.7,33.9,35.6,28.7,29.3,27.8,41.8,31.9,29.3,8737.0,259551.0,25.7800952736331
2020-02-21,2030830.42,0.088,0.0038,552700.73,0.048,0.0131,88187.05,0.109,-0.0543,-0.4,99.8,105.2,0.052,0.008,105.3,51.4,46.1,31.8,32.1,44.3,35.7,33.9,35.6,28.7,29.3,27.8,41.8,31.9,29.3,8737.0,259551.0,25.7800952736331
2020-02-24,2030830.42,0.088,0.0038,552700.73,0.048,0.0131,88187.05,0.109,-0.0543,-0.4,99.8,105.2,0.052,0.008,105.3,51.4,46.1,31.8,32.1,44.3,35.7,33.9,35.6,28.7,29.3,27.8,41.8,31.9,29.3,8737.0,259551.0,25.7800952736331
2020-02-25,2030830.42,0.088,0.0038,552700.73,0.048,0.0131,88187.05,0.109,-0.0543,-0.4,99.8,105.2,0.052,0.008,105.3,51.4,46.1,31.8,32.1,44.3,35.7,33.9,35.6,28.7,29.3,27.8,41.8,31.9,29.3,8737.0,259551.0,25.7800952736331
2020-02-26,2030830.42,0.088,0.0038,552700.73,0.048,0.0131,88187.05,0.109,-0.0543,-0.4,99.8,105.2,0.052,0.008,105.3,51.4,46.1,31.8,32.1,44.3,35.7,33.9,35.6,28.7,29.3,27.8,41.8,31.9,29.3,8737.0,259551.0,25.7800952736331
2020-02-27,2030830.42,0.088,0.0038,552700.73,0.048,0.0131,88187.05,0.109,-0.0543,-0.4,99.8,105.2,0.052,0.008,105.3,51.4,46.1,31.8,32.1,44.3,35.7,33.9,35.6,28.7,29.3,27.8,41.8,31.9,29.3,8737.0,259551.0,25.7800952736331
2020-02-28,2030830.42,0.088,0.0038,552700.73,0.048,0.0131,88187.05,0.109,-0.0543,-0.4,99.8,105.2,0.052,0.008,105.3,51.4,46.1,31.8,32.1,44.3,35.7,33.9,35.6,28.7,29.3,27.8,41.8,31.9,29.3,8737.0,259551.0,25.7800952736331
2020-03-02,2080923.41,0.101,0.0247,575050.29,0.05,0.0404,83022.21,0.108,-0.0586,-1.5,99.4,104.3,0.043,-0.012,104.9,45.5,49.1,50.9,48.2,43.8,52.0,49.0,46.3,46.4,52.0,54.1,54.4,48.4,52.7,51838.0,281787.0,28.0227343973613
2020-03-03,2080923.41,0.101,0.0247,575050.29,0.05,0.0404,83022.21,0.108,-0.0586,-1.5,99.4,104.3,0.043,-0.012,104.9,45.5,49.1,50.9,48.2,43.8,52.0,49.0,46.3,46.4,52.0,54.1,54.4,48.4,52.7,51838.0,281787.0,28.0227343973613
2020-03-04,2080923.41,0.101,0.0247,575050.29,0.05,0.0404,83022.21,0.108,-0.0586,-1.5,99.4,104.3,0.043,-0.012,104.9,45.5,49.1,50.9,48.2,43.8,52.0,49.0,46.3,46.4,52.0,54.1,54.4,48.4,52.7,51838.0,281787.0,28.0227343973613
2020-03-05,2080923.41,0.101,0.0247,575050.29,0.05,0.0404,83022.21,0.108,-0.0586,-1.5,99.4,104.3,0.043,-0.012,104.9,45.5,49.1,50.9,48.2,43.8,52.0,49.0,46.3,46.4,52.0,54.1,54.4,48.4,52.7,51838.0,281787.0,28.0227343973613
2020-03-06,2080923.41,0.101,0.0247,575050.29,0.05,0.0404,83022.21,0.108,-0.0586,-1.5,99.4,104.3,0.043,-0.012,104.9,45.5,49.1,50.9,48.2,43.8,52.0,49.0,46.3,46.4,52.0,54.1,54.4,48.4,52.7,51838.0,281787.0,28.0227343973613
2020-03-09,2080923.41,0.101,0.0247,575050.29,0.05,0.0404,83022.21,0.108,-0.0586,-1.5,99.4,104.3,0.043,-0.012,104.9,45.5,49.1,50.9,48.2,43.8,52.0,49.0,46.3,46.4,52.0,54.1,54.4,48.4,52.7,51838.0,281787.0,28.0227343973613
2020-03-10,2080923.41,0.101,0.0247,575050.29,0.05,0.0404,83022.21,0.108,-0.0586,-1.5,99.4,104.3,0.043,-0.012,104.9,45.5,49.1,50.9,48.2,43.8,52.0,49.0,46.3,46.4,52.0,54.1,54.4,48.4,52.7,51838.0,281787.0,28.0227343973613
2020-03-11,2080923.41,0.101,0.0247,575050.29,0.05,0.0404,83022.21,0.108,-0.0586,-1.5,99.4,104.3,0.043,-0.012,104.9,45.5,49.1,50.9,48.2,43.8,52.0,49.0,46.3,46.4,52.0,54.1,54.4,48.4,52.7,51838.0,281787.0,28.0227343973613
2020-03-12,2080923.41,0.101,0.0247,575050.29,0.05,0.0404,83022.21,0.108,-0.0586,-1.5,99.4,104.3,0.043,-0.012,104.9,45.5,49.1,50.9,48.2,43.8,52.0,49.0,46.3,46.4,52.0,54.1,54.4,48.4,52.7,51838.0,281787.0,28.0227343973613
2020-03-13,2080923.41,0.101,0.0247,575050.29,0.05,0.0404,83022.21,0.108,-0.0586,-1.5,99.4,104.3,0.043,-0.012,104.9,45.5,49.1,50.9,48.2,43.8,52.0,49.0,46.3,46.4,52.0,54.1,54.4,48.4,52.7,51838.0,281787.0,28.0227343973613
2020-03-16,2080923.41,0.101,0.0247,575050.29,0.05,0.0404,83022.21,0.108,-0.0586,-1.5,99.4,104.3,0.043,-0.012,104.9,45.5,49.1,50.9,48.2,43.8,52.0,49.0,46.3,46.4,52.0,54.1,54.4,48.4,52.7,51838.0,281787.0,28.0227343973613
2020-03-17,2080923.41,0.101,0.0247,575050.29,0.05,0.0404,83022.21,0.108,-0.0586,-1.5,99.4,104.3,0.043,-0.012,104.9,45.5,49.1,50.9,48.2,43.8,52.0,49.0,46.3,46.4,52.0,54.1,54.4,48.4,52.7,51838.0,281787.0,28.0227343973613
2020-03-18,2080923.41,0.101,0.0247,575050.29,0.05,0.0404,83022.21,0.108,-0.0586,-1.5,99.4,104.3,0.043,-0.012,104.9,45.5,49.1,50.9,48.2,43.8,52.0,49.0,46.3,46.4,52.0,54.1,54.4,48.4,52.7,51838.0,281787.0,28.0227343973613
2020-03-19,2080923.41,0.101,0.0247,575050.29,0.05,0.0404,83022.21,0.108,-0.0586,-1.5,99.4,104.3,0.043,-0.012,104.9,45.5,49.1,50.9,48.2,43.8,52.0,49.0,46.3,46.4,52.0,54.1,54.4,48.4,52.7,51838.0,281787.0,28.0227343973613
2020-03-20,2080923.41,0.101,0.0247,575050.29,0.05,0.0404,83022.21,0.108,-0.0586,-1.5,99.4,104.3,0.043,-0.012,104.9,45.5,49.1,50.9,48.2,43.8,52.0,49.0,46.3,46.4,52.0,54.1,54.4,48.4,52.7,51838.0,281787.0,28.0227343973613
2020-03-23,2080923.41,0.101,0.0247,575050.29,0.05,0.0404,83022.21,0.108,-0.0586,-1.5,99.4,104.3,0.043,-0.012,104.9,45.5,49.1,50.9,48.2,43.8,52.0,49.0,46.3,46.4,52.0,54.1,54.4,48.4,52.7,51838.0,281787.0,28.0227343973613
2020-03-24,2080923.41,0.101,0.0247,575050.29,0.05,0.0404,83022.21,0.108,-0.0586,-1.5,99.4,104.3,0.043,-0.012,104.9,45.5,49.1,50.9,48.2,43.8,52.0,49.0,46.3,46.4,52.0,54.1,54.4,48.4,52.7,51838.0,281787.0,28.0227343973613
2020-03-25,2080923.41,0.101,0.0247,575050.29,0.05,0.0404,83022.21,0.108,-0.0586,-1.5,99.4,104.3,0.043,-0.012,104.9,45.5,49.1,50.9,48.2,43.8,52.0,49.0,46.3,46.4,52.0,54.1,54.4,48.4,52.7,51838.0,281787.0,28.0227343973613
2020-03-26,2080923.41,0.101,0.0247,575050.29,0.05,0.0404,83022.21,0.108,-0.0586,-1.5,99.4,104.3,0.043,-0.012,104.9,45.5,49.1,50.9,48.2,43.8,52.0,49.0,46.3,46.4,52.0,54.1,54.4,48.4,52.7,51838.0,281787.0,28.0227343973613
2020-03-27,2080923.41,0.101,0.0247,575050.29,0.05,0.0404,83022.21,0.108,-0.0586,-1.5,99.4,104.3,0.043,-0.012,104.9,45.5,49.1,50.9,48.2,43.8,52.0,49.0,46.3,46.4,52.0,54.1,54.4,48.4,52.7,51838.0,281787.0,28.0227343973613
2020-03-30,2080923.41,0.101,0.0247,575050.29,0.05,0.0404,83022.21,0.108,-0.0586,-1.5,99.4,104.3,0.043,-0.012,104.9,45.5,49.1,50.9,48.2,43.8,52.0,49.0,46.3,46.4,52.0,54.1,54.4,48.4,52.7,51838.0,281787.0,28.0227343973613
2020-03-31,2080923.41,0.101,0.0247,575050.29,0.05,0.0404,83022.21,0.108,-0.0586,-1.5,99.4,104.3,0.043,-0.012,104.9,45.5,49.1,50.9,48.2,43.8,52.0,49.0,46.3,46.4,52.0,54.1,54.4,48.4,52.7,51838.0,281787.0,28.0227343973613
2020-04-01,2093533.83,0.111,0.0061,570150.48,0.055,-0.0085,81485.21,0.102,-0.0185,-3.1,98.8,103.3,0.033,-0.009,104.5,42.5,49.3,50.2,50.1,42.2,50.8,48.2,43.6,33.5,50.2,53.7,54.0,43.9,52.0,31027.0,296104.0,35.1727412168578
2020-04-02,2093533.83,0.111,0.0061,570150.48,0.055,-0.0085,81485.21,0.102,-0.0185,-3.1,98.8,103.3,0.033,-0.009,104.5,42.5,49.3,50.2,50.1,42.2,50.8,48.2,43.6,33.5,50.2,53.7,54.0,43.9,52.0,31027.0,296104.0,35.1727412168578
2020-04-03,2093533.83,0.111,0.0061,570150.48,0.055,-0.0085,81485.21,0.102,-0.0185,-3.1,98.8,103.3,0.033,-0.009,104.5,42.5,49.3,50.2,50.1,42.2,50.8,48.2,43.6,33.5,50.2,53.7,54.0,43.9,52.0,31027.0,296104.0,35.1727412168578
2020-04-07,2093533.83,0.111,0.0061,570150.48,0.055,-0.0085,81485.21,0.102,-0.0185,-3.1,98.8,103.3,0.033,-0.009,104.5,42.5,49.3,50.2,50.1,42.2,50.8,48.2,43.6,33.5,50.2,53.7,54.0,43.9,52.0,31027.0,296104.0,35.1727412168578
2020-04-08,2093533.83,0.111,0.0061,570150.48,0.055,-0.0085,81485.21,0.102,-0.0185,-3.1,98.8,103.3,0.033,-0.009,104.5,42.5,49.3,50.2,50.1,42.2,50.8,48.2,43.6,33.5,50.2,53.7,54.0,43.9,52.0,31027.0,296104.0,35.1727412168578
2020-04-09,2093533.83,0.111,0.0061,570150.48,0.055,-0.0085,81485.21,0.102,-0.0185,-3.1,98.8,103.3,0.033,-0.009,104.5,42.5,49.3,50.2,50.1,42.2,50.8,48.2,43.6,33.5,50.2,53.7,54.0,43.9,52.0,31027.0,296104.0,35.1727412168578
2020-04-10,2093533.83,0.111,0.0061,570150.48,0.055,-0.0085,81485.21,0.102,-0.0185,-3.1,98.8,103.3,0.033,-0.009,104.5,42.5,49.3,50.2,50.1,42.2,50.8,48.2,43.6,33.5,50.2,53.7,54.0,43.9,52.0,31027.0,296104.0,35.1727412168578
2020-04-13,2093533.83,0.111,0.0061,570150.48,0.055,-0.0085,81485.21,0.102,-0.0185,-3.1,98.8,103.3,0.033,-0.009,104.5,42.5,49.3,50.2,50.1,42.2,50.8,48.2,43.6,33.5,50.2,53.7,54.0,43.9,52.0,31027.0,296104.0,35.1727412168578
2020-04-14,2093533.83,0.111,0.0061,570150.48,0.055,-0.0085,81485.21,0.102,-0.0185,-3.1,98.8,103.3,0.033,-0.009,104.5,42.5,49.3,50.2,50.1,42.2,50.8,48.2,43.6,33.5,50.2,53.7,54.0,43.9,52.0,31027.0,296104.0,35.1727412168578
2020-04-15,2093533.83,0.111,0.0061,570150.48,0.055,-0.0085,81485.21,0.102,-0.0185,-3.1,98.8,103.3,0.033,-0.009,104.5,42.5,49.3,50.2,50.1,42.2,50.8,48.2,43.6,33.5,50.2,53.7,54.0,43.9,52.0,31027.0,296104.0,35.1727412168578
2020-04-16,2093533.83,0.111,0.0061,570150.48,0.055,-0.0085,81485.21,0.102,-0.0185,-3.1,98.8,103.3,0.033,-0.009,104.5,42.5,49.3,50.2,50.1,42.2,50.8,48.2,43.6,33.5,50.2,53.7,54.0,43.9,52.0,31027.0,296104.0,35.1727412168578
2020-04-17,2093533.83,0.111,0.0061,570150.48,0.055,-0.0085,81485.21,0.102,-0.0185,-3.1,98.8,103.3,0.033,-0.009,104.5,42.5,49.3,50.2,50.1,42.2,50.8,48.2,43.6,33.5,50.2,53.7,54.0,43.9,52.0,31027.0,296104.0,35.1727412168578
2020-04-20,2093533.83,0.111,0.0061,570150.48,0.055,-0.0085,81485.21,0.102,-0.0185,-3.1,98.8,103.3,0.033,-0.009,104.5,42.5,49.3,50.2,50.1,42.2,50.8,48.2,43.6,33.5,50.2,53.7,54.0,43.9,52.0,31027.0,296104.0,35.1727412168578
2020-04-21,2093533.83,0.111,0.0061,570150.48,0.055,-0.0085,81485.21,0.102,-0.0185,-3.1,98.8,103.3,0.033,-0.009,104.5,42.5,49.3,50.2,50.1,42.2,50.8,48.2,43.6,33.5,50.2,53.7,54.0,43.9,52.0,31027.0,296104.0,35.1727412168578
2020-04-22,2093533.83,0.111,0.0061,570150.48,0.055,-0.0085,81485.21,0.102,-0.0185,-3.1,98.8,103.3,0.033,-0.009,104.5,42.5,49.3,50.2,50.1,42.2,50.8,48.2,43.6,33.5,50.2,53.7,54.0,43.9,52.0,31027.0,296104.0,35.1727412168578
2020-04-23,2093533.83,0.111,0.0061,570150.48,0.055,-0.0085,81485.21,0.102,-0.0185,-3.1,98.8,103.3,0.033,-0.009,104.5,42.5,49.3,50.2,50.1,42.2,50.8,48.2,43.6,33.5,50.2,53.7,54.0,43.9,52.0,31027.0,296104.0,35.1727412168578
2020-04-24,2093533.83,0.111,0.0061,570150.48,0.055,-0.0085,81485.21,0.102,-0.0185,-3.1,98.8,103.3,0.033,-0.009,104.5,42.5,49.3,50.2,50.1,42.2,50.8,48.2,43.6,33.5,50.2,53.7,54.0,43.9,52.0,31027.0,296104.0,35.1727412168578
2020-04-27,2093533.83,0.111,0.0061,570150.48,0.055,-0.0085,81485.21,0.102,-0.0185,-3.1,98.8,103.3,0.033,-0.009,104.5,42.5,49.3,50.2,50.1,42.2,50.8,48.2,43.6,33.5,50.2,53.7,54.0,43.9,52.0,31027.0,296104.0,35.1727412168578
2020-04-28,2093533.83,0.111,0.0061,570150.48,0.055,-0.0085,81485.21,0.102,-0.0185,-3.1,98.8,103.3,0.033,-0.009,104.5,42.5,49.3,50.2,50.1,42.2,50.8,48.2,43.6,33.5,50.2,53.7,54.0,43.9,52.0,31027.0,296104.0,35.1727412168578
2020-04-29,2093533.83,0.111,0.0061,570150.48,0.055,-0.0085,81485.21,0.102,-0.0185,-3.1,98.8,103.3,0.033,-0.009,104.5,42.5,49.3,50.2,50.1,42.2,50.8,48.2,43.6,33.5,50.2,53.7,54.0,43.9,52.0,31027.0,296104.0,35.1727412168578
2020-04-30,2093533.83,0.111,0.0061,570150.48,0.055,-0.0085,81485.21,0.102,-0.0185,-3.1,98.8,103.3,0.033,-0.009,104.5,42.5,49.3,50.2,50.1,42.2,50.8,48.2,43.6,33.5,50.2,53.7,54.0,43.9,52.0,31027.0,296104.0,35.1727412168578
2020-05-06,2100183.74,0.111,0.0032,581111.06,0.068,0.0192,79706.83,0.095,-0.0218,-3.7,98.3,102.4,0.024,-0.008,104.1,51.6,47.3,49.4,50.5,48.7,50.6,47.3,44.1,35.3,50.9,53.2,57.9,45.3,50.8,31866.0,310846.0,37.1407646628019
2020-05-07,2100183.74,0.111,0.0032,581111.06,0.068,0.0192,79706.83,0.095,-0.0218,-3.7,98.3,102.4,0.024,-0.008,104.1,51.6,47.3,49.4,50.5,48.7,50.6,47.3,44.1,35.3,50.9,53.2,57.9,45.3,50.8,31866.0,310846.0,37.1407646628019
2020-05-08,2100183.74,0.111,0.0032,581111.06,0.068,0.0192,79706.83,0.095,-0.0218,-3.7,98.3,102.4,0.024,-0.008,104.1,51.6,47.3,49.4,50.5,48.7,50.6,47.3,44.1,35.3,50.9,53.2,57.9,45.3,50.8,31866.0,310846.0,37.1407646628019
2020-05-11,2100183.74,0.111,0.0032,581111.06,0.068,0.0192,79706.83,0.095,-0.0218,-3.7,98.3,102.4,0.024,-0.008,104.1,51.6,47.3,49.4,50.5,48.7,50.6,47.3,44.1,35.3,50.9,53.2,57.9,45.3,50.8,31866.0,310846.0,37.1407646628019
2020-05-12,2100183.74,0.111,0.0032,581111.06,0.068,0.0192,79706.83,0.095,-0.0218,-3.7,98.3,102.4,0.024,-0.008,104.1,51.6,47.3,49.4,50.5,48.7,50.6,47.3,44.1,35.3,50.9,53.2,57.9,45.3,50.8,31866.0,310846.0,37.1407646628019
2020-05-13,2100183.74,0.111,0.0032,581111.06,0.068,0.0192,79706.83,0.095,-0.0218,-3.7,98.3,102.4,0.024,-0.008,104.1,51.6,47.3,49.4,50.5,48.7,50.6,47.3,44.1,35.3,50.9,53.2,57.9,45.3,50.8,31866.0,310846.0,37.1407646628019
2020-05-14,2100183.74,0.111,0.0032,581111.06,0.068,0.0192,79706.83,0.095,-0.0218,-3.7,98.3,102.4,0.024,-0.008,104.1,51.6,47.3,49.4,50.5,48.7,50.6,47.3,44.1,35.3,50.9,53.2,57.9,45.3,50.8,31866.0,310846.0,37.1407646628019
2020-05-15,2100183.74,0.111,0.0032,581111.06,0.068,0.0192,79706.83,0.095,-0.0218,-3.7,98.3,102.4,0.024,-0.008,104.1,51.6,47.3,49.4,50.5,48.7,50.6,47.3,44.1,35.3,50.9,53.2,57.9,45.3,50.8,31866.0,310846.0,37.1407646628019
2020-05-18,2100183.74,0.111,0.0032,581111.06,0.068,0.0192,79706.83,0.095,-0.0218,-3.7,98.3,102.4,0.024,-0.008,104.1,51.6,47.3,49.4,50.5,48.7,50.6,47.3,44.1,35.3,50.9,53.2,57.9,45.3,50.8,31866.0,310846.0,37.1407646628019
2020-05-19,2100183.74,0.111,0.0032,581111.06,0.068,0.0192,79706.83,0.095,-0.0218,-3.7,98.3,102.4,0.024,-0.008,104.1,51.6,47.3,49.4,50.5,48.7,50.6,47.3,44.1,35.3,50.9,53.2,57.9,45.3,50.8,31866.0,310846.0,37.1407646628019
2020-05-20,2100183.74,0.111,0.0032,581111.06,0.068,0.0192,79706.83,0.095,-0.0218,-3.7,98.3,102.4,0.024,-0.008,104.1,51.6,47.3,49.4,50.5,48.7,50.6,47.3,44.1,35.3,50.9,53.2,57.9,45.3,50.8,31866.0,310846.0,37.1407646628019
2020-05-21,2100183.74,0.111,0.0032,581111.06,0.068,0.0192,79706.83,0.095,-0.0218,-3.7,98.3,102.4,0.024,-0.008,104.1,51.6,47.3,49.4,50.5,48.7,50.6,47.3,44.1,35.3,50.9,53.2,57.9,45.3,50.8,31866.0,310846.0,37.1407646628019
2020-05-22,2100183.74,0.111,0.0032,581111.06,0.068,0.0192,79706.83,0.095,-0.0218,-3.7,98.3,102.4,0.024,-0.008,104.1,51.6,47.3,49.4,50.5,48.7,50.6,47.3,44.1,35.3,50.9,53.2,57.9,45.3,50.8,31866.0,310846.0,37.1407646628019
2020-05-25,2100183.74,0.111,0.0032,581111.06,0.068,0.0192,79706.83,0.095,-0.0218,-3.7,98.3,102.4,0.024,-0.008,104.1,51.6,47.3,49.4,50.5,48.7,50.6,47.3,44.1,35.3,50.9,53.2,57.9,45.3,50.8,31866.0,310846.0,37.1407646628019
2020-05-26,2100183.74,0.111,0.0032,581111.06,0.068,0.0192,79706.83,0.095,-0.0218,-3.7,98.3,102.4,0.024,-0.008,104.1,51.6,47.3,49.4,50.5,48.7,50.6,47.3,44.1,35.3,50.9,53.2,57.9,45.3,50.8,31866.0,310846.0,37.1407646628019
2020-05-27,2100183.74,0.111,0.0032,581111.06,0.068,0.0192,79706.83,0.095,-0.0218,-3.7,98.3,102.4,0.024,-0.008,104.1,51.6,47.3,49.4,50.5,48.7,50.6,47.3,44.1,35.3,50.9,53.2,57.9,45.3,50.8,31866.0,310846.0,37.1407646628019
2020-05-28,2100183.74,0.111,0.0032,581111.06,0.068,0.0192,79706.83,0.095,-0.0218,-3.7,98.3,102.4,0.024,-0.008,104.1,51.6,47.3,49.4,50.5,48.7,50.6,47.3,44.1,35.3,50.9,53.2,57.9,45.3,50.8,31866.0,310846.0,37.1407646628019
2020-05-29,2100183.74,0.111,0.0032,581111.06,0.068,0.0192,79706.83,0.095,-0.0218,-3.7,98.3,102.4,0.024,-0.008,104.1,51.6,47.3,49.4,50.5,48.7,50.6,47.3,44.1,35.3,50.9,53.2,57.9,45.3,50.8,31866.0,310846.0,37.1407646628019
2020-06-01,2134948.66,0.111,0.0166,604317.97,0.065,0.0399,79459.41,0.095,-0.0031,-3.0,98.1,102.5,0.025,-0.001,103.8,56.8,46.8,49.1,50.5,52.4,50.9,47.6,44.8,42.6,51.4,53.9,57.5,47.0,51.8,34681.0,319284.0,34.1371603340784
2020-06-02,2134948.66,0.111,0.0166,604317.97,0.065,0.0399,79459.41,0.095,-0.0031,-3.0,98.1,102.5,0.025,-0.001,103.8,56.8,46.8,49.1,50.5,52.4,50.9,47.6,44.8,42.6,51.4,53.9,57.5,47.0,51.8,34681.0,319284.0,34.1371603340784
2020-06-03,2134948.66,0.111,0.0166,604317.97,0.065,0.0399,79459.41,0.095,-0.0031,-3.0,98.1,102.5,0.025,-0.001,103.8,56.8,46.8,49.1,50.5,52.4,50.9,47.6,44.8,42.6,51.4,53.9,57.5,47.0,51.8,34681.0,319284.0,34.1371603340784
2020-06-04,2134948.66,0.111,0.0166,604317.97,0.065,0.0399,79459.41,0.095,-0.0031,-3.0,98.1,102.5,0.025,-0.001,103.8,56.8,46.8,49.1,50.5,52.4,50.9,47.6,44.8,42.6,51.4,53.9,57.5,47.0,51.8,34681.0,319284.0,34.1371603340784
2020-06-05,2134948.66,0.111,0.0166,604317.97,0.065,0.0399,79459.41,0.095,-0.0031,-3.0,98.1,102.5,0.025,-0.001,103.8,56.8,46.8,49.1,50.5,52.4,50.9,47.6,44.8,42.6,51.4,53.9,57.5,47.0,51.8,34681.0,319284.0,34.1371603340784
2020-06-08,2134948.66,0.111,0.0166,604317.97,0.065,0.0399,79459.41,0.095,-0.0031,-3.0,98.1,102.5,0.025,-0.001,103.8,56.8,46.8,49.1,50.5,52.4,50.9,47.6,44.8,42.6,51.4,53.9,57.5,47.0,51.8,34681.0,319284.0,34.1371603340784
2020-06-09,2134948.66,0.111,0.0166,604317.97,0.065,0.0399,79459.41,0.095,-0.0031,-3.0,98.1,102.5,0.025,-0.001,103.8,56.8,46.8,49.1,50.5,52.4,50.9,47.6,44.8,42.6,51.4,53.9,57.5,47.0,51.8,34681.0,319284.0,34.1371603340784
2020-06-10,2134948.66,0.111,0.0166,604317.97,0.065,0.0399,79459.41,0.095,-0.0031,-3.0,98.1,102.5,0.025,-0.001,103.8,56.8,46.8,49.1,50.5,52.4,50.9,47.6,44.8,42.6,51.4,53.9,57.5,47.0,51.8,34681.0,319284.0,34.1371603340784
2020-06-11,2134948.66,0.111,0.0166,604317.97,0.065,0.0399,79459.41,0.095,-0.0031,-3.0,98.1,102.5,0.025,-0.001,103.8,56.8,46.8,49.1,50.5,52.4,50.9,47.6,44.8,42.6,51.4,53.9,57.5,47.0,51.8,34681.0,319284.0,34.1371603340784
2020-06-12,2134948.66,0.111,0.0166,604317.97,0.065,0.0399,79459.41,0.095,-0.0031,-3.0,98.1,102.5,0.025,-0.001,103.8,56.8,46.8,49.1,50.5,52.4,50.9,47.6,44.8,42.6,51.4,53.9,57.5,47.0,51.8,34681.0,319284.0,34.1371603340784
2020-06-15,2134948.66,0.111,0.0166,604317.97,0.065,0.0399,79459.41,0.095,-0.0031,-3.0,98.1,102.5,0.025,-0.001,103.8,56.8,46.8,49.1,50.5,52.4,50.9,47.6,44.8,42.6,51.4,53.9,57.5,47.0,51.8,34681.0,319284.0,34.1371603340784
2020-06-16,2134948.66,0.111,0.0166,604317.97,0.065,0.0399,79459.41,0.095,-0.0031,-3.0,98.1,102.5,0.025,-0.001,103.8,56.8,46.8,49.1,50.5,52.4,50.9,47.6,44.8,42.6,51.4,53.9,57.5,47.0,51.8,34681.0,319284.0,34.1371603340784
2020-06-17,2134948.66,0.111,0.0166,604317.97,0.065,0.0399,79459.41,0.095,-0.0031,-3.0,98.1,102.5,0.025,-0.001,103.8,56.8,46.8,49.1,50.5,52.4,50.9,47.6,44.8,42.6,51.4,53.9,57.5,47.0,51.8,34681.0,319284.0,34.1371603340784
2020-06-18,2134948.66,0.111,0.0166,604317.97,0.065,0.0399,79459.41,0.095,-0.0031,-3.0,98.1,102.5,0.025,-0.001,103.8,56.8,46.8,49.1,50.5,52.4,50.9,47.6,44.8,42.6,51.4,53.9,57.5,47.0,51.8,34681.0,319284.0,34.1371603340784
2020-06-19,2134948.66,0.111,0.0166,604317.97,0.065,0.0399,79459.41,0.095,-0.0031,-3.0,98.1,102.5,0.025,-0.001,103.8,56.8,46.8,49.1,50.5,52.4,50.9,47.6,44.8,42.6,51.4,53.9,57.5,47.0,51.8,34681.0,319284.0,34.1371603340784
2020-06-22,2134948.66,0.111,0.0166,604317.97,0.065,0.0399,79459.41,0.095,-0.0031,-3.0,98.1,102.5,0.025,-0.001,103.8,56.8,46.8,49.1,50.5,52.4,50.9,47.6,44.8,42.6,51.4,53.9,57.5,47.0,51.8,34681.0,319284.0,34.1371603340784
2020-06-23,2134948.66,0.111,0.0166,604317.97,0.065,0.0399,79459.41,0.095,-0.0031,-3.0,98.1,102.5,0.025,-0.001,103.8,56.8,46.8,49.1,50.5,52.4,50.9,47.6,44.8,42.6,51.4,53.9,57.5,47.0,51.8,34681.0,319284.0,34.1371603340784
2020-06-24,2134948.66,0.111,0.0166,604317.97,0.065,0.0399,79459.41,0.095,-0.0031,-3.0,98.1,102.5,0.025,-0.001,103.8,56.8,46.8,49.1,50.5,52.4,50.9,47.6,44.8,42.6,51.4,53.9,57.5,47.0,51.8,34681.0,319284.0,34.1371603340784
2020-06-29,2134948.66,0.111,0.0166,604317.97,0.065,0.0399,79459.41,0.095,-0.0031,-3.0,98.1,102.5,0.025,-0.001,103.8,56.8,46.8,49.1,50.5,52.4,50.9,47.6,44.8,42.6,51.4,53.9,57.5,47.0,51.8,34681.0,319284.0,34.1371603340784
2020-06-30,2134948.66,0.111,0.0166,604317.97,0.065,0.0399,79459.41,0.095,-0.0031,-3.0,98.1,102.5,0.025,-0.001,103.8,56.8,46.8,49.1,50.5,52.4,50.9,47.6,44.8,42.6,51.4,53.9,57.5,47.0,51.8,34681.0,319284.0,34.1371603340784
2020-07-01,2125458.46,0.107,-0.0044,591192.64,0.069,-0.0217,79867.21,0.099,0.0051,-2.4,98.0,102.7,0.027,0.006,103.7,58.1,47.6,49.3,50.4,52.2,51.1,47.9,45.6,48.4,51.7,54.0,57.8,49.1,52.4,16928.0,323340.0,35.4893859524149
2020-07-02,2125458.46,0.107,-0.0044,591192.64,0.069,-0.0217,79867.21,0.099,0.0051,-2.4,98.0,102.7,0.027,0.006,103.7,58.1,47.6,49.3,50.4,52.2,51.1,47.9,45.6,48.4,51.7,54.0,57.8,49.1,52.4,16928.0,323340.0,35.4893859524149
2020-07-03,2125458.46,0.107,-0.0044,591192.64,0.069,-0.0217,79867.21,0.099,0.0051,-2.4,98.0,102.7,0.027,0.006,103.7,58.1,47.6,49.3,50.4,52.2,51.1,47.9,45.6,48.4,51.7,54.0,57.8,49.1,52.4,16928.0,323340.0,35.4893859524149
2020-07-06,2125458.46,0.107,-0.0044,591192.64,0.069,-0.0217,79867.21,0.099,0.0051,-2.4,98.0,102.7,0.027,0.006,103.7,58.1,47.6,49.3,50.4,52.2,51.1,47.9,45.6,48.4,51.7,54.0,57.8,49.1,52.4,16928.0,323340.0,35.4893859524149
2020-07-07,2125458.46,0.107,-0.0044,591192.64,0.069,-0.0217,79867.21,0.099,0.0051,-2.4,98.0,102.7,0.027,0.006,103.7,58.1,47.6,49.3,50.4,52.2,51.1,47.9,45.6,48.4,51.7,54.0,57.8,49.1,52.4,16928.0,323340.0,35.4893859524149
2020-07-08,2125458.46,0.107,-0.0044,591192.64,0.069,-0.0217,79867.21,0.099,0.0051,-2.4,98.0,102.7,0.027,0.006,103.7,58.1,47.6,49.3,50.4,52.2,51.1,47.9,45.6,48.4,51.7,54.0,57.8,49.1,52.4,16928.0,323340.0,35.4893859524149
2020-07-09,2125458.46,0.107,-0.0044,591192.64,0.069,-0.0217,79867.21,0.099,0.0051,-2.4,98.0,102.7,0.027,0.006,103.7,58.1,47.6,49.3,50.4,52.2,51.1,47.9,45.6,48.4,51.7,54.0,57.8,49.1,52.4,16928.0,323340.0,35.4893859524149
2020-07-10,2125458.46,0.107,-0.0044,591192.64,0.069,-0.0217,79867.21,0.099,0.0051,-2.4,98.0,102.7,0.027,0.006,103.7,58.1,47.6,49.3,50.4,52.2,51.1,47.9,45.6,48.4,51.7,54.0,57.8,49.1,52.4,16928.0,323340.0,35.4893859524149
2020-07-13,2125458.46,0.107,-0.0044,591192.64,0.069,-0.0217,79867.21,0.099,0.0051,-2.4,98.0,102.7,0.027,0.006,103.7,58.1,47.6,49.3,50.4,52.2,51.1,47.9,45.6,48.4,51.7,54.0,57.8,49.1,52.4,16928.0,323340.0,35.4893859524149
2020-07-14,2125458.46,0.107,-0.0044,591192.64,0.069,-0.0217,79867.21,0.099,0.0051,-2.4,98.0,102.7,0.027,0.006,103.7,58.1,47.6,49.3,50.4,52.2,51.1,47.9,45.6,48.4,51.7,54.0,57.8,49.1,52.4,16928.0,323340.0,35.4893859524149
2020-07-15,2125458.46,0.107,-0.0044,591192.64,0.069,-0.0217,79867.21,0.099,0.0051,-2.4,98.0,102.7,0.027,0.006,103.7,58.1,47.6,49.3,50.4,52.2,51.1,47.9,45.6,48.4,51.7,54.0,57.8,49.1,52.4,16928.0,323340.0,35.4893859524149
2020-07-16,2125458.46,0.107,-0.0044,591192.64,0.069,-0.0217,79867.21,0.099,0.0051,-2.4,98.0,102.7,0.027,0.006,103.7,58.1,47.6,49.3,50.4,52.2,51.1,47.9,45.6,48.4,51.7,54.0,57.8,49.1,52.4,16928.0,323340.0,35.4893859524149
2020-07-17,2125458.46,0.107,-0.0044,591192.64,0.069,-0.0217,79867.21,0.099,0.0051,-2.4,98.0,102.7,0.027,0.006,103.7,58.1,47.6,49.3,50.4,52.2,51.1,47.9,45.6,48.4,51.7,54.0,57.8,49.1,52.4,16928.0,323340.0,35.4893859524149
2020-07-20,2125458.46,0.107,-0.0044,591192.64,0.069,-0.0217,79867.21,0.099,0.0051,-2.4,98.0,102.7,0.027,0.006,103.7,58.1,47.6,49.3,50.4,52.2,51.1,47.9,45.6,48.4,51.7,54.0,57.8,49.1,52.4,16928.0,323340.0,35.4893859524149
2020-07-21,2125458.46,0.107,-0.0044,591192.64,0.069,-0.0217,79867.21,0.099,0.0051,-2.4,98.0,102.7,0.027,0.006,103.7,58.1,47.6,49.3,50.4,52.2,51.1,47.9,45.6,48.4,51.7,54.0,57.8,49.1,52.4,16928.0,323340.0,35.4893859524149
2020-07-22,2125458.46,0.107,-0.0044,591192.64,0.069,-0.0217,79867.21,0.099,0.0051,-2.4,98.0,102.7,0.027,0.006,103.7,58.1,47.6,49.3,50.4,52.2,51.1,47.9,45.6,48.4,51.7,54.0,57.8,49.1,52.4,16928.0,323340.0,35.4893859524149
2020-07-23,2125458.46,0.107,-0.0044,591192.64,0.069,-0.0217,79867.21,0.099,0.0051,-2.4,98.0,102.7,0.027,0.006,103.7,58.1,47.6,49.3,50.4,52.2,51.1,47.9,45.6,48.4,51.7,54.0,57.8,49.1,52.4,16928.0,323340.0,35.4893859524149
2020-07-24,2125458.46,0.107,-0.0044,591192.64,0.069,-0.0217,79867.21,0.099,0.0051,-2.4,98.0,102.7,0.027,0.006,103.7,58.1,47.6,49.3,50.4,52.2,51.1,47.9,45.6,48.4,51.7,54.0,57.8,49.1,52.4,16928.0,323340.0,35.4893859524149
2020-07-27,2125458.46,0.107,-0.0044,591192.64,0.069,-0.0217,79867.21,0.099,0.0051,-2.4,98.0,102.7,0.027,0.006,103.7,58.1,47.6,49.3,50.4,52.2,51.1,47.9,45.6,48.4,51.7,54.0,57.8,49.1,52.4,16928.0,323340.0,35.4893859524149
2020-07-28,2125458.46,0.107,-0.0044,591192.64,0.069,-0.0217,79867.21,0.099,0.0051,-2.4,98.0,102.7,0.027,0.006,103.7,58.1,47.6,49.3,50.4,52.2,51.1,47.9,45.6,48.4,51.7,54.0,57.8,49.1,52.4,16928.0,323340.0,35.4893859524149
2020-07-29,2125458.46,0.107,-0.0044,591192.64,0.069,-0.0217,79867.21,0.099,0.0051,-2.4,98.0,102.7,0.027,0.006,103.7,58.1,47.6,49.3,50.4,52.2,51.1,47.9,45.6,48.4,51.7,54.0,57.8,49.1,52.4,16928.0,323340.0,35.4893859524149
2020-07-30,2125458.46,0.107,-0.0044,591192.64,0.069,-0.0217,79867.21,0.099,0.0051,-2.4,98.0,102.7,0.027,0.006,103.7,58.1,47.6,49.3,50.4,52.2,51.1,47.9,45.6,48.4,51.7,54.0,57.8,49.1,52.4,16928.0,323340.0,35.4893859524149
2020-07-31,2125458.46,0.107,-0.0044,591192.64,0.069,-0.0217,79867.21,0.099,0.0051,-2.4,98.0,102.7,0.027,0.006,103.7,58.1,47.6,49.3,50.4,52.2,51.1,47.9,45.6,48.4,51.7,54.0,57.8,49.1,52.4,16928.0,323340.0,35.4893859524149
2020-08-03,2136836.91,0.104,0.0054,601289.1,0.08,0.0171,80042.71,0.094,0.0022,-2.0,98.0,102.4,0.024,0.004,103.5,58.3,47.1,49.4,50.4,53.2,51.0,47.3,46.0,49.1,52.0,53.5,58.6,49.0,51.7,35853.0,337237.0,39.8099589156382
2020-08-04,2136836.91,0.104,0.0054,601289.1,0.08,0.0171,80042.71,0.094,0.0022,-2.0,98.0,102.4,0.024,0.004,103.5,58.3,47.1,49.4,50.4,53.2,51.0,47.3,46.0,49.1,52.0,53.5,58.6,49.0,51.7,35853.0,337237.0,39.8099589156382
2020-08-05,2136836.91,0.104,0.0054,601289.1,0.08,0.0171,80042.71,0.094,0.0022,-2.0,98.0,102.4,0.024,0.004,103.5,58.3,47.1,49.4,50.4,53.2,51.0,47.3,46.0,49.1,52.0,53.5,58.6,49.0,51.7,35853.0,337237.0,39.8099589156382
2020-08-06,2136836.91,0.104,0.0054,601289.1,0.08,0.0171,80042.71,0.094,0.0022,-2.0,98.0,102.4,0.024,0.004,103.5,58.3,47.1,49.4,50.4,53.2,51.0,47.3,46.0,49.1,52.0,53.5,58.6,49.0,51.7,35853.0,337237.0,39.8099589156382
2020-08-07,2136836.91,0.104,0.0054,601289.1,0.08,0.0171,80042.71,0.094,0.0022,-2.0,98.0,102.4,0.024,0.004,103.5,58.3,47.1,49.4,50.4,53.2,51.0,47.3,46.0,49.1,52.0,53.5,58.6,49.0,51.7,35853.0,337237.0,39.8099589156382
2020-08-10,2136836.91,0.104,0.0054,601289.1,0.08,0.0171,80042.71,0.094,0.0022,-2.0,98.0,102.4,0.024,0.004,103.5,58.3,47.1,49.4,50.4,53.2,51.0,47.3,46.0,49.1,52.0,53.5,58.6,49.0,51.7,35853.0,337237.0,39.8099589156382
2020-08-11,2136836.91,0.104,0.0054,601289.1,0.08,0.0171,80042.71,0.094,0.0022,-2.0,98.0,102.4,0.024,0.004,103.5,58.3,47.1,49.4,50.4,53.2,51.0,47.3,46.0,49.1,52.0,53.5,58.6,49.0,51.7,35853.0,337237.0,39.8099589156382
2020-08-12,2136836.91,0.104,0.0054,601289.1,0.08,0.0171,80042.71,0.094,0.0022,-2.0,98.0,102.4,0.024,0.004,103.5,58.3,47.1,49.4,50.4,53.2,51.0,47.3,46.0,49.1,52.0,53.5,58.6,49.0,51.7,35853.0,337237.0,39.8099589156382
2020-08-13,2136836.91,0.104,0.0054,601289.1,0.08,0.0171,80042.71,0.094,0.0022,-2.0,98.0,102.4,0.024,0.004,103.5,58.3,47.1,49.4,50.4,53.2,51.0,47.3,46.0,49.1,52.0,53.5,58.6,49.0,51.7,35853.0,337237.0,39.8099589156382
2020-08-14,2136836.91,0.104,0.0054,601289.1,0.08,0.0171,80042.71,0.094,0.0022,-2.0,98.0,102.4,0.024,0.004,103.5,58.3,47.1,49.4,50.4,53.2,51.0,47.3,46.0,49.1,52.0,53.5,58.6,49.0,51.7,35853.0,337237.0,39.8099589156382
2020-08-17,2136836.91,0.104,0.0054,601289.1,0.08,0.0171,80042.71,0.094,0.0022,-2.0,98.0,102.4,0.024,0.004,103.5,58.3,47.1,49.4,50.4,53.2,51.0,47.3,46.0,49.1,52.0,53.5,58.6,49.0,51.7,35853.0,337237.0,39.8099589156382
2020-08-18,2136836.91,0.104,0.0054,601289.1,0.08,0.0171,80042.71,0.094,0.0022,-2.0,98.0,102.4,0.024,0.004,103.5,58.3,47.1,49.4,50.4,53.2,51.0,47.3,46.0,49.1,52.0,53.5,58.6,49.0,51.7,35853.0,337237.0,39.8099589156382
2020-08-19,2136836.91,0.104,0.0054,601289.1,0.08,0.0171,80042.71,0.094,0.0022,-2.0,98.0,102.4,0.024,0.004,103.5,58.3,47.1,49.4,50.4,53.2,51.0,47.3,46.0,49.1,52.0,53.5,58.6,49.0,51.7,35853.0,337237.0,39.8099589156382
2020-08-20,2136836.91,0.104,0.0054,601289.1,0.08,0.0171,80042.71,0.094,0.0022,-2.0,98.0,102.4,0.024,0.004,103.5,58.3,47.1,49.4,50.4,53.2,51.0,47.3,46.0,49.1,52.0,53.5,58.6,49.0,51.7,35853.0,337237.0,39.8099589156382
2020-08-21,2136836.91,0.104,0.0054,601289.1,0.08,0.0171,80042.71,0.094,0.0022,-2.0,98.0,102.4,0.024,0.004,103.5,58.3,47.1,49.4,50.4,53.2,51.0,47.3,46.0,49.1,52.0,53.5,58.6,49.0,51.7,35853.0,337237.0,39.8099589156382
2020-08-24,2136836.91,0.104,0.0054,601289.1,0.08,0.0171,80042.71,0.094,0.0022,-2.0,98.0,102.4,0.024,0.004,103.5,58.3,47.1,49.4,50.4,53.2,51.0,47.3,46.0,49.1,52.0,53.5,58.6,49.0,51.7,35853.0,337237.0,39.8099589156382
2020-08-25,2136836.91,0.104,0.0054,601289.1,0.08,0.0171,80042.71,0.094,0.0022,-2.0,98.0,102.4,0.024,0.004,103.5,58.3,47.1,49.4,50.4,53.2,51.0,47.3,46.0,49.1,52.0,53.5,58.6,49.0,51.7,35853.0,337237.0,39.8099589156382
2020-08-26,2136836.91,0.104,0.0054,601289.1,0.08,0.0171,80042.71,0.094,0.0022,-2.0,98.0,102.4,0.024,0.004,103.5,58.3,47.1,49.4,50.4,53.2,51.0,47.3,46.0,49.1,52.0,53.5,58.6,49.0,51.7,35853.0,337237.0,39.8099589156382
2020-08-27,2136836.91,0.104,0.0054,601289.1,0.08,0.0171,80042.71,0.094,0.0022,-2.0,98.0,102.4,0.024,0.004,103.5,58.3,47.1,49.4,50.4,53.2,51.0,47.3,46.0,49.1,52.0,53.5,58.6,49.0,51.7,35853.0,337237.0,39.8099589156382
2020-08-28,2136836.91,0.104,0.0054,601289.1,0.08,0.0171,80042.71,0.094,0.0022,-2.0,98.0,102.4,0.024,0.004,103.5,58.3,47.1,49.4,50.4,53.2,51.0,47.3,46.0,49.1,52.0,53.5,58.6,49.0,51.7,35853.0,337237.0,39.8099589156382
2020-08-31,2136836.91,0.104,0.0054,601289.1,0.08,0.0171,80042.71,0.094,0.0022,-2.0,98.0,102.4,0.024,0.004,103.5,58.3,47.1,49.4,50.4,53.2,51.0,47.3,46.0,49.1,52.0,53.5,58.6,49.0,51.7,35853.0,337237.0,39.8099589156382
2020-09-01,2164084.8,0.109,0.0128,602312.12,0.081,0.0017,82370.87,0.111,0.0291,-2.1,98.0,101.7,0.017,0.002,103.3,58.5,48.4,49.6,50.7,52.5,51.5,48.5,46.1,50.8,52.8,54.0,58.7,50.4,53.6,34693.0,346788.0,41.7416680972117
2020-09-02,2164084.8,0.109,0.0128,602312.12,0.081,0.0017,82370.87,0.111,0.0291,-2.1,98.0,101.7,0.017,0.002,103.3,58.5,48.4,49.6,50.7,52.5,51.5,48.5,46.1,50.8,52.8,54.0,58.7,50.4,53.6,34693.0,346788.0,41.7416680972117
2020-09-03,2164084.8,0.109,0.0128,602312.12,0.081,0.0017,82370.87,0.111,0.0291,-2.1,98.0,101.7,0.017,0.002,103.3,58.5,48.4,49.6,50.7,52.5,51.5,48.5,46.1,50.8,52.8,54.0,58.7,50.4,53.6,34693.0,346788.0,41.7416680972117
2020-09-04,2164084.8,0.109,0.0128,602312.12,0.081,0.0017,82370.87,0.111,0.0291,-2.1,98.0,101.7,0.017,0.002,103.3,58.5,48.4,49.6,50.7,52.5,51.5,48.5,46.1,50.8,52.8,54.0,58.7,50.4,53.6,34693.0,346788.0,41.7416680972117
2020-09-07,2164084.8,0.109,0.0128,602312.12,0.081,0.0017,82370.87,0.111,0.0291,-2.1,98.0,101.7,0.017,0.002,103.3,58.5,48.4,49.6,50.7,52.5,51.5,48.5,46.1,50.8,52.8,54.0,58.7,50.4,53.6,34693.0,346788.0,41.7416680972117
2020-09-08,2164084.8,0.109,0.0128,602312.12,0.081,0.0017,82370.87,0.111,0.0291,-2.1,98.0,101.7,0.017,0.002,103.3,58.5,48.4,49.6,50.7,52.5,51.5,48.5,46.1,50.8,52.8,54.0,58.7,50.4,53.6,34693.0,346788.0,41.7416680972117
2020-09-09,2164084.8,0.109,0.0128,602312.12,0.081,0.0017,82370.87,0.111,0.0291,-2.1,98.0,101.7,0.017,0.002,103.3,58.5,48.4,49.6,50.7,52.5,51.5,48.5,46.1,50.8,52.8,54.0,58.7,50.4,53.6,34693.0,346788.0,41.7416680972117
2020-09-10,2164084.8,0.109,0.0128,602312.12,0.081,0.0017,82370.87,0.111,0.0291,-2.1,98.0,101.7,0.017,0.002,103.3,58.5,48.4,49.6,50.7,52.5,51.5,48.5,46.1,50.8,52.8,54.0,58.7,50.4,53.6,34693.0,346788.0,41.7416680972117
2020-09-11,2164084.8,0.109,0.0128,602312.12,0.081,0.0017,82370.87,0.111,0.0291,-2.1,98.0,101.7,0.017,0.002,103.3,58.5,48.4,49.6,50.7,52.5,51.5,48.5,46.1,50.8,52.8,54.0,58.7,50.4,53.6,34693.0,346788.0,41.7416680972117
2020-09-14,2164084.8,0.109,0.0128,602312.12,0.081,0.0017,82370.87,0.111,0.0291,-2.1,98.0,101.7,0.017,0.002,103.3,58.5,48.4,49.6,50.7,52.5,51.5,48.5,46.1,50.8,52.8,54.0,58.7,50.4,53.6,34693.0,346788.0,41.7416680972117
2020-09-15,2164084.8,0.109,0.0128,602312.12,0.081,0.0017,82370.87,0.111,0.0291,-2.1,98.0,101.7,0.017,0.002,103.3,58.5,48.4,49.6,50.7,52.5,51.5,48.5,46.1,50.8,52.8,54.0,58.7,50.4,53.6,34693.0,346788.0,41.7416680972117
2020-09-16,2164084.8,0.109,0.0128,602312.12,0.081,0.0017,82370.87,0.111,0.0291,-2.1,98.0,101.7,0.017,0.002,103.3,58.5,48.4,49.6,50.7,52.5,51.5,48.5,46.1,50.8,52.8,54.0,58.7,50.4,53.6,34693.0,346788.0,41.7416680972117
2020-09-17,2164084.8,0.109,0.0128,602312.12,0.081,0.0017,82370.87,0.111,0.0291,-2.1,98.0,101.7,0.017,0.002,103.3,58.5,48.4,49.6,50.7,52.5,51.5,48.5,46.1,50.8,52.8,54.0,58.7,50.4,53.6,34693.0,346788.0,41.7416680972117
2020-09-18,2164084.8,0.109,0.0128,602312.12,0.081,0.0017,82370.87,0.111,0.0291,-2.1,98.0,101.7,0.017,0.002,103.3,58.5,48.4,49.6,50.7,52.5,51.5,48.5,46.1,50.8,52.8,54.0,58.7,50.4,53.6,34693.0,346788.0,41.7416680972117
2020-09-21,2164084.8,0.109,0.0128,602312.12,0.081,0.0017,82370.87,0.111,0.0291,-2.1,98.0,101.7,0.017,0.002,103.3,58.5,48.4,49.6,50.7,52.5,51.5,48.5,46.1,50.8,52.8,54.0,58.7,50.4,53.6,34693.0,346788.0,41.7416680972117
2020-09-22,2164084.8,0.109,0.0128,602312.12,0.081,0.0017,82370.87,0.111,0.0291,-2.1,98.0,101.7,0.017,0.002,103.3,58.5,48.4,49.6,50.7,52.5,51.5,48.5,46.1,50.8,52.8,54.0,58.7,50.4,53.6,34693.0,346788.0,41.7416680972117
2020-09-23,2164084.8,0.109,0.0128,602312.12,0.081,0.0017,82370.87,0.111,0.0291,-2.1,98.0,101.7,0.017,0.002,103.3,58.5,48.4,49.6,50.7,52.5,51.5,48.5,46.1,50.8,52.8,54.0,58.7,50.4,53.6,34693.0,346788.0,41.7416680972117
2020-09-24,2164084.8,0.109,0.0128,602312.12,0.081,0.0017,82370.87,0.111,0.0291,-2.1,98.0,101.7,0.017,0.002,103.3,58.5,48.4,49.6,50.7,52.5,51.5,48.5,46.1,50.8,52.8,54.0,58.7,50.4,53.6,34693.0,346788.0,41.7416680972117
2020-09-25,2164084.8,0.109,0.0128,602312.12,0.081,0.0017,82370.87,0.111,0.0291,-2.1,98.0,101.7,0.017,0.002,103.3,58.5,48.4,49.6,50.7,52.5,51.5,48.5,46.1,50.8,52.8,54.0,58.7,50.4,53.6,34693.0,346788.0,41.7416680972117
2020-09-28,2164084.8,0.109,0.0128,602312.12,0.081,0.0017,82370.87,0.111,0.0291,-2.1,98.0,101.7,0.017,0.002,103.3,58.5,48.4,49.6,50.7,52.5,51.5,48.5,46.1,50.8,52.8,54.0,58.7,50.4,53.6,34693.0,346788.0,41.7416680972117
2020-09-29,2164084.8,0.109,0.0128,602312.12,0.081,0.0017,82370.87,0.111,0.0291,-2.1,98.0,101.7,0.017,0.002,103.3,58.5,48.4,49.6,50.7,52.5,51.5,48.5,46.1,50.8,52.8,54.0,58.7,50.4,53.6,34693.0,346788.0,41.7416680972117
2020-09-30,2164084.8,0.109,0.0128,602312.12,0.081,0.0017,82370.87,0.111,0.0291,-2.1,98.0,101.7,0.017,0.002,103.3,58.5,48.4,49.6,50.7,52.5,51.5,48.5,46.1,50.8,52.8,54.0,58.7,50.4,53.6,34693.0,346788.0,41.7416680972117
2020-10-09,2149720.42,0.105,-0.0066,609182.41,0.091,0.0114,81036.43,0.104,-0.0162,-2.1,98.0,100.5,0.005,-0.003,103.0,58.8,44.9,49.3,50.6,53.2,51.4,48.0,47.2,51.0,52.8,53.9,59.3,50.8,53.1,13929.0,352037.0,43.1498605248819
2020-10-12,2149720.42,0.105,-0.0066,609182.41,0.091,0.0114,81036.43,0.104,-0.0162,-2.1,98.0,100.5,0.005,-0.003,103.0,58.8,44.9,49.3,50.6,53.2,51.4,48.0,47.2,51.0,52.8,53.9,59.3,50.8,53.1,13929.0,352037.0,43.1498605248819
2020-10-13,2149720.42,0.105,-0.0066,609182.41,0.091,0.0114,81036.43,0.104,-0.0162,-2.1,98.0,100.5,0.005,-0.003,103.0,58.8,44.9,49.3,50.6,53.2,51.4,48.0,47.2,51.0,52.8,53.9,59.3,50.8,53.1,13929.0,352037.0,43.1498605248819
2020-10-14,2149720.42,0.105,-0.0066,609182.41,0.091,0.0114,81036.43,0.104,-0.0162,-2.1,98.0,100.5,0.005,-0.003,103.0,58.8,44.9,49.3,50.6,53.2,51.4,48.0,47.2,51.0,52.8,53.9,59.3,50.8,53.1,13929.0,352037.0,43.1498605248819
2020-10-15,2149720.42,0.105,-0.0066,609182.41,0.091,0.0114,81036.43,0.104,-0.0162,-2.1,98.0,100.5,0.005,-0.003,103.0,58.8,44.9,49.3,50.6,53.2,51.4,48.0,47.2,51.0,52.8,53.9,59.3,50.8,53.1,13929.0,352037.0,43.1498605248819
2020-10-16,2149720.42,0.105,-0.0066,609182.41,0.091,0.0114,81036.43,0.104,-0.0162,-2.1,98.0,100.5,0.005,-0.003,103.0,58.8,44.9,49.3,50.6,53.2,51.4,48.0,47.2,51.0,52.8,53.9,59.3,50.8,53.1,13929.0,352037.0,43.1498605248819
2020-10-19,2149720.42,0.105,-0.0066,609182.41,0.091,0.0114,81036.43,0.104,-0.0162,-2.1,98.0,100.5,0.005,-0.003,103.0,58.8,44.9,49.3,50.6,53.2,51.4,48.0,47.2,51.0,52.8,53.9,59.3,50.8,53.1,13929.0,352037.0,43.1498605248819
2020-10-20,2149720.42,0.105,-0.0066,609182.41,0.091,0.0114,81036.43,0.104,-0.0162,-2.1,98.0,100.5,0.005,-0.003,103.0,58.8,44.9,49.3,50.6,53.2,51.4,48.0,47.2,51.0,52.8,53.9,59.3,50.8,53.1,13929.0,352037.0,43.1498605248819
2020-10-21,2149720.42,0.105,-0.0066,609182.41,0.091,0.0114,81036.43,0.104,-0.0162,-2.1,98.0,100.5,0.005,-0.003,103.0,58.8,44.9,49.3,50.6,53.2,51.4,48.0,47.2,51.0,52.8,53.9,59.3,50.8,53.1,13929.0,352037.0,43.1498605248819
2020-10-22,2149720.42,0.105,-0.0066,609182.41,0.091,0.0114,81036.43,0.104,-0.0162,-2.1,98.0,100.5,0.005,-0.003,103.0,58.8,44.9,49.3,50.6,53.2,51.4,48.0,47.2,51.0,52.8,53.9,59.3,50.8,53.1,13929.0,352037.0,43.1498605248819
2020-10-23,2149720.42,0.105,-0.0066,609182.41,0.091,0.0114,81036.43,0.104,-0.0162,-2.1,98.0,100.5,0.005,-0.003,103.0,58.8,44.9,49.3,50.6,53.2,51.4,48.0,47.2,51.0,52.8,53.9,59.3,50.8,53.1,13929.0,352037.0,43.1498605248819
2020-10-26,2149720.42,0.105,-0.0066,609182.41,0.091,0.0114,81036.43,0.104,-0.0162,-2.1,98.0,100.5,0.005,-0.003,103.0,58.8,44.9,49.3,50.6,53.2,51.4,48.0,47.2,51.0,52.8,53.9,59.3,50.8,53.1,13929.0,352037.0,43.1498605248819
2020-10-27,2149720.42,0.105,-0.0066,609182.41,0.091,0.0114,81036.43,0.104,-0.0162,-2.1,98.0,100.5,0.005,-0.003,103.0,58.8,44.9,49.3,50.6,53.2,51.4,48.0,47.2,51.0,52.8,53.9,59.3,50.8,53.1,13929.0,352037.0,43.1498605248819
2020-10-28,2149720.42,0.105,-0.0066,609182.41,0.091,0.0114,81036.43,0.104,-0.0162,-2.1,98.0,100.5,0.005,-0.003,103.0,58.8,44.9,49.3,50.6,53.2,51.4,48.0,47.2,51.0,52.8,53.9,59.3,50.8,53.1,13929.0,352037.0,43.1498605248819
2020-10-29,2149720.42,0.105,-0.0066,609182.41,0.091,0.0114,81036.43,0.104,-0.0162,-2.1,98.0,100.5,0.005,-0.003,103.0,58.8,44.9,49.3,50.6,53.2,51.4,48.0,47.2,51.0,52.8,53.9,59.3,50.8,53.1,13929.0,352037.0,43.1498605248819
2020-10-30,2149720.42,0.105,-0.0066,609182.41,0.091,0.0114,81036.43,0.104,-0.0162,-2.1,98.0,100.5,0.005,-0.003,103.0,58.8,44.9,49.3,50.6,53.2,51.4,48.0,47.2,51.0,52.8,53.9,59.3,50.8,53.1,13929.0,352037.0,43.1498605248819
2020-11-02,2172002.55,0.107,0.0104,618632.17,0.1,0.0155,81593.61,0.103,0.0069,-1.5,98.0,99.5,-0.005,-0.006,102.7,62.6,45.7,49.5,50.1,56.5,52.1,48.6,46.7,51.5,53.9,54.7,60.1,50.9,53.7,21355.0,353455.0,41.0322400446892
2020-11-03,2172002.55,0.107,0.0104,618632.17,0.1,0.0155,81593.61,0.103,0.0069,-1.5,98.0,99.5,-0.005,-0.006,102.7,62.6,45.7,49.5,50.1,56.5,52.1,48.6,46.7,51.5,53.9,54.7,60.1,50.9,53.7,21355.0,353455.0,41.0322400446892
2020-11-04,2172002.55,0.107,0.0104,618632.17,0.1,0.0155,81593.61,0.103,0.0069,-1.5,98.0,99.5,-0.005,-0.006,102.7,62.6,45.7,49.5,50.1,56.5,52.1,48.6,46.7,51.5,53.9,54.7,60.1,50.9,53.7,21355.0,353455.0,41.0322400446892
2020-11-05,2172002.55,0.107,0.0104,618632.17,0.1,0.0155,81593.61,0.103,0.0069,-1.5,98.0,99.5,-0.005,-0.006,102.7,62.6,45.7,49.5,50.1,56.5,52.1,48.6,46.7,51.5,53.9,54.7,60.1,50.9,53.7,21355.0,353455.0,41.0322400446892
2020-11-06,2172002.55,0.107,0.0104,618632.17,0.1,0.0155,81593.61,0.103,0.0069,-1.5,98.0,99.5,-0.005,-0.006,102.7,62.6,45.7,49.5,50.1,56.5,52.1,48.6,46.7,51.5,53.9,54.7,60.1,50.9,53.7,21355.0,353455.0,41.0322400446892
2020-11-09,2172002.55,0.107,0.0104,618632.17,0.1,0.0155,81593.61,0.103,0.0069,-1.5,98.0,99.5,-0.005,-0.006,102.7,62.6,45.7,49.5,50.1,56.5,52.1,48.6,46.7,51.5,53.9,54.7,60.1,50.9,53.7,21355.0,353455.0,41.0322400446892
2020-11-10,2172002.55,0.107,0.0104,618632.17,0.1,0.0155,81593.61,0.103,0.0069,-1.5,98.0,99.5,-0.005,-0.006,102.7,62.6,45.7,49.5,50.1,56.5,52.1,48.6,46.7,51.5,53.9,54.7,60.1,50.9,53.7,21355.0,353455.0,41.0322400446892
2020-11-11,2172002.55,0.107,0.0104,618632.17,0.1,0.0155,81593.61,0.103,0.0069,-1.5,98.0,99.5,-0.005,-0.006,102.7,62.6,45.7,49.5,50.1,56.5,52.1,48.6,46.7,51.5,53.9,54.7,60.1,50.9,53.7,21355.0,353455.0,41.0322400446892
2020-11-12,2172002.55,0.107,0.0104,618632.17,0.1,0.0155,81593.61,0.103,0.0069,-1.5,98.0,99.5,-0.005,-0.006,102.7,62.6,45.7,49.5,50.1,56.5,52.1,48.6,46.7,51.5,53.9,54.7,60.1,50.9,53.7,21355.0,353455.0,41.0322400446892
2020-11-13,2172002.55,0.107,0.0104,618632.17,0.1,0.0155,81593.61,0.103,0.0069,-1.5,98.0,99.5,-0.005,-0.006,102.7,62.6,45.7,49.5,50.1,56.5,52.1,48.6,46.7,51.5,53.9,54.7,60.1,50.9,53.7,21355.0,353455.0,41.0322400446892
2020-11-16,2172002.55,0.107,0.0104,618632.17,0.1,0.0155,81593.61,0.103,0.0069,-1.5,98.0,99.5,-0.005,-0.006,102.7,62.6,45.7,49.5,50.1,56.5,52.1,48.6,46.7,51.5,53.9,54.7,60.1,50.9,53.7,21355.0,353455.0,41.0322400446892
2020-11-17,2172002.55,0.107,0.0104,618632.17,0.1,0.0155,81593.61,0.103,0.0069,-1.5,98.0,99.5,-0.005,-0.006,102.7,62.6,45.7,49.5,50.1,56.5,52.1,48.6,46.7,51.5,53.9,54.7,60.1,50.9,53.7,21355.0,353455.0,41.0322400446892
2020-11-18,2172002.55,0.107,0.0104,618632.17,0.1,0.0155,81593.61,0.103,0.0069,-1.5,98.0,99.5,-0.005,-0.006,102.7,62.6,45.7,49.5,50.1,56.5,52.1,48.6,46.7,51.5,53.9,54.7,60.1,50.9,53.7,21355.0,353455.0,41.0322400446892
2020-11-19,2172002.55,0.107,0.0104,618632.17,0.1,0.0155,81593.61,0.103,0.0069,-1.5,98.0,99.5,-0.005,-0.006,102.7,62.6,45.7,49.5,50.1,56.5,52.1,48.6,46.7,51.5,53.9,54.7,60.1,50.9,53.7,21355.0,353455.0,41.0322400446892
2020-11-20,2172002.55,0.107,0.0104,618632.17,0.1,0.0155,81593.61,0.103,0.0069,-1.5,98.0,99.5,-0.005,-0.006,102.7,62.6,45.7,49.5,50.1,56.5,52.1,48.6,46.7,51.5,53.9,54.7,60.1,50.9,53.7,21355.0,353455.0,41.0322400446892
2020-11-23,2172002.55,0.107,0.0104,618632.17,0.1,0.0155,81593.61,0.103,0.0069,-1.5,98.0,99.5,-0.005,-0.006,102.7,62.6,45.7,49.5,50.1,56.5,52.1,48.6,46.7,51.5,53.9,54.7,60.1,50.9,53.7,21355.0,353455.0,41.0322400446892
2020-11-24,2172002.55,0.107,0.0104,618632.17,0.1,0.0155,81593.61,0.103,0.0069,-1.5,98.0,99.5,-0.005,-0.006,102.7,62.6,45.7,49.5,50.1,56.5,52.1,48.6,46.7,51.5,53.9,54.7,60.1,50.9,53.7,21355.0,353455.0,41.0322400446892
2020-11-25,2172002.55,0.107,0.0104,618632.17,0.1,0.0155,81593.61,0.103,0.0069,-1.5,98.0,99.5,-0.005,-0.006,102.7,62.6,45.7,49.5,50.1,56.5,52.1,48.6,46.7,51.5,53.9,54.7,60.1,50.9,53.7,21355.0,353455.0,41.0322400446892
2020-11-26,2172002.55,0.107,0.0104,618632.17,0.1,0.0155,81593.61,0.103,0.0069,-1.5,98.0,99.5,-0.005,-0.006,102.7,62.6,45.7,49.5,50.1,56.5,52.1,48.6,46.7,51.5,53.9,54.7,60.1,50.9,53.7,21355.0,353455.0,41.0322400446892
2020-11-27,2172002.55,0.107,0.0104,618632.17,0.1,0.0155,81593.61,0.103,0.0069,-1.5,98.0,99.5,-0.005,-0.006,102.7,62.6,45.7,49.5,50.1,56.5,52.1,48.6,46.7,51.5,53.9,54.7,60.1,50.9,53.7,21355.0,353455.0,41.0322400446892
2020-11-30,2172002.55,0.107,0.0104,618632.17,0.1,0.0155,81593.61,0.103,0.0069,-1.5,98.0,99.5,-0.005,-0.006,102.7,62.6,45.7,49.5,50.1,56.5,52.1,48.6,46.7,51.5,53.9,54.7,60.1,50.9,53.7,21355.0,353455.0,41.0322400446892
2020-12-01,2186795.89,0.101,0.0068,625580.99,0.086,0.0112,84314.53,0.092,0.0333,-0.4,98.2,100.2,0.002,0.007,102.5,68.0,46.2,49.6,49.9,58.9,51.9,48.6,47.1,51.3,53.6,54.2,59.8,50.4,53.2,17192.0,348634.0,35.795275283853
2020-12-02,2186795.89,0.101,0.0068,625580.99,0.086,0.0112,84314.53,0.092,0.0333,-0.4,98.2,100.2,0.002,0.007,102.5,68.0,46.2,49.6,49.9,58.9,51.9,48.6,47.1,51.3,53.6,54.2,59.8,50.4,53.2,17192.0,348634.0,35.795275283853
2020-12-03,2186795.89,0.101,0.0068,625580.99,0.086,0.0112,84314.53,0.092,0.0333,-0.4,98.2,100.2,0.002,0.007,102.5,68.0,46.2,49.6,49.9,58.9,51.9,48.6,47.1,51.3,53.6,54.2,59.8,50.4,53.2,17192.0,348634.0,35.795275283853
2020-12-04,2186795.89,0.101,0.0068,625580.99,0.086,0.0112,84314.53,0.092,0.0333,-0.4,98.2,100.2,0.002,0.007,102.5,68.0,46.2,49.6,49.9,58.9,51.9,48.6,47.1,51.3,53.6,54.2,59.8,50.4,53.2,17192.0,348634.0,35.795275283853
2020-12-07,2186795.89,0.101,0.0068,625580.99,0.086,0.0112,84314.53,0.092,0.0333,-0.4,98.2,100.2,0.002,0.007,102.5,68.0,46.2,49.6,49.9,58.9,51.9,48.6,47.1,51.3,53.6,54.2,59.8,50.4,53.2,17192.0,348634.0,35.795275283853
2020-12-08,2186795.89,0.101,0.0068,625580.99,0.086,0.0112,84314.53,0.092,0.0333,-0.4,98.2,100.2,0.002,0.007,102.5,68.0,46.2,49.6,49.9,58.9,51.9,48.6,47.1,51.3,53.6,54.2,59.8,50.4,53.2,17192.0,348634.0,35.795275283853
2020-12-09,2186795.89,0.101,0.0068,625580.99,0.086,0.0112,84314.53,0.092,0.0333,-0.4,98.2,100.2,0.002,0.007,102.5,68.0,46.2,49.6,49.9,58.9,51.9,48.6,47.1,51.3,53.6,54.2,59.8,50.4,53.2,17192.0,348634.0,35.795275283853
2020-12-10,2186795.89,0.101,0.0068,625580.99,0.086,0.0112,84314.53,0.092,0.0333,-0.4,98.2,100.2,0.002,0.007,102.5,68.0,46.2,49.6,49.9,58.9,51.9,48.6,47.1,51.3,53.6,54.2,59.8,50.4,53.2,17192.0,348634.0,35.795275283853
2020-12-11,2186795.89,0.101,0.0068,625580.99,0.086,0.0112,84314.53,0.092,0.0333,-0.4,98.2,100.2,0.002,0.007,102.5,68.0,46.2,49.6,49.9,58.9,51.9,48.6,47.1,51.3,53.6,54.2,59.8,50.4,53.2,17192.0,348634.0,35.795275283853
2020-12-14,2186795.89,0.101,0.0068,625580.99,0.086,0.0112,84314.53,0.092,0.0333,-0.4,98.2,100.2,0.002,0.007,102.5,68.0,46.2,49.6,49.9,58.9,51.9,48.6,47.1,51.3,53.6,54.2,59.8,50.4,53.2,17192.0,348634.0,35.795275283853
2020-12-15,2186795.89,0.101,0.0068,625580.99,0.086,0.0112,84314.53,0.092,0.0333,-0.4,98.2,100.2,0.002,0.007,102.5,68.0,46.2,49.6,49.9,58.9,51.9,48.6,47.1,51.3,53.6,54.2,59.8,50.4,53.2,17192.0,348634.0,35.795275283853
2020-12-16,2186795.89,0.101,0.0068,625580.99,0.086,0.0112,84314.53,0.092,0.0333,-0.4,98.2,100.2,0.002,0.007,102.5,68.0,46.2,49.6,49.9,58.9,51.9,48.6,47.1,51.3,53.6,54.2,59.8,50.4,53.2,17192.0,348634.0,35.795275283853
2020-12-17,2186795.89,0.101,0.0068,625580.99,0.086,0.0112,84314.53,0.092,0.0333,-0.4,98.2,100.2,0.002,0.007,102.5,68.0,46.2,49.6,49.9,58.9,51.9,48.6,47.1,51.3,53.6,54.2,59.8,50.4,53.2,17192.0,348634.0,35.795275283853
2020-12-18,2186795.89,0.101,0.0068,625580.99,0.086,0.0112,84314.53,0.092,0.0333,-0.4,98.2,100.2,0.002,0.007,102.5,68.0,46.2,49.6,49.9,58.9,51.9,48.6,47.1,51.3,53.6,54.2,59.8,50.4,53.2,17192.0,348634.0,35.795275283853
2020-12-21,2186795.89,0.101,0.0068,625580.99,0.086,0.0112,84314.53,0.092,0.0333,-0.4,98.2,100.2,0.002,0.007,102.5,68.0,46.2,49.6,49.9,58.9,51.9,48.6,47.1,51.3,53.6,54.2,59.8,50.4,53.2,17192.0,348634.0,35.795275283853
2020-12-22,2186795.89,0.101,0.0068,625580.99,0.086,0.0112,84314.53,0.092,0.0333,-0.4,98.2,100.2,0.002,0.007,102.5,68.0,46.2,49.6,49.9,58.9,51.9,48.6,47.1,51.3,53.6,54.2,59.8,50.4,53.2,17192.0,348634.0,35.795275283853
2020-12-23,2186795.89,0.101,0.0068,625580.99,0.086,0.0112,84314.53,0.092,0.0333,-0.4,98.2,100.2,0.002,0.007,102.5,68.0,46.2,49.6,49.9,58.9,51.9,48.6,47.1,51.3,53.6,54.2,59.8,50.4,53.2,17192.0,348634.0,35.795275283853
2020-12-24,2186795.89,0.101,0.0068,625580.99,0.086,0.0112,84314.53,0.092,0.0333,-0.4,98.2,100.2,0.002,0.007,102.5,68.0,46.2,49.6,49.9,58.9,51.9,48.6,47.1,51.3,53.6,54.2,59.8,50.4,53.2,17192.0,348634.0,35.795275283853
2020-12-25,2186795.89,0.101,0.0068,625580.99,0.086,0.0112,84314.53,0.092,0.0333,-0.4,98.2,100.2,0.002,0.007,102.5,68.0,46.2,49.6,49.9,58.9,51.9,48.6,47.1,51.3,53.6,54.2,59.8,50.4,53.2,17192.0,348634.0,35.795275283853
2020-12-28,2186795.89,0.101,0.0068,625580.99,0.086,0.0112,84314.53,0.092,0.0333,-0.4,98.2,100.2,0.002,0.007,102.5,68.0,46.2,49.6,49.9,58.9,51.9,48.6,47.1,51.3,53.6,54.2,59.8,50.4,53.2,17192.0,348634.0,35.795275283853
2020-12-29,2186795.89,0.101,0.0068,625580.99,0.086,0.0112,84314.53,0.092,0.0333,-0.4,98.2,100.2,0.002,0.007,102.5,68.0,46.2,49.6,49.9,58.9,51.9,48.6,47.1,51.3,53.6,54.2,59.8,50.4,53.2,17192.0,348634.0,35.795275283853
2020-12-30,2186795.89,0.101,0.0068,625580.99,0.086,0.0112,84314.53,0.092,0.0333,-0.4,98.2,100.2,0.002,0.007,102.5,68.0,46.2,49.6,49.9,58.9,51.9,48.6,47.1,51.3,53.6,54.2,59.8,50.4,53.2,17192.0,348634.0,35.795275283853
2020-12-31,2186795.89,0.101,0.0068,625580.99,0.086,0.0112,84314.53,0.092,0.0333,-0.4,98.2,100.2,0.002,0.007,102.5,68.0,46.2,49.6,49.9,58.9,51.9,48.6,47.1,51.3,53.6,54.2,59.8,50.4,53.2,17192.0,348634.0,35.795275283853
2021-01-04,2213047.33,0.094,0.012,625563.81,0.147,0.0,89625.24,-0.039,0.063,0.3,100.3,99.7,-0.003,0.01,99.7,67.1,49.0,48.4,48.8,57.2,51.3,49.0,47.3,50.2,52.3,53.5,57.9,49.8,52.0,51884.0,349983.0,34.3613112765329
2021-01-05,2213047.33,0.094,0.012,625563.81,0.147,0.0,89625.24,-0.039,0.063,0.3,100.3,99.7,-0.003,0.01,99.7,67.1,49.0,48.4,48.8,57.2,51.3,49.0,47.3,50.2,52.3,53.5,57.9,49.8,52.0,51884.0,349983.0,34.3613112765329
2021-01-06,2213047.33,0.094,0.012,625563.81,0.147,0.0,89625.24,-0.039,0.063,0.3,100.3,99.7,-0.003,0.01,99.7,67.1,49.0,48.4,48.8,57.2,51.3,49.0,47.3,50.2,52.3,53.5,57.9,49.8,52.0,51884.0,349983.0,34.3613112765329
2021-01-07,2213047.33,0.094,0.012,625563.81,0.147,0.0,89625.24,-0.039,0.063,0.3,100.3,99.7,-0.003,0.01,99.7,67.1,49.0,48.4,48.8,57.2,51.3,49.0,47.3,50.2,52.3,53.5,57.9,49.8,52.0,51884.0,349983.0,34.3613112765329
2021-01-08,2213047.33,0.094,0.012,625563.81,0.147,0.0,89625.24,-0.039,0.063,0.3,100.3,99.7,-0.003,0.01,99.7,67.1,49.0,48.4,48.8,57.2,51.3,49.0,47.3,50.2,52.3,53.5,57.9,49.8,52.0,51884.0,349983.0,34.3613112765329
2021-01-11,2213047.33,0.094,0.012,625563.81,0.147,0.0,89625.24,-0.039,0.063,0.3,100.3,99.7,-0.003,0.01,99.7,67.1,49.0,48.4,48.8,57.2,51.3,49.0,47.3,50.2,52.3,53.5,57.9,49.8,52.0,51884.0,349983.0,34.3613112765329
2021-01-12,2213047.33,0.094,0.012,625563.81,0.147,0.0,89625.24,-0.039,0.063,0.3,100.3,99.7,-0.003,0.01,99.7,67.1,49.0,48.4,48.8,57.2,51.3,49.0,47.3,50.2,52.3,53.5,57.9,49.8,52.0,51884.0,349983.0,34.3613112765329
2021-01-13,2213047.33,0.094,0.012,625563.81,0.147,0.0,89625.24,-0.039,0.063,0.3,100.3,99.7,-0.003,0.01,99.7,67.1,49.0,48.4,48.8,57.2,51.3,49.0,47.3,50.2,52.3,53.5,57.9,49.8,52.0,51884.0,349983.0,34.3613112765329
2021-01-14,2213047.33,0.094,0.012,625563.81,0.147,0.0,89625.24,-0.039,0.063,0.3,100.3,99.7,-0.003,0.01,99.7,67.1,49.0,48.4,48.8,57.2,51.3,49.0,47.3,50.2,52.3,53.5,57.9,49.8,52.0,51884.0,349983.0,34.3613112765329
2021-01-15,2213047.33,0.094,0.012,625563.81,0.147,0.0,89625.24,-0.039,0.063,0.3,100.3,99.7,-0.003,0.01,99.7,67.1,49.0,48.4,48.8,57.2,51.3,49.0,47.3,50.2,52.3,53.5,57.9,49.8,52.0,51884.0,349983.0,34.3613112765329
2021-01-18,2213047.33,0.094,0.012,625563.81,0.147,0.0,89625.24,-0.039,0.063,0.3,100.3,99.7,-0.003,0.01,99.7,67.1,49.0,48.4,48.8,57.2,51.3,49.0,47.3,50.2,52.3,53.5,57.9,49.8,52.0,51884.0,349983.0,34.3613112765329
2021-01-19,2213047.33,0.094,0.012,625563.81,0.147,0.0,89625.24,-0.039,0.063,0.3,100.3,99.7,-0.003,0.01,99.7,67.1,49.0,48.4,48.8,57.2,51.3,49.0,47.3,50.2,52.3,53.5,57.9,49.8,52.0,51884.0,349983.0,34.3613112765329
2021-01-20,2213047.33,0.094,0.012,625563.81,0.147,0.0,89625.24,-0.039,0.063,0.3,100.3,99.7,-0.003,0.01,99.7,67.1,49.0,48.4,48.8,57.2,51.3,49.0,47.3,50.2,52.3,53.5,57.9,49.8,52.0,51884.0,349983.0,34.3613112765329
2021-01-21,2213047.33,0.094,0.012,625563.81,0.147,0.0,89625.24,-0.039,0.063,0.3,100.3,99.7,-0.003,0.01,99.7,67.1,49.0,48.4,48.8,57.2,51.3,49.0,47.3,50.2,52.3,53.5,57.9,49.8,52.0,51884.0,349983.0,34.3613112765329
2021-01-22,2213047.33,0.094,0.012,625563.81,0.147,0.0,89625.24,-0.039,0.063,0.3,100.3,99.7,-0.003,0.01,99.7,67.1,49.0,48.4,48.8,57.2,51.3,49.0,47.3,50.2,52.3,53.5,57.9,49.8,52.0,51884.0,349983.0,34.3613112765329
2021-01-25,2213047.33,0.094,0.012,625563.81,0.147,0.0,89625.24,-0.039,0.063,0.3,100.3,99.7,-0.003,0.01,99.7,67.1,49.0,48.4,48.8,57.2,51.3,49.0,47.3,50.2,52.3,53.5,57.9,49.8,52.0,51884.0,349983.0,34.3613112765329
2021-01-26,2213047.33,0.094,0.012,625563.81,0.147,0.0,89625.24,-0.039,0.063,0.3,100.3,99.7,-0.003,0.01,99.7,67.1,49.0,48.4,48.8,57.2,51.3,49.0,47.3,50.2,52.3,53.5,57.9,49.8,52.0,51884.0,349983.0,34.3613112765329
2021-01-27,2213047.33,0.094,0.012,625563.81,0.147,0.0,89625.24,-0.039,0.063,0.3,100.3,99.7,-0.003,0.01,99.7,67.1,49.0,48.4,48.8,57.2,51.3,49.0,47.3,50.2,52.3,53.5,57.9,49.8,52.0,51884.0,349983.0,34.3613112765329
2021-01-28,2213047.33,0.094,0.012,625563.81,0.147,0.0,89625.24,-0.039,0.063,0.3,100.3,99.7,-0.003,0.01,99.7,67.1,49.0,48.4,48.8,57.2,51.3,49.0,47.3,50.2,52.3,53.5,57.9,49.8,52.0,51884.0,349983.0,34.3613112765329
2021-01-29,2213047.33,0.094,0.012,625563.81,0.147,0.0,89625.24,-0.039,0.063,0.3,100.3,99.7,-0.003,0.01,99.7,67.1,49.0,48.4,48.8,57.2,51.3,49.0,47.3,50.2,52.3,53.5,57.9,49.8,52.0,51884.0,349983.0,34.3613112765329
2021-02-01,2236030.26,0.101,0.0104,593487.46,0.074,-0.0513,91924.6,0.042,0.0257,1.7,101.0,99.8,-0.002,0.006,99.7,66.7,48.0,48.1,47.9,58.5,50.6,47.7,46.1,48.8,51.5,51.9,59.2,49.6,51.6,17243.0,358489.0,38.1189053403763
2021-02-02,2236030.26,0.101,0.0104,593487.46,0.074,-0.0513,91924.6,0.042,0.0257,1.7,101.0,99.8,-0.002,0.006,99.7,66.7,48.0,48.1,47.9,58.5,50.6,47.7,46.1,48.8,51.5,51.9,59.2,49.6,51.6,17243.0,358489.0,38.1189053403763
2021-02-03,2236030.26,0.101,0.0104,593487.46,0.074,-0.0513,91924.6,0.042,0.0257,1.7,101.0,99.8,-0.002,0.006,99.7,66.7,48.0,48.1,47.9,58.5,50.6,47.7,46.1,48.8,51.5,51.9,59.2,49.6,51.6,17243.0,358489.0,38.1189053403763
2021-02-04,2236030.26,0.101,0.0104,593487.46,0.074,-0.0513,91924.6,0.042,0.0257,1.7,101.0,99.8,-0.002,0.006,99.7,66.7,48.0,48.1,47.9,58.5,50.6,47.7,46.1,48.8,51.5,51.9,59.2,49.6,51.6,17243.0,358489.0,38.1189053403763
2021-02-05,2236030.26,0.101,0.0104,593487.46,0.074,-0.0513,91924.6,0.042,0.0257,1.7,101.0,99.8,-0.002,0.006,99.7,66.7,48.0,48.1,47.9,58.5,50.6,47.7,46.1,48.8,51.5,51.9,59.2,49.6,51.6,17243.0,358489.0,38.1189053403763
2021-02-08,2236030.26,0.101,0.0104,593487.46,0.074,-0.0513,91924.6,0.042,0.0257,1.7,101.0,99.8,-0.002,0.006,99.7,66.7,48.0,48.1,47.9,58.5,50.6,47.7,46.1,48.8,51.5,51.9,59.2,49.6,51.6,17243.0,358489.0,38.1189053403763
2021-02-09,2236030.26,0.101,0.0104,593487.46,0.074,-0.0513,91924.6,0.042,0.0257,1.7,101.0,99.8,-0.002,0.006,99.7,66.7,48.0,48.1,47.9,58.5,50.6,47.7,46.1,48.8,51.5,51.9,59.2,49.6,51.6,17243.0,358489.0,38.1189053403763
2021-02-10,2236030.26,0.101,0.0104,593487.46,0.074,-0.0513,91924.6,0.042,0.0257,1.7,101.0,99.8,-0.002,0.006,99.7,66.7,48.0,48.1,47.9,58.5,50.6,47.7,46.1,48.8,51.5,51.9,59.2,49.6,51.6,17243.0,358489.0,38.1189053403763
2021-02-18,2236030.26,0.101,0.0104,593487.46,0.074,-0.0513,91924.6,0.042,0.0257,1.7,101.0,99.8,-0.002,0.006,99.7,66.7,48.0,48.1,47.9,58.5,50.6,47.7,46.1,48.8,51.5,51.9,59.2,49.6,51.6,17243.0,358489.0,38.1189053403763
2021-02-19,2236030.26,0.101,0.0104,593487.46,0.074,-0.0513,91924.6,0.042,0.0257,1.7,101.0,99.8,-0.002,0.006,99.7,66.7,48.0,48.1,47.9,58.5,50.6,47.7,46.1,48.8,51.5,51.9,59.2,49.6,51.6,17243.0,358489.0,38.1189053403763
2021-02-22,2236030.26,0.101,0.0104,593487.46,0.074,-0.0513,91924.6,0.042,0.0257,1.7,101.0,99.8,-0.002,0.006,99.7,66.7,48.0,48.1,47.9,58.5,50.6,47.7,46.1,48.8,51.5,51.9,59.2,49.6,51.6,17243.0,358489.0,38.1189053403763
2021-02-23,2236030.26,0.101,0.0104,593487.46,0.074,-0.0513,91924.6,0.042,0.0257,1.7,101.0,99.8,-0.002,0.006,99.7,66.7,48.0,48.1,47.9,58.5,50.6,47.7,46.1,48.8,51.5,51.9,59.2,49.6,51.6,17243.0,358489.0,38.1189053403763
2021-02-24,2236030.26,0.101,0.0104,593487.46,0.074,-0.0513,91924.6,0.042,0.0257,1.7,101.0,99.8,-0.002,0.006,99.7,66.7,48.0,48.1,47.9,58.5,50.6,47.7,46.1,48.8,51.5,51.9,59.2,49.6,51.6,17243.0,358489.0,38.1189053403763
2021-02-25,2236030.26,0.101,0.0104,593487.46,0.074,-0.0513,91924.6,0.042,0.0257,1.7,101.0,99.8,-0.002,0.006,99.7,66.7,48.0,48.1,47.9,58.5,50.6,47.7,46.1,48.8,51.5,51.9,59.2,49.6,51.6,17243.0,358489.0,38.1189053403763
2021-02-26,2236030.26,0.101,0.0104,593487.46,0.074,-0.0513,91924.6,0.042,0.0257,1.7,101.0,99.8,-0.002,0.006,99.7,66.7,48.0,48.1,47.9,58.5,50.6,47.7,46.1,48.8,51.5,51.9,59.2,49.6,51.6,17243.0,358489.0,38.1189053403763
2021-03-01,2276488.45,0.094,0.0181,616113.17,0.071,0.0381,86543.64,0.042,-0.0585,4.4,102.1,100.4,0.004,-0.005,100.0,69.4,46.7,50.1,50.0,59.8,51.9,48.4,46.6,51.2,53.6,53.9,58.5,51.1,53.1,33762.0,340413.0,20.8050761745574
2021-03-02,2276488.45,0.094,0.0181,616113.17,0.071,0.0381,86543.64,0.042,-0.0585,4.4,102.1,100.4,0.004,-0.005,100.0,69.4,46.7,50.1,50.0,59.8,51.9,48.4,46.6,51.2,53.6,53.9,58.5,51.1,53.1,33762.0,340413.0,20.8050761745574
2021-03-03,2276488.45,0.094,0.0181,616113.17,0.071,0.0381,86543.64,0.042,-0.0585,4.4,102.1,100.4,0.004,-0.005,100.0,69.4,46.7,50.1,50.0,59.8,51.9,48.4,46.6,51.2,53.6,53.9,58.5,51.1,53.1,33762.0,340413.0,20.8050761745574
2021-03-04,2276488.45,0.094,0.0181,616113.17,0.071,0.0381,86543.64,0.042,-0.0585,4.4,102.1,100.4,0.004,-0.005,100.0,69.4,46.7,50.1,50.0,59.8,51.9,48.4,46.6,51.2,53.6,53.9,58.5,51.1,53.1,33762.0,340413.0,20.8050761745574
2021-03-05,2276488.45,0.094,0.0181,616113.17,0.071,0.0381,86543.64,0.042,-0.0585,4.4,102.1,100.4,0.004,-0.005,100.0,69.4,46.7,50.1,50.0,59.8,51.9,48.4,46.6,51.2,53.6,53.9,58.5,51.1,53.1,33762.0,340413.0,20.8050761745574
2021-03-08,2276488.45,0.094,0.0181,616113.17,0.071,0.0381,86543.64,0.042,-0.0585,4.4,102.1,100.4,0.004,-0.005,100.0,69.4,46.7,50.1,50.0,59.8,51.9,48.4,46.6,51.2,53.6,53.9,58.5,51.1,53.1,33762.0,340413.0,20.8050761745574
2021-03-09,2276488.45,0.094,0.0181,616113.17,0.071,0.0381,86543.64,0.042,-0.0585,4.4,102.1,100.4,0.004,-0.005,100.0,69.4,46.7,50.1,50.0,59.8,51.9,48.4,46.6,51.2,53.6,53.9,58.5,51.1,53.1,33762.0,340413.0,20.8050761745574
2021-03-10,2276488.45,0.094,0.0181,616113.17,0.071,0.0381,86543.64,0.042,-0.0585,4.4,102.1,100.4,0.004,-0.005,100.0,69.4,46.7,50.1,50.0,59.8,51.9,48.4,46.6,51.2,53.6,53.9,58.5,51.1,53.1,33762.0,340413.0,20.8050761745574
2021-03-11,2276488.45,0.094,0.0181,616113.17,0.071,0.0381,86543.64,0.042,-0.0585,4.4,102.1,100.4,0.004,-0.005,100.0,69.4,46.7,50.1,50.0,59.8,51.9,48.4,46.6,51.2,53.6,53.9,58.5,51.1,53.1,33762.0,340413.0,20.8050761745574
2021-03-12,2276488.45,0.094,0.0181,616113.17,0.071,0.0381,86543.64,0.042,-0.0585,4.4,102.1,100.4,0.004,-0.005,100.0,69.4,46.7,50.1,50.0,59.8,51.9,48.4,46.6,51.2,53.6,53.9,58.5,51.1,53.1,33762.0,340413.0,20.8050761745574
2021-03-15,2276488.45,0.094,0.0181,616113.17,0.071,0.0381,86543.64,0.042,-0.0585,4.4,102.1,100.4,0.004,-0.005,100.0,69.4,46.7,50.1,50.0,59.8,51.9,48.4,46.6,51.2,53.6,53.9,58.5,51.1,53.1,33762.0,340413.0,20.8050761745574
2021-03-16,2276488.45,0.094,0.0181,616113.17,0.071,0.0381,86543.64,0.042,-0.0585,4.4,102.1,100.4,0.004,-0.005,100.0,69.4,46.7,50.1,50.0,59.8,51.9,48.4,46.6,51.2,53.6,53.9,58.5,51.1,53.1,33762.0,340413.0,20.8050761745574
2021-03-17,2276488.45,0.094,0.0181,616113.17,0.071,0.0381,86543.64,0.042,-0.0585,4.4,102.1,100.4,0.004,-0.005,100.0,69.4,46.7,50.1,50.0,59.8,51.9,48.4,46.6,51.2,53.6,53.9,58.5,51.1,53.1,33762.0,340413.0,20.8050761745574
2021-03-18,2276488.45,0.094,0.0181,616113.17,0.071,0.0381,86543.64,0.042,-0.0585,4.4,102.1,100.4,0.004,-0.005,100.0,69.4,46.7,50.1,50.0,59.8,51.9,48.4,46.6,51.2,53.6,53.9,58.5,51.1,53.1,33762.0,340413.0,20.8050761745574
2021-03-19,2276488.45,0.094,0.0181,616113.17,0.071,0.0381,86543.64,0.042,-0.0585,4.4,102.1,100.4,0.004,-0.005,100.0,69.4,46.7,50.1,50.0,59.8,51.9,48.4,46.6,51.2,53.6,53.9,58.5,51.1,53.1,33762.0,340413.0,20.8050761745574
2021-03-22,2276488.45,0.094,0.0181,616113.17,0.071,0.0381,86543.64,0.042,-0.0585,4.4,102.1,100.4,0.004,-0.005,100.0,69.4,46.7,50.1,50.0,59.8,51.9,48.4,46.6,51.2,53.6,53.9,58.5,51.1,53.1,33762.0,340413.0,20.8050761745574
2021-03-23,2276488.45,0.094,0.0181,616113.17,0.071,0.0381,86543.64,0.042,-0.0585,4.4,102.1,100.4,0.004,-0.005,100.0,69.4,46.7,50.1,50.0,59.8,51.9,48.4,46.6,51.2,53.6,53.9,58.5,51.1,53.1,33762.0,340413.0,20.8050761745574
2021-03-24,2276488.45,0.094,0.0181,616113.17,0.071,0.0381,86543.64,0.042,-0.0585,4.4,102.1,100.4,0.004,-0.005,100.0,69.4,46.7,50.1,50.0,59.8,51.9,48.4,46.6,51.2,53.6,53.9,58.5,51.1,53.1,33762.0,340413.0,20.8050761745574
2021-03-25,2276488.45,0.094,0.0181,616113.17,0.071,0.0381,86543.64,0.042,-0.0585,4.4,102.1,100.4,0.004,-0.005,100.0,69.4,46.7,50.1,50.0,59.8,51.9,48.4,46.6,51.2,53.6,53.9,58.5,51.1,53.1,33762.0,340413.0,20.8050761745574
2021-03-26,2276488.45,0.094,0.0181,616113.17,0.071,0.0381,86543.64,0.042,-0.0585,4.4,102.1,100.4,0.004,-0.005,100.0,69.4,46.7,50.1,50.0,59.8,51.9,48.4,46.6,51.2,53.6,53.9,58.5,51.1,53.1,33762.0,340413.0,20.8050761745574
2021-03-29,2276488.45,0.094,0.0181,616113.17,0.071,0.0381,86543.64,0.042,-0.0585,4.4,102.1,100.4,0.004,-0.005,100.0,69.4,46.7,50.1,50.0,59.8,51.9,48.4,46.6,51.2,53.6,53.9,58.5,51.1,53.1,33762.0,340413.0,20.8050761745574
2021-03-30,2276488.45,0.094,0.0181,616113.17,0.071,0.0381,86543.64,0.042,-0.0585,4.4,102.1,100.4,0.004,-0.005,100.0,69.4,46.7,50.1,50.0,59.8,51.9,48.4,46.6,51.2,53.6,53.9,58.5,51.1,53.1,33762.0,340413.0,20.8050761745574
2021-03-31,2276488.45,0.094,0.0181,616113.17,0.071,0.0381,86543.64,0.042,-0.0585,4.4,102.1,100.4,0.004,-0.005,100.0,69.4,46.7,50.1,50.0,59.8,51.9,48.4,46.6,51.2,53.6,53.9,58.5,51.1,53.1,33762.0,340413.0,20.8050761745574
2021-04-01,2262107.12,0.081,-0.0063,605421.89,0.062,-0.0174,85803.37,0.053,-0.0086,6.8,103.3,100.9,0.009,-0.003,100.2,66.9,46.8,49.6,48.7,57.3,51.1,48.3,46.4,50.4,52.0,52.2,58.3,50.6,51.7,18570.0,327956.0,10.7570313133224
2021-04-02,2262107.12,0.081,-0.0063,605421.89,0.062,-0.0174,85803.37,0.053,-0.0086,6.8,103.3,100.9,0.009,-0.003,100.2,66.9,46.8,49.6,48.7,57.3,51.1,48.3,46.4,50.4,52.0,52.2,58.3,50.6,51.7,18570.0,327956.0,10.7570313133224
2021-04-06,2262107.12,0.081,-0.0063,605421.89,0.062,-0.0174,85803.37,0.053,-0.0086,6.8,103.3,100.9,0.009,-0.003,100.2,66.9,46.8,49.6,48.7,57.3,51.1,48.3,46.4,50.4,52.0,52.2,58.3,50.6,51.7,18570.0,327956.0,10.7570313133224
2021-04-07,2262107.12,0.081,-0.0063,605421.89,0.062,-0.0174,85803.37,0.053,-0.0086,6.8,103.3,100.9,0.009,-0.003,100.2,66.9,46.8,49.6,48.7,57.3,51.1,48.3,46.4,50.4,52.0,52.2,58.3,50.6,51.7,18570.0,327956.0,10.7570313133224
2021-04-08,2262107.12,0.081,-0.0063,605421.89,0.062,-0.0174,85803.37,0.053,-0.0086,6.8,103.3,100.9,0.009,-0.003,100.2,66.9,46.8,49.6,48.7,57.3,51.1,48.3,46.4,50.4,52.0,52.2,58.3,50.6,51.7,18570.0,327956.0,10.7570313133224
2021-04-09,2262107.12,0.081,-0.0063,605421.89,0.062,-0.0174,85803.37,0.053,-0.0086,6.8,103.3,100.9,0.009,-0.003,100.2,66.9,46.8,49.6,48.7,57.3,51.1,48.3,46.4,50.4,52.0,52.2,58.3,50.6,51.7,18570.0,327956.0,10.7570313133224
2021-04-12,2262107.12,0.081,-0.0063,605421.89,0.062,-0.0174,85803.37,0.053,-0.0086,6.8,103.3,100.9,0.009,-0.003,100.2,66.9,46.8,49.6,48.7,57.3,51.1,48.3,46.4,50.4,52.0,52.2,58.3,50.6,51.7,18570.0,327956.0,10.7570313133224
2021-04-13,2262107.12,0.081,-0.0063,605421.89,0.062,-0.0174,85803.37,0.053,-0.0086,6.8,103.3,100.9,0.009,-0.003,100.2,66.9,46.8,49.6,48.7,57.3,51.1,48.3,46.4,50.4,52.0,52.2,58.3,50.6,51.7,18570.0,327956.0,10.7570313133224
2021-04-14,2262107.12,0.081,-0.0063,605421.89,0.062,-0.0174,85803.37,0.053,-0.0086,6.8,103.3,100.9,0.009,-0.003,100.2,66.9,46.8,49.6,48.7,57.3,51.1,48.3,46.4,50.4,52.0,52.2,58.3,50.6,51.7,18570.0,327956.0,10.7570313133224
2021-04-15,2262107.12,0.081,-0.0063,605421.89,0.062,-0.0174,85803.37,0.053,-0.0086,6.8,103.3,100.9,0.009,-0.003,100.2,66.9,46.8,49.6,48.7,57.3,51.1,48.3,46.4,50.4,52.0,52.2,58.3,50.6,51.7,18570.0,327956.0,10.7570313133224
2021-04-16,2262107.12,0.081,-0.0063,605421.89,0.062,-0.0174,85803.37,0.053,-0.0086,6.8,103.3,100.9,0.009,-0.003,100.2,66.9,46.8,49.6,48.7,57.3,51.1,48.3,46.4,50.4,52.0,52.2,58.3,50.6,51.7,18570.0,327956.0,10.7570313133224
2021-04-19,2262107.12,0.081,-0.0063,605421.89,0.062,-0.0174,85803.37,0.053,-0.0086,6.8,103.3,100.9,0.009,-0.003,100.2,66.9,46.8,49.6,48.7,57.3,51.1,48.3,46.4,50.4,52.0,52.2,58.3,50.6,51.7,18570.0,327956.0,10.7570313133224
2021-04-20,2262107.12,0.081,-0.0063,605421.89,0.062,-0.0174,85803.37,0.053,-0.0086,6.8,103.3,100.9,0.009,-0.003,100.2,66.9,46.8,49.6,48.7,57.3,51.1,48.3,46.4,50.4,52.0,52.2,58.3,50.6,51.7,18570.0,327956.0,10.7570313133224
2021-04-21,2262107.12,0.081,-0.0063,605421.89,0.062,-0.0174,85803.37,0.053,-0.0086,6.8,103.3,100.9,0.009,-0.003,100.2,66.9,46.8,49.6,48.7,57.3,51.1,48.3,46.4,50.4,52.0,52.2,58.3,50.6,51.7,18570.0,327956.0,10.7570313133224
2021-04-22,2262107.12,0.081,-0.0063,605421.89,0.062,-0.0174,85803.37,0.053,-0.0086,6.8,103.3,100.9,0.009,-0.003,100.2,66.9,46.8,49.6,48.7,57.3,51.1,48.3,46.4,50.4,52.0,52.2,58.3,50.6,51.7,18570.0,327956.0,10.7570313133224
2021-04-23,2262107.12,0.081,-0.0063,605421.89,0.062,-0.0174,85803.37,0.053,-0.0086,6.8,103.3,100.9,0.009,-0.003,100.2,66.9,46.8,49.6,48.7,57.3,51.1,48.3,46.4,50.4,52.0,52.2,58.3,50.6,51.7,18570.0,327956.0,10.7570313133224
2021-04-26,2262107.12,0.081,-0.0063,605421.89,0.062,-0.0174,85803.37,0.053,-0.0086,6.8,103.3,100.9,0.009,-0.003,100.2,66.9,46.8,49.6,48.7,57.3,51.1,48.3,46.4,50.4,52.0,52.2,58.3,50.6,51.7,18570.0,327956.0,10.7570313133224
2021-04-27,2262107.12,0.081,-0.0063,605421.89,0.062,-0.0174,85803.37,0.053,-0.0086,6.8,103.3,100.9,0.009,-0.003,100.2,66.9,46.8,49.6,48.7,57.3,51.1,48.3,46.4,50.4,52.0,52.2,58.3,50.6,51.7,18570.0,327956.0,10.7570313133224
2021-04-28,2262107.12,0.081,-0.0063,605421.89,0.062,-0.0174,85803.37,0.053,-0.0086,6.8,103.3,100.9,0.009,-0.003,100.2,66.9,46.8,49.6,48.7,57.3,51.1,48.3,46.4,50.4,52.0,52.2,58.3,50.6,51.7,18570.0,327956.0,10.7570313133224
2021-04-29,2262107.12,0.081,-0.0063,605421.89,0.062,-0.0174,85803.37,0.053,-0.0086,6.8,103.3,100.9,0.009,-0.003,100.2,66.9,46.8,49.6,48.7,57.3,51.1,48.3,46.4,50.4,52.0,52.2,58.3,50.6,51.7,18570.0,327956.0,10.7570313133224
2021-04-30,2262107.12,0.081,-0.0063,605421.89,0.062,-0.0174,85803.37,0.053,-0.0086,6.8,103.3,100.9,0.009,-0.003,100.2,66.9,46.8,49.6,48.7,57.3,51.1,48.3,46.4,50.4,52.0,52.2,58.3,50.6,51.7,18570.0,327956.0,10.7570313133224
2021-05-06,2275538.07,0.083,0.0059,616828.32,0.061,0.0188,84177.72,0.056,-0.0189,9.0,104.4,101.3,0.013,-0.002,100.4,72.8,46.5,48.9,47.6,60.6,51.0,47.7,45.9,48.3,51.3,52.7,58.2,50.9,51.9,19522.0,315612.0,1.53323510677312
2021-05-07,2275538.07,0.083,0.0059,616828.32,0.061,0.0188,84177.72,0.056,-0.0189,9.0,104.4,101.3,0.013,-0.002,100.4,72.8,46.5,48.9,47.6,60.6,51.0,47.7,45.9,48.3,51.3,52.7,58.2,50.9,51.9,19522.0,315612.0,1.53323510677312
2021-05-10,2275538.07,0.083,0.0059,616828.32,0.061,0.0188,84177.72,0.056,-0.0189,9.0,104.4,101.3,0.013,-0.002,100.4,72.8,46.5,48.9,47.6,60.6,51.0,47.7,45.9,48.3,51.3,52.7,58.2,50.9,51.9,19522.0,315612.0,1.53323510677312
2021-05-11,2275538.07,0.083,0.0059,616828.32,0.061,0.0188,84177.72,0.056,-0.0189,9.0,104.4,101.3,0.013,-0.002,100.4,72.8,46.5,48.9,47.6,60.6,51.0,47.7,45.9,48.3,51.3,52.7,58.2,50.9,51.9,19522.0,315612.0,1.53323510677312
2021-05-12,2275538.07,0.083,0.0059,616828.32,0.061,0.0188,84177.72,0.056,-0.0189,9.0,104.4,101.3,0.013,-0.002,100.4,72.8,46.5,48.9,47.6,60.6,51.0,47.7,45.9,48.3,51.3,52.7,58.2,50.9,51.9,19522.0,315612.0,1.53323510677312
2021-05-13,2275538.07,0.083,0.0059,616828.32,0.061,0.0188,84177.72,0.056,-0.0189,9.0,104.4,101.3,0.013,-0.002,100.4,72.8,46.5,48.9,47.6,60.6,51.0,47.7,45.9,48.3,51.3,52.7,58.2,50.9,51.9,19522.0,315612.0,1.53323510677312
2021-05-14,2275538.07,0.083,0.0059,616828.32,0.061,0.0188,84177.72,0.056,-0.0189,9.0,104.4,101.3,0.013,-0.002,100.4,72.8,46.5,48.9,47.6,60.6,51.0,47.7,45.9,48.3,51.3,52.7,58.2,50.9,51.9,19522.0,315612.0,1.53323510677312
2021-05-17,2275538.07,0.083,0.0059,616828.32,0.061,0.0188,84177.72,0.056,-0.0189,9.0,104.4,101.3,0.013,-0.002,100.4,72.8,46.5,48.9,47.6,60.6,51.0,47.7,45.9,48.3,51.3,52.7,58.2,50.9,51.9,19522.0,315612.0,1.53323510677312
2021-05-18,2275538.07,0.083,0.0059,616828.32,0.061,0.0188,84177.72,0.056,-0.0189,9.0,104.4,101.3,0.013,-0.002,100.4,72.8,46.5,48.9,47.6,60.6,51.0,47.7,45.9,48.3,51.3,52.7,58.2,50.9,51.9,19522.0,315612.0,1.53323510677312
2021-05-19,2275538.07,0.083,0.0059,616828.32,0.061,0.0188,84177.72,0.056,-0.0189,9.0,104.4,101.3,0.013,-0.002,100.4,72.8,46.5,48.9,47.6,60.6,51.0,47.7,45.9,48.3,51.3,52.7,58.2,50.9,51.9,19522.0,315612.0,1.53323510677312
2021-05-20,2275538.07,0.083,0.0059,616828.32,0.061,0.0188,84177.72,0.056,-0.0189,9.0,104.4,101.3,0.013,-0.002,100.4,72.8,46.5,48.9,47.6,60.6,51.0,47.7,45.9,48.3,51.3,52.7,58.2,50.9,51.9,19522.0,315612.0,1.53323510677312
2021-05-21,2275538.07,0.083,0.0059,616828.32,0.061,0.0188,84177.72,0.056,-0.0189,9.0,104.4,101.3,0.013,-0.002,100.4,72.8,46.5,48.9,47.6,60.6,51.0,47.7,45.9,48.3,51.3,52.7,58.2,50.9,51.9,19522.0,315612.0,1.53323510677312
2021-05-24,2275538.07,0.083,0.0059,616828.32,0.061,0.0188,84177.72,0.056,-0.0189,9.0,104.4,101.3,0.013,-0.002,100.4,72.8,46.5,48.9,47.6,60.6,51.0,47.7,45.9,48.3,51.3,52.7,58.2,50.9,51.9,19522.0,315612.0,1.53323510677312
2021-05-25,2275538.07,0.083,0.0059,616828.32,0.061,0.0188,84177.72,0.056,-0.0189,9.0,104.4,101.3,0.013,-0.002,100.4,72.8,46.5,48.9,47.6,60.6,51.0,47.7,45.9,48.3,51.3,52.7,58.2,50.9,51.9,19522.0,315612.0,1.53323510677312
2021-05-26,2275538.07,0.083,0.0059,616828.32,0.061,0.0188,84177.72,0.056,-0.0189,9.0,104.4,101.3,0.013,-0.002,100.4,72.8,46.5,48.9,47.6,60.6,51.0,47.7,45.9,48.3,51.3,52.7,58.2,50.9,51.9,19522.0,315612.0,1.53323510677312
2021-05-27,2275538.07,0.083,0.0059,616828.32,0.061,0.0188,84177.72,0.056,-0.0189,9.0,104.4,101.3,0.013,-0.002,100.4,72.8,46.5,48.9,47.6,60.6,51.0,47.7,45.9,48.3,51.3,52.7,58.2,50.9,51.9,19522.0,315612.0,1.53323510677312
2021-05-28,2275538.07,0.083,0.0059,616828.32,0.061,0.0188,84177.72,0.056,-0.0189,9.0,104.4,101.3,0.013,-0.002,100.4,72.8,46.5,48.9,47.6,60.6,51.0,47.7,45.9,48.3,51.3,52.7,58.2,50.9,51.9,19522.0,315612.0,1.53323510677312
2021-05-31,2275538.07,0.083,0.0059,616828.32,0.061,0.0188,84177.72,0.056,-0.0189,9.0,104.4,101.3,0.013,-0.002,100.4,72.8,46.5,48.9,47.6,60.6,51.0,47.7,45.9,48.3,51.3,52.7,58.2,50.9,51.9,19522.0,315612.0,1.53323510677312
2021-06-01,2317788.36,0.086,0.0186,637479.36,0.055,0.0335,84346.97,0.062,0.002,8.8,105.1,101.1,0.011,-0.004,100.5,61.2,47.1,49.2,47.9,51.4,50.9,48.0,46.6,48.1,51.5,51.9,57.9,49.7,51.7,37017.0,317948.0,-0.418436251111864
2021-06-02,2317788.36,0.086,0.0186,637479.36,0.055,0.0335,84346.97,0.062,0.002,8.8,105.1,101.1,0.011,-0.004,100.5,61.2,47.1,49.2,47.9,51.4,50.9,48.0,46.6,48.1,51.5,51.9,57.9,49.7,51.7,37017.0,317948.0,-0.418436251111864
2021-06-03,2317788.36,0.086,0.0186,637479.36,0.055,0.0335,84346.97,0.062,0.002,8.8,105.1,101.1,0.011,-0.004,100.5,61.2,47.1,49.2,47.9,51.4,50.9,48.0,46.6,48.1,51.5,51.9,57.9,49.7,51.7,37017.0,317948.0,-0.418436251111864
2021-06-04,2317788.36,0.086,0.0186,637479.36,0.055,0.0335,84346.97,0.062,0.002,8.8,105.1,101.1,0.011,-0.004,100.5,61.2,47.1,49.2,47.9,51.4,50.9,48.0,46.6,48.1,51.5,51.9,57.9,49.7,51.7,37017.0,317948.0,-0.418436251111864
2021-06-07,2317788.36,0.086,0.0186,637479.36,0.055,0.0335,84346.97,0.062,0.002,8.8,105.1,101.1,0.011,-0.004,100.5,61.2,47.1,49.2,47.9,51.4,50.9,48.0,46.6,48.1,51.5,51.9,57.9,49.7,51.7,37017.0,317948.0,-0.418436251111864
2021-06-08,2317788.36,0.086,0.0186,637479.36,0.055,0.0335,84346.97,0.062,0.002,8.8,105.1,101.1,0.011,-0.004,100.5,61.2,47.1,49.2,47.9,51.4,50.9,48.0,46.6,48.1,51.5,51.9,57.9,49.7,51.7,37017.0,317948.0,-0.418436251111864
2021-06-09,2317788.36,0.086,0.0186,637479.36,0.055,0.0335,84346.97,0.062,0.002,8.8,105.1,101.1,0.011,-0.004,100.5,61.2,47.1,49.2,47.9,51.4,50.9,48.0,46.6,48.1,51.5,51.9,57.9,49.7,51.7,37017.0,317948.0,-0.418436251111864
2021-06-10,2317788.36,0.086,0.0186,637479.36,0.055,0.0335,84346.97,0.062,0.002,8.8,105.1,101.1,0.011,-0.004,100.5,61.2,47.1,49.2,47.9,51.4,50.9,48.0,46.6,48.1,51.5,51.9,57.9,49.7,51.7,37017.0,317948.0,-0.418436251111864
2021-06-11,2317788.36,0.086,0.0186,637479.36,0.055,0.0335,84346.97,0.062,0.002,8.8,105.1,101.1,0.011,-0.004,100.5,61.2,47.1,49.2,47.9,51.4,50.9,48.0,46.6,48.1,51.5,51.9,57.9,49.7,51.7,37017.0,317948.0,-0.418436251111864
2021-06-15,2317788.36,0.086,0.0186,637479.36,0.055,0.0335,84346.97,0.062,0.002,8.8,105.1,101.1,0.011,-0.004,100.5,61.2,47.1,49.2,47.9,51.4,50.9,48.0,46.6,48.1,51.5,51.9,57.9,49.7,51.7,37017.0,317948.0,-0.418436251111864
2021-06-16,2317788.36,0.086,0.0186,637479.36,0.055,0.0335,84346.97,0.062,0.002,8.8,105.1,101.1,0.011,-0.004,100.5,61.2,47.1,49.2,47.9,51.4,50.9,48.0,46.6,48.1,51.5,51.9,57.9,49.7,51.7,37017.0,317948.0,-0.418436251111864
2021-06-17,2317788.36,0.086,0.0186,637479.36,0.055,0.0335,84346.97,0.062,0.002,8.8,105.1,101.1,0.011,-0.004,100.5,61.2,47.1,49.2,47.9,51.4,50.9,48.0,46.6,48.1,51.5,51.9,57.9,49.7,51.7,37017.0,317948.0,-0.418436251111864
2021-06-18,2317788.36,0.086,0.0186,637479.36,0.055,0.0335,84346.97,0.062,0.002,8.8,105.1,101.1,0.011,-0.004,100.5,61.2,47.1,49.2,47.9,51.4,50.9,48.0,46.6,48.1,51.5,51.9,57.9,49.7,51.7,37017.0,317948.0,-0.418436251111864
2021-06-21,2317788.36,0.086,0.0186,637479.36,0.055,0.0335,84346.97,0.062,0.002,8.8,105.1,101.1,0.011,-0.004,100.5,61.2,47.1,49.2,47.9,51.4,50.9,48.0,46.6,48.1,51.5,51.9,57.9,49.7,51.7,37017.0,317948.0,-0.418436251111864
2021-06-22,2317788.36,0.086,0.0186,637479.36,0.055,0.0335,84346.97,0.062,0.002,8.8,105.1,101.1,0.011,-0.004,100.5,61.2,47.1,49.2,47.9,51.4,50.9,48.0,46.6,48.1,51.5,51.9,57.9,49.7,51.7,37017.0,317948.0,-0.418436251111864
2021-06-23,2317788.36,0.086,0.0186,637479.36,0.055,0.0335,84346.97,0.062,0.002,8.8,105.1,101.1,0.011,-0.004,100.5,61.2,47.1,49.2,47.9,51.4,50.9,48.0,46.6,48.1,51.5,51.9,57.9,49.7,51.7,37017.0,317948.0,-0.418436251111864
2021-06-24,2317788.36,0.086,0.0186,637479.36,0.055,0.0335,84346.97,0.062,0.002,8.8,105.1,101.1,0.011,-0.004,100.5,61.2,47.1,49.2,47.9,51.4,50.9,48.0,46.6,48.1,51.5,51.9,57.9,49.7,51.7,37017.0,317948.0,-0.418436251111864
2021-06-25,2317788.36,0.086,0.0186,637479.36,0.055,0.0335,84346.97,0.062,0.002,8.8,105.1,101.1,0.011,-0.004,100.5,61.2,47.1,49.2,47.9,51.4,50.9,48.0,46.6,48.1,51.5,51.9,57.9,49.7,51.7,37017.0,317948.0,-0.418436251111864
2021-06-28,2317788.36,0.086,0.0186,637479.36,0.055,0.0335,84346.97,0.062,0.002,8.8,105.1,101.1,0.011,-0.004,100.5,61.2,47.1,49.2,47.9,51.4,50.9,48.0,46.6,48.1,51.5,51.9,57.9,49.7,51.7,37017.0,317948.0,-0.418436251111864
2021-06-29,2317788.36,0.086,0.0186,637479.36,0.055,0.0335,84346.97,0.062,0.002,8.8,105.1,101.1,0.011,-0.004,100.5,61.2,47.1,49.2,47.9,51.4,50.9,48.0,46.6,48.1,51.5,51.9,57.9,49.7,51.7,37017.0,317948.0,-0.418436251111864
2021-06-30,2317788.36,0.086,0.0186,637479.36,0.055,0.0335,84346.97,0.062,0.002,8.8,105.1,101.1,0.011,-0.004,100.5,61.2,47.1,49.2,47.9,51.4,50.9,48.0,46.6,48.1,51.5,51.9,57.9,49.7,51.7,37017.0,317948.0,-0.418436251111864
2021-07-01,2302153.82,0.083,-0.0067,620367.05,0.049,-0.0268,84717.56,0.061,0.0044,9.0,105.7,101.0,0.01,0.003,100.6,62.9,47.6,49.6,48.9,53.8,50.4,47.7,46.1,47.7,50.9,51.0,57.8,49.4,50.8,10752.0,311772.0,-3.57765819261459
2021-07-02,2302153.82,0.083,-0.0067,620367.05,0.049,-0.0268,84717.56,0.061,0.0044,9.0,105.7,101.0,0.01,0.003,100.6,62.9,47.6,49.6,48.9,53.8,50.4,47.7,46.1,47.7,50.9,51.0,57.8,49.4,50.8,10752.0,311772.0,-3.57765819261459
2021-07-05,2302153.82,0.083,-0.0067,620367.05,0.049,-0.0268,84717.56,0.061,0.0044,9.0,105.7,101.0,0.01,0.003,100.6,62.9,47.6,49.6,48.9,53.8,50.4,47.7,46.1,47.7,50.9,51.0,57.8,49.4,50.8,10752.0,311772.0,-3.57765819261459
2021-07-06,2302153.82,0.083,-0.0067,620367.05,0.049,-0.0268,84717.56,0.061,0.0044,9.0,105.7,101.0,0.01,0.003,100.6,62.9,47.6,49.6,48.9,53.8,50.4,47.7,46.1,47.7,50.9,51.0,57.8,49.4,50.8,10752.0,311772.0,-3.57765819261459
2021-07-07,2302153.82,0.083,-0.0067,620367.05,0.049,-0.0268,84717.56,0.061,0.0044,9.0,105.7,101.0,0.01,0.003,100.6,62.9,47.6,49.6,48.9,53.8,50.4,47.7,46.1,47.7,50.9,51.0,57.8,49.4,50.8,10752.0,311772.0,-3.57765819261459
2021-07-08,2302153.82,0.083,-0.0067,620367.05,0.049,-0.0268,84717.56,0.061,0.0044,9.0,105.7,101.0,0.01,0.003,100.6,62.9,47.6,49.6,48.9,53.8,50.4,47.7,46.1,47.7,50.9,51.0,57.8,49.4,50.8,10752.0,311772.0,-3.57765819261459
2021-07-09,2302153.82,0.083,-0.0067,620367.05,0.049,-0.0268,84717.56,0.061,0.0044,9.0,105.7,101.0,0.01,0.003,100.6,62.9,47.6,49.6,48.9,53.8,50.4,47.7,46.1,47.7,50.9,51.0,57.8,49.4,50.8,10752.0,311772.0,-3.57765819261459
2021-07-12,2302153.82,0.083,-0.0067,620367.05,0.049,-0.0268,84717.56,0.061,0.0044,9.0,105.7,101.0,0.01,0.003,100.6,62.9,47.6,49.6,48.9,53.8,50.4,47.7,46.1,47.7,50.9,51.0,57.8,49.4,50.8,10752.0,311772.0,-3.57765819261459
2021-07-13,2302153.82,0.083,-0.0067,620367.05,0.049,-0.0268,84717.56,0.061,0.0044,9.0,105.7,101.0,0.01,0.003,100.6,62.9,47.6,49.6,48.9,53.8,50.4,47.7,46.1,47.7,50.9,51.0,57.8,49.4,50.8,10752.0,311772.0,-3.57765819261459
2021-07-14,2302153.82,0.083,-0.0067,620367.05,0.049,-0.0268,84717.56,0.061,0.0044,9.0,105.7,101.0,0.01,0.003,100.6,62.9,47.6,49.6,48.9,53.8,50.4,47.7,46.1,47.7,50.9,51.0,57.8,49.4,50.8,10752.0,311772.0,-3.57765819261459
2021-07-15,2302153.82,0.083,-0.0067,620367.05,0.049,-0.0268,84717.56,0.061,0.0044,9.0,105.7,101.0,0.01,0.003,100.6,62.9,47.6,49.6,48.9,53.8,50.4,47.7,46.1,47.7,50.9,51.0,57.8,49.4,50.8,10752.0,311772.0,-3.57765819261459
2021-07-16,2302153.82,0.083,-0.0067,620367.05,0.049,-0.0268,84717.56,0.061,0.0044,9.0,105.7,101.0,0.01,0.003,100.6,62.9,47.6,49.6,48.9,53.8,50.4,47.7,46.1,47.7,50.9,51.0,57.8,49.4,50.8,10752.0,311772.0,-3.57765819261459
2021-07-19,2302153.82,0.083,-0.0067,620367.05,0.049,-0.0268,84717.56,0.061,0.0044,9.0,105.7,101.0,0.01,0.003,100.6,62.9,47.6,49.6,48.9,53.8,50.4,47.7,46.1,47.7,50.9,51.0,57.8,49.4,50.8,10752.0,311772.0,-3.57765819261459
2021-07-20,2302153.82,0.083,-0.0067,620367.05,0.049,-0.0268,84717.56,0.061,0.0044,9.0,105.7,101.0,0.01,0.003,100.6,62.9,47.6,49.6,48.9,53.8,50.4,47.7,46.1,47.7,50.9,51.0,57.8,49.4,50.8,10752.0,311772.0,-3.57765819261459
2021-07-21,2302153.82,0.083,-0.0067,620367.05,0.049,-0.0268,84717.56,0.061,0.0044,9.0,105.7,101.0,0.01,0.003,100.6,62.9,47.6,49.6,48.9,53.8,50.4,47.7,46.1,47.7,50.9,51.0,57.8,49.4,50.8,10752.0,311772.0,-3.57765819261459
2021-07-22,2302153.82,0.083,-0.0067,620367.05,0.049,-0.0268,84717.56,0.061,0.0044,9.0,105.7,101.0,0.01,0.003,100.6,62.9,47.6,49.6,48.9,53.8,50.4,47.7,46.1,47.7,50.9,51.0,57.8,49.4,50.8,10752.0,311772.0,-3.57765819261459
2021-07-23,2302153.82,0.083,-0.0067,620367.05,0.049,-0.0268,84717.56,0.061,0.0044,9.0,105.7,101.0,0.01,0.003,100.6,62.9,47.6,49.6,48.9,53.8,50.4,47.7,46.1,47.7,50.9,51.0,57.8,49.4,50.8,10752.0,311772.0,-3.57765819261459
2021-07-26,2302153.82,0.083,-0.0067,620367.05,0.049,-0.0268,84717.56,0.061,0.0044,9.0,105.7,101.0,0.01,0.003,100.6,62.9,47.6,49.6,48.9,53.8,50.4,47.7,46.1,47.7,50.9,51.0,57.8,49.4,50.8,10752.0,311772.0,-3.57765819261459
2021-07-27,2302153.82,0.083,-0.0067,620367.05,0.049,-0.0268,84717.56,0.061,0.0044,9.0,105.7,101.0,0.01,0.003,100.6,62.9,47.6,49.6,48.9,53.8,50.4,47.7,46.1,47.7,50.9,51.0,57.8,49.4,50.8,10752.0,311772.0,-3.57765819261459
2021-07-28,2302153.82,0.083,-0.0067,620367.05,0.049,-0.0268,84717.56,0.061,0.0044,9.0,105.7,101.0,0.01,0.003,100.6,62.9,47.6,49.6,48.9,53.8,50.4,47.7,46.1,47.7,50.9,51.0,57.8,49.4,50.8,10752.0,311772.0,-3.57765819261459
2021-07-29,2302153.82,0.083,-0.0067,620367.05,0.049,-0.0268,84717.56,0.061,0.0044,9.0,105.7,101.0,0.01,0.003,100.6,62.9,47.6,49.6,48.9,53.8,50.4,47.7,46.1,47.7,50.9,51.0,57.8,49.4,50.8,10752.0,311772.0,-3.57765819261459
2021-07-30,2302153.82,0.083,-0.0067,620367.05,0.049,-0.0268,84717.56,0.061,0.0044,9.0,105.7,101.0,0.01,0.003,100.6,62.9,47.6,49.6,48.9,53.8,50.4,47.7,46.1,47.7,50.9,51.0,57.8,49.4,50.8,10752.0,311772.0,-3.57765819261459
2021-08-02,2312267.68,0.082,0.0044,626658.69,0.042,0.0101,85059.2,0.063,0.004,9.5,106.2,100.8,0.008,0.001,100.6,61.3,47.7,49.6,48.0,53.4,50.1,47.7,45.9,46.7,49.6,50.9,57.5,48.3,50.3,29893.0,305812.0,-9.31837253919351
2021-08-03,2312267.68,0.082,0.0044,626658.69,0.042,0.0101,85059.2,0.063,0.004,9.5,106.2,100.8,0.008,0.001,100.6,61.3,47.7,49.6,48.0,53.4,50.1,47.7,45.9,46.7,49.6,50.9,57.5,48.3,50.3,29893.0,305812.0,-9.31837253919351
2021-08-04,2312267.68,0.082,0.0044,626658.69,0.042,0.0101,85059.2,0.063,0.004,9.5,106.2,100.8,0.008,0.001,100.6,61.3,47.7,49.6,48.0,53.4,50.1,47.7,45.9,46.7,49.6,50.9,57.5,48.3,50.3,29893.0,305812.0,-9.31837253919351
2021-08-05,2312267.68,0.082,0.0044,626658.69,0.042,0.0101,85059.2,0.063,0.004,9.5,106.2,100.8,0.008,0.001,100.6,61.3,47.7,49.6,48.0,53.4,50.1,47.7,45.9,46.7,49.6,50.9,57.5,48.3,50.3,29893.0,305812.0,-9.31837253919351
2021-08-06,2312267.68,0.082,0.0044,626658.69,0.042,0.0101,85059.2,0.063,0.004,9.5,106.2,100.8,0.008,0.001,100.6,61.3,47.7,49.6,48.0,53.4,50.1,47.7,45.9,46.7,49.6,50.9,57.5,48.3,50.3,29893.0,305812.0,-9.31837253919351
2021-08-09,2312267.68,0.082,0.0044,626658.69,0.042,0.0101,85059.2,0.063,0.004,9.5,106.2,100.8,0.008,0.001,100.6,61.3,47.7,49.6,48.0,53.4,50.1,47.7,45.9,46.7,49.6,50.9,57.5,48.3,50.3,29893.0,305812.0,-9.31837253919351
2021-08-10,2312267.68,0.082,0.0044,626658.69,0.042,0.0101,85059.2,0.063,0.004,9.5,106.2,100.8,0.008,0.001,100.6,61.3,47.7,49.6,48.0,53.4,50.1,47.7,45.9,46.7,49.6,50.9,57.5,48.3,50.3,29893.0,305812.0,-9.31837253919351
2021-08-11,2312267.68,0.082,0.0044,626658.69,0.042,0.0101,85059.2,0.063,0.004,9.5,106.2,100.8,0.008,0.001,100.6,61.3,47.7,49.6,48.0,53.4,50.1,47.7,45.9,46.7,49.6,50.9,57.5,48.3,50.3,29893.0,305812.0,-9.31837253919351
2021-08-12,2312267.68,0.082,0.0044,626658.69,0.042,0.0101,85059.2,0.063,0.004,9.5,106.2,100.8,0.008,0.001,100.6,61.3,47.7,49.6,48.0,53.4,50.1,47.7,45.9,46.7,49.6,50.9,57.5,48.3,50.3,29893.0,305812.0,-9.31837253919351
2021-08-13,2312267.68,0.082,0.0044,626658.69,0.042,0.0101,85059.2,0.063,0.004,9.5,106.2,100.8,0.008,0.001,100.6,61.3,47.7,49.6,48.0,53.4,50.1,47.7,45.9,46.7,49.6,50.9,57.5,48.3,50.3,29893.0,305812.0,-9.31837253919351
2021-08-16,2312267.68,0.082,0.0044,626658.69,0.042,0.0101,85059.2,0.063,0.004,9.5,106.2,100.8,0.008,0.001,100.6,61.3,47.7,49.6,48.0,53.4,50.1,47.7,45.9,46.7,49.6,50.9,57.5,48.3,50.3,29893.0,305812.0,-9.31837253919351
2021-08-17,2312267.68,0.082,0.0044,626658.69,0.042,0.0101,85059.2,0.063,0.004,9.5,106.2,100.8,0.008,0.001,100.6,61.3,47.7,49.6,48.0,53.4,50.1,47.7,45.9,46.7,49.6,50.9,57.5,48.3,50.3,29893.0,305812.0,-9.31837253919351
2021-08-18,2312267.68,0.082,0.0044,626658.69,0.042,0.0101,85059.2,0.063,0.004,9.5,106.2,100.8,0.008,0.001,100.6,61.3,47.7,49.6,48.0,53.4,50.1,47.7,45.9,46.7,49.6,50.9,57.5,48.3,50.3,29893.0,305812.0,-9.31837253919351
2021-08-19,2312267.68,0.082,0.0044,626658.69,0.042,0.0101,85059.2,0.063,0.004,9.5,106.2,100.8,0.008,0.001,100.6,61.3,47.7,49.6,48.0,53.4,50.1,47.7,45.9,46.7,49.6,50.9,57.5,48.3,50.3,29893.0,305812.0,-9.31837253919351
2021-08-20,2312267.68,0.082,0.0044,626658.69,0.042,0.0101,85059.2,0.063,0.004,9.5,106.2,100.8,0.008,0.001,100.6,61.3,47.7,49.6,48.0,53.4,50.1,47.7,45.9,46.7,49.6,50.9,57.5,48.3,50.3,29893.0,305812.0,-9.31837253919351
2021-08-23,2312267.68,0.082,0.0044,626658.69,0.042,0.0101,85059.2,0.063,0.004,9.5,106.2,100.8,0.008,0.001,100.6,61.3,47.7,49.6,48.0,53.4,50.1,47.7,45.9,46.7,49.6,50.9,57.5,48.3,50.3,29893.0,305812.0,-9.31837253919351
2021-08-24,2312267.68,0.082,0.0044,626658.69,0.042,0.0101,85059.2,0.063,0.004,9.5,106.2,100.8,0.008,0.001,100.6,61.3,47.7,49.6,48.0,53.4,50.1,47.7,45.9,46.7,49.6,50.9,57.5,48.3,50.3,29893.0,305812.0,-9.31837253919351
2021-08-25,2312267.68,0.082,0.0044,626658.69,0.042,0.0101,85059.2,0.063,0.004,9.5,106.2,100.8,0.008,0.001,100.6,61.3,47.7,49.6,48.0,53.4,50.1,47.7,45.9,46.7,49.6,50.9,57.5,48.3,50.3,29893.0,305812.0,-9.31837253919351
2021-08-26,2312267.68,0.082,0.0044,626658.69,0.042,0.0101,85059.2,0.063,0.004,9.5,106.2,100.8,0.008,0.001,100.6,61.3,47.7,49.6,48.0,53.4,50.1,47.7,45.9,46.7,49.6,50.9,57.5,48.3,50.3,29893.0,305812.0,-9.31837253919351
2021-08-27,2312267.68,0.082,0.0044,626658.69,0.042,0.0101,85059.2,0.063,0.004,9.5,106.2,100.8,0.008,0.001,100.6,61.3,47.7,49.6,48.0,53.4,50.1,47.7,45.9,46.7,49.6,50.9,57.5,48.3,50.3,29893.0,305812.0,-9.31837253919351
2021-08-30,2312267.68,0.082,0.0044,626658.69,0.042,0.0101,85059.2,0.063,0.004,9.5,106.2,100.8,0.008,0.001,100.6,61.3,47.7,49.6,48.0,53.4,50.1,47.7,45.9,46.7,49.6,50.9,57.5,48.3,50.3,29893.0,305812.0,-9.31837253919351
2021-08-31,2312267.68,0.082,0.0044,626658.69,0.042,0.0101,85059.2,0.063,0.004,9.5,106.2,100.8,0.008,0.001,100.6,61.3,47.7,49.6,48.0,53.4,50.1,47.7,45.9,46.7,49.6,50.9,57.5,48.3,50.3,29893.0,305812.0,-9.31837253919351
2021-09-01,2342829.7,0.083,0.0132,624645.68,0.037,-0.0032,86867.09,0.055,0.0213,10.7,106.7,100.7,0.007,0.0,100.6,63.5,47.2,49.0,48.1,56.4,49.6,48.2,45.6,46.2,49.3,49.5,56.4,46.8,49.7,29026.0,300145.0,-13.4500040370486
2021-09-02,2342829.7,0.083,0.0132,624645.68,0.037,-0.0032,86867.09,0.055,0.0213,10.7,106.7,100.7,0.007,0.0,100.6,63.5,47.2,49.0,48.1,56.4,49.6,48.2,45.6,46.2,49.3,49.5,56.4,46.8,49.7,29026.0,300145.0,-13.4500040370486
2021-09-03,2342829.7,0.083,0.0132,624645.68,0.037,-0.0032,86867.09,0.055,0.0213,10.7,106.7,100.7,0.007,0.0,100.6,63.5,47.2,49.0,48.1,56.4,49.6,48.2,45.6,46.2,49.3,49.5,56.4,46.8,49.7,29026.0,300145.0,-13.4500040370486
2021-09-06,2342829.7,0.083,0.0132,624645.68,0.037,-0.0032,86867.09,0.055,0.0213,10.7,106.7,100.7,0.007,0.0,100.6,63.5,47.2,49.0,48.1,56.4,49.6,48.2,45.6,46.2,49.3,49.5,56.4,46.8,49.7,29026.0,300145.0,-13.4500040370486
2021-09-07,2342829.7,0.083,0.0132,624645.68,0.037,-0.0032,86867.09,0.055,0.0213,10.7,106.7,100.7,0.007,0.0,100.6,63.5,47.2,49.0,48.1,56.4,49.6,48.2,45.6,46.2,49.3,49.5,56.4,46.8,49.7,29026.0,300145.0,-13.4500040370486
2021-09-08,2342829.7,0.083,0.0132,624645.68,0.037,-0.0032,86867.09,0.055,0.0213,10.7,106.7,100.7,0.007,0.0,100.6,63.5,47.2,49.0,48.1,56.4,49.6,48.2,45.6,46.2,49.3,49.5,56.4,46.8,49.7,29026.0,300145.0,-13.4500040370486
2021-09-09,2342829.7,0.083,0.0132,624645.68,0.037,-0.0032,86867.09,0.055,0.0213,10.7,106.7,100.7,0.007,0.0,100.6,63.5,47.2,49.0,48.1,56.4,49.6,48.2,45.6,46.2,49.3,49.5,56.4,46.8,49.7,29026.0,300145.0,-13.4500040370486
2021-09-10,2342829.7,0.083,0.0132,624645.68,0.037,-0.0032,86867.09,0.055,0.0213,10.7,106.7,100.7,0.007,0.0,100.6,63.5,47.2,49.0,48.1,56.4,49.6,48.2,45.6,46.2,49.3,49.5,56.4,46.8,49.7,29026.0,300145.0,-13.4500040370486
2021-09-13,2342829.7,0.083,0.0132,624645.68,0.037,-0.0032,86867.09,0.055,0.0213,10.7,106.7,100.7,0.007,0.0,100.6,63.5,47.2,49.0,48.1,56.4,49.6,48.2,45.6,46.2,49.3,49.5,56.4,46.8,49.7,29026.0,300145.0,-13.4500040370486
2021-09-14,2342829.7,0.083,0.0132,624645.68,0.037,-0.0032,86867.09,0.055,0.0213,10.7,106.7,100.7,0.007,0.0,100.6,63.5,47.2,49.0,48.1,56.4,49.6,48.2,45.6,46.2,49.3,49.5,56.4,46.8,49.7,29026.0,300145.0,-13.4500040370486
2021-09-15,2342829.7,0.083,0.0132,624645.68,0.037,-0.0032,86867.09,0.055,0.0213,10.7,106.7,100.7,0.007,0.0,100.6,63.5,47.2,49.0,48.1,56.4,49.6,48.2,45.6,46.2,49.3,49.5,56.4,46.8,49.7,29026.0,300145.0,-13.4500040370486
2021-09-16,2342829.7,0.083,0.0132,624645.68,0.037,-0.0032,86867.09,0.055,0.0213,10.7,106.7,100.7,0.007,0.0,100.6,63.5,47.2,49.0,48.1,56.4,49.6,48.2,45.6,46.2,49.3,49.5,56.4,46.8,49.7,29026.0,300145.0,-13.4500040370486
2021-09-17,2342829.7,0.083,0.0132,624645.68,0.037,-0.0032,86867.09,0.055,0.0213,10.7,106.7,100.7,0.007,0.0,100.6,63.5,47.2,49.0,48.1,56.4,49.6,48.2,45.6,46.2,49.3,49.5,56.4,46.8,49.7,29026.0,300145.0,-13.4500040370486
2021-09-22,2342829.7,0.083,0.0132,624645.68,0.037,-0.0032,86867.09,0.055,0.0213,10.7,106.7,100.7,0.007,0.0,100.6,63.5,47.2,49.0,48.1,56.4,49.6,48.2,45.6,46.2,49.3,49.5,56.4,46.8,49.7,29026.0,300145.0,-13.4500040370486
2021-09-23,2342829.7,0.083,0.0132,624645.68,0.037,-0.0032,86867.09,0.055,0.0213,10.7,106.7,100.7,0.007,0.0,100.6,63.5,47.2,49.0,48.1,56.4,49.6,48.2,45.6,46.2,49.3,49.5,56.4,46.8,49.7,29026.0,300145.0,-13.4500040370486
2021-09-24,2342829.7,0.083,0.0132,624645.68,0.037,-0.0032,86867.09,0.055,0.0213,10.7,106.7,100.7,0.007,0.0,100.6,63.5,47.2,49.0,48.1,56.4,49.6,48.2,45.6,46.2,49.3,49.5,56.4,46.8,49.7,29026.0,300145.0,-13.4500040370486
2021-09-27,2342829.7,0.083,0.0132,624645.68,0.037,-0.0032,86867.09,0.055,0.0213,10.7,106.7,100.7,0.007,0.0,100.6,63.5,47.2,49.0,48.1,56.4,49.6,48.2,45.6,46.2,49.3,49.5,56.4,46.8,49.7,29026.0,300145.0,-13.4500040370486
2021-09-28,2342829.7,0.083,0.0132,624645.68,0.037,-0.0032,86867.09,0.055,0.0213,10.7,106.7,100.7,0.007,0.0,100.6,63.5,47.2,49.0,48.1,56.4,49.6,48.2,45.6,46.2,49.3,49.5,56.4,46.8,49.7,29026.0,300145.0,-13.4500040370486
2021-09-29,2342829.7,0.083,0.0132,624645.68,0.037,-0.0032,86867.09,0.055,0.0213,10.7,106.7,100.7,0.007,0.0,100.6,63.5,47.2,49.0,48.1,56.4,49.6,48.2,45.6,46.2,49.3,49.5,56.4,46.8,49.7,29026.0,300145.0,-13.4500040370486
2021-09-30,2342829.7,0.083,0.0132,624645.68,0.037,-0.0032,86867.09,0.055,0.0213,10.7,106.7,100.7,0.007,0.0,100.6,63.5,47.2,49.0,48.1,56.4,49.6,48.2,45.6,46.2,49.3,49.5,56.4,46.8,49.7,29026.0,300145.0,-13.4500040370486
2021-10-08,2336160.48,0.087,-0.0028,626082.12,0.028,0.0023,86085.78,0.062,-0.009,13.5,107.3,101.5,0.015,0.007,100.7,72.1,46.3,48.8,46.7,61.1,49.2,47.0,45.0,46.6,48.8,48.4,53.6,47.5,48.9,16176.0,302392.0,-14.1022108471553
2021-10-11,2336160.48,0.087,-0.0028,626082.12,0.028,0.0023,86085.78,0.062,-0.009,13.5,107.3,101.5,0.015,0.007,100.7,72.1,46.3,48.8,46.7,61.1,49.2,47.0,45.0,46.6,48.8,48.4,53.6,47.5,48.9,16176.0,302392.0,-14.1022108471553
2021-10-12,2336160.48,0.087,-0.0028,626082.12,0.028,0.0023,86085.78,0.062,-0.009,13.5,107.3,101.5,0.015,0.007,100.7,72.1,46.3,48.8,46.7,61.1,49.2,47.0,45.0,46.6,48.8,48.4,53.6,47.5,48.9,16176.0,302392.0,-14.1022108471553
2021-10-13,2336160.48,0.087,-0.0028,626082.12,0.028,0.0023,86085.78,0.062,-0.009,13.5,107.3,101.5,0.015,0.007,100.7,72.1,46.3,48.8,46.7,61.1,49.2,47.0,45.0,46.6,48.8,48.4,53.6,47.5,48.9,16176.0,302392.0,-14.1022108471553
2021-10-14,2336160.48,0.087,-0.0028,626082.12,0.028,0.0023,86085.78,0.062,-0.009,13.5,107.3,101.5,0.015,0.007,100.7,72.1,46.3,48.8,46.7,61.1,49.2,47.0,45.0,46.6,48.8,48.4,53.6,47.5,48.9,16176.0,302392.0,-14.1022108471553
2021-10-15,2336160.48,0.087,-0.0028,626082.12,0.028,0.0023,86085.78,0.062,-0.009,13.5,107.3,101.5,0.015,0.007,100.7,72.1,46.3,48.8,46.7,61.1,49.2,47.0,45.0,46.6,48.8,48.4,53.6,47.5,48.9,16176.0,302392.0,-14.1022108471553
2021-10-18,2336160.48,0.087,-0.0028,626082.12,0.028,0.0023,86085.78,0.062,-0.009,13.5,107.3,101.5,0.015,0.007,100.7,72.1,46.3,48.8,46.7,61.1,49.2,47.0,45.0,46.6,48.8,48.4,53.6,47.5,48.9,16176.0,302392.0,-14.1022108471553
2021-10-19,2336160.48,0.087,-0.0028,626082.12,0.028,0.0023,86085.78,0.062,-0.009,13.5,107.3,101.5,0.015,0.007,100.7,72.1,46.3,48.8,46.7,61.1,49.2,47.0,45.0,46.6,48.8,48.4,53.6,47.5,48.9,16176.0,302392.0,-14.1022108471553
2021-10-20,2336160.48,0.087,-0.0028,626082.12,0.028,0.0023,86085.78,0.062,-0.009,13.5,107.3,101.5,0.015,0.007,100.7,72.1,46.3,48.8,46.7,61.1,49.2,47.0,45.0,46.6,48.8,48.4,53.6,47.5,48.9,16176.0,302392.0,-14.1022108471553
2021-10-21,2336160.48,0.087,-0.0028,626082.12,0.028,0.0023,86085.78,0.062,-0.009,13.5,107.3,101.5,0.015,0.007,100.7,72.1,46.3,48.8,46.7,61.1,49.2,47.0,45.0,46.6,48.8,48.4,53.6,47.5,48.9,16176.0,302392.0,-14.1022108471553
2021-10-22,2336160.48,0.087,-0.0028,626082.12,0.028,0.0023,86085.78,0.062,-0.009,13.5,107.3,101.5,0.015,0.007,100.7,72.1,46.3,48.8,46.7,61.1,49.2,47.0,45.0,46.6,48.8,48.4,53.6,47.5,48.9,16176.0,302392.0,-14.1022108471553
2021-10-25,2336160.48,0.087,-0.0028,626082.12,0.028,0.0023,86085.78,0.062,-0.009,13.5,107.3,101.5,0.015,0.007,100.7,72.1,46.3,48.8,46.7,61.1,49.2,47.0,45.0,46.6,48.8,48.4,53.6,47.5,48.9,16176.0,302392.0,-14.1022108471553
2021-10-26,2336160.48,0.087,-0.0028,626082.12,0.028,0.0023,86085.78,0.062,-0.009,13.5,107.3,101.5,0.015,0.007,100.7,72.1,46.3,48.8,46.7,61.1,49.2,47.0,45.0,46.6,48.8,48.4,53.6,47.5,48.9,16176.0,302392.0,-14.1022108471553
2021-10-27,2336160.48,0.087,-0.0028,626082.12,0.028,0.0023,86085.78,0.062,-0.009,13.5,107.3,101.5,0.015,0.007,100.7,72.1,46.3,48.8,46.7,61.1,49.2,47.0,45.0,46.6,48.8,48.4,53.6,47.5,48.9,16176.0,302392.0,-14.1022108471553
2021-10-28,2336160.48,0.087,-0.0028,626082.12,0.028,0.0023,86085.78,0.062,-0.009,13.5,107.3,101.5,0.015,0.007,100.7,72.1,46.3,48.8,46.7,61.1,49.2,47.0,45.0,46.6,48.8,48.4,53.6,47.5,48.9,16176.0,302392.0,-14.1022108471553
2021-10-29,2336160.48,0.087,-0.0028,626082.12,0.028,0.0023,86085.78,0.062,-0.009,13.5,107.3,101.5,0.015,0.007,100.7,72.1,46.3,48.8,46.7,61.1,49.2,47.0,45.0,46.6,48.8,48.4,53.6,47.5,48.9,16176.0,302392.0,-14.1022108471553
2021-11-01,2356012.76,0.085,0.0085,637482.04,0.03,0.0182,87433.41,0.072,0.0157,12.9,107.9,102.3,0.023,0.004,100.9,52.9,47.9,48.9,48.2,48.9,50.1,47.7,45.7,48.5,49.4,52.0,53.8,48.1,50.2,25983.0,307020.0,-13.1374573849571
2021-11-02,2356012.76,0.085,0.0085,637482.04,0.03,0.0182,87433.41,0.072,0.0157,12.9,107.9,102.3,0.023,0.004,100.9,52.9,47.9,48.9,48.2,48.9,50.1,47.7,45.7,48.5,49.4,52.0,53.8,48.1,50.2,25983.0,307020.0,-13.1374573849571
2021-11-03,2356012.76,0.085,0.0085,637482.04,0.03,0.0182,87433.41,0.072,0.0157,12.9,107.9,102.3,0.023,0.004,100.9,52.9,47.9,48.9,48.2,48.9,50.1,47.7,45.7,48.5,49.4,52.0,53.8,48.1,50.2,25983.0,307020.0,-13.1374573849571
2021-11-04,2356012.76,0.085,0.0085,637482.04,0.03,0.0182,87433.41,0.072,0.0157,12.9,107.9,102.3,0.023,0.004,100.9,52.9,47.9,48.9,48.2,48.9,50.1,47.7,45.7,48.5,49.4,52.0,53.8,48.1,50.2,25983.0,307020.0,-13.1374573849571
2021-11-05,2356012.76,0.085,0.0085,637482.04,0.03,0.0182,87433.41,0.072,0.0157,12.9,107.9,102.3,0.023,0.004,100.9,52.9,47.9,48.9,48.2,48.9,50.1,47.7,45.7,48.5,49.4,52.0,53.8,48.1,50.2,25983.0,307020.0,-13.1374573849571
2021-11-08,2356012.76,0.085,0.0085,637482.04,0.03,0.0182,87433.41,0.072,0.0157,12.9,107.9,102.3,0.023,0.004,100.9,52.9,47.9,48.9,48.2,48.9,50.1,47.7,45.7,48.5,49.4,52.0,53.8,48.1,50.2,25983.0,307020.0,-13.1374573849571
2021-11-09,2356012.76,0.085,0.0085,637482.04,0.03,0.0182,87433.41,0.072,0.0157,12.9,107.9,102.3,0.023,0.004,100.9,52.9,47.9,48.9,48.2,48.9,50.1,47.7,45.7,48.5,49.4,52.0,53.8,48.1,50.2,25983.0,307020.0,-13.1374573849571
2021-11-10,2356012.76,0.085,0.0085,637482.04,0.03,0.0182,87433.41,0.072,0.0157,12.9,107.9,102.3,0.023,0.004,100.9,52.9,47.9,48.9,48.2,48.9,50.1,47.7,45.7,48.5,49.4,52.0,53.8,48.1,50.2,25983.0,307020.0,-13.1374573849571
2021-11-11,2356012.76,0.085,0.0085,637482.04,0.03,0.0182,87433.41,0.072,0.0157,12.9,107.9,102.3,0.023,0.004,100.9,52.9,47.9,48.9,48.2,48.9,50.1,47.7,45.7,48.5,49.4,52.0,53.8,48.1,50.2,25983.0,307020.0,-13.1374573849571
2021-11-12,2356012.76,0.085,0.0085,637482.04,0.03,0.0182,87433.41,0.072,0.0157,12.9,107.9,102.3,0.023,0.004,100.9,52.9,47.9,48.9,48.2,48.9,50.1,47.7,45.7,48.5,49.4,52.0,53.8,48.1,50.2,25983.0,307020.0,-13.1374573849571
2021-11-15,2356012.76,0.085,0.0085,637482.04,0.03,0.0182,87433.41,0.072,0.0157,12.9,107.9,102.3,0.023,0.004,100.9,52.9,47.9,48.9,48.2,48.9,50.1,47.7,45.7,48.5,49.4,52.0,53.8,48.1,50.2,25983.0,307020.0,-13.1374573849571
2021-11-16,2356012.76,0.085,0.0085,637482.04,0.03,0.0182,87433.41,0.072,0.0157,12.9,107.9,102.3,0.023,0.004,100.9,52.9,47.9,48.9,48.2,48.9,50.1,47.7,45.7,48.5,49.4,52.0,53.8,48.1,50.2,25983.0,307020.0,-13.1374573849571
2021-11-17,2356012.76,0.085,0.0085,637482.04,0.03,0.0182,87433.41,0.072,0.0157,12.9,107.9,102.3,0.023,0.004,100.9,52.9,47.9,48.9,48.2,48.9,50.1,47.7,45.7,48.5,49.4,52.0,53.8,48.1,50.2,25983.0,307020.0,-13.1374573849571
2021-11-18,2356012.76,0.085,0.0085,637482.04,0.03,0.0182,87433.41,0.072,0.0157,12.9,107.9,102.3,0.023,0.004,100.9,52.9,47.9,48.9,48.2,48.9,50.1,47.7,45.7,48.5,49.4,52.0,53.8,48.1,50.2,25983.0,307020.0,-13.1374573849571
2021-11-19,2356012.76,0.085,0.0085,637482.04,0.03,0.0182,87433.41,0.072,0.0157,12.9,107.9,102.3,0.023,0.004,100.9,52.9,47.9,48.9,48.2,48.9,50.1,47.7,45.7,48.5,49.4,52.0,53.8,48.1,50.2,25983.0,307020.0,-13.1374573849571
2021-11-22,2356012.76,0.085,0.0085,637482.04,0.03,0.0182,87433.41,0.072,0.0157,12.9,107.9,102.3,0.023,0.004,100.9,52.9,47.9,48.9,48.2,48.9,50.1,47.7,45.7,48.5,49.4,52.0,53.8,48.1,50.2,25983.0,307020.0,-13.1374573849571
2021-11-23,2356012.76,0.085,0.0085,637482.04,0.03,0.0182,87433.41,0.072,0.0157,12.9,107.9,102.3,0.023,0.004,100.9,52.9,47.9,48.9,48.2,48.9,50.1,47.7,45.7,48.5,49.4,52.0,53.8,48.1,50.2,25983.0,307020.0,-13.1374573849571
2021-11-24,2356012.76,0.085,0.0085,637482.04,0.03,0.0182,87433.41,0.072,0.0157,12.9,107.9,102.3,0.023,0.004,100.9,52.9,47.9,48.9,48.2,48.9,50.1,47.7,45.7,48.5,49.4,52.0,53.8,48.1,50.2,25983.0,307020.0,-13.1374573849571
2021-11-25,2356012.76,0.085,0.0085,637482.04,0.03,0.0182,87433.41,0.072,0.0157,12.9,107.9,102.3,0.023,0.004,100.9,52.9,47.9,48.9,48.2,48.9,50.1,47.7,45.7,48.5,49.4,52.0,53.8,48.1,50.2,25983.0,307020.0,-13.1374573849571
2021-11-26,2356012.76,0.085,0.0085,637482.04,0.03,0.0182,87433.41,0.072,0.0157,12.9,107.9,102.3,0.023,0.004,100.9,52.9,47.9,48.9,48.2,48.9,50.1,47.7,45.7,48.5,49.4,52.0,53.8,48.1,50.2,25983.0,307020.0,-13.1374573849571
2021-11-29,2356012.76,0.085,0.0085,637482.04,0.03,0.0182,87433.41,0.072,0.0157,12.9,107.9,102.3,0.023,0.004,100.9,52.9,47.9,48.9,48.2,48.9,50.1,47.7,45.7,48.5,49.4,52.0,53.8,48.1,50.2,25983.0,307020.0,-13.1374573849571
2021-11-30,2356012.76,0.085,0.0085,637482.04,0.03,0.0182,87433.41,0.072,0.0157,12.9,107.9,102.3,0.023,0.004,100.9,52.9,47.9,48.9,48.2,48.9,50.1,47.7,45.7,48.5,49.4,52.0,53.8,48.1,50.2,25983.0,307020.0,-13.1374573849571
2021-12-01,2382899.56,0.09,0.0114,647443.35,0.035,0.0156,90825.15,0.077,0.0388,10.3,108.1,101.5,0.015,-0.003,100.9,48.1,48.5,49.1,48.3,45.5,50.3,49.2,45.6,48.1,49.7,51.4,54.3,48.2,50.8,23682.0,313510.0,-10.0747488770459
2021-12-02,2382899.56,0.09,0.0114,647443.35,0.035,0.0156,90825.15,0.077,0.0388,10.3,108.1,101.5,0.015,-0.003,100.9,48.1,48.5,49.1,48.3,45.5,50.3,49.2,45.6,48.1,49.7,51.4,54.3,48.2,50.8,23682.0,313510.0,-10.0747488770459
2021-12-03,2382899.56,0.09,0.0114,647443.35,0.035,0.0156,90825.15,0.077,0.0388,10.3,108.1,101.5,0.015,-0.003,100.9,48.1,48.5,49.1,48.3,45.5,50.3,49.2,45.6,48.1,49.7,51.4,54.3,48.2,50.8,23682.0,313510.0,-10.0747488770459
2021-12-06,2382899.56,0.09,0.0114,647443.35,0.035,0.0156,90825.15,0.077,0.0388,10.3,108.1,101.5,0.015,-0.003,100.9,48.1,48.5,49.1,48.3,45.5,50.3,49.2,45.6,48.1,49.7,51.4,54.3,48.2,50.8,23682.0,313510.0,-10.0747488770459
2021-12-07,2382899.56,0.09,0.0114,647443.35,0.035,0.0156,90825.15,0.077,0.0388,10.3,108.1,101.5,0.015,-0.003,100.9,48.1,48.5,49.1,48.3,45.5,50.3,49.2,45.6,48.1,49.7,51.4,54.3,48.2,50.8,23682.0,313510.0,-10.0747488770459
2021-12-08,2382899.56,0.09,0.0114,647443.35,0.035,0.0156,90825.15,0.077,0.0388,10.3,108.1,101.5,0.015,-0.003,100.9,48.1,48.5,49.1,48.3,45.5,50.3,49.2,45.6,48.1,49.7,51.4,54.3,48.2,50.8,23682.0,313510.0,-10.0747488770459
2021-12-09,2382899.56,0.09,0.0114,647443.35,0.035,0.0156,90825.15,0.077,0.0388,10.3,108.1,101.5,0.015,-0.003,100.9,48.1,48.5,49.1,48.3,45.5,50.3,49.2,45.6,48.1,49.7,51.4,54.3,48.2,50.8,23682.0,313510.0,-10.0747488770459
2021-12-10,2382899.56,0.09,0.0114,647443.35,0.035,0.0156,90825.15,0.077,0.0388,10.3,108.1,101.5,0.015,-0.003,100.9,48.1,48.5,49.1,48.3,45.5,50.3,49.2,45.6,48.1,49.7,51.4,54.3,48.2,50.8,23682.0,313510.0,-10.0747488770459
2021-12-13,2382899.56,0.09,0.0114,647443.35,0.035,0.0156,90825.15,0.077,0.0388,10.3,108.1,101.5,0.015,-0.003,100.9,48.1,48.5,49.1,48.3,45.5,50.3,49.2,45.6,48.1,49.7,51.4,54.3,48.2,50.8,23682.0,313510.0,-10.0747488770459
2021-12-14,2382899.56,0.09,0.0114,647443.35,0.035,0.0156,90825.15,0.077,0.0388,10.3,108.1,101.5,0.015,-0.003,100.9,48.1,48.5,49.1,48.3,45.5,50.3,49.2,45.6,48.1,49.7,51.4,54.3,48.2,50.8,23682.0,313510.0,-10.0747488770459
2021-12-15,2382899.56,0.09,0.0114,647443.35,0.035,0.0156,90825.15,0.077,0.0388,10.3,108.1,101.5,0.015,-0.003,100.9,48.1,48.5,49.1,48.3,45.5,50.3,49.2,45.6,48.1,49.7,51.4,54.3,48.2,50.8,23682.0,313510.0,-10.0747488770459
2021-12-16,2382899.56,0.09,0.0114,647443.35,0.035,0.0156,90825.15,0.077,0.0388,10.3,108.1,101.5,0.015,-0.003,100.9,48.1,48.5,49.1,48.3,45.5,50.3,49.2,45.6,48.1,49.7,51.4,54.3,48.2,50.8,23682.0,313510.0,-10.0747488770459
2021-12-17,2382899.56,0.09,0.0114,647443.35,0.035,0.0156,90825.15,0.077,0.0388,10.3,108.1,101.5,0.015,-0.003,100.9,48.1,48.5,49.1,48.3,45.5,50.3,49.2,45.6,48.1,49.7,51.4,54.3,48.2,50.8,23682.0,313510.0,-10.0747488770459
2021-12-20,2382899.56,0.09,0.0114,647443.35,0.035,0.0156,90825.15,0.077,0.0388,10.3,108.1,101.5,0.015,-0.003,100.9,48.1,48.5,49.1,48.3,45.5,50.3,49.2,45.6,48.1,49.7,51.4,54.3,48.2,50.8,23682.0,313510.0,-10.0747488770459
2021-12-21,2382899.56,0.09,0.0114,647443.35,0.035,0.0156,90825.15,0.077,0.0388,10.3,108.1,101.5,0.015,-0.003,100.9,48.1,48.5,49.1,48.3,45.5,50.3,49.2,45.6,48.1,49.7,51.4,54.3,48.2,50.8,23682.0,313510.0,-10.0747488770459
2021-12-22,2382899.56,0.09,0.0114,647443.35,0.035,0.0156,90825.15,0.077,0.0388,10.3,108.1,101.5,0.015,-0.003,100.9,48.1,48.5,49.1,48.3,45.5,50.3,49.2,45.6,48.1,49.7,51.4,54.3,48.2,50.8,23682.0,313510.0,-10.0747488770459
2021-12-23,2382899.56,0.09,0.0114,647443.35,0.035,0.0156,90825.15,0.077,0.0388,10.3,108.1,101.5,0.015,-0.003,100.9,48.1,48.5,49.1,48.3,45.5,50.3,49.2,45.6,48.1,49.7,51.4,54.3,48.2,50.8,23682.0,313510.0,-10.0747488770459
2021-12-24,2382899.56,0.09,0.0114,647443.35,0.035,0.0156,90825.15,0.077,0.0388,10.3,108.1,101.5,0.015,-0.003,100.9,48.1,48.5,49.1,48.3,45.5,50.3,49.2,45.6,48.1,49.7,51.4,54.3,48.2,50.8,23682.0,313510.0,-10.0747488770459
2021-12-27,2382899.56,0.09,0.0114,647443.35,0.035,0.0156,90825.15,0.077,0.0388,10.3,108.1,101.5,0.015,-0.003,100.9,48.1,48.5,49.1,48.3,45.5,50.3,49.2,45.6,48.1,49.7,51.4,54.3,48.2,50.8,23682.0,313510.0,-10.0747488770459
2021-12-28,2382899.56,0.09,0.0114,647443.35,0.035,0.0156,90825.15,0.077,0.0388,10.3,108.1,101.5,0.015,-0.003,100.9,48.1,48.5,49.1,48.3,45.5,50.3,49.2,45.6,48.1,49.7,51.4,54.3,48.2,50.8,23682.0,313510.0,-10.0747488770459
2021-12-29,2382899.56,0.09,0.0114,647443.35,0.035,0.0156,90825.15,0.077,0.0388,10.3,108.1,101.5,0.015,-0.003,100.9,48.1,48.5,49.1,48.3,45.5,50.3,49.2,45.6,48.1,49.7,51.4,54.3,48.2,50.8,23682.0,313510.0,-10.0747488770459
2021-12-30,2382899.56,0.09,0.0114,647443.35,0.035,0.0156,90825.15,0.077,0.0388,10.3,108.1,101.5,0.015,-0.003,100.9,48.1,48.5,49.1,48.3,45.5,50.3,49.2,45.6,48.1,49.7,51.4,54.3,48.2,50.8,23682.0,313510.0,-10.0747488770459
2021-12-31,2382899.56,0.09,0.0114,647443.35,0.035,0.0156,90825.15,0.077,0.0388,10.3,108.1,101.5,0.015,-0.003,100.9,48.1,48.5,49.1,48.3,45.5,50.3,49.2,45.6,48.1,49.7,51.4,54.3,48.2,50.8,23682.0,313510.0,-10.0747488770459
2022-01-04,2431022.72,0.098,0.0202,613859.35,-0.019,-0.0519,106188.87,0.185,0.1692,9.1,109.1,100.9,0.009,0.004,100.9,56.4,48.0,48.9,47.6,50.9,50.1,49.1,45.8,48.4,49.3,50.9,57.5,47.2,50.2,61759.0,323385.0,-7.59979770445993
2022-01-05,2431022.72,0.098,0.0202,613859.35,-0.019,-0.0519,106188.87,0.185,0.1692,9.1,109.1,100.9,0.009,0.004,100.9,56.4,48.0,48.9,47.6,50.9,50.1,49.1,45.8,48.4,49.3,50.9,57.5,47.2,50.2,61759.0,323385.0,-7.59979770445993
2022-01-06,2431022.72,0.098,0.0202,613859.35,-0.019,-0.0519,106188.87,0.185,0.1692,9.1,109.1,100.9,0.009,0.004,100.9,56.4,48.0,48.9,47.6,50.9,50.1,49.1,45.8,48.4,49.3,50.9,57.5,47.2,50.2,61759.0,323385.0,-7.59979770445993
2022-01-07,2431022.72,0.098,0.0202,613859.35,-0.019,-0.0519,106188.87,0.185,0.1692,9.1,109.1,100.9,0.009,0.004,100.9,56.4,48.0,48.9,47.6,50.9,50.1,49.1,45.8,48.4,49.3,50.9,57.5,47.2,50.2,61759.0,323385.0,-7.59979770445993
2022-01-10,2431022.72,0.098,0.0202,613859.35,-0.019,-0.0519,106188.87,0.185,0.1692,9.1,109.1,100.9,0.009,0.004,100.9,56.4,48.0,48.9,47.6,50.9,50.1,49.1,45.8,48.4,49.3,50.9,57.5,47.2,50.2,61759.0,323385.0,-7.59979770445993
2022-01-11,2431022.72,0.098,0.0202,613859.35,-0.019,-0.0519,106188.87,0.185,0.1692,9.1,109.1,100.9,0.009,0.004,100.9,56.4,48.0,48.9,47.6,50.9,50.1,49.1,45.8,48.4,49.3,50.9,57.5,47.2,50.2,61759.0,323385.0,-7.59979770445993
2022-01-12,2431022.72,0.098,0.0202,613859.35,-0.019,-0.0519,106188.87,0.185,0.1692,9.1,109.1,100.9,0.009,0.004,100.9,56.4,48.0,48.9,47.6,50.9,50.1,49.1,45.8,48.4,49.3,50.9,57.5,47.2,50.2,61759.0,323385.0,-7.59979770445993
2022-01-13,2431022.72,0.098,0.0202,613859.35,-0.019,-0.0519,106188.87,0.185,0.1692,9.1,109.1,100.9,0.009,0.004,100.9,56.4,48.0,48.9,47.6,50.9,50.1,49.1,45.8,48.4,49.3,50.9,57.5,47.2,50.2,61759.0,323385.0,-7.59979770445993
2022-01-14,2431022.72,0.098,0.0202,613859.35,-0.019,-0.0519,106188.87,0.185,0.1692,9.1,109.1,100.9,0.009,0.004,100.9,56.4,48.0,48.9,47.6,50.9,50.1,49.1,45.8,48.4,49.3,50.9,57.5,47.2,50.2,61759.0,323385.0,-7.59979770445993
2022-01-17,2431022.72,0.098,0.0202,613859.35,-0.019,-0.0519,106188.87,0.185,0.1692,9.1,109.1,100.9,0.009,0.004,100.9,56.4,48.0,48.9,47.6,50.9,50.1,49.1,45.8,48.4,49.3,50.9,57.5,47.2,50.2,61759.0,323385.0,-7.59979770445993
2022-01-18,2431022.72,0.098,0.0202,613859.35,-0.019,-0.0519,106188.87,0.185,0.1692,9.1,109.1,100.9,0.009,0.004,100.9,56.4,48.0,48.9,47.6,50.9,50.1,49.1,45.8,48.4,49.3,50.9,57.5,47.2,50.2,61759.0,323385.0,-7.59979770445993
2022-01-19,2431022.72,0.098,0.0202,613859.35,-0.019,-0.0519,106188.87,0.185,0.1692,9.1,109.1,100.9,0.009,0.004,100.9,56.4,48.0,48.9,47.6,50.9,50.1,49.1,45.8,48.4,49.3,50.9,57.5,47.2,50.2,61759.0,323385.0,-7.59979770445993
2022-01-20,2431022.72,0.098,0.0202,613859.35,-0.019,-0.0519,106188.87,0.185,0.1692,9.1,109.1,100.9,0.009,0.004,100.9,56.4,48.0,48.9,47.6,50.9,50.1,49.1,45.8,48.4,49.3,50.9,57.5,47.2,50.2,61759.0,323385.0,-7.59979770445993
2022-01-21,2431022.72,0.098,0.0202,613859.35,-0.019,-0.0519,106188.87,0.185,0.1692,9.1,109.1,100.9,0.009,0.004,100.9,56.4,48.0,48.9,47.6,50.9,50.1,49.1,45.8,48.4,49.3,50.9,57.5,47.2,50.2,61759.0,323385.0,-7.59979770445993
2022-01-24,2431022.72,0.098,0.0202,613859.35,-0.019,-0.0519,106188.87,0.185,0.1692,9.1,109.1,100.9,0.009,0.004,100.9,56.4,48.0,48.9,47.6,50.9,50.1,49.1,45.8,48.4,49.3,50.9,57.5,47.2,50.2,61759.0,323385.0,-7.59979770445993
2022-01-25,2431022.72,0.098,0.0202,613859.35,-0.019,-0.0519,106188.87,0.185,0.1692,9.1,109.1,100.9,0.009,0.004,100.9,56.4,48.0,48.9,47.6,50.9,50.1,49.1,45.8,48.4,49.3,50.9,57.5,47.2,50.2,61759.0,323385.0,-7.59979770445993
2022-01-26,2431022.72,0.098,0.0202,613859.35,-0.019,-0.0519,106188.87,0.185,0.1692,9.1,109.1,100.9,0.009,0.004,100.9,56.4,48.0,48.9,47.6,50.9,50.1,49.1,45.8,48.4,49.3,50.9,57.5,47.2,50.2,61759.0,323385.0,-7.59979770445993
2022-01-27,2431022.72,0.098,0.0202,613859.35,-0.019,-0.0519,106188.87,0.185,0.1692,9.1,109.1,100.9,0.009,0.004,100.9,56.4,48.0,48.9,47.6,50.9,50.1,49.1,45.8,48.4,49.3,50.9,57.5,47.2,50.2,61759.0,323385.0,-7.59979770445993
2022-01-28,2431022.72,0.098,0.0202,613859.35,-0.019,-0.0519,106188.87,0.185,0.1692,9.1,109.1,100.9,0.009,0.004,100.9,56.4,48.0,48.9,47.6,50.9,50.1,49.1,45.8,48.4,49.3,50.9,57.5,47.2,50.2,61759.0,323385.0,-7.59979770445993
2022-02-07,2441488.9,0.092,0.0043,621612.11,0.047,0.0126,97227.7,0.058,-0.0844,8.8,108.9,100.9,0.009,0.006,100.9,60.0,47.3,49.2,48.2,54.1,50.2,48.1,45.2,49.0,50.7,50.4,58.7,48.6,50.9,12170.0,318312.0,-11.2073173793338
2022-02-08,2441488.9,0.092,0.0043,621612.11,0.047,0.0126,97227.7,0.058,-0.0844,8.8,108.9,100.9,0.009,0.006,100.9,60.0,47.3,49.2,48.2,54.1,50.2,48.1,45.2,49.0,50.7,50.4,58.7,48.6,50.9,12170.0,318312.0,-11.2073173793338
2022-02-09,2441488.9,0.092,0.0043,621612.11,0.047,0.0126,97227.7,0.058,-0.0844,8.8,108.9,100.9,0.009,0.006,100.9,60.0,47.3,49.2,48.2,54.1,50.2,48.1,45.2,49.0,50.7,50.4,58.7,48.6,50.9,12170.0,318312.0,-11.2073173793338
2022-02-10,2441488.9,0.092,0.0043,621612.11,0.047,0.0126,97227.7,0.058,-0.0844,8.8,108.9,100.9,0.009,0.006,100.9,60.0,47.3,49.2,48.2,54.1,50.2,48.1,45.2,49.0,50.7,50.4,58.7,48.6,50.9,12170.0,318312.0,-11.2073173793338
2022-02-11,2441488.9,0.092,0.0043,621612.11,0.047,0.0126,97227.7,0.058,-0.0844,8.8,108.9,100.9,0.009,0.006,100.9,60.0,47.3,49.2,48.2,54.1,50.2,48.1,45.2,49.0,50.7,50.4,58.7,48.6,50.9,12170.0,318312.0,-11.2073173793338
2022-02-14,2441488.9,0.092,0.0043,621612.11,0.047,0.0126,97227.7,0.058,-0.0844,8.8,108.9,100.9,0.009,0.006,100.9,60.0,47.3,49.2,48.2,54.1,50.2,48.1,45.2,49.0,50.7,50.4,58.7,48.6,50.9,12170.0,318312.0,-11.2073173793338
2022-02-15,2441488.9,0.092,0.0043,621612.11,0.047,0.0126,97227.7,0.058,-0.0844,8.8,108.9,100.9,0.009,0.006,100.9,60.0,47.3,49.2,48.2,54.1,50.2,48.1,45.2,49.0,50.7,50.4,58.7,48.6,50.9,12170.0,318312.0,-11.2073173793338
2022-02-16,2441488.9,0.092,0.0043,621612.11,0.047,0.0126,97227.7,0.058,-0.0844,8.8,108.9,100.9,0.009,0.006,100.9,60.0,47.3,49.2,48.2,54.1,50.2,48.1,45.2,49.0,50.7,50.4,58.7,48.6,50.9,12170.0,318312.0,-11.2073173793338
2022-02-17,2441488.9,0.092,0.0043,621612.11,0.047,0.0126,97227.7,0.058,-0.0844,8.8,108.9,100.9,0.009,0.006,100.9,60.0,47.3,49.2,48.2,54.1,50.2,48.1,45.2,49.0,50.7,50.4,58.7,48.6,50.9,12170.0,318312.0,-11.2073173793338
2022-02-18,2441488.9,0.092,0.0043,621612.11,0.047,0.0126,97227.7,0.058,-0.0844,8.8,108.9,100.9,0.009,0.006,100.9,60.0,47.3,49.2,48.2,54.1,50.2,48.1,45.2,49.0,50.7,50.4,58.7,48.6,50.9,12170.0,318312.0,-11.2073173793338
2022-02-21,2441488.9,0.092,0.0043,621612.11,0.047,0.0126,97227.7,0.058,-0.0844,8.8,108.9,100.9,0.009,0.006,100.9,60.0,47.3,49.2,48.2,54.1,50.2,48.1,45.2,49.0,50.7,50.4,58.7,48.6,50.9,12170.0,318312.0,-11.2073173793338
2022-02-22,2441488.9,0.092,0.0043,621612.11,0.047,0.0126,97227.7,0.058,-0.0844,8.8,108.9,100.9,0.009,0.006,100.9,60.0,47.3,49.2,48.2,54.1,50.2,48.1,45.2,49.0,50.7,50.4,58.7,48.6,50.9,12170.0,318312.0,-11.2073173793338
2022-02-23,2441488.9,0.092,0.0043,621612.11,0.047,0.0126,97227.7,0.058,-0.0844,8.8,108.9,100.9,0.009,0.006,100.9,60.0,47.3,49.2,48.2,54.1,50.2,48.1,45.2,49.0,50.7,50.4,58.7,48.6,50.9,12170.0,318312.0,-11.2073173793338
2022-02-24,2441488.9,0.092,0.0043,621612.11,0.047,0.0126,97227.7,0.058,-0.0844,8.8,108.9,100.9,0.009,0.006,100.9,60.0,47.3,49.2,48.2,54.1,50.2,48.1,45.2,49.0,50.7,50.4,58.7,48.6,50.9,12170.0,318312.0,-11.2073173793338
2022-02-25,2441488.9,0.092,0.0043,621612.11,0.047,0.0126,97227.7,0.058,-0.0844,8.8,108.9,100.9,0.009,0.006,100.9,60.0,47.3,49.2,48.2,54.1,50.2,48.1,45.2,49.0,50.7,50.4,58.7,48.6,50.9,12170.0,318312.0,-11.2073173793338
2022-02-28,2441488.9,0.092,0.0043,621612.11,0.047,0.0126,97227.7,0.058,-0.0844,8.8,108.9,100.9,0.009,0.006,100.9,60.0,47.3,49.2,48.2,54.1,50.2,48.1,45.2,49.0,50.7,50.4,58.7,48.6,50.9,12170.0,318312.0,-11.2073173793338
2022-03-01,2497688.34,0.097,0.023,645063.8,0.047,0.0377,95141.92,0.1,-0.0215,8.3,108.7,101.5,0.015,0.0,101.1,66.1,48.9,48.6,46.5,56.7,49.5,47.3,46.1,47.2,48.8,49.5,55.7,46.9,48.7,46565.0,331115.0,-2.73138804922256
2022-03-02,2497688.34,0.097,0.023,645063.8,0.047,0.0377,95141.92,0.1,-0.0215,8.3,108.7,101.5,0.015,0.0,101.1,66.1,48.9,48.6,46.5,56.7,49.5,47.3,46.1,47.2,48.8,49.5,55.7,46.9,48.7,46565.0,331115.0,-2.73138804922256
2022-03-03,2497688.34,0.097,0.023,645063.8,0.047,0.0377,95141.92,0.1,-0.0215,8.3,108.7,101.5,0.015,0.0,101.1,66.1,48.9,48.6,46.5,56.7,49.5,47.3,46.1,47.2,48.8,49.5,55.7,46.9,48.7,46565.0,331115.0,-2.73138804922256
2022-03-04,2497688.34,0.097,0.023,645063.8,0.047,0.0377,95141.92,0.1,-0.0215,8.3,108.7,101.5,0.015,0.0,101.1,66.1,48.9,48.6,46.5,56.7,49.5,47.3,46.1,47.2,48.8,49.5,55.7,46.9,48.7,46565.0,331115.0,-2.73138804922256
2022-03-07,2497688.34,0.097,0.023,645063.8,0.047,0.0377,95141.92,0.1,-0.0215,8.3,108.7,101.5,0.015,0.0,101.1,66.1,48.9,48.6,46.5,56.7,49.5,47.3,46.1,47.2,48.8,49.5,55.7,46.9,48.7,46565.0,331115.0,-2.73138804922256
2022-03-08,2497688.34,0.097,0.023,645063.8,0.047,0.0377,95141.92,0.1,-0.0215,8.3,108.7,101.5,0.015,0.0,101.1,66.1,48.9,48.6,46.5,56.7,49.5,47.3,46.1,47.2,48.8,49.5,55.7,46.9,48.7,46565.0,331115.0,-2.73138804922256
2022-03-09,2497688.34,0.097,0.023,645063.8,0.047,0.0377,95141.92,0.1,-0.0215,8.3,108.7,101.5,0.015,0.0,101.1,66.1,48.9,48.6,46.5,56.7,49.5,47.3,46.1,47.2,48.8,49.5,55.7,46.9,48.7,46565.0,331115.0,-2.73138804922256
2022-03-10,2497688.34,0.097,0.023,645063.8,0.047,0.0377,95141.92,0.1,-0.0215,8.3,108.7,101.5,0.015,0.0,101.1,66.1,48.9,48.6,46.5,56.7,49.5,47.3,46.1,47.2,48.8,49.5,55.7,46.9,48.7,46565.0,331115.0,-2.73138804922256
2022-03-11,2497688.34,0.097,0.023,645063.8,0.047,0.0377,95141.92,0.1,-0.0215,8.3,108.7,101.5,0.015,0.0,101.1,66.1,48.9,48.6,46.5,56.7,49.5,47.3,46.1,47.2,48.8,49.5,55.7,46.9,48.7,46565.0,331115.0,-2.73138804922256
2022-03-14,2497688.34,0.097,0.023,645063.8,0.047,0.0377,95141.92,0.1,-0.0215,8.3,108.7,101.5,0.015,0.0,101.1,66.1,48.9,48.6,46.5,56.7,49.5,47.3,46.1,47.2,48.8,49.5,55.7,46.9,48.7,46565.0,331115.0,-2.73138804922256
2022-03-15,2497688.34,0.097,0.023,645063.8,0.047,0.0377,95141.92,0.1,-0.0215,8.3,108.7,101.5,0.015,0.0,101.1,66.1,48.9,48.6,46.5,56.7,49.5,47.3,46.1,47.2,48.8,49.5,55.7,46.9,48.7,46565.0,331115.0,-2.73138804922256
2022-03-16,2497688.34,0.097,0.023,645063.8,0.047,0.0377,95141.92,0.1,-0.0215,8.3,108.7,101.5,0.015,0.0,101.1,66.1,48.9,48.6,46.5,56.7,49.5,47.3,46.1,47.2,48.8,49.5,55.7,46.9,48.7,46565.0,331115.0,-2.73138804922256
2022-03-17,2497688.34,0.097,0.023,645063.8,0.047,0.0377,95141.92,0.1,-0.0215,8.3,108.7,101.5,0.015,0.0,101.1,66.1,48.9,48.6,46.5,56.7,49.5,47.3,46.1,47.2,48.8,49.5,55.7,46.9,48.7,46565.0,331115.0,-2.73138804922256
2022-03-18,2497688.34,0.097,0.023,645063.8,0.047,0.0377,95141.92,0.1,-0.0215,8.3,108.7,101.5,0.015,0.0,101.1,66.1,48.9,48.6,46.5,56.7,49.5,47.3,46.1,47.2,48.8,49.5,55.7,46.9,48.7,46565.0,331115.0,-2.73138804922256
2022-03-21,2497688.34,0.097,0.023,645063.8,0.047,0.0377,95141.92,0.1,-0.0215,8.3,108.7,101.5,0.015,0.0,101.1,66.1,48.9,48.6,46.5,56.7,49.5,47.3,46.1,47.2,48.8,49.5,55.7,46.9,48.7,46565.0,331115.0,-2.73138804922256
2022-03-22,2497688.34,0.097,0.023,645063.8,0.047,0.0377,95141.92,0.1,-0.0215,8.3,108.7,101.5,0.015,0.0,101.1,66.1,48.9,48.6,46.5,56.7,49.5,47.3,46.1,47.2,48.8,49.5,55.7,46.9,48.7,46565.0,331115.0,-2.73138804922256
2022-03-23,2497688.34,0.097,0.023,645063.8,0.047,0.0377,95141.92,0.1,-0.0215,8.3,108.7,101.5,0.015,0.0,101.1,66.1,48.9,48.6,46.5,56.7,49.5,47.3,46.1,47.2,48.8,49.5,55.7,46.9,48.7,46565.0,331115.0,-2.73138804922256
2022-03-24,2497688.34,0.097,0.023,645063.8,0.047,0.0377,95141.92,0.1,-0.0215,8.3,108.7,101.5,0.015,0.0,101.1,66.1,48.9,48.6,46.5,56.7,49.5,47.3,46.1,47.2,48.8,49.5,55.7,46.9,48.7,46565.0,331115.0,-2.73138804922256
2022-03-25,2497688.34,0.097,0.023,645063.8,0.047,0.0377,95141.92,0.1,-0.0215,8.3,108.7,101.5,0.015,0.0,101.1,66.1,48.9,48.6,46.5,56.7,49.5,47.3,46.1,47.2,48.8,49.5,55.7,46.9,48.7,46565.0,331115.0,-2.73138804922256
2022-03-28,2497688.34,0.097,0.023,645063.8,0.047,0.0377,95141.92,0.1,-0.0215,8.3,108.7,101.5,0.015,0.0,101.1,66.1,48.9,48.6,46.5,56.7,49.5,47.3,46.1,47.2,48.8,49.5,55.7,46.9,48.7,46565.0,331115.0,-2.73138804922256
2022-03-29,2497688.34,0.097,0.023,645063.8,0.047,0.0377,95141.92,0.1,-0.0215,8.3,108.7,101.5,0.015,0.0,101.1,66.1,48.9,48.6,46.5,56.7,49.5,47.3,46.1,47.2,48.8,49.5,55.7,46.9,48.7,46565.0,331115.0,-2.73138804922256
2022-03-30,2497688.34,0.097,0.023,645063.8,0.047,0.0377,95141.92,0.1,-0.0215,8.3,108.7,101.5,0.015,0.0,101.1,66.1,48.9,48.6,46.5,56.7,49.5,47.3,46.1,47.2,48.8,49.5,55.7,46.9,48.7,46565.0,331115.0,-2.73138804922256
2022-03-31,2497688.34,0.097,0.023,645063.8,0.047,0.0377,95141.92,0.1,-0.0215,8.3,108.7,101.5,0.015,0.0,101.1,66.1,48.9,48.6,46.5,56.7,49.5,47.3,46.1,47.2,48.8,49.5,55.7,46.9,48.7,46565.0,331115.0,-2.73138804922256
2022-04-01,2499710.9,0.105,0.0008,636139.01,0.051,-0.0138,95626.49,0.115,0.0051,8.0,108.5,102.1,0.021,0.004,101.4,64.2,50.3,47.2,37.2,54.4,47.4,46.5,46.0,41.6,42.6,44.4,53.3,42.9,43.5,9327.0,321872.0,-1.85512690726804
2022-04-06,2499710.9,0.105,0.0008,636139.01,0.051,-0.0138,95626.49,0.115,0.0051,8.0,108.5,102.1,0.021,0.004,101.4,64.2,50.3,47.2,37.2,54.4,47.4,46.5,46.0,41.6,42.6,44.4,53.3,42.9,43.5,9327.0,321872.0,-1.85512690726804
2022-04-07,2499710.9,0.105,0.0008,636139.01,0.051,-0.0138,95626.49,0.115,0.0051,8.0,108.5,102.1,0.021,0.004,101.4,64.2,50.3,47.2,37.2,54.4,47.4,46.5,46.0,41.6,42.6,44.4,53.3,42.9,43.5,9327.0,321872.0,-1.85512690726804
2022-04-08,2499710.9,0.105,0.0008,636139.01,0.051,-0.0138,95626.49,0.115,0.0051,8.0,108.5,102.1,0.021,0.004,101.4,64.2,50.3,47.2,37.2,54.4,47.4,46.5,46.0,41.6,42.6,44.4,53.3,42.9,43.5,9327.0,321872.0,-1.85512690726804
2022-04-11,2499710.9,0.105,0.0008,636139.01,0.051,-0.0138,95626.49,0.115,0.0051,8.0,108.5,102.1,0.021,0.004,101.4,64.2,50.3,47.2,37.2,54.4,47.4,46.5,46.0,41.6,42.6,44.4,53.3,42.9,43.5,9327.0,321872.0,-1.85512690726804
2022-04-12,2499710.9,0.105,0.0008,636139.01,0.051,-0.0138,95626.49,0.115,0.0051,8.0,108.5,102.1,0.021,0.004,101.4,64.2,50.3,47.2,37.2,54.4,47.4,46.5,46.0,41.6,42.6,44.4,53.3,42.9,43.5,9327.0,321872.0,-1.85512690726804
2022-04-13,2499710.9,0.105,0.0008,636139.01,0.051,-0.0138,95626.49,0.115,0.0051,8.0,108.5,102.1,0.021,0.004,101.4,64.2,50.3,47.2,37.2,54.4,47.4,46.5,46.0,41.6,42.6,44.4,53.3,42.9,43.5,9327.0,321872.0,-1.85512690726804
2022-04-14,2499710.9,0.105,0.0008,636139.01,0.051,-0.0138,95626.49,0.115,0.0051,8.0,108.5,102.1,0.021,0.004,101.4,64.2,50.3,47.2,37.2,54.4,47.4,46.5,46.0,41.6,42.6,44.4,53.3,42.9,43.5,9327.0,321872.0,-1.85512690726804
2022-04-15,2499710.9,0.105,0.0008,636139.01,0.051,-0.0138,95626.49,0.115,0.0051,8.0,108.5,102.1,0.021,0.004,101.4,64.2,50.3,47.2,37.2,54.4,47.4,46.5,46.0,41.6,42.6,44.4,53.3,42.9,43.5,9327.0,321872.0,-1.85512690726804
2022-04-18,2499710.9,0.105,0.0008,636139.01,0.051,-0.0138,95626.49,0.115,0.0051,8.0,108.5,102.1,0.021,0.004,101.4,64.2,50.3,47.2,37.2,54.4,47.4,46.5,46.0,41.6,42.6,44.4,53.3,42.9,43.5,9327.0,321872.0,-1.85512690726804
2022-04-19,2499710.9,0.105,0.0008,636139.01,0.051,-0.0138,95626.49,0.115,0.0051,8.0,108.5,102.1,0.021,0.004,101.4,64.2,50.3,47.2,37.2,54.4,47.4,46.5,46.0,41.6,42.6,44.4,53.3,42.9,43.5,9327.0,321872.0,-1.85512690726804
2022-04-20,2499710.9,0.105,0.0008,636139.01,0.051,-0.0138,95626.49,0.115,0.0051,8.0,108.5,102.1,0.021,0.004,101.4,64.2,50.3,47.2,37.2,54.4,47.4,46.5,46.0,41.6,42.6,44.4,53.3,42.9,43.5,9327.0,321872.0,-1.85512690726804
2022-04-21,2499710.9,0.105,0.0008,636139.01,0.051,-0.0138,95626.49,0.115,0.0051,8.0,108.5,102.1,0.021,0.004,101.4,64.2,50.3,47.2,37.2,54.4,47.4,46.5,46.0,41.6,42.6,44.4,53.3,42.9,43.5,9327.0,321872.0,-1.85512690726804
2022-04-22,2499710.9,0.105,0.0008,636139.01,0.051,-0.0138,95626.49,0.115,0.0051,8.0,108.5,102.1,0.021,0.004,101.4,64.2,50.3,47.2,37.2,54.4,47.4,46.5,46.0,41.6,42.6,44.4,53.3,42.9,43.5,9327.0,321872.0,-1.85512690726804
2022-04-25,2499710.9,0.105,0.0008,636139.01,0.051,-0.0138,95626.49,0.115,0.0051,8.0,108.5,102.1,0.021,0.004,101.4,64.2,50.3,47.2,37.2,54.4,47.4,46.5,46.0,41.6,42.6,44.4,53.3,42.9,43.5,9327.0,321872.0,-1.85512690726804
2022-04-26,2499710.9,0.105,0.0008,636139.01,0.051,-0.0138,95626.49,0.115,0.0051,8.0,108.5,102.1,0.021,0.004,101.4,64.2,50.3,47.2,37.2,54.4,47.4,46.5,46.0,41.6,42.6,44.4,53.3,42.9,43.5,9327.0,321872.0,-1.85512690726804
2022-04-27,2499710.9,0.105,0.0008,636139.01,0.051,-0.0138,95626.49,0.115,0.0051,8.0,108.5,102.1,0.021,0.004,101.4,64.2,50.3,47.2,37.2,54.4,47.4,46.5,46.0,41.6,42.6,44.4,53.3,42.9,43.5,9327.0,321872.0,-1.85512690726804
2022-04-28,2499710.9,0.105,0.0008,636139.01,0.051,-0.0138,95626.49,0.115,0.0051,8.0,108.5,102.1,0.021,0.004,101.4,64.2,50.3,47.2,37.2,54.4,47.4,46.5,46.0,41.6,42.6,44.4,53.3,42.9,43.5,9327.0,321872.0,-1.85512690726804
2022-04-29,2499710.9,0.105,0.0008,636139.01,0.051,-0.0138,95626.49,0.115,0.0051,8.0,108.5,102.1,0.021,0.004,101.4,64.2,50.3,47.2,37.2,54.4,47.4,46.5,46.0,41.6,42.6,44.4,53.3,42.9,43.5,9327.0,321872.0,-1.85512690726804
2022-05-05,2527026.15,0.111,0.0109,645107.52,0.046,0.0141,95546.86,0.135,-0.0008,6.4,108.1,102.1,0.021,-0.002,101.5,55.8,49.3,47.6,44.1,49.5,49.6,47.9,45.0,46.2,48.2,49.7,53.9,45.1,48.4,28415.0,330765.0,4.80114824531386
2022-05-06,2527026.15,0.111,0.0109,645107.52,0.046,0.0141,95546.86,0.135,-0.0008,6.4,108.1,102.1,0.021,-0.002,101.5,55.8,49.3,47.6,44.1,49.5,49.6,47.9,45.0,46.2,48.2,49.7,53.9,45.1,48.4,28415.0,330765.0,4.80114824531386
2022-05-09,2527026.15,0.111,0.0109,645107.52,0.046,0.0141,95546.86,0.135,-0.0008,6.4,108.1,102.1,0.021,-0.002,101.5,55.8,49.3,47.6,44.1,49.5,49.6,47.9,45.0,46.2,48.2,49.7,53.9,45.1,48.4,28415.0,330765.0,4.80114824531386
2022-05-10,2527026.15,0.111,0.0109,645107.52,0.046,0.0141,95546.86,0.135,-0.0008,6.4,108.1,102.1,0.021,-0.002,101.5,55.8,49.3,47.6,44.1,49.5,49.6,47.9,45.0,46.2,48.2,49.7,53.9,45.1,48.4,28415.0,330765.0,4.80114824531386
2022-05-11,2527026.15,0.111,0.0109,645107.52,0.046,0.0141,95546.86,0.135,-0.0008,6.4,108.1,102.1,0.021,-0.002,101.5,55.8,49.3,47.6,44.1,49.5,49.6,47.9,45.0,46.2,48.2,49.7,53.9,45.1,48.4,28415.0,330765.0,4.80114824531386
2022-05-12,2527026.15,0.111,0.0109,645107.52,0.046,0.0141,95546.86,0.135,-0.0008,6.4,108.1,102.1,0.021,-0.002,101.5,55.8,49.3,47.6,44.1,49.5,49.6,47.9,45.0,46.2,48.2,49.7,53.9,45.1,48.4,28415.0,330765.0,4.80114824531386
2022-05-13,2527026.15,0.111,0.0109,645107.52,0.046,0.0141,95546.86,0.135,-0.0008,6.4,108.1,102.1,0.021,-0.002,101.5,55.8,49.3,47.6,44.1,49.5,49.6,47.9,45.0,46.2,48.2,49.7,53.9,45.1,48.4,28415.0,330765.0,4.80114824531386
2022-05-16,2527026.15,0.111,0.0109,645107.52,0.046,0.0141,95546.86,0.135,-0.0008,6.4,108.1,102.1,0.021,-0.002,101.5,55.8,49.3,47.6,44.1,49.5,49.6,47.9,45.0,46.2,48.2,49.7,53.9,45.1,48.4,28415.0,330765.0,4.80114824531386
2022-05-17,2527026.15,0.111,0.0109,645107.52,0.046,0.0141,95546.86,0.135,-0.0008,6.4,108.1,102.1,0.021,-0.002,101.5,55.8,49.3,47.6,44.1,49.5,49.6,47.9,45.0,46.2,48.2,49.7,53.9,45.1,48.4,28415.0,330765.0,4.80114824531386
2022-05-18,2527026.15,0.111,0.0109,645107.52,0.046,0.0141,95546.86,0.135,-0.0008,6.4,108.1,102.1,0.021,-0.002,101.5,55.8,49.3,47.6,44.1,49.5,49.6,47.9,45.0,46.2,48.2,49.7,53.9,45.1,48.4,28415.0,330765.0,4.80114824531386
2022-05-19,2527026.15,0.111,0.0109,645107.52,0.046,0.0141,95546.86,0.135,-0.0008,6.4,108.1,102.1,0.021,-0.002,101.5,55.8,49.3,47.6,44.1,49.5,49.6,47.9,45.0,46.2,48.2,49.7,53.9,45.1,48.4,28415.0,330765.0,4.80114824531386
2022-05-20,2527026.15,0.111,0.0109,645107.52,0.046,0.0141,95546.86,0.135,-0.0008,6.4,108.1,102.1,0.021,-0.002,101.5,55.8,49.3,47.6,44.1,49.5,49.6,47.9,45.0,46.2,48.2,49.7,53.9,45.1,48.4,28415.0,330765.0,4.80114824531386
2022-05-23,2527026.15,0.111,0.0109,645107.52,0.046,0.0141,95546.86,0.135,-0.0008,6.4,108.1,102.1,0.021,-0.002,101.5,55.8,49.3,47.6,44.1,49.5,49.6,47.9,45.0,46.2,48.2,49.7,53.9,45.1,48.4,28415.0,330765.0,4.80114824531386
2022-05-24,2527026.15,0.111,0.0109,645107.52,0.046,0.0141,95546.86,0.135,-0.0008,6.4,108.1,102.1,0.021,-0.002,101.5,55.8,49.3,47.6,44.1,49.5,49.6,47.9,45.0,46.2,48.2,49.7,53.9,45.1,48.4,28415.0,330765.0,4.80114824531386
2022-05-25,2527026.15,0.111,0.0109,645107.52,0.046,0.0141,95546.86,0.135,-0.0008,6.4,108.1,102.1,0.021,-0.002,101.5,55.8,49.3,47.6,44.1,49.5,49.6,47.9,45.0,46.2,48.2,49.7,53.9,45.1,48.4,28415.0,330765.0,4.80114824531386
2022-05-26,2527026.15,0.111,0.0109,645107.52,0.046,0.0141,95546.86,0.135,-0.0008,6.4,108.1,102.1,0.021,-0.002,101.5,55.8,49.3,47.6,44.1,49.5,49.6,47.9,45.0,46.2,48.2,49.7,53.9,45.1,48.4,28415.0,330765.0,4.80114824531386
2022-05-27,2527026.15,0.111,0.0109,645107.52,0.046,0.0141,95546.86,0.135,-0.0008,6.4,108.1,102.1,0.021,-0.002,101.5,55.8,49.3,47.6,44.1,49.5,49.6,47.9,45.0,46.2,48.2,49.7,53.9,45.1,48.4,28415.0,330765.0,4.80114824531386
2022-05-30,2527026.15,0.111,0.0109,645107.52,0.046,0.0141,95546.86,0.135,-0.0008,6.4,108.1,102.1,0.021,-0.002,101.5,55.8,49.3,47.6,44.1,49.5,49.6,47.9,45.0,46.2,48.2,49.7,53.9,45.1,48.4,28415.0,330765.0,4.80114824531386
2022-05-31,2527026.15,0.111,0.0109,645107.52,0.046,0.0141,95546.86,0.135,-0.0008,6.4,108.1,102.1,0.021,-0.002,101.5,55.8,49.3,47.6,44.1,49.5,49.6,47.9,45.0,46.2,48.2,49.7,53.9,45.1,48.4,28415.0,330765.0,4.80114824531386
2022-06-01,2581451.2,0.114,0.0215,674374.81,0.058,0.0454,96011.17,0.139,0.0049,6.1,107.7,102.5,0.025,0.0,101.7,52.0,48.6,48.7,51.3,46.3,50.2,48.1,44.2,49.5,50.4,52.8,55.2,49.2,51.1,51926.0,345674.0,8.72029388453457
2022-06-02,2581451.2,0.114,0.0215,674374.81,0.058,0.0454,96011.17,0.139,0.0049,6.1,107.7,102.5,0.025,0.0,101.7,52.0,48.6,48.7,51.3,46.3,50.2,48.1,44.2,49.5,50.4,52.8,55.2,49.2,51.1,51926.0,345674.0,8.72029388453457
2022-06-06,2581451.2,0.114,0.0215,674374.81,0.058,0.0454,96011.17,0.139,0.0049,6.1,107.7,102.5,0.025,0.0,101.7,52.0,48.6,48.7,51.3,46.3,50.2,48.1,44.2,49.5,50.4,52.8,55.2,49.2,51.1,51926.0,345674.0,8.72029388453457
2022-06-07,2581451.2,0.114,0.0215,674374.81,0.058,0.0454,96011.17,0.139,0.0049,6.1,107.7,102.5,0.025,0.0,101.7,52.0,48.6,48.7,51.3,46.3,50.2,48.1,44.2,49.5,50.4,52.8,55.2,49.2,51.1,51926.0,345674.0,8.72029388453457
2022-06-08,2581451.2,0.114,0.0215,674374.81,0.058,0.0454,96011.17,0.139,0.0049,6.1,107.7,102.5,0.025,0.0,101.7,52.0,48.6,48.7,51.3,46.3,50.2,48.1,44.2,49.5,50.4,52.8,55.2,49.2,51.1,51926.0,345674.0,8.72029388453457
2022-06-09,2581451.2,0.114,0.0215,674374.81,0.058,0.0454,96011.17,0.139,0.0049,6.1,107.7,102.5,0.025,0.0,101.7,52.0,48.6,48.7,51.3,46.3,50.2,48.1,44.2,49.5,50.4,52.8,55.2,49.2,51.1,51926.0,345674.0,8.72029388453457
2022-06-10,2581451.2,0.114,0.0215,674374.81,0.058,0.0454,96011.17,0.139,0.0049,6.1,107.7,102.5,0.025,0.0,101.7,52.0,48.6,48.7,51.3,46.3,50.2,48.1,44.2,49.5,50.4,52.8,55.2,49.2,51.1,51926.0,345674.0,8.72029388453457
2022-06-13,2581451.2,0.114,0.0215,674374.81,0.058,0.0454,96011.17,0.139,0.0049,6.1,107.7,102.5,0.025,0.0,101.7,52.0,48.6,48.7,51.3,46.3,50.2,48.1,44.2,49.5,50.4,52.8,55.2,49.2,51.1,51926.0,345674.0,8.72029388453457
2022-06-14,2581451.2,0.114,0.0215,674374.81,0.058,0.0454,96011.17,0.139,0.0049,6.1,107.7,102.5,0.025,0.0,101.7,52.0,48.6,48.7,51.3,46.3,50.2,48.1,44.2,49.5,50.4,52.8,55.2,49.2,51.1,51926.0,345674.0,8.72029388453457
2022-06-15,2581451.2,0.114,0.0215,674374.81,0.058,0.0454,96011.17,0.139,0.0049,6.1,107.7,102.5,0.025,0.0,101.7,52.0,48.6,48.7,51.3,46.3,50.2,48.1,44.2,49.5,50.4,52.8,55.2,49.2,51.1,51926.0,345674.0,8.72029388453457
2022-06-16,2581451.2,0.114,0.0215,674374.81,0.058,0.0454,96011.17,0.139,0.0049,6.1,107.7,102.5,0.025,0.0,101.7,52.0,48.6,48.7,51.3,46.3,50.2,48.1,44.2,49.5,50.4,52.8,55.2,49.2,51.1,51926.0,345674.0,8.72029388453457
2022-06-17,2581451.2,0.114,0.0215,674374.81,0.058,0.0454,96011.17,0.139,0.0049,6.1,107.7,102.5,0.025,0.0,101.7,52.0,48.6,48.7,51.3,46.3,50.2,48.1,44.2,49.5,50.4,52.8,55.2,49.2,51.1,51926.0,345674.0,8.72029388453457
2022-06-20,2581451.2,0.114,0.0215,674374.81,0.058,0.0454,96011.17,0.139,0.0049,6.1,107.7,102.5,0.025,0.0,101.7,52.0,48.6,48.7,51.3,46.3,50.2,48.1,44.2,49.5,50.4,52.8,55.2,49.2,51.1,51926.0,345674.0,8.72029388453457
2022-06-21,2581451.2,0.114,0.0215,674374.81,0.058,0.0454,96011.17,0.139,0.0049,6.1,107.7,102.5,0.025,0.0,101.7,52.0,48.6,48.7,51.3,46.3,50.2,48.1,44.2,49.5,50.4,52.8,55.2,49.2,51.1,51926.0,345674.0,8.72029388453457
2022-06-22,2581451.2,0.114,0.0215,674374.81,0.058,0.0454,96011.17,0.139,0.0049,6.1,107.7,102.5,0.025,0.0,101.7,52.0,48.6,48.7,51.3,46.3,50.2,48.1,44.2,49.5,50.4,52.8,55.2,49.2,51.1,51926.0,345674.0,8.72029388453457
2022-06-23,2581451.2,0.114,0.0215,674374.81,0.058,0.0454,96011.17,0.139,0.0049,6.1,107.7,102.5,0.025,0.0,101.7,52.0,48.6,48.7,51.3,46.3,50.2,48.1,44.2,49.5,50.4,52.8,55.2,49.2,51.1,51926.0,345674.0,8.72029388453457
2022-06-24,2581451.2,0.114,0.0215,674374.81,0.058,0.0454,96011.17,0.139,0.0049,6.1,107.7,102.5,0.025,0.0,101.7,52.0,48.6,48.7,51.3,46.3,50.2,48.1,44.2,49.5,50.4,52.8,55.2,49.2,51.1,51926.0,345674.0,8.72029388453457
2022-06-27,2581451.2,0.114,0.0215,674374.81,0.058,0.0454,96011.17,0.139,0.0049,6.1,107.7,102.5,0.025,0.0,101.7,52.0,48.6,48.7,51.3,46.3,50.2,48.1,44.2,49.5,50.4,52.8,55.2,49.2,51.1,51926.0,345674.0,8.72029388453457
2022-06-28,2581451.2,0.114,0.0215,674374.81,0.058,0.0454,96011.17,0.139,0.0049,6.1,107.7,102.5,0.025,0.0,101.7,52.0,48.6,48.7,51.3,46.3,50.2,48.1,44.2,49.5,50.4,52.8,55.2,49.2,51.1,51926.0,345674.0,8.72029388453457
2022-06-29,2581451.2,0.114,0.0215,674374.81,0.058,0.0454,96011.17,0.139,0.0049,6.1,107.7,102.5,0.025,0.0,101.7,52.0,48.6,48.7,51.3,46.3,50.2,48.1,44.2,49.5,50.4,52.8,55.2,49.2,51.1,51926.0,345674.0,8.72029388453457
2022-06-30,2581451.2,0.114,0.0215,674374.81,0.058,0.0454,96011.17,0.139,0.0049,6.1,107.7,102.5,0.025,0.0,101.7,52.0,48.6,48.7,51.3,46.3,50.2,48.1,44.2,49.5,50.4,52.8,55.2,49.2,51.1,51926.0,345674.0,8.72029388453457
2022-07-01,2578078.57,0.12,-0.0013,661832.33,0.067,-0.0186,96509.19,0.139,0.0052,4.2,107.2,102.7,0.027,0.005,101.8,40.4,48.0,48.6,50.1,40.1,49.0,47.9,42.6,47.4,48.5,49.8,52.0,46.9,48.9,7785.0,342707.0,9.92231502508243
2022-07-04,2578078.57,0.12,-0.0013,661832.33,0.067,-0.0186,96509.19,0.139,0.0052,4.2,107.2,102.7,0.027,0.005,101.8,40.4,48.0,48.6,50.1,40.1,49.0,47.9,42.6,47.4,48.5,49.8,52.0,46.9,48.9,7785.0,342707.0,9.92231502508243
2022-07-05,2578078.57,0.12,-0.0013,661832.33,0.067,-0.0186,96509.19,0.139,0.0052,4.2,107.2,102.7,0.027,0.005,101.8,40.4,48.0,48.6,50.1,40.1,49.0,47.9,42.6,47.4,48.5,49.8,52.0,46.9,48.9,7785.0,342707.0,9.92231502508243
2022-07-06,2578078.57,0.12,-0.0013,661832.33,0.067,-0.0186,96509.19,0.139,0.0052,4.2,107.2,102.7,0.027,0.005,101.8,40.4,48.0,48.6,50.1,40.1,49.0,47.9,42.6,47.4,48.5,49.8,52.0,46.9,48.9,7785.0,342707.0,9.92231502508243
2022-07-07,2578078.57,0.12,-0.0013,661832.33,0.067,-0.0186,96509.19,0.139,0.0052,4.2,107.2,102.7,0.027,0.005,101.8,40.4,48.0,48.6,50.1,40.1,49.0,47.9,42.6,47.4,48.5,49.8,52.0,46.9,48.9,7785.0,342707.0,9.92231502508243
2022-07-08,2578078.57,0.12,-0.0013,661832.33,0.067,-0.0186,96509.19,0.139,0.0052,4.2,107.2,102.7,0.027,0.005,101.8,40.4,48.0,48.6,50.1,40.1,49.0,47.9,42.6,47.4,48.5,49.8,52.0,46.9,48.9,7785.0,342707.0,9.92231502508243
2022-07-11,2578078.57,0.12,-0.0013,661832.33,0.067,-0.0186,96509.19,0.139,0.0052,4.2,107.2,102.7,0.027,0.005,101.8,40.4,48.0,48.6,50.1,40.1,49.0,47.9,42.6,47.4,48.5,49.8,52.0,46.9,48.9,7785.0,342707.0,9.92231502508243
2022-07-12,2578078.57,0.12,-0.0013,661832.33,0.067,-0.0186,96509.19,0.139,0.0052,4.2,107.2,102.7,0.027,0.005,101.8,40.4,48.0,48.6,50.1,40.1,49.0,47.9,42.6,47.4,48.5,49.8,52.0,46.9,48.9,7785.0,342707.0,9.92231502508243
2022-07-13,2578078.57,0.12,-0.0013,661832.33,0.067,-0.0186,96509.19,0.139,0.0052,4.2,107.2,102.7,0.027,0.005,101.8,40.4,48.0,48.6,50.1,40.1,49.0,47.9,42.6,47.4,48.5,49.8,52.0,46.9,48.9,7785.0,342707.0,9.92231502508243
2022-07-14,2578078.57,0.12,-0.0013,661832.33,0.067,-0.0186,96509.19,0.139,0.0052,4.2,107.2,102.7,0.027,0.005,101.8,40.4,48.0,48.6,50.1,40.1,49.0,47.9,42.6,47.4,48.5,49.8,52.0,46.9,48.9,7785.0,342707.0,9.92231502508243
2022-07-15,2578078.57,0.12,-0.0013,661832.33,0.067,-0.0186,96509.19,0.139,0.0052,4.2,107.2,102.7,0.027,0.005,101.8,40.4,48.0,48.6,50.1,40.1,49.0,47.9,42.6,47.4,48.5,49.8,52.0,46.9,48.9,7785.0,342707.0,9.92231502508243
2022-07-18,2578078.57,0.12,-0.0013,661832.33,0.067,-0.0186,96509.19,0.139,0.0052,4.2,107.2,102.7,0.027,0.005,101.8,40.4,48.0,48.6,50.1,40.1,49.0,47.9,42.6,47.4,48.5,49.8,52.0,46.9,48.9,7785.0,342707.0,9.92231502508243
2022-07-19,2578078.57,0.12,-0.0013,661832.33,0.067,-0.0186,96509.19,0.139,0.0052,4.2,107.2,102.7,0.027,0.005,101.8,40.4,48.0,48.6,50.1,40.1,49.0,47.9,42.6,47.4,48.5,49.8,52.0,46.9,48.9,7785.0,342707.0,9.92231502508243
2022-07-20,2578078.57,0.12,-0.0013,661832.33,0.067,-0.0186,96509.19,0.139,0.0052,4.2,107.2,102.7,0.027,0.005,101.8,40.4,48.0,48.6,50.1,40.1,49.0,47.9,42.6,47.4,48.5,49.8,52.0,46.9,48.9,7785.0,342707.0,9.92231502508243
2022-07-21,2578078.57,0.12,-0.0013,661832.33,0.067,-0.0186,96509.19,0.139,0.0052,4.2,107.2,102.7,0.027,0.005,101.8,40.4,48.0,48.6,50.1,40.1,49.0,47.9,42.6,47.4,48.5,49.8,52.0,46.9,48.9,7785.0,342707.0,9.92231502508243
2022-07-22,2578078.57,0.12,-0.0013,661832.33,0.067,-0.0186,96509.19,0.139,0.0052,4.2,107.2,102.7,0.027,0.005,101.8,40.4,48.0,48.6,50.1,40.1,49.0,47.9,42.6,47.4,48.5,49.8,52.0,46.9,48.9,7785.0,342707.0,9.92231502508243
2022-07-25,2578078.57,0.12,-0.0013,661832.33,0.067,-0.0186,96509.19,0.139,0.0052,4.2,107.2,102.7,0.027,0.005,101.8,40.4,48.0,48.6,50.1,40.1,49.0,47.9,42.6,47.4,48.5,49.8,52.0,46.9,48.9,7785.0,342707.0,9.92231502508243
2022-07-26,2578078.57,0.12,-0.0013,661832.33,0.067,-0.0186,96509.19,0.139,0.0052,4.2,107.2,102.7,0.027,0.005,101.8,40.4,48.0,48.6,50.1,40.1,49.0,47.9,42.6,47.4,48.5,49.8,52.0,46.9,48.9,7785.0,342707.0,9.92231502508243
2022-07-27,2578078.57,0.12,-0.0013,661832.33,0.067,-0.0186,96509.19,0.139,0.0052,4.2,107.2,102.7,0.027,0.005,101.8,40.4,48.0,48.6,50.1,40.1,49.0,47.9,42.6,47.4,48.5,49.8,52.0,46.9,48.9,7785.0,342707.0,9.92231502508243
2022-07-28,2578078.57,0.12,-0.0013,661832.33,0.067,-0.0186,96509.19,0.139,0.0052,4.2,107.2,102.7,0.027,0.005,101.8,40.4,48.0,48.6,50.1,40.1,49.0,47.9,42.6,47.4,48.5,49.8,52.0,46.9,48.9,7785.0,342707.0,9.92231502508243
2022-07-29,2578078.57,0.12,-0.0013,661832.33,0.067,-0.0186,96509.19,0.139,0.0052,4.2,107.2,102.7,0.027,0.005,101.8,40.4,48.0,48.6,50.1,40.1,49.0,47.9,42.6,47.4,48.5,49.8,52.0,46.9,48.9,7785.0,342707.0,9.92231502508243
2022-08-01,2595068.27,0.122,0.0066,664604.85,0.061,0.0042,97231.03,0.143,0.0075,2.3,106.6,102.5,0.025,-0.001,101.9,44.3,45.2,48.9,49.5,44.5,49.4,48.0,43.1,48.1,49.2,49.8,52.3,47.8,49.2,24712.0,337526.0,10.37042365898
2022-08-02,2595068.27,0.122,0.0066,664604.85,0.061,0.0042,97231.03,0.143,0.0075,2.3,106.6,102.5,0.025,-0.001,101.9,44.3,45.2,48.9,49.5,44.5,49.4,48.0,43.1,48.1,49.2,49.8,52.3,47.8,49.2,24712.0,337526.0,10.37042365898
2022-08-03,2595068.27,0.122,0.0066,664604.85,0.061,0.0042,97231.03,0.143,0.0075,2.3,106.6,102.5,0.025,-0.001,101.9,44.3,45.2,48.9,49.5,44.5,49.4,48.0,43.1,48.1,49.2,49.8,52.3,47.8,49.2,24712.0,337526.0,10.37042365898
2022-08-04,2595068.27,0.122,0.0066,664604.85,0.061,0.0042,97231.03,0.143,0.0075,2.3,106.6,102.5,0.025,-0.001,101.9,44.3,45.2,48.9,49.5,44.5,49.4,48.0,43.1,48.1,49.2,49.8,52.3,47.8,49.2,24712.0,337526.0,10.37042365898
2022-08-05,2595068.27,0.122,0.0066,664604.85,0.061,0.0042,97231.03,0.143,0.0075,2.3,106.6,102.5,0.025,-0.001,101.9,44.3,45.2,48.9,49.5,44.5,49.4,48.0,43.1,48.1,49.2,49.8,52.3,47.8,49.2,24712.0,337526.0,10.37042365898
2022-08-08,2595068.27,0.122,0.0066,664604.85,0.061,0.0042,97231.03,0.143,0.0075,2.3,106.6,102.5,0.025,-0.001,101.9,44.3,45.2,48.9,49.5,44.5,49.4,48.0,43.1,48.1,49.2,49.8,52.3,47.8,49.2,24712.0,337526.0,10.37042365898
2022-08-09,2595068.27,0.122,0.0066,664604.85,0.061,0.0042,97231.03,0.143,0.0075,2.3,106.6,102.5,0.025,-0.001,101.9,44.3,45.2,48.9,49.5,44.5,49.4,48.0,43.1,48.1,49.2,49.8,52.3,47.8,49.2,24712.0,337526.0,10.37042365898
2022-08-10,2595068.27,0.122,0.0066,664604.85,0.061,0.0042,97231.03,0.143,0.0075,2.3,106.6,102.5,0.025,-0.001,101.9,44.3,45.2,48.9,49.5,44.5,49.4,48.0,43.1,48.1,49.2,49.8,52.3,47.8,49.2,24712.0,337526.0,10.37042365898
2022-08-11,2595068.27,0.122,0.0066,664604.85,0.061,0.0042,97231.03,0.143,0.0075,2.3,106.6,102.5,0.025,-0.001,101.9,44.3,45.2,48.9,49.5,44.5,49.4,48.0,43.1,48.1,49.2,49.8,52.3,47.8,49.2,24712.0,337526.0,10.37042365898
2022-08-12,2595068.27,0.122,0.0066,664604.85,0.061,0.0042,97231.03,0.143,0.0075,2.3,106.6,102.5,0.025,-0.001,101.9,44.3,45.2,48.9,49.5,44.5,49.4,48.0,43.1,48.1,49.2,49.8,52.3,47.8,49.2,24712.0,337526.0,10.37042365898
2022-08-15,2595068.27,0.122,0.0066,664604.85,0.061,0.0042,97231.03,0.143,0.0075,2.3,106.6,102.5,0.025,-0.001,101.9,44.3,45.2,48.9,49.5,44.5,49.4,48.0,43.1,48.1,49.2,49.8,52.3,47.8,49.2,24712.0,337526.0,10.37042365898
2022-08-16,2595068.27,0.122,0.0066,664604.85,0.061,0.0042,97231.03,0.143,0.0075,2.3,106.6,102.5,0.025,-0.001,101.9,44.3,45.2,48.9,49.5,44.5,49.4,48.0,43.1,48.1,49.2,49.8,52.3,47.8,49.2,24712.0,337526.0,10.37042365898
2022-08-17,2595068.27,0.122,0.0066,664604.85,0.061,0.0042,97231.03,0.143,0.0075,2.3,106.6,102.5,0.025,-0.001,101.9,44.3,45.2,48.9,49.5,44.5,49.4,48.0,43.1,48.1,49.2,49.8,52.3,47.8,49.2,24712.0,337526.0,10.37042365898
2022-08-18,2595068.27,0.122,0.0066,664604.85,0.061,0.0042,97231.03,0.143,0.0075,2.3,106.6,102.5,0.025,-0.001,101.9,44.3,45.2,48.9,49.5,44.5,49.4,48.0,43.1,48.1,49.2,49.8,52.3,47.8,49.2,24712.0,337526.0,10.37042365898
2022-08-19,2595068.27,0.122,0.0066,664604.85,0.061,0.0042,97231.03,0.143,0.0075,2.3,106.6,102.5,0.025,-0.001,101.9,44.3,45.2,48.9,49.5,44.5,49.4,48.0,43.1,48.1,49.2,49.8,52.3,47.8,49.2,24712.0,337526.0,10.37042365898
2022-08-22,2595068.27,0.122,0.0066,664604.85,0.061,0.0042,97231.03,0.143,0.0075,2.3,106.6,102.5,0.025,-0.001,101.9,44.3,45.2,48.9,49.5,44.5,49.4,48.0,43.1,48.1,49.2,49.8,52.3,47.8,49.2,24712.0,337526.0,10.37042365898
2022-08-23,2595068.27,0.122,0.0066,664604.85,0.061,0.0042,97231.03,0.143,0.0075,2.3,106.6,102.5,0.025,-0.001,101.9,44.3,45.2,48.9,49.5,44.5,49.4,48.0,43.1,48.1,49.2,49.8,52.3,47.8,49.2,24712.0,337526.0,10.37042365898
2022-08-24,2595068.27,0.122,0.0066,664604.85,0.061,0.0042,97231.03,0.143,0.0075,2.3,106.6,102.5,0.025,-0.001,101.9,44.3,45.2,48.9,49.5,44.5,49.4,48.0,43.1,48.1,49.2,49.8,52.3,47.8,49.2,24712.0,337526.0,10.37042365898
2022-08-25,2595068.27,0.122,0.0066,664604.85,0.061,0.0042,97231.03,0.143,0.0075,2.3,106.6,102.5,0.025,-0.001,101.9,44.3,45.2,48.9,49.5,44.5,49.4,48.0,43.1,48.1,49.2,49.8,52.3,47.8,49.2,24712.0,337526.0,10.37042365898
2022-08-26,2595068.27,0.122,0.0066,664604.85,0.061,0.0042,97231.03,0.143,0.0075,2.3,106.6,102.5,0.025,-0.001,101.9,44.3,45.2,48.9,49.5,44.5,49.4,48.0,43.1,48.1,49.2,49.8,52.3,47.8,49.2,24712.0,337526.0,10.37042365898
2022-08-29,2595068.27,0.122,0.0066,664604.85,0.061,0.0042,97231.03,0.143,0.0075,2.3,106.6,102.5,0.025,-0.001,101.9,44.3,45.2,48.9,49.5,44.5,49.4,48.0,43.1,48.1,49.2,49.8,52.3,47.8,49.2,24712.0,337526.0,10.37042365898
2022-08-30,2595068.27,0.122,0.0066,664604.85,0.061,0.0042,97231.03,0.143,0.0075,2.3,106.6,102.5,0.025,-0.001,101.9,44.3,45.2,48.9,49.5,44.5,49.4,48.0,43.1,48.1,49.2,49.8,52.3,47.8,49.2,24712.0,337526.0,10.37042365898
2022-08-31,2595068.27,0.122,0.0066,664604.85,0.061,0.0042,97231.03,0.143,0.0075,2.3,106.6,102.5,0.025,-0.001,101.9,44.3,45.2,48.9,49.5,44.5,49.4,48.0,43.1,48.1,49.2,49.8,52.3,47.8,49.2,24712.0,337526.0,10.37042365898
2022-09-01,2626600.92,0.121,0.0122,664535.17,0.064,-0.0001,98672.06,0.136,0.0148,0.9,105.9397,102.8,0.028,0.003,102.0,51.3,47.3,49.0,48.7,47.1,50.1,47.6,44.1,47.0,49.8,51.5,53.4,48.1,50.2,35411.0,343911.0,14.581618884206
2022-09-02,2626600.92,0.121,0.0122,664535.17,0.064,-0.0001,98672.06,0.136,0.0148,0.9,105.9397,102.8,0.028,0.003,102.0,51.3,47.3,49.0,48.7,47.1,50.1,47.6,44.1,47.0,49.8,51.5,53.4,48.1,50.2,35411.0,343911.0,14.581618884206
2022-09-05,2626600.92,0.121,0.0122,664535.17,0.064,-0.0001,98672.06,0.136,0.0148,0.9,105.9397,102.8,0.028,0.003,102.0,51.3,47.3,49.0,48.7,47.1,50.1,47.6,44.1,47.0,49.8,51.5,53.4,48.1,50.2,35411.0,343911.0,14.581618884206
2022-09-06,2626600.92,0.121,0.0122,664535.17,0.064,-0.0001,98672.06,0.136,0.0148,0.9,105.9397,102.8,0.028,0.003,102.0,51.3,47.3,49.0,48.7,47.1,50.1,47.6,44.1,47.0,49.8,51.5,53.4,48.1,50.2,35411.0,343911.0,14.581618884206
2022-09-07,2626600.92,0.121,0.0122,664535.17,0.064,-0.0001,98672.06,0.136,0.0148,0.9,105.9397,102.8,0.028,0.003,102.0,51.3,47.3,49.0,48.7,47.1,50.1,47.6,44.1,47.0,49.8,51.5,53.4,48.1,50.2,35411.0,343911.0,14.581618884206
2022-09-08,2626600.92,0.121,0.0122,664535.17,0.064,-0.0001,98672.06,0.136,0.0148,0.9,105.9397,102.8,0.028,0.003,102.0,51.3,47.3,49.0,48.7,47.1,50.1,47.6,44.1,47.0,49.8,51.5,53.4,48.1,50.2,35411.0,343911.0,14.581618884206
2022-09-09,2626600.92,0.121,0.0122,664535.17,0.064,-0.0001,98672.06,0.136,0.0148,0.9,105.9397,102.8,0.028,0.003,102.0,51.3,47.3,49.0,48.7,47.1,50.1,47.6,44.1,47.0,49.8,51.5,53.4,48.1,50.2,35411.0,343911.0,14.581618884206
2022-09-13,2626600.92,0.121,0.0122,664535.17,0.064,-0.0001,98672.06,0.136,0.0148,0.9,105.9397,102.8,0.028,0.003,102.0,51.3,47.3,49.0,48.7,47.1,50.1,47.6,44.1,47.0,49.8,51.5,53.4,48.1,50.2,35411.0,343911.0,14.581618884206
2022-09-14,2626600.92,0.121,0.0122,664535.17,0.064,-0.0001,98672.06,0.136,0.0148,0.9,105.9397,102.8,0.028,0.003,102.0,51.3,47.3,49.0,48.7,47.1,50.1,47.6,44.1,47.0,49.8,51.5,53.4,48.1,50.2,35411.0,343911.0,14.581618884206
2022-09-15,2626600.92,0.121,0.0122,664535.17,0.064,-0.0001,98672.06,0.136,0.0148,0.9,105.9397,102.8,0.028,0.003,102.0,51.3,47.3,49.0,48.7,47.1,50.1,47.6,44.1,47.0,49.8,51.5,53.4,48.1,50.2,35411.0,343911.0,14.581618884206
2022-09-16,2626600.92,0.121,0.0122,664535.17,0.064,-0.0001,98672.06,0.136,0.0148,0.9,105.9397,102.8,0.028,0.003,102.0,51.3,47.3,49.0,48.7,47.1,50.1,47.6,44.1,47.0,49.8,51.5,53.4,48.1,50.2,35411.0,343911.0,14.581618884206
2022-09-19,2626600.92,0.121,0.0122,664535.17,0.064,-0.0001,98672.06,0.136,0.0148,0.9,105.9397,102.8,0.028,0.003,102.0,51.3,47.3,49.0,48.7,47.1,50.1,47.6,44.1,47.0,49.8,51.5,53.4,48.1,50.2,35411.0,343911.0,14.581618884206
2022-09-20,2626600.92,0.121,0.0122,664535.17,0.064,-0.0001,98672.06,0.136,0.0148,0.9,105.9397,102.8,0.028,0.003,102.0,51.3,47.3,49.0,48.7,47.1,50.1,47.6,44.1,47.0,49.8,51.5,53.4,48.1,50.2,35411.0,343911.0,14.581618884206
2022-09-21,2626600.92,0.121,0.0122,664535.17,0.064,-0.0001,98672.06,0.136,0.0148,0.9,105.9397,102.8,0.028,0.003,102.0,51.3,47.3,49.0,48.7,47.1,50.1,47.6,44.1,47.0,49.8,51.5,53.4,48.1,50.2,35411.0,343911.0,14.581618884206
2022-09-22,2626600.92,0.121,0.0122,664535.17,0.064,-0.0001,98672.06,0.136,0.0148,0.9,105.9397,102.8,0.028,0.003,102.0,51.3,47.3,49.0,48.7,47.1,50.1,47.6,44.1,47.0,49.8,51.5,53.4,48.1,50.2,35411.0,343911.0,14.581618884206
2022-09-23,2626600.92,0.121,0.0122,664535.17,0.064,-0.0001,98672.06,0.136,0.0148,0.9,105.9397,102.8,0.028,0.003,102.0,51.3,47.3,49.0,48.7,47.1,50.1,47.6,44.1,47.0,49.8,51.5,53.4,48.1,50.2,35411.0,343911.0,14.581618884206
2022-09-26,2626600.92,0.121,0.0122,664535.17,0.064,-0.0001,98672.06,0.136,0.0148,0.9,105.9397,102.8,0.028,0.003,102.0,51.3,47.3,49.0,48.7,47.1,50.1,47.6,44.1,47.0,49.8,51.5,53.4,48.1,50.2,35411.0,343911.0,14.581618884206
2022-09-27,2626600.92,0.121,0.0122,664535.17,0.064,-0.0001,98672.06,0.136,0.0148,0.9,105.9397,102.8,0.028,0.003,102.0,51.3,47.3,49.0,48.7,47.1,50.1,47.6,44.1,47.0,49.8,51.5,53.4,48.1,50.2,35411.0,343911.0,14.581618884206
2022-09-28,2626600.92,0.121,0.0122,664535.17,0.064,-0.0001,98672.06,0.136,0.0148,0.9,105.9397,102.8,0.028,0.003,102.0,51.3,47.3,49.0,48.7,47.1,50.1,47.6,44.1,47.0,49.8,51.5,53.4,48.1,50.2,35411.0,343911.0,14.581618884206
2022-09-29,2626600.92,0.121,0.0122,664535.17,0.064,-0.0001,98672.06,0.136,0.0148,0.9,105.9397,102.8,0.028,0.003,102.0,51.3,47.3,49.0,48.7,47.1,50.1,47.6,44.1,47.0,49.8,51.5,53.4,48.1,50.2,35411.0,343911.0,14.581618884206
2022-09-30,2626600.92,0.121,0.0122,664535.17,0.064,-0.0001,98672.06,0.136,0.0148,0.9,105.9397,102.8,0.028,0.003,102.0,51.3,47.3,49.0,48.7,47.1,50.1,47.6,44.1,47.0,49.8,51.5,53.4,48.1,50.2,35411.0,343911.0,14.581618884206
2022-10-10,2612914.57,0.118,-0.0052,662140.99,0.058,-0.0036,98416.71,0.144,-0.0026,-1.3,105.2,102.1,0.021,0.001,102.0,53.3,48.0,48.3,47.1,48.7,49.2,47.7,43.9,47.6,48.1,49.6,52.6,47.9,49.3,9134.0,336869.0,11.4014259636498
2022-10-11,2612914.57,0.118,-0.0052,662140.99,0.058,-0.0036,98416.71,0.144,-0.0026,-1.3,105.2,102.1,0.021,0.001,102.0,53.3,48.0,48.3,47.1,48.7,49.2,47.7,43.9,47.6,48.1,49.6,52.6,47.9,49.3,9134.0,336869.0,11.4014259636498
2022-10-12,2612914.57,0.118,-0.0052,662140.99,0.058,-0.0036,98416.71,0.144,-0.0026,-1.3,105.2,102.1,0.021,0.001,102.0,53.3,48.0,48.3,47.1,48.7,49.2,47.7,43.9,47.6,48.1,49.6,52.6,47.9,49.3,9134.0,336869.0,11.4014259636498
2022-10-13,2612914.57,0.118,-0.0052,662140.99,0.058,-0.0036,98416.71,0.144,-0.0026,-1.3,105.2,102.1,0.021,0.001,102.0,53.3,48.0,48.3,47.1,48.7,49.2,47.7,43.9,47.6,48.1,49.6,52.6,47.9,49.3,9134.0,336869.0,11.4014259636498
2022-10-14,2612914.57,0.118,-0.0052,662140.99,0.058,-0.0036,98416.71,0.144,-0.0026,-1.3,105.2,102.1,0.021,0.001,102.0,53.3,48.0,48.3,47.1,48.7,49.2,47.7,43.9,47.6,48.1,49.6,52.6,47.9,49.3,9134.0,336869.0,11.4014259636498
2022-10-17,2612914.57,0.118,-0.0052,662140.99,0.058,-0.0036,98416.71,0.144,-0.0026,-1.3,105.2,102.1,0.021,0.001,102.0,53.3,48.0,48.3,47.1,48.7,49.2,47.7,43.9,47.6,48.1,49.6,52.6,47.9,49.3,9134.0,336869.0,11.4014259636498
2022-10-18,2612914.57,0.118,-0.0052,662140.99,0.058,-0.0036,98416.71,0.144,-0.0026,-1.3,105.2,102.1,0.021,0.001,102.0,53.3,48.0,48.3,47.1,48.7,49.2,47.7,43.9,47.6,48.1,49.6,52.6,47.9,49.3,9134.0,336869.0,11.4014259636498
2022-10-19,2612914.57,0.118,-0.0052,662140.99,0.058,-0.0036,98416.71,0.144,-0.0026,-1.3,105.2,102.1,0.021,0.001,102.0,53.3,48.0,48.3,47.1,48.7,49.2,47.7,43.9,47.6,48.1,49.6,52.6,47.9,49.3,9134.0,336869.0,11.4014259636498
2022-10-20,2612914.57,0.118,-0.0052,662140.99,0.058,-0.0036,98416.71,0.144,-0.0026,-1.3,105.2,102.1,0.021,0.001,102.0,53.3,48.0,48.3,47.1,48.7,49.2,47.7,43.9,47.6,48.1,49.6,52.6,47.9,49.3,9134.0,336869.0,11.4014259636498
2022-10-21,2612914.57,0.118,-0.0052,662140.99,0.058,-0.0036,98416.71,0.144,-0.0026,-1.3,105.2,102.1,0.021,0.001,102.0,53.3,48.0,48.3,47.1,48.7,49.2,47.7,43.9,47.6,48.1,49.6,52.6,47.9,49.3,9134.0,336869.0,11.4014259636498
2022-10-24,2612914.57,0.118,-0.0052,662140.99,0.058,-0.0036,98416.71,0.144,-0.0026,-1.3,105.2,102.1,0.021,0.001,102.0,53.3,48.0,48.3,47.1,48.7,49.2,47.7,43.9,47.6,48.1,49.6,52.6,47.9,49.3,9134.0,336869.0,11.4014259636498
2022-10-25,2612914.57,0.118,-0.0052,662140.99,0.058,-0.0036,98416.71,0.144,-0.0026,-1.3,105.2,102.1,0.021,0.001,102.0,53.3,48.0,48.3,47.1,48.7,49.2,47.7,43.9,47.6,48.1,49.6,52.6,47.9,49.3,9134.0,336869.0,11.4014259636498
2022-10-26,2612914.57,0.118,-0.0052,662140.99,0.058,-0.0036,98416.71,0.144,-0.0026,-1.3,105.2,102.1,0.021,0.001,102.0,53.3,48.0,48.3,47.1,48.7,49.2,47.7,43.9,47.6,48.1,49.6,52.6,47.9,49.3,9134.0,336869.0,11.4014259636498
2022-10-27,2612914.57,0.118,-0.0052,662140.99,0.058,-0.0036,98416.71,0.144,-0.0026,-1.3,105.2,102.1,0.021,0.001,102.0,53.3,48.0,48.3,47.1,48.7,49.2,47.7,43.9,47.6,48.1,49.6,52.6,47.9,49.3,9134.0,336869.0,11.4014259636498
2022-10-28,2612914.57,0.118,-0.0052,662140.99,0.058,-0.0036,98416.71,0.144,-0.0026,-1.3,105.2,102.1,0.021,0.001,102.0,53.3,48.0,48.3,47.1,48.7,49.2,47.7,43.9,47.6,48.1,49.6,52.6,47.9,49.3,9134.0,336869.0,11.4014259636498
2022-10-31,2612914.57,0.118,-0.0052,662140.99,0.058,-0.0036,98416.71,0.144,-0.0026,-1.3,105.2,102.1,0.021,0.001,102.0,53.3,48.0,48.3,47.1,48.7,49.2,47.7,43.9,47.6,48.1,49.6,52.6,47.9,49.3,9134.0,336869.0,11.4014259636498
2022-11-01,2647008.48,0.124,0.013,667042.61,0.046,0.0074,99740.12,0.141,0.0134,-1.3,104.6,101.6,0.016,-0.002,102.0,50.7,48.1,47.4,46.7,47.4,48.0,46.7,43.4,46.7,46.4,47.8,48.9,47.1,47.1,19837.0,330723.0,7.72034395153409
2022-11-02,2647008.48,0.124,0.013,667042.61,0.046,0.0074,99740.12,0.141,0.0134,-1.3,104.6,101.6,0.016,-0.002,102.0,50.7,48.1,47.4,46.7,47.4,48.0,46.7,43.4,46.7,46.4,47.8,48.9,47.1,47.1,19837.0,330723.0,7.72034395153409
2022-11-03,2647008.48,0.124,0.013,667042.61,0.046,0.0074,99740.12,0.141,0.0134,-1.3,104.6,101.6,0.016,-0.002,102.0,50.7,48.1,47.4,46.7,47.4,48.0,46.7,43.4,46.7,46.4,47.8,48.9,47.1,47.1,19837.0,330723.0,7.72034395153409
2022-11-04,2647008.48,0.124,0.013,667042.61,0.046,0.0074,99740.12,0.141,0.0134,-1.3,104.6,101.6,0.016,-0.002,102.0,50.7,48.1,47.4,46.7,47.4,48.0,46.7,43.4,46.7,46.4,47.8,48.9,47.1,47.1,19837.0,330723.0,7.72034395153409
2022-11-07,2647008.48,0.124,0.013,667042.61,0.046,0.0074,99740.12,0.141,0.0134,-1.3,104.6,101.6,0.016,-0.002,102.0,50.7,48.1,47.4,46.7,47.4,48.0,46.7,43.4,46.7,46.4,47.8,48.9,47.1,47.1,19837.0,330723.0,7.72034395153409
2022-11-08,2647008.48,0.124,0.013,667042.61,0.046,0.0074,99740.12,0.141,0.0134,-1.3,104.6,101.6,0.016,-0.002,102.0,50.7,48.1,47.4,46.7,47.4,48.0,46.7,43.4,46.7,46.4,47.8,48.9,47.1,47.1,19837.0,330723.0,7.72034395153409
2022-11-09,2647008.48,0.124,0.013,667042.61,0.046,0.0074,99740.12,0.141,0.0134,-1.3,104.6,101.6,0.016,-0.002,102.0,50.7,48.1,47.4,46.7,47.4,48.0,46.7,43.4,46.7,46.4,47.8,48.9,47.1,47.1,19837.0,330723.0,7.72034395153409
2022-11-10,2647008.48,0.124,0.013,667042.61,0.046,0.0074,99740.12,0.141,0.0134,-1.3,104.6,101.6,0.016,-0.002,102.0,50.7,48.1,47.4,46.7,47.4,48.0,46.7,43.4,46.7,46.4,47.8,48.9,47.1,47.1,19837.0,330723.0,7.72034395153409
2022-11-11,2647008.48,0.124,0.013,667042.61,0.046,0.0074,99740.12,0.141,0.0134,-1.3,104.6,101.6,0.016,-0.002,102.0,50.7,48.1,47.4,46.7,47.4,48.0,46.7,43.4,46.7,46.4,47.8,48.9,47.1,47.1,19837.0,330723.0,7.72034395153409
2022-11-14,2647008.48,0.124,0.013,667042.61,0.046,0.0074,99740.12,0.141,0.0134,-1.3,104.6,101.6,0.016,-0.002,102.0,50.7,48.1,47.4,46.7,47.4,48.0,46.7,43.4,46.7,46.4,47.8,48.9,47.1,47.1,19837.0,330723.0,7.72034395153409
2022-11-15,2647008.48,0.124,0.013,667042.61,0.046,0.0074,99740.12,0.141,0.0134,-1.3,104.6,101.6,0.016,-0.002,102.0,50.7,48.1,47.4,46.7,47.4,48.0,46.7,43.4,46.7,46.4,47.8,48.9,47.1,47.1,19837.0,330723.0,7.72034395153409
2022-11-16,2647008.48,0.124,0.013,667042.61,0.046,0.0074,99740.12,0.141,0.0134,-1.3,104.6,101.6,0.016,-0.002,102.0,50.7,48.1,47.4,46.7,47.4,48.0,46.7,43.4,46.7,46.4,47.8,48.9,47.1,47.1,19837.0,330723.0,7.72034395153409
2022-11-17,2647008.48,0.124,0.013,667042.61,0.046,0.0074,99740.12,0.141,0.0134,-1.3,104.6,101.6,0.016,-0.002,102.0,50.7,48.1,47.4,46.7,47.4,48.0,46.7,43.4,46.7,46.4,47.8,48.9,47.1,47.1,19837.0,330723.0,7.72034395153409
2022-11-18,2647008.48,0.124,0.013,667042.61,0.046,0.0074,99740.12,0.141,0.0134,-1.3,104.6,101.6,0.016,-0.002,102.0,50.7,48.1,47.4,46.7,47.4,48.0,46.7,43.4,46.7,46.4,47.8,48.9,47.1,47.1,19837.0,330723.0,7.72034395153409
2022-11-21,2647008.48,0.124,0.013,667042.61,0.046,0.0074,99740.12,0.141,0.0134,-1.3,104.6,101.6,0.016,-0.002,102.0,50.7,48.1,47.4,46.7,47.4,48.0,46.7,43.4,46.7,46.4,47.8,48.9,47.1,47.1,19837.0,330723.0,7.72034395153409
2022-11-22,2647008.48,0.124,0.013,667042.61,0.046,0.0074,99740.12,0.141,0.0134,-1.3,104.6,101.6,0.016,-0.002,102.0,50.7,48.1,47.4,46.7,47.4,48.0,46.7,43.4,46.7,46.4,47.8,48.9,47.1,47.1,19837.0,330723.0,7.72034395153409
2022-11-23,2647008.48,0.124,0.013,667042.61,0.046,0.0074,99740.12,0.141,0.0134,-1.3,104.6,101.6,0.016,-0.002,102.0,50.7,48.1,47.4,46.7,47.4,48.0,46.7,43.4,46.7,46.4,47.8,48.9,47.1,47.1,19837.0,330723.0,7.72034395153409
2022-11-24,2647008.48,0.124,0.013,667042.61,0.046,0.0074,99740.12,0.141,0.0134,-1.3,104.6,101.6,0.016,-0.002,102.0,50.7,48.1,47.4,46.7,47.4,48.0,46.7,43.4,46.7,46.4,47.8,48.9,47.1,47.1,19837.0,330723.0,7.72034395153409
2022-11-25,2647008.48,0.124,0.013,667042.61,0.046,0.0074,99740.12,0.141,0.0134,-1.3,104.6,101.6,0.016,-0.002,102.0,50.7,48.1,47.4,46.7,47.4,48.0,46.7,43.4,46.7,46.4,47.8,48.9,47.1,47.1,19837.0,330723.0,7.72034395153409
2022-11-28,2647008.48,0.124,0.013,667042.61,0.046,0.0074,99740.12,0.141,0.0134,-1.3,104.6,101.6,0.016,-0.002,102.0,50.7,48.1,47.4,46.7,47.4,48.0,46.7,43.4,46.7,46.4,47.8,48.9,47.1,47.1,19837.0,330723.0,7.72034395153409
2022-11-29,2647008.48,0.124,0.013,667042.61,0.046,0.0074,99740.12,0.141,0.0134,-1.3,104.6,101.6,0.016,-0.002,102.0,50.7,48.1,47.4,46.7,47.4,48.0,46.7,43.4,46.7,46.4,47.8,48.9,47.1,47.1,19837.0,330723.0,7.72034395153409
2022-11-30,2647008.48,0.124,0.013,667042.61,0.046,0.0074,99740.12,0.141,0.0134,-1.3,104.6,101.6,0.016,-0.002,102.0,50.7,48.1,47.4,46.7,47.4,48.0,46.7,43.4,46.7,46.4,47.8,48.9,47.1,47.1,19837.0,330723.0,7.72034395153409
2022-12-01,2664320.84,0.118,0.0065,671674.76,0.037,0.0069,104706.03,0.153,0.0498,-0.7,104.1,101.8,0.018,0.0,102.0,51.6,46.6,44.8,40.1,49.0,47.0,47.1,43.1,44.2,43.9,44.6,51.9,43.7,44.9,13058.0,320099.0,2.10168734649612
2022-12-02,2664320.84,0.118,0.0065,671674.76,0.037,0.0069,104706.03,0.153,0.0498,-0.7,104.1,101.8,0.018,0.0,102.0,51.6,46.6,44.8,40.1,49.0,47.0,47.1,43.1,44.2,43.9,44.6,51.9,43.7,44.9,13058.0,320099.0,2.10168734649612
2022-12-05,2664320.84,0.118,0.0065,671674.76,0.037,0.0069,104706.03,0.153,0.0498,-0.7,104.1,101.8,0.018,0.0,102.0,51.6,46.6,44.8,40.1,49.0,47.0,47.1,43.1,44.2,43.9,44.6,51.9,43.7,44.9,13058.0,320099.0,2.10168734649612
2022-12-06,2664320.84,0.118,0.0065,671674.76,0.037,0.0069,104706.03,0.153,0.0498,-0.7,104.1,101.8,0.018,0.0,102.0,51.6,46.6,44.8,40.1,49.0,47.0,47.1,43.1,44.2,43.9,44.6,51.9,43.7,44.9,13058.0,320099.0,2.10168734649612
2022-12-07,2664320.84,0.118,0.0065,671674.76,0.037,0.0069,104706.03,0.153,0.0498,-0.7,104.1,101.8,0.018,0.0,102.0,51.6,46.6,44.8,40.1,49.0,47.0,47.1,43.1,44.2,43.9,44.6,51.9,43.7,44.9,13058.0,320099.0,2.10168734649612
2022-12-08,2664320.84,0.118,0.0065,671674.76,0.037,0.0069,104706.03,0.153,0.0498,-0.7,104.1,101.8,0.018,0.0,102.0,51.6,46.6,44.8,40.1,49.0,47.0,47.1,43.1,44.2,43.9,44.6,51.9,43.7,44.9,13058.0,320099.0,2.10168734649612
2022-12-09,2664320.84,0.118,0.0065,671674.76,0.037,0.0069,104706.03,0.153,0.0498,-0.7,104.1,101.8,0.018,0.0,102.0,51.6,46.6,44.8,40.1,49.0,47.0,47.1,43.1,44.2,43.9,44.6,51.9,43.7,44.9,13058.0,320099.0,2.10168734649612
2022-12-12,2664320.84,0.118,0.0065,671674.76,0.037,0.0069,104706.03,0.153,0.0498,-0.7,104.1,101.8,0.018,0.0,102.0,51.6,46.6,44.8,40.1,49.0,47.0,47.1,43.1,44.2,43.9,44.6,51.9,43.7,44.9,13058.0,320099.0,2.10168734649612
2022-12-13,2664320.84,0.118,0.0065,671674.76,0.037,0.0069,104706.03,0.153,0.0498,-0.7,104.1,101.8,0.018,0.0,102.0,51.6,46.6,44.8,40.1,49.0,47.0,47.1,43.1,44.2,43.9,44.6,51.9,43.7,44.9,13058.0,320099.0,2.10168734649612
2022-12-14,2664320.84,0.118,0.0065,671674.76,0.037,0.0069,104706.03,0.153,0.0498,-0.7,104.1,101.8,0.018,0.0,102.0,51.6,46.6,44.8,40.1,49.0,47.0,47.1,43.1,44.2,43.9,44.6,51.9,43.7,44.9,13058.0,320099.0,2.10168734649612
2022-12-15,2664320.84,0.118,0.0065,671674.76,0.037,0.0069,104706.03,0.153,0.0498,-0.7,104.1,101.8,0.018,0.0,102.0,51.6,46.6,44.8,40.1,49.0,47.0,47.1,43.1,44.2,43.9,44.6,51.9,43.7,44.9,13058.0,320099.0,2.10168734649612
2022-12-16,2664320.84,0.118,0.0065,671674.76,0.037,0.0069,104706.03,0.153,0.0498,-0.7,104.1,101.8,0.018,0.0,102.0,51.6,46.6,44.8,40.1,49.0,47.0,47.1,43.1,44.2,43.9,44.6,51.9,43.7,44.9,13058.0,320099.0,2.10168734649612
2022-12-19,2664320.84,0.118,0.0065,671674.76,0.037,0.0069,104706.03,0.153,0.0498,-0.7,104.1,101.8,0.018,0.0,102.0,51.6,46.6,44.8,40.1,49.0,47.0,47.1,43.1,44.2,43.9,44.6,51.9,43.7,44.9,13058.0,320099.0,2.10168734649612
2022-12-20,2664320.84,0.118,0.0065,671674.76,0.037,0.0069,104706.03,0.153,0.0498,-0.7,104.1,101.8,0.018,0.0,102.0,51.6,46.6,44.8,40.1,49.0,47.0,47.1,43.1,44.2,43.9,44.6,51.9,43.7,44.9,13058.0,320099.0,2.10168734649612
2022-12-21,2664320.84,0.118,0.0065,671674.76,0.037,0.0069,104706.03,0.153,0.0498,-0.7,104.1,101.8,0.018,0.0,102.0,51.6,46.6,44.8,40.1,49.0,47.0,47.1,43.1,44.2,43.9,44.6,51.9,43.7,44.9,13058.0,320099.0,2.10168734649612
2022-12-22,2664320.84,0.118,0.0065,671674.76,0.037,0.0069,104706.03,0.153,0.0498,-0.7,104.1,101.8,0.018,0.0,102.0,51.6,46.6,44.8,40.1,49.0,47.0,47.1,43.1,44.2,43.9,44.6,51.9,43.7,44.9,13058.0,320099.0,2.10168734649612
2022-12-23,2664320.84,0.118,0.0065,671674.76,0.037,0.0069,104706.03,0.153,0.0498,-0.7,104.1,101.8,0.018,0.0,102.0,51.6,46.6,44.8,40.1,49.0,47.0,47.1,43.1,44.2,43.9,44.6,51.9,43.7,44.9,13058.0,320099.0,2.10168734649612
2022-12-26,2664320.84,0.118,0.0065,671674.76,0.037,0.0069,104706.03,0.153,0.0498,-0.7,104.1,101.8,0.018,0.0,102.0,51.6,46.6,44.8,40.1,49.0,47.0,47.1,43.1,44.2,43.9,44.6,51.9,43.7,44.9,13058.0,320099.0,2.10168734649612
2022-12-27,2664320.84,0.118,0.0065,671674.76,0.037,0.0069,104706.03,0.153,0.0498,-0.7,104.1,101.8,0.018,0.0,102.0,51.6,46.6,44.8,40.1,49.0,47.0,47.1,43.1,44.2,43.9,44.6,51.9,43.7,44.9,13058.0,320099.0,2.10168734649612
2022-12-28,2664320.84,0.118,0.0065,671674.76,0.037,0.0069,104706.03,0.153,0.0498,-0.7,104.1,101.8,0.018,0.0,102.0,51.6,46.6,44.8,40.1,49.0,47.0,47.1,43.1,44.2,43.9,44.6,51.9,43.7,44.9,13058.0,320099.0,2.10168734649612
2022-12-29,2664320.84,0.118,0.0065,671674.76,0.037,0.0069,104706.03,0.153,0.0498,-0.7,104.1,101.8,0.018,0.0,102.0,51.6,46.6,44.8,40.1,49.0,47.0,47.1,43.1,44.2,43.9,44.6,51.9,43.7,44.9,13058.0,320099.0,2.10168734649612
2022-12-30,2664320.84,0.118,0.0065,671674.76,0.037,0.0069,104706.03,0.153,0.0498,-0.7,104.1,101.8,0.018,0.0,102.0,51.6,46.6,44.8,40.1,49.0,47.0,47.1,43.1,44.2,43.9,44.6,51.9,43.7,44.9,13058.0,320099.0,2.10168734649612
2023-01-03,2738072.06,0.126,0.0277,655214.16,0.067,-0.0245,114601.3,0.079,0.0945,-0.8,99.2,102.1,0.021,0.008,102.1,52.2,47.2,47.7,47.6,48.7,50.1,49.6,44.5,46.1,50.9,49.8,55.6,46.7,50.4,59956.0,318296.0,-1.57366606367024
2023-01-04,2738072.06,0.126,0.0277,655214.16,0.067,-0.0245,114601.3,0.079,0.0945,-0.8,99.2,102.1,0.021,0.008,102.1,52.2,47.2,47.7,47.6,48.7,50.1,49.6,44.5,46.1,50.9,49.8,55.6,46.7,50.4,59956.0,318296.0,-1.57366606367024
2023-01-05,2738072.06,0.126,0.0277,655214.16,0.067,-0.0245,114601.3,0.079,0.0945,-0.8,99.2,102.1,0.021,0.008,102.1,52.2,47.2,47.7,47.6,48.7,50.1,49.6,44.5,46.1,50.9,49.8,55.6,46.7,50.4,59956.0,318296.0,-1.57366606367024
2023-01-06,2738072.06,0.126,0.0277,655214.16,0.067,-0.0245,114601.3,0.079,0.0945,-0.8,99.2,102.1,0.021,0.008,102.1,52.2,47.2,47.7,47.6,48.7,50.1,49.6,44.5,46.1,50.9,49.8,55.6,46.7,50.4,59956.0,318296.0,-1.57366606367024
2023-01-09,2738072.06,0.126,0.0277,655214.16,0.067,-0.0245,114601.3,0.079,0.0945,-0.8,99.2,102.1,0.021,0.008,102.1,52.2,47.2,47.7,47.6,48.7,50.1,49.6,44.5,46.1,50.9,49.8,55.6,46.7,50.4,59956.0,318296.0,-1.57366606367024
2023-01-10,2738072.06,0.126,0.0277,655214.16,0.067,-0.0245,114601.3,0.079,0.0945,-0.8,99.2,102.1,0.021,0.008,102.1,52.2,47.2,47.7,47.6,48.7,50.1,49.6,44.5,46.1,50.9,49.8,55.6,46.7,50.4,59956.0,318296.0,-1.57366606367024
2023-01-11,2738072.06,0.126,0.0277,655214.16,0.067,-0.0245,114601.3,0.079,0.0945,-0.8,99.2,102.1,0.021,0.008,102.1,52.2,47.2,47.7,47.6,48.7,50.1,49.6,44.5,46.1,50.9,49.8,55.6,46.7,50.4,59956.0,318296.0,-1.57366606367024
2023-01-12,2738072.06,0.126,0.0277,655214.16,0.067,-0.0245,114601.3,0.079,0.0945,-0.8,99.2,102.1,0.021,0.008,102.1,52.2,47.2,47.7,47.6,48.7,50.1,49.6,44.5,46.1,50.9,49.8,55.6,46.7,50.4,59956.0,318296.0,-1.57366606367024
2023-01-13,2738072.06,0.126,0.0277,655214.16,0.067,-0.0245,114601.3,0.079,0.0945,-0.8,99.2,102.1,0.021,0.008,102.1,52.2,47.2,47.7,47.6,48.7,50.1,49.6,44.5,46.1,50.9,49.8,55.6,46.7,50.4,59956.0,318296.0,-1.57366606367024
2023-01-16,2738072.06,0.126,0.0277,655214.16,0.067,-0.0245,114601.3,0.079,0.0945,-0.8,99.2,102.1,0.021,0.008,102.1,52.2,47.2,47.7,47.6,48.7,50.1,49.6,44.5,46.1,50.9,49.8,55.6,46.7,50.4,59956.0,318296.0,-1.57366606367024
2023-01-17,2738072.06,0.126,0.0277,655214.16,0.067,-0.0245,114601.3,0.079,0.0945,-0.8,99.2,102.1,0.021,0.008,102.1,52.2,47.2,47.7,47.6,48.7,50.1,49.6,44.5,46.1,50.9,49.8,55.6,46.7,50.4,59956.0,318296.0,-1.57366606367024
2023-01-18,2738072.06,0.126,0.0277,655214.16,0.067,-0.0245,114601.3,0.079,0.0945,-0.8,99.2,102.1,0.021,0.008,102.1,52.2,47.2,47.7,47.6,48.7,50.1,49.6,44.5,46.1,50.9,49.8,55.6,46.7,50.4,59956.0,318296.0,-1.57366606367024
2023-01-19,2738072.06,0.126,0.0277,655214.16,0.067,-0.0245,114601.3,0.079,0.0945,-0.8,99.2,102.1,0.021,0.008,102.1,52.2,47.2,47.7,47.6,48.7,50.1,49.6,44.5,46.1,50.9,49.8,55.6,46.7,50.4,59956.0,318296.0,-1.57366606367024
2023-01-20,2738072.06,0.126,0.0277,655214.16,0.067,-0.0245,114601.3,0.079,0.0945,-0.8,99.2,102.1,0.021,0.008,102.1,52.2,47.2,47.7,47.6,48.7,50.1,49.6,44.5,46.1,50.9,49.8,55.6,46.7,50.4,59956.0,318296.0,-1.57366606367024
2023-01-30,2738072.06,0.126,0.0277,655214.16,0.067,-0.0245,114601.3,0.079,0.0945,-0.8,99.2,102.1,0.021,0.008,102.1,52.2,47.2,47.7,47.6,48.7,50.1,49.6,44.5,46.1,50.9,49.8,55.6,46.7,50.4,59956.0,318296.0,-1.57366606367024
2023-01-31,2738072.06,0.126,0.0277,655214.16,0.067,-0.0245,114601.3,0.079,0.0945,-0.8,99.2,102.1,0.021,0.008,102.1,52.2,47.2,47.7,47.6,48.7,50.1,49.6,44.5,46.1,50.9,49.8,55.6,46.7,50.4,59956.0,318296.0,-1.57366606367024
2023-02-01,2755249.23,0.129,0.0063,657938.74,0.058,0.0042,107602.58,0.106,-0.0611,-1.4,98.9,101.0,0.01,-0.005,101.5,54.4,50.6,50.2,52.0,51.2,52.6,49.8,49.3,52.4,54.1,56.7,57.5,51.3,53.5,31610.0,337736.0,6.1021890472241
2023-02-02,2755249.23,0.129,0.0063,657938.74,0.058,0.0042,107602.58,0.106,-0.0611,-1.4,98.9,101.0,0.01,-0.005,101.5,54.4,50.6,50.2,52.0,51.2,52.6,49.8,49.3,52.4,54.1,56.7,57.5,51.3,53.5,31610.0,337736.0,6.1021890472241
2023-02-03,2755249.23,0.129,0.0063,657938.74,0.058,0.0042,107602.58,0.106,-0.0611,-1.4,98.9,101.0,0.01,-0.005,101.5,54.4,50.6,50.2,52.0,51.2,52.6,49.8,49.3,52.4,54.1,56.7,57.5,51.3,53.5,31610.0,337736.0,6.1021890472241
2023-02-06,2755249.23,0.129,0.0063,657938.74,0.058,0.0042,107602.58,0.106,-0.0611,-1.4,98.9,101.0,0.01,-0.005,101.5,54.4,50.6,50.2,52.0,51.2,52.6,49.8,49.3,52.4,54.1,56.7,57.5,51.3,53.5,31610.0,337736.0,6.1021890472241
2023-02-07,2755249.23,0.129,0.0063,657938.74,0.058,0.0042,107602.58,0.106,-0.0611,-1.4,98.9,101.0,0.01,-0.005,101.5,54.4,50.6,50.2,52.0,51.2,52.6,49.8,49.3,52.4,54.1,56.7,57.5,51.3,53.5,31610.0,337736.0,6.1021890472241
2023-02-08,2755249.23,0.129,0.0063,657938.74,0.058,0.0042,107602.58,0.106,-0.0611,-1.4,98.9,101.0,0.01,-0.005,101.5,54.4,50.6,50.2,52.0,51.2,52.6,49.8,49.3,52.4,54.1,56.7,57.5,51.3,53.5,31610.0,337736.0,6.1021890472241
2023-02-09,2755249.23,0.129,0.0063,657938.74,0.058,0.0042,107602.58,0.106,-0.0611,-1.4,98.9,101.0,0.01,-0.005,101.5,54.4,50.6,50.2,52.0,51.2,52.6,49.8,49.3,52.4,54.1,56.7,57.5,51.3,53.5,31610.0,337736.0,6.1021890472241
2023-02-10,2755249.23,0.129,0.0063,657938.74,0.058,0.0042,107602.58,0.106,-0.0611,-1.4,98.9,101.0,0.01,-0.005,101.5,54.4,50.6,50.2,52.0,51.2,52.6,49.8,49.3,52.4,54.1,56.7,57.5,51.3,53.5,31610.0,337736.0,6.1021890472241
2023-02-13,2755249.23,0.129,0.0063,657938.74,0.058,0.0042,107602.58,0.106,-0.0611,-1.4,98.9,101.0,0.01,-0.005,101.5,54.4,50.6,50.2,52.0,51.2,52.6,49.8,49.3,52.4,54.1,56.7,57.5,51.3,53.5,31610.0,337736.0,6.1021890472241
2023-02-14,2755249.23,0.129,0.0063,657938.74,0.058,0.0042,107602.58,0.106,-0.0611,-1.4,98.9,101.0,0.01,-0.005,101.5,54.4,50.6,50.2,52.0,51.2,52.6,49.8,49.3,52.4,54.1,56.7,57.5,51.3,53.5,31610.0,337736.0,6.1021890472241
2023-02-15,2755249.23,0.129,0.0063,657938.74,0.058,0.0042,107602.58,0.106,-0.0611,-1.4,98.9,101.0,0.01,-0.005,101.5,54.4,50.6,50.2,52.0,51.2,52.6,49.8,49.3,52.4,54.1,56.7,57.5,51.3,53.5,31610.0,337736.0,6.1021890472241
2023-02-16,2755249.23,0.129,0.0063,657938.74,0.058,0.0042,107602.58,0.106,-0.0611,-1.4,98.9,101.0,0.01,-0.005,101.5,54.4,50.6,50.2,52.0,51.2,52.6,49.8,49.3,52.4,54.1,56.7,57.5,51.3,53.5,31610.0,337736.0,6.1021890472241
2023-02-17,2755249.23,0.129,0.0063,657938.74,0.058,0.0042,107602.58,0.106,-0.0611,-1.4,98.9,101.0,0.01,-0.005,101.5,54.4,50.6,50.2,52.0,51.2,52.6,49.8,49.3,52.4,54.1,56.7,57.5,51.3,53.5,31610.0,337736.0,6.1021890472241
2023-02-20,2755249.23,0.129,0.0063,657938.74,0.058,0.0042,107602.58,0.106,-0.0611,-1.4,98.9,101.0,0.01,-0.005,101.5,54.4,50.6,50.2,52.0,51.2,52.6,49.8,49.3,52.4,54.1,56.7,57.5,51.3,53.5,31610.0,337736.0,6.1021890472241
2023-02-21,2755249.23,0.129,0.0063,657938.74,0.058,0.0042,107602.58,0.106,-0.0611,-1.4,98.9,101.0,0.01,-0.005,101.5,54.4,50.6,50.2,52.0,51.2,52.6,49.8,49.3,52.4,54.1,56.7,57.5,51.3,53.5,31610.0,337736.0,6.1021890472241
2023-02-22,2755249.23,0.129,0.0063,657938.74,0.058,0.0042,107602.58,0.106,-0.0611,-1.4,98.9,101.0,0.01,-0.005,101.5,54.4,50.6,50.2,52.0,51.2,52.6,49.8,49.3,52.4,54.1,56.7,57.5,51.3,53.5,31610.0,337736.0,6.1021890472241
2023-02-23,2755249.23,0.129,0.0063,657938.74,0.058,0.0042,107602.58,0.106,-0.0611,-1.4,98.9,101.0,0.01,-0.005,101.5,54.4,50.6,50.2,52.0,51.2,52.6,49.8,49.3,52.4,54.1,56.7,57.5,51.3,53.5,31610.0,337736.0,6.1021890472241
2023-02-24,2755249.23,0.129,0.0063,657938.74,0.058,0.0042,107602.58,0.106,-0.0611,-1.4,98.9,101.0,0.01,-0.005,101.5,54.4,50.6,50.2,52.0,51.2,52.6,49.8,49.3,52.4,54.1,56.7,57.5,51.3,53.5,31610.0,337736.0,6.1021890472241
2023-02-27,2755249.23,0.129,0.0063,657938.74,0.058,0.0042,107602.58,0.106,-0.0611,-1.4,98.9,101.0,0.01,-0.005,101.5,54.4,50.6,50.2,52.0,51.2,52.6,49.8,49.3,52.4,54.1,56.7,57.5,51.3,53.5,31610.0,337736.0,6.1021890472241
2023-02-28,2755249.23,0.129,0.0063,657938.74,0.058,0.0042,107602.58,0.106,-0.0611,-1.4,98.9,101.0,0.01,-0.005,101.5,54.4,50.6,50.2,52.0,51.2,52.6,49.8,49.3,52.4,54.1,56.7,57.5,51.3,53.5,31610.0,337736.0,6.1021890472241
2023-03-01,2814566.31,0.127,0.0215,678059.63,0.051,0.0306,105591.3,0.11,-0.0187,-2.5,98.4,100.7,0.007,-0.003,101.3,50.9,49.5,49.7,50.8,48.6,51.9,48.3,48.9,50.4,53.6,54.6,55.5,50.9,53.5,53867.0,345038.0,4.20488349969044
2023-03-02,2814566.31,0.127,0.0215,678059.63,0.051,0.0306,105591.3,0.11,-0.0187,-2.5,98.4,100.7,0.007,-0.003,101.3,50.9,49.5,49.7,50.8,48.6,51.9,48.3,48.9,50.4,53.6,54.6,55.5,50.9,53.5,53867.0,345038.0,4.20488349969044
2023-03-03,2814566.31,0.127,0.0215,678059.63,0.051,0.0306,105591.3,0.11,-0.0187,-2.5,98.4,100.7,0.007,-0.003,101.3,50.9,49.5,49.7,50.8,48.6,51.9,48.3,48.9,50.4,53.6,54.6,55.5,50.9,53.5,53867.0,345038.0,4.20488349969044
2023-03-06,2814566.31,0.127,0.0215,678059.63,0.051,0.0306,105591.3,0.11,-0.0187,-2.5,98.4,100.7,0.007,-0.003,101.3,50.9,49.5,49.7,50.8,48.6,51.9,48.3,48.9,50.4,53.6,54.6,55.5,50.9,53.5,53867.0,345038.0,4.20488349969044
2023-03-07,2814566.31,0.127,0.0215,678059.63,0.051,0.0306,105591.3,0.11,-0.0187,-2.5,98.4,100.7,0.007,-0.003,101.3,50.9,49.5,49.7,50.8,48.6,51.9,48.3,48.9,50.4,53.6,54.6,55.5,50.9,53.5,53867.0,345038.0,4.20488349969044
2023-03-08,2814566.31,0.127,0.0215,678059.63,0.051,0.0306,105591.3,0.11,-0.0187,-2.5,98.4,100.7,0.007,-0.003,101.3,50.9,49.5,49.7,50.8,48.6,51.9,48.3,48.9,50.4,53.6,54.6,55.5,50.9,53.5,53867.0,345038.0,4.20488349969044
2023-03-09,2814566.31,0.127,0.0215,678059.63,0.051,0.0306,105591.3,0.11,-0.0187,-2.5,98.4,100.7,0.007,-0.003,101.3,50.9,49.5,49.7,50.8,48.6,51.9,48.3,48.9,50.4,53.6,54.6,55.5,50.9,53.5,53867.0,345038.0,4.20488349969044
2023-03-10,2814566.31,0.127,0.0215,678059.63,0.051,0.0306,105591.3,0.11,-0.0187,-2.5,98.4,100.7,0.007,-0.003,101.3,50.9,49.5,49.7,50.8,48.6,51.9,48.3,48.9,50.4,53.6,54.6,55.5,50.9,53.5,53867.0,345038.0,4.20488349969044
2023-03-13,2814566.31,0.127,0.0215,678059.63,0.051,0.0306,105591.3,0.11,-0.0187,-2.5,98.4,100.7,0.007,-0.003,101.3,50.9,49.5,49.7,50.8,48.6,51.9,48.3,48.9,50.4,53.6,54.6,55.5,50.9,53.5,53867.0,345038.0,4.20488349969044
2023-03-14,2814566.31,0.127,0.0215,678059.63,0.051,0.0306,105591.3,0.11,-0.0187,-2.5,98.4,100.7,0.007,-0.003,101.3,50.9,49.5,49.7,50.8,48.6,51.9,48.3,48.9,50.4,53.6,54.6,55.5,50.9,53.5,53867.0,345038.0,4.20488349969044
2023-03-15,2814566.31,0.127,0.0215,678059.63,0.051,0.0306,105591.3,0.11,-0.0187,-2.5,98.4,100.7,0.007,-0.003,101.3,50.9,49.5,49.7,50.8,48.6,51.9,48.3,48.9,50.4,53.6,54.6,55.5,50.9,53.5,53867.0,345038.0,4.20488349969044
2023-03-16,2814566.31,0.127,0.0215,678059.63,0.051,0.0306,105591.3,0.11,-0.0187,-2.5,98.4,100.7,0.007,-0.003,101.3,50.9,49.5,49.7,50.8,48.6,51.9,48.3,48.9,50.4,53.6,54.6,55.5,50.9,53.5,53867.0,345038.0,4.20488349969044
2023-03-17,2814566.31,0.127,0.0215,678059.63,0.051,0.0306,105591.3,0.11,-0.0187,-2.5,98.4,100.7,0.007,-0.003,101.3,50.9,49.5,49.7,50.8,48.6,51.9,48.3,48.9,50.4,53.6,54.6,55.5,50.9,53.5,53867.0,345038.0,4.20488349969044
2023-03-20,2814566.31,0.127,0.0215,678059.63,0.051,0.0306,105591.3,0.11,-0.0187,-2.5,98.4,100.7,0.007,-0.003,101.3,50.9,49.5,49.7,50.8,48.6,51.9,48.3,48.9,50.4,53.6,54.6,55.5,50.9,53.5,53867.0,345038.0,4.20488349969044
2023-03-21,2814566.31,0.127,0.0215,678059.63,0.051,0.0306,105591.3,0.11,-0.0187,-2.5,98.4,100.7,0.007,-0.003,101.3,50.9,49.5,49.7,50.8,48.6,51.9,48.3,48.9,50.4,53.6,54.6,55.5,50.9,53.5,53867.0,345038.0,4.20488349969044
2023-03-22,2814566.31,0.127,0.0215,678059.63,0.051,0.0306,105591.3,0.11,-0.0187,-2.5,98.4,100.7,0.007,-0.003,101.3,50.9,49.5,49.7,50.8,48.6,51.9,48.3,48.9,50.4,53.6,54.6,55.5,50.9,53.5,53867.0,345038.0,4.20488349969044
2023-03-23,2814566.31,0.127,0.0215,678059.63,0.051,0.0306,105591.3,0.11,-0.0187,-2.5,98.4,100.7,0.007,-0.003,101.3,50.9,49.5,49.7,50.8,48.6,51.9,48.3,48.9,50.4,53.6,54.6,55.5,50.9,53.5,53867.0,345038.0,4.20488349969044
2023-03-24,2814566.31,0.127,0.0215,678059.63,0.051,0.0306,105591.3,0.11,-0.0187,-2.5,98.4,100.7,0.007,-0.003,101.3,50.9,49.5,49.7,50.8,48.6,51.9,48.3,48.9,50.4,53.6,54.6,55.5,50.9,53.5,53867.0,345038.0,4.20488349969044
2023-03-27,2814566.31,0.127,0.0215,678059.63,0.051,0.0306,105591.3,0.11,-0.0187,-2.5,98.4,100.7,0.007,-0.003,101.3,50.9,49.5,49.7,50.8,48.6,51.9,48.3,48.9,50.4,53.6,54.6,55.5,50.9,53.5,53867.0,345038.0,4.20488349969044
2023-03-28,2814566.31,0.127,0.0215,678059.63,0.051,0.0306,105591.3,0.11,-0.0187,-2.5,98.4,100.7,0.007,-0.003,101.3,50.9,49.5,49.7,50.8,48.6,51.9,48.3,48.9,50.4,53.6,54.6,55.5,50.9,53.5,53867.0,345038.0,4.20488349969044
2023-03-29,2814566.31,0.127,0.0215,678059.63,0.051,0.0306,105591.3,0.11,-0.0187,-2.5,98.4,100.7,0.007,-0.003,101.3,50.9,49.5,49.7,50.8,48.6,51.9,48.3,48.9,50.4,53.6,54.6,55.5,50.9,53.5,53867.0,345038.0,4.20488349969044
2023-03-30,2814566.31,0.127,0.0215,678059.63,0.051,0.0306,105591.3,0.11,-0.0187,-2.5,98.4,100.7,0.007,-0.003,101.3,50.9,49.5,49.7,50.8,48.6,51.9,48.3,48.9,50.4,53.6,54.6,55.5,50.9,53.5,53867.0,345038.0,4.20488349969044
2023-03-31,2814566.31,0.127,0.0215,678059.63,0.051,0.0306,105591.3,0.11,-0.0187,-2.5,98.4,100.7,0.007,-0.003,101.3,50.9,49.5,49.7,50.8,48.6,51.9,48.3,48.9,50.4,53.6,54.6,55.5,50.9,53.5,53867.0,345038.0,4.20488349969044
2023-04-03,2808469.34,0.124,-0.0022,669761.55,0.053,-0.0122,105904.46,0.107,0.003,-3.6,97.9,100.1,0.001,-0.001,101.0,46.4,49.4,48.8,50.3,44.9,49.2,47.9,46.8,47.6,48.8,50.2,54.7,48.9,49.1,12249.0,347960.0,8.10508525128002
2023-04-04,2808469.34,0.124,-0.0022,669761.55,0.053,-0.0122,105904.46,0.107,0.003,-3.6,97.9,100.1,0.001,-0.001,101.0,46.4,49.4,48.8,50.3,44.9,49.2,47.9,46.8,47.6,48.8,50.2,54.7,48.9,49.1,12249.0,347960.0,8.10508525128002
2023-04-06,2808469.34,0.124,-0.0022,669761.55,0.053,-0.0122,105904.46,0.107,0.003,-3.6,97.9,100.1,0.001,-0.001,101.0,46.4,49.4,48.8,50.3,44.9,49.2,47.9,46.8,47.6,48.8,50.2,54.7,48.9,49.1,12249.0,347960.0,8.10508525128002
2023-04-07,2808469.34,0.124,-0.0022,669761.55,0.053,-0.0122,105904.46,0.107,0.003,-3.6,97.9,100.1,0.001,-0.001,101.0,46.4,49.4,48.8,50.3,44.9,49.2,47.9,46.8,47.6,48.8,50.2,54.7,48.9,49.1,12249.0,347960.0,8.10508525128002
2023-04-10,2808469.34,0.124,-0.0022,669761.55,0.053,-0.0122,105904.46,0.107,0.003,-3.6,97.9,100.1,0.001,-0.001,101.0,46.4,49.4,48.8,50.3,44.9,49.2,47.9,46.8,47.6,48.8,50.2,54.7,48.9,49.1,12249.0,347960.0,8.10508525128002
2023-04-11,2808469.34,0.124,-0.0022,669761.55,0.053,-0.0122,105904.46,0.107,0.003,-3.6,97.9,100.1,0.001,-0.001,101.0,46.4,49.4,48.8,50.3,44.9,49.2,47.9,46.8,47.6,48.8,50.2,54.7,48.9,49.1,12249.0,347960.0,8.10508525128002
2023-04-12,2808469.34,0.124,-0.0022,669761.55,0.053,-0.0122,105904.46,0.107,0.003,-3.6,97.9,100.1,0.001,-0.001,101.0,46.4,49.4,48.8,50.3,44.9,49.2,47.9,46.8,47.6,48.8,50.2,54.7,48.9,49.1,12249.0,347960.0,8.10508525128002
2023-04-13,2808469.34,0.124,-0.0022,669761.55,0.053,-0.0122,105904.46,0.107,0.003,-3.6,97.9,100.1,0.001,-0.001,101.0,46.4,49.4,48.8,50.3,44.9,49.2,47.9,46.8,47.6,48.8,50.2,54.7,48.9,49.1,12249.0,347960.0,8.10508525128002
2023-04-14,2808469.34,0.124,-0.0022,669761.55,0.053,-0.0122,105904.46,0.107,0.003,-3.6,97.9,100.1,0.001,-0.001,101.0,46.4,49.4,48.8,50.3,44.9,49.2,47.9,46.8,47.6,48.8,50.2,54.7,48.9,49.1,12249.0,347960.0,8.10508525128002
2023-04-17,2808469.34,0.124,-0.0022,669761.55,0.053,-0.0122,105904.46,0.107,0.003,-3.6,97.9,100.1,0.001,-0.001,101.0,46.4,49.4,48.8,50.3,44.9,49.2,47.9,46.8,47.6,48.8,50.2,54.7,48.9,49.1,12249.0,347960.0,8.10508525128002
2023-04-18,2808469.34,0.124,-0.0022,669761.55,0.053,-0.0122,105904.46,0.107,0.003,-3.6,97.9,100.1,0.001,-0.001,101.0,46.4,49.4,48.8,50.3,44.9,49.2,47.9,46.8,47.6,48.8,50.2,54.7,48.9,49.1,12249.0,347960.0,8.10508525128002
2023-04-19,2808469.34,0.124,-0.0022,669761.55,0.053,-0.0122,105904.46,0.107,0.003,-3.6,97.9,100.1,0.001,-0.001,101.0,46.4,49.4,48.8,50.3,44.9,49.2,47.9,46.8,47.6,48.8,50.2,54.7,48.9,49.1,12249.0,347960.0,8.10508525128002
2023-04-20,2808469.34,0.124,-0.0022,669761.55,0.053,-0.0122,105904.46,0.107,0.003,-3.6,97.9,100.1,0.001,-0.001,101.0,46.4,49.4,48.8,50.3,44.9,49.2,47.9,46.8,47.6,48.8,50.2,54.7,48.9,49.1,12249.0,347960.0,8.10508525128002
2023-04-21,2808469.34,0.124,-0.0022,669761.55,0.053,-0.0122,105904.46,0.107,0.003,-3.6,97.9,100.1,0.001,-0.001,101.0,46.4,49.4,48.8,50.3,44.9,49.2,47.9,46.8,47.6,48.8,50.2,54.7,48.9,49.1,12249.0,347960.0,8.10508525128002
2023-04-24,2808469.34,0.124,-0.0022,669761.55,0.053,-0.0122,105904.46,0.107,0.003,-3.6,97.9,100.1,0.001,-0.001,101.0,46.4,49.4,48.8,50.3,44.9,49.2,47.9,46.8,47.6,48.8,50.2,54.7,48.9,49.1,12249.0,347960.0,8.10508525128002
2023-04-25,2808469.34,0.124,-0.0022,669761.55,0.053,-0.0122,105904.46,0.107,0.003,-3.6,97.9,100.1,0.001,-0.001,101.0,46.4,49.4,48.8,50.3,44.9,49.2,47.9,46.8,47.6,48.8,50.2,54.7,48.9,49.1,12249.0,347960.0,8.10508525128002
2023-04-26,2808469.34,0.124,-0.0022,669761.55,0.053,-0.0122,105904.46,0.107,0.003,-3.6,97.9,100.1,0.001,-0.001,101.0,46.4,49.4,48.8,50.3,44.9,49.2,47.9,46.8,47.6,48.8,50.2,54.7,48.9,49.1,12249.0,347960.0,8.10508525128002
2023-04-27,2808469.34,0.124,-0.0022,669761.55,0.053,-0.0122,105904.46,0.107,0.003,-3.6,97.9,100.1,0.001,-0.001,101.0,46.4,49.4,48.8,50.3,44.9,49.2,47.9,46.8,47.6,48.8,50.2,54.7,48.9,49.1,12249.0,347960.0,8.10508525128002
2023-04-28,2808469.34,0.124,-0.0022,669761.55,0.053,-0.0122,105904.46,0.107,0.003,-3.6,97.9,100.1,0.001,-0.001,101.0,46.4,49.4,48.8,50.3,44.9,49.2,47.9,46.8,47.6,48.8,50.2,54.7,48.9,49.1,12249.0,347960.0,8.10508525128002
2023-05-04,2820504.68,0.116,0.0043,675252.98,0.047,0.0082,104756.71,0.096,-0.0108,-4.6,97.4,100.2,0.002,-0.002,100.8,40.8,48.9,48.4,50.5,41.6,48.8,47.6,46.1,47.2,48.3,49.6,54.1,48.6,49.0,15560.0,335105.0,1.31210980605565
2023-05-05,2820504.68,0.116,0.0043,675252.98,0.047,0.0082,104756.71,0.096,-0.0108,-4.6,97.4,100.2,0.002,-0.002,100.8,40.8,48.9,48.4,50.5,41.6,48.8,47.6,46.1,47.2,48.3,49.6,54.1,48.6,49.0,15560.0,335105.0,1.31210980605565
2023-05-08,2820504.68,0.116,0.0043,675252.98,0.047,0.0082,104756.71,0.096,-0.0108,-4.6,97.4,100.2,0.002,-0.002,100.8,40.8,48.9,48.4,50.5,41.6,48.8,47.6,46.1,47.2,48.3,49.6,54.1,48.6,49.0,15560.0,335105.0,1.31210980605565
2023-05-09,2820504.68,0.116,0.0043,675252.98,0.047,0.0082,104756.71,0.096,-0.0108,-4.6,97.4,100.2,0.002,-0.002,100.8,40.8,48.9,48.4,50.5,41.6,48.8,47.6,46.1,47.2,48.3,49.6,54.1,48.6,49.0,15560.0,335105.0,1.31210980605565
2023-05-10,2820504.68,0.116,0.0043,675252.98,0.047,0.0082,104756.71,0.096,-0.0108,-4.6,97.4,100.2,0.002,-0.002,100.8,40.8,48.9,48.4,50.5,41.6,48.8,47.6,46.1,47.2,48.3,49.6,54.1,48.6,49.0,15560.0,335105.0,1.31210980605565
2023-05-11,2820504.68,0.116,0.0043,675252.98,0.047,0.0082,104756.71,0.096,-0.0108,-4.6,97.4,100.2,0.002,-0.002,100.8,40.8,48.9,48.4,50.5,41.6,48.8,47.6,46.1,47.2,48.3,49.6,54.1,48.6,49.0,15560.0,335105.0,1.31210980605565
2023-05-12,2820504.68,0.116,0.0043,675252.98,0.047,0.0082,104756.71,0.096,-0.0108,-4.6,97.4,100.2,0.002,-0.002,100.8,40.8,48.9,48.4,50.5,41.6,48.8,47.6,46.1,47.2,48.3,49.6,54.1,48.6,49.0,15560.0,335105.0,1.31210980605565
2023-05-15,2820504.68,0.116,0.0043,675252.98,0.047,0.0082,104756.71,0.096,-0.0108,-4.6,97.4,100.2,0.002,-0.002,100.8,40.8,48.9,48.4,50.5,41.6,48.8,47.6,46.1,47.2,48.3,49.6,54.1,48.6,49.0,15560.0,335105.0,1.31210980605565
2023-05-16,2820504.68,0.116,0.0043,675252.98,0.047,0.0082,104756.71,0.096,-0.0108,-4.6,97.4,100.2,0.002,-0.002,100.8,40.8,48.9,48.4,50.5,41.6,48.8,47.6,46.1,47.2,48.3,49.6,54.1,48.6,49.0,15560.0,335105.0,1.31210980605565
2023-05-17,2820504.68,0.116,0.0043,675252.98,0.047,0.0082,104756.71,0.096,-0.0108,-4.6,97.4,100.2,0.002,-0.002,100.8,40.8,48.9,48.4,50.5,41.6,48.8,47.6,46.1,47.2,48.3,49.6,54.1,48.6,49.0,15560.0,335105.0,1.31210980605565
2023-05-18,2820504.68,0.116,0.0043,675252.98,0.047,0.0082,104756.71,0.096,-0.0108,-4.6,97.4,100.2,0.002,-0.002,100.8,40.8,48.9,48.4,50.5,41.6,48.8,47.6,46.1,47.2,48.3,49.6,54.1,48.6,49.0,15560.0,335105.0,1.31210980605565
2023-05-19,2820504.68,0.116,0.0043,675252.98,0.047,0.0082,104756.71,0.096,-0.0108,-4.6,97.4,100.2,0.002,-0.002,100.8,40.8,48.9,48.4,50.5,41.6,48.8,47.6,46.1,47.2,48.3,49.6,54.1,48.6,49.0,15560.0,335105.0,1.31210980605565
2023-05-22,2820504.68,0.116,0.0043,675252.98,0.047,0.0082,104756.71,0.096,-0.0108,-4.6,97.4,100.2,0.002,-0.002,100.8,40.8,48.9,48.4,50.5,41.6,48.8,47.6,46.1,47.2,48.3,49.6,54.1,48.6,49.0,15560.0,335105.0,1.31210980605565
2023-05-23,2820504.68,0.116,0.0043,675252.98,0.047,0.0082,104756.71,0.096,-0.0108,-4.6,97.4,100.2,0.002,-0.002,100.8,40.8,48.9,48.4,50.5,41.6,48.8,47.6,46.1,47.2,48.3,49.6,54.1,48.6,49.0,15560.0,335105.0,1.31210980605565
2023-05-24,2820504.68,0.116,0.0043,675252.98,0.047,0.0082,104756.71,0.096,-0.0108,-4.6,97.4,100.2,0.002,-0.002,100.8,40.8,48.9,48.4,50.5,41.6,48.8,47.6,46.1,47.2,48.3,49.6,54.1,48.6,49.0,15560.0,335105.0,1.31210980605565
2023-05-25,2820504.68,0.116,0.0043,675252.98,0.047,0.0082,104756.71,0.096,-0.0108,-4.6,97.4,100.2,0.002,-0.002,100.8,40.8,48.9,48.4,50.5,41.6,48.8,47.6,46.1,47.2,48.3,49.6,54.1,48.6,49.0,15560.0,335105.0,1.31210980605565
2023-05-26,2820504.68,0.116,0.0043,675252.98,0.047,0.0082,104756.71,0.096,-0.0108,-4.6,97.4,100.2,0.002,-0.002,100.8,40.8,48.9,48.4,50.5,41.6,48.8,47.6,46.1,47.2,48.3,49.6,54.1,48.6,49.0,15560.0,335105.0,1.31210980605565
2023-05-29,2820504.68,0.116,0.0043,675252.98,0.047,0.0082,104756.71,0.096,-0.0108,-4.6,97.4,100.2,0.002,-0.002,100.8,40.8,48.9,48.4,50.5,41.6,48.8,47.6,46.1,47.2,48.3,49.6,54.1,48.6,49.0,15560.0,335105.0,1.31210980605565
2023-05-30,2820504.68,0.116,0.0043,675252.98,0.047,0.0082,104756.71,0.096,-0.0108,-4.6,97.4,100.2,0.002,-0.002,100.8,40.8,48.9,48.4,50.5,41.6,48.8,47.6,46.1,47.2,48.3,49.6,54.1,48.6,49.0,15560.0,335105.0,1.31210980605565
2023-05-31,2820504.68,0.116,0.0043,675252.98,0.047,0.0082,104756.71,0.096,-0.0108,-4.6,97.4,100.2,0.002,-0.002,100.8,40.8,48.9,48.4,50.5,41.6,48.8,47.6,46.1,47.2,48.3,49.6,54.1,48.6,49.0,15560.0,335105.0,1.31210980605565
2023-06-01,2873023.83,0.113,0.0186,695595.48,0.031,0.0301,105419.2,0.098,0.0063,-5.4,96.9,100.0,0.0,-0.002,100.7,45.0,46.1,48.2,50.4,43.9,49.0,47.4,45.2,46.4,48.6,50.3,53.4,47.0,48.9,42265.0,325444.0,-5.85233485885546
2023-06-02,2873023.83,0.113,0.0186,695595.48,0.031,0.0301,105419.2,0.098,0.0063,-5.4,96.9,100.0,0.0,-0.002,100.7,45.0,46.1,48.2,50.4,43.9,49.0,47.4,45.2,46.4,48.6,50.3,53.4,47.0,48.9,42265.0,325444.0,-5.85233485885546
2023-06-05,2873023.83,0.113,0.0186,695595.48,0.031,0.0301,105419.2,0.098,0.0063,-5.4,96.9,100.0,0.0,-0.002,100.7,45.0,46.1,48.2,50.4,43.9,49.0,47.4,45.2,46.4,48.6,50.3,53.4,47.0,48.9,42265.0,325444.0,-5.85233485885546
2023-06-06,2873023.83,0.113,0.0186,695595.48,0.031,0.0301,105419.2,0.098,0.0063,-5.4,96.9,100.0,0.0,-0.002,100.7,45.0,46.1,48.2,50.4,43.9,49.0,47.4,45.2,46.4,48.6,50.3,53.4,47.0,48.9,42265.0,325444.0,-5.85233485885546
2023-06-07,2873023.83,0.113,0.0186,695595.48,0.031,0.0301,105419.2,0.098,0.0063,-5.4,96.9,100.0,0.0,-0.002,100.7,45.0,46.1,48.2,50.4,43.9,49.0,47.4,45.2,46.4,48.6,50.3,53.4,47.0,48.9,42265.0,325444.0,-5.85233485885546
2023-06-08,2873023.83,0.113,0.0186,695595.48,0.031,0.0301,105419.2,0.098,0.0063,-5.4,96.9,100.0,0.0,-0.002,100.7,45.0,46.1,48.2,50.4,43.9,49.0,47.4,45.2,46.4,48.6,50.3,53.4,47.0,48.9,42265.0,325444.0,-5.85233485885546
2023-06-09,2873023.83,0.113,0.0186,695595.48,0.031,0.0301,105419.2,0.098,0.0063,-5.4,96.9,100.0,0.0,-0.002,100.7,45.0,46.1,48.2,50.4,43.9,49.0,47.4,45.2,46.4,48.6,50.3,53.4,47.0,48.9,42265.0,325444.0,-5.85233485885546
2023-06-12,2873023.83,0.113,0.0186,695595.48,0.031,0.0301,105419.2,0.098,0.0063,-5.4,96.9,100.0,0.0,-0.002,100.7,45.0,46.1,48.2,50.4,43.9,49.0,47.4,45.2,46.4,48.6,50.3,53.4,47.0,48.9,42265.0,325444.0,-5.85233485885546
2023-06-13,2873023.83,0.113,0.0186,695595.48,0.031,0.0301,105419.2,0.098,0.0063,-5.4,96.9,100.0,0.0,-0.002,100.7,45.0,46.1,48.2,50.4,43.9,49.0,47.4,45.2,46.4,48.6,50.3,53.4,47.0,48.9,42265.0,325444.0,-5.85233485885546
2023-06-14,2873023.83,0.113,0.0186,695595.48,0.031,0.0301,105419.2,0.098,0.0063,-5.4,96.9,100.0,0.0,-0.002,100.7,45.0,46.1,48.2,50.4,43.9,49.0,47.4,45.2,46.4,48.6,50.3,53.4,47.0,48.9,42265.0,325444.0,-5.85233485885546
2023-06-15,2873023.83,0.113,0.0186,695595.48,0.031,0.0301,105419.2,0.098,0.0063,-5.4,96.9,100.0,0.0,-0.002,100.7,45.0,46.1,48.2,50.4,43.9,49.0,47.4,45.2,46.4,48.6,50.3,53.4,47.0,48.9,42265.0,325444.0,-5.85233485885546
2023-06-16,2873023.83,0.113,0.0186,695595.48,0.031,0.0301,105419.2,0.098,0.0063,-5.4,96.9,100.0,0.0,-0.002,100.7,45.0,46.1,48.2,50.4,43.9,49.0,47.4,45.2,46.4,48.6,50.3,53.4,47.0,48.9,42265.0,325444.0,-5.85233485885546
2023-06-19,2873023.83,0.113,0.0186,695595.48,0.031,0.0301,105419.2,0.098,0.0063,-5.4,96.9,100.0,0.0,-0.002,100.7,45.0,46.1,48.2,50.4,43.9,49.0,47.4,45.2,46.4,48.6,50.3,53.4,47.0,48.9,42265.0,325444.0,-5.85233485885546
2023-06-20,2873023.83,0.113,0.0186,695595.48,0.031,0.0301,105419.2,0.098,0.0063,-5.4,96.9,100.0,0.0,-0.002,100.7,45.0,46.1,48.2,50.4,43.9,49.0,47.4,45.2,46.4,48.6,50.3,53.4,47.0,48.9,42265.0,325444.0,-5.85233485885546
2023-06-21,2873023.83,0.113,0.0186,695595.48,0.031,0.0301,105419.2,0.098,0.0063,-5.4,96.9,100.0,0.0,-0.002,100.7,45.0,46.1,48.2,50.4,43.9,49.0,47.4,45.2,46.4,48.6,50.3,53.4,47.0,48.9,42265.0,325444.0,-5.85233485885546
2023-06-26,2873023.83,0.113,0.0186,695595.48,0.031,0.0301,105419.2,0.098,0.0063,-5.4,96.9,100.0,0.0,-0.002,100.7,45.0,46.1,48.2,50.4,43.9,49.0,47.4,45.2,46.4,48.6,50.3,53.4,47.0,48.9,42265.0,325444.0,-5.85233485885546
2023-06-27,2873023.83,0.113,0.0186,695595.48,0.031,0.0301,105419.2,0.098,0.0063,-5.4,96.9,100.0,0.0,-0.002,100.7,45.0,46.1,48.2,50.4,43.9,49.0,47.4,45.2,46.4,48.6,50.3,53.4,47.0,48.9,42265.0,325444.0,-5.85233485885546
2023-06-28,2873023.83,0.113,0.0186,695595.48,0.031,0.0301,105419.2,0.098,0.0063,-5.4,96.9,100.0,0.0,-0.002,100.7,45.0,46.1,48.2,50.4,43.9,49.0,47.4,45.2,46.4,48.6,50.3,53.4,47.0,48.9,42265.0,325444.0,-5.85233485885546
2023-06-29,2873023.83,0.113,0.0186,695595.48,0.031,0.0301,105419.2,0.098,0.0063,-5.4,96.9,100.0,0.0,-0.002,100.7,45.0,46.1,48.2,50.4,43.9,49.0,47.4,45.2,46.4,48.6,50.3,53.4,47.0,48.9,42265.0,325444.0,-5.85233485885546
2023-06-30,2873023.83,0.113,0.0186,695595.48,0.031,0.0301,105419.2,0.098,0.0063,-5.4,96.9,100.0,0.0,-0.002,100.7,45.0,46.1,48.2,50.4,43.9,49.0,47.4,45.2,46.4,48.6,50.3,53.4,47.0,48.9,42265.0,325444.0,-5.85233485885546
2023-07-03,2854031.56,0.107,-0.0066,677218.92,0.023,-0.0264,106129.68,0.099,0.0067,-4.4,96.8,99.7,-0.003,0.002,100.5,52.4,46.3,48.1,50.5,48.6,49.3,48.2,45.4,46.3,49.5,50.2,55.1,46.8,49.5,5366.0,323025.0,-5.74309833181114
2023-07-04,2854031.56,0.107,-0.0066,677218.92,0.023,-0.0264,106129.68,0.099,0.0067,-4.4,96.8,99.7,-0.003,0.002,100.5,52.4,46.3,48.1,50.5,48.6,49.3,48.2,45.4,46.3,49.5,50.2,55.1,46.8,49.5,5366.0,323025.0,-5.74309833181114
2023-07-05,2854031.56,0.107,-0.0066,677218.92,0.023,-0.0264,106129.68,0.099,0.0067,-4.4,96.8,99.7,-0.003,0.002,100.5,52.4,46.3,48.1,50.5,48.6,49.3,48.2,45.4,46.3,49.5,50.2,55.1,46.8,49.5,5366.0,323025.0,-5.74309833181114
2023-07-06,2854031.56,0.107,-0.0066,677218.92,0.023,-0.0264,106129.68,0.099,0.0067,-4.4,96.8,99.7,-0.003,0.002,100.5,52.4,46.3,48.1,50.5,48.6,49.3,48.2,45.4,46.3,49.5,50.2,55.1,46.8,49.5,5366.0,323025.0,-5.74309833181114
2023-07-07,2854031.56,0.107,-0.0066,677218.92,0.023,-0.0264,106129.68,0.099,0.0067,-4.4,96.8,99.7,-0.003,0.002,100.5,52.4,46.3,48.1,50.5,48.6,49.3,48.2,45.4,46.3,49.5,50.2,55.1,46.8,49.5,5366.0,323025.0,-5.74309833181114
2023-07-10,2854031.56,0.107,-0.0066,677218.92,0.023,-0.0264,106129.68,0.099,0.0067,-4.4,96.8,99.7,-0.003,0.002,100.5,52.4,46.3,48.1,50.5,48.6,49.3,48.2,45.4,46.3,49.5,50.2,55.1,46.8,49.5,5366.0,323025.0,-5.74309833181114
2023-07-11,2854031.56,0.107,-0.0066,677218.92,0.023,-0.0264,106129.68,0.099,0.0067,-4.4,96.8,99.7,-0.003,0.002,100.5,52.4,46.3,48.1,50.5,48.6,49.3,48.2,45.4,46.3,49.5,50.2,55.1,46.8,49.5,5366.0,323025.0,-5.74309833181114
2023-07-12,2854031.56,0.107,-0.0066,677218.92,0.023,-0.0264,106129.68,0.099,0.0067,-4.4,96.8,99.7,-0.003,0.002,100.5,52.4,46.3,48.1,50.5,48.6,49.3,48.2,45.4,46.3,49.5,50.2,55.1,46.8,49.5,5366.0,323025.0,-5.74309833181114
2023-07-13,2854031.56,0.107,-0.0066,677218.92,0.023,-0.0264,106129.68,0.099,0.0067,-4.4,96.8,99.7,-0.003,0.002,100.5,52.4,46.3,48.1,50.5,48.6,49.3,48.2,45.4,46.3,49.5,50.2,55.1,46.8,49.5,5366.0,323025.0,-5.74309833181114
2023-07-14,2854031.56,0.107,-0.0066,677218.92,0.023,-0.0264,106129.68,0.099,0.0067,-4.4,96.8,99.7,-0.003,0.002,100.5,52.4,46.3,48.1,50.5,48.6,49.3,48.2,45.4,46.3,49.5,50.2,55.1,46.8,49.5,5366.0,323025.0,-5.74309833181114
2023-07-17,2854031.56,0.107,-0.0066,677218.92,0.023,-0.0264,106129.68,0.099,0.0067,-4.4,96.8,99.7,-0.003,0.002,100.5,52.4,46.3,48.1,50.5,48.6,49.3,48.2,45.4,46.3,49.5,50.2,55.1,46.8,49.5,5366.0,323025.0,-5.74309833181114
2023-07-18,2854031.56,0.107,-0.0066,677218.92,0.023,-0.0264,106129.68,0.099,0.0067,-4.4,96.8,99.7,-0.003,0.002,100.5,52.4,46.3,48.1,50.5,48.6,49.3,48.2,45.4,46.3,49.5,50.2,55.1,46.8,49.5,5366.0,323025.0,-5.74309833181114
2023-07-19,2854031.56,0.107,-0.0066,677218.92,0.023,-0.0264,106129.68,0.099,0.0067,-4.4,96.8,99.7,-0.003,0.002,100.5,52.4,46.3,48.1,50.5,48.6,49.3,48.2,45.4,46.3,49.5,50.2,55.1,46.8,49.5,5366.0,323025.0,-5.74309833181114
2023-07-20,2854031.56,0.107,-0.0066,677218.92,0.023,-0.0264,106129.68,0.099,0.0067,-4.4,96.8,99.7,-0.003,0.002,100.5,52.4,46.3,48.1,50.5,48.6,49.3,48.2,45.4,46.3,49.5,50.2,55.1,46.8,49.5,5366.0,323025.0,-5.74309833181114
2023-07-21,2854031.56,0.107,-0.0066,677218.92,0.023,-0.0264,106129.68,0.099,0.0067,-4.4,96.8,99.7,-0.003,0.002,100.5,52.4,46.3,48.1,50.5,48.6,49.3,48.2,45.4,46.3,49.5,50.2,55.1,46.8,49.5,5366.0,323025.0,-5.74309833181114
2023-07-24,2854031.56,0.107,-0.0066,677218.92,0.023,-0.0264,106129.68,0.099,0.0067,-4.4,96.8,99.7,-0.003,0.002,100.5,52.4,46.3,48.1,50.5,48.6,49.3,48.2,45.4,46.3,49.5,50.2,55.1,46.8,49.5,5366.0,323025.0,-5.74309833181114
2023-07-25,2854031.56,0.107,-0.0066,677218.92,0.023,-0.0264,106129.68,0.099,0.0067,-4.4,96.8,99.7,-0.003,0.002,100.5,52.4,46.3,48.1,50.5,48.6,49.3,48.2,45.4,46.3,49.5,50.2,55.1,46.8,49.5,5366.0,323025.0,-5.74309833181114
2023-07-26,2854031.56,0.107,-0.0066,677218.92,0.023,-0.0264,106129.68,0.099,0.0067,-4.4,96.8,99.7,-0.003,0.002,100.5,52.4,46.3,48.1,50.5,48.6,49.3,48.2,45.4,46.3,49.5,50.2,55.1,46.8,49.5,5366.0,323025.0,-5.74309833181114
2023-07-27,2854031.56,0.107,-0.0066,677218.92,0.023,-0.0264,106129.68,0.099,0.0067,-4.4,96.8,99.7,-0.003,0.002,100.5,52.4,46.3,48.1,50.5,48.6,49.3,48.2,45.4,46.3,49.5,50.2,55.1,46.8,49.5,5366.0,323025.0,-5.74309833181114
2023-07-28,2854031.56,0.107,-0.0066,677218.92,0.023,-0.0264,106129.68,0.099,0.0067,-4.4,96.8,99.7,-0.003,0.002,100.5,52.4,46.3,48.1,50.5,48.6,49.3,48.2,45.4,46.3,49.5,50.2,55.1,46.8,49.5,5366.0,323025.0,-5.74309833181114
2023-07-31,2854031.56,0.107,-0.0066,677218.92,0.023,-0.0264,106129.68,0.099,0.0067,-4.4,96.8,99.7,-0.003,0.002,100.5,52.4,46.3,48.1,50.5,48.6,49.3,48.2,45.4,46.3,49.5,50.2,55.1,46.8,49.5,5366.0,323025.0,-5.74309833181114
2023-08-01,2869343.25,0.106,0.0054,679588.35,0.022,0.0035,106515.36,0.095,0.0036,-3.0,96.8,100.1,0.001,0.003,100.5,56.5,47.2,48.0,51.6,52.0,49.7,48.4,45.9,46.7,50.2,51.9,55.6,48.9,50.5,31279.0,329592.0,-2.35063372895717
2023-08-02,2869343.25,0.106,0.0054,679588.35,0.022,0.0035,106515.36,0.095,0.0036,-3.0,96.8,100.1,0.001,0.003,100.5,56.5,47.2,48.0,51.6,52.0,49.7,48.4,45.9,46.7,50.2,51.9,55.6,48.9,50.5,31279.0,329592.0,-2.35063372895717
2023-08-03,2869343.25,0.106,0.0054,679588.35,0.022,0.0035,106515.36,0.095,0.0036,-3.0,96.8,100.1,0.001,0.003,100.5,56.5,47.2,48.0,51.6,52.0,49.7,48.4,45.9,46.7,50.2,51.9,55.6,48.9,50.5,31279.0,329592.0,-2.35063372895717
2023-08-04,2869343.25,0.106,0.0054,679588.35,0.022,0.0035,106515.36,0.095,0.0036,-3.0,96.8,100.1,0.001,0.003,100.5,56.5,47.2,48.0,51.6,52.0,49.7,48.4,45.9,46.7,50.2,51.9,55.6,48.9,50.5,31279.0,329592.0,-2.35063372895717
2023-08-07,2869343.25,0.106,0.0054,679588.35,0.022,0.0035,106515.36,0.095,0.0036,-3.0,96.8,100.1,0.001,0.003,100.5,56.5,47.2,48.0,51.6,52.0,49.7,48.4,45.9,46.7,50.2,51.9,55.6,48.9,50.5,31279.0,329592.0,-2.35063372895717
2023-08-08,2869343.25,0.106,0.0054,679588.35,0.022,0.0035,106515.36,0.095,0.0036,-3.0,96.8,100.1,0.001,0.003,100.5,56.5,47.2,48.0,51.6,52.0,49.7,48.4,45.9,46.7,50.2,51.9,55.6,48.9,50.5,31279.0,329592.0,-2.35063372895717
2023-08-09,2869343.25,0.106,0.0054,679588.35,0.022,0.0035,106515.36,0.095,0.0036,-3.0,96.8,100.1,0.001,0.003,100.5,56.5,47.2,48.0,51.6,52.0,49.7,48.4,45.9,46.7,50.2,51.9,55.6,48.9,50.5,31279.0,329592.0,-2.35063372895717
2023-08-10,2869343.25,0.106,0.0054,679588.35,0.022,0.0035,106515.36,0.095,0.0036,-3.0,96.8,100.1,0.001,0.003,100.5,56.5,47.2,48.0,51.6,52.0,49.7,48.4,45.9,46.7,50.2,51.9,55.6,48.9,50.5,31279.0,329592.0,-2.35063372895717
2023-08-11,2869343.25,0.106,0.0054,679588.35,0.022,0.0035,106515.36,0.095,0.0036,-3.0,96.8,100.1,0.001,0.003,100.5,56.5,47.2,48.0,51.6,52.0,49.7,48.4,45.9,46.7,50.2,51.9,55.6,48.9,50.5,31279.0,329592.0,-2.35063372895717
2023-08-14,2869343.25,0.106,0.0054,679588.35,0.022,0.0035,106515.36,0.095,0.0036,-3.0,96.8,100.1,0.001,0.003,100.5,56.5,47.2,48.0,51.6,52.0,49.7,48.4,45.9,46.7,50.2,51.9,55.6,48.9,50.5,31279.0,329592.0,-2.35063372895717
2023-08-15,2869343.25,0.106,0.0054,679588.35,0.022,0.0035,106515.36,0.095,0.0036,-3.0,96.8,100.1,0.001,0.003,100.5,56.5,47.2,48.0,51.6,52.0,49.7,48.4,45.9,46.7,50.2,51.9,55.6,48.9,50.5,31279.0,329592.0,-2.35063372895717
2023-08-16,2869343.25,0.106,0.0054,679588.35,0.022,0.0035,106515.36,0.095,0.0036,-3.0,96.8,100.1,0.001,0.003,100.5,56.5,47.2,48.0,51.6,52.0,49.7,48.4,45.9,46.7,50.2,51.9,55.6,48.9,50.5,31279.0,329592.0,-2.35063372895717
2023-08-17,2869343.25,0.106,0.0054,679588.35,0.022,0.0035,106515.36,0.095,0.0036,-3.0,96.8,100.1,0.001,0.003,100.5,56.5,47.2,48.0,51.6,52.0,49.7,48.4,45.9,46.7,50.2,51.9,55.6,48.9,50.5,31279.0,329592.0,-2.35063372895717
2023-08-18,2869343.25,0.106,0.0054,679588.35,0.022,0.0035,106515.36,0.095,0.0036,-3.0,96.8,100.1,0.001,0.003,100.5,56.5,47.2,48.0,51.6,52.0,49.7,48.4,45.9,46.7,50.2,51.9,55.6,48.9,50.5,31279.0,329592.0,-2.35063372895717
2023-08-21,2869343.25,0.106,0.0054,679588.35,0.022,0.0035,106515.36,0.095,0.0036,-3.0,96.8,100.1,0.001,0.003,100.5,56.5,47.2,48.0,51.6,52.0,49.7,48.4,45.9,46.7,50.2,51.9,55.6,48.9,50.5,31279.0,329592.0,-2.35063372895717
2023-08-22,2869343.25,0.106,0.0054,679588.35,0.022,0.0035,106515.36,0.095,0.0036,-3.0,96.8,100.1,0.001,0.003,100.5,56.5,47.2,48.0,51.6,52.0,49.7,48.4,45.9,46.7,50.2,51.9,55.6,48.9,50.5,31279.0,329592.0,-2.35063372895717
2023-08-23,2869343.25,0.106,0.0054,679588.35,0.022,0.0035,106515.36,0.095,0.0036,-3.0,96.8,100.1,0.001,0.003,100.5,56.5,47.2,48.0,51.6,52.0,49.7,48.4,45.9,46.7,50.2,51.9,55.6,48.9,50.5,31279.0,329592.0,-2.35063372895717
2023-08-24,2869343.25,0.106,0.0054,679588.35,0.022,0.0035,106515.36,0.095,0.0036,-3.0,96.8,100.1,0.001,0.003,100.5,56.5,47.2,48.0,51.6,52.0,49.7,48.4,45.9,46.7,50.2,51.9,55.6,48.9,50.5,31279.0,329592.0,-2.35063372895717
2023-08-25,2869343.25,0.106,0.0054,679588.35,0.022,0.0035,106515.36,0.095,0.0036,-3.0,96.8,100.1,0.001,0.003,100.5,56.5,47.2,48.0,51.6,52.0,49.7,48.4,45.9,46.7,50.2,51.9,55.6,48.9,50.5,31279.0,329592.0,-2.35063372895717
2023-08-28,2869343.25,0.106,0.0054,679588.35,0.022,0.0035,106515.36,0.095,0.0036,-3.0,96.8,100.1,0.001,0.003,100.5,56.5,47.2,48.0,51.6,52.0,49.7,48.4,45.9,46.7,50.2,51.9,55.6,48.9,50.5,31279.0,329592.0,-2.35063372895717
2023-08-29,2869343.25,0.106,0.0054,679588.35,0.022,0.0035,106515.36,0.095,0.0036,-3.0,96.8,100.1,0.001,0.003,100.5,56.5,47.2,48.0,51.6,52.0,49.7,48.4,45.9,46.7,50.2,51.9,55.6,48.9,50.5,31279.0,329592.0,-2.35063372895717
2023-08-30,2869343.25,0.106,0.0054,679588.35,0.022,0.0035,106515.36,0.095,0.0036,-3.0,96.8,100.1,0.001,0.003,100.5,56.5,47.2,48.0,51.6,52.0,49.7,48.4,45.9,46.7,50.2,51.9,55.6,48.9,50.5,31279.0,329592.0,-2.35063372895717
2023-08-31,2869343.25,0.106,0.0054,679588.35,0.022,0.0035,106515.36,0.095,0.0036,-3.0,96.8,100.1,0.001,0.003,100.5,56.5,47.2,48.0,51.6,52.0,49.7,48.4,45.9,46.7,50.2,51.9,55.6,48.9,50.5,31279.0,329592.0,-2.35063372895717
2023-09-01,2896659.11,0.103,0.0095,678443.65,0.021,-0.0017,109253.22,0.107,0.0257,-2.5,96.9,100.0,0.0,0.002,100.4,59.4,46.7,48.1,50.8,53.5,50.2,48.5,45.3,47.8,50.5,52.7,55.5,47.6,50.7,41326.0,335507.0,-2.44365548063307
2023-09-04,2896659.11,0.103,0.0095,678443.65,0.021,-0.0017,109253.22,0.107,0.0257,-2.5,96.9,100.0,0.0,0.002,100.4,59.4,46.7,48.1,50.8,53.5,50.2,48.5,45.3,47.8,50.5,52.7,55.5,47.6,50.7,41326.0,335507.0,-2.44365548063307
2023-09-05,2896659.11,0.103,0.0095,678443.65,0.021,-0.0017,109253.22,0.107,0.0257,-2.5,96.9,100.0,0.0,0.002,100.4,59.4,46.7,48.1,50.8,53.5,50.2,48.5,45.3,47.8,50.5,52.7,55.5,47.6,50.7,41326.0,335507.0,-2.44365548063307
2023-09-06,2896659.11,0.103,0.0095,678443.65,0.021,-0.0017,109253.22,0.107,0.0257,-2.5,96.9,100.0,0.0,0.002,100.4,59.4,46.7,48.1,50.8,53.5,50.2,48.5,45.3,47.8,50.5,52.7,55.5,47.6,50.7,41326.0,335507.0,-2.44365548063307
2023-09-07,2896659.11,0.103,0.0095,678443.65,0.021,-0.0017,109253.22,0.107,0.0257,-2.5,96.9,100.0,0.0,0.002,100.4,59.4,46.7,48.1,50.8,53.5,50.2,48.5,45.3,47.8,50.5,52.7,55.5,47.6,50.7,41326.0,335507.0,-2.44365548063307
2023-09-08,2896659.11,0.103,0.0095,678443.65,0.021,-0.0017,109253.22,0.107,0.0257,-2.5,96.9,100.0,0.0,0.002,100.4,59.4,46.7,48.1,50.8,53.5,50.2,48.5,45.3,47.8,50.5,52.7,55.5,47.6,50.7,41326.0,335507.0,-2.44365548063307
2023-09-11,2896659.11,0.103,0.0095,678443.65,0.021,-0.0017,109253.22,0.107,0.0257,-2.5,96.9,100.0,0.0,0.002,100.4,59.4,46.7,48.1,50.8,53.5,50.2,48.5,45.3,47.8,50.5,52.7,55.5,47.6,50.7,41326.0,335507.0,-2.44365548063307
2023-09-12,2896659.11,0.103,0.0095,678443.65,0.021,-0.0017,109253.22,0.107,0.0257,-2.5,96.9,100.0,0.0,0.002,100.4,59.4,46.7,48.1,50.8,53.5,50.2,48.5,45.3,47.8,50.5,52.7,55.5,47.6,50.7,41326.0,335507.0,-2.44365548063307
2023-09-13,2896659.11,0.103,0.0095,678443.65,0.021,-0.0017,109253.22,0.107,0.0257,-2.5,96.9,100.0,0.0,0.002,100.4,59.4,46.7,48.1,50.8,53.5,50.2,48.5,45.3,47.8,50.5,52.7,55.5,47.6,50.7,41326.0,335507.0,-2.44365548063307
2023-09-14,2896659.11,0.103,0.0095,678443.65,0.021,-0.0017,109253.22,0.107,0.0257,-2.5,96.9,100.0,0.0,0.002,100.4,59.4,46.7,48.1,50.8,53.5,50.2,48.5,45.3,47.8,50.5,52.7,55.5,47.6,50.7,41326.0,335507.0,-2.44365548063307
2023-09-15,2896659.11,0.103,0.0095,678443.65,0.021,-0.0017,109253.22,0.107,0.0257,-2.5,96.9,100.0,0.0,0.002,100.4,59.4,46.7,48.1,50.8,53.5,50.2,48.5,45.3,47.8,50.5,52.7,55.5,47.6,50.7,41326.0,335507.0,-2.44365548063307
2023-09-18,2896659.11,0.103,0.0095,678443.65,0.021,-0.0017,109253.22,0.107,0.0257,-2.5,96.9,100.0,0.0,0.002,100.4,59.4,46.7,48.1,50.8,53.5,50.2,48.5,45.3,47.8,50.5,52.7,55.5,47.6,50.7,41326.0,335507.0,-2.44365548063307
2023-09-19,2896659.11,0.103,0.0095,678443.65,0.021,-0.0017,109253.22,0.107,0.0257,-2.5,96.9,100.0,0.0,0.002,100.4,59.4,46.7,48.1,50.8,53.5,50.2,48.5,45.3,47.8,50.5,52.7,55.5,47.6,50.7,41326.0,335507.0,-2.44365548063307
2023-09-20,2896659.11,0.103,0.0095,678443.65,0.021,-0.0017,109253.22,0.107,0.0257,-2.5,96.9,100.0,0.0,0.002,100.4,59.4,46.7,48.1,50.8,53.5,50.2,48.5,45.3,47.8,50.5,52.7,55.5,47.6,50.7,41326.0,335507.0,-2.44365548063307
2023-09-21,2896659.11,0.103,0.0095,678443.65,0.021,-0.0017,109253.22,0.107,0.0257,-2.5,96.9,100.0,0.0,0.002,100.4,59.4,46.7,48.1,50.8,53.5,50.2,48.5,45.3,47.8,50.5,52.7,55.5,47.6,50.7,41326.0,335507.0,-2.44365548063307
2023-09-22,2896659.11,0.103,0.0095,678443.65,0.021,-0.0017,109253.22,0.107,0.0257,-2.5,96.9,100.0,0.0,0.002,100.4,59.4,46.7,48.1,50.8,53.5,50.2,48.5,45.3,47.8,50.5,52.7,55.5,47.6,50.7,41326.0,335507.0,-2.44365548063307
2023-09-25,2896659.11,0.103,0.0095,678443.65,0.021,-0.0017,109253.22,0.107,0.0257,-2.5,96.9,100.0,0.0,0.002,100.4,59.4,46.7,48.1,50.8,53.5,50.2,48.5,45.3,47.8,50.5,52.7,55.5,47.6,50.7,41326.0,335507.0,-2.44365548063307
2023-09-26,2896659.11,0.103,0.0095,678443.65,0.021,-0.0017,109253.22,0.107,0.0257,-2.5,96.9,100.0,0.0,0.002,100.4,59.4,46.7,48.1,50.8,53.5,50.2,48.5,45.3,47.8,50.5,52.7,55.5,47.6,50.7,41326.0,335507.0,-2.44365548063307
2023-09-27,2896659.11,0.103,0.0095,678443.65,0.021,-0.0017,109253.22,0.107,0.0257,-2.5,96.9,100.0,0.0,0.002,100.4,59.4,46.7,48.1,50.8,53.5,50.2,48.5,45.3,47.8,50.5,52.7,55.5,47.6,50.7,41326.0,335507.0,-2.44365548063307
2023-09-28,2896659.11,0.103,0.0095,678443.65,0.021,-0.0017,109253.22,0.107,0.0257,-2.5,96.9,100.0,0.0,0.002,100.4,59.4,46.7,48.1,50.8,53.5,50.2,48.5,45.3,47.8,50.5,52.7,55.5,47.6,50.7,41326.0,335507.0,-2.44365548063307
2023-10-09,2882276.07,0.103,-0.005,674696.07,0.019,-0.0055,108565.35,0.102,-0.0063,-2.6,96.9,99.8,-0.002,-0.001,100.4,52.6,48.5,48.0,50.2,47.7,49.5,48.2,44.2,46.8,49.5,50.9,55.6,47.5,49.8,18441.0,344814.0,2.35848356482786
2023-10-10,2882276.07,0.103,-0.005,674696.07,0.019,-0.0055,108565.35,0.102,-0.0063,-2.6,96.9,99.8,-0.002,-0.001,100.4,52.6,48.5,48.0,50.2,47.7,49.5,48.2,44.2,46.8,49.5,50.9,55.6,47.5,49.8,18441.0,344814.0,2.35848356482786
2023-10-11,2882276.07,0.103,-0.005,674696.07,0.019,-0.0055,108565.35,0.102,-0.0063,-2.6,96.9,99.8,-0.002,-0.001,100.4,52.6,48.5,48.0,50.2,47.7,49.5,48.2,44.2,46.8,49.5,50.9,55.6,47.5,49.8,18441.0,344814.0,2.35848356482786
2023-10-12,2882276.07,0.103,-0.005,674696.07,0.019,-0.0055,108565.35,0.102,-0.0063,-2.6,96.9,99.8,-0.002,-0.001,100.4,52.6,48.5,48.0,50.2,47.7,49.5,48.2,44.2,46.8,49.5,50.9,55.6,47.5,49.8,18441.0,344814.0,2.35848356482786
2023-10-13,2882276.07,0.103,-0.005,674696.07,0.019,-0.0055,108565.35,0.102,-0.0063,-2.6,96.9,99.8,-0.002,-0.001,100.4,52.6,48.5,48.0,50.2,47.7,49.5,48.2,44.2,46.8,49.5,50.9,55.6,47.5,49.8,18441.0,344814.0,2.35848356482786
2023-10-16,2882276.07,0.103,-0.005,674696.07,0.019,-0.0055,108565.35,0.102,-0.0063,-2.6,96.9,99.8,-0.002,-0.001,100.4,52.6,48.5,48.0,50.2,47.7,49.5,48.2,44.2,46.8,49.5,50.9,55.6,47.5,49.8,18441.0,344814.0,2.35848356482786
2023-10-17,2882276.07,0.103,-0.005,674696.07,0.019,-0.0055,108565.35,0.102,-0.0063,-2.6,96.9,99.8,-0.002,-0.001,100.4,52.6,48.5,48.0,50.2,47.7,49.5,48.2,44.2,46.8,49.5,50.9,55.6,47.5,49.8,18441.0,344814.0,2.35848356482786
2023-10-18,2882276.07,0.103,-0.005,674696.07,0.019,-0.0055,108565.35,0.102,-0.0063,-2.6,96.9,99.8,-0.002,-0.001,100.4,52.6,48.5,48.0,50.2,47.7,49.5,48.2,44.2,46.8,49.5,50.9,55.6,47.5,49.8,18441.0,344814.0,2.35848356482786
2023-10-19,2882276.07,0.103,-0.005,674696.07,0.019,-0.0055,108565.35,0.102,-0.0063,-2.6,96.9,99.8,-0.002,-0.001,100.4,52.6,48.5,48.0,50.2,47.7,49.5,48.2,44.2,46.8,49.5,50.9,55.6,47.5,49.8,18441.0,344814.0,2.35848356482786
2023-10-20,2882276.07,0.103,-0.005,674696.07,0.019,-0.0055,108565.35,0.102,-0.0063,-2.6,96.9,99.8,-0.002,-0.001,100.4,52.6,48.5,48.0,50.2,47.7,49.5,48.2,44.2,46.8,49.5,50.9,55.6,47.5,49.8,18441.0,344814.0,2.35848356482786
2023-10-23,2882276.07,0.103,-0.005,674696.07,0.019,-0.0055,108565.35,0.102,-0.0063,-2.6,96.9,99.8,-0.002,-0.001,100.4,52.6,48.5,48.0,50.2,47.7,49.5,48.2,44.2,46.8,49.5,50.9,55.6,47.5,49.8,18441.0,344814.0,2.35848356482786
2023-10-24,2882276.07,0.103,-0.005,674696.07,0.019,-0.0055,108565.35,0.102,-0.0063,-2.6,96.9,99.8,-0.002,-0.001,100.4,52.6,48.5,48.0,50.2,47.7,49.5,48.2,44.2,46.8,49.5,50.9,55.6,47.5,49.8,18441.0,344814.0,2.35848356482786
2023-10-25,2882276.07,0.103,-0.005,674696.07,0.019,-0.0055,108565.35,0.102,-0.0063,-2.6,96.9,99.8,-0.002,-0.001,100.4,52.6,48.5,48.0,50.2,47.7,49.5,48.2,44.2,46.8,49.5,50.9,55.6,47.5,49.8,18441.0,344814.0,2.35848356482786
2023-10-26,2882276.07,0.103,-0.005,674696.07,0.019,-0.0055,108565.35,0.102,-0.0063,-2.6,96.9,99.8,-0.002,-0.001,100.4,52.6,48.5,48.0,50.2,47.7,49.5,48.2,44.2,46.8,49.5,50.9,55.6,47.5,49.8,18441.0,344814.0,2.35848356482786
2023-10-27,2882276.07,0.103,-0.005,674696.07,0.019,-0.0055,108565.35,0.102,-0.0063,-2.6,96.9,99.8,-0.002,-0.001,100.4,52.6,48.5,48.0,50.2,47.7,49.5,48.2,44.2,46.8,49.5,50.9,55.6,47.5,49.8,18441.0,344814.0,2.35848356482786
2023-10-30,2882276.07,0.103,-0.005,674696.07,0.019,-0.0055,108565.35,0.102,-0.0063,-2.6,96.9,99.8,-0.002,-0.001,100.4,52.6,48.5,48.0,50.2,47.7,49.5,48.2,44.2,46.8,49.5,50.9,55.6,47.5,49.8,18441.0,344814.0,2.35848356482786
2023-10-31,2882276.07,0.103,-0.005,674696.07,0.019,-0.0055,108565.35,0.102,-0.0063,-2.6,96.9,99.8,-0.002,-0.001,100.4,52.6,48.5,48.0,50.2,47.7,49.5,48.2,44.2,46.8,49.5,50.9,55.6,47.5,49.8,18441.0,344814.0,2.35848356482786
2023-11-01,2912014.22,0.1,0.0103,675903.41,0.013,0.0018,110225.18,0.104,0.0153,-3.0,96.9,99.5,-0.005,-0.005,100.3,50.7,48.2,48.1,50.3,48.2,49.4,48.0,44.4,46.3,49.4,50.7,55.8,47.3,49.6,24554.0,349531.0,5.68693438315448
2023-11-02,2912014.22,0.1,0.0103,675903.41,0.013,0.0018,110225.18,0.104,0.0153,-3.0,96.9,99.5,-0.005,-0.005,100.3,50.7,48.2,48.1,50.3,48.2,49.4,48.0,44.4,46.3,49.4,50.7,55.8,47.3,49.6,24554.0,349531.0,5.68693438315448
2023-11-03,2912014.22,0.1,0.0103,675903.41,0.013,0.0018,110225.18,0.104,0.0153,-3.0,96.9,99.5,-0.005,-0.005,100.3,50.7,48.2,48.1,50.3,48.2,49.4,48.0,44.4,46.3,49.4,50.7,55.8,47.3,49.6,24554.0,349531.0,5.68693438315448
2023-11-06,2912014.22,0.1,0.0103,675903.41,0.013,0.0018,110225.18,0.104,0.0153,-3.0,96.9,99.5,-0.005,-0.005,100.3,50.7,48.2,48.1,50.3,48.2,49.4,48.0,44.4,46.3,49.4,50.7,55.8,47.3,49.6,24554.0,349531.0,5.68693438315448
2023-11-07,2912014.22,0.1,0.0103,675903.41,0.013,0.0018,110225.18,0.104,0.0153,-3.0,96.9,99.5,-0.005,-0.005,100.3,50.7,48.2,48.1,50.3,48.2,49.4,48.0,44.4,46.3,49.4,50.7,55.8,47.3,49.6,24554.0,349531.0,5.68693438315448
2023-11-08,2912014.22,0.1,0.0103,675903.41,0.013,0.0018,110225.18,0.104,0.0153,-3.0,96.9,99.5,-0.005,-0.005,100.3,50.7,48.2,48.1,50.3,48.2,49.4,48.0,44.4,46.3,49.4,50.7,55.8,47.3,49.6,24554.0,349531.0,5.68693438315448
2023-11-09,2912014.22,0.1,0.0103,675903.41,0.013,0.0018,110225.18,0.104,0.0153,-3.0,96.9,99.5,-0.005,-0.005,100.3,50.7,48.2,48.1,50.3,48.2,49.4,48.0,44.4,46.3,49.4,50.7,55.8,47.3,49.6,24554.0,349531.0,5.68693438315448
2023-11-10,2912014.22,0.1,0.0103,675903.41,0.013,0.0018,110225.18,0.104,0.0153,-3.0,96.9,99.5,-0.005,-0.005,100.3,50.7,48.2,48.1,50.3,48.2,49.4,48.0,44.4,46.3,49.4,50.7,55.8,47.3,49.6,24554.0,349531.0,5.68693438315448
2023-11-13,2912014.22,0.1,0.0103,675903.41,0.013,0.0018,110225.18,0.104,0.0153,-3.0,96.9,99.5,-0.005,-0.005,100.3,50.7,48.2,48.1,50.3,48.2,49.4,48.0,44.4,46.3,49.4,50.7,55.8,47.3,49.6,24554.0,349531.0,5.68693438315448
2023-11-14,2912014.22,0.1,0.0103,675903.41,0.013,0.0018,110225.18,0.104,0.0153,-3.0,96.9,99.5,-0.005,-0.005,100.3,50.7,48.2,48.1,50.3,48.2,49.4,48.0,44.4,46.3,49.4,50.7,55.8,47.3,49.6,24554.0,349531.0,5.68693438315448
2023-11-15,2912014.22,0.1,0.0103,675903.41,0.013,0.0018,110225.18,0.104,0.0153,-3.0,96.9,99.5,-0.005,-0.005,100.3,50.7,48.2,48.1,50.3,48.2,49.4,48.0,44.4,46.3,49.4,50.7,55.8,47.3,49.6,24554.0,349531.0,5.68693438315448
2023-11-16,2912014.22,0.1,0.0103,675903.41,0.013,0.0018,110225.18,0.104,0.0153,-3.0,96.9,99.5,-0.005,-0.005,100.3,50.7,48.2,48.1,50.3,48.2,49.4,48.0,44.4,46.3,49.4,50.7,55.8,47.3,49.6,24554.0,349531.0,5.68693438315448
2023-11-17,2912014.22,0.1,0.0103,675903.41,0.013,0.0018,110225.18,0.104,0.0153,-3.0,96.9,99.5,-0.005,-0.005,100.3,50.7,48.2,48.1,50.3,48.2,49.4,48.0,44.4,46.3,49.4,50.7,55.8,47.3,49.6,24554.0,349531.0,5.68693438315448
2023-11-20,2912014.22,0.1,0.0103,675903.41,0.013,0.0018,110225.18,0.104,0.0153,-3.0,96.9,99.5,-0.005,-0.005,100.3,50.7,48.2,48.1,50.3,48.2,49.4,48.0,44.4,46.3,49.4,50.7,55.8,47.3,49.6,24554.0,349531.0,5.68693438315448
2023-11-21,2912014.22,0.1,0.0103,675903.41,0.013,0.0018,110225.18,0.104,0.0153,-3.0,96.9,99.5,-0.005,-0.005,100.3,50.7,48.2,48.1,50.3,48.2,49.4,48.0,44.4,46.3,49.4,50.7,55.8,47.3,49.6,24554.0,349531.0,5.68693438315448
2023-11-22,2912014.22,0.1,0.0103,675903.41,0.013,0.0018,110225.18,0.104,0.0153,-3.0,96.9,99.5,-0.005,-0.005,100.3,50.7,48.2,48.1,50.3,48.2,49.4,48.0,44.4,46.3,49.4,50.7,55.8,47.3,49.6,24554.0,349531.0,5.68693438315448
2023-11-23,2912014.22,0.1,0.0103,675903.41,0.013,0.0018,110225.18,0.104,0.0153,-3.0,96.9,99.5,-0.005,-0.005,100.3,50.7,48.2,48.1,50.3,48.2,49.4,48.0,44.4,46.3,49.4,50.7,55.8,47.3,49.6,24554.0,349531.0,5.68693438315448
2023-11-24,2912014.22,0.1,0.0103,675903.41,0.013,0.0018,110225.18,0.104,0.0153,-3.0,96.9,99.5,-0.005,-0.005,100.3,50.7,48.2,48.1,50.3,48.2,49.4,48.0,44.4,46.3,49.4,50.7,55.8,47.3,49.6,24554.0,349531.0,5.68693438315448
2023-11-27,2912014.22,0.1,0.0103,675903.41,0.013,0.0018,110225.18,0.104,0.0153,-3.0,96.9,99.5,-0.005,-0.005,100.3,50.7,48.2,48.1,50.3,48.2,49.4,48.0,44.4,46.3,49.4,50.7,55.8,47.3,49.6,24554.0,349531.0,5.68693438315448
2023-11-28,2912014.22,0.1,0.0103,675903.41,0.013,0.0018,110225.18,0.104,0.0153,-3.0,96.9,99.5,-0.005,-0.005,100.3,50.7,48.2,48.1,50.3,48.2,49.4,48.0,44.4,46.3,49.4,50.7,55.8,47.3,49.6,24554.0,349531.0,5.68693438315448
2023-11-29,2912014.22,0.1,0.0103,675903.41,0.013,0.0018,110225.18,0.104,0.0153,-3.0,96.9,99.5,-0.005,-0.005,100.3,50.7,48.2,48.1,50.3,48.2,49.4,48.0,44.4,46.3,49.4,50.7,55.8,47.3,49.6,24554.0,349531.0,5.68693438315448
2023-11-30,2912014.22,0.1,0.0103,675903.41,0.013,0.0018,110225.18,0.104,0.0153,-3.0,96.9,99.5,-0.005,-0.005,100.3,50.7,48.2,48.1,50.3,48.2,49.4,48.0,44.4,46.3,49.4,50.7,55.8,47.3,49.6,24554.0,349531.0,5.68693438315448
2023-12-01,2922713.33,0.097,0.0037,680542.52,0.013,0.0069,113444.64,0.083,0.0292,-2.7,97.0,99.7,-0.003,0.001,100.2,51.5,47.8,47.9,50.3,47.7,49.0,47.7,44.5,45.8,48.7,50.2,55.9,46.4,49.0,19401.0,355874.0,11.1762298538889
2023-12-04,2922713.33,0.097,0.0037,680542.52,0.013,0.0069,113444.64,0.083,0.0292,-2.7,97.0,99.7,-0.003,0.001,100.2,51.5,47.8,47.9,50.3,47.7,49.0,47.7,44.5,45.8,48.7,50.2,55.9,46.4,49.0,19401.0,355874.0,11.1762298538889
2023-12-05,2922713.33,0.097,0.0037,680542.52,0.013,0.0069,113444.64,0.083,0.0292,-2.7,97.0,99.7,-0.003,0.001,100.2,51.5,47.8,47.9,50.3,47.7,49.0,47.7,44.5,45.8,48.7,50.2,55.9,46.4,49.0,19401.0,355874.0,11.1762298538889
2023-12-06,2922713.33,0.097,0.0037,680542.52,0.013,0.0069,113444.64,0.083,0.0292,-2.7,97.0,99.7,-0.003,0.001,100.2,51.5,47.8,47.9,50.3,47.7,49.0,47.7,44.5,45.8,48.7,50.2,55.9,46.4,49.0,19401.0,355874.0,11.1762298538889
2023-12-07,2922713.33,0.097,0.0037,680542.52,0.013,0.0069,113444.64,0.083,0.0292,-2.7,97.0,99.7,-0.003,0.001,100.2,51.5,47.8,47.9,50.3,47.7,49.0,47.7,44.5,45.8,48.7,50.2,55.9,46.4,49.0,19401.0,355874.0,11.1762298538889
2023-12-08,2922713.33,0.097,0.0037,680542.52,0.013,0.0069,113444.64,0.083,0.0292,-2.7,97.0,99.7,-0.003,0.001,100.2,51.5,47.8,47.9,50.3,47.7,49.0,47.7,44.5,45.8,48.7,50.2,55.9,46.4,49.0,19401.0,355874.0,11.1762298538889
2023-12-11,2922713.33,0.097,0.0037,680542.52,0.013,0.0069,113444.64,0.083,0.0292,-2.7,97.0,99.7,-0.003,0.001,100.2,51.5,47.8,47.9,50.3,47.7,49.0,47.7,44.5,45.8,48.7,50.2,55.9,46.4,49.0,19401.0,355874.0,11.1762298538889
2023-12-12,2922713.33,0.097,0.0037,680542.52,0.013,0.0069,113444.64,0.083,0.0292,-2.7,97.0,99.7,-0.003,0.001,100.2,51.5,47.8,47.9,50.3,47.7,49.0,47.7,44.5,45.8,48.7,50.2,55.9,46.4,49.0,19401.0,355874.0,11.1762298538889
2023-12-13,2922713.33,0.097,0.0037,680542.52,0.013,0.0069,113444.64,0.083,0.0292,-2.7,97.0,99.7,-0.003,0.001,100.2,51.5,47.8,47.9,50.3,47.7,49.0,47.7,44.5,45.8,48.7,50.2,55.9,46.4,49.0,19401.0,355874.0,11.1762298538889
2023-12-14,2922713.33,0.097,0.0037,680542.52,0.013,0.0069,113444.64,0.083,0.0292,-2.7,97.0,99.7,-0.003,0.001,100.2,51.5,47.8,47.9,50.3,47.7,49.0,47.7,44.5,45.8,48.7,50.2,55.9,46.4,49.0,19401.0,355874.0,11.1762298538889
2023-12-15,2922713.33,0.097,0.0037,680542.52,0.013,0.0069,113444.64,0.083,0.0292,-2.7,97.0,99.7,-0.003,0.001,100.2,51.5,47.8,47.9,50.3,47.7,49.0,47.7,44.5,45.8,48.7,50.2,55.9,46.4,49.0,19401.0,355874.0,11.1762298538889
2023-12-18,2922713.33,0.097,0.0037,680542.52,0.013,0.0069,113444.64,0.083,0.0292,-2.7,97.0,99.7,-0.003,0.001,100.2,51.5,47.8,47.9,50.3,47.7,49.0,47.7,44.5,45.8,48.7,50.2,55.9,46.4,49.0,19401.0,355874.0,11.1762298538889
2023-12-19,2922713.33,0.097,0.0037,680542.52,0.013,0.0069,113444.64,0.083,0.0292,-2.7,97.0,99.7,-0.003,0.001,100.2,51.5,47.8,47.9,50.3,47.7,49.0,47.7,44.5,45.8,48.7,50.2,55.9,46.4,49.0,19401.0,355874.0,11.1762298538889
2023-12-20,2922713.33,0.097,0.0037,680542.52,0.013,0.0069,113444.64,0.083,0.0292,-2.7,97.0,99.7,-0.003,0.001,100.2,51.5,47.8,47.9,50.3,47.7,49.0,47.7,44.5,45.8,48.7,50.2,55.9,46.4,49.0,19401.0,355874.0,11.1762298538889
2023-12-21,2922713.33,0.097,0.0037,680542.52,0.013,0.0069,113444.64,0.083,0.0292,-2.7,97.0,99.7,-0.003,0.001,100.2,51.5,47.8,47.9,50.3,47.7,49.0,47.7,44.5,45.8,48.7,50.2,55.9,46.4,49.0,19401.0,355874.0,11.1762298538889
2023-12-22,2922713.33,0.097,0.0037,680542.52,0.013,0.0069,113444.64,0.083,0.0292,-2.7,97.0,99.7,-0.003,0.001,100.2,51.5,47.8,47.9,50.3,47.7,49.0,47.7,44.5,45.8,48.7,50.2,55.9,46.4,49.0,19401.0,355874.0,11.1762298538889
2023-12-25,2922713.33,0.097,0.0037,680542.52,0.013,0.0069,113444.64,0.083,0.0292,-2.7,97.0,99.7,-0.003,0.001,100.2,51.5,47.8,47.9,50.3,47.7,49.0,47.7,44.5,45.8,48.7,50.2,55.9,46.4,49.0,19401.0,355874.0,11.1762298538889
2023-12-26,2922713.33,0.097,0.0037,680542.52,0.013,0.0069,113444.64,0.083,0.0292,-2.7,97.0,99.7,-0.003,0.001,100.2,51.5,47.8,47.9,50.3,47.7,49.0,47.7,44.5,45.8,48.7,50.2,55.9,46.4,49.0,19401.0,355874.0,11.1762298538889
2023-12-27,2922713.33,0.097,0.0037,680542.52,0.013,0.0069,113444.64,0.083,0.0292,-2.7,97.0,99.7,-0.003,0.001,100.2,51.5,47.8,47.9,50.3,47.7,49.0,47.7,44.5,45.8,48.7,50.2,55.9,46.4,49.0,19401.0,355874.0,11.1762298538889
2023-12-28,2922713.33,0.097,0.0037,680542.52,0.013,0.0069,113444.64,0.083,0.0292,-2.7,97.0,99.7,-0.003,0.001,100.2,51.5,47.8,47.9,50.3,47.7,49.0,47.7,44.5,45.8,48.7,50.2,55.9,46.4,49.0,19401.0,355874.0,11.1762298538889
2023-12-29,2922713.33,0.097,0.0037,680542.52,0.013,0.0069,113444.64,0.083,0.0292,-2.7,97.0,99.7,-0.003,0.001,100.2,51.5,47.8,47.9,50.3,47.7,49.0,47.7,44.5,45.8,48.7,50.2,55.9,46.4,49.0,19401.0,355874.0,11.1762298538889
2024-01-02,2976250.2,0.087,0.0183,1120120.0,0.059,0.6459,121398.54,0.059,0.0701,-2.5,97.5,99.2,-0.008,0.003,99.2,50.4,49.4,47.6,50.8,47.0,49.2,47.6,44.3,47.2,49.0,51.3,54.0,46.7,49.2,64734.0,360652.0,13.3071103626813
2024-01-03,2976250.2,0.087,0.0183,1120120.0,0.059,0.6459,121398.54,0.059,0.0701,-2.5,97.5,99.2,-0.008,0.003,99.2,50.4,49.4,47.6,50.8,47.0,49.2,47.6,44.3,47.2,49.0,51.3,54.0,46.7,49.2,64734.0,360652.0,13.3071103626813
2024-01-04,2976250.2,0.087,0.0183,1120120.0,0.059,0.6459,121398.54,0.059,0.0701,-2.5,97.5,99.2,-0.008,0.003,99.2,50.4,49.4,47.6,50.8,47.0,49.2,47.6,44.3,47.2,49.0,51.3,54.0,46.7,49.2,64734.0,360652.0,13.3071103626813
2024-01-05,2976250.2,0.087,0.0183,1120120.0,0.059,0.6459,121398.54,0.059,0.0701,-2.5,97.5,99.2,-0.008,0.003,99.2,50.4,49.4,47.6,50.8,47.0,49.2,47.6,44.3,47.2,49.0,51.3,54.0,46.7,49.2,64734.0,360652.0,13.3071103626813
2024-01-08,2976250.2,0.087,0.0183,1120120.0,0.059,0.6459,121398.54,0.059,0.0701,-2.5,97.5,99.2,-0.008,0.003,99.2,50.4,49.4,47.6,50.8,47.0,49.2,47.6,44.3,47.2,49.0,51.3,54.0,46.7,49.2,64734.0,360652.0,13.3071103626813
2024-01-09,2976250.2,0.087,0.0183,1120120.0,0.059,0.6459,121398.54,0.059,0.0701,-2.5,97.5,99.2,-0.008,0.003,99.2,50.4,49.4,47.6,50.8,47.0,49.2,47.6,44.3,47.2,49.0,51.3,54.0,46.7,49.2,64734.0,360652.0,13.3071103626813
2024-01-10,2976250.2,0.087,0.0183,1120120.0,0.059,0.6459,121398.54,0.059,0.0701,-2.5,97.5,99.2,-0.008,0.003,99.2,50.4,49.4,47.6,50.8,47.0,49.2,47.6,44.3,47.2,49.0,51.3,54.0,46.7,49.2,64734.0,360652.0,13.3071103626813
2024-01-11,2976250.2,0.087,0.0183,1120120.0,0.059,0.6459,121398.54,0.059,0.0701,-2.5,97.5,99.2,-0.008,0.003,99.2,50.4,49.4,47.6,50.8,47.0,49.2,47.6,44.3,47.2,49.0,51.3,54.0,46.7,49.2,64734.0,360652.0,13.3071103626813
2024-01-12,2976250.2,0.087,0.0183,1120120.0,0.059,0.6459,121398.54,0.059,0.0701,-2.5,97.5,99.2,-0.008,0.003,99.2,50.4,49.4,47.6,50.8,47.0,49.2,47.6,44.3,47.2,49.0,51.3,54.0,46.7,49.2,64734.0,360652.0,13.3071103626813
2024-01-15,2976250.2,0.087,0.0183,1120120.0,0.059,0.6459,121398.54,0.059,0.0701,-2.5,97.5,99.2,-0.008,0.003,99.2,50.4,49.4,47.6,50.8,47.0,49.2,47.6,44.3,47.2,49.0,51.3,54.0,46.7,49.2,64734.0,360652.0,13.3071103626813
2024-01-16,2976250.2,0.087,0.0183,1120120.0,0.059,0.6459,121398.54,0.059,0.0701,-2.5,97.5,99.2,-0.008,0.003,99.2,50.4,49.4,47.6,50.8,47.0,49.2,47.6,44.3,47.2,49.0,51.3,54.0,46.7,49.2,64734.0,360652.0,13.3071103626813
2024-01-17,2976250.2,0.087,0.0183,1120120.0,0.059,0.6459,121398.54,0.059,0.0701,-2.5,97.5,99.2,-0.008,0.003,99.2,50.4,49.4,47.6,50.8,47.0,49.2,47.6,44.3,47.2,49.0,51.3,54.0,46.7,49.2,64734.0,360652.0,13.3071103626813
2024-01-18,2976250.2,0.087,0.0183,1120120.0,0.059,0.6459,121398.54,0.059,0.0701,-2.5,97.5,99.2,-0.008,0.003,99.2,50.4,49.4,47.6,50.8,47.0,49.2,47.6,44.3,47.2,49.0,51.3,54.0,46.7,49.2,64734.0,360652.0,13.3071103626813
2024-01-19,2976250.2,0.087,0.0183,1120120.0,0.059,0.6459,121398.54,0.059,0.0701,-2.5,97.5,99.2,-0.008,0.003,99.2,50.4,49.4,47.6,50.8,47.0,49.2,47.6,44.3,47.2,49.0,51.3,54.0,46.7,49.2,64734.0,360652.0,13.3071103626813
2024-01-22,2976250.2,0.087,0.0183,1120120.0,0.059,0.6459,121398.54,0.059,0.0701,-2.5,97.5,99.2,-0.008,0.003,99.2,50.4,49.4,47.6,50.8,47.0,49.2,47.6,44.3,47.2,49.0,51.3,54.0,46.7,49.2,64734.0,360652.0,13.3071103626813
2024-01-23,2976250.2,0.087,0.0183,1120120.0,0.059,0.6459,121398.54,0.059,0.0701,-2.5,97.5,99.2,-0.008,0.003,99.2,50.4,49.4,47.6,50.8,47.0,49.2,47.6,44.3,47.2,49.0,51.3,54.0,46.7,49.2,64734.0,360652.0,13.3071103626813
2024-01-24,2976250.2,0.087,0.0183,1120120.0,0.059,0.6459,121398.54,0.059,0.0701,-2.5,97.5,99.2,-0.008,0.003,99.2,50.4,49.4,47.6,50.8,47.0,49.2,47.6,44.3,47.2,49.0,51.3,54.0,46.7,49.2,64734.0,360652.0,13.3071103626813
2024-01-25,2976250.2,0.087,0.0183,1120120.0,0.059,0.6459,121398.54,0.059,0.0701,-2.5,97.5,99.2,-0.008,0.003,99.2,50.4,49.4,47.6,50.8,47.0,49.2,47.6,44.3,47.2,49.0,51.3,54.0,46.7,49.2,64734.0,360652.0,13.3071103626813
2024-01-26,2976250.2,0.087,0.0183,1120120.0,0.059,0.6459,121398.54,0.059,0.0701,-2.5,97.5,99.2,-0.008,0.003,99.2,50.4,49.4,47.6,50.8,47.0,49.2,47.6,44.3,47.2,49.0,51.3,54.0,46.7,49.2,64734.0,360652.0,13.3071103626813
2024-01-29,2976250.2,0.087,0.0183,1120120.0,0.059,0.6459,121398.54,0.059,0.0701,-2.5,97.5,99.2,-0.008,0.003,99.2,50.4,49.4,47.6,50.8,47.0,49.2,47.6,44.3,47.2,49.0,51.3,54.0,46.7,49.2,64734.0,360652.0,13.3071103626813
2024-01-30,2976250.2,0.087,0.0183,1120120.0,0.059,0.6459,121398.54,0.059,0.0701,-2.5,97.5,99.2,-0.008,0.003,99.2,50.4,49.4,47.6,50.8,47.0,49.2,47.6,44.3,47.2,49.0,51.3,54.0,46.7,49.2,64734.0,360652.0,13.3071103626813
2024-01-31,2976250.2,0.087,0.0183,1120120.0,0.059,0.6459,121398.54,0.059,0.0701,-2.5,97.5,99.2,-0.008,0.003,99.2,50.4,49.4,47.6,50.8,47.0,49.2,47.6,44.3,47.2,49.0,51.3,54.0,46.7,49.2,64734.0,360652.0,13.3071103626813
2024-02-01,2995572.97,0.087,0.0065,1093158.0,0.012,-0.0241,121009.93,0.125,-0.0032,-2.7,97.4,100.7,0.007,0.01,100.0,50.1,47.9,47.5,48.8,48.1,49.1,47.4,43.5,46.3,49.0,49.8,54.2,46.4,48.0,14959.0,344001.0,1.85499917095009
2024-02-02,2995572.97,0.087,0.0065,1093158.0,0.012,-0.0241,121009.93,0.125,-0.0032,-2.7,97.4,100.7,0.007,0.01,100.0,50.1,47.9,47.5,48.8,48.1,49.1,47.4,43.5,46.3,49.0,49.8,54.2,46.4,48.0,14959.0,344001.0,1.85499917095009
2024-02-05,2995572.97,0.087,0.0065,1093158.0,0.012,-0.0241,121009.93,0.125,-0.0032,-2.7,97.4,100.7,0.007,0.01,100.0,50.1,47.9,47.5,48.8,48.1,49.1,47.4,43.5,46.3,49.0,49.8,54.2,46.4,48.0,14959.0,344001.0,1.85499917095009
2024-02-06,2995572.97,0.087,0.0065,1093158.0,0.012,-0.0241,121009.93,0.125,-0.0032,-2.7,97.4,100.7,0.007,0.01,100.0,50.1,47.9,47.5,48.8,48.1,49.1,47.4,43.5,46.3,49.0,49.8,54.2,46.4,48.0,14959.0,344001.0,1.85499917095009
2024-02-07,2995572.97,0.087,0.0065,1093158.0,0.012,-0.0241,121009.93,0.125,-0.0032,-2.7,97.4,100.7,0.007,0.01,100.0,50.1,47.9,47.5,48.8,48.1,49.1,47.4,43.5,46.3,49.0,49.8,54.2,46.4,48.0,14959.0,344001.0,1.85499917095009
2024-02-08,2995572.97,0.087,0.0065,1093158.0,0.012,-0.0241,121009.93,0.125,-0.0032,-2.7,97.4,100.7,0.007,0.01,100.0,50.1,47.9,47.5,48.8,48.1,49.1,47.4,43.5,46.3,49.0,49.8,54.2,46.4,48.0,14959.0,344001.0,1.85499917095009
2024-02-19,2995572.97,0.087,0.0065,1093158.0,0.012,-0.0241,121009.93,0.125,-0.0032,-2.7,97.4,100.7,0.007,0.01,100.0,50.1,47.9,47.5,48.8,48.1,49.1,47.4,43.5,46.3,49.0,49.8,54.2,46.4,48.0,14959.0,344001.0,1.85499917095009
2024-02-20,2995572.97,0.087,0.0065,1093158.0,0.012,-0.0241,121009.93,0.125,-0.0032,-2.7,97.4,100.7,0.007,0.01,100.0,50.1,47.9,47.5,48.8,48.1,49.1,47.4,43.5,46.3,49.0,49.8,54.2,46.4,48.0,14959.0,344001.0,1.85499917095009
2024-02-21,2995572.97,0.087,0.0065,1093158.0,0.012,-0.0241,121009.93,0.125,-0.0032,-2.7,97.4,100.7,0.007,0.01,100.0,50.1,47.9,47.5,48.8,48.1,49.1,47.4,43.5,46.3,49.0,49.8,54.2,46.4,48.0,14959.0,344001.0,1.85499917095009
2024-02-22,2995572.97,0.087,0.0065,1093158.0,0.012,-0.0241,121009.93,0.125,-0.0032,-2.7,97.4,100.7,0.007,0.01,100.0,50.1,47.9,47.5,48.8,48.1,49.1,47.4,43.5,46.3,49.0,49.8,54.2,46.4,48.0,14959.0,344001.0,1.85499917095009
2024-02-23,2995572.97,0.087,0.0065,1093158.0,0.012,-0.0241,121009.93,0.125,-0.0032,-2.7,97.4,100.7,0.007,0.01,100.0,50.1,47.9,47.5,48.8,48.1,49.1,47.4,43.5,46.3,49.0,49.8,54.2,46.4,48.0,14959.0,344001.0,1.85499917095009
2024-02-26,2995572.97,0.087,0.0065,1093158.0,0.012,-0.0241,121009.93,0.125,-0.0032,-2.7,97.4,100.7,0.007,0.01,100.0,50.1,47.9,47.5,48.8,48.1,49.1,47.4,43.5,46.3,49.0,49.8,54.2,46.4,48.0,14959.0,344001.0,1.85499917095009
2024-02-27,2995572.97,0.087,0.0065,1093158.0,0.012,-0.0241,121009.93,0.125,-0.0032,-2.7,97.4,100.7,0.007,0.01,100.0,50.1,47.9,47.5,48.8,48.1,49.1,47.4,43.5,46.3,49.0,49.8,54.2,46.4,48.0,14959.0,344001.0,1.85499917095009
2024-02-28,2995572.97,0.087,0.0065,1093158.0,0.012,-0.0241,121009.93,0.125,-0.0032,-2.7,97.4,100.7,0.007,0.01,100.0,50.1,47.9,47.5,48.8,48.1,49.1,47.4,43.5,46.3,49.0,49.8,54.2,46.4,48.0,14959.0,344001.0,1.85499917095009
2024-02-29,2995572.97,0.087,0.0065,1093158.0,0.012,-0.0241,121009.93,0.125,-0.0032,-2.7,97.4,100.7,0.007,0.01,100.0,50.1,47.9,47.5,48.8,48.1,49.1,47.4,43.5,46.3,49.0,49.8,54.2,46.4,48.0,14959.0,344001.0,1.85499917095009
2024-03-01,3047952.16,0.083,0.0175,1117433.0,0.011,0.0222,117210.5,0.11,-0.0314,-2.8,97.3,100.1,0.001,-0.01,100.0,50.5,48.9,48.1,50.6,47.4,50.8,48.1,47.6,51.3,53.0,52.2,55.6,50.4,52.7,48335.0,338469.0,-1.90384827178456
2024-03-04,3047952.16,0.083,0.0175,1117433.0,0.011,0.0222,117210.5,0.11,-0.0314,-2.8,97.3,100.1,0.001,-0.01,100.0,50.5,48.9,48.1,50.6,47.4,50.8,48.1,47.6,51.3,53.0,52.2,55.6,50.4,52.7,48335.0,338469.0,-1.90384827178456
2024-03-05,3047952.16,0.083,0.0175,1117433.0,0.011,0.0222,117210.5,0.11,-0.0314,-2.8,97.3,100.1,0.001,-0.01,100.0,50.5,48.9,48.1,50.6,47.4,50.8,48.1,47.6,51.3,53.0,52.2,55.6,50.4,52.7,48335.0,338469.0,-1.90384827178456
2024-03-06,3047952.16,0.083,0.0175,1117433.0,0.011,0.0222,117210.5,0.11,-0.0314,-2.8,97.3,100.1,0.001,-0.01,100.0,50.5,48.9,48.1,50.6,47.4,50.8,48.1,47.6,51.3,53.0,52.2,55.6,50.4,52.7,48335.0,338469.0,-1.90384827178456
2024-03-07,3047952.16,0.083,0.0175,1117433.0,0.011,0.0222,117210.5,0.11,-0.0314,-2.8,97.3,100.1,0.001,-0.01,100.0,50.5,48.9,48.1,50.6,47.4,50.8,48.1,47.6,51.3,53.0,52.2,55.6,50.4,52.7,48335.0,338469.0,-1.90384827178456
2024-03-08,3047952.16,0.083,0.0175,1117433.0,0.011,0.0222,117210.5,0.11,-0.0314,-2.8,97.3,100.1,0.001,-0.01,100.0,50.5,48.9,48.1,50.6,47.4,50.8,48.1,47.6,51.3,53.0,52.2,55.6,50.4,52.7,48335.0,338469.0,-1.90384827178456
2024-03-11,3047952.16,0.083,0.0175,1117433.0,0.011,0.0222,117210.5,0.11,-0.0314,-2.8,97.3,100.1,0.001,-0.01,100.0,50.5,48.9,48.1,50.6,47.4,50.8,48.1,47.6,51.3,53.0,52.2,55.6,50.4,52.7,48335.0,338469.0,-1.90384827178456
2024-03-12,3047952.16,0.083,0.0175,1117433.0,0.011,0.0222,117210.5,0.11,-0.0314,-2.8,97.3,100.1,0.001,-0.01,100.0,50.5,48.9,48.1,50.6,47.4,50.8,48.1,47.6,51.3,53.0,52.2,55.6,50.4,52.7,48335.0,338469.0,-1.90384827178456
2024-03-13,3047952.16,0.083,0.0175,1117433.0,0.011,0.0222,117210.5,0.11,-0.0314,-2.8,97.3,100.1,0.001,-0.01,100.0,50.5,48.9,48.1,50.6,47.4,50.8,48.1,47.6,51.3,53.0,52.2,55.6,50.4,52.7,48335.0,338469.0,-1.90384827178456
2024-03-14,3047952.16,0.083,0.0175,1117433.0,0.011,0.0222,117210.5,0.11,-0.0314,-2.8,97.3,100.1,0.001,-0.01,100.0,50.5,48.9,48.1,50.6,47.4,50.8,48.1,47.6,51.3,53.0,52.2,55.6,50.4,52.7,48335.0,338469.0,-1.90384827178456
2024-03-15,3047952.16,0.083,0.0175,1117433.0,0.011,0.0222,117210.5,0.11,-0.0314,-2.8,97.3,100.1,0.001,-0.01,100.0,50.5,48.9,48.1,50.6,47.4,50.8,48.1,47.6,51.3,53.0,52.2,55.6,50.4,52.7,48335.0,338469.0,-1.90384827178456
2024-03-18,3047952.16,0.083,0.0175,1117433.0,0.011,0.0222,117210.5,0.11,-0.0314,-2.8,97.3,100.1,0.001,-0.01,100.0,50.5,48.9,48.1,50.6,47.4,50.8,48.1,47.6,51.3,53.0,52.2,55.6,50.4,52.7,48335.0,338469.0,-1.90384827178456
2024-03-19,3047952.16,0.083,0.0175,1117433.0,0.011,0.0222,117210.5,0.11,-0.0314,-2.8,97.3,100.1,0.001,-0.01,100.0,50.5,48.9,48.1,50.6,47.4,50.8,48.1,47.6,51.3,53.0,52.2,55.6,50.4,52.7,48335.0,338469.0,-1.90384827178456
2024-03-20,3047952.16,0.083,0.0175,1117433.0,0.011,0.0222,117210.5,0.11,-0.0314,-2.8,97.3,100.1,0.001,-0.01,100.0,50.5,48.9,48.1,50.6,47.4,50.8,48.1,47.6,51.3,53.0,52.2,55.6,50.4,52.7,48335.0,338469.0,-1.90384827178456
2024-03-21,3047952.16,0.083,0.0175,1117433.0,0.011,0.0222,117210.5,0.11,-0.0314,-2.8,97.3,100.1,0.001,-0.01,100.0,50.5,48.9,48.1,50.6,47.4,50.8,48.1,47.6,51.3,53.0,52.2,55.6,50.4,52.7,48335.0,338469.0,-1.90384827178456
2024-03-22,3047952.16,0.083,0.0175,1117433.0,0.011,0.0222,117210.5,0.11,-0.0314,-2.8,97.3,100.1,0.001,-0.01,100.0,50.5,48.9,48.1,50.6,47.4,50.8,48.1,47.6,51.3,53.0,52.2,55.6,50.4,52.7,48335.0,338469.0,-1.90384827178456
2024-03-25,3047952.16,0.083,0.0175,1117433.0,0.011,0.0222,117210.5,0.11,-0.0314,-2.8,97.3,100.1,0.001,-0.01,100.0,50.5,48.9,48.1,50.6,47.4,50.8,48.1,47.6,51.3,53.0,52.2,55.6,50.4,52.7,48335.0,338469.0,-1.90384827178456
2024-03-26,3047952.16,0.083,0.0175,1117433.0,0.011,0.0222,117210.5,0.11,-0.0314,-2.8,97.3,100.1,0.001,-0.01,100.0,50.5,48.9,48.1,50.6,47.4,50.8,48.1,47.6,51.3,53.0,52.2,55.6,50.4,52.7,48335.0,338469.0,-1.90384827178456
2024-03-27,3047952.16,0.083,0.0175,1117433.0,0.011,0.0222,117210.5,0.11,-0.0314,-2.8,97.3,100.1,0.001,-0.01,100.0,50.5,48.9,48.1,50.6,47.4,50.8,48.1,47.6,51.3,53.0,52.2,55.6,50.4,52.7,48335.0,338469.0,-1.90384827178456
2024-03-28,3047952.16,0.083,0.0175,1117433.0,0.011,0.0222,117210.5,0.11,-0.0314,-2.8,97.3,100.1,0.001,-0.01,100.0,50.5,48.9,48.1,50.6,47.4,50.8,48.1,47.6,51.3,53.0,52.2,55.6,50.4,52.7,48335.0,338469.0,-1.90384827178456
2024-03-29,3047952.16,0.083,0.0175,1117433.0,0.011,0.0222,117210.5,0.11,-0.0314,-2.8,97.3,100.1,0.001,-0.01,100.0,50.5,48.9,48.1,50.6,47.4,50.8,48.1,47.6,51.3,53.0,52.2,55.6,50.4,52.7,48335.0,338469.0,-1.90384827178456
2024-04-01,3011941.98,0.072,-0.0118,1075084.0,-0.014,-0.0379,117310.55,0.108,0.0009,-2.5,97.3,100.3,0.003,0.001,100.1,54.0,47.3,48.0,50.4,49.1,50.4,48.1,45.6,50.6,51.1,52.9,55.2,48.1,50.5,-658.0,325562.0,-6.43694677549144
2024-04-02,3011941.98,0.072,-0.0118,1075084.0,-0.014,-0.0379,117310.55,0.108,0.0009,-2.5,97.3,100.3,0.003,0.001,100.1,54.0,47.3,48.0,50.4,49.1,50.4,48.1,45.6,50.6,51.1,52.9,55.2,48.1,50.5,-658.0,325562.0,-6.43694677549144
2024-04-03,3011941.98,0.072,-0.0118,1075084.0,-0.014,-0.0379,117310.55,0.108,0.0009,-2.5,97.3,100.3,0.003,0.001,100.1,54.0,47.3,48.0,50.4,49.1,50.4,48.1,45.6,50.6,51.1,52.9,55.2,48.1,50.5,-658.0,325562.0,-6.43694677549144
2024-04-08,3011941.98,0.072,-0.0118,1075084.0,-0.014,-0.0379,117310.55,0.108,0.0009,-2.5,97.3,100.3,0.003,0.001,100.1,54.0,47.3,48.0,50.4,49.1,50.4,48.1,45.6,50.6,51.1,52.9,55.2,48.1,50.5,-658.0,325562.0,-6.43694677549144
2024-04-09,3011941.98,0.072,-0.0118,1075084.0,-0.014,-0.0379,117310.55,0.108,0.0009,-2.5,97.3,100.3,0.003,0.001,100.1,54.0,47.3,48.0,50.4,49.1,50.4,48.1,45.6,50.6,51.1,52.9,55.2,48.1,50.5,-658.0,325562.0,-6.43694677549144
2024-04-10,3011941.98,0.072,-0.0118,1075084.0,-0.014,-0.0379,117310.55,0.108,0.0009,-2.5,97.3,100.3,0.003,0.001,100.1,54.0,47.3,48.0,50.4,49.1,50.4,48.1,45.6,50.6,51.1,52.9,55.2,48.1,50.5,-658.0,325562.0,-6.43694677549144
2024-04-11,3011941.98,0.072,-0.0118,1075084.0,-0.014,-0.0379,117310.55,0.108,0.0009,-2.5,97.3,100.3,0.003,0.001,100.1,54.0,47.3,48.0,50.4,49.1,50.4,48.1,45.6,50.6,51.1,52.9,55.2,48.1,50.5,-658.0,325562.0,-6.43694677549144
2024-04-12,3011941.98,0.072,-0.0118,1075084.0,-0.014,-0.0379,117310.55,0.108,0.0009,-2.5,97.3,100.3,0.003,0.001,100.1,54.0,47.3,48.0,50.4,49.1,50.4,48.1,45.6,50.6,51.1,52.9,55.2,48.1,50.5,-658.0,325562.0,-6.43694677549144
2024-04-15,3011941.98,0.072,-0.0118,1075084.0,-0.014,-0.0379,117310.55,0.108,0.0009,-2.5,97.3,100.3,0.003,0.001,100.1,54.0,47.3,48.0,50.4,49.1,50.4,48.1,45.6,50.6,51.1,52.9,55.2,48.1,50.5,-658.0,325562.0,-6.43694677549144
2024-04-16,3011941.98,0.072,-0.0118,1075084.0,-0.014,-0.0379,117310.55,0.108,0.0009,-2.5,97.3,100.3,0.003,0.001,100.1,54.0,47.3,48.0,50.4,49.1,50.4,48.1,45.6,50.6,51.1,52.9,55.2,48.1,50.5,-658.0,325562.0,-6.43694677549144
2024-04-17,3011941.98,0.072,-0.0118,1075084.0,-0.014,-0.0379,117310.55,0.108,0.0009,-2.5,97.3,100.3,0.003,0.001,100.1,54.0,47.3,48.0,50.4,49.1,50.4,48.1,45.6,50.6,51.1,52.9,55.2,48.1,50.5,-658.0,325562.0,-6.43694677549144
2024-04-18,3011941.98,0.072,-0.0118,1075084.0,-0.014,-0.0379,117310.55,0.108,0.0009,-2.5,97.3,100.3,0.003,0.001,100.1,54.0,47.3,48.0,50.4,49.1,50.4,48.1,45.6,50.6,51.1,52.9,55.2,48.1,50.5,-658.0,325562.0,-6.43694677549144
2024-04-19,3011941.98,0.072,-0.0118,1075084.0,-0.014,-0.0379,117310.55,0.108,0.0009,-2.5,97.3,100.3,0.003,0.001,100.1,54.0,47.3,48.0,50.4,49.1,50.4,48.1,45.6,50.6,51.1,52.9,55.2,48.1,50.5,-658.0,325562.0,-6.43694677549144
2024-04-22,3011941.98,0.072,-0.0118,1075084.0,-0.014,-0.0379,117310.55,0.108,0.0009,-2.5,97.3,100.3,0.003,0.001,100.1,54.0,47.3,48.0,50.4,49.1,50.4,48.1,45.6,50.6,51.1,52.9,55.2,48.1,50.5,-658.0,325562.0,-6.43694677549144
2024-04-23,3011941.98,0.072,-0.0118,1075084.0,-0.014,-0.0379,117310.55,0.108,0.0009,-2.5,97.3,100.3,0.003,0.001,100.1,54.0,47.3,48.0,50.4,49.1,50.4,48.1,45.6,50.6,51.1,52.9,55.2,48.1,50.5,-658.0,325562.0,-6.43694677549144
2024-04-24,3011941.98,0.072,-0.0118,1075084.0,-0.014,-0.0379,117310.55,0.108,0.0009,-2.5,97.3,100.3,0.003,0.001,100.1,54.0,47.3,48.0,50.4,49.1,50.4,48.1,45.6,50.6,51.1,52.9,55.2,48.1,50.5,-658.0,325562.0,-6.43694677549144
2024-04-25,3011941.98,0.072,-0.0118,1075084.0,-0.014,-0.0379,117310.55,0.108,0.0009,-2.5,97.3,100.3,0.003,0.001,100.1,54.0,47.3,48.0,50.4,49.1,50.4,48.1,45.6,50.6,51.1,52.9,55.2,48.1,50.5,-658.0,325562.0,-6.43694677549144
2024-04-26,3011941.98,0.072,-0.0118,1075084.0,-0.014,-0.0379,117310.55,0.108,0.0009,-2.5,97.3,100.3,0.003,0.001,100.1,54.0,47.3,48.0,50.4,49.1,50.4,48.1,45.6,50.6,51.1,52.9,55.2,48.1,50.5,-658.0,325562.0,-6.43694677549144
2024-04-29,3011941.98,0.072,-0.0118,1075084.0,-0.014,-0.0379,117310.55,0.108,0.0009,-2.5,97.3,100.3,0.003,0.001,100.1,54.0,47.3,48.0,50.4,49.1,50.4,48.1,45.6,50.6,51.1,52.9,55.2,48.1,50.5,-658.0,325562.0,-6.43694677549144
2024-04-30,3011941.98,0.072,-0.0118,1075084.0,-0.014,-0.0379,117310.55,0.108,0.0009,-2.5,97.3,100.3,0.003,0.001,100.1,54.0,47.3,48.0,50.4,49.1,50.4,48.1,45.6,50.6,51.1,52.9,55.2,48.1,50.5,-658.0,325562.0,-6.43694677549144
2024-05-06,3018506.73,0.07,0.0022,1064391.0,-0.042,-0.0099,117062.72,0.117,-0.0021,-1.4,97.6,100.3,0.003,-0.001,100.1,56.9,46.5,48.1,50.1,50.4,49.5,47.8,45.3,48.3,49.6,50.8,54.3,46.8,49.3,20623.0,330625.0,-1.33689440623088
2024-05-07,3018506.73,0.07,0.0022,1064391.0,-0.042,-0.0099,117062.72,0.117,-0.0021,-1.4,97.6,100.3,0.003,-0.001,100.1,56.9,46.5,48.1,50.1,50.4,49.5,47.8,45.3,48.3,49.6,50.8,54.3,46.8,49.3,20623.0,330625.0,-1.33689440623088
2024-05-08,3018506.73,0.07,0.0022,1064391.0,-0.042,-0.0099,117062.72,0.117,-0.0021,-1.4,97.6,100.3,0.003,-0.001,100.1,56.9,46.5,48.1,50.1,50.4,49.5,47.8,45.3,48.3,49.6,50.8,54.3,46.8,49.3,20623.0,330625.0,-1.33689440623088
2024-05-09,3018506.73,0.07,0.0022,1064391.0,-0.042,-0.0099,117062.72,0.117,-0.0021,-1.4,97.6,100.3,0.003,-0.001,100.1,56.9,46.5,48.1,50.1,50.4,49.5,47.8,45.3,48.3,49.6,50.8,54.3,46.8,49.3,20623.0,330625.0,-1.33689440623088
2024-05-10,3018506.73,0.07,0.0022,1064391.0,-0.042,-0.0099,117062.72,0.117,-0.0021,-1.4,97.6,100.3,0.003,-0.001,100.1,56.9,46.5,48.1,50.1,50.4,49.5,47.8,45.3,48.3,49.6,50.8,54.3,46.8,49.3,20623.0,330625.0,-1.33689440623088
2024-05-13,3018506.73,0.07,0.0022,1064391.0,-0.042,-0.0099,117062.72,0.117,-0.0021,-1.4,97.6,100.3,0.003,-0.001,100.1,56.9,46.5,48.1,50.1,50.4,49.5,47.8,45.3,48.3,49.6,50.8,54.3,46.8,49.3,20623.0,330625.0,-1.33689440623088
2024-05-14,3018506.73,0.07,0.0022,1064391.0,-0.042,-0.0099,117062.72,0.117,-0.0021,-1.4,97.6,100.3,0.003,-0.001,100.1,56.9,46.5,48.1,50.1,50.4,49.5,47.8,45.3,48.3,49.6,50.8,54.3,46.8,49.3,20623.0,330625.0,-1.33689440623088
2024-05-15,3018506.73,0.07,0.0022,1064391.0,-0.042,-0.0099,117062.72,0.117,-0.0021,-1.4,97.6,100.3,0.003,-0.001,100.1,56.9,46.5,48.1,50.1,50.4,49.5,47.8,45.3,48.3,49.6,50.8,54.3,46.8,49.3,20623.0,330625.0,-1.33689440623088
2024-05-16,3018506.73,0.07,0.0022,1064391.0,-0.042,-0.0099,117062.72,0.117,-0.0021,-1.4,97.6,100.3,0.003,-0.001,100.1,56.9,46.5,48.1,50.1,50.4,49.5,47.8,45.3,48.3,49.6,50.8,54.3,46.8,49.3,20623.0,330625.0,-1.33689440623088
2024-05-17,3018506.73,0.07,0.0022,1064391.0,-0.042,-0.0099,117062.72,0.117,-0.0021,-1.4,97.6,100.3,0.003,-0.001,100.1,56.9,46.5,48.1,50.1,50.4,49.5,47.8,45.3,48.3,49.6,50.8,54.3,46.8,49.3,20623.0,330625.0,-1.33689440623088
2024-05-20,3018506.73,0.07,0.0022,1064391.0,-0.042,-0.0099,117062.72,0.117,-0.0021,-1.4,97.6,100.3,0.003,-0.001,100.1,56.9,46.5,48.1,50.1,50.4,49.5,47.8,45.3,48.3,49.6,50.8,54.3,46.8,49.3,20623.0,330625.0,-1.33689440623088
2024-05-21,3018506.73,0.07,0.0022,1064391.0,-0.042,-0.0099,117062.72,0.117,-0.0021,-1.4,97.6,100.3,0.003,-0.001,100.1,56.9,46.5,48.1,50.1,50.4,49.5,47.8,45.3,48.3,49.6,50.8,54.3,46.8,49.3,20623.0,330625.0,-1.33689440623088
2024-05-22,3018506.73,0.07,0.0022,1064391.0,-0.042,-0.0099,117062.72,0.117,-0.0021,-1.4,97.6,100.3,0.003,-0.001,100.1,56.9,46.5,48.1,50.1,50.4,49.5,47.8,45.3,48.3,49.6,50.8,54.3,46.8,49.3,20623.0,330625.0,-1.33689440623088
2024-05-23,3018506.73,0.07,0.0022,1064391.0,-0.042,-0.0099,117062.72,0.117,-0.0021,-1.4,97.6,100.3,0.003,-0.001,100.1,56.9,46.5,48.1,50.1,50.4,49.5,47.8,45.3,48.3,49.6,50.8,54.3,46.8,49.3,20623.0,330625.0,-1.33689440623088
2024-05-24,3018506.73,0.07,0.0022,1064391.0,-0.042,-0.0099,117062.72,0.117,-0.0021,-1.4,97.6,100.3,0.003,-0.001,100.1,56.9,46.5,48.1,50.1,50.4,49.5,47.8,45.3,48.3,49.6,50.8,54.3,46.8,49.3,20623.0,330625.0,-1.33689440623088
2024-05-27,3018506.73,0.07,0.0022,1064391.0,-0.042,-0.0099,117062.72,0.117,-0.0021,-1.4,97.6,100.3,0.003,-0.001,100.1,56.9,46.5,48.1,50.1,50.4,49.5,47.8,45.3,48.3,49.6,50.8,54.3,46.8,49.3,20623.0,330625.0,-1.33689440623088
2024-05-28,3018506.73,0.07,0.0022,1064391.0,-0.042,-0.0099,117062.72,0.117,-0.0021,-1.4,97.6,100.3,0.003,-0.001,100.1,56.9,46.5,48.1,50.1,50.4,49.5,47.8,45.3,48.3,49.6,50.8,54.3,46.8,49.3,20623.0,330625.0,-1.33689440623088
2024-05-29,3018506.73,0.07,0.0022,1064391.0,-0.042,-0.0099,117062.72,0.117,-0.0021,-1.4,97.6,100.3,0.003,-0.001,100.1,56.9,46.5,48.1,50.1,50.4,49.5,47.8,45.3,48.3,49.6,50.8,54.3,46.8,49.3,20623.0,330625.0,-1.33689440623088
2024-05-30,3018506.73,0.07,0.0022,1064391.0,-0.042,-0.0099,117062.72,0.117,-0.0021,-1.4,97.6,100.3,0.003,-0.001,100.1,56.9,46.5,48.1,50.1,50.4,49.5,47.8,45.3,48.3,49.6,50.8,54.3,46.8,49.3,20623.0,330625.0,-1.33689440623088
2024-05-31,3018506.73,0.07,0.0022,1064391.0,-0.042,-0.0099,117062.72,0.117,-0.0021,-1.4,97.6,100.3,0.003,-0.001,100.1,56.9,46.5,48.1,50.1,50.4,49.5,47.8,45.3,48.3,49.6,50.8,54.3,46.8,49.3,20623.0,330625.0,-1.33689440623088
2024-06-03,3050161.54,0.062,0.0105,1089170.0,-0.05,0.0233,117736.77,0.117,0.0058,-0.8,97.9,100.2,0.002,-0.002,100.1,51.7,48.3,48.1,49.5,47.9,49.5,47.6,45.0,48.3,49.5,50.6,54.4,46.9,48.1,32985.0,321345.0,-1.25951008468431
2024-06-04,3050161.54,0.062,0.0105,1089170.0,-0.05,0.0233,117736.77,0.117,0.0058,-0.8,97.9,100.2,0.002,-0.002,100.1,51.7,48.3,48.1,49.5,47.9,49.5,47.6,45.0,48.3,49.5,50.6,54.4,46.9,48.1,32985.0,321345.0,-1.25951008468431
2024-06-05,3050161.54,0.062,0.0105,1089170.0,-0.05,0.0233,117736.77,0.117,0.0058,-0.8,97.9,100.2,0.002,-0.002,100.1,51.7,48.3,48.1,49.5,47.9,49.5,47.6,45.0,48.3,49.5,50.6,54.4,46.9,48.1,32985.0,321345.0,-1.25951008468431
2024-06-06,3050161.54,0.062,0.0105,1089170.0,-0.05,0.0233,117736.77,0.117,0.0058,-0.8,97.9,100.2,0.002,-0.002,100.1,51.7,48.3,48.1,49.5,47.9,49.5,47.6,45.0,48.3,49.5,50.6,54.4,46.9,48.1,32985.0,321345.0,-1.25951008468431
2024-06-07,3050161.54,0.062,0.0105,1089170.0,-0.05,0.0233,117736.77,0.117,0.0058,-0.8,97.9,100.2,0.002,-0.002,100.1,51.7,48.3,48.1,49.5,47.9,49.5,47.6,45.0,48.3,49.5,50.6,54.4,46.9,48.1,32985.0,321345.0,-1.25951008468431
2024-06-11,3050161.54,0.062,0.0105,1089170.0,-0.05,0.0233,117736.77,0.117,0.0058,-0.8,97.9,100.2,0.002,-0.002,100.1,51.7,48.3,48.1,49.5,47.9,49.5,47.6,45.0,48.3,49.5,50.6,54.4,46.9,48.1,32985.0,321345.0,-1.25951008468431
2024-06-12,3050161.54,0.062,0.0105,1089170.0,-0.05,0.0233,117736.77,0.117,0.0058,-0.8,97.9,100.2,0.002,-0.002,100.1,51.7,48.3,48.1,49.5,47.9,49.5,47.6,45.0,48.3,49.5,50.6,54.4,46.9,48.1,32985.0,321345.0,-1.25951008468431
2024-06-13,3050161.54,0.062,0.0105,1089170.0,-0.05,0.0233,117736.77,0.117,0.0058,-0.8,97.9,100.2,0.002,-0.002,100.1,51.7,48.3,48.1,49.5,47.9,49.5,47.6,45.0,48.3,49.5,50.6,54.4,46.9,48.1,32985.0,321345.0,-1.25951008468431
2024-06-14,3050161.54,0.062,0.0105,1089170.0,-0.05,0.0233,117736.77,0.117,0.0058,-0.8,97.9,100.2,0.002,-0.002,100.1,51.7,48.3,48.1,49.5,47.9,49.5,47.6,45.0,48.3,49.5,50.6,54.4,46.9,48.1,32985.0,321345.0,-1.25951008468431
2024-06-17,3050161.54,0.062,0.0105,1089170.0,-0.05,0.0233,117736.77,0.117,0.0058,-0.8,97.9,100.2,0.002,-0.002,100.1,51.7,48.3,48.1,49.5,47.9,49.5,47.6,45.0,48.3,49.5,50.6,54.4,46.9,48.1,32985.0,321345.0,-1.25951008468431
2024-06-18,3050161.54,0.062,0.0105,1089170.0,-0.05,0.0233,117736.77,0.117,0.0058,-0.8,97.9,100.2,0.002,-0.002,100.1,51.7,48.3,48.1,49.5,47.9,49.5,47.6,45.0,48.3,49.5,50.6,54.4,46.9,48.1,32985.0,321345.0,-1.25951008468431
2024-06-19,3050161.54,0.062,0.0105,1089170.0,-0.05,0.0233,117736.77,0.117,0.0058,-0.8,97.9,100.2,0.002,-0.002,100.1,51.7,48.3,48.1,49.5,47.9,49.5,47.6,45.0,48.3,49.5,50.6,54.4,46.9,48.1,32985.0,321345.0,-1.25951008468431
2024-06-20,3050161.54,0.062,0.0105,1089170.0,-0.05,0.0233,117736.77,0.117,0.0058,-0.8,97.9,100.2,0.002,-0.002,100.1,51.7,48.3,48.1,49.5,47.9,49.5,47.6,45.0,48.3,49.5,50.6,54.4,46.9,48.1,32985.0,321345.0,-1.25951008468431
2024-06-21,3050161.54,0.062,0.0105,1089170.0,-0.05,0.0233,117736.77,0.117,0.0058,-0.8,97.9,100.2,0.002,-0.002,100.1,51.7,48.3,48.1,49.5,47.9,49.5,47.6,45.0,48.3,49.5,50.6,54.4,46.9,48.1,32985.0,321345.0,-1.25951008468431
2024-06-24,3050161.54,0.062,0.0105,1089170.0,-0.05,0.0233,117736.77,0.117,0.0058,-0.8,97.9,100.2,0.002,-0.002,100.1,51.7,48.3,48.1,49.5,47.9,49.5,47.6,45.0,48.3,49.5,50.6,54.4,46.9,48.1,32985.0,321345.0,-1.25951008468431
2024-06-25,3050161.54,0.062,0.0105,1089170.0,-0.05,0.0233,117736.77,0.117,0.0058,-0.8,97.9,100.2,0.002,-0.002,100.1,51.7,48.3,48.1,49.5,47.9,49.5,47.6,45.0,48.3,49.5,50.6,54.4,46.9,48.1,32985.0,321345.0,-1.25951008468431
2024-06-26,3050161.54,0.062,0.0105,1089170.0,-0.05,0.0233,117736.77,0.117,0.0058,-0.8,97.9,100.2,0.002,-0.002,100.1,51.7,48.3,48.1,49.5,47.9,49.5,47.6,45.0,48.3,49.5,50.6,54.4,46.9,48.1,32985.0,321345.0,-1.25951008468431
2024-06-27,3050161.54,0.062,0.0105,1089170.0,-0.05,0.0233,117736.77,0.117,0.0058,-0.8,97.9,100.2,0.002,-0.002,100.1,51.7,48.3,48.1,49.5,47.9,49.5,47.6,45.0,48.3,49.5,50.6,54.4,46.9,48.1,32985.0,321345.0,-1.25951008468431
2024-06-28,3050161.54,0.062,0.0105,1089170.0,-0.05,0.0233,117736.77,0.117,0.0058,-0.8,97.9,100.2,0.002,-0.002,100.1,51.7,48.3,48.1,49.5,47.9,49.5,47.6,45.0,48.3,49.5,50.6,54.4,46.9,48.1,32985.0,321345.0,-1.25951008468431
2024-07-01,3033060.78,0.063,-0.0056,1051800.0,-0.066,-0.0343,118840.46,0.12,0.0094,-0.8,98.0,100.5,0.005,0.005,100.2,49.9,47.8,48.3,49.3,46.3,49.4,47.8,45.3,48.5,49.3,50.1,53.1,47.0,48.8,7707.0,323686.0,0.204628124758144
2024-07-02,3033060.78,0.063,-0.0056,1051800.0,-0.066,-0.0343,118840.46,0.12,0.0094,-0.8,98.0,100.5,0.005,0.005,100.2,49.9,47.8,48.3,49.3,46.3,49.4,47.8,45.3,48.5,49.3,50.1,53.1,47.0,48.8,7707.0,323686.0,0.204628124758144
2024-07-03,3033060.78,0.063,-0.0056,1051800.0,-0.066,-0.0343,118840.46,0.12,0.0094,-0.8,98.0,100.5,0.005,0.005,100.2,49.9,47.8,48.3,49.3,46.3,49.4,47.8,45.3,48.5,49.3,50.1,53.1,47.0,48.8,7707.0,323686.0,0.204628124758144
2024-07-04,3033060.78,0.063,-0.0056,1051800.0,-0.066,-0.0343,118840.46,0.12,0.0094,-0.8,98.0,100.5,0.005,0.005,100.2,49.9,47.8,48.3,49.3,46.3,49.4,47.8,45.3,48.5,49.3,50.1,53.1,47.0,48.8,7707.0,323686.0,0.204628124758144
2024-07-05,3033060.78,0.063,-0.0056,1051800.0,-0.066,-0.0343,118840.46,0.12,0.0094,-0.8,98.0,100.5,0.005,0.005,100.2,49.9,47.8,48.3,49.3,46.3,49.4,47.8,45.3,48.5,49.3,50.1,53.1,47.0,48.8,7707.0,323686.0,0.204628124758144
2024-07-08,3033060.78,0.063,-0.0056,1051800.0,-0.066,-0.0343,118840.46,0.12,0.0094,-0.8,98.0,100.5,0.005,0.005,100.2,49.9,47.8,48.3,49.3,46.3,49.4,47.8,45.3,48.5,49.3,50.1,53.1,47.0,48.8,7707.0,323686.0,0.204628124758144
2024-07-09,3033060.78,0.063,-0.0056,1051800.0,-0.066,-0.0343,118840.46,0.12,0.0094,-0.8,98.0,100.5,0.005,0.005,100.2,49.9,47.8,48.3,49.3,46.3,49.4,47.8,45.3,48.5,49.3,50.1,53.1,47.0,48.8,7707.0,323686.0,0.204628124758144
2024-07-10,3033060.78,0.063,-0.0056,1051800.0,-0.066,-0.0343,118840.46,0.12,0.0094,-0.8,98.0,100.5,0.005,0.005,100.2,49.9,47.8,48.3,49.3,46.3,49.4,47.8,45.3,48.5,49.3,50.1,53.1,47.0,48.8,7707.0,323686.0,0.204628124758144
2024-07-11,3033060.78,0.063,-0.0056,1051800.0,-0.066,-0.0343,118840.46,0.12,0.0094,-0.8,98.0,100.5,0.005,0.005,100.2,49.9,47.8,48.3,49.3,46.3,49.4,47.8,45.3,48.5,49.3,50.1,53.1,47.0,48.8,7707.0,323686.0,0.204628124758144
2024-07-12,3033060.78,0.063,-0.0056,1051800.0,-0.066,-0.0343,118840.46,0.12,0.0094,-0.8,98.0,100.5,0.005,0.005,100.2,49.9,47.8,48.3,49.3,46.3,49.4,47.8,45.3,48.5,49.3,50.1,53.1,47.0,48.8,7707.0,323686.0,0.204628124758144
2024-07-15,3033060.78,0.063,-0.0056,1051800.0,-0.066,-0.0343,118840.46,0.12,0.0094,-0.8,98.0,100.5,0.005,0.005,100.2,49.9,47.8,48.3,49.3,46.3,49.4,47.8,45.3,48.5,49.3,50.1,53.1,47.0,48.8,7707.0,323686.0,0.204628124758144
2024-07-16,3033060.78,0.063,-0.0056,1051800.0,-0.066,-0.0343,118840.46,0.12,0.0094,-0.8,98.0,100.5,0.005,0.005,100.2,49.9,47.8,48.3,49.3,46.3,49.4,47.8,45.3,48.5,49.3,50.1,53.1,47.0,48.8,7707.0,323686.0,0.204628124758144
2024-07-17,3033060.78,0.063,-0.0056,1051800.0,-0.066,-0.0343,118840.46,0.12,0.0094,-0.8,98.0,100.5,0.005,0.005,100.2,49.9,47.8,48.3,49.3,46.3,49.4,47.8,45.3,48.5,49.3,50.1,53.1,47.0,48.8,7707.0,323686.0,0.204628124758144
2024-07-18,3033060.78,0.063,-0.0056,1051800.0,-0.066,-0.0343,118840.46,0.12,0.0094,-0.8,98.0,100.5,0.005,0.005,100.2,49.9,47.8,48.3,49.3,46.3,49.4,47.8,45.3,48.5,49.3,50.1,53.1,47.0,48.8,7707.0,323686.0,0.204628124758144
2024-07-19,3033060.78,0.063,-0.0056,1051800.0,-0.066,-0.0343,118840.46,0.12,0.0094,-0.8,98.0,100.5,0.005,0.005,100.2,49.9,47.8,48.3,49.3,46.3,49.4,47.8,45.3,48.5,49.3,50.1,53.1,47.0,48.8,7707.0,323686.0,0.204628124758144
2024-07-22,3033060.78,0.063,-0.0056,1051800.0,-0.066,-0.0343,118840.46,0.12,0.0094,-0.8,98.0,100.5,0.005,0.005,100.2,49.9,47.8,48.3,49.3,46.3,49.4,47.8,45.3,48.5,49.3,50.1,53.1,47.0,48.8,7707.0,323686.0,0.204628124758144
2024-07-23,3033060.78,0.063,-0.0056,1051800.0,-0.066,-0.0343,118840.46,0.12,0.0094,-0.8,98.0,100.5,0.005,0.005,100.2,49.9,47.8,48.3,49.3,46.3,49.4,47.8,45.3,48.5,49.3,50.1,53.1,47.0,48.8,7707.0,323686.0,0.204628124758144
2024-07-24,3033060.78,0.063,-0.0056,1051800.0,-0.066,-0.0343,118840.46,0.12,0.0094,-0.8,98.0,100.5,0.005,0.005,100.2,49.9,47.8,48.3,49.3,46.3,49.4,47.8,45.3,48.5,49.3,50.1,53.1,47.0,48.8,7707.0,323686.0,0.204628124758144
2024-07-25,3033060.78,0.063,-0.0056,1051800.0,-0.066,-0.0343,118840.46,0.12,0.0094,-0.8,98.0,100.5,0.005,0.005,100.2,49.9,47.8,48.3,49.3,46.3,49.4,47.8,45.3,48.5,49.3,50.1,53.1,47.0,48.8,7707.0,323686.0,0.204628124758144
2024-07-26,3033060.78,0.063,-0.0056,1051800.0,-0.066,-0.0343,118840.46,0.12,0.0094,-0.8,98.0,100.5,0.005,0.005,100.2,49.9,47.8,48.3,49.3,46.3,49.4,47.8,45.3,48.5,49.3,50.1,53.1,47.0,48.8,7707.0,323686.0,0.204628124758144
2024-07-29,3033060.78,0.063,-0.0056,1051800.0,-0.066,-0.0343,118840.46,0.12,0.0094,-0.8,98.0,100.5,0.005,0.005,100.2,49.9,47.8,48.3,49.3,46.3,49.4,47.8,45.3,48.5,49.3,50.1,53.1,47.0,48.8,7707.0,323686.0,0.204628124758144
2024-07-30,3033060.78,0.063,-0.0056,1051800.0,-0.066,-0.0343,118840.46,0.12,0.0094,-0.8,98.0,100.5,0.005,0.005,100.2,49.9,47.8,48.3,49.3,46.3,49.4,47.8,45.3,48.5,49.3,50.1,53.1,47.0,48.8,7707.0,323686.0,0.204628124758144
2024-07-31,3033060.78,0.063,-0.0056,1051800.0,-0.066,-0.0343,118840.46,0.12,0.0094,-0.8,98.0,100.5,0.005,0.005,100.2,49.9,47.8,48.3,49.3,46.3,49.4,47.8,45.3,48.5,49.3,50.1,53.1,47.0,48.8,7707.0,323686.0,0.204628124758144
2024-08-01,3050461.27,0.063,0.0057,1049684.0,-0.073,-0.002,119472.57,0.122,0.0053,-1.8,98.1,100.6,0.006,0.004,100.2,43.2,48.5,48.1,49.6,42.0,49.1,47.6,44.7,48.7,48.9,49.8,52.0,46.8,47.8,30323.0,322730.0,-2.08196800893226
2024-08-02,3050461.27,0.063,0.0057,1049684.0,-0.073,-0.002,119472.57,0.122,0.0053,-1.8,98.1,100.6,0.006,0.004,100.2,43.2,48.5,48.1,49.6,42.0,49.1,47.6,44.7,48.7,48.9,49.8,52.0,46.8,47.8,30323.0,322730.0,-2.08196800893226
2024-08-05,3050461.27,0.063,0.0057,1049684.0,-0.073,-0.002,119472.57,0.122,0.0053,-1.8,98.1,100.6,0.006,0.004,100.2,43.2,48.5,48.1,49.6,42.0,49.1,47.6,44.7,48.7,48.9,49.8,52.0,46.8,47.8,30323.0,322730.0,-2.08196800893226
2024-08-06,3050461.27,0.063,0.0057,1049684.0,-0.073,-0.002,119472.57,0.122,0.0053,-1.8,98.1,100.6,0.006,0.004,100.2,43.2,48.5,48.1,49.6,42.0,49.1,47.6,44.7,48.7,48.9,49.8,52.0,46.8,47.8,30323.0,322730.0,-2.08196800893226
2024-08-07,3050461.27,0.063,0.0057,1049684.0,-0.073,-0.002,119472.57,0.122,0.0053,-1.8,98.1,100.6,0.006,0.004,100.2,43.2,48.5,48.1,49.6,42.0,49.1,47.6,44.7,48.7,48.9,49.8,52.0,46.8,47.8,30323.0,322730.0,-2.08196800893226
2024-08-08,3050461.27,0.063,0.0057,1049684.0,-0.073,-0.002,119472.57,0.122,0.0053,-1.8,98.1,100.6,0.006,0.004,100.2,43.2,48.5,48.1,49.6,42.0,49.1,47.6,44.7,48.7,48.9,49.8,52.0,46.8,47.8,30323.0,322730.0,-2.08196800893226
2024-08-09,3050461.27,0.063,0.0057,1049684.0,-0.073,-0.002,119472.57,0.122,0.0053,-1.8,98.1,100.6,0.006,0.004,100.2,43.2,48.5,48.1,49.6,42.0,49.1,47.6,44.7,48.7,48.9,49.8,52.0,46.8,47.8,30323.0,322730.0,-2.08196800893226
2024-08-12,3050461.27,0.063,0.0057,1049684.0,-0.073,-0.002,119472.57,0.122,0.0053,-1.8,98.1,100.6,0.006,0.004,100.2,43.2,48.5,48.1,49.6,42.0,49.1,47.6,44.7,48.7,48.9,49.8,52.0,46.8,47.8,30323.0,322730.0,-2.08196800893226
2024-08-13,3050461.27,0.063,0.0057,1049684.0,-0.073,-0.002,119472.57,0.122,0.0053,-1.8,98.1,100.6,0.006,0.004,100.2,43.2,48.5,48.1,49.6,42.0,49.1,47.6,44.7,48.7,48.9,49.8,52.0,46.8,47.8,30323.0,322730.0,-2.08196800893226
2024-08-14,3050461.27,0.063,0.0057,1049684.0,-0.073,-0.002,119472.57,0.122,0.0053,-1.8,98.1,100.6,0.006,0.004,100.2,43.2,48.5,48.1,49.6,42.0,49.1,47.6,44.7,48.7,48.9,49.8,52.0,46.8,47.8,30323.0,322730.0,-2.08196800893226
2024-08-15,3050461.27,0.063,0.0057,1049684.0,-0.073,-0.002,119472.57,0.122,0.0053,-1.8,98.1,100.6,0.006,0.004,100.2,43.2,48.5,48.1,49.6,42.0,49.1,47.6,44.7,48.7,48.9,49.8,52.0,46.8,47.8,30323.0,322730.0,-2.08196800893226
2024-08-16,3050461.27,0.063,0.0057,1049684.0,-0.073,-0.002,119472.57,0.122,0.0053,-1.8,98.1,100.6,0.006,0.004,100.2,43.2,48.5,48.1,49.6,42.0,49.1,47.6,44.7,48.7,48.9,49.8,52.0,46.8,47.8,30323.0,322730.0,-2.08196800893226
2024-08-19,3050461.27,0.063,0.0057,1049684.0,-0.073,-0.002,119472.57,0.122,0.0053,-1.8,98.1,100.6,0.006,0.004,100.2,43.2,48.5,48.1,49.6,42.0,49.1,47.6,44.7,48.7,48.9,49.8,52.0,46.8,47.8,30323.0,322730.0,-2.08196800893226
2024-08-20,3050461.27,0.063,0.0057,1049684.0,-0.073,-0.002,119472.57,0.122,0.0053,-1.8,98.1,100.6,0.006,0.004,100.2,43.2,48.5,48.1,49.6,42.0,49.1,47.6,44.7,48.7,48.9,49.8,52.0,46.8,47.8,30323.0,322730.0,-2.08196800893226
2024-08-21,3050461.27,0.063,0.0057,1049684.0,-0.073,-0.002,119472.57,0.122,0.0053,-1.8,98.1,100.6,0.006,0.004,100.2,43.2,48.5,48.1,49.6,42.0,49.1,47.6,44.7,48.7,48.9,49.8,52.0,46.8,47.8,30323.0,322730.0,-2.08196800893226
2024-08-22,3050461.27,0.063,0.0057,1049684.0,-0.073,-0.002,119472.57,0.122,0.0053,-1.8,98.1,100.6,0.006,0.004,100.2,43.2,48.5,48.1,49.6,42.0,49.1,47.6,44.7,48.7,48.9,49.8,52.0,46.8,47.8,30323.0,322730.0,-2.08196800893226
2024-08-23,3050461.27,0.063,0.0057,1049684.0,-0.073,-0.002,119472.57,0.122,0.0053,-1.8,98.1,100.6,0.006,0.004,100.2,43.2,48.5,48.1,49.6,42.0,49.1,47.6,44.7,48.7,48.9,49.8,52.0,46.8,47.8,30323.0,322730.0,-2.08196800893226
2024-08-26,3050461.27,0.063,0.0057,1049684.0,-0.073,-0.002,119472.57,0.122,0.0053,-1.8,98.1,100.6,0.006,0.004,100.2,43.2,48.5,48.1,49.6,42.0,49.1,47.6,44.7,48.7,48.9,49.8,52.0,46.8,47.8,30323.0,322730.0,-2.08196800893226
2024-08-27,3050461.27,0.063,0.0057,1049684.0,-0.073,-0.002,119472.57,0.122,0.0053,-1.8,98.1,100.6,0.006,0.004,100.2,43.2,48.5,48.1,49.6,42.0,49.1,47.6,44.7,48.7,48.9,49.8,52.0,46.8,47.8,30323.0,322730.0,-2.08196800893226
2024-08-28,3050461.27,0.063,0.0057,1049684.0,-0.073,-0.002,119472.57,0.122,0.0053,-1.8,98.1,100.6,0.006,0.004,100.2,43.2,48.5,48.1,49.6,42.0,49.1,47.6,44.7,48.7,48.9,49.8,52.0,46.8,47.8,30323.0,322730.0,-2.08196800893226
2024-08-29,3050461.27,0.063,0.0057,1049684.0,-0.073,-0.002,119472.57,0.122,0.0053,-1.8,98.1,100.6,0.006,0.004,100.2,43.2,48.5,48.1,49.6,42.0,49.1,47.6,44.7,48.7,48.9,49.8,52.0,46.8,47.8,30323.0,322730.0,-2.08196800893226
2024-08-30,3050461.27,0.063,0.0057,1049684.0,-0.073,-0.002,119472.57,0.122,0.0053,-1.8,98.1,100.6,0.006,0.004,100.2,43.2,48.5,48.1,49.6,42.0,49.1,47.6,44.7,48.7,48.9,49.8,52.0,46.8,47.8,30323.0,322730.0,-2.08196800893226
2024-09-02,3094798.24,0.068,0.0145,1055410.0,-0.074,0.0055,121830.0,0.115,0.0197,-2.8,98.0,100.4,0.004,0.0,100.3,45.1,48.4,48.2,49.5,44.0,49.8,47.7,44.0,47.5,49.9,51.2,52.0,46.1,47.6,37635.0,319039.0,-4.90839237333349
2024-09-03,3094798.24,0.068,0.0145,1055410.0,-0.074,0.0055,121830.0,0.115,0.0197,-2.8,98.0,100.4,0.004,0.0,100.3,45.1,48.4,48.2,49.5,44.0,49.8,47.7,44.0,47.5,49.9,51.2,52.0,46.1,47.6,37635.0,319039.0,-4.90839237333349
2024-09-04,3094798.24,0.068,0.0145,1055410.0,-0.074,0.0055,121830.0,0.115,0.0197,-2.8,98.0,100.4,0.004,0.0,100.3,45.1,48.4,48.2,49.5,44.0,49.8,47.7,44.0,47.5,49.9,51.2,52.0,46.1,47.6,37635.0,319039.0,-4.90839237333349
2024-09-05,3094798.24,0.068,0.0145,1055410.0,-0.074,0.0055,121830.0,0.115,0.0197,-2.8,98.0,100.4,0.004,0.0,100.3,45.1,48.4,48.2,49.5,44.0,49.8,47.7,44.0,47.5,49.9,51.2,52.0,46.1,47.6,37635.0,319039.0,-4.90839237333349
2024-09-06,3094798.24,0.068,0.0145,1055410.0,-0.074,0.0055,121830.0,0.115,0.0197,-2.8,98.0,100.4,0.004,0.0,100.3,45.1,48.4,48.2,49.5,44.0,49.8,47.7,44.0,47.5,49.9,51.2,52.0,46.1,47.6,37635.0,319039.0,-4.90839237333349
2024-09-09,3094798.24,0.068,0.0145,1055410.0,-0.074,0.0055,121830.0,0.115,0.0197,-2.8,98.0,100.4,0.004,0.0,100.3,45.1,48.4,48.2,49.5,44.0,49.8,47.7,44.0,47.5,49.9,51.2,52.0,46.1,47.6,37635.0,319039.0,-4.90839237333349
2024-09-10,3094798.24,0.068,0.0145,1055410.0,-0.074,0.0055,121830.0,0.115,0.0197,-2.8,98.0,100.4,0.004,0.0,100.3,45.1,48.4,48.2,49.5,44.0,49.8,47.7,44.0,47.5,49.9,51.2,52.0,46.1,47.6,37635.0,319039.0,-4.90839237333349
2024-09-11,3094798.24,0.068,0.0145,1055410.0,-0.074,0.0055,121830.0,0.115,0.0197,-2.8,98.0,100.4,0.004,0.0,100.3,45.1,48.4,48.2,49.5,44.0,49.8,47.7,44.0,47.5,49.9,51.2,52.0,46.1,47.6,37635.0,319039.0,-4.90839237333349
2024-09-12,3094798.24,0.068,0.0145,1055410.0,-0.074,0.0055,121830.0,0.115,0.0197,-2.8,98.0,100.4,0.004,0.0,100.3,45.1,48.4,48.2,49.5,44.0,49.8,47.7,44.0,47.5,49.9,51.2,52.0,46.1,47.6,37635.0,319039.0,-4.90839237333349
2024-09-13,3094798.24,0.068,0.0145,1055410.0,-0.074,0.0055,121830.0,0.115,0.0197,-2.8,98.0,100.4,0.004,0.0,100.3,45.1,48.4,48.2,49.5,44.0,49.8,47.7,44.0,47.5,49.9,51.2,52.0,46.1,47.6,37635.0,319039.0,-4.90839237333349
2024-09-18,3094798.24,0.068,0.0145,1055410.0,-0.074,0.0055,121830.0,0.115,0.0197,-2.8,98.0,100.4,0.004,0.0,100.3,45.1,48.4,48.2,49.5,44.0,49.8,47.7,44.0,47.5,49.9,51.2,52.0,46.1,47.6,37635.0,319039.0,-4.90839237333349
2024-09-19,3094798.24,0.068,0.0145,1055410.0,-0.074,0.0055,121830.0,0.115,0.0197,-2.8,98.0,100.4,0.004,0.0,100.3,45.1,48.4,48.2,49.5,44.0,49.8,47.7,44.0,47.5,49.9,51.2,52.0,46.1,47.6,37635.0,319039.0,-4.90839237333349
2024-09-20,3094798.24,0.068,0.0145,1055410.0,-0.074,0.0055,121830.0,0.115,0.0197,-2.8,98.0,100.4,0.004,0.0,100.3,45.1,48.4,48.2,49.5,44.0,49.8,47.7,44.0,47.5,49.9,51.2,52.0,46.1,47.6,37635.0,319039.0,-4.90839237333349
2024-09-23,3094798.24,0.068,0.0145,1055410.0,-0.074,0.0055,121830.0,0.115,0.0197,-2.8,98.0,100.4,0.004,0.0,100.3,45.1,48.4,48.2,49.5,44.0,49.8,47.7,44.0,47.5,49.9,51.2,52.0,46.1,47.6,37635.0,319039.0,-4.90839237333349
2024-09-24,3094798.24,0.068,0.0145,1055410.0,-0.074,0.0055,121830.0,0.115,0.0197,-2.8,98.0,100.4,0.004,0.0,100.3,45.1,48.4,48.2,49.5,44.0,49.8,47.7,44.0,47.5,49.9,51.2,52.0,46.1,47.6,37635.0,319039.0,-4.90839237333349
2024-09-25,3094798.24,0.068,0.0145,1055410.0,-0.074,0.0055,121830.0,0.115,0.0197,-2.8,98.0,100.4,0.004,0.0,100.3,45.1,48.4,48.2,49.5,44.0,49.8,47.7,44.0,47.5,49.9,51.2,52.0,46.1,47.6,37635.0,319039.0,-4.90839237333349
2024-09-26,3094798.24,0.068,0.0145,1055410.0,-0.074,0.0055,121830.0,0.115,0.0197,-2.8,98.0,100.4,0.004,0.0,100.3,45.1,48.4,48.2,49.5,44.0,49.8,47.7,44.0,47.5,49.9,51.2,52.0,46.1,47.6,37635.0,319039.0,-4.90839237333349
2024-09-27,3094798.24,0.068,0.0145,1055410.0,-0.074,0.0055,121830.0,0.115,0.0197,-2.8,98.0,100.4,0.004,0.0,100.3,45.1,48.4,48.2,49.5,44.0,49.8,47.7,44.0,47.5,49.9,51.2,52.0,46.1,47.6,37635.0,319039.0,-4.90839237333349
2024-09-30,3094798.24,0.068,0.0145,1055410.0,-0.074,0.0055,121830.0,0.115,0.0197,-2.8,98.0,100.4,0.004,0.0,100.3,45.1,48.4,48.2,49.5,44.0,49.8,47.7,44.0,47.5,49.9,51.2,52.0,46.1,47.6,37635.0,319039.0,-4.90839237333349
2024-10-08,3097092.01,0.075,0.0007,1054884.0,-0.061,-0.0005,122447.04,0.128,0.0051,-2.9,97.8931,100.3,0.003,-0.003,100.3,53.4,46.9,48.4,49.6,49.9,50.1,48.2,45.4,47.3,50.0,52.0,54.0,47.0,49.3,14120.0,314718.0,-8.72818389044529
2024-10-09,3097092.01,0.075,0.0007,1054884.0,-0.061,-0.0005,122447.04,0.128,0.0051,-2.9,97.8931,100.3,0.003,-0.003,100.3,53.4,46.9,48.4,49.6,49.9,50.1,48.2,45.4,47.3,50.0,52.0,54.0,47.0,49.3,14120.0,314718.0,-8.72818389044529
2024-10-10,3097092.01,0.075,0.0007,1054884.0,-0.061,-0.0005,122447.04,0.128,0.0051,-2.9,97.8931,100.3,0.003,-0.003,100.3,53.4,46.9,48.4,49.6,49.9,50.1,48.2,45.4,47.3,50.0,52.0,54.0,47.0,49.3,14120.0,314718.0,-8.72818389044529
2024-10-11,3097092.01,0.075,0.0007,1054884.0,-0.061,-0.0005,122447.04,0.128,0.0051,-2.9,97.8931,100.3,0.003,-0.003,100.3,53.4,46.9,48.4,49.6,49.9,50.1,48.2,45.4,47.3,50.0,52.0,54.0,47.0,49.3,14120.0,314718.0,-8.72818389044529
2024-10-14,3097092.01,0.075,0.0007,1054884.0,-0.061,-0.0005,122447.04,0.128,0.0051,-2.9,97.8931,100.3,0.003,-0.003,100.3,53.4,46.9,48.4,49.6,49.9,50.1,48.2,45.4,47.3,50.0,52.0,54.0,47.0,49.3,14120.0,314718.0,-8.72818389044529
2024-10-15,3097092.01,0.075,0.0007,1054884.0,-0.061,-0.0005,122447.04,0.128,0.0051,-2.9,97.8931,100.3,0.003,-0.003,100.3,53.4,46.9,48.4,49.6,49.9,50.1,48.2,45.4,47.3,50.0,52.0,54.0,47.0,49.3,14120.0,314718.0,-8.72818389044529
2024-10-16,3097092.01,0.075,0.0007,1054884.0,-0.061,-0.0005,122447.04,0.128,0.0051,-2.9,97.8931,100.3,0.003,-0.003,100.3,53.4,46.9,48.4,49.6,49.9,50.1,48.2,45.4,47.3,50.0,52.0,54.0,47.0,49.3,14120.0,314718.0,-8.72818389044529
2024-10-17,3097092.01,0.075,0.0007,1054884.0,-0.061,-0.0005,122447.04,0.128,0.0051,-2.9,97.8931,100.3,0.003,-0.003,100.3,53.4,46.9,48.4,49.6,49.9,50.1,48.2,45.4,47.3,50.0,52.0,54.0,47.0,49.3,14120.0,314718.0,-8.72818389044529
2024-10-18,3097092.01,0.075,0.0007,1054884.0,-0.061,-0.0005,122447.04,0.128,0.0051,-2.9,97.8931,100.3,0.003,-0.003,100.3,53.4,46.9,48.4,49.6,49.9,50.1,48.2,45.4,47.3,50.0,52.0,54.0,47.0,49.3,14120.0,314718.0,-8.72818389044529
2024-10-21,3097092.01,0.075,0.0007,1054884.0,-0.061,-0.0005,122447.04,0.128,0.0051,-2.9,97.8931,100.3,0.003,-0.003,100.3,53.4,46.9,48.4,49.6,49.9,50.1,48.2,45.4,47.3,50.0,52.0,54.0,47.0,49.3,14120.0,314718.0,-8.72818389044529
2024-10-22,3097092.01,0.075,0.0007,1054884.0,-0.061,-0.0005,122447.04,0.128,0.0051,-2.9,97.8931,100.3,0.003,-0.003,100.3,53.4,46.9,48.4,49.6,49.9,50.1,48.2,45.4,47.3,50.0,52.0,54.0,47.0,49.3,14120.0,314718.0,-8.72818389044529
2024-10-23,3097092.01,0.075,0.0007,1054884.0,-0.061,-0.0005,122447.04,0.128,0.0051,-2.9,97.8931,100.3,0.003,-0.003,100.3,53.4,46.9,48.4,49.6,49.9,50.1,48.2,45.4,47.3,50.0,52.0,54.0,47.0,49.3,14120.0,314718.0,-8.72818389044529
2024-10-24,3097092.01,0.075,0.0007,1054884.0,-0.061,-0.0005,122447.04,0.128,0.0051,-2.9,97.8931,100.3,0.003,-0.003,100.3,53.4,46.9,48.4,49.6,49.9,50.1,48.2,45.4,47.3,50.0,52.0,54.0,47.0,49.3,14120.0,314718.0,-8.72818389044529
2024-10-25,3097092.01,0.075,0.0007,1054884.0,-0.061,-0.0005,122447.04,0.128,0.0051,-2.9,97.8931,100.3,0.003,-0.003,100.3,53.4,46.9,48.4,49.6,49.9,50.1,48.2,45.4,47.3,50.0,52.0,54.0,47.0,49.3,14120.0,314718.0,-8.72818389044529
2024-10-28,3097092.01,0.075,0.0007,1054884.0,-0.061,-0.0005,122447.04,0.128,0.0051,-2.9,97.8931,100.3,0.003,-0.003,100.3,53.4,46.9,48.4,49.6,49.9,50.1,48.2,45.4,47.3,50.0,52.0,54.0,47.0,49.3,14120.0,314718.0,-8.72818389044529
2024-10-29,3097092.01,0.075,0.0007,1054884.0,-0.061,-0.0005,122447.04,0.128,0.0051,-2.9,97.8931,100.3,0.003,-0.003,100.3,53.4,46.9,48.4,49.6,49.9,50.1,48.2,45.4,47.3,50.0,52.0,54.0,47.0,49.3,14120.0,314718.0,-8.72818389044529
2024-10-30,3097092.01,0.075,0.0007,1054884.0,-0.061,-0.0005,122447.04,0.128,0.0051,-2.9,97.8931,100.3,0.003,-0.003,100.3,53.4,46.9,48.4,49.6,49.9,50.1,48.2,45.4,47.3,50.0,52.0,54.0,47.0,49.3,14120.0,314718.0,-8.72818389044529
2024-10-31,3097092.01,0.075,0.0007,1054884.0,-0.061,-0.0005,122447.04,0.128,0.0051,-2.9,97.8931,100.3,0.003,-0.003,100.3,53.4,46.9,48.4,49.6,49.9,50.1,48.2,45.4,47.3,50.0,52.0,54.0,47.0,49.3,14120.0,314718.0,-8.72818389044529
2024-11-01,3119587.27,0.071,0.0073,1076379.0,-0.037,0.0204,124180.26,0.127,0.0142,-2.5,97.9,100.2,0.002,-0.006,100.3,49.8,47.4,48.2,50.2,47.7,50.3,48.2,45.6,48.1,50.8,52.4,54.7,47.3,51.0,23288.0,313452.0,-10.3221173515368
2024-11-04,3119587.27,0.071,0.0073,1076379.0,-0.037,0.0204,124180.26,0.127,0.0142,-2.5,97.9,100.2,0.002,-0.006,100.3,49.8,47.4,48.2,50.2,47.7,50.3,48.2,45.6,48.1,50.8,52.4,54.7,47.3,51.0,23288.0,313452.0,-10.3221173515368
2024-11-05,3119587.27,0.071,0.0073,1076379.0,-0.037,0.0204,124180.26,0.127,0.0142,-2.5,97.9,100.2,0.002,-0.006,100.3,49.8,47.4,48.2,50.2,47.7,50.3,48.2,45.6,48.1,50.8,52.4,54.7,47.3,51.0,23288.0,313452.0,-10.3221173515368
2024-11-06,3119587.27,0.071,0.0073,1076379.0,-0.037,0.0204,124180.26,0.127,0.0142,-2.5,97.9,100.2,0.002,-0.006,100.3,49.8,47.4,48.2,50.2,47.7,50.3,48.2,45.6,48.1,50.8,52.4,54.7,47.3,51.0,23288.0,313452.0,-10.3221173515368
2024-11-07,3119587.27,0.071,0.0073,1076379.0,-0.037,0.0204,124180.26,0.127,0.0142,-2.5,97.9,100.2,0.002,-0.006,100.3,49.8,47.4,48.2,50.2,47.7,50.3,48.2,45.6,48.1,50.8,52.4,54.7,47.3,51.0,23288.0,313452.0,-10.3221173515368
2024-11-08,3119587.27,0.071,0.0073,1076379.0,-0.037,0.0204,124180.26,0.127,0.0142,-2.5,97.9,100.2,0.002,-0.006,100.3,49.8,47.4,48.2,50.2,47.7,50.3,48.2,45.6,48.1,50.8,52.4,54.7,47.3,51.0,23288.0,313452.0,-10.3221173515368
2024-11-11,3119587.27,0.071,0.0073,1076379.0,-0.037,0.0204,124180.26,0.127,0.0142,-2.5,97.9,100.2,0.002,-0.006,100.3,49.8,47.4,48.2,50.2,47.7,50.3,48.2,45.6,48.1,50.8,52.4,54.7,47.3,51.0,23288.0,313452.0,-10.3221173515368
2024-11-12,3119587.27,0.071,0.0073,1076379.0,-0.037,0.0204,124180.26,0.127,0.0142,-2.5,97.9,100.2,0.002,-0.006,100.3,49.8,47.4,48.2,50.2,47.7,50.3,48.2,45.6,48.1,50.8,52.4,54.7,47.3,51.0,23288.0,313452.0,-10.3221173515368
2024-11-13,3119587.27,0.071,0.0073,1076379.0,-0.037,0.0204,124180.26,0.127,0.0142,-2.5,97.9,100.2,0.002,-0.006,100.3,49.8,47.4,48.2,50.2,47.7,50.3,48.2,45.6,48.1,50.8,52.4,54.7,47.3,51.0,23288.0,313452.0,-10.3221173515368
2024-11-14,3119587.27,0.071,0.0073,1076379.0,-0.037,0.0204,124180.26,0.127,0.0142,-2.5,97.9,100.2,0.002,-0.006,100.3,49.8,47.4,48.2,50.2,47.7,50.3,48.2,45.6,48.1,50.8,52.4,54.7,47.3,51.0,23288.0,313452.0,-10.3221173515368
2024-11-15,3119587.27,0.071,0.0073,1076379.0,-0.037,0.0204,124180.26,0.127,0.0142,-2.5,97.9,100.2,0.002,-0.006,100.3,49.8,47.4,48.2,50.2,47.7,50.3,48.2,45.6,48.1,50.8,52.4,54.7,47.3,51.0,23288.0,313452.0,-10.3221173515368
2024-11-18,3119587.27,0.071,0.0073,1076379.0,-0.037,0.0204,124180.26,0.127,0.0142,-2.5,97.9,100.2,0.002,-0.006,100.3,49.8,47.4,48.2,50.2,47.7,50.3,48.2,45.6,48.1,50.8,52.4,54.7,47.3,51.0,23288.0,313452.0,-10.3221173515368
2024-11-19,3119587.27,0.071,0.0073,1076379.0,-0.037,0.0204,124180.26,0.127,0.0142,-2.5,97.9,100.2,0.002,-0.006,100.3,49.8,47.4,48.2,50.2,47.7,50.3,48.2,45.6,48.1,50.8,52.4,54.7,47.3,51.0,23288.0,313452.0,-10.3221173515368
2024-11-20,3119587.27,0.071,0.0073,1076379.0,-0.037,0.0204,124180.26,0.127,0.0142,-2.5,97.9,100.2,0.002,-0.006,100.3,49.8,47.4,48.2,50.2,47.7,50.3,48.2,45.6,48.1,50.8,52.4,54.7,47.3,51.0,23288.0,313452.0,-10.3221173515368
2024-11-21,3119587.27,0.071,0.0073,1076379.0,-0.037,0.0204,124180.26,0.127,0.0142,-2.5,97.9,100.2,0.002,-0.006,100.3,49.8,47.4,48.2,50.2,47.7,50.3,48.2,45.6,48.1,50.8,52.4,54.7,47.3,51.0,23288.0,313452.0,-10.3221173515368
2024-11-22,3119587.27,0.071,0.0073,1076379.0,-0.037,0.0204,124180.26,0.127,0.0142,-2.5,97.9,100.2,0.002,-0.006,100.3,49.8,47.4,48.2,50.2,47.7,50.3,48.2,45.6,48.1,50.8,52.4,54.7,47.3,51.0,23288.0,313452.0,-10.3221173515368
2024-11-25,3119587.27,0.071,0.0073,1076379.0,-0.037,0.0204,124180.26,0.127,0.0142,-2.5,97.9,100.2,0.002,-0.006,100.3,49.8,47.4,48.2,50.2,47.7,50.3,48.2,45.6,48.1,50.8,52.4,54.7,47.3,51.0,23288.0,313452.0,-10.3221173515368
2024-11-26,3119587.27,0.071,0.0073,1076379.0,-0.037,0.0204,124180.26,0.127,0.0142,-2.5,97.9,100.2,0.002,-0.006,100.3,49.8,47.4,48.2,50.2,47.7,50.3,48.2,45.6,48.1,50.8,52.4,54.7,47.3,51.0,23288.0,313452.0,-10.3221173515368
2024-11-27,3119587.27,0.071,0.0073,1076379.0,-0.037,0.0204,124180.26,0.127,0.0142,-2.5,97.9,100.2,0.002,-0.006,100.3,49.8,47.4,48.2,50.2,47.7,50.3,48.2,45.6,48.1,50.8,52.4,54.7,47.3,51.0,23288.0,313452.0,-10.3221173515368
2024-11-28,3119587.27,0.071,0.0073,1076379.0,-0.037,0.0204,124180.26,0.127,0.0142,-2.5,97.9,100.2,0.002,-0.006,100.3,49.8,47.4,48.2,50.2,47.7,50.3,48.2,45.6,48.1,50.8,52.4,54.7,47.3,51.0,23288.0,313452.0,-10.3221173515368
2024-11-29,3119587.27,0.071,0.0073,1076379.0,-0.037,0.0204,124180.26,0.127,0.0142,-2.5,97.9,100.2,0.002,-0.006,100.3,49.8,47.4,48.2,50.2,47.7,50.3,48.2,45.6,48.1,50.8,52.4,54.7,47.3,51.0,23288.0,313452.0,-10.3221173515368
2024-12-02,3135322.3,0.073,0.005,1113069.0,-0.014,0.0341,128194.16,0.13,0.0323,-2.3,97.8,100.1,0.001,0.0,100.2,48.2,47.9,48.1,50.9,46.7,50.1,48.3,45.9,48.3,51.0,52.1,53.3,49.3,51.5,28507.0,322558.0,-9.36174039126207
2024-12-03,3135322.3,0.073,0.005,1113069.0,-0.014,0.0341,128194.16,0.13,0.0323,-2.3,97.8,100.1,0.001,0.0,100.2,48.2,47.9,48.1,50.9,46.7,50.1,48.3,45.9,48.3,51.0,52.1,53.3,49.3,51.5,28507.0,322558.0,-9.36174039126207
2024-12-04,3135322.3,0.073,0.005,1113069.0,-0.014,0.0341,128194.16,0.13,0.0323,-2.3,97.8,100.1,0.001,0.0,100.2,48.2,47.9,48.1,50.9,46.7,50.1,48.3,45.9,48.3,51.0,52.1,53.3,49.3,51.5,28507.0,322558.0,-9.36174039126207
2024-12-05,3135322.3,0.073,0.005,1113069.0,-0.014,0.0341,128194.16,0.13,0.0323,-2.3,97.8,100.1,0.001,0.0,100.2,48.2,47.9,48.1,50.9,46.7,50.1,48.3,45.9,48.3,51.0,52.1,53.3,49.3,51.5,28507.0,322558.0,-9.36174039126207
2024-12-06,3135322.3,0.073,0.005,1113069.0,-0.014,0.0341,128194.16,0.13,0.0323,-2.3,97.8,100.1,0.001,0.0,100.2,48.2,47.9,48.1,50.9,46.7,50.1,48.3,45.9,48.3,51.0,52.1,53.3,49.3,51.5,28507.0,322558.0,-9.36174039126207
2024-12-09,3135322.3,0.073,0.005,1113069.0,-0.014,0.0341,128194.16,0.13,0.0323,-2.3,97.8,100.1,0.001,0.0,100.2,48.2,47.9,48.1,50.9,46.7,50.1,48.3,45.9,48.3,51.0,52.1,53.3,49.3,51.5,28507.0,322558.0,-9.36174039126207
2024-12-10,3135322.3,0.073,0.005,1113069.0,-0.014,0.0341,128194.16,0.13,0.0323,-2.3,97.8,100.1,0.001,0.0,100.2,48.2,47.9,48.1,50.9,46.7,50.1,48.3,45.9,48.3,51.0,52.1,53.3,49.3,51.5,28507.0,322558.0,-9.36174039126207
2024-12-11,3135322.3,0.073,0.005,1113069.0,-0.014,0.0341,128194.16,0.13,0.0323,-2.3,97.8,100.1,0.001,0.0,100.2,48.2,47.9,48.1,50.9,46.7,50.1,48.3,45.9,48.3,51.0,52.1,53.3,49.3,51.5,28507.0,322558.0,-9.36174039126207
2024-12-12,3135322.3,0.073,0.005,1113069.0,-0.014,0.0341,128194.16,0.13,0.0323,-2.3,97.8,100.1,0.001,0.0,100.2,48.2,47.9,48.1,50.9,46.7,50.1,48.3,45.9,48.3,51.0,52.1,53.3,49.3,51.5,28507.0,322558.0,-9.36174039126207
2024-12-13,3135322.3,0.073,0.005,1113069.0,-0.014,0.0341,128194.16,0.13,0.0323,-2.3,97.8,100.1,0.001,0.0,100.2,48.2,47.9,48.1,50.9,46.7,50.1,48.3,45.9,48.3,51.0,52.1,53.3,49.3,51.5,28507.0,322558.0,-9.36174039126207
2024-12-16,3135322.3,0.073,0.005,1113069.0,-0.014,0.0341,128194.16,0.13,0.0323,-2.3,97.8,100.1,0.001,0.0,100.2,48.2,47.9,48.1,50.9,46.7,50.1,48.3,45.9,48.3,51.0,52.1,53.3,49.3,51.5,28507.0,322558.0,-9.36174039126207
2024-12-17,3135322.3,0.073,0.005,1113069.0,-0.014,0.0341,128194.16,0.13,0.0323,-2.3,97.8,100.1,0.001,0.0,100.2,48.2,47.9,48.1,50.9,46.7,50.1,48.3,45.9,48.3,51.0,52.1,53.3,49.3,51.5,28507.0,322558.0,-9.36174039126207
2024-12-18,3135322.3,0.073,0.005,1113069.0,-0.014,0.0341,128194.16,0.13,0.0323,-2.3,97.8,100.1,0.001,0.0,100.2,48.2,47.9,48.1,50.9,46.7,50.1,48.3,45.9,48.3,51.0,52.1,53.3,49.3,51.5,28507.0,322558.0,-9.36174039126207
2024-12-19,3135322.3,0.073,0.005,1113069.0,-0.014,0.0341,128194.16,0.13,0.0323,-2.3,97.8,100.1,0.001,0.0,100.2,48.2,47.9,48.1,50.9,46.7,50.1,48.3,45.9,48.3,51.0,52.1,53.3,49.3,51.5,28507.0,322558.0,-9.36174039126207
2024-12-20,3135322.3,0.073,0.005,1113069.0,-0.014,0.0341,128194.16,0.13,0.0323,-2.3,97.8,100.1,0.001,0.0,100.2,48.2,47.9,48.1,50.9,46.7,50.1,48.3,45.9,48.3,51.0,52.1,53.3,49.3,51.5,28507.0,322558.0,-9.36174039126207
2024-12-23,3135322.3,0.073,0.005,1113069.0,-0.014,0.0341,128194.16,0.13,0.0323,-2.3,97.8,100.1,0.001,0.0,100.2,48.2,47.9,48.1,50.9,46.7,50.1,48.3,45.9,48.3,51.0,52.1,53.3,49.3,51.5,28507.0,322558.0,-9.36174039126207
2024-12-24,3135322.3,0.073,0.005,1113069.0,-0.014,0.0341,128194.16,0.13,0.0323,-2.3,97.8,100.1,0.001,0.0,100.2,48.2,47.9,48.1,50.9,46.7,50.1,48.3,45.9,48.3,51.0,52.1,53.3,49.3,51.5,28507.0,322558.0,-9.36174039126207
2024-12-25,3135322.3,0.073,0.005,1113069.0,-0.014,0.0341,128194.16,0.13,0.0323,-2.3,97.8,100.1,0.001,0.0,100.2,48.2,47.9,48.1,50.9,46.7,50.1,48.3,45.9,48.3,51.0,52.1,53.3,49.3,51.5,28507.0,322558.0,-9.36174039126207
2024-12-26,3135322.3,0.073,0.005,1113069.0,-0.014,0.0341,128194.16,0.13,0.0323,-2.3,97.8,100.1,0.001,0.0,100.2,48.2,47.9,48.1,50.9,46.7,50.1,48.3,45.9,48.3,51.0,52.1,53.3,49.3,51.5,28507.0,322558.0,-9.36174039126207
2024-12-27,3135322.3,0.073,0.005,1113069.0,-0.014,0.0341,128194.16,0.13,0.0323,-2.3,97.8,100.1,0.001,0.0,100.2,48.2,47.9,48.1,50.9,46.7,50.1,48.3,45.9,48.3,51.0,52.1,53.3,49.3,51.5,28507.0,322558.0,-9.36174039126207
2024-12-30,3135322.3,0.073,0.005,1113069.0,-0.014,0.0341,128194.16,0.13,0.0323,-2.3,97.8,100.1,0.001,0.0,100.2,48.2,47.9,48.1,50.9,46.7,50.1,48.3,45.9,48.3,51.0,52.1,53.3,49.3,51.5,28507.0,322558.0,-9.36174039126207
2024-12-31,3135322.3,0.073,0.005,1113069.0,-0.014,0.0341,128194.16,0.13,0.0323,-2.3,97.8,100.1,0.001,0.0,100.2,48.2,47.9,48.1,50.9,46.7,50.1,48.3,45.9,48.3,51.0,52.1,53.3,49.3,51.5,28507.0,322558.0,-9.36174039126207
2025-01-02,3185247.18,0.07,0.0159,1124457.45,0.004,0.0102,142254.48,0.172,0.1097,-2.3,97.7,100.5,0.005,0.007,100.5,49.5,46.5,48.1,50.3,47.4,49.1,47.7,45.6,46.4,49.2,49.8,55.3,48.1,49.2,70546.0,328370.0,-8.95101094684072
2025-01-03,3185247.18,0.07,0.0159,1124457.45,0.004,0.0102,142254.48,0.172,0.1097,-2.3,97.7,100.5,0.005,0.007,100.5,49.5,46.5,48.1,50.3,47.4,49.1,47.7,45.6,46.4,49.2,49.8,55.3,48.1,49.2,70546.0,328370.0,-8.95101094684072
2025-01-06,3185247.18,0.07,0.0159,1124457.45,0.004,0.0102,142254.48,0.172,0.1097,-2.3,97.7,100.5,0.005,0.007,100.5,49.5,46.5,48.1,50.3,47.4,49.1,47.7,45.6,46.4,49.2,49.8,55.3,48.1,49.2,70546.0,328370.0,-8.95101094684072
2025-01-07,3185247.18,0.07,0.0159,1124457.45,0.004,0.0102,142254.48,0.172,0.1097,-2.3,97.7,100.5,0.005,0.007,100.5,49.5,46.5,48.1,50.3,47.4,49.1,47.7,45.6,46.4,49.2,49.8,55.3,48.1,49.2,70546.0,328370.0,-8.95101094684072
2025-01-08,3185247.18,0.07,0.0159,1124457.45,0.004,0.0102,142254.48,0.172,0.1097,-2.3,97.7,100.5,0.005,0.007,100.5,49.5,46.5,48.1,50.3,47.4,49.1,47.7,45.6,46.4,49.2,49.8,55.3,48.1,49.2,70546.0,328370.0,-8.95101094684072
2025-01-09,3185247.18,0.07,0.0159,1124457.45,0.004,0.0102,142254.48,0.172,0.1097,-2.3,97.7,100.5,0.005,0.007,100.5,49.5,46.5,48.1,50.3,47.4,49.1,47.7,45.6,46.4,49.2,49.8,55.3,48.1,49.2,70546.0,328370.0,-8.95101094684072
2025-01-10,3185247.18,0.07,0.0159,1124457.45,0.004,0.0102,142254.48,0.172,0.1097,-2.3,97.7,100.5,0.005,0.007,100.5,49.5,46.5,48.1,50.3,47.4,49.1,47.7,45.6,46.4,49.2,49.8,55.3,48.1,49.2,70546.0,328370.0,-8.95101094684072
2025-01-13,3185247.18,0.07,0.0159,1124457.45,0.004,0.0102,142254.48,0.172,0.1097,-2.3,97.7,100.5,0.005,0.007,100.5,49.5,46.5,48.1,50.3,47.4,49.1,47.7,45.6,46.4,49.2,49.8,55.3,48.1,49.2,70546.0,328370.0,-8.95101094684072
2025-01-14,3185247.18,0.07,0.0159,1124457.45,0.004,0.0102,142254.48,0.172,0.1097,-2.3,97.7,100.5,0.005,0.007,100.5,49.5,46.5,48.1,50.3,47.4,49.1,47.7,45.6,46.4,49.2,49.8,55.3,48.1,49.2,70546.0,328370.0,-8.95101094684072
2025-01-15,3185247.18,0.07,0.0159,1124457.45,0.004,0.0102,142254.48,0.172,0.1097,-2.3,97.7,100.5,0.005,0.007,100.5,49.5,46.5,48.1,50.3,47.4,49.1,47.7,45.6,46.4,49.2,49.8,55.3,48.1,49.2,70546.0,328370.0,-8.95101094684072
2025-01-16,3185247.18,0.07,0.0159,1124457.45,0.004,0.0102,142254.48,0.172,0.1097,-2.3,97.7,100.5,0.005,0.007,100.5,49.5,46.5,48.1,50.3,47.4,49.1,47.7,45.6,46.4,49.2,49.8,55.3,48.1,49.2,70546.0,328370.0,-8.95101094684072
2025-01-17,3185247.18,0.07,0.0159,1124457.45,0.004,0.0102,142254.48,0.172,0.1097,-2.3,97.7,100.5,0.005,0.007,100.5,49.5,46.5,48.1,50.3,47.4,49.1,47.7,45.6,46.4,49.2,49.8,55.3,48.1,49.2,70546.0,328370.0,-8.95101094684072
2025-01-20,3185247.18,0.07,0.0159,1124457.45,0.004,0.0102,142254.48,0.172,0.1097,-2.3,97.7,100.5,0.005,0.007,100.5,49.5,46.5,48.1,50.3,47.4,49.1,47.7,45.6,46.4,49.2,49.8,55.3,48.1,49.2,70546.0,328370.0,-8.95101094684072
2025-01-21,3185247.18,0.07,0.0159,1124457.45,0.004,0.0102,142254.48,0.172,0.1097,-2.3,97.7,100.5,0.005,0.007,100.5,49.5,46.5,48.1,50.3,47.4,49.1,47.7,45.6,46.4,49.2,49.8,55.3,48.1,49.2,70546.0,328370.0,-8.95101094684072
2025-01-22,3185247.18,0.07,0.0159,1124457.45,0.004,0.0102,142254.48,0.172,0.1097,-2.3,97.7,100.5,0.005,0.007,100.5,49.5,46.5,48.1,50.3,47.4,49.1,47.7,45.6,46.4,49.2,49.8,55.3,48.1,49.2,70546.0,328370.0,-8.95101094684072
2025-01-23,3185247.18,0.07,0.0159,1124457.45,0.004,0.0102,142254.48,0.172,0.1097,-2.3,97.7,100.5,0.005,0.007,100.5,49.5,46.5,48.1,50.3,47.4,49.1,47.7,45.6,46.4,49.2,49.8,55.3,48.1,49.2,70546.0,328370.0,-8.95101094684072
2025-01-24,3185247.18,0.07,0.0159,1124457.45,0.004,0.0102,142254.48,0.172,0.1097,-2.3,97.7,100.5,0.005,0.007,100.5,49.5,46.5,48.1,50.3,47.4,49.1,47.7,45.6,46.4,49.2,49.8,55.3,48.1,49.2,70546.0,328370.0,-8.95101094684072
2025-01-27,3185247.18,0.07,0.0159,1124457.45,0.004,0.0102,142254.48,0.172,0.1097,-2.3,97.7,100.5,0.005,0.007,100.5,49.5,46.5,48.1,50.3,47.4,49.1,47.7,45.6,46.4,49.2,49.8,55.3,48.1,49.2,70546.0,328370.0,-8.95101094684072
2025-02-05,3205173.24,0.07,0.0063,1094370.01,0.001,-0.0268,132756.61,0.097,-0.0668,-2.2,97.8,99.3,-0.007,-0.002,99.9,50.8,48.3,48.6,51.0,48.5,50.2,47.0,46.0,48.6,51.1,52.5,54.5,49.5,52.1,22331.0,335742.0,-2.40086511376421
2025-02-06,3205173.24,0.07,0.0063,1094370.01,0.001,-0.0268,132756.61,0.097,-0.0668,-2.2,97.8,99.3,-0.007,-0.002,99.9,50.8,48.3,48.6,51.0,48.5,50.2,47.0,46.0,48.6,51.1,52.5,54.5,49.5,52.1,22331.0,335742.0,-2.40086511376421
2025-02-07,3205173.24,0.07,0.0063,1094370.01,0.001,-0.0268,132756.61,0.097,-0.0668,-2.2,97.8,99.3,-0.007,-0.002,99.9,50.8,48.3,48.6,51.0,48.5,50.2,47.0,46.0,48.6,51.1,52.5,54.5,49.5,52.1,22331.0,335742.0,-2.40086511376421
2025-02-10,3205173.24,0.07,0.0063,1094370.01,0.001,-0.0268,132756.61,0.097,-0.0668,-2.2,97.8,99.3,-0.007,-0.002,99.9,50.8,48.3,48.6,51.0,48.5,50.2,47.0,46.0,48.6,51.1,52.5,54.5,49.5,52.1,22331.0,335742.0,-2.40086511376421
2025-02-11,3205173.24,0.07,0.0063,1094370.01,0.001,-0.0268,132756.61,0.097,-0.0668,-2.2,97.8,99.3,-0.007,-0.002,99.9,50.8,48.3,48.6,51.0,48.5,50.2,47.0,46.0,48.6,51.1,52.5,54.5,49.5,52.1,22331.0,335742.0,-2.40086511376421
2025-02-12,3205173.24,0.07,0.0063,1094370.01,0.001,-0.0268,132756.61,0.097,-0.0668,-2.2,97.8,99.3,-0.007,-0.002,99.9,50.8,48.3,48.6,51.0,48.5,50.2,47.0,46.0,48.6,51.1,52.5,54.5,49.5,52.1,22331.0,335742.0,-2.40086511376421
2025-02-13,3205173.24,0.07,0.0063,1094370.01,0.001,-0.0268,132756.61,0.097,-0.0668,-2.2,97.8,99.3,-0.007,-0.002,99.9,50.8,48.3,48.6,51.0,48.5,50.2,47.0,46.0,48.6,51.1,52.5,54.5,49.5,52.1,22331.0,335742.0,-2.40086511376421
2025-02-14,3205173.24,0.07,0.0063,1094370.01,0.001,-0.0268,132756.61,0.097,-0.0668,-2.2,97.8,99.3,-0.007,-0.002,99.9,50.8,48.3,48.6,51.0,48.5,50.2,47.0,46.0,48.6,51.1,52.5,54.5,49.5,52.1,22331.0,335742.0,-2.40086511376421
2025-02-17,3205173.24,0.07,0.0063,1094370.01,0.001,-0.0268,132756.61,0.097,-0.0668,-2.2,97.8,99.3,-0.007,-0.002,99.9,50.8,48.3,48.6,51.0,48.5,50.2,47.0,46.0,48.6,51.1,52.5,54.5,49.5,52.1,22331.0,335742.0,-2.40086511376421
2025-02-18,3205173.24,0.07,0.0063,1094370.01,0.001,-0.0268,132756.61,0.097,-0.0668,-2.2,97.8,99.3,-0.007,-0.002,99.9,50.8,48.3,48.6,51.0,48.5,50.2,47.0,46.0,48.6,51.1,52.5,54.5,49.5,52.1,22331.0,335742.0,-2.40086511376421
2025-02-19,3205173.24,0.07,0.0063,1094370.01,0.001,-0.0268,132756.61,0.097,-0.0668,-2.2,97.8,99.3,-0.007,-0.002,99.9,50.8,48.3,48.6,51.0,48.5,50.2,47.0,46.0,48.6,51.1,52.5,54.5,49.5,52.1,22331.0,335742.0,-2.40086511376421
2025-02-20,3205173.24,0.07,0.0063,1094370.01,0.001,-0.0268,132756.61,0.097,-0.0668,-2.2,97.8,99.3,-0.007,-0.002,99.9,50.8,48.3,48.6,51.0,48.5,50.2,47.0,46.0,48.6,51.1,52.5,54.5,49.5,52.1,22331.0,335742.0,-2.40086511376421
2025-02-21,3205173.24,0.07,0.0063,1094370.01,0.001,-0.0268,132756.61,0.097,-0.0668,-2.2,97.8,99.3,-0.007,-0.002,99.9,50.8,48.3,48.6,51.0,48.5,50.2,47.0,46.0,48.6,51.1,52.5,54.5,49.5,52.1,22331.0,335742.0,-2.40086511376421
2025-02-24,3205173.24,0.07,0.0063,1094370.01,0.001,-0.0268,132756.61,0.097,-0.0668,-2.2,97.8,99.3,-0.007,-0.002,99.9,50.8,48.3,48.6,51.0,48.5,50.2,47.0,46.0,48.6,51.1,52.5,54.5,49.5,52.1,22331.0,335742.0,-2.40086511376421
2025-02-25,3205173.24,0.07,0.0063,1094370.01,0.001,-0.0268,132756.61,0.097,-0.0668,-2.2,97.8,99.3,-0.007,-0.002,99.9,50.8,48.3,48.6,51.0,48.5,50.2,47.0,46.0,48.6,51.1,52.5,54.5,49.5,52.1,22331.0,335742.0,-2.40086511376421
2025-02-26,3205173.24,0.07,0.0063,1094370.01,0.001,-0.0268,132756.61,0.097,-0.0668,-2.2,97.8,99.3,-0.007,-0.002,99.9,50.8,48.3,48.6,51.0,48.5,50.2,47.0,46.0,48.6,51.1,52.5,54.5,49.5,52.1,22331.0,335742.0,-2.40086511376421
2025-02-27,3205173.24,0.07,0.0063,1094370.01,0.001,-0.0268,132756.61,0.097,-0.0668,-2.2,97.8,99.3,-0.007,-0.002,99.9,50.8,48.3,48.6,51.0,48.5,50.2,47.0,46.0,48.6,51.1,52.5,54.5,49.5,52.1,22331.0,335742.0,-2.40086511376421
2025-02-28,3205173.24,0.07,0.0063,1094370.01,0.001,-0.0268,132756.61,0.097,-0.0668,-2.2,97.8,99.3,-0.007,-0.002,99.9,50.8,48.3,48.6,51.0,48.5,50.2,47.0,46.0,48.6,51.1,52.5,54.5,49.5,52.1,22331.0,335742.0,-2.40086511376421
2025-03-03,3260554.57,0.07,0.0173,1134863.1,0.016,0.037,130691.86,0.115,-0.0156,-2.5,97.7,99.9,-0.001,-0.004,99.9,49.8,48.0,48.2,50.3,47.9,50.5,47.2,45.6,49.0,51.8,52.6,53.8,47.5,51.8,58961.0,346368.0,2.33374400609805
2025-03-04,3260554.57,0.07,0.0173,1134863.1,0.016,0.037,130691.86,0.115,-0.0156,-2.5,97.7,99.9,-0.001,-0.004,99.9,49.8,48.0,48.2,50.3,47.9,50.5,47.2,45.6,49.0,51.8,52.6,53.8,47.5,51.8,58961.0,346368.0,2.33374400609805
2025-03-05,3260554.57,0.07,0.0173,1134863.1,0.016,0.037,130691.86,0.115,-0.0156,-2.5,97.7,99.9,-0.001,-0.004,99.9,49.8,48.0,48.2,50.3,47.9,50.5,47.2,45.6,49.0,51.8,52.6,53.8,47.5,51.8,58961.0,346368.0,2.33374400609805
2025-03-06,3260554.57,0.07,0.0173,1134863.1,0.016,0.037,130691.86,0.115,-0.0156,-2.5,97.7,99.9,-0.001,-0.004,99.9,49.8,48.0,48.2,50.3,47.9,50.5,47.2,45.6,49.0,51.8,52.6,53.8,47.5,51.8,58961.0,346368.0,2.33374400609805
2025-03-07,3260554.57,0.07,0.0173,1134863.1,0.016,0.037,130691.86,0.115,-0.0156,-2.5,97.7,99.9,-0.001,-0.004,99.9,49.8,48.0,48.2,50.3,47.9,50.5,47.2,45.6,49.0,51.8,52.6,53.8,47.5,51.8,58961.0,346368.0,2.33374400609805
2025-03-10,3260554.57,0.07,0.0173,1134863.1,0.016,0.037,130691.86,0.115,-0.0156,-2.5,97.7,99.9,-0.001,-0.004,99.9,49.8,48.0,48.2,50.3,47.9,50.5,47.2,45.6,49.0,51.8,52.6,53.8,47.5,51.8,58961.0,346368.0,2.33374400609805
2025-03-11,3260554.57,0.07,0.0173,1134863.1,0.016,0.037,130691.86,0.115,-0.0156,-2.5,97.7,99.9,-0.001,-0.004,99.9,49.8,48.0,48.2,50.3,47.9,50.5,47.2,45.6,49.0,51.8,52.6,53.8,47.5,51.8,58961.0,346368.0,2.33374400609805
2025-03-12,3260554.57,0.07,0.0173,1134863.1,0.016,0.037,130691.86,0.115,-0.0156,-2.5,97.7,99.9,-0.001,-0.004,99.9,49.8,48.0,48.2,50.3,47.9,50.5,47.2,45.6,49.0,51.8,52.6,53.8,47.5,51.8,58961.0,346368.0,2.33374400609805
2025-03-13,3260554.57,0.07,0.0173,1134863.1,0.016,0.037,130691.86,0.115,-0.0156,-2.5,97.7,99.9,-0.001,-0.004,99.9,49.8,48.0,48.2,50.3,47.9,50.5,47.2,45.6,49.0,51.8,52.6,53.8,47.5,51.8,58961.0,346368.0,2.33374400609805
2025-03-14,3260554.57,0.07,0.0173,1134863.1,0.016,0.037,130691.86,0.115,-0.0156,-2.5,97.7,99.9,-0.001,-0.004,99.9,49.8,48.0,48.2,50.3,47.9,50.5,47.2,45.6,49.0,51.8,52.6,53.8,47.5,51.8,58961.0,346368.0,2.33374400609805
2025-03-17,3260554.57,0.07,0.0173,1134863.1,0.016,0.037,130691.86,0.115,-0.0156,-2.5,97.7,99.9,-0.001,-0.004,99.9,49.8,48.0,48.2,50.3,47.9,50.5,47.2,45.6,49.0,51.8,52.6,53.8,47.5,51.8,58961.0,346368.0,2.33374400609805
2025-03-18,3260554.57,0.07,0.0173,1134863.1,0.016,0.037,130691.86,0.115,-0.0156,-2.5,97.7,99.9,-0.001,-0.004,99.9,49.8,48.0,48.2,50.3,47.9,50.5,47.2,45.6,49.0,51.8,52.6,53.8,47.5,51.8,58961.0,346368.0,2.33374400609805
2025-03-19,3260554.57,0.07,0.0173,1134863.1,0.016,0.037,130691.86,0.115,-0.0156,-2.5,97.7,99.9,-0.001,-0.004,99.9,49.8,48.0,48.2,50.3,47.9,50.5,47.2,45.6,49.0,51.8,52.6,53.8,47.5,51.8,58961.0,346368.0,2.33374400609805
2025-03-20,3260554.57,0.07,0.0173,1134863.1,0.016,0.037,130691.86,0.115,-0.0156,-2.5,97.7,99.9,-0.001,-0.004,99.9,49.8,48.0,48.2,50.3,47.9,50.5,47.2,45.6,49.0,51.8,52.6,53.8,47.5,51.8,58961.0,346368.0,2.33374400609805
2025-03-21,3260554.57,0.07,0.0173,1134863.1,0.016,0.037,130691.86,0.115,-0.0156,-2.5,97.7,99.9,-0.001,-0.004,99.9,49.8,48.0,48.2,50.3,47.9,50.5,47.2,45.6,49.0,51.8,52.6,53.8,47.5,51.8,58961.0,346368.0,2.33374400609805
2025-03-24,3260554.57,0.07,0.0173,1134863.1,0.016,0.037,130691.86,0.115,-0.0156,-2.5,97.7,99.9,-0.001,-0.004,99.9,49.8,48.0,48.2,50.3,47.9,50.5,47.2,45.6,49.0,51.8,52.6,53.8,47.5,51.8,58961.0,346368.0,2.33374400609805
2025-03-25,3260554.57,0.07,0.0173,1134863.1,0.016,0.037,130691.86,0.115,-0.0156,-2.5,97.7,99.9,-0.001,-0.004,99.9,49.8,48.0,48.2,50.3,47.9,50.5,47.2,45.6,49.0,51.8,52.6,53.8,47.5,51.8,58961.0,346368.0,2.33374400609805
2025-03-26,3260554.57,0.07,0.0173,1134863.1,0.016,0.037,130691.86,0.115,-0.0156,-2.5,97.7,99.9,-0.001,-0.004,99.9,49.8,48.0,48.2,50.3,47.9,50.5,47.2,45.6,49.0,51.8,52.6,53.8,47.5,51.8,58961.0,346368.0,2.33374400609805
2025-03-27,3260554.57,0.07,0.0173,1134863.1,0.016,0.037,130691.86,0.115,-0.0156,-2.5,97.7,99.9,-0.001,-0.004,99.9,49.8,48.0,48.2,50.3,47.9,50.5,47.2,45.6,49.0,51.8,52.6,53.8,47.5,51.8,58961.0,346368.0,2.33374400609805
2025-03-28,3260554.57,0.07,0.0173,1134863.1,0.016,0.037,130691.86,0.115,-0.0156,-2.5,97.7,99.9,-0.001,-0.004,99.9,49.8,48.0,48.2,50.3,47.9,50.5,47.2,45.6,49.0,51.8,52.6,53.8,47.5,51.8,58961.0,346368.0,2.33374400609805
2025-03-31,3260554.57,0.07,0.0173,1134863.1,0.016,0.037,130691.86,0.115,-0.0156,-2.5,97.7,99.9,-0.001,-0.004,99.9,49.8,48.0,48.2,50.3,47.9,50.5,47.2,45.6,49.0,51.8,52.6,53.8,47.5,51.8,58961.0,346368.0,2.33374400609805
2025-04-01,3251739.32,0.08,-0.0027,1091407.33,0.015,-0.0383,131387.01,0.12,0.0053,-2.7,97.6,99.9,-0.001,0.001,99.9,47.0,47.3,47.9,50.2,44.8,49.0,47.0,43.2,44.7,49.2,49.8,52.1,43.4,46.3,11599.0,358625.0,10.155669273441
2025-04-02,3251739.32,0.08,-0.0027,1091407.33,0.015,-0.0383,131387.01,0.12,0.0053,-2.7,97.6,99.9,-0.001,0.001,99.9,47.0,47.3,47.9,50.2,44.8,49.0,47.0,43.2,44.7,49.2,49.8,52.1,43.4,46.3,11599.0,358625.0,10.155669273441
2025-04-03,3251739.32,0.08,-0.0027,1091407.33,0.015,-0.0383,131387.01,0.12,0.0053,-2.7,97.6,99.9,-0.001,0.001,99.9,47.0,47.3,47.9,50.2,44.8,49.0,47.0,43.2,44.7,49.2,49.8,52.1,43.4,46.3,11599.0,358625.0,10.155669273441
2025-04-07,3251739.32,0.08,-0.0027,1091407.33,0.015,-0.0383,131387.01,0.12,0.0053,-2.7,97.6,99.9,-0.001,0.001,99.9,47.0,47.3,47.9,50.2,44.8,49.0,47.0,43.2,44.7,49.2,49.8,52.1,43.4,46.3,11599.0,358625.0,10.155669273441
2025-04-08,3251739.32,0.08,-0.0027,1091407.33,0.015,-0.0383,131387.01,0.12,0.0053,-2.7,97.6,99.9,-0.001,0.001,99.9,47.0,47.3,47.9,50.2,44.8,49.0,47.0,43.2,44.7,49.2,49.8,52.1,43.4,46.3,11599.0,358625.0,10.155669273441
2025-04-09,3251739.32,0.08,-0.0027,1091407.33,0.015,-0.0383,131387.01,0.12,0.0053,-2.7,97.6,99.9,-0.001,0.001,99.9,47.0,47.3,47.9,50.2,44.8,49.0,47.0,43.2,44.7,49.2,49.8,52.1,43.4,46.3,11599.0,358625.0,10.155669273441
2025-04-10,3251739.32,0.08,-0.0027,1091407.33,0.015,-0.0383,131387.01,0.12,0.0053,-2.7,97.6,99.9,-0.001,0.001,99.9,47.0,47.3,47.9,50.2,44.8,49.0,47.0,43.2,44.7,49.2,49.8,52.1,43.4,46.3,11599.0,358625.0,10.155669273441
2025-04-11,3251739.32,0.08,-0.0027,1091407.33,0.015,-0.0383,131387.01,0.12,0.0053,-2.7,97.6,99.9,-0.001,0.001,99.9,47.0,47.3,47.9,50.2,44.8,49.0,47.0,43.2,44.7,49.2,49.8,52.1,43.4,46.3,11599.0,358625.0,10.155669273441
2025-04-14,3251739.32,0.08,-0.0027,1091407.33,0.015,-0.0383,131387.01,0.12,0.0053,-2.7,97.6,99.9,-0.001,0.001,99.9,47.0,47.3,47.9,50.2,44.8,49.0,47.0,43.2,44.7,49.2,49.8,52.1,43.4,46.3,11599.0,358625.0,10.155669273441
2025-04-15,3251739.32,0.08,-0.0027,1091407.33,0.015,-0.0383,131387.01,0.12,0.0053,-2.7,97.6,99.9,-0.001,0.001,99.9,47.0,47.3,47.9,50.2,44.8,49.0,47.0,43.2,44.7,49.2,49.8,52.1,43.4,46.3,11599.0,358625.0,10.155669273441
2025-04-16,3251739.32,0.08,-0.0027,1091407.33,0.015,-0.0383,131387.01,0.12,0.0053,-2.7,97.6,99.9,-0.001,0.001,99.9,47.0,47.3,47.9,50.2,44.8,49.0,47.0,43.2,44.7,49.2,49.8,52.1,43.4,46.3,11599.0,358625.0,10.155669273441
2025-04-17,3251739.32,0.08,-0.0027,1091407.33,0.015,-0.0383,131387.01,0.12,0.0053,-2.7,97.6,99.9,-0.001,0.001,99.9,47.0,47.3,47.9,50.2,44.8,49.0,47.0,43.2,44.7,49.2,49.8,52.1,43.4,46.3,11599.0,358625.0,10.155669273441
2025-04-18,3251739.32,0.08,-0.0027,1091407.33,0.015,-0.0383,131387.01,0.12,0.0053,-2.7,97.6,99.9,-0.001,0.001,99.9,47.0,47.3,47.9,50.2,44.8,49.0,47.0,43.2,44.7,49.2,49.8,52.1,43.4,46.3,11599.0,358625.0,10.155669273441
2025-04-21,3251739.32,0.08,-0.0027,1091407.33,0.015,-0.0383,131387.01,0.12,0.0053,-2.7,97.6,99.9,-0.001,0.001,99.9,47.0,47.3,47.9,50.2,44.8,49.0,47.0,43.2,44.7,49.2,49.8,52.1,43.4,46.3,11599.0,358625.0,10.155669273441
2025-04-22,3251739.32,0.08,-0.0027,1091407.33,0.015,-0.0383,131387.01,0.12,0.0053,-2.7,97.6,99.9,-0.001,0.001,99.9,47.0,47.3,47.9,50.2,44.8,49.0,47.0,43.2,44.7,49.2,49.8,52.1,43.4,46.3,11599.0,358625.0,10.155669273441
2025-04-23,3251739.32,0.08,-0.0027,1091407.33,0.015,-0.0383,131387.01,0.12,0.0053,-2.7,97.6,99.9,-0.001,0.001,99.9,47.0,47.3,47.9,50.2,44.8,49.0,47.0,43.2,44.7,49.2,49.8,52.1,43.4,46.3,11599.0,358625.0,10.155669273441
2025-04-24,3251739.32,0.08,-0.0027,1091407.33,0.015,-0.0383,131387.01,0.12,0.0053,-2.7,97.6,99.9,-0.001,0.001,99.9,47.0,47.3,47.9,50.2,44.8,49.0,47.0,43.2,44.7,49.2,49.8,52.1,43.4,46.3,11599.0,358625.0,10.155669273441
2025-04-25,3251739.32,0.08,-0.0027,1091407.33,0.015,-0.0383,131387.01,0.12,0.0053,-2.7,97.6,99.9,-0.001,0.001,99.9,47.0,47.3,47.9,50.2,44.8,49.0,47.0,43.2,44.7,49.2,49.8,52.1,43.4,46.3,11599.0,358625.0,10.155669273441
2025-04-28,3251739.32,0.08,-0.0027,1091407.33,0.015,-0.0383,131387.01,0.12,0.0053,-2.7,97.6,99.9,-0.001,0.001,99.9,47.0,47.3,47.9,50.2,44.8,49.0,47.0,43.2,44.7,49.2,49.8,52.1,43.4,46.3,11599.0,358625.0,10.155669273441
2025-04-29,3251739.32,0.08,-0.0027,1091407.33,0.015,-0.0383,131387.01,0.12,0.0053,-2.7,97.6,99.9,-0.001,0.001,99.9,47.0,47.3,47.9,50.2,44.8,49.0,47.0,43.2,44.7,49.2,49.8,52.1,43.4,46.3,11599.0,358625.0,10.155669273441
2025-04-30,3251739.32,0.08,-0.0027,1091407.33,0.015,-0.0383,131387.01,0.12,0.0053,-2.7,97.6,99.9,-0.001,0.001,99.9,47.0,47.3,47.9,50.2,44.8,49.0,47.0,43.2,44.7,49.2,49.8,52.1,43.4,46.3,11599.0,358625.0,10.155669273441
2025-05-06,3257838.11,0.079,0.0019,1089147.65,0.023,-0.0021,131258.52,0.121,-0.001,-3.3,97.4,99.9,-0.001,-0.002,99.9,46.9,46.5,48.1,50.0,44.7,49.5,47.4,44.8,47.5,49.8,50.7,52.5,47.1,47.6,22900.0,360902.0,9.15750472589791
2025-05-07,3257838.11,0.079,0.0019,1089147.65,0.023,-0.0021,131258.52,0.121,-0.001,-3.3,97.4,99.9,-0.001,-0.002,99.9,46.9,46.5,48.1,50.0,44.7,49.5,47.4,44.8,47.5,49.8,50.7,52.5,47.1,47.6,22900.0,360902.0,9.15750472589791
2025-05-08,3257838.11,0.079,0.0019,1089147.65,0.023,-0.0021,131258.52,0.121,-0.001,-3.3,97.4,99.9,-0.001,-0.002,99.9,46.9,46.5,48.1,50.0,44.7,49.5,47.4,44.8,47.5,49.8,50.7,52.5,47.1,47.6,22900.0,360902.0,9.15750472589791
2025-05-09,3257838.11,0.079,0.0019,1089147.65,0.023,-0.0021,131258.52,0.121,-0.001,-3.3,97.4,99.9,-0.001,-0.002,99.9,46.9,46.5,48.1,50.0,44.7,49.5,47.4,44.8,47.5,49.8,50.7,52.5,47.1,47.6,22900.0,360902.0,9.15750472589791
2025-05-12,3257838.11,0.079,0.0019,1089147.65,0.023,-0.0021,131258.52,0.121,-0.001,-3.3,97.4,99.9,-0.001,-0.002,99.9,46.9,46.5,48.1,50.0,44.7,49.5,47.4,44.8,47.5,49.8,50.7,52.5,47.1,47.6,22900.0,360902.0,9.15750472589791
2025-05-13,3257838.11,0.079,0.0019,1089147.65,0.023,-0.0021,131258.52,0.121,-0.001,-3.3,97.4,99.9,-0.001,-0.002,99.9,46.9,46.5,48.1,50.0,44.7,49.5,47.4,44.8,47.5,49.8,50.7,52.5,47.1,47.6,22900.0,360902.0,9.15750472589791
2025-05-14,3257838.11,0.079,0.0019,1089147.65,0.023,-0.0021,131258.52,0.121,-0.001,-3.3,97.4,99.9,-0.001,-0.002,99.9,46.9,46.5,48.1,50.0,44.7,49.5,47.4,44.8,47.5,49.8,50.7,52.5,47.1,47.6,22900.0,360902.0,9.15750472589791
2025-05-15,3257838.11,0.079,0.0019,1089147.65,0.023,-0.0021,131258.52,0.121,-0.001,-3.3,97.4,99.9,-0.001,-0.002,99.9,46.9,46.5,48.1,50.0,44.7,49.5,47.4,44.8,47.5,49.8,50.7,52.5,47.1,47.6,22900.0,360902.0,9.15750472589791
2025-05-16,3257838.11,0.079,0.0019,1089147.65,0.023,-0.0021,131258.52,0.121,-0.001,-3.3,97.4,99.9,-0.001,-0.002,99.9,46.9,46.5,48.1,50.0,44.7,49.5,47.4,44.8,47.5,49.8,50.7,52.5,47.1,47.6,22900.0,360902.0,9.15750472589791
2025-05-19,3257838.11,0.079,0.0019,1089147.65,0.023,-0.0021,131258.52,0.121,-0.001,-3.3,97.4,99.9,-0.001,-0.002,99.9,46.9,46.5,48.1,50.0,44.7,49.5,47.4,44.8,47.5,49.8,50.7,52.5,47.1,47.6,22900.0,360902.0,9.15750472589791
2025-05-20,3257838.11,0.079,0.0019,1089147.65,0.023,-0.0021,131258.52,0.121,-0.001,-3.3,97.4,99.9,-0.001,-0.002,99.9,46.9,46.5,48.1,50.0,44.7,49.5,47.4,44.8,47.5,49.8,50.7,52.5,47.1,47.6,22900.0,360902.0,9.15750472589791
2025-05-21,3257838.11,0.079,0.0019,1089147.65,0.023,-0.0021,131258.52,0.121,-0.001,-3.3,97.4,99.9,-0.001,-0.002,99.9,46.9,46.5,48.1,50.0,44.7,49.5,47.4,44.8,47.5,49.8,50.7,52.5,47.1,47.6,22900.0,360902.0,9.15750472589791
2025-05-22,3257838.11,0.079,0.0019,1089147.65,0.023,-0.0021,131258.52,0.121,-0.001,-3.3,97.4,99.9,-0.001,-0.002,99.9,46.9,46.5,48.1,50.0,44.7,49.5,47.4,44.8,47.5,49.8,50.7,52.5,47.1,47.6,22900.0,360902.0,9.15750472589791
2025-05-23,3257838.11,0.079,0.0019,1089147.65,0.023,-0.0021,131258.52,0.121,-0.001,-3.3,97.4,99.9,-0.001,-0.002,99.9,46.9,46.5,48.1,50.0,44.7,49.5,47.4,44.8,47.5,49.8,50.7,52.5,47.1,47.6,22900.0,360902.0,9.15750472589791
2025-05-26,3257838.11,0.079,0.0019,1089147.65,0.023,-0.0021,131258.52,0.121,-0.001,-3.3,97.4,99.9,-0.001,-0.002,99.9,46.9,46.5,48.1,50.0,44.7,49.5,47.4,44.8,47.5,49.8,50.7,52.5,47.1,47.6,22900.0,360902.0,9.15750472589791
2025-05-27,3257838.11,0.079,0.0019,1089147.65,0.023,-0.0021,131258.52,0.121,-0.001,-3.3,97.4,99.9,-0.001,-0.002,99.9,46.9,46.5,48.1,50.0,44.7,49.5,47.4,44.8,47.5,49.8,50.7,52.5,47.1,47.6,22900.0,360902.0,9.15750472589791
2025-05-28,3257838.11,0.079,0.0019,1089147.65,0.023,-0.0021,131258.52,0.121,-0.001,-3.3,97.4,99.9,-0.001,-0.002,99.9,46.9,46.5,48.1,50.0,44.7,49.5,47.4,44.8,47.5,49.8,50.7,52.5,47.1,47.6,22900.0,360902.0,9.15750472589791
2025-05-29,3257838.11,0.079,0.0019,1089147.65,0.023,-0.0021,131258.52,0.121,-0.001,-3.3,97.4,99.9,-0.001,-0.002,99.9,46.9,46.5,48.1,50.0,44.7,49.5,47.4,44.8,47.5,49.8,50.7,52.5,47.1,47.6,22900.0,360902.0,9.15750472589791
2025-05-30,3257838.11,0.079,0.0019,1089147.65,0.023,-0.0021,131258.52,0.121,-0.001,-3.3,97.4,99.9,-0.001,-0.002,99.9,46.9,46.5,48.1,50.0,44.7,49.5,47.4,44.8,47.5,49.8,50.7,52.5,47.1,47.6,22900.0,360902.0,9.15750472589791
2025-06-03,3302868.17,0.083,0.0138,1139494.08,0.046,0.0462,131827.18,0.12,0.0043,-3.6,97.2,100.1,0.001,-0.001,99.9,48.4,48.1,47.9,50.2,46.2,49.7,48.0,45.2,47.7,50.2,51.0,52.0,47.8,50.2,42251.0,370168.0,15.193328043069
2025-06-04,3302868.17,0.083,0.0138,1139494.08,0.046,0.0462,131827.18,0.12,0.0043,-3.6,97.2,100.1,0.001,-0.001,99.9,48.4,48.1,47.9,50.2,46.2,49.7,48.0,45.2,47.7,50.2,51.0,52.0,47.8,50.2,42251.0,370168.0,15.193328043069
2025-06-05,3302868.17,0.083,0.0138,1139494.08,0.046,0.0462,131827.18,0.12,0.0043,-3.6,97.2,100.1,0.001,-0.001,99.9,48.4,48.1,47.9,50.2,46.2,49.7,48.0,45.2,47.7,50.2,51.0,52.0,47.8,50.2,42251.0,370168.0,15.193328043069
2025-06-06,3302868.17,0.083,0.0138,1139494.08,0.046,0.0462,131827.18,0.12,0.0043,-3.6,97.2,100.1,0.001,-0.001,99.9,48.4,48.1,47.9,50.2,46.2,49.7,48.0,45.2,47.7,50.2,51.0,52.0,47.8,50.2,42251.0,370168.0,15.193328043069
2025-06-09,3302868.17,0.083,0.0138,1139494.08,0.046,0.0462,131827.18,0.12,0.0043,-3.6,97.2,100.1,0.001,-0.001,99.9,48.4,48.1,47.9,50.2,46.2,49.7,48.0,45.2,47.7,50.2,51.0,52.0,47.8,50.2,42251.0,370168.0,15.193328043069
2025-06-10,3302868.17,0.083,0.0138,1139494.08,0.046,0.0462,131827.18,0.12,0.0043,-3.6,97.2,100.1,0.001,-0.001,99.9,48.4,48.1,47.9,50.2,46.2,49.7,48.0,45.2,47.7,50.2,51.0,52.0,47.8,50.2,42251.0,370168.0,15.193328043069
2025-06-11,3302868.17,0.083,0.0138,1139494.08,0.046,0.0462,131827.18,0.12,0.0043,-3.6,97.2,100.1,0.001,-0.001,99.9,48.4,48.1,47.9,50.2,46.2,49.7,48.0,45.2,47.7,50.2,51.0,52.0,47.8,50.2,42251.0,370168.0,15.193328043069
2025-06-12,3302868.17,0.083,0.0138,1139494.08,0.046,0.0462,131827.18,0.12,0.0043,-3.6,97.2,100.1,0.001,-0.001,99.9,48.4,48.1,47.9,50.2,46.2,49.7,48.0,45.2,47.7,50.2,51.0,52.0,47.8,50.2,42251.0,370168.0,15.193328043069
2025-06-13,3302868.17,0.083,0.0138,1139494.08,0.046,0.0462,131827.18,0.12,0.0043,-3.6,97.2,100.1,0.001,-0.001,99.9,48.4,48.1,47.9,50.2,46.2,49.7,48.0,45.2,47.7,50.2,51.0,52.0,47.8,50.2,42251.0,370168.0,15.193328043069
2025-06-16,3302868.17,0.083,0.0138,1139494.08,0.046,0.0462,131827.18,0.12,0.0043,-3.6,97.2,100.1,0.001,-0.001,99.9,48.4,48.1,47.9,50.2,46.2,49.7,48.0,45.2,47.7,50.2,51.0,52.0,47.8,50.2,42251.0,370168.0,15.193328043069
2025-06-17,3302868.17,0.083,0.0138,1139494.08,0.046,0.0462,131827.18,0.12,0.0043,-3.6,97.2,100.1,0.001,-0.001,99.9,48.4,48.1,47.9,50.2,46.2,49.7,48.0,45.2,47.7,50.2,51.0,52.0,47.8,50.2,42251.0,370168.0,15.193328043069
2025-06-18,3302868.17,0.083,0.0138,1139494.08,0.046,0.0462,131827.18,0.12,0.0043,-3.6,97.2,100.1,0.001,-0.001,99.9,48.4,48.1,47.9,50.2,46.2,49.7,48.0,45.2,47.7,50.2,51.0,52.0,47.8,50.2,42251.0,370168.0,15.193328043069
2025-06-19,3302868.17,0.083,0.0138,1139494.08,0.046,0.0462,131827.18,0.12,0.0043,-3.6,97.2,100.1,0.001,-0.001,99.9,48.4,48.1,47.9,50.2,46.2,49.7,48.0,45.2,47.7,50.2,51.0,52.0,47.8,50.2,42251.0,370168.0,15.193328043069
2025-06-20,3302868.17,0.083,0.0138,1139494.08,0.046,0.0462,131827.18,0.12,0.0043,-3.6,97.2,100.1,0.001,-0.001,99.9,48.4,48.1,47.9,50.2,46.2,49.7,48.0,45.2,47.7,50.2,51.0,52.0,47.8,50.2,42251.0,370168.0,15.193328043069
2025-06-23,3302868.17,0.083,0.0138,1139494.08,0.046,0.0462,131827.18,0.12,0.0043,-3.6,97.2,100.1,0.001,-0.001,99.9,48.4,48.1,47.9,50.2,46.2,49.7,48.0,45.2,47.7,50.2,51.0,52.0,47.8,50.2,42251.0,370168.0,15.193328043069
2025-06-24,3302868.17,0.083,0.0138,1139494.08,0.046,0.0462,131827.18,0.12,0.0043,-3.6,97.2,100.1,0.001,-0.001,99.9,48.4,48.1,47.9,50.2,46.2,49.7,48.0,45.2,47.7,50.2,51.0,52.0,47.8,50.2,42251.0,370168.0,15.193328043069
2025-06-25,3302868.17,0.083,0.0138,1139494.08,0.046,0.0462,131827.18,0.12,0.0043,-3.6,97.2,100.1,0.001,-0.001,99.9,48.4,48.1,47.9,50.2,46.2,49.7,48.0,45.2,47.7,50.2,51.0,52.0,47.8,50.2,42251.0,370168.0,15.193328043069
2025-06-26,3302868.17,0.083,0.0138,1139494.08,0.046,0.0462,131827.18,0.12,0.0043,-3.6,97.2,100.1,0.001,-0.001,99.9,48.4,48.1,47.9,50.2,46.2,49.7,48.0,45.2,47.7,50.2,51.0,52.0,47.8,50.2,42251.0,370168.0,15.193328043069
2025-06-27,3302868.17,0.083,0.0138,1139494.08,0.046,0.0462,131827.18,0.12,0.0043,-3.6,97.2,100.1,0.001,-0.001,99.9,48.4,48.1,47.9,50.2,46.2,49.7,48.0,45.2,47.7,50.2,51.0,52.0,47.8,50.2,42251.0,370168.0,15.193328043069
2025-06-30,3302868.17,0.083,0.0138,1139494.08,0.046,0.0462,131827.18,0.12,0.0043,-3.6,97.2,100.1,0.001,-0.001,99.9,48.4,48.1,47.9,50.2,46.2,49.7,48.0,45.2,47.7,50.2,51.0,52.0,47.8,50.2,42251.0,370168.0,15.193328043069
2025-07-01,3299429.06,0.088,-0.001,1110586.92,0.056,-0.0254,132844.8,0.118,0.0077,-3.6,97.1,100.0,0.0,0.004,99.9,51.5,47.4,48.0,50.3,48.3,49.3,47.7,44.7,47.1,49.4,50.5,52.6,47.8,49.5,11307.0,373768.0,15.472402266394
2025-07-02,3299429.06,0.088,-0.001,1110586.92,0.056,-0.0254,132844.8,0.118,0.0077,-3.6,97.1,100.0,0.0,0.004,99.9,51.5,47.4,48.0,50.3,48.3,49.3,47.7,44.7,47.1,49.4,50.5,52.6,47.8,49.5,11307.0,373768.0,15.472402266394
2025-07-03,3299429.06,0.088,-0.001,1110586.92,0.056,-0.0254,132844.8,0.118,0.0077,-3.6,97.1,100.0,0.0,0.004,99.9,51.5,47.4,48.0,50.3,48.3,49.3,47.7,44.7,47.1,49.4,50.5,52.6,47.8,49.5,11307.0,373768.0,15.472402266394
2025-07-04,3299429.06,0.088,-0.001,1110586.92,0.056,-0.0254,132844.8,0.118,0.0077,-3.6,97.1,100.0,0.0,0.004,99.9,51.5,47.4,48.0,50.3,48.3,49.3,47.7,44.7,47.1,49.4,50.5,52.6,47.8,49.5,11307.0,373768.0,15.472402266394
2025-07-07,3299429.06,0.088,-0.001,1110586.92,0.056,-0.0254,132844.8,0.118,0.0077,-3.6,97.1,100.0,0.0,0.004,99.9,51.5,47.4,48.0,50.3,48.3,49.3,47.7,44.7,47.1,49.4,50.5,52.6,47.8,49.5,11307.0,373768.0,15.472402266394
2025-07-08,3299429.06,0.088,-0.001,1110586.92,0.056,-0.0254,132844.8,0.118,0.0077,-3.6,97.1,100.0,0.0,0.004,99.9,51.5,47.4,48.0,50.3,48.3,49.3,47.7,44.7,47.1,49.4,50.5,52.6,47.8,49.5,11307.0,373768.0,15.472402266394
2025-07-09,3299429.06,0.088,-0.001,1110586.92,0.056,-0.0254,132844.8,0.118,0.0077,-3.6,97.1,100.0,0.0,0.004,99.9,51.5,47.4,48.0,50.3,48.3,49.3,47.7,44.7,47.1,49.4,50.5,52.6,47.8,49.5,11307.0,373768.0,15.472402266394
2025-07-10,3299429.06,0.088,-0.001,1110586.92,0.056,-0.0254,132844.8,0.118,0.0077,-3.6,97.1,100.0,0.0,0.004,99.9,51.5,47.4,48.0,50.3,48.3,49.3,47.7,44.7,47.1,49.4,50.5,52.6,47.8,49.5,11307.0,373768.0,15.472402266394
2025-07-11,3299429.06,0.088,-0.001,1110586.92,0.056,-0.0254,132844.8,0.118,0.0077,-3.6,97.1,100.0,0.0,0.004,99.9,51.5,47.4,48.0,50.3,48.3,49.3,47.7,44.7,47.1,49.4,50.5,52.6,47.8,49.5,11307.0,373768.0,15.472402266394
2025-07-14,3299429.06,0.088,-0.001,1110586.92,0.056,-0.0254,132844.8,0.118,0.0077,-3.6,97.1,100.0,0.0,0.004,99.9,51.5,47.4,48.0,50.3,48.3,49.3,47.7,44.7,47.1,49.4,50.5,52.6,47.8,49.5,11307.0,373768.0,15.472402266394
2025-07-15,3299429.06,0.088,-0.001,1110586.92,0.056,-0.0254,132844.8,0.118,0.0077,-3.6,97.1,100.0,0.0,0.004,99.9,51.5,47.4,48.0,50.3,48.3,49.3,47.7,44.7,47.1,49.4,50.5,52.6,47.8,49.5,11307.0,373768.0,15.472402266394
2025-07-16,3299429.06,0.088,-0.001,1110586.92,0.056,-0.0254,132844.8,0.118,0.0077,-3.6,97.1,100.0,0.0,0.004,99.9,51.5,47.4,48.0,50.3,48.3,49.3,47.7,44.7,47.1,49.4,50.5,52.6,47.8,49.5,11307.0,373768.0,15.472402266394
2025-07-17,3299429.06,0.088,-0.001,1110586.92,0.056,-0.0254,132844.8,0.118,0.0077,-3.6,97.1,100.0,0.0,0.004,99.9,51.5,47.4,48.0,50.3,48.3,49.3,47.7,44.7,47.1,49.4,50.5,52.6,47.8,49.5,11307.0,373768.0,15.472402266394
2025-07-18,3299429.06,0.088,-0.001,1110586.92,0.056,-0.0254,132844.8,0.118,0.0077,-3.6,97.1,100.0,0.0,0.004,99.9,51.5,47.4,48.0,50.3,48.3,49.3,47.7,44.7,47.1,49.4,50.5,52.6,47.8,49.5,11307.0,373768.0,15.472402266394
2025-07-21,3299429.06,0.088,-0.001,1110586.92,0.056,-0.0254,132844.8,0.118,0.0077,-3.6,97.1,100.0,0.0,0.004,99.9,51.5,47.4,48.0,50.3,48.3,49.3,47.7,44.7,47.1,49.4,50.5,52.6,47.8,49.5,11307.0,373768.0,15.472402266394
2025-07-22,3299429.06,0.088,-0.001,1110586.92,0.056,-0.0254,132844.8,0.118,0.0077,-3.6,97.1,100.0,0.0,0.004,99.9,51.5,47.4,48.0,50.3,48.3,49.3,47.7,44.7,47.1,49.4,50.5,52.6,47.8,49.5,11307.0,373768.0,15.472402266394
2025-07-23,3299429.06,0.088,-0.001,1110586.92,0.056,-0.0254,132844.8,0.118,0.0077,-3.6,97.1,100.0,0.0,0.004,99.9,51.5,47.4,48.0,50.3,48.3,49.3,47.7,44.7,47.1,49.4,50.5,52.6,47.8,49.5,11307.0,373768.0,15.472402266394
2025-07-24,3299429.06,0.088,-0.001,1110586.92,0.056,-0.0254,132844.8,0.118,0.0077,-3.6,97.1,100.0,0.0,0.004,99.9,51.5,47.4,48.0,50.3,48.3,49.3,47.7,44.7,47.1,49.4,50.5,52.6,47.8,49.5,11307.0,373768.0,15.472402266394
2025-07-25,3299429.06,0.088,-0.001,1110586.92,0.056,-0.0254,132844.8,0.118,0.0077,-3.6,97.1,100.0,0.0,0.004,99.9,51.5,47.4,48.0,50.3,48.3,49.3,47.7,44.7,47.1,49.4,50.5,52.6,47.8,49.5,11307.0,373768.0,15.472402266394
2025-07-28,3299429.06,0.088,-0.001,1110586.92,0.056,-0.0254,132844.8,0.118,0.0077,-3.6,97.1,100.0,0.0,0.004,99.9,51.5,47.4,48.0,50.3,48.3,49.3,47.7,44.7,47.1,49.4,50.5,52.6,47.8,49.5,11307.0,373768.0,15.472402266394
2025-07-29,3299429.06,0.088,-0.001,1110586.92,0.056,-0.0254,132844.8,0.118,0.0077,-3.6,97.1,100.0,0.0,0.004,99.9,51.5,47.4,48.0,50.3,48.3,49.3,47.7,44.7,47.1,49.4,50.5,52.6,47.8,49.5,11307.0,373768.0,15.472402266394
2025-07-30,3299429.06,0.088,-0.001,1110586.92,0.056,-0.0254,132844.8,0.118,0.0077,-3.6,97.1,100.0,0.0,0.004,99.9,51.5,47.4,48.0,50.3,48.3,49.3,47.7,44.7,47.1,49.4,50.5,52.6,47.8,49.5,11307.0,373768.0,15.472402266394
2025-07-31,3299429.06,0.088,-0.001,1110586.92,0.056,-0.0254,132844.8,0.118,0.0077,-3.6,97.1,100.0,0.0,0.004,99.9,51.5,47.4,48.0,50.3,48.3,49.3,47.7,44.7,47.1,49.4,50.5,52.6,47.8,49.5,11307.0,373768.0,15.472402266394
2025-08-01,3319831.44,0.088,0.0062,1112255.7,0.06,0.0015,133402.29,0.117,0.0042,-2.9,97.1,99.6,-0.004,0.0,99.9,53.3,46.8,47.9,50.5,49.1,49.4,48.0,45.5,47.2,49.5,50.8,53.7,48.0,50.4,25660.0,369105.0,14.3695968766461
2025-08-04,3319831.44,0.088,0.0062,1112255.7,0.06,0.0015,133402.29,0.117,0.0042,-2.9,97.1,99.6,-0.004,0.0,99.9,53.3,46.8,47.9,50.5,49.1,49.4,48.0,45.5,47.2,49.5,50.8,53.7,48.0,50.4,25660.0,369105.0,14.3695968766461
2025-08-05,3319831.44,0.088,0.0062,1112255.7,0.06,0.0015,133402.29,0.117,0.0042,-2.9,97.1,99.6,-0.004,0.0,99.9,53.3,46.8,47.9,50.5,49.1,49.4,48.0,45.5,47.2,49.5,50.8,53.7,48.0,50.4,25660.0,369105.0,14.3695968766461
2025-08-06,3319831.44,0.088,0.0062,1112255.7,0.06,0.0015,133402.29,0.117,0.0042,-2.9,97.1,99.6,-0.004,0.0,99.9,53.3,46.8,47.9,50.5,49.1,49.4,48.0,45.5,47.2,49.5,50.8,53.7,48.0,50.4,25660.0,369105.0,14.3695968766461
2025-08-07,3319831.44,0.088,0.0062,1112255.7,0.06,0.0015,133402.29,0.117,0.0042,-2.9,97.1,99.6,-0.004,0.0,99.9,53.3,46.8,47.9,50.5,49.1,49.4,48.0,45.5,47.2,49.5,50.8,53.7,48.0,50.4,25660.0,369105.0,14.3695968766461
2025-08-08,3319831.44,0.088,0.0062,1112255.7,0.06,0.0015,133402.29,0.117,0.0042,-2.9,97.1,99.6,-0.004,0.0,99.9,53.3,46.8,47.9,50.5,49.1,49.4,48.0,45.5,47.2,49.5,50.8,53.7,48.0,50.4,25660.0,369105.0,14.3695968766461
2025-08-11,3319831.44,0.088,0.0062,1112255.7,0.06,0.0015,133402.29,0.117,0.0042,-2.9,97.1,99.6,-0.004,0.0,99.9,53.3,46.8,47.9,50.5,49.1,49.4,48.0,45.5,47.2,49.5,50.8,53.7,48.0,50.4,25660.0,369105.0,14.3695968766461
2025-08-12,3319831.44,0.088,0.0062,1112255.7,0.06,0.0015,133402.29,0.117,0.0042,-2.9,97.1,99.6,-0.004,0.0,99.9,53.3,46.8,47.9,50.5,49.1,49.4,48.0,45.5,47.2,49.5,50.8,53.7,48.0,50.4,25660.0,369105.0,14.3695968766461
2025-08-13,3319831.44,0.088,0.0062,1112255.7,0.06,0.0015,133402.29,0.117,0.0042,-2.9,97.1,99.6,-0.004,0.0,99.9,53.3,46.8,47.9,50.5,49.1,49.4,48.0,45.5,47.2,49.5,50.8,53.7,48.0,50.4,25660.0,369105.0,14.3695968766461
2025-08-14,3319831.44,0.088,0.0062,1112255.7,0.06,0.0015,133402.29,0.117,0.0042,-2.9,97.1,99.6,-0.004,0.0,99.9,53.3,46.8,47.9,50.5,49.1,49.4,48.0,45.5,47.2,49.5,50.8,53.7,48.0,50.4,25660.0,369105.0,14.3695968766461
2025-08-15,3319831.44,0.088,0.0062,1112255.7,0.06,0.0015,133402.29,0.117,0.0042,-2.9,97.1,99.6,-0.004,0.0,99.9,53.3,46.8,47.9,50.5,49.1,49.4,48.0,45.5,47.2,49.5,50.8,53.7,48.0,50.4,25660.0,369105.0,14.3695968766461
2025-08-18,3319831.44,0.088,0.0062,1112255.7,0.06,0.0015,133402.29,0.117,0.0042,-2.9,97.1,99.6,-0.004,0.0,99.9,53.3,46.8,47.9,50.5,49.1,49.4,48.0,45.5,47.2,49.5,50.8,53.7,48.0,50.4,25660.0,369105.0,14.3695968766461
2025-08-19,3319831.44,0.088,0.0062,1112255.7,0.06,0.0015,133402.29,0.117,0.0042,-2.9,97.1,99.6,-0.004,0.0,99.9,53.3,46.8,47.9,50.5,49.1,49.4,48.0,45.5,47.2,49.5,50.8,53.7,48.0,50.4,25660.0,369105.0,14.3695968766461
2025-08-20,3319831.44,0.088,0.0062,1112255.7,0.06,0.0015,133402.29,0.117,0.0042,-2.9,97.1,99.6,-0.004,0.0,99.9,53.3,46.8,47.9,50.5,49.1,49.4,48.0,45.5,47.2,49.5,50.8,53.7,48.0,50.4,25660.0,369105.0,14.3695968766461
2025-08-21,3319831.44,0.088,0.0062,1112255.7,0.06,0.0015,133402.29,0.117,0.0042,-2.9,97.1,99.6,-0.004,0.0,99.9,53.3,46.8,47.9,50.5,49.1,49.4,48.0,45.5,47.2,49.5,50.8,53.7,48.0,50.4,25660.0,369105.0,14.3695968766461
2025-08-22,3319831.44,0.088,0.0062,1112255.7,0.06,0.0015,133402.29,0.117,0.0042,-2.9,97.1,99.6,-0.004,0.0,99.9,53.3,46.8,47.9,50.5,49.1,49.4,48.0,45.5,47.2,49.5,50.8,53.7,48.0,50.4,25660.0,369105.0,14.3695968766461
2025-08-25,3319831.44,0.088,0.0062,1112255.7,0.06,0.0015,133402.29,0.117,0.0042,-2.9,97.1,99.6,-0.004,0.0,99.9,53.3,46.8,47.9,50.5,49.1,49.4,48.0,45.5,47.2,49.5,50.8,53.7,48.0,50.4,25660.0,369105.0,14.3695968766461
2025-08-26,3319831.44,0.088,0.0062,1112255.7,0.06,0.0015,133402.29,0.117,0.0042,-2.9,97.1,99.6,-0.004,0.0,99.9,53.3,46.8,47.9,50.5,49.1,49.4,48.0,45.5,47.2,49.5,50.8,53.7,48.0,50.4,25660.0,369105.0,14.3695968766461
2025-08-27,3319831.44,0.088,0.0062,1112255.7,0.06,0.0015,133402.29,0.117,0.0042,-2.9,97.1,99.6,-0.004,0.0,99.9,53.3,46.8,47.9,50.5,49.1,49.4,48.0,45.5,47.2,49.5,50.8,53.7,48.0,50.4,25660.0,369105.0,14.3695968766461
2025-08-28,3319831.44,0.088,0.0062,1112255.7,0.06,0.0015,133402.29,0.117,0.0042,-2.9,97.1,99.6,-0.004,0.0,99.9,53.3,46.8,47.9,50.5,49.1,49.4,48.0,45.5,47.2,49.5,50.8,53.7,48.0,50.4,25660.0,369105.0,14.3695968766461
2025-08-29,3319831.44,0.088,0.0062,1112255.7,0.06,0.0015,133402.29,0.117,0.0042,-2.9,97.1,99.6,-0.004,0.0,99.9,53.3,46.8,47.9,50.5,49.1,49.4,48.0,45.5,47.2,49.5,50.8,53.7,48.0,50.4,25660.0,369105.0,14.3695968766461
2025-09-01,3353771.03,0.084,0.0102,1131455.07,0.072,0.0173,135813.36,0.115,0.0181,-2.3,97.2,99.7,-0.003,0.001,99.9,53.2,48.2,48.5,50.8,48.2,49.8,48.5,45.2,47.8,49.7,51.9,54.1,48.1,51.6,35299.0,366769.0,14.9605534119653
2025-09-02,3353771.03,0.084,0.0102,1131455.07,0.072,0.0173,135813.36,0.115,0.0181,-2.3,97.2,99.7,-0.003,0.001,99.9,53.2,48.2,48.5,50.8,48.2,49.8,48.5,45.2,47.8,49.7,51.9,54.1,48.1,51.6,35299.0,366769.0,14.9605534119653
2025-09-03,3353771.03,0.084,0.0102,1131455.07,0.072,0.0173,135813.36,0.115,0.0181,-2.3,97.2,99.7,-0.003,0.001,99.9,53.2,48.2,48.5,50.8,48.2,49.8,48.5,45.2,47.8,49.7,51.9,54.1,48.1,51.6,35299.0,366769.0,14.9605534119653
2025-09-04,3353771.03,0.084,0.0102,1131455.07,0.072,0.0173,135813.36,0.115,0.0181,-2.3,97.2,99.7,-0.003,0.001,99.9,53.2,48.2,48.5,50.8,48.2,49.8,48.5,45.2,47.8,49.7,51.9,54.1,48.1,51.6,35299.0,366769.0,14.9605534119653
2025-09-05,3353771.03,0.084,0.0102,1131455.07,0.072,0.0173,135813.36,0.115,0.0181,-2.3,97.2,99.7,-0.003,0.001,99.9,53.2,48.2,48.5,50.8,48.2,49.8,48.5,45.2,47.8,49.7,51.9,54.1,48.1,51.6,35299.0,366769.0,14.9605534119653
2025-09-08,3353771.03,0.084,0.0102,1131455.07,0.072,0.0173,135813.36,0.115,0.0181,-2.3,97.2,99.7,-0.003,0.001,99.9,53.2,48.2,48.5,50.8,48.2,49.8,48.5,45.2,47.8,49.7,51.9,54.1,48.1,51.6,35299.0,366769.0,14.9605534119653
2025-09-09,3353771.03,0.084,0.0102,1131455.07,0.072,0.0173,135813.36,0.115,0.0181,-2.3,97.2,99.7,-0.003,0.001,99.9,53.2,48.2,48.5,50.8,48.2,49.8,48.5,45.2,47.8,49.7,51.9,54.1,48.1,51.6,35299.0,366769.0,14.9605534119653
2025-09-10,3353771.03,0.084,0.0102,1131455.07,0.072,0.0173,135813.36,0.115,0.0181,-2.3,97.2,99.7,-0.003,0.001,99.9,53.2,48.2,48.5,50.8,48.2,49.8,48.5,45.2,47.8,49.7,51.9,54.1,48.1,51.6,35299.0,366769.0,14.9605534119653
2025-09-11,3353771.03,0.084,0.0102,1131455.07,0.072,0.0173,135813.36,0.115,0.0181,-2.3,97.2,99.7,-0.003,0.001,99.9,53.2,48.2,48.5,50.8,48.2,49.8,48.5,45.2,47.8,49.7,51.9,54.1,48.1,51.6,35299.0,366769.0,14.9605534119653
2025-09-12,3353771.03,0.084,0.0102,1131455.07,0.072,0.0173,135813.36,0.115,0.0181,-2.3,97.2,99.7,-0.003,0.001,99.9,53.2,48.2,48.5,50.8,48.2,49.8,48.5,45.2,47.8,49.7,51.9,54.1,48.1,51.6,35299.0,366769.0,14.9605534119653
2025-09-15,3353771.03,0.084,0.0102,1131455.07,0.072,0.0173,135813.36,0.115,0.0181,-2.3,97.2,99.7,-0.003,0.001,99.9,53.2,48.2,48.5,50.8,48.2,49.8,48.5,45.2,47.8,49.7,51.9,54.1,48.1,51.6,35299.0,366769.0,14.9605534119653
2025-09-16,3353771.03,0.084,0.0102,1131455.07,0.072,0.0173,135813.36,0.115,0.0181,-2.3,97.2,99.7,-0.003,0.001,99.9,53.2,48.2,48.5,50.8,48.2,49.8,48.5,45.2,47.8,49.7,51.9,54.1,48.1,51.6,35299.0,366769.0,14.9605534119653
2025-09-17,3353771.03,0.084,0.0102,1131455.07,0.072,0.0173,135813.36,0.115,0.0181,-2.3,97.2,99.7,-0.003,0.001,99.9,53.2,48.2,48.5,50.8,48.2,49.8,48.5,45.2,47.8,49.7,51.9,54.1,48.1,51.6,35299.0,366769.0,14.9605534119653
2025-09-18,3353771.03,0.084,0.0102,1131455.07,0.072,0.0173,135813.36,0.115,0.0181,-2.3,97.2,99.7,-0.003,0.001,99.9,53.2,48.2,48.5,50.8,48.2,49.8,48.5,45.2,47.8,49.7,51.9,54.1,48.1,51.6,35299.0,366769.0,14.9605534119653
2025-09-19,3353771.03,0.084,0.0102,1131455.07,0.072,0.0173,135813.36,0.115,0.0181,-2.3,97.2,99.7,-0.003,0.001,99.9,53.2,48.2,48.5,50.8,48.2,49.8,48.5,45.2,47.8,49.7,51.9,54.1,48.1,51.6,35299.0,366769.0,14.9605534119653
2025-09-22,3353771.03,0.084,0.0102,1131455.07,0.072,0.0173,135813.36,0.115,0.0181,-2.3,97.2,99.7,-0.003,0.001,99.9,53.2,48.2,48.5,50.8,48.2,49.8,48.5,45.2,47.8,49.7,51.9,54.1,48.1,51.6,35299.0,366769.0,14.9605534119653
2025-09-23,3353771.03,0.084,0.0102,1131455.07,0.072,0.0173,135813.36,0.115,0.0181,-2.3,97.2,99.7,-0.003,0.001,99.9,53.2,48.2,48.5,50.8,48.2,49.8,48.5,45.2,47.8,49.7,51.9,54.1,48.1,51.6,35299.0,366769.0,14.9605534119653
2025-09-24,3353771.03,0.084,0.0102,1131455.07,0.072,0.0173,135813.36,0.115,0.0181,-2.3,97.2,99.7,-0.003,0.001,99.9,53.2,48.2,48.5,50.8,48.2,49.8,48.5,45.2,47.8,49.7,51.9,54.1,48.1,51.6,35299.0,366769.0,14.9605534119653
2025-09-25,3353771.03,0.084,0.0102,1131455.07,0.072,0.0173,135813.36,0.115,0.0181,-2.3,97.2,99.7,-0.003,0.001,99.9,53.2,48.2,48.5,50.8,48.2,49.8,48.5,45.2,47.8,49.7,51.9,54.1,48.1,51.6,35299.0,366769.0,14.9605534119653
2025-09-26,3353771.03,0.084,0.0102,1131455.07,0.072,0.0173,135813.36,0.115,0.0181,-2.3,97.2,99.7,-0.003,0.001,99.9,53.2,48.2,48.5,50.8,48.2,49.8,48.5,45.2,47.8,49.7,51.9,54.1,48.1,51.6,35299.0,366769.0,14.9605534119653
2025-09-29,3353771.03,0.084,0.0102,1131455.07,0.072,0.0173,135813.36,0.115,0.0181,-2.3,97.2,99.7,-0.003,0.001,99.9,53.2,48.2,48.5,50.8,48.2,49.8,48.5,45.2,47.8,49.7,51.9,54.1,48.1,51.6,35299.0,366769.0,14.9605534119653
2025-09-30,3353771.03,0.084,0.0102,1131455.07,0.072,0.0173,135813.36,0.115,0.0181,-2.3,97.2,99.7,-0.003,0.001,99.9,53.2,48.2,48.5,50.8,48.2,49.8,48.5,45.2,47.8,49.7,51.9,54.1,48.1,51.6,35299.0,366769.0,14.9605534119653
2025-10-09,3351312.31,0.082,-0.0007,1119962.73,0.062,-0.0102,135478.14,0.106,-0.0025,-2.1,97.3,100.2,0.002,0.002,99.9,52.5,48.1,48.3,50.0,47.5,49.0,47.3,44.5,45.9,48.8,49.7,52.8,46.8,49.0,8178.0,360827.0,14.6508938160512
2025-10-10,3351312.31,0.082,-0.0007,1119962.73,0.062,-0.0102,135478.14,0.106,-0.0025,-2.1,97.3,100.2,0.002,0.002,99.9,52.5,48.1,48.3,50.0,47.5,49.0,47.3,44.5,45.9,48.8,49.7,52.8,46.8,49.0,8178.0,360827.0,14.6508938160512
2025-10-13,3351312.31,0.082,-0.0007,1119962.73,0.062,-0.0102,135478.14,0.106,-0.0025,-2.1,97.3,100.2,0.002,0.002,99.9,52.5,48.1,48.3,50.0,47.5,49.0,47.3,44.5,45.9,48.8,49.7,52.8,46.8,49.0,8178.0,360827.0,14.6508938160512
2025-10-14,3351312.31,0.082,-0.0007,1119962.73,0.062,-0.0102,135478.14,0.106,-0.0025,-2.1,97.3,100.2,0.002,0.002,99.9,52.5,48.1,48.3,50.0,47.5,49.0,47.3,44.5,45.9,48.8,49.7,52.8,46.8,49.0,8178.0,360827.0,14.6508938160512
2025-10-15,3351312.31,0.082,-0.0007,1119962.73,0.062,-0.0102,135478.14,0.106,-0.0025,-2.1,97.3,100.2,0.002,0.002,99.9,52.5,48.1,48.3,50.0,47.5,49.0,47.3,44.5,45.9,48.8,49.7,52.8,46.8,49.0,8178.0,360827.0,14.6508938160512
2025-10-16,3351312.31,0.082,-0.0007,1119962.73,0.062,-0.0102,135478.14,0.106,-0.0025,-2.1,97.3,100.2,0.002,0.002,99.9,52.5,48.1,48.3,50.0,47.5,49.0,47.3,44.5,45.9,48.8,49.7,52.8,46.8,49.0,8178.0,360827.0,14.6508938160512
2025-10-17,3351312.31,0.082,-0.0007,1119962.73,0.062,-0.0102,135478.14,0.106,-0.0025,-2.1,97.3,100.2,0.002,0.002,99.9,52.5,48.1,48.3,50.0,47.5,49.0,47.3,44.5,45.9,48.8,49.7,52.8,46.8,49.0,8178.0,360827.0,14.6508938160512
2025-10-20,3351312.31,0.082,-0.0007,1119962.73,0.062,-0.0102,135478.14,0.106,-0.0025,-2.1,97.3,100.2,0.002,0.002,99.9,52.5,48.1,48.3,50.0,47.5,49.0,47.3,44.5,45.9,48.8,49.7,52.8,46.8,49.0,8178.0,360827.0,14.6508938160512
2025-10-21,3351312.31,0.082,-0.0007,1119962.73,0.062,-0.0102,135478.14,0.106,-0.0025,-2.1,97.3,100.2,0.002,0.002,99.9,52.5,48.1,48.3,50.0,47.5,49.0,47.3,44.5,45.9,48.8,49.7,52.8,46.8,49.0,8178.0,360827.0,14.6508938160512
2025-10-22,3351312.31,0.082,-0.0007,1119962.73,0.062,-0.0102,135478.14,0.106,-0.0025,-2.1,97.3,100.2,0.002,0.002,99.9,52.5,48.1,48.3,50.0,47.5,49.0,47.3,44.5,45.9,48.8,49.7,52.8,46.8,49.0,8178.0,360827.0,14.6508938160512
2025-10-23,3351312.31,0.082,-0.0007,1119962.73,0.062,-0.0102,135478.14,0.106,-0.0025,-2.1,97.3,100.2,0.002,0.002,99.9,52.5,48.1,48.3,50.0,47.5,49.0,47.3,44.5,45.9,48.8,49.7,52.8,46.8,49.0,8178.0,360827.0,14.6508938160512
2025-10-24,3351312.31,0.082,-0.0007,1119962.73,0.062,-0.0102,135478.14,0.106,-0.0025,-2.1,97.3,100.2,0.002,0.002,99.9,52.5,48.1,48.3,50.0,47.5,49.0,47.3,44.5,45.9,48.8,49.7,52.8,46.8,49.0,8178.0,360827.0,14.6508938160512
2025-10-27,3351312.31,0.082,-0.0007,1119962.73,0.062,-0.0102,135478.14,0.106,-0.0025,-2.1,97.3,100.2,0.002,0.002,99.9,52.5,48.1,48.3,50.0,47.5,49.0,47.3,44.5,45.9,48.8,49.7,52.8,46.8,49.0,8178.0,360827.0,14.6508938160512
2025-10-28,3351312.31,0.082,-0.0007,1119962.73,0.062,-0.0102,135478.14,0.106,-0.0025,-2.1,97.3,100.2,0.002,0.002,99.9,52.5,48.1,48.3,50.0,47.5,49.0,47.3,44.5,45.9,48.8,49.7,52.8,46.8,49.0,8178.0,360827.0,14.6508938160512
2025-10-29,3351312.31,0.082,-0.0007,1119962.73,0.062,-0.0102,135478.14,0.106,-0.0025,-2.1,97.3,100.2,0.002,0.002,99.9,52.5,48.1,48.3,50.0,47.5,49.0,47.3,44.5,45.9,48.8,49.7,52.8,46.8,49.0,8178.0,360827.0,14.6508938160512
2025-10-30,3351312.31,0.082,-0.0007,1119962.73,0.062,-0.0102,135478.14,0.106,-0.0025,-2.1,97.3,100.2,0.002,0.002,99.9,52.5,48.1,48.3,50.0,47.5,49.0,47.3,44.5,45.9,48.8,49.7,52.8,46.8,49.0,8178.0,360827.0,14.6508938160512
2025-10-31,3351312.31,0.082,-0.0007,1119962.73,0.062,-0.0102,135478.14,0.106,-0.0025,-2.1,97.3,100.2,0.002,0.002,99.9,52.5,48.1,48.3,50.0,47.5,49.0,47.3,44.5,45.9,48.8,49.7,52.8,46.8,49.0,8178.0,360827.0,14.6508938160512
2025-11-03,3369890.52,0.08,0.0055,1128866.64,0.049,0.008,137369.38,0.106,0.014,-2.2,97.3,100.7,0.007,-0.001,100.0,53.6,47.3,48.4,50.1,48.2,49.2,47.3,45.5,47.6,49.2,50.0,53.1,47.0,49.5,24926.0,362465.0,15.6365248905734
2025-11-04,3369890.52,0.08,0.0055,1128866.64,0.049,0.008,137369.38,0.106,0.014,-2.2,97.3,100.7,0.007,-0.001,100.0,53.6,47.3,48.4,50.1,48.2,49.2,47.3,45.5,47.6,49.2,50.0,53.1,47.0,49.5,24926.0,362465.0,15.6365248905734
2025-11-05,3369890.52,0.08,0.0055,1128866.64,0.049,0.008,137369.38,0.106,0.014,-2.2,97.3,100.7,0.007,-0.001,100.0,53.6,47.3,48.4,50.1,48.2,49.2,47.3,45.5,47.6,49.2,50.0,53.1,47.0,49.5,24926.0,362465.0,15.6365248905734
2025-11-06,3369890.52,0.08,0.0055,1128866.64,0.049,0.008,137369.38,0.106,0.014,-2.2,97.3,100.7,0.007,-0.001,100.0,53.6,47.3,48.4,50.1,48.2,49.2,47.3,45.5,47.6,49.2,50.0,53.1,47.0,49.5,24926.0,362465.0,15.6365248905734
2025-11-07,3369890.52,0.08,0.0055,1128866.64,0.049,0.008,137369.38,0.106,0.014,-2.2,97.3,100.7,0.007,-0.001,100.0,53.6,47.3,48.4,50.1,48.2,49.2,47.3,45.5,47.6,49.2,50.0,53.1,47.0,49.5,24926.0,362465.0,15.6365248905734
2025-11-10,3369890.52,0.08,0.0055,1128866.64,0.049,0.008,137369.38,0.106,0.014,-2.2,97.3,100.7,0.007,-0.001,100.0,53.6,47.3,48.4,50.1,48.2,49.2,47.3,45.5,47.6,49.2,50.0,53.1,47.0,49.5,24926.0,362465.0,15.6365248905734
2025-11-11,3369890.52,0.08,0.0055,1128866.64,0.049,0.008,137369.38,0.106,0.014,-2.2,97.3,100.7,0.007,-0.001,100.0,53.6,47.3,48.4,50.1,48.2,49.2,47.3,45.5,47.6,49.2,50.0,53.1,47.0,49.5,24926.0,362465.0,15.6365248905734
2025-11-12,3369890.52,0.08,0.0055,1128866.64,0.049,0.008,137369.38,0.106,0.014,-2.2,97.3,100.7,0.007,-0.001,100.0,53.6,47.3,48.4,50.1,48.2,49.2,47.3,45.5,47.6,49.2,50.0,53.1,47.0,49.5,24926.0,362465.0,15.6365248905734
2025-11-13,3369890.52,0.08,0.0055,1128866.64,0.049,0.008,137369.38,0.106,0.014,-2.2,97.3,100.7,0.007,-0.001,100.0,53.6,47.3,48.4,50.1,48.2,49.2,47.3,45.5,47.6,49.2,50.0,53.1,47.0,49.5,24926.0,362465.0,15.6365248905734
2025-11-14,3369890.52,0.08,0.0055,1128866.64,0.049,0.008,137369.38,0.106,0.014,-2.2,97.3,100.7,0.007,-0.001,100.0,53.6,47.3,48.4,50.1,48.2,49.2,47.3,45.5,47.6,49.2,50.0,53.1,47.0,49.5,24926.0,362465.0,15.6365248905734
2025-11-17,3369890.52,0.08,0.0055,1128866.64,0.049,0.008,137369.38,0.106,0.014,-2.2,97.3,100.7,0.007,-0.001,100.0,53.6,47.3,48.4,50.1,48.2,49.2,47.3,45.5,47.6,49.2,50.0,53.1,47.0,49.5,24926.0,362465.0,15.6365248905734
2025-11-18,3369890.52,0.08,0.0055,1128866.64,0.049,0.008,137369.38,0.106,0.014,-2.2,97.3,100.7,0.007,-0.001,100.0,53.6,47.3,48.4,50.1,48.2,49.2,47.3,45.5,47.6,49.2,50.0,53.1,47.0,49.5,24926.0,362465.0,15.6365248905734
2025-11-19,3369890.52,0.08,0.0055,1128866.64,0.049,0.008,137369.38,0.106,0.014,-2.2,97.3,100.7,0.007,-0.001,100.0,53.6,47.3,48.4,50.1,48.2,49.2,47.3,45.5,47.6,49.2,50.0,53.1,47.0,49.5,24926.0,362465.0,15.6365248905734
2025-11-20,3369890.52,0.08,0.0055,1128866.64,0.049,0.008,137369.38,0.106,0.014,-2.2,97.3,100.7,0.007,-0.001,100.0,53.6,47.3,48.4,50.1,48.2,49.2,47.3,45.5,47.6,49.2,50.0,53.1,47.0,49.5,24926.0,362465.0,15.6365248905734
2025-11-21,3369890.52,0.08,0.0055,1128866.64,0.049,0.008,137369.38,0.106,0.014,-2.2,97.3,100.7,0.007,-0.001,100.0,53.6,47.3,48.4,50.1,48.2,49.2,47.3,45.5,47.6,49.2,50.0,53.1,47.0,49.5,24926.0,362465.0,15.6365248905734
2025-11-24,3369890.52,0.08,0.0055,1128866.64,0.049,0.008,137369.38,0.106,0.014,-2.2,97.3,100.7,0.007,-0.001,100.0,53.6,47.3,48.4,50.1,48.2,49.2,47.3,45.5,47.6,49.2,50.0,53.1,47.0,49.5,24926.0,362465.0,15.6365248905734
2025-11-25,3369890.52,0.08,0.0055,1128866.64,0.049,0.008,137369.38,0.106,0.014,-2.2,97.3,100.7,0.007,-0.001,100.0,53.6,47.3,48.4,50.1,48.2,49.2,47.3,45.5,47.6,49.2,50.0,53.1,47.0,49.5,24926.0,362465.0,15.6365248905734
2025-11-26,3369890.52,0.08,0.0055,1128866.64,0.049,0.008,137369.38,0.106,0.014,-2.2,97.3,100.7,0.007,-0.001,100.0,53.6,47.3,48.4,50.1,48.2,49.2,47.3,45.5,47.6,49.2,50.0,53.1,47.0,49.5,24926.0,362465.0,15.6365248905734
2025-11-27,3369890.52,0.08,0.0055,1128866.64,0.049,0.008,137369.38,0.106,0.014,-2.2,97.3,100.7,0.007,-0.001,100.0,53.6,47.3,48.4,50.1,48.2,49.2,47.3,45.5,47.6,49.2,50.0,53.1,47.0,49.5,24926.0,362465.0,15.6365248905734
2025-11-28,3369890.52,0.08,0.0055,1128866.64,0.049,0.008,137369.38,0.106,0.014,-2.2,97.3,100.7,0.007,-0.001,100.0,53.6,47.3,48.4,50.1,48.2,49.2,47.3,45.5,47.6,49.2,50.0,53.1,47.0,49.5,24926.0,362465.0,15.6365248905734
2025-12-01,3402948.06,0.085,0.0098,1155146.5,0.038,0.0233,141261.37,0.102,0.0283,-1.9,97.4,100.8,0.008,0.002,100.0,53.1,48.2,48.2,50.2,48.9,50.1,47.8,46.0,49.0,50.8,51.7,55.5,47.0,51.1,22075.0,356033.0,10.3779785340931
2025-12-02,3402948.06,0.085,0.0098,1155146.5,0.038,0.0233,141261.37,0.102,0.0283,-1.9,97.4,100.8,0.008,0.002,100.0,53.1,48.2,48.2,50.2,48.9,50.1,47.8,46.0,49.0,50.8,51.7,55.5,47.0,51.1,22075.0,356033.0,10.3779785340931
2025-12-03,3402948.06,0.085,0.0098,1155146.5,0.038,0.0233,141261.37,0.102,0.0283,-1.9,97.4,100.8,0.008,0.002,100.0,53.1,48.2,48.2,50.2,48.9,50.1,47.8,46.0,49.0,50.8,51.7,55.5,47.0,51.1,22075.0,356033.0,10.3779785340931
2025-12-04,3402948.06,0.085,0.0098,1155146.5,0.038,0.0233,141261.37,0.102,0.0283,-1.9,97.4,100.8,0.008,0.002,100.0,53.1,48.2,48.2,50.2,48.9,50.1,47.8,46.0,49.0,50.8,51.7,55.5,47.0,51.1,22075.0,356033.0,10.3779785340931
2025-12-05,3402948.06,0.085,0.0098,1155146.5,0.038,0.0233,141261.37,0.102,0.0283,-1.9,97.4,100.8,0.008,0.002,100.0,53.1,48.2,48.2,50.2,48.9,50.1,47.8,46.0,49.0,50.8,51.7,55.5,47.0,51.1,22075.0,356033.0,10.3779785340931
2025-12-08,3402948.06,0.085,0.0098,1155146.5,0.038,0.0233,141261.37,0.102,0.0283,-1.9,97.4,100.8,0.008,0.002,100.0,53.1,48.2,48.2,50.2,48.9,50.1,47.8,46.0,49.0,50.8,51.7,55.5,47.0,51.1,22075.0,356033.0,10.3779785340931
2025-12-09,3402948.06,0.085,0.0098,1155146.5,0.038,0.0233,141261.37,0.102,0.0283,-1.9,97.4,100.8,0.008,0.002,100.0,53.1,48.2,48.2,50.2,48.9,50.1,47.8,46.0,49.0,50.8,51.7,55.5,47.0,51.1,22075.0,356033.0,10.3779785340931
2025-12-10,3402948.06,0.085,0.0098,1155146.5,0.038,0.0233,141261.37,0.102,0.0283,-1.9,97.4,100.8,0.008,0.002,100.0,53.1,48.2,48.2,50.2,48.9,50.1,47.8,46.0,49.0,50.8,51.7,55.5,47.0,51.1,22075.0,356033.0,10.3779785340931
2025-12-11,3402948.06,0.085,0.0098,1155146.5,0.038,0.0233,141261.37,0.102,0.0283,-1.9,97.4,100.8,0.008,0.002,100.0,53.1,48.2,48.2,50.2,48.9,50.1,47.8,46.0,49.0,50.8,51.7,55.5,47.0,51.1,22075.0,356033.0,10.3779785340931
2025-12-12,3402948.06,0.085,0.0098,1155146.5,0.038,0.0233,141261.37,0.102,0.0283,-1.9,97.4,100.8,0.008,0.002,100.0,53.1,48.2,48.2,50.2,48.9,50.1,47.8,46.0,49.0,50.8,51.7,55.5,47.0,51.1,22075.0,356033.0,10.3779785340931
2025-12-15,3402948.06,0.085,0.0098,1155146.5,0.038,0.0233,141261.37,0.102,0.0283,-1.9,97.4,100.8,0.008,0.002,100.0,53.1,48.2,48.2,50.2,48.9,50.1,47.8,46.0,49.0,50.8,51.7,55.5,47.0,51.1,22075.0,356033.0,10.3779785340931
2025-12-16,3402948.06,0.085,0.0098,1155146.5,0.038,0.0233,141261.37,0.102,0.0283,-1.9,97.4,100.8,0.008,0.002,100.0,53.1,48.2,48.2,50.2,48.9,50.1,47.8,46.0,49.0,50.8,51.7,55.5,47.0,51.1,22075.0,356033.0,10.3779785340931
2025-12-17,3402948.06,0.085,0.0098,1155146.5,0.038,0.0233,141261.37,0.102,0.0283,-1.9,97.4,100.8,0.008,0.002,100.0,53.1,48.2,48.2,50.2,48.9,50.1,47.8,46.0,49.0,50.8,51.7,55.5,47.0,51.1,22075.0,356033.0,10.3779785340931
2025-12-18,3402948.06,0.085,0.0098,1155146.5,0.038,0.0233,141261.37,0.102,0.0283,-1.9,97.4,100.8,0.008,0.002,100.0,53.1,48.2,48.2,50.2,48.9,50.1,47.8,46.0,49.0,50.8,51.7,55.5,47.0,51.1,22075.0,356033.0,10.3779785340931
2025-12-19,3402948.06,0.085,0.0098,1155146.5,0.038,0.0233,141261.37,0.102,0.0283,-1.9,97.4,100.8,0.008,0.002,100.0,53.1,48.2,48.2,50.2,48.9,50.1,47.8,46.0,49.0,50.8,51.7,55.5,47.0,51.1,22075.0,356033.0,10.3779785340931
2025-12-22,3402948.06,0.085,0.0098,1155146.5,0.038,0.0233,141261.37,0.102,0.0283,-1.9,97.4,100.8,0.008,0.002,100.0,53.1,48.2,48.2,50.2,48.9,50.1,47.8,46.0,49.0,50.8,51.7,55.5,47.0,51.1,22075.0,356033.0,10.3779785340931
2025-12-23,3402948.06,0.085,0.0098,1155146.5,0.038,0.0233,141261.37,0.102,0.0283,-1.9,97.4,100.8,0.008,0.002,100.0,53.1,48.2,48.2,50.2,48.9,50.1,47.8,46.0,49.0,50.8,51.7,55.5,47.0,51.1,22075.0,356033.0,10.3779785340931
2025-12-24,3402948.06,0.085,0.0098,1155146.5,0.038,0.0233,141261.37,0.102,0.0283,-1.9,97.4,100.8,0.008,0.002,100.0,53.1,48.2,48.2,50.2,48.9,50.1,47.8,46.0,49.0,50.8,51.7,55.5,47.0,51.1,22075.0,356033.0,10.3779785340931
2025-12-25,3402948.06,0.085,0.0098,1155146.5,0.038,0.0233,141261.37,0.102,0.0283,-1.9,97.4,100.8,0.008,0.002,100.0,53.1,48.2,48.2,50.2,48.9,50.1,47.8,46.0,49.0,50.8,51.7,55.5,47.0,51.1,22075.0,356033.0,10.3779785340931
2025-12-26,3402948.06,0.085,0.0098,1155146.5,0.038,0.0233,141261.37,0.102,0.0283,-1.9,97.4,100.8,0.008,0.002,100.0,53.1,48.2,48.2,50.2,48.9,50.1,47.8,46.0,49.0,50.8,51.7,55.5,47.0,51.1,22075.0,356033.0,10.3779785340931
2025-12-29,3402948.06,0.085,0.0098,1155146.5,0.038,0.0233,141261.37,0.102,0.0283,-1.9,97.4,100.8,0.008,0.002,100.0,53.1,48.2,48.2,50.2,48.9,50.1,47.8,46.0,49.0,50.8,51.7,55.5,47.0,51.1,22075.0,356033.0,10.3779785340931
2025-12-30,3402948.06,0.085,0.0098,1155146.5,0.038,0.0233,141261.37,0.102,0.0283,-1.9,97.4,100.8,0.008,0.002,100.0,53.1,48.2,48.2,50.2,48.9,50.1,47.8,46.0,49.0,50.8,51.7,55.5,47.0,51.1,22075.0,356033.0,10.3779785340931
2025-12-31,3402948.06,0.085,0.0098,1155146.5,0.038,0.0233,141261.37,0.102,0.0283,-1.9,97.4,100.8,0.008,0.002,100.0,53.1,48.2,48.2,50.2,48.9,50.1,47.8,46.0,49.0,50.8,51.7,55.5,47.0,51.1,22075.0,356033.0,10.3779785340931
2026-01-05,3471860.39,0.09,0.0203,1179680.52,0.049,0.0212,146138.6,0.027,0.0345,-1.4,98.6,100.2,0.002,0.002,100.2,56.1,48.6,48.1,50.1,50.6,49.3,47.4,45.1,47.8,49.2,50.6,52.6,47.3,48.7,72185.0,357672.0,8.92347047537838
2026-01-06,3471860.39,0.09,0.0203,1179680.52,0.049,0.0212,146138.6,0.027,0.0345,-1.4,98.6,100.2,0.002,0.002,100.2,56.1,48.6,48.1,50.1,50.6,49.3,47.4,45.1,47.8,49.2,50.6,52.6,47.3,48.7,72185.0,357672.0,8.92347047537838
2026-01-07,3471860.39,0.09,0.0203,1179680.52,0.049,0.0212,146138.6,0.027,0.0345,-1.4,98.6,100.2,0.002,0.002,100.2,56.1,48.6,48.1,50.1,50.6,49.3,47.4,45.1,47.8,49.2,50.6,52.6,47.3,48.7,72185.0,357672.0,8.92347047537838
2026-01-08,3471860.39,0.09,0.0203,1179680.52,0.049,0.0212,146138.6,0.027,0.0345,-1.4,98.6,100.2,0.002,0.002,100.2,56.1,48.6,48.1,50.1,50.6,49.3,47.4,45.1,47.8,49.2,50.6,52.6,47.3,48.7,72185.0,357672.0,8.92347047537838
2026-01-09,3471860.39,0.09,0.0203,1179680.52,0.049,0.0212,146138.6,0.027,0.0345,-1.4,98.6,100.2,0.002,0.002,100.2,56.1,48.6,48.1,50.1,50.6,49.3,47.4,45.1,47.8,49.2,50.6,52.6,47.3,48.7,72185.0,357672.0,8.92347047537838
2026-01-12,3471860.39,0.09,0.0203,1179680.52,0.049,0.0212,146138.6,0.027,0.0345,-1.4,98.6,100.2,0.002,0.002,100.2,56.1,48.6,48.1,50.1,50.6,49.3,47.4,45.1,47.8,49.2,50.6,52.6,47.3,48.7,72185.0,357672.0,8.92347047537838
2026-01-13,3471860.39,0.09,0.0203,1179680.52,0.049,0.0212,146138.6,0.027,0.0345,-1.4,98.6,100.2,0.002,0.002,100.2,56.1,48.6,48.1,50.1,50.6,49.3,47.4,45.1,47.8,49.2,50.6,52.6,47.3,48.7,72185.0,357672.0,8.92347047537838
2026-01-14,3471860.39,0.09,0.0203,1179680.52,0.049,0.0212,146138.6,0.027,0.0345,-1.4,98.6,100.2,0.002,0.002,100.2,56.1,48.6,48.1,50.1,50.6,49.3,47.4,45.1,47.8,49.2,50.6,52.6,47.3,48.7,72185.0,357672.0,8.92347047537838
2026-01-15,3471860.39,0.09,0.0203,1179680.52,0.049,0.0212,146138.6,0.027,0.0345,-1.4,98.6,100.2,0.002,0.002,100.2,56.1,48.6,48.1,50.1,50.6,49.3,47.4,45.1,47.8,49.2,50.6,52.6,47.3,48.7,72185.0,357672.0,8.92347047537838
2026-01-16,3471860.39,0.09,0.0203,1179680.52,0.049,0.0212,146138.6,0.027,0.0345,-1.4,98.6,100.2,0.002,0.002,100.2,56.1,48.6,48.1,50.1,50.6,49.3,47.4,45.1,47.8,49.2,50.6,52.6,47.3,48.7,72185.0,357672.0,8.92347047537838
2026-01-19,3471860.39,0.09,0.0203,1179680.52,0.049,0.0212,146138.6,0.027,0.0345,-1.4,98.6,100.2,0.002,0.002,100.2,56.1,48.6,48.1,50.1,50.6,49.3,47.4,45.1,47.8,49.2,50.6,52.6,47.3,48.7,72185.0,357672.0,8.92347047537838
2026-01-20,3471860.39,0.09,0.0203,1179680.52,0.049,0.0212,146138.6,0.027,0.0345,-1.4,98.6,100.2,0.002,0.002,100.2,56.1,48.6,48.1,50.1,50.6,49.3,47.4,45.1,47.8,49.2,50.6,52.6,47.3,48.7,72185.0,357672.0,8.92347047537838
2026-01-21,3471860.39,0.09,0.0203,1179680.52,0.049,0.0212,146138.6,0.027,0.0345,-1.4,98.6,100.2,0.002,0.002,100.2,56.1,48.6,48.1,50.1,50.6,49.3,47.4,45.1,47.8,49.2,50.6,52.6,47.3,48.7,72185.0,357672.0,8.92347047537838
2026-01-22,3471860.39,0.09,0.0203,1179680.52,0.049,0.0212,146138.6,0.027,0.0345,-1.4,98.6,100.2,0.002,0.002,100.2,56.1,48.6,48.1,50.1,50.6,49.3,47.4,45.1,47.8,49.2,50.6,52.6,47.3,48.7,72185.0,357672.0,8.92347047537838
2026-01-23,3471860.39,0.09,0.0203,1179680.52,0.049,0.0212,146138.6,0.027,0.0345,-1.4,98.6,100.2,0.002,0.002,100.2,56.1,48.6,48.1,50.1,50.6,49.3,47.4,45.1,47.8,49.2,50.6,52.6,47.3,48.7,72185.0,357672.0,8.92347047537838
2026-01-26,3471860.39,0.09,0.0203,1179680.52,0.049,0.0212,146138.6,0.027,0.0345,-1.4,98.6,100.2,0.002,0.002,100.2,56.1,48.6,48.1,50.1,50.6,49.3,47.4,45.1,47.8,49.2,50.6,52.6,47.3,48.7,72185.0,357672.0,8.92347047537838
2026-01-27,3471860.39,0.09,0.0203,1179680.52,0.049,0.0212,146138.6,0.027,0.0345,-1.4,98.6,100.2,0.002,0.002,100.2,56.1,48.6,48.1,50.1,50.6,49.3,47.4,45.1,47.8,49.2,50.6,52.6,47.3,48.7,72185.0,357672.0,8.92347047537838
2026-01-28,3471860.39,0.09,0.0203,1179680.52,0.049,0.0212,146138.6,0.027,0.0345,-1.4,98.6,100.2,0.002,0.002,100.2,56.1,48.6,48.1,50.1,50.6,49.3,47.4,45.1,47.8,49.2,50.6,52.6,47.3,48.7,72185.0,357672.0,8.92347047537838
2026-01-29,3471860.39,0.09,0.0203,1179680.52,0.049,0.0212,146138.6,0.027,0.0345,-1.4,98.6,100.2,0.002,0.002,100.2,56.1,48.6,48.1,50.1,50.6,49.3,47.4,45.1,47.8,49.2,50.6,52.6,47.3,48.7,72185.0,357672.0,8.92347047537838
2026-01-30,3471860.39,0.09,0.0203,1179680.52,0.049,0.0212,146138.6,0.027,0.0345,-1.4,98.6,100.2,0.002,0.002,100.2,56.1,48.6,48.1,50.1,50.6,49.3,47.4,45.1,47.8,49.2,50.6,52.6,47.3,48.7,72185.0,357672.0,8.92347047537838
2026-02-02,3492159.91,0.09,0.0058,1159258.82,0.059,-0.0173,151436.41,0.141,0.0363,-0.9,98.8,101.3,0.013,0.01,100.8,54.8,45.8,48.0,49.1,50.6,49.0,47.5,44.0,45.0,48.6,49.6,53.2,45.6,48.2,23837.0,359178.0,6.9803599192237
2026-02-03,3492159.91,0.09,0.0058,1159258.82,0.059,-0.0173,151436.41,0.141,0.0363,-0.9,98.8,101.3,0.013,0.01,100.8,54.8,45.8,48.0,49.1,50.6,49.0,47.5,44.0,45.0,48.6,49.6,53.2,45.6,48.2,23837.0,359178.0,6.9803599192237
2026-02-04,3492159.91,0.09,0.0058,1159258.82,0.059,-0.0173,151436.41,0.141,0.0363,-0.9,98.8,101.3,0.013,0.01,100.8,54.8,45.8,48.0,49.1,50.6,49.0,47.5,44.0,45.0,48.6,49.6,53.2,45.6,48.2,23837.0,359178.0,6.9803599192237
2026-02-05,3492159.91,0.09,0.0058,1159258.82,0.059,-0.0173,151436.41,0.141,0.0363,-0.9,98.8,101.3,0.013,0.01,100.8,54.8,45.8,48.0,49.1,50.6,49.0,47.5,44.0,45.0,48.6,49.6,53.2,45.6,48.2,23837.0,359178.0,6.9803599192237
2026-02-06,3492159.91,0.09,0.0058,1159258.82,0.059,-0.0173,151436.41,0.141,0.0363,-0.9,98.8,101.3,0.013,0.01,100.8,54.8,45.8,48.0,49.1,50.6,49.0,47.5,44.0,45.0,48.6,49.6,53.2,45.6,48.2,23837.0,359178.0,6.9803599192237
2026-02-09,3492159.91,0.09,0.0058,1159258.82,0.059,-0.0173,151436.41,0.141,0.0363,-0.9,98.8,101.3,0.013,0.01,100.8,54.8,45.8,48.0,49.1,50.6,49.0,47.5,44.0,45.0,48.6,49.6,53.2,45.6,48.2,23837.0,359178.0,6.9803599192237
2026-02-10,3492159.91,0.09,0.0058,1159258.82,0.059,-0.0173,151436.41,0.141,0.0363,-0.9,98.8,101.3,0.013,0.01,100.8,54.8,45.8,48.0,49.1,50.6,49.0,47.5,44.0,45.0,48.6,49.6,53.2,45.6,48.2,23837.0,359178.0,6.9803599192237
2026-02-11,3492159.91,0.09,0.0058,1159258.82,0.059,-0.0173,151436.41,0.141,0.0363,-0.9,98.8,101.3,0.013,0.01,100.8,54.8,45.8,48.0,49.1,50.6,49.0,47.5,44.0,45.0,48.6,49.6,53.2,45.6,48.2,23837.0,359178.0,6.9803599192237
2026-02-12,3492159.91,0.09,0.0058,1159258.82,0.059,-0.0173,151436.41,0.141,0.0363,-0.9,98.8,101.3,0.013,0.01,100.8,54.8,45.8,48.0,49.1,50.6,49.0,47.5,44.0,45.0,48.6,49.6,53.2,45.6,48.2,23837.0,359178.0,6.9803599192237
2026-02-13,3492159.91,0.09,0.0058,1159258.82,0.059,-0.0173,151436.41,0.141,0.0363,-0.9,98.8,101.3,0.013,0.01,100.8,54.8,45.8,48.0,49.1,50.6,49.0,47.5,44.0,45.0,48.6,49.6,53.2,45.6,48.2,23837.0,359178.0,6.9803599192237
2026-02-24,3492159.91,0.09,0.0058,1159258.82,0.059,-0.0173,151436.41,0.141,0.0363,-0.9,98.8,101.3,0.013,0.01,100.8,54.8,45.8,48.0,49.1,50.6,49.0,47.5,44.0,45.0,48.6,49.6,53.2,45.6,48.2,23837.0,359178.0,6.9803599192237
2026-02-25,3492159.91,0.09,0.0058,1159258.82,0.059,-0.0173,151436.41,0.141,0.0363,-0.9,98.8,101.3,0.013,0.01,100.8,54.8,45.8,48.0,49.1,50.6,49.0,47.5,44.0,45.0,48.6,49.6,53.2,45.6,48.2,23837.0,359178.0,6.9803599192237
2026-02-26,3492159.91,0.09,0.0058,1159258.82,0.059,-0.0173,151436.41,0.141,0.0363,-0.9,98.8,101.3,0.013,0.01,100.8,54.8,45.8,48.0,49.1,50.6,49.0,47.5,44.0,45.0,48.6,49.6,53.2,45.6,48.2,23837.0,359178.0,6.9803599192237
2026-02-27,3492159.91,0.09,0.0058,1159258.82,0.059,-0.0173,151436.41,0.141,0.0363,-0.9,98.8,101.3,0.013,0.01,100.8,54.8,45.8,48.0,49.1,50.6,49.0,47.5,44.0,45.0,48.6,49.6,53.2,45.6,48.2,23837.0,359178.0,6.9803599192237
2026-03-02,3538636.53,0.085,0.0133,1193202.99,0.051,0.0293,147082.81,0.125,-0.0287,0.5,99.4,101.0,0.01,-0.007,100.9,63.9,46.7,48.6,49.5,55.4,50.4,47.7,47.1,49.1,51.6,51.4,53.4,49.8,50.9,52240.0,352457.0,1.75795685513673
2026-03-03,3538636.53,0.085,0.0133,1193202.99,0.051,0.0293,147082.81,0.125,-0.0287,0.5,99.4,101.0,0.01,-0.007,100.9,63.9,46.7,48.6,49.5,55.4,50.4,47.7,47.1,49.1,51.6,51.4,53.4,49.8,50.9,52240.0,352457.0,1.75795685513673
2026-03-04,3538636.53,0.085,0.0133,1193202.99,0.051,0.0293,147082.81,0.125,-0.0287,0.5,99.4,101.0,0.01,-0.007,100.9,63.9,46.7,48.6,49.5,55.4,50.4,47.7,47.1,49.1,51.6,51.4,53.4,49.8,50.9,52240.0,352457.0,1.75795685513673
2026-03-05,3538636.53,0.085,0.0133,1193202.99,0.051,0.0293,147082.81,0.125,-0.0287,0.5,99.4,101.0,0.01,-0.007,100.9,63.9,46.7,48.6,49.5,55.4,50.4,47.7,47.1,49.1,51.6,51.4,53.4,49.8,50.9,52240.0,352457.0,1.75795685513673
2026-03-06,3538636.53,0.085,0.0133,1193202.99,0.051,0.0293,147082.81,0.125,-0.0287,0.5,99.4,101.0,0.01,-0.007,100.9,63.9,46.7,48.6,49.5,55.4,50.4,47.7,47.1,49.1,51.6,51.4,53.4,49.8,50.9,52240.0,352457.0,1.75795685513673
2026-03-09,3538636.53,0.085,0.0133,1193202.99,0.051,0.0293,147082.81,0.125,-0.0287,0.5,99.4,101.0,0.01,-0.007,100.9,63.9,46.7,48.6,49.5,55.4,50.4,47.7,47.1,49.1,51.6,51.4,53.4,49.8,50.9,52240.0,352457.0,1.75795685513673
2026-03-10,3538636.53,0.085,0.0133,1193202.99,0.051,0.0293,147082.81,0.125,-0.0287,0.5,99.4,101.0,0.01,-0.007,100.9,63.9,46.7,48.6,49.5,55.4,50.4,47.7,47.1,49.1,51.6,51.4,53.4,49.8,50.9,52240.0,352457.0,1.75795685513673
2026-03-11,3538636.53,0.085,0.0133,1193202.99,0.051,0.0293,147082.81,0.125,-0.0287,0.5,99.4,101.0,0.01,-0.007,100.9,63.9,46.7,48.6,49.5,55.4,50.4,47.7,47.1,49.1,51.6,51.4,53.4,49.8,50.9,52240.0,352457.0,1.75795685513673
2026-03-12,3538636.53,0.085,0.0133,1193202.99,0.051,0.0293,147082.81,0.125,-0.0287,0.5,99.4,101.0,0.01,-0.007,100.9,63.9,46.7,48.6,49.5,55.4,50.4,47.7,47.1,49.1,51.6,51.4,53.4,49.8,50.9,52240.0,352457.0,1.75795685513673
2026-03-13,3538636.53,0.085,0.0133,1193202.99,0.051,0.0293,147082.81,0.125,-0.0287,0.5,99.4,101.0,0.01,-0.007,100.9,63.9,46.7,48.6,49.5,55.4,50.4,47.7,47.1,49.1,51.6,51.4,53.4,49.8,50.9,52240.0,352457.0,1.75795685513673
2026-03-16,3538636.53,0.085,0.0133,1193202.99,0.051,0.0293,147082.81,0.125,-0.0287,0.5,99.4,101.0,0.01,-0.007,100.9,63.9,46.7,48.6,49.5,55.4,50.4,47.7,47.1,49.1,51.6,51.4,53.4,49.8,50.9,52240.0,352457.0,1.75795685513673
2026-03-17,3538636.53,0.085,0.0133,1193202.99,0.051,0.0293,147082.81,0.125,-0.0287,0.5,99.4,101.0,0.01,-0.007,100.9,63.9,46.7,48.6,49.5,55.4,50.4,47.7,47.1,49.1,51.6,51.4,53.4,49.8,50.9,52240.0,352457.0,1.75795685513673
2026-03-18,3538636.53,0.085,0.0133,1193202.99,0.051,0.0293,147082.81,0.125,-0.0287,0.5,99.4,101.0,0.01,-0.007,100.9,63.9,46.7,48.6,49.5,55.4,50.4,47.7,47.1,49.1,51.6,51.4,53.4,49.8,50.9,52240.0,352457.0,1.75795685513673
2026-03-19,3538636.53,0.085,0.0133,1193202.99,0.051,0.0293,147082.81,0.125,-0.0287,0.5,99.4,101.0,0.01,-0.007,100.9,63.9,46.7,48.6,49.5,55.4,50.4,47.7,47.1,49.1,51.6,51.4,53.4,49.8,50.9,52240.0,352457.0,1.75795685513673
2026-03-20,3538636.53,0.085,0.0133,1193202.99,0.051,0.0293,147082.81,0.125,-0.0287,0.5,99.4,101.0,0.01,-0.007,100.9,63.9,46.7,48.6,49.5,55.4,50.4,47.7,47.1,49.1,51.6,51.4,53.4,49.8,50.9,52240.0,352457.0,1.75795685513673
2026-03-23,3538636.53,0.085,0.0133,1193202.99,0.051,0.0293,147082.81,0.125,-0.0287,0.5,99.4,101.0,0.01,-0.007,100.9,63.9,46.7,48.6,49.5,55.4,50.4,47.7,47.1,49.1,51.6,51.4,53.4,49.8,50.9,52240.0,352457.0,1.75795685513673
2026-03-24,3538636.53,0.085,0.0133,1193202.99,0.051,0.0293,147082.81,0.125,-0.0287,0.5,99.4,101.0,0.01,-0.007,100.9,63.9,46.7,48.6,49.5,55.4,50.4,47.7,47.1,49.1,51.6,51.4,53.4,49.8,50.9,52240.0,352457.0,1.75795685513673
2026-03-25,3538636.53,0.085,0.0133,1193202.99,0.051,0.0293,147082.81,0.125,-0.0287,0.5,99.4,101.0,0.01,-0.007,100.9,63.9,46.7,48.6,49.5,55.4,50.4,47.7,47.1,49.1,51.6,51.4,53.4,49.8,50.9,52240.0,352457.0,1.75795685513673
2026-03-26,3538636.53,0.085,0.0133,1193202.99,0.051,0.0293,147082.81,0.125,-0.0287,0.5,99.4,101.0,0.01,-0.007,100.9,63.9,46.7,48.6,49.5,55.4,50.4,47.7,47.1,49.1,51.6,51.4,53.4,49.8,50.9,52240.0,352457.0,1.75795685513673
2026-03-27,3538636.53,0.085,0.0133,1193202.99,0.051,0.0293,147082.81,0.125,-0.0287,0.5,99.4,101.0,0.01,-0.007,100.9,63.9,46.7,48.6,49.5,55.4,50.4,47.7,47.1,49.1,51.6,51.4,53.4,49.8,50.9,52240.0,352457.0,1.75795685513673
2026-03-30,3538636.53,0.085,0.0133,1193202.99,0.051,0.0293,147082.81,0.125,-0.0287,0.5,99.4,101.0,0.01,-0.007,100.9,63.9,46.7,48.6,49.5,55.4,50.4,47.7,47.1,49.1,51.6,51.4,53.4,49.8,50.9,52240.0,352457.0,1.75795685513673
2026-03-31,3538636.53,0.085,0.0133,1193202.99,0.051,0.0293,147082.81,0.125,-0.0287,0.5,99.4,101.0,0.01,-0.007,100.9,63.9,46.7,48.6,49.5,55.4,50.4,47.7,47.1,49.1,51.6,51.4,53.4,49.8,50.9,52240.0,352457.0,1.75795685513673
2026-04-01,3530425.21,0.086,-0.0023,1145833.73,0.05,-0.0397,147477.38,0.122,0.0027,2.8,100.2,101.2,0.012,0.003,100.9,63.7,47.5,48.8,49.5,55.1,50.3,49.3,46.2,50.3,50.6,51.5,54.5,50.1,51.1,6245.0,347103.0,-3.21282676890903
2026-04-02,3530425.21,0.086,-0.0023,1145833.73,0.05,-0.0397,147477.38,0.122,0.0027,2.8,100.2,101.2,0.012,0.003,100.9,63.7,47.5,48.8,49.5,55.1,50.3,49.3,46.2,50.3,50.6,51.5,54.5,50.1,51.1,6245.0,347103.0,-3.21282676890903
2026-04-03,3530425.21,0.086,-0.0023,1145833.73,0.05,-0.0397,147477.38,0.122,0.0027,2.8,100.2,101.2,0.012,0.003,100.9,63.7,47.5,48.8,49.5,55.1,50.3,49.3,46.2,50.3,50.6,51.5,54.5,50.1,51.1,6245.0,347103.0,-3.21282676890903
2026-04-07,3530425.21,0.086,-0.0023,1145833.73,0.05,-0.0397,147477.38,0.122,0.0027,2.8,100.2,101.2,0.012,0.003,100.9,63.7,47.5,48.8,49.5,55.1,50.3,49.3,46.2,50.3,50.6,51.5,54.5,50.1,51.1,6245.0,347103.0,-3.21282676890903
2026-04-08,3530425.21,0.086,-0.0023,1145833.73,0.05,-0.0397,147477.38,0.122,0.0027,2.8,100.2,101.2,0.012,0.003,100.9,63.7,47.5,48.8,49.5,55.1,50.3,49.3,46.2,50.3,50.6,51.5,54.5,50.1,51.1,6245.0,347103.0,-3.21282676890903
2026-04-09,3530425.21,0.086,-0.0023,1145833.73,0.05,-0.0397,147477.38,0.122,0.0027,2.8,100.2,101.2,0.012,0.003,100.9,63.7,47.5,48.8,49.5,55.1,50.3,49.3,46.2,50.3,50.6,51.5,54.5,50.1,51.1,6245.0,347103.0,-3.21282676890903
2026-04-10,3530425.21,0.086,-0.0023,1145833.73,0.05,-0.0397,147477.38,0.122,0.0027,2.8,100.2,101.2,0.012,0.003,100.9,63.7,47.5,48.8,49.5,55.1,50.3,49.3,46.2,50.3,50.6,51.5,54.5,50.1,51.1,6245.0,347103.0,-3.21282676890903
2026-04-13,3530425.21,0.086,-0.0023,1145833.73,0.05,-0.0397,147477.38,0.122,0.0027,2.8,100.2,101.2,0.012,0.003,100.9,63.7,47.5,48.8,49.5,55.1,50.3,49.3,46.2,50.3,50.6,51.5,54.5,50.1,51.1,6245.0,347103.0,-3.21282676890903
2026-04-14,3530425.21,0.086,-0.0023,1145833.73,0.05,-0.0397,147477.38,0.122,0.0027,2.8,100.2,101.2,0.012,0.003,100.9,63.7,47.5,48.8,49.5,55.1,50.3,49.3,46.2,50.3,50.6,51.5,54.5,50.1,51.1,6245.0,347103.0,-3.21282676890903
2026-04-15,3530425.21,0.086,-0.0023,1145833.73,0.05,-0.0397,147477.38,0.122,0.0027,2.8,100.2,101.2,0.012,0.003,100.9,63.7,47.5,48.8,49.5,55.1,50.3,49.3,46.2,50.3,50.6,51.5,54.5,50.1,51.1,6245.0,347103.0,-3.21282676890903
2026-04-16,3530425.21,0.086,-0.0023,1145833.73,0.05,-0.0397,147477.38,0.122,0.0027,2.8,100.2,101.2,0.012,0.003,100.9,63.7,47.5,48.8,49.5,55.1,50.3,49.3,46.2,50.3,50.6,51.5,54.5,50.1,51.1,6245.0,347103.0,-3.21282676890903
2026-04-17,3530425.21,0.086,-0.0023,1145833.73,0.05,-0.0397,147477.38,0.122,0.0027,2.8,100.2,101.2,0.012,0.003,100.9,63.7,47.5,48.8,49.5,55.1,50.3,49.3,46.2,50.3,50.6,51.5,54.5,50.1,51.1,6245.0,347103.0,-3.21282676890903
2026-04-20,3530425.21,0.086,-0.0023,1145833.73,0.05,-0.0397,147477.38,0.122,0.0027,2.8,100.2,101.2,0.012,0.003,100.9,63.7,47.5,48.8,49.5,55.1,50.3,49.3,46.2,50.3,50.6,51.5,54.5,50.1,51.1,6245.0,347103.0,-3.21282676890903
2026-04-21,3530425.21,0.086,-0.0023,1145833.73,0.05,-0.0397,147477.38,0.122,0.0027,2.8,100.2,101.2,0.012,0.003,100.9,63.7,47.5,48.8,49.5,55.1,50.3,49.3,46.2,50.3,50.6,51.5,54.5,50.1,51.1,6245.0,347103.0,-3.21282676890903
2026-04-22,3530425.21,0.086,-0.0023,1145833.73,0.05,-0.0397,147477.38,0.122,0.0027,2.8,100.2,101.2,0.012,0.003,100.9,63.7,47.5,48.8,49.5,55.1,50.3,49.3,46.2,50.3,50.6,51.5,54.5,50.1,51.1,6245.0,347103.0,-3.21282676890903
2026-04-23,3530425.21,0.086,-0.0023,1145833.73,0.05,-0.0397,147477.38,0.122,0.0027,2.8,100.2,101.2,0.012,0.003,100.9,63.7,47.5,48.8,49.5,55.1,50.3,49.3,46.2,50.3,50.6,51.5,54.5,50.1,51.1,6245.0,347103.0,-3.21282676890903
2026-04-24,3530425.21,0.086,-0.0023,1145833.73,0.05,-0.0397,147477.38,0.122,0.0027,2.8,100.2,101.2,0.012,0.003,100.9,63.7,47.5,48.8,49.5,55.1,50.3,49.3,46.2,50.3,50.6,51.5,54.5,50.1,51.1,6245.0,347103.0,-3.21282676890903
2026-04-27,3530425.21,0.086,-0.0023,1145833.73,0.05,-0.0397,147477.38,0.122,0.0027,2.8,100.2,101.2,0.012,0.003,100.9,63.7,47.5,48.8,49.5,55.1,50.3,49.3,46.2,50.3,50.6,51.5,54.5,50.1,51.1,6245.0,347103.0,-3.21282676890903
2026-04-28,3530425.21,0.086,-0.0023,1145833.73,0.05,-0.0397,147477.38,0.122,0.0027,2.8,100.2,101.2,0.012,0.003,100.9,63.7,47.5,48.8,49.5,55.1,50.3,49.3,46.2,50.3,50.6,51.5,54.5,50.1,51.1,6245.0,347103.0,-3.21282676890903
2026-04-29,3530425.21,0.086,-0.0023,1145833.73,0.05,-0.0397,147477.38,0.122,0.0027,2.8,100.2,101.2,0.012,0.003,100.9,63.7,47.5,48.8,49.5,55.1,50.3,49.3,46.2,50.3,50.6,51.5,54.5,50.1,51.1,6245.0,347103.0,-3.21282676890903
2026-04-30,3530425.21,0.086,-0.0023,1145833.73,0.05,-0.0397,147477.38,0.122,0.0027,2.8,100.2,101.2,0.012,0.003,100.9,63.7,47.5,48.8,49.5,55.1,50.3,49.3,46.2,50.3,50.6,51.5,54.5,50.1,51.1,6245.0,347103.0,-3.21282676890903
2026-05-06,3536688.9,0.086,0.0018,1148891.41,0.055,0.0027,146854.71,0.119,-0.0042,3.9,101.0,101.2,0.012,-0.001,101.0,60.5,49.3,48.6,49.2,51.9,50.0,48.6,46.8,48.6,49.9,51.2,53.9,48.8,49.8,6245.0,347103.0,-3.21282676890903
2026-05-07,3536688.9,0.086,0.0018,1148891.41,0.055,0.0027,146854.71,0.119,-0.0042,3.9,101.0,101.2,0.012,-0.001,101.0,60.5,49.3,48.6,49.2,51.9,50.0,48.6,46.8,48.6,49.9,51.2,53.9,48.8,49.8,6245.0,347103.0,-3.21282676890903
2026-05-08,3536688.9,0.086,0.0018,1148891.41,0.055,0.0027,146854.71,0.119,-0.0042,3.9,101.0,101.2,0.012,-0.001,101.0,60.5,49.3,48.6,49.2,51.9,50.0,48.6,46.8,48.6,49.9,51.2,53.9,48.8,49.8,6245.0,347103.0,-3.21282676890903
2026-05-11,3536688.9,0.086,0.0018,1148891.41,0.055,0.0027,146854.71,0.119,-0.0042,3.9,101.0,101.2,0.012,-0.001,101.0,60.5,49.3,48.6,49.2,51.9,50.0,48.6,46.8,48.6,49.9,51.2,53.9,48.8,49.8,6245.0,347103.0,-3.21282676890903
2026-05-12,3536688.9,0.086,0.0018,1148891.41,0.055,0.0027,146854.71,0.119,-0.0042,3.9,101.0,101.2,0.012,-0.001,101.0,60.5,49.3,48.6,49.2,51.9,50.0,48.6,46.8,48.6,49.9,51.2,53.9,48.8,49.8,6245.0,347103.0,-3.21282676890903
2026-05-13,3536688.9,0.086,0.0018,1148891.41,0.055,0.0027,146854.71,0.119,-0.0042,3.9,101.0,101.2,0.012,-0.001,101.0,60.5,49.3,48.6,49.2,51.9,50.0,48.6,46.8,48.6,49.9,51.2,53.9,48.8,49.8,6245.0,347103.0,-3.21282676890903
2026-05-14,3536688.9,0.086,0.0018,1148891.41,0.055,0.0027,146854.71,0.119,-0.0042,3.9,101.0,101.2,0.012,-0.001,101.0,60.5,49.3,48.6,49.2,51.9,50.0,48.6,46.8,48.6,49.9,51.2,53.9,48.8,49.8,6245.0,347103.0,-3.21282676890903
2026-05-15,3536688.9,0.086,0.0018,1148891.41,0.055,0.0027,146854.71,0.119,-0.0042,3.9,101.0,101.2,0.012,-0.001,101.0,60.5,49.3,48.6,49.2,51.9,50.0,48.6,46.8,48.6,49.9,51.2,53.9,48.8,49.8,6245.0,347103.0,-3.21282676890903
2026-05-18,3536688.9,0.086,0.0018,1148891.41,0.055,0.0027,146854.71,0.119,-0.0042,3.9,101.0,101.2,0.012,-0.001,101.0,60.5,49.3,48.6,49.2,51.9,50.0,48.6,46.8,48.6,49.9,51.2,53.9,48.8,49.8,6245.0,347103.0,-3.21282676890903
2026-05-19,3536688.9,0.086,0.0018,1148891.41,0.055,0.0027,146854.71,0.119,-0.0042,3.9,101.0,101.2,0.012,-0.001,101.0,60.5,49.3,48.6,49.2,51.9,50.0,48.6,46.8,48.6,49.9,51.2,53.9,48.8,49.8,6245.0,347103.0,-3.21282676890903
2026-05-20,3536688.9,0.086,0.0018,1148891.41,0.055,0.0027,146854.71,0.119,-0.0042,3.9,101.0,101.2,0.012,-0.001,101.0,60.5,49.3,48.6,49.2,51.9,50.0,48.6,46.8,48.6,49.9,51.2,53.9,48.8,49.8,6245.0,347103.0,-3.21282676890903
2026-05-21,3536688.9,0.086,0.0018,1148891.41,0.055,0.0027,146854.71,0.119,-0.0042,3.9,101.0,101.2,0.012,-0.001,101.0,60.5,49.3,48.6,49.2,51.9,50.0,48.6,46.8,48.6,49.9,51.2,53.9,48.8,49.8,6245.0,347103.0,-3.21282676890903
2026-05-22,3536688.9,0.086,0.0018,1148891.41,0.055,0.0027,146854.71,0.119,-0.0042,3.9,101.0,101.2,0.012,-0.001,101.0,60.5,49.3,48.6,49.2,51.9,50.0,48.6,46.8,48.6,49.9,51.2,53.9,48.8,49.8,6245.0,347103.0,-3.21282676890903
2026-05-25,3536688.9,0.086,0.0018,1148891.41,0.055,0.0027,146854.71,0.119,-0.0042,3.9,101.0,101.2,0.012,-0.001,101.0,60.5,49.3,48.6,49.2,51.9,50.0,48.6,46.8,48.6,49.9,51.2,53.9,48.8,49.8,6245.0,347103.0,-3.21282676890903
2026-05-26,3536688.9,0.086,0.0018,1148891.41,0.055,0.0027,146854.71,0.119,-0.0042,3.9,101.0,101.2,0.012,-0.001,101.0,60.5,49.3,48.6,49.2,51.9,50.0,48.6,46.8,48.6,49.9,51.2,53.9,48.8,49.8,6245.0,347103.0,-3.21282676890903
2026-05-27,3536688.9,0.086,0.0018,1148891.41,0.055,0.0027,146854.71,0.119,-0.0042,3.9,101.0,101.2,0.012,-0.001,101.0,60.5,49.3,48.6,49.2,51.9,50.0,48.6,46.8,48.6,49.9,51.2,53.9,48.8,49.8,6245.0,347103.0,-3.21282676890903
2026-05-28,3536688.9,0.086,0.0018,1148891.41,0.055,0.0027,146854.71,0.119,-0.0042,3.9,101.0,101.2,0.012,-0.001,101.0,60.5,49.3,48.6,49.2,51.9,50.0,48.6,46.8,48.6,49.9,51.2,53.9,48.8,49.8,6245.0,347103.0,-3.21282676890903
2026-05-29,3536688.9,0.086,0.0018,1148891.41,0.055,0.0027,146854.71,0.119,-0.0042,3.9,101.0,101.2,0.012,-0.001,101.0,60.5,49.3,48.6,49.2,51.9,50.0,48.6,46.8,48.6,49.9,51.2,53.9,48.8,49.8,6245.0,347103.0,-3.21282676890903
2026-06-01,3536688.9,0.086,0.0018,1148891.41,0.055,0.0027,146854.71,0.119,-0.0042,4.1,101.5,101.2,0.012,-0.001,101.0,54.2,47.7,48.5,49.9,48.2,50.3,48.4,47.1,50.1,51.2,51.4,54.3,49.6,51.4,6245.0,347103.0,-3.21282676890903
2026-06-02,3536688.9,0.086,0.0018,1148891.41,0.055,0.0027,146854.71,0.119,-0.0042,4.1,101.5,101.2,0.012,-0.001,101.0,54.2,47.7,48.5,49.9,48.2,50.3,48.4,47.1,50.1,51.2,51.4,54.3,49.6,51.4,6245.0,347103.0,-3.21282676890903
2026-06-03,3536688.9,0.086,0.0018,1148891.41,0.055,0.0027,146854.71,0.119,-0.0042,4.1,101.5,101.2,0.012,-0.001,101.0,54.2,47.7,48.5,49.9,48.2,50.3,48.4,47.1,50.1,51.2,51.4,54.3,49.6,51.4,6245.0,347103.0,-3.21282676890903
2026-06-04,3536688.9,0.086,0.0018,1148891.41,0.055,0.0027,146854.71,0.119,-0.0042,4.1,101.5,101.2,0.012,-0.001,101.0,54.2,47.7,48.5,49.9,48.2,50.3,48.4,47.1,50.1,51.2,51.4,54.3,49.6,51.4,6245.0,347103.0,-3.21282676890903
2026-06-05,3536688.9,0.086,0.0018,1148891.41,0.055,0.0027,146854.71,0.119,-0.0042,4.1,101.5,101.2,0.012,-0.001,101.0,54.2,47.7,48.5,49.9,48.2,50.3,48.4,47.1,50.1,51.2,51.4,54.3,49.6,51.4,6245.0,347103.0,-3.21282676890903
2026-06-08,3536688.9,0.086,0.0018,1148891.41,0.055,0.0027,146854.71,0.119,-0.0042,4.1,101.5,101.2,0.012,-0.001,101.0,54.2,47.7,48.5,49.9,48.2,50.3,48.4,47.1,50.1,51.2,51.4,54.3,49.6,51.4,6245.0,347103.0,-3.21282676890903
2026-06-09,3536688.9,0.086,0.0018,1148891.41,0.055,0.0027,146854.71,0.119,-0.0042,4.1,101.5,101.2,0.012,-0.001,101.0,54.2,47.7,48.5,49.9,48.2,50.3,48.4,47.1,50.1,51.2,51.4,54.3,49.6,51.4,6245.0,347103.0,-3.21282676890903
2026-06-10,3536688.9,0.086,0.0018,1148891.41,0.055,0.0027,146854.71,0.119,-0.0042,4.1,101.5,101.2,0.012,-0.001,101.0,54.2,47.7,48.5,49.9,48.2,50.3,48.4,47.1,50.1,51.2,51.4,54.3,49.6,51.4,6245.0,347103.0,-3.21282676890903
2026-06-11,3536688.9,0.086,0.0018,1148891.41,0.055,0.0027,146854.71,0.119,-0.0042,4.1,101.5,101.2,0.012,-0.001,101.0,54.2,47.7,48.5,49.9,48.2,50.3,48.4,47.1,50.1,51.2,51.4,54.3,49.6,51.4,6245.0,347103.0,-3.21282676890903
2026-06-12,3536688.9,0.086,0.0018,1148891.41,0.055,0.0027,146854.71,0.119,-0.0042,4.1,101.5,101.2,0.012,-0.001,101.0,54.2,47.7,48.5,49.9,48.2,50.3,48.4,47.1,50.1,51.2,51.4,54.3,49.6,51.4,6245.0,347103.0,-3.21282676890903
2026-06-15,3536688.9,0.086,0.0018,1148891.41,0.055,0.0027,146854.71,0.119,-0.0042,4.1,101.5,101.2,0.012,-0.001,101.0,54.2,47.7,48.5,49.9,48.2,50.3,48.4,47.1,50.1,51.2,51.4,54.3,49.6,51.4,6245.0,347103.0,-3.21282676890903
2026-06-16,3536688.9,0.086,0.0018,1148891.41,0.055,0.0027,146854.71,0.119,-0.0042,4.1,101.5,101.2,0.012,-0.001,101.0,54.2,47.7,48.5,49.9,48.2,50.3,48.4,47.1,50.1,51.2,51.4,54.3,49.6,51.4,6245.0,347103.0,-3.21282676890903
2026-06-17,3536688.9,0.086,0.0018,1148891.41,0.055,0.0027,146854.71,0.119,-0.0042,4.1,101.5,101.2,0.012,-0.001,101.0,54.2,47.7,48.5,49.9,48.2,50.3,48.4,47.1,50.1,51.2,51.4,54.3,49.6,51.4,6245.0,347103.0,-3.21282676890903
2026-06-18,3536688.9,0.086,0.0018,1148891.41,0.055,0.0027,146854.71,0.119,-0.0042,4.1,101.5,101.2,0.012,-0.001,101.0,54.2,47.7,48.5,49.9,48.2,50.3,48.4,47.1,50.1,51.2,51.4,54.3,49.6,51.4,6245.0,347103.0,-3.21282676890903
2026-06-22,3536688.9,0.086,0.0018,1148891.41,0.055,0.0027,146854.71,0.119,-0.0042,4.1,101.5,101.2,0.012,-0.001,101.0,54.2,47.7,48.5,49.9,48.2,50.3,48.4,47.1,50.1,51.2,51.4,54.3,49.6,51.4,6245.0,347103.0,-3.21282676890903
2026-06-23,3536688.9,0.086,0.0018,1148891.41,0.055,0.0027,146854.71,0.119,-0.0042,4.1,101.5,101.2,0.012,-0.001,101.0,54.2,47.7,48.5,49.9,48.2,50.3,48.4,47.1,50.1,51.2,51.4,54.3,49.6,51.4,6245.0,347103.0,-3.21282676890903
2026-06-24,3536688.9,0.086,0.0018,1148891.41,0.055,0.0027,146854.71,0.119,-0.0042,4.1,101.5,101.2,0.012,-0.001,101.0,54.2,47.7,48.5,49.9,48.2,50.3,48.4,47.1,50.1,51.2,51.4,54.3,49.6,51.4,6245.0,347103.0,-3.21282676890903
2026-06-25,3536688.9,0.086,0.0018,1148891.41,0.055,0.0027,146854.71,0.119,-0.0042,4.1,101.5,101.2,0.012,-0.001,101.0,54.2,47.7,48.5,49.9,48.2,50.3,48.4,47.1,50.1,51.2,51.4,54.3,49.6,51.4,6245.0,347103.0,-3.21282676890903
2026-06-26,3536688.9,0.086,0.0018,1148891.41,0.055,0.0027,146854.71,0.119,-0.0042,4.1,101.5,101.2,0.012,-0.001,101.0,54.2,47.7,48.5,49.9,48.2,50.3,48.4,47.1,50.1,51.2,51.4,54.3,49.6,51.4,6245.0,347103.0,-3.21282676890903
2026-06-29,3536688.9,0.086,0.0018,1148891.41,0.055,0.0027,146854.71,0.119,-0.0042,4.1,101.5,101.2,0.012,-0.001,101.0,54.2,47.7,48.5,49.9,48.2,50.3,48.4,47.1,50.1,51.2,51.4,54.3,49.6,51.4,6245.0,347103.0,-3.21282676890903
2026-06-30,3536688.9,0.086,0.0018,1148891.41,0.055,0.0027,146854.71,0.119,-0.0042,4.1,101.5,101.2,0.012,-0.001,101.0,54.2,47.7,48.5,49.9,48.2,50.3,48.4,47.1,50.1,51.2,51.4,54.3,49.6,51.4,6245.0,347103.0,-3.21282676890903
2026-07-01,3536688.9,0.086,0.0018,1148891.41,0.055,0.0027,146854.71,0.119,-0.0042,4.1,101.5,101.2,0.012,-0.001,101.0,54.2,47.7,48.5,49.9,48.2,50.3,48.4,47.1,50.1,51.2,51.4,54.3,49.6,51.4,6245.0,347103.0,-3.21282676890903
2026-07-02,3536688.9,0.086,0.0018,1148891.41,0.055,0.0027,146854.71,0.119,-0.0042,4.1,101.5,101.2,0.012,-0.001,101.0,54.2,47.7,48.5,49.9,48.2,50.3,48.4,47.1,50.1,51.2,51.4,54.3,49.6,51.4,6245.0,347103.0,-3.21282676890903
2026-07-03,3536688.9,0.086,0.0018,1148891.41,0.055,0.0027,146854.71,0.119,-0.0042,4.1,101.5,101.2,0.012,-0.001,101.0,54.2,47.7,48.5,49.9,48.2,50.3,48.4,47.1,50.1,51.2,51.4,54.3,49.6,51.4,6245.0,347103.0,-3.21282676890903
2026-07-06,3536688.9,0.086,0.0018,1148891.41,0.055,0.0027,146854.71,0.119,-0.0042,4.1,101.5,101.2,0.012,-0.001,101.0,54.2,47.7,48.5,49.9,48.2,50.3,48.4,47.1,50.1,51.2,51.4,54.3,49.6,51.4,6245.0,347103.0,-3.21282676890903
2026-07-07,3536688.9,0.086,0.0018,1148891.41,0.055,0.0027,146854.71,0.119,-0.0042,4.1,101.5,101.2,0.012,-0.001,101.0,54.2,47.7,48.5,49.9,48.2,50.3,48.4,47.1,50.1,51.2,51.4,54.3,49.6,51.4,6245.0,347103.0,-3.21282676890903
2026-07-08,3536688.9,0.086,0.0018,1148891.41,0.055,0.0027,146854.71,0.119,-0.0042,4.1,101.5,101.2,0.012,-0.001,101.0,54.2,47.7,48.5,49.9,48.2,50.3,48.4,47.1,50.1,51.2,51.4,54.3,49.6,51.4,6245.0,347103.0,-3.21282676890903
2026-07-09,3536688.9,0.086,0.0018,1148891.41,0.055,0.0027,146854.71,0.119,-0.0042,4.1,101.5,101.2,0.012,-0.001,101.0,54.2,47.7,48.5,49.9,48.2,50.3,48.4,47.1,50.1,51.2,51.4,54.3,49.6,51.4,6245.0,347103.0,-3.21282676890903
2026-07-10,3536688.9,0.086,0.0018,1148891.41,0.055,0.0027,146854.71,0.119,-0.0042,4.1,101.5,101.2,0.012,-0.001,101.0,54.2,47.7,48.5,49.9,48.2,50.3,48.4,47.1,50.1,51.2,51.4,54.3,49.6,51.4,6245.0,347103.0,-3.21282676890903
