date,val_score,macro_score,sent_score,trend_score,total_score,market_state
2015-01-05,12.5,12.2,13.01,15.0,52.71,震荡
2015-01-06,12.5,12.2,13.01,13.98,51.69,震荡
2015-01-07,12.5,12.38,13.21,14.26,52.36,震荡
2015-01-08,12.5,12.67,13.21,9.51,47.9,震荡
2015-01-09,12.5,12.68,13.13,8.87,47.19,震荡
2015-01-12,12.5,12.6,14.12,9.11,48.33,震荡
2015-01-13,12.5,12.63,13.96,9.44,48.53,震荡
2015-01-14,12.5,12.43,13.73,9.53,48.2,震荡
2015-01-15,12.5,12.23,13.77,17.56,56.05,震荡
2015-01-16,12.5,12.33,14.93,19.69,59.46,震荡
2015-01-19,12.5,12.04,14.72,0.0,39.26,下行
2015-01-20,12.5,11.9,11.81,0.0,36.21,下行
2015-01-21,12.5,11.93,11.08,13.12,48.63,震荡
2015-01-22,12.5,11.93,10.44,13.72,48.59,震荡
2015-01-23,12.5,11.89,9.97,15.15,49.51,震荡
2015-01-26,12.5,11.94,10.04,17.82,52.3,震荡
2015-01-27,12.5,12.02,12.62,14.8,51.94,震荡
2015-01-28,12.5,12.13,13.16,10.27,48.06,震荡
2015-01-29,12.5,12.37,12.89,7.55,45.32,震荡
2015-01-30,12.5,12.46,12.13,4.46,41.54,下行
2015-02-02,12.5,12.77,11.16,0.0,36.43,下行
2015-02-03,12.5,12.67,10.5,7.03,42.7,下行
2015-02-04,12.5,12.53,10.11,4.85,39.99,下行
2015-02-05,12.5,12.66,10.09,2.4,37.65,下行
2015-02-06,12.5,12.59,10.4,0.0,35.49,下行
2015-02-09,12.5,12.63,11.0,3.33,39.46,下行
2015-02-10,12.5,12.52,11.74,9.72,46.48,震荡
2015-02-11,12.5,12.59,13.21,12.1,50.39,震荡
2015-02-12,12.5,12.4,13.83,14.16,52.89,震荡
2015-02-13,12.5,12.4,13.22,16.97,55.09,震荡
2015-02-16,12.5,12.25,10.09,18.66,53.5,震荡
2015-02-17,12.5,12.36,8.7,20.76,54.32,震荡
2015-02-25,12.5,12.21,5.0,16.39,46.1,震荡
2015-02-26,12.5,12.44,6.75,25.25,56.94,震荡
2015-02-27,12.5,12.5,7.91,24.65,57.56,震荡
2015-03-02,12.5,13.18,11.21,27.12,64.0,震荡偏强
2015-03-03,12.5,13.16,13.58,18.89,58.13,震荡
2015-03-04,12.5,13.33,15.0,21.34,62.17,震荡偏强
2015-03-05,12.5,13.17,15.0,18.63,59.29,震荡
2015-03-06,12.5,13.28,15.0,16.51,57.29,震荡
2015-03-09,12.5,13.28,15.0,21.58,62.37,震荡偏强
2015-03-10,12.5,13.34,15.0,19.04,59.88,震荡
2015-03-11,12.5,13.47,15.0,18.9,59.87,震荡
2015-03-12,12.5,13.27,15.0,23.4,64.16,震荡偏强
2015-03-13,12.5,13.29,15.0,23.77,64.56,震荡偏强
2015-03-16,12.5,13.39,15.0,29.81,70.7,震荡偏强
2015-03-17,12.5,13.64,15.0,30.0,71.14,震荡偏强
2015-03-18,12.5,13.71,14.18,30.0,70.39,震荡偏强
2015-03-19,12.5,13.76,13.96,30.0,70.22,震荡偏强
2015-03-20,12.5,13.69,13.82,30.0,70.01,震荡偏强
2015-03-23,12.5,13.45,15.0,30.0,70.95,震荡偏强
2015-03-24,12.5,13.33,15.0,30.0,70.83,震荡偏强
2015-03-25,12.5,13.28,15.0,30.0,70.78,震荡偏强
2015-03-26,12.5,13.38,15.0,30.0,70.88,震荡偏强
2015-03-27,12.5,13.55,15.0,30.0,71.05,震荡偏强
2015-03-30,12.5,13.56,15.0,30.0,71.06,震荡偏强
2015-03-31,12.5,13.57,15.0,30.0,71.07,震荡偏强
2015-04-01,12.5,13.76,15.0,30.0,71.26,震荡偏强
2015-04-02,12.5,13.51,15.0,30.0,71.01,震荡偏强
2015-04-03,12.5,13.38,15.0,30.0,70.88,震荡偏强
2015-04-07,12.5,13.57,15.0,30.0,71.07,震荡偏强
2015-04-08,12.5,13.68,15.0,30.0,71.18,震荡偏强
2015-04-09,12.5,14.23,15.0,30.0,71.73,震荡偏强
2015-04-10,12.5,14.57,15.0,30.0,72.07,震荡偏强
2015-04-13,12.5,14.45,15.0,30.0,71.95,震荡偏强
2015-04-14,12.5,14.21,15.0,30.0,71.71,震荡偏强
2015-04-15,12.5,14.24,15.0,30.0,71.74,震荡偏强
2015-04-16,12.5,14.24,15.0,30.0,71.74,震荡偏强
2015-04-17,12.5,14.04,15.0,30.0,71.54,震荡偏强
2015-04-20,12.5,13.66,14.96,30.0,71.12,震荡偏强
2015-04-21,12.5,13.45,12.66,30.0,68.61,震荡偏强
2015-04-22,12.5,13.49,11.82,30.0,67.81,震荡偏强
2015-04-23,12.5,13.39,11.81,30.0,67.7,震荡偏强
2015-04-24,12.5,13.36,11.88,30.0,67.73,震荡偏强
2015-04-27,12.5,13.62,13.2,30.0,69.31,震荡偏强
2015-04-28,12.5,13.69,15.0,30.0,71.19,震荡偏强
2015-04-29,12.5,13.67,14.81,30.0,70.98,震荡偏强
2015-04-30,12.5,13.84,14.17,30.0,70.51,震荡偏强
2015-05-04,12.5,14.27,13.42,30.0,70.19,震荡偏强
2015-05-05,12.5,14.5,14.3,17.7,59.0,震荡
2015-05-06,12.5,14.57,13.36,13.52,53.96,震荡
2015-05-07,12.5,15.03,14.08,7.7,49.31,震荡
2015-05-08,12.5,15.07,13.9,11.28,52.76,震荡
2015-05-11,12.5,14.76,12.3,19.9,59.46,震荡
2015-05-12,12.5,15.01,11.26,22.33,61.11,震荡偏强
2015-05-13,12.5,15.65,11.44,18.56,58.15,震荡
2015-05-14,12.5,16.16,11.34,16.85,56.85,震荡
2015-05-15,12.5,16.62,11.5,11.05,51.67,震荡
2015-05-18,12.5,17.1,12.89,8.97,51.46,震荡
2015-05-19,12.5,17.0,13.45,18.39,61.34,震荡偏强
2015-05-20,12.5,16.59,14.25,19.32,62.66,震荡偏强
2015-05-21,12.5,16.81,14.71,25.16,69.18,震荡偏强
2015-05-22,12.5,16.81,15.0,30.0,74.31,震荡偏强
2015-05-25,12.5,16.97,14.44,30.0,73.91,震荡偏强
2015-05-26,12.5,17.51,14.0,30.0,74.02,震荡偏强
2015-05-27,12.5,18.25,13.45,30.0,74.2,震荡偏强
2015-05-28,12.5,18.25,12.58,19.25,62.58,震荡偏强
2015-05-29,12.5,18.25,12.12,19.19,62.06,震荡偏强
2015-06-01,12.5,18.25,12.83,30.0,73.58,震荡偏强
2015-06-02,12.5,18.25,13.68,30.0,74.43,震荡偏强
2015-06-03,12.5,18.25,14.16,30.0,74.91,震荡偏强
2015-06-04,12.5,18.25,14.49,30.0,75.24,上行
2015-06-05,12.5,18.25,14.65,30.0,75.4,上行
2015-06-08,12.5,18.25,14.3,30.0,75.05,上行
2015-06-09,12.5,18.25,13.16,30.0,73.91,震荡偏强
2015-06-10,12.5,18.25,12.25,30.0,73.0,震荡偏强
2015-06-11,12.5,18.25,12.0,29.98,72.73,震荡偏强
2015-06-12,12.5,18.25,11.97,30.0,72.72,震荡偏强
2015-06-15,12.5,18.25,12.81,20.66,64.22,震荡偏强
2015-06-16,12.5,18.25,13.03,11.67,55.45,震荡
2015-06-17,12.5,18.25,12.79,14.98,58.52,震荡
2015-06-18,12.5,18.25,12.77,2.96,46.48,震荡
2015-06-19,12.5,18.25,12.61,0.0,43.36,下行
2015-06-23,12.5,18.25,11.61,0.0,42.36,下行
2015-06-24,12.5,18.25,10.5,3.41,44.66,下行
2015-06-25,12.5,18.25,8.47,0.0,39.22,下行
2015-06-26,12.5,18.25,6.74,0.0,37.49,下行
2015-06-29,12.5,18.25,5.0,0.0,35.75,下行
2015-06-30,12.5,18.25,5.0,0.0,35.75,下行
2015-07-01,12.5,17.5,5.0,0.0,35.0,下行
2015-07-02,12.5,17.5,5.0,0.0,35.0,下行
2015-07-03,12.5,17.5,5.0,0.0,35.0,下行
2015-07-06,12.5,17.5,5.0,0.0,35.0,下行
2015-07-07,12.5,17.5,5.0,0.0,35.0,下行
2015-07-08,12.5,17.5,5.0,0.0,35.0,下行
2015-07-09,12.5,16.68,5.0,0.0,34.18,下行
2015-07-10,12.5,16.8,5.0,0.0,34.3,下行
2015-07-13,12.5,16.83,5.0,3.8,38.12,下行
2015-07-14,12.5,16.56,5.0,1.65,35.71,下行
2015-07-15,12.5,16.74,5.0,0.0,34.24,下行
2015-07-16,12.5,16.88,7.53,0.62,37.53,下行
2015-07-17,12.5,16.65,8.67,14.73,52.55,震荡
2015-07-20,12.5,16.58,9.13,15.36,53.56,震荡
2015-07-21,12.5,16.47,9.11,19.23,57.32,震荡
2015-07-22,12.5,16.76,9.61,20.27,59.14,震荡
2015-07-23,12.5,16.73,11.21,30.0,70.44,震荡偏强
2015-07-24,12.5,16.75,12.64,23.95,65.84,震荡偏强
2015-07-27,12.5,16.66,12.06,0.0,41.22,下行
2015-07-28,12.5,16.76,10.21,0.32,39.79,下行
2015-07-29,12.5,16.66,6.25,11.54,46.96,震荡
2015-07-30,12.5,16.81,5.31,2.27,36.9,下行
2015-07-31,12.5,16.71,5.0,2.51,36.72,下行
2015-08-03,12.5,15.74,5.0,3.21,36.45,下行
2015-08-04,12.5,15.51,5.0,14.07,47.08,震荡
2015-08-05,12.5,15.48,5.0,5.78,38.77,下行
2015-08-06,12.5,15.68,5.64,2.36,36.18,下行
2015-08-07,12.5,15.72,5.45,9.16,42.84,下行
2015-08-10,12.5,15.77,8.41,24.0,60.68,震荡偏强
2015-08-11,12.5,15.89,13.33,20.56,62.28,震荡偏强
2015-08-12,12.5,15.8,13.15,17.01,58.45,震荡
2015-08-13,12.5,15.67,13.53,20.81,62.52,震荡偏强
2015-08-14,12.5,15.67,14.88,20.44,63.49,震荡偏强
2015-08-17,12.5,15.6,14.6,21.26,63.96,震荡偏强
2015-08-18,12.5,15.85,13.9,1.62,43.87,下行
2015-08-19,12.5,15.8,11.33,9.24,48.86,震荡
2015-08-20,12.5,15.85,10.47,3.5,42.33,下行
2015-08-21,12.5,15.75,8.88,0.0,37.13,下行
2015-08-24,12.5,15.71,6.29,0.0,34.5,下行
2015-08-25,12.5,15.42,5.0,0.0,32.92,下行
2015-08-26,12.5,15.31,5.0,0.0,32.81,下行
2015-08-27,12.5,15.21,5.0,0.0,32.71,下行
2015-08-28,12.5,14.92,5.0,0.0,32.42,下行
2015-08-31,12.5,14.86,5.0,0.0,32.36,下行
2015-09-01,12.5,14.87,5.0,0.0,32.37,下行
2015-09-02,12.5,14.62,5.0,0.0,32.12,下行
2015-09-07,12.5,14.62,5.0,0.0,32.12,下行
2015-09-08,12.5,14.76,5.0,0.0,32.26,下行
2015-09-09,12.5,14.84,5.0,2.27,34.61,下行
2015-09-10,12.5,14.74,5.0,0.02,32.27,下行
2015-09-11,12.5,14.71,7.25,3.32,37.78,下行
2015-09-14,12.5,14.77,12.35,0.0,39.62,下行
2015-09-15,12.5,14.62,7.75,0.0,34.87,下行
2015-09-16,12.5,14.42,5.85,10.29,43.05,下行
2015-09-17,12.5,14.41,5.0,6.9,38.8,下行
2015-09-18,12.5,14.48,5.32,9.59,41.89,下行
2015-09-21,12.5,14.37,5.35,17.13,49.35,震荡
2015-09-22,12.5,14.33,8.37,20.68,55.88,震荡
2015-09-23,12.5,14.4,10.62,13.49,51.01,震荡
2015-09-24,12.5,14.25,10.19,14.53,51.46,震荡
2015-09-25,12.5,14.2,9.88,7.25,43.83,下行
2015-09-28,12.5,14.18,8.77,8.94,44.39,下行
2015-09-29,12.5,14.0,8.71,4.14,39.35,下行
2015-09-30,12.5,13.72,7.84,6.89,40.95,下行
2015-10-08,12.5,13.85,6.47,17.61,50.43,震荡
2015-10-09,12.5,13.96,8.11,21.39,55.97,震荡
2015-10-12,12.5,13.48,9.59,30.0,65.57,震荡偏强
2015-10-13,12.5,13.45,12.08,30.0,68.03,震荡偏强
2015-10-14,12.5,13.22,13.4,26.75,65.87,震荡偏强
2015-10-15,12.5,12.85,15.0,30.0,70.35,震荡偏强
2015-10-16,12.5,13.35,15.0,30.0,70.85,震荡偏强
2015-10-19,12.5,13.33,15.0,30.0,70.83,震荡偏强
2015-10-20,12.5,13.4,13.92,30.0,69.82,震荡偏强
2015-10-21,12.5,13.07,14.59,26.8,66.95,震荡偏强
2015-10-22,12.5,13.09,13.15,29.42,68.16,震荡偏强
2015-10-23,12.5,13.05,13.32,30.0,68.87,震荡偏强
2015-10-26,12.5,12.95,13.89,30.0,69.34,震荡偏强
2015-10-27,12.5,12.95,13.94,30.0,69.39,震荡偏强
2015-10-28,12.5,12.96,13.47,24.46,63.38,震荡偏强
2015-10-29,12.5,12.97,14.08,23.7,63.25,震荡偏强
2015-10-30,12.5,13.46,13.38,22.28,61.62,震荡偏强
2015-11-02,12.5,12.75,12.23,16.0,53.48,震荡
2015-11-03,12.5,12.61,10.65,12.43,48.19,震荡
2015-11-04,12.5,12.64,10.12,28.13,63.38,震荡偏强
2015-11-05,12.5,12.85,12.34,30.0,67.69,震荡偏强
2015-11-06,12.5,12.7,13.42,30.0,68.62,震荡偏强
2015-11-09,12.5,12.71,14.91,30.0,70.12,震荡偏强
2015-11-10,12.5,12.81,15.0,30.0,70.31,震荡偏强
2015-11-11,12.5,12.69,15.0,30.0,70.19,震荡偏强
2015-11-12,12.5,12.17,15.0,28.78,68.45,震荡偏强
2015-11-13,12.5,12.32,15.0,24.88,64.7,震荡偏强
2015-11-16,12.5,12.2,15.0,25.67,65.37,震荡偏强
2015-11-17,12.5,12.16,15.0,23.8,63.46,震荡偏强
2015-11-18,12.5,12.1,15.0,20.09,59.69,震荡
2015-11-19,12.5,12.16,13.96,23.59,62.22,震荡偏强
2015-11-20,12.5,12.06,13.95,21.92,60.44,震荡偏强
2015-11-23,12.5,12.04,14.69,19.73,58.96,震荡
2015-11-24,12.5,12.03,13.23,19.29,57.05,震荡
2015-11-25,12.5,11.99,11.88,20.1,56.48,震荡
2015-11-26,12.5,11.74,11.97,17.75,53.96,震荡
2015-11-27,12.5,11.51,10.67,1.31,35.99,下行
2015-11-30,12.5,11.65,7.97,1.07,33.19,下行
2015-12-01,12.5,11.88,8.19,2.76,35.33,下行
2015-12-02,12.5,12.12,8.19,14.77,47.58,震荡
2015-12-03,12.5,12.14,7.68,15.26,47.58,震荡
2015-12-04,12.5,12.34,7.34,10.07,42.25,下行
2015-12-07,12.5,12.4,7.49,11.33,43.73,下行
2015-12-08,12.5,12.4,7.51,7.68,40.09,下行
2015-12-09,12.5,12.34,6.7,8.84,40.38,下行
2015-12-10,12.5,12.34,6.92,8.92,40.68,下行
2015-12-11,12.5,12.41,7.23,8.04,40.17,下行
2015-12-14,12.5,12.43,8.88,17.21,51.02,震荡
2015-12-15,12.5,12.58,10.17,14.63,49.87,震荡
2015-12-16,12.5,12.46,11.11,14.88,50.95,震荡
2015-12-17,12.5,12.52,11.51,20.61,57.14,震荡
2015-12-18,12.5,12.54,11.62,21.74,58.4,震荡
2015-12-21,12.5,12.41,11.73,29.28,65.92,震荡偏强
2015-12-22,12.5,12.41,11.33,29.19,65.43,震荡偏强
2015-12-23,12.5,12.44,11.88,28.41,65.23,震荡偏强
2015-12-24,12.5,12.28,12.64,24.4,61.82,震荡偏强
2015-12-25,12.5,12.08,13.18,24.82,62.58,震荡偏强
2015-12-28,12.5,12.18,13.11,14.84,52.63,震荡
2015-12-29,12.5,12.17,10.47,16.91,52.05,震荡
2015-12-30,12.5,12.33,9.68,16.76,51.26,震荡
2015-12-31,12.5,12.41,8.81,14.16,47.88,震荡
2016-01-04,12.5,11.23,6.96,0.0,30.69,下行
2016-01-05,12.5,11.32,5.94,0.0,29.77,极寒
2016-01-06,12.5,11.23,5.86,0.53,30.12,下行
2016-01-07,12.5,11.13,5.34,0.0,28.98,极寒
2016-01-08,12.5,10.97,5.0,0.0,28.47,极寒
2016-01-11,12.5,10.96,5.0,0.0,28.46,极寒
2016-01-12,12.5,10.92,5.0,0.0,28.42,极寒
2016-01-13,25.0,10.92,5.0,0.0,40.92,下行
2016-01-14,25.0,10.71,5.0,0.0,40.71,下行
2016-01-15,25.0,10.9,5.0,0.0,40.9,下行
2016-01-18,25.0,10.67,5.0,0.0,40.67,下行
2016-01-19,25.0,10.9,5.0,0.0,40.9,下行
2016-01-20,25.0,10.99,5.47,0.0,41.45,下行
2016-01-21,25.0,10.87,6.84,0.0,42.71,下行
2016-01-22,25.0,10.74,6.96,0.0,42.7,下行
2016-01-25,25.0,10.79,8.15,0.0,43.95,下行
2016-01-26,25.0,11.11,7.83,0.0,43.94,下行
2016-01-27,25.0,11.15,5.53,0.0,41.68,下行
2016-01-28,25.0,11.31,5.0,0.0,41.31,下行
2016-01-29,25.0,11.17,5.0,0.0,41.17,下行
2016-02-01,25.0,9.51,5.0,0.0,39.51,下行
2016-02-02,25.0,9.77,5.0,0.0,39.77,下行
2016-02-03,25.0,9.99,5.0,0.0,39.99,下行
2016-02-04,25.0,10.05,6.02,4.46,45.53,震荡
2016-02-05,25.0,9.94,7.26,3.2,45.4,震荡
2016-02-15,25.0,9.88,5.88,3.5,44.27,下行
2016-02-16,25.0,9.61,7.28,12.79,54.68,震荡
2016-02-17,25.0,9.53,7.88,16.63,59.04,震荡
2016-02-18,25.0,9.83,8.63,17.31,60.77,震荡偏强
2016-02-19,25.0,9.89,9.38,17.16,61.43,震荡偏强
2016-02-22,25.0,9.89,11.39,23.76,70.04,震荡偏强
2016-02-23,25.0,9.84,11.4,22.3,68.53,震荡偏强
2016-02-24,25.0,9.91,10.69,24.93,70.53,震荡偏强
2016-02-25,25.0,10.14,10.77,5.99,51.9,震荡
2016-02-26,25.0,10.07,8.94,9.66,53.67,震荡
2016-02-29,25.0,9.94,8.4,3.97,47.3,震荡
2016-03-01,25.0,14.48,6.12,9.54,55.15,震荡
2016-03-02,25.0,14.68,5.87,22.06,67.62,震荡偏强
2016-03-03,25.0,14.91,6.11,20.37,66.39,震荡偏强
2016-03-04,25.0,15.08,7.83,23.31,71.23,震荡偏强
2016-03-07,25.0,15.3,6.99,24.65,71.94,震荡偏强
2016-03-08,25.0,15.43,9.42,22.88,72.73,震荡偏强
2016-03-09,25.0,15.43,9.49,17.8,67.72,震荡偏强
2016-03-10,25.0,15.09,8.49,13.62,62.2,震荡偏强
2016-03-11,25.0,14.94,7.96,12.79,60.68,震荡偏强
2016-03-14,25.0,14.95,9.08,18.61,67.64,震荡偏强
2016-03-15,25.0,15.51,9.39,17.46,67.37,震荡偏强
2016-03-16,25.0,15.54,8.99,19.34,68.87,震荡偏强
2016-03-17,25.0,15.52,8.51,23.9,72.93,震荡偏强
2016-03-18,25.0,15.65,10.06,27.6,78.32,上行
2016-03-21,25.0,15.86,11.4,30.0,82.26,上行
2016-03-22,25.0,15.72,12.68,30.0,83.41,上行
2016-03-23,25.0,15.55,13.89,30.0,84.44,上行
2016-03-24,25.0,15.88,15.0,24.65,80.53,上行
2016-03-25,25.0,15.89,14.22,24.65,79.76,上行
2016-03-28,25.0,16.06,13.36,20.3,74.72,震荡偏强
2016-03-29,25.0,16.09,11.33,16.76,69.18,震荡偏强
2016-03-30,25.0,15.96,10.64,24.22,75.83,上行
2016-03-31,25.0,15.98,10.53,22.82,74.32,震荡偏强
2016-04-01,25.0,15.59,10.67,23.09,74.35,震荡偏强
2016-04-05,25.0,15.55,9.8,25.33,75.68,上行
2016-04-06,25.0,15.72,11.09,24.01,75.82,上行
2016-04-07,25.0,15.6,11.59,19.44,71.62,震荡偏强
2016-04-08,25.0,15.62,11.01,16.05,67.68,震荡偏强
2016-04-11,25.0,15.55,10.42,18.35,69.32,震荡偏强
2016-04-12,25.0,15.44,11.8,17.29,69.52,震荡偏强
2016-04-13,25.0,15.32,9.95,20.21,70.48,震荡偏强
2016-04-14,25.0,15.17,10.57,20.45,71.19,震荡偏强
2016-04-15,25.0,15.18,10.96,20.06,71.2,震荡偏强
2016-04-18,25.0,15.02,11.05,15.53,66.6,震荡偏强
2016-04-19,25.0,15.08,10.28,15.98,66.34,震荡偏强
2016-04-20,25.0,15.15,10.79,10.98,61.91,震荡偏强
2016-04-21,25.0,15.13,8.38,9.9,58.41,震荡
2016-04-22,25.0,15.07,7.65,11.24,58.96,震荡
2016-04-25,25.0,14.93,7.57,10.44,57.94,震荡
2016-04-26,25.0,14.39,7.56,12.05,58.99,震荡
2016-04-27,25.0,14.43,7.36,10.51,57.3,震荡
2016-04-28,25.0,14.59,8.56,10.59,58.73,震荡
2016-04-29,25.0,14.46,8.91,10.48,58.85,震荡
2016-05-03,25.0,14.23,8.54,16.23,64.0,震荡偏强
2016-05-04,25.0,14.47,9.71,15.33,64.51,震荡偏强
2016-05-05,25.0,14.16,9.94,15.54,64.63,震荡偏强
2016-05-06,25.0,14.01,10.48,9.03,58.53,震荡
2016-05-09,25.0,13.94,9.24,3.53,51.7,震荡
2016-05-10,25.0,13.8,9.42,3.93,52.14,震荡
2016-05-11,25.0,14.19,7.74,5.68,52.6,震荡
2016-05-12,25.0,14.39,7.06,7.48,53.93,震荡
2016-05-13,25.0,14.59,6.42,7.3,53.32,震荡
2016-05-16,25.0,14.7,7.09,9.28,56.07,震荡
2016-05-17,25.0,14.66,7.93,9.45,57.03,震荡
2016-05-18,25.0,14.7,8.45,8.3,56.45,震荡
2016-05-19,25.0,14.68,8.2,8.24,56.12,震荡
2016-05-20,25.0,14.66,8.62,10.53,58.82,震荡
2016-05-23,25.0,14.69,8.99,11.42,60.1,震荡偏强
2016-05-24,25.0,14.78,8.82,10.04,58.64,震荡
2016-05-25,25.0,14.49,9.0,10.39,58.89,震荡
2016-05-26,25.0,14.55,9.67,10.87,60.08,震荡偏强
2016-05-27,25.0,14.48,9.6,11.52,60.6,震荡偏强
2016-05-30,25.0,14.42,9.47,12.15,61.04,震荡偏强
2016-05-31,25.0,14.59,9.28,22.75,71.62,震荡偏强
2016-06-01,25.0,14.31,10.27,21.71,71.29,震荡偏强
2016-06-02,25.0,14.15,10.79,22.21,72.15,震荡偏强
2016-06-03,25.0,14.02,11.44,25.47,75.93,上行
2016-06-06,25.0,13.88,11.66,23.06,73.6,震荡偏强
2016-06-07,25.0,13.83,12.21,22.48,73.52,震荡偏强
2016-06-08,25.0,13.89,11.37,21.6,71.86,震荡偏强
2016-06-13,25.0,13.84,10.61,11.62,61.07,震荡偏强
2016-06-14,25.0,13.79,9.48,12.84,61.1,震荡偏强
2016-06-15,25.0,13.64,9.44,16.61,64.7,震荡偏强
2016-06-16,25.0,13.64,10.03,14.66,63.33,震荡偏强
2016-06-17,25.0,13.63,9.76,15.64,64.03,震荡偏强
2016-06-20,25.0,13.6,9.9,15.43,63.93,震荡偏强
2016-06-21,25.0,13.55,10.62,14.58,63.75,震荡偏强
2016-06-22,25.0,13.52,10.68,16.16,65.36,震荡偏强
2016-06-23,25.0,13.61,10.06,14.91,63.58,震荡偏强
2016-06-24,25.0,13.66,10.1,11.6,60.36,震荡偏强
2016-06-27,25.0,13.28,10.13,15.02,63.43,震荡偏强
2016-06-28,25.0,13.02,10.77,16.16,64.96,震荡偏强
2016-06-29,25.0,13.17,11.37,17.05,66.59,震荡偏强
2016-06-30,25.0,13.13,11.51,17.57,67.2,震荡偏强
2016-07-01,25.0,12.82,11.68,17.27,66.77,震荡偏强
2016-07-04,22.23,12.82,11.62,22.09,68.76,震荡偏强
2016-07-05,21.87,13.03,11.77,22.74,69.4,震荡偏强
2016-07-06,21.42,13.28,11.74,23.98,70.43,震荡偏强
2016-07-07,21.65,13.25,11.64,24.06,70.6,震荡偏强
2016-07-08,23.56,13.09,11.94,22.65,71.25,震荡偏强
2016-07-11,22.27,13.1,11.79,22.6,69.77,震荡偏强
2016-07-12,18.88,13.23,10.99,29.23,72.33,震荡偏强
2016-07-13,18.62,13.27,11.16,28.9,71.95,震荡偏强
2016-07-14,18.93,13.11,11.02,27.37,70.44,震荡偏强
2016-07-15,18.58,13.22,10.77,26.74,69.31,震荡偏强
2016-07-18,18.98,13.03,11.01,24.68,67.71,震荡偏强
2016-07-19,19.38,13.15,11.28,22.21,66.02,震荡偏强
2016-07-20,20.02,13.07,11.25,20.81,65.15,震荡偏强
2016-07-21,19.26,13.1,11.15,21.61,65.11,震荡偏强
2016-07-22,20.39,13.2,11.07,18.03,62.7,震荡偏强
2016-07-25,19.64,13.19,10.95,17.24,61.02,震荡偏强
2016-07-26,17.74,13.26,10.68,20.3,61.97,震荡偏强
2016-07-27,19.84,13.16,10.36,14.22,57.58,震荡
2016-07-28,20.15,13.31,8.93,14.57,56.96,震荡
2016-07-29,20.13,13.3,8.4,13.13,54.95,震荡
2016-08-01,20.84,15.09,8.13,10.58,54.64,震荡
2016-08-02,20.01,15.17,7.49,11.24,53.91,震荡
2016-08-03,19.43,15.11,7.18,11.59,53.31,震荡
2016-08-04,19.09,15.26,8.48,12.46,55.28,震荡
2016-08-05,19.07,15.46,9.11,13.49,57.13,震荡
2016-08-08,17.46,15.42,9.35,15.71,57.94,震荡
2016-08-09,16.41,15.36,10.16,17.14,59.07,震荡
2016-08-10,16.71,15.22,10.6,16.37,58.9,震荡
2016-08-11,16.7,15.19,11.01,16.13,59.03,震荡
2016-08-12,14.87,15.26,10.86,21.33,62.33,震荡偏强
2016-08-15,10.92,15.07,10.91,29.73,66.63,震荡偏强
2016-08-16,12.42,15.02,11.82,28.14,67.41,震荡偏强
2016-08-17,12.66,15.44,12.6,26.74,67.43,震荡偏强
2016-08-18,13.44,15.59,12.55,25.72,67.3,震荡偏强
2016-08-19,12.97,15.59,12.99,24.68,66.23,震荡偏强
2016-08-22,14.37,15.6,13.28,21.95,65.21,震荡偏强
2016-08-23,13.43,15.35,12.15,21.76,62.69,震荡偏强
2016-08-24,14.59,15.64,11.09,19.91,61.23,震荡偏强
2016-08-25,14.74,15.68,10.86,17.82,59.11,震荡
2016-08-26,13.27,15.43,10.39,16.98,56.07,震荡
2016-08-29,11.88,15.17,10.16,16.28,53.5,震荡
2016-08-30,11.73,15.27,10.23,16.91,54.14,震荡
2016-08-31,11.04,15.66,10.19,17.48,54.37,震荡
2016-09-01,12.35,15.69,10.27,13.81,52.11,震荡
2016-09-02,11.59,15.61,10.19,14.67,52.05,震荡
2016-09-05,11.44,15.53,10.05,14.91,51.93,震荡
2016-09-06,10.68,15.57,9.84,17.04,53.13,震荡
2016-09-07,10.68,15.55,10.52,16.72,53.47,震荡
2016-09-08,10.69,15.79,10.31,15.78,52.57,震荡
2016-09-09,12.12,15.61,10.53,14.12,52.38,震荡
2016-09-12,15.73,15.48,10.53,8.76,50.5,震荡
2016-09-13,15.95,15.42,10.11,9.28,50.76,震荡
2016-09-14,16.91,15.35,9.27,8.08,49.61,震荡
2016-09-19,16.3,15.31,8.53,10.41,50.56,震荡
2016-09-20,16.52,15.35,8.69,10.52,51.08,震荡
2016-09-21,16.21,15.4,9.16,11.98,52.75,震荡
2016-09-22,14.87,15.42,9.61,14.16,54.07,震荡
2016-09-23,15.23,15.53,9.59,13.64,54.0,震荡
2016-09-26,17.66,15.52,9.85,8.99,52.02,震荡
2016-09-27,16.99,15.41,9.47,10.78,52.64,震荡
2016-09-28,17.49,15.36,9.3,10.61,52.76,震荡
2016-09-29,16.74,15.48,9.01,12.24,53.47,震荡
2016-09-30,16.44,15.42,8.86,13.43,54.15,震荡
2016-10-10,14.03,18.43,7.76,16.81,57.04,震荡
2016-10-11,12.94,18.16,8.96,17.53,57.58,震荡
2016-10-12,13.88,18.21,9.59,16.88,58.56,震荡
2016-10-13,13.87,18.36,10.28,17.08,59.59,震荡
2016-10-14,13.37,18.37,10.97,18.14,60.86,震荡偏强
2016-10-17,15.38,18.39,12.5,15.63,61.91,震荡偏强
2016-10-18,11.21,18.28,11.58,19.43,60.49,震荡偏强
2016-10-19,11.5,18.54,11.66,18.97,60.67,震荡偏强
2016-10-20,11.14,18.4,11.34,18.26,59.14,震荡
2016-10-21,10.07,18.35,11.13,19.36,58.91,震荡
2016-10-24,6.95,18.2,10.97,22.51,58.64,震荡
2016-10-25,7.88,18.18,11.46,21.21,58.74,震荡
2016-10-26,9.03,18.45,11.22,19.92,58.63,震荡
2016-10-27,10.31,18.45,11.29,19.21,59.26,震荡
2016-10-28,14.76,18.33,11.3,18.48,62.87,震荡偏强
2016-10-31,16.86,18.37,10.84,17.36,63.43,震荡偏强
2016-11-01,15.24,20.49,10.31,18.71,64.75,震荡偏强
2016-11-02,17.47,20.33,10.25,16.23,64.29,震荡偏强
2016-11-03,15.09,20.43,9.93,18.06,63.51,震荡偏强
2016-11-04,15.92,20.59,10.53,16.69,63.74,震荡偏强
2016-11-07,15.56,20.66,11.01,16.73,63.96,震荡偏强
2016-11-08,14.31,20.69,11.12,18.04,64.15,震荡偏强
2016-11-09,16.03,20.77,10.94,16.64,64.38,震荡偏强
2016-11-10,11.88,20.78,11.4,19.32,63.38,震荡偏强
2016-11-11,9.67,20.96,11.28,21.46,63.37,震荡偏强
2016-11-14,8.16,21.02,11.51,21.24,61.93,震荡偏强
2016-11-15,8.65,21.38,12.1,20.43,62.56,震荡偏强
2016-11-16,8.66,21.11,12.46,20.05,62.28,震荡偏强
2016-11-17,8.06,21.3,12.46,20.22,62.04,震荡偏强
2016-11-18,10.38,21.4,11.88,18.78,62.44,震荡偏强
2016-11-21,6.85,21.07,11.63,19.89,59.44,震荡
2016-11-22,5.23,21.01,11.41,22.46,60.11,震荡偏强
2016-11-23,4.91,21.1,11.57,22.43,60.01,震荡偏强
2016-11-24,4.45,20.92,11.15,22.68,59.2,震荡
2016-11-25,3.79,20.85,11.15,25.24,61.04,震荡偏强
2016-11-28,3.21,20.72,11.29,25.7,60.92,震荡偏强
2016-11-29,2.22,20.66,11.48,27.16,61.52,震荡偏强
2016-11-30,3.85,20.66,11.11,23.43,59.05,震荡
2016-12-01,2.66,19.59,11.67,25.41,59.33,震荡
2016-12-02,3.69,19.63,11.35,21.19,55.86,震荡
2016-12-05,4.97,19.49,10.97,14.6,50.03,震荡
2016-12-06,5.98,19.72,9.94,13.74,49.38,震荡
2016-12-07,5.27,20.23,9.63,14.62,49.75,震荡
2016-12-08,5.61,19.97,9.28,14.94,49.8,震荡
2016-12-09,4.11,19.42,9.5,16.32,49.35,震荡
2016-12-12,4.19,19.06,9.66,8.45,41.36,下行
2016-12-13,4.54,19.51,8.62,8.13,40.79,下行
2016-12-14,5.87,19.58,8.44,6.3,40.19,下行
2016-12-15,10.47,19.26,8.32,3.39,41.44,下行
2016-12-16,9.95,18.93,8.6,3.74,41.22,下行
2016-12-19,11.33,17.97,8.54,3.34,41.18,下行
2016-12-20,13.67,17.97,9.66,1.91,43.21,下行
2016-12-21,9.38,17.87,9.96,5.65,42.86,下行
2016-12-22,9.06,17.9,9.93,5.78,42.67,下行
2016-12-23,12.24,17.33,9.52,4.38,43.48,下行
2016-12-26,10.5,17.88,9.34,6.36,44.08,下行
2016-12-27,12.31,17.78,9.58,7.02,46.69,震荡
2016-12-28,13.66,18.22,9.52,6.48,47.88,震荡
2016-12-29,13.85,17.94,9.53,7.83,49.15,震荡
2016-12-30,12.18,18.04,9.58,9.09,48.89,震荡
2017-01-03,7.9,17.76,9.29,12.95,47.89,震荡
2017-01-04,6.12,17.88,9.14,15.97,49.11,震荡
2017-01-05,6.07,18.3,8.96,15.84,49.17,震荡
2017-01-06,6.34,18.34,8.77,15.44,48.89,震荡
2017-01-09,5.34,18.31,8.47,17.1,49.22,震荡
2017-01-10,6.11,18.25,9.36,16.54,50.26,震荡
2017-01-11,7.07,18.46,9.19,14.65,49.36,震荡
2017-01-12,8.34,18.49,9.09,13.43,49.34,震荡
2017-01-13,7.03,18.5,9.02,14.05,48.6,震荡
2017-01-16,6.16,18.7,8.65,13.8,47.31,震荡
2017-01-17,6.05,19.31,6.75,14.28,46.39,震荡
2017-01-18,4.75,19.14,6.74,16.06,46.69,震荡
2017-01-19,5.95,19.3,6.62,15.05,46.92,震荡
2017-01-20,3.54,19.13,6.62,17.51,46.8,震荡
2017-01-23,3.37,19.16,6.94,12.74,42.21,下行
2017-01-24,3.08,19.08,8.53,12.98,43.66,下行
2017-01-25,2.6,19.33,8.21,13.85,44.0,下行
2017-01-26,1.69,19.61,8.15,14.94,44.4,下行
2017-02-03,2.88,20.65,6.87,13.12,43.53,下行
2017-02-06,2.53,20.81,7.83,12.99,44.17,下行
2017-02-07,2.98,20.79,8.66,12.62,45.05,震荡
2017-02-08,2.45,20.43,9.21,14.85,46.94,震荡
2017-02-09,1.19,20.32,9.95,16.02,47.47,震荡
2017-02-10,0.72,20.09,11.95,17.59,50.35,震荡
2017-02-13,0.0,20.22,11.2,19.14,50.56,震荡
2017-02-14,0.0,20.17,11.25,19.39,50.8,震荡
2017-02-15,0.0,20.06,11.39,18.16,49.61,震荡
2017-02-16,0.0,20.22,11.33,19.18,50.73,震荡
2017-02-17,0.71,19.98,11.25,17.21,49.15,震荡
2017-02-20,0.0,19.94,11.28,21.7,52.92,震荡
2017-02-21,0.0,19.82,11.22,21.34,52.39,震荡
2017-02-22,0.0,20.11,11.18,21.83,53.12,震荡
2017-02-23,0.0,20.13,11.1,20.14,51.37,震荡
2017-02-24,0.0,20.14,11.09,19.64,50.88,震荡
2017-02-27,0.0,20.06,11.22,16.92,48.2,震荡
2017-02-28,0.0,19.9,10.97,16.99,47.87,震荡
2017-03-01,0.0,20.65,11.07,17.01,48.72,震荡
2017-03-02,1.03,20.84,10.97,15.74,48.58,震荡
2017-03-03,1.65,20.83,10.74,14.35,47.56,震荡
2017-03-06,1.25,20.73,10.47,15.51,47.97,震荡
2017-03-07,0.39,20.87,10.55,15.57,47.37,震荡
2017-03-08,0.77,20.71,10.36,15.63,47.47,震荡
2017-03-09,2.38,20.85,10.29,12.82,46.35,震荡
2017-03-10,2.51,20.94,10.1,13.04,46.59,震荡
2017-03-13,0.3,21.02,5.0,16.14,42.47,下行
2017-03-14,0.0,21.11,5.0,15.38,41.49,下行
2017-03-15,0.0,20.75,10.01,15.75,46.51,震荡
2017-03-16,0.0,20.63,10.06,17.4,48.09,震荡
2017-03-17,1.79,20.28,10.78,13.92,46.77,震荡
2017-03-20,1.81,20.24,5.0,14.24,41.3,下行
2017-03-21,0.0,20.39,15.0,16.37,51.76,震荡
2017-03-22,2.37,19.98,11.24,14.97,48.56,震荡
2017-03-23,1.87,19.93,11.31,15.9,49.01,震荡
2017-03-24,0.0,19.8,10.62,18.67,49.09,震荡
2017-03-27,2.2,19.58,10.98,17.13,49.89,震荡
2017-03-28,3.31,19.51,10.84,16.59,50.25,震荡
2017-03-29,3.44,19.74,10.75,15.92,49.85,震荡
2017-03-30,5.12,19.78,10.57,13.09,48.56,震荡
2017-03-31,2.85,20.02,10.33,15.13,48.32,震荡
2017-04-05,0.0,17.68,15.0,19.77,52.45,震荡
2017-04-06,0.0,17.45,9.67,19.16,46.28,震荡
2017-04-07,0.0,17.43,9.69,19.48,46.61,震荡
2017-04-10,0.0,17.26,9.4,18.33,45.0,下行
2017-04-11,0.0,17.36,10.03,18.7,46.1,震荡
2017-04-12,0.0,17.37,11.44,17.4,46.21,震荡
2017-04-13,0.0,17.46,11.06,18.24,46.76,震荡
2017-04-14,0.0,17.4,11.31,15.62,44.32,下行
2017-04-17,0.0,17.4,11.23,14.61,43.23,下行
2017-04-18,0.0,17.58,10.94,13.81,42.32,下行
2017-04-19,2.53,17.29,10.2,11.49,41.51,下行
2017-04-20,1.6,17.25,9.66,13.16,41.68,下行
2017-04-21,0.0,17.28,8.99,13.37,39.63,下行
2017-04-24,0.75,17.47,8.46,10.32,37.0,下行
2017-04-25,2.16,17.62,7.7,11.51,38.99,下行
2017-04-26,0.0,17.29,7.66,12.34,37.29,下行
2017-04-27,0.0,16.93,7.9,12.61,37.45,下行
2017-04-28,6.97,16.89,8.24,11.62,43.72,下行
2017-05-02,11.29,17.01,8.52,11.2,48.02,震荡
2017-05-03,12.72,16.63,9.3,9.93,48.57,震荡
2017-05-04,13.33,16.53,9.61,9.29,48.76,震荡
2017-05-05,15.19,16.26,9.9,7.95,49.3,震荡
2017-05-08,16.67,16.23,9.23,6.14,48.27,震荡
2017-05-09,17.64,16.14,9.32,7.07,50.17,震荡
2017-05-10,18.45,16.18,8.91,6.77,50.32,震荡
2017-05-11,15.17,16.2,8.22,8.9,48.49,震荡
2017-05-12,10.92,15.8,7.15,11.84,45.72,震荡
2017-05-15,10.38,15.52,7.19,13.47,46.55,震荡
2017-05-16,9.3,15.55,7.46,17.16,49.47,震荡
2017-05-17,9.3,15.57,7.98,15.37,48.23,震荡
2017-05-18,11.74,15.15,8.65,14.24,49.78,震荡
2017-05-19,11.74,15.08,9.63,15.01,51.47,震荡
2017-05-22,10.61,15.07,9.92,15.52,51.11,震荡
2017-05-23,7.66,15.1,10.12,16.85,49.73,震荡
2017-05-24,7.88,15.26,9.26,16.92,49.32,震荡
2017-05-25,4.35,15.39,9.09,23.13,51.96,震荡
2017-05-26,4.15,15.54,8.99,22.41,51.09,震荡
2017-05-31,3.31,15.6,8.53,22.32,49.77,震荡
2017-06-01,1.57,17.54,8.7,22.7,50.51,震荡
2017-06-02,3.4,17.53,8.66,21.56,51.15,震荡
2017-06-05,6.02,17.53,8.51,19.23,51.28,震荡
2017-06-06,4.59,17.47,8.65,21.07,51.78,震荡
2017-06-07,1.48,17.55,9.31,24.4,52.74,震荡
2017-06-08,0.0,17.41,9.59,25.6,52.59,震荡
2017-06-09,0.0,17.28,10.26,26.38,53.92,震荡
2017-06-12,0.0,17.29,10.3,24.76,52.35,震荡
2017-06-13,0.0,17.28,10.4,24.44,52.12,震荡
2017-06-14,0.0,17.2,10.81,20.64,48.66,震荡
2017-06-15,0.0,16.87,10.45,19.15,46.47,震荡
2017-06-16,0.0,17.09,10.72,18.11,45.92,震荡
2017-06-19,0.0,17.18,10.54,20.76,48.49,震荡
2017-06-20,0.0,17.0,10.54,19.13,46.67,震荡
2017-06-21,0.0,17.08,10.25,22.09,49.41,震荡
2017-06-22,0.0,17.36,10.38,21.6,49.34,震荡
2017-06-23,0.0,17.31,10.08,23.58,50.97,震荡
2017-06-26,0.0,17.29,10.16,26.52,53.96,震荡
2017-06-27,0.0,17.31,10.54,25.79,53.64,震荡
2017-06-28,0.0,17.57,10.79,22.91,51.27,震荡
2017-06-29,0.0,17.64,10.98,23.92,52.55,震荡
2017-06-30,0.0,17.76,11.02,22.58,51.37,震荡
2017-07-03,0.0,16.58,10.99,20.38,47.96,震荡
2017-07-04,0.0,16.79,10.58,17.27,44.64,下行
2017-07-05,0.0,16.88,10.53,20.56,47.97,震荡
2017-07-06,0.0,16.75,10.39,19.82,46.96,震荡
2017-07-07,0.0,16.82,10.35,19.27,46.44,震荡
2017-07-10,0.0,16.91,10.51,19.16,46.58,震荡
2017-07-11,0.0,16.9,10.65,21.1,48.65,震荡
2017-07-12,0.0,16.86,10.46,18.7,46.02,震荡
2017-07-13,0.0,16.75,10.41,21.03,48.19,震荡
2017-07-14,0.0,16.72,10.42,22.14,49.28,震荡
2017-07-17,0.0,16.7,10.1,17.43,44.24,下行
2017-07-18,0.0,16.76,9.23,17.0,43.0,下行
2017-07-19,0.0,16.8,9.2,22.54,48.55,震荡
2017-07-20,0.0,16.8,9.34,23.21,49.35,震荡
2017-07-21,0.0,16.86,9.4,21.11,47.37,震荡
2017-07-24,0.0,16.89,9.74,22.19,48.82,震荡
2017-07-25,0.0,16.88,10.97,19.53,47.37,震荡
2017-07-26,0.0,16.96,11.38,17.49,45.83,震荡
2017-07-27,0.0,17.04,11.36,18.09,46.48,震荡
2017-07-28,0.0,16.97,11.61,18.84,47.42,震荡
2017-07-31,0.0,17.04,11.42,19.47,47.93,震荡
2017-08-01,0.0,18.29,11.35,21.13,50.78,震荡
2017-08-02,0.0,18.33,11.12,20.58,50.03,震荡
2017-08-03,0.0,18.47,11.25,17.14,46.85,震荡
2017-08-04,0.0,18.46,11.28,14.98,44.73,下行
2017-08-07,0.0,18.84,11.26,16.43,46.52,震荡
2017-08-08,0.0,18.83,10.98,16.23,46.05,震荡
2017-08-09,0.0,18.71,10.74,15.64,45.09,震荡
2017-08-10,0.0,18.7,10.77,14.84,44.31,下行
2017-08-11,0.0,18.67,10.38,9.33,38.38,下行
2017-08-14,0.0,18.66,10.29,12.82,41.78,下行
2017-08-15,0.0,18.62,10.5,13.42,42.54,下行
2017-08-16,0.0,18.38,10.88,13.07,42.32,下行
2017-08-17,0.0,18.56,10.71,15.47,44.74,下行
2017-08-18,0.0,18.53,11.02,15.63,45.18,震荡
2017-08-21,0.0,18.49,11.25,16.92,46.65,震荡
2017-08-22,0.0,18.64,11.06,17.27,46.97,震荡
2017-08-23,0.0,18.67,11.0,17.82,47.48,震荡
2017-08-24,0.0,18.62,10.82,16.1,45.54,震荡
2017-08-25,0.0,18.55,10.62,21.01,50.17,震荡
2017-08-28,0.0,18.44,10.73,24.03,53.2,震荡
2017-08-29,0.0,18.49,11.09,23.1,52.68,震荡
2017-08-30,0.0,18.28,11.24,22.49,52.01,震荡
2017-08-31,0.0,18.19,11.39,21.53,51.1,震荡
2017-09-01,0.0,19.31,11.93,21.4,52.64,震荡
2017-09-04,0.0,19.41,12.19,22.01,53.61,震荡
2017-09-05,0.0,19.43,12.05,22.57,54.06,震荡
2017-09-06,0.0,19.49,12.01,21.13,52.63,震荡
2017-09-07,0.0,18.98,12.33,19.34,50.64,震荡
2017-09-08,0.0,18.91,11.97,18.3,49.17,震荡
2017-09-11,0.0,19.0,11.88,18.2,49.07,震荡
2017-09-12,0.0,19.03,12.12,18.41,49.56,震荡
2017-09-13,0.0,19.05,12.25,18.04,49.34,震荡
2017-09-14,0.0,19.1,12.07,16.6,47.77,震荡
2017-09-15,0.0,18.89,5.0,16.61,40.51,下行
2017-09-18,0.0,18.9,11.85,17.33,48.08,震荡
2017-09-19,0.0,19.02,11.57,15.08,45.67,震荡
2017-09-20,0.0,18.89,11.39,16.11,46.39,震荡
2017-09-21,0.0,18.83,11.61,15.76,46.2,震荡
2017-09-22,0.0,18.83,15.0,14.78,48.61,震荡
2017-09-25,0.0,18.82,10.82,13.64,43.29,下行
2017-09-26,0.0,18.72,10.0,13.85,42.58,下行
2017-09-27,0.0,18.95,9.62,14.11,42.68,下行
2017-09-28,0.0,18.91,8.95,14.56,42.42,下行
2017-09-29,0.0,18.82,8.96,15.51,43.29,下行
2017-10-09,0.0,17.42,7.78,18.51,43.7,下行
2017-10-10,0.0,17.54,9.68,18.77,45.99,震荡
2017-10-11,0.0,17.53,10.45,19.7,47.68,震荡
2017-10-12,0.0,17.72,10.75,20.65,49.12,震荡
2017-10-13,0.0,17.79,11.03,20.86,49.67,震荡
2017-10-16,0.0,17.84,12.53,19.45,49.82,震荡
2017-10-17,0.0,17.98,10.95,19.02,47.95,震荡
2017-10-18,0.0,18.13,10.22,20.5,48.85,震荡
2017-10-19,0.0,18.12,9.68,19.29,47.08,震荡
2017-10-20,0.0,18.06,9.33,18.8,46.18,震荡
2017-10-23,0.0,18.1,9.24,19.39,46.74,震荡
2017-10-24,0.0,18.09,9.49,20.85,48.43,震荡
2017-10-25,0.0,18.07,9.24,21.33,48.63,震荡
2017-10-26,0.0,18.29,9.78,22.92,50.98,震荡
2017-10-27,0.0,18.23,10.86,23.69,52.78,震荡
2017-10-30,0.0,18.5,11.06,21.61,51.18,震荡
2017-10-31,0.0,18.77,10.71,20.69,50.17,震荡
2017-11-01,0.0,19.35,11.24,19.0,49.59,震荡
2017-11-02,0.0,19.09,11.6,18.9,49.59,震荡
2017-11-03,0.0,19.06,10.76,17.54,47.36,震荡
2017-11-06,0.0,19.16,10.31,19.71,49.18,震荡
2017-11-07,0.0,18.99,10.93,22.04,51.96,震荡
2017-11-08,0.0,19.03,11.3,20.81,51.13,震荡
2017-11-09,0.0,18.91,11.24,22.49,52.65,震荡
2017-11-10,0.0,19.24,11.67,24.51,55.42,震荡
2017-11-13,0.0,19.2,12.31,24.36,55.86,震荡
2017-11-14,0.0,19.57,12.55,21.3,53.43,震荡
2017-11-15,0.0,19.49,12.37,18.61,50.47,震荡
2017-11-16,0.0,19.49,11.98,20.8,52.26,震荡
2017-11-17,0.0,19.33,11.86,20.47,51.66,震荡
2017-11-20,0.0,19.28,10.48,22.11,51.87,震荡
2017-11-21,0.0,19.4,9.7,27.16,56.26,震荡
2017-11-22,0.0,19.39,10.03,26.14,55.56,震荡
2017-11-23,0.0,19.51,10.17,15.95,45.64,震荡
2017-11-24,0.0,19.49,9.68,15.99,45.16,震荡
2017-11-27,0.0,19.14,10.18,11.06,40.38,下行
2017-11-28,0.0,19.07,9.68,12.28,41.03,下行
2017-11-29,0.0,19.09,9.14,11.8,40.03,下行
2017-11-30,0.0,18.86,9.08,8.4,36.35,下行
2017-12-01,0.0,18.13,9.23,8.57,35.93,下行
2017-12-04,0.0,18.08,9.69,9.83,37.6,下行
2017-12-05,0.0,18.18,9.99,11.71,39.88,下行
2017-12-06,0.0,18.03,8.51,9.62,36.16,下行
2017-12-07,0.0,17.7,8.36,6.71,32.77,下行
2017-12-08,0.0,17.86,8.52,9.96,36.34,下行
2017-12-11,0.0,17.87,8.74,15.04,41.66,下行
2017-12-12,0.0,17.96,9.02,10.65,37.63,下行
2017-12-13,0.0,17.96,10.46,12.89,41.3,下行
2017-12-14,0.0,17.79,10.7,12.25,40.73,下行
2017-12-15,0.0,17.76,10.89,8.83,37.48,下行
2017-12-18,0.0,17.66,10.53,9.54,37.73,下行
2017-12-19,0.0,17.67,10.43,14.17,42.27,下行
2017-12-20,0.0,17.77,10.43,14.3,42.5,下行
2017-12-21,0.0,17.52,10.05,18.08,45.66,震荡
2017-12-22,0.0,17.53,9.93,16.88,44.34,下行
2017-12-25,0.0,17.36,10.18,15.49,43.03,下行
2017-12-26,0.0,17.35,10.36,16.42,44.13,下行
2017-12-27,0.0,17.4,10.48,11.68,39.57,下行
2017-12-28,0.0,17.45,10.72,14.38,42.55,下行
2017-12-29,0.0,17.37,10.94,15.27,43.58,下行
2018-01-02,0.0,16.35,10.52,19.45,46.33,震荡
2018-01-03,0.0,16.93,10.59,20.85,48.37,震荡
2018-01-04,0.0,17.04,10.51,21.42,48.97,震荡
2018-01-05,0.0,17.41,10.57,21.98,49.96,震荡
2018-01-08,0.0,17.64,10.21,22.68,50.54,震荡
2018-01-09,0.0,17.71,11.28,24.76,53.75,震荡
2018-01-10,0.0,17.71,11.28,25.34,54.34,震荡
2018-01-11,0.0,17.79,11.56,24.31,53.66,震荡
2018-01-12,0.0,17.96,11.63,25.26,54.85,震荡
2018-01-15,0.0,17.8,11.44,23.78,53.02,震荡
2018-01-16,0.0,17.96,11.08,25.83,54.87,震荡
2018-01-17,0.0,17.97,11.25,24.09,53.31,震荡
2018-01-18,0.0,17.88,10.98,25.17,54.03,震荡
2018-01-19,0.0,18.05,11.39,25.23,54.67,震荡
2018-01-22,0.0,18.07,11.7,28.09,57.86,震荡
2018-01-23,0.0,18.11,12.0,26.81,56.93,震荡
2018-01-24,0.0,18.0,11.98,25.93,55.91,震荡
2018-01-25,0.0,18.21,12.2,22.72,53.14,震荡
2018-01-26,0.0,18.15,11.54,23.11,52.8,震荡
2018-01-29,0.0,18.06,11.22,16.48,45.76,震荡
2018-01-30,0.0,18.19,11.07,12.97,42.23,下行
2018-01-31,0.0,18.04,10.6,13.49,42.13,下行
2018-02-01,0.0,14.53,9.81,11.15,35.48,下行
2018-02-02,0.0,14.65,8.63,12.69,35.97,下行
2018-02-05,0.0,14.56,7.98,12.2,34.75,下行
2018-02-06,0.0,14.39,7.49,4.16,26.03,极寒
2018-02-07,0.0,14.17,5.96,0.0,20.12,极寒
2018-02-08,0.0,14.43,5.8,0.0,20.24,极寒
2018-02-09,1.0,14.34,6.59,0.0,21.92,极寒
2018-02-12,0.0,14.37,5.7,0.0,20.07,极寒
2018-02-13,0.0,14.29,5.17,0.0,19.46,极寒
2018-02-14,0.0,14.22,5.8,0.0,20.03,极寒
2018-02-22,0.0,14.36,5.0,5.03,24.39,极寒
2018-02-23,0.0,14.29,5.83,7.54,27.67,极寒
2018-02-26,0.0,14.47,7.58,12.24,34.29,下行
2018-02-27,0.0,14.82,8.81,9.14,32.77,下行
2018-02-28,0.0,14.92,9.79,7.48,32.2,下行
2018-03-01,0.0,19.59,11.39,10.72,41.69,下行
2018-03-02,0.0,19.57,11.1,10.05,40.73,下行
2018-03-05,0.0,19.57,10.99,10.43,40.99,下行
2018-03-06,0.0,19.46,10.44,15.53,45.43,震荡
2018-03-07,0.0,19.27,10.69,13.95,43.9,下行
2018-03-08,0.0,19.39,10.45,17.58,47.42,震荡
2018-03-09,0.0,19.32,10.22,20.39,49.94,震荡
2018-03-12,0.0,19.31,10.25,21.81,51.37,震荡
2018-03-13,0.0,19.1,10.81,18.78,48.69,震荡
2018-03-14,0.0,18.98,10.5,17.66,47.14,震荡
2018-03-15,0.0,18.92,10.77,19.58,49.27,震荡
2018-03-16,0.0,18.76,10.82,15.4,44.98,下行
2018-03-19,0.0,18.91,10.61,16.33,45.85,震荡
2018-03-20,0.0,18.85,10.23,15.66,44.74,下行
2018-03-21,0.0,18.7,10.27,13.79,42.76,下行
2018-03-22,0.0,18.62,10.29,11.26,40.17,下行
2018-03-23,2.96,18.6,10.21,3.09,34.87,下行
2018-03-26,4.2,18.48,8.84,2.62,34.14,下行
2018-03-27,3.58,18.76,9.1,5.76,37.2,下行
2018-03-28,5.85,18.65,9.3,0.55,34.34,下行
2018-03-29,4.23,18.62,9.05,6.3,38.2,下行
2018-03-30,4.64,18.66,9.22,6.31,38.83,下行
2018-04-02,5.32,18.21,10.65,5.81,39.98,下行
2018-04-03,6.19,18.36,10.54,4.71,39.81,下行
2018-04-04,6.79,18.39,10.26,4.66,40.1,下行
2018-04-09,6.68,18.41,9.67,5.87,40.62,下行
2018-04-10,3.39,18.53,9.77,12.21,43.9,下行
2018-04-11,3.05,18.64,9.92,13.3,44.91,下行
2018-04-12,4.79,18.67,9.67,10.89,44.02,下行
2018-04-13,5.89,18.87,9.72,9.59,44.07,下行
2018-04-16,10.04,18.99,10.19,6.01,45.23,震荡
2018-04-17,14.49,18.85,10.02,2.84,46.2,震荡
2018-04-18,12.54,18.96,9.85,4.62,45.97,震荡
2018-04-19,9.19,19.34,9.77,9.7,48.0,震荡
2018-04-20,13.47,19.06,9.57,6.26,48.37,震荡
2018-04-23,13.12,19.0,9.19,8.44,49.75,震荡
2018-04-24,7.07,18.9,9.15,14.79,49.91,震荡
2018-04-25,9.36,19.23,9.26,13.2,51.05,震荡
2018-04-26,14.94,19.53,9.38,7.9,51.75,震荡
2018-04-27,16.17,19.62,9.46,8.82,54.07,震荡
2018-05-02,18.4,21.51,9.25,10.29,59.45,震荡
2018-05-03,17.2,21.4,9.07,12.43,60.11,震荡偏强
2018-05-04,18.08,21.36,9.12,11.46,60.02,震荡偏强
2018-05-07,15.84,21.45,8.77,16.36,62.42,震荡偏强
2018-05-08,13.23,21.67,9.13,20.16,64.19,震荡偏强
2018-05-09,13.38,22.04,10.02,19.23,64.67,震荡偏强
2018-05-10,11.5,22.11,10.31,21.4,65.33,震荡偏强
2018-05-11,12.31,22.08,10.64,19.83,64.86,震荡偏强
2018-05-14,9.52,22.05,10.49,22.45,64.51,震荡偏强
2018-05-15,8.53,21.98,10.33,23.4,64.24,震荡偏强
2018-05-16,12.39,22.05,10.29,20.54,65.26,震荡偏强
2018-05-17,14.44,21.94,10.1,17.51,64.0,震荡偏强
2018-05-18,8.96,21.41,10.06,20.24,60.68,震荡偏强
2018-05-21,8.1,21.48,10.26,21.29,61.12,震荡偏强
2018-05-22,9.77,21.06,10.51,19.44,60.78,震荡偏强
2018-05-23,15.38,20.88,10.8,15.12,62.19,震荡偏强
2018-05-24,16.89,20.72,10.95,12.81,61.35,震荡偏强
2018-05-25,17.41,20.66,10.93,12.15,61.15,震荡偏强
2018-05-28,17.22,20.47,10.76,13.67,62.12,震荡偏强
2018-05-29,17.93,20.36,10.47,10.7,59.45,震荡
2018-05-30,24.32,20.27,9.95,5.24,59.78,震荡
2018-05-31,19.19,20.17,9.29,11.1,59.76,震荡
2018-06-01,20.84,18.76,9.05,9.05,57.7,震荡
2018-06-04,18.84,18.53,8.95,11.99,58.31,震荡
2018-06-05,17.45,18.62,8.64,14.62,59.33,震荡
2018-06-06,17.78,18.67,8.79,14.2,59.43,震荡
2018-06-07,17.58,18.48,9.2,14.34,59.61,震荡
2018-06-08,21.83,18.55,9.27,10.7,60.35,震荡偏强
2018-06-11,17.46,18.5,9.37,11.9,57.23,震荡
2018-06-12,15.7,18.49,9.46,15.22,58.87,震荡
2018-06-13,17.19,18.44,9.43,12.53,57.59,震荡
2018-06-14,17.52,18.38,9.21,12.02,57.12,震荡
2018-06-15,17.88,18.3,9.18,12.01,57.37,震荡
2018-06-19,25.0,18.24,8.67,2.81,54.72,震荡
2018-06-20,25.0,17.99,6.62,3.76,53.37,震荡
2018-06-21,25.0,18.05,6.0,2.26,51.32,震荡
2018-06-22,25.0,17.84,5.53,4.24,52.6,震荡
2018-06-25,25.0,17.76,5.03,1.04,48.83,震荡
2018-06-26,25.0,17.87,5.68,0.0,48.55,震荡
2018-06-27,25.0,17.97,7.91,0.0,50.87,震荡
2018-06-28,25.0,17.78,8.4,0.0,51.18,震荡
2018-06-29,25.0,17.99,8.94,1.65,53.59,震荡
2018-07-02,25.0,16.79,9.34,0.0,51.14,震荡
2018-07-03,25.0,16.85,9.33,0.0,51.19,震荡
2018-07-04,25.0,17.35,9.46,0.0,51.81,震荡
2018-07-05,25.0,17.7,9.02,0.0,51.72,震荡
2018-07-06,25.0,17.71,8.71,0.0,51.43,震荡
2018-07-09,25.0,17.97,8.47,7.56,59.01,震荡
2018-07-10,25.0,17.92,8.51,9.53,60.96,震荡偏强
2018-07-11,25.0,17.91,8.28,6.24,57.43,震荡
2018-07-12,25.0,17.79,8.37,14.39,65.55,震荡偏强
2018-07-13,25.0,17.85,9.15,15.97,67.98,震荡偏强
2018-07-16,25.0,17.61,9.13,15.81,67.55,震荡偏强
2018-07-17,25.0,17.81,9.34,14.58,66.73,震荡偏强
2018-07-18,25.0,17.84,9.49,13.93,66.26,震荡偏强
2018-07-19,25.0,17.65,9.9,14.69,67.25,震荡偏强
2018-07-20,25.0,17.52,9.44,20.83,72.8,震荡偏强
2018-07-23,25.0,17.88,9.57,22.87,75.33,上行
2018-07-24,25.0,17.96,9.38,28.15,80.49,上行
2018-07-25,25.0,18.27,9.27,27.3,79.84,上行
2018-07-26,25.0,18.51,9.48,22.62,75.61,上行
2018-07-27,25.0,18.5,9.9,21.66,75.06,上行
2018-07-30,25.0,18.9,9.87,19.43,73.19,震荡偏强
2018-07-31,25.0,19.07,10.0,19.91,73.98,震荡偏强
2018-08-01,25.0,19.42,9.96,12.66,67.04,震荡偏强
2018-08-02,25.0,19.41,5.0,5.8,55.22,震荡
2018-08-03,25.0,19.63,5.0,1.83,51.45,震荡
2018-08-06,25.0,19.78,5.0,0.0,49.78,震荡
2018-08-07,25.0,20.07,5.0,7.74,57.81,震荡
2018-08-08,25.0,20.52,5.0,3.75,54.27,震荡
2018-08-09,25.0,20.57,8.64,10.97,65.19,震荡偏强
2018-08-10,25.0,20.2,8.83,11.78,65.81,震荡偏强
2018-08-13,25.0,20.2,15.0,10.79,71.0,震荡偏强
2018-08-14,25.0,19.92,15.0,9.77,69.69,震荡偏强
2018-08-15,25.0,19.67,15.0,3.27,62.94,震荡偏强
2018-08-16,25.0,19.71,15.0,2.66,62.37,震荡偏强
2018-08-17,25.0,19.76,15.0,0.0,59.76,震荡
2018-08-20,25.0,19.62,9.73,3.41,57.76,震荡
2018-08-21,25.0,19.5,9.4,9.47,63.36,震荡偏强
2018-08-22,25.0,18.86,9.02,10.08,62.96,震荡偏强
2018-08-23,25.0,18.98,8.85,11.85,64.68,震荡偏强
2018-08-24,25.0,19.23,8.89,13.14,66.26,震荡偏强
2018-08-27,25.0,19.53,9.0,21.02,74.55,震荡偏强
2018-08-28,25.0,19.37,9.23,20.64,74.23,震荡偏强
2018-08-29,25.0,19.05,9.47,19.69,73.21,震荡偏强
2018-08-30,25.0,19.05,9.71,16.7,70.46,震荡偏强
2018-08-31,25.0,19.06,9.59,14.31,67.96,震荡偏强
2018-09-03,25.0,17.19,9.45,13.47,65.11,震荡偏强
2018-09-04,25.0,17.16,9.37,17.1,68.63,震荡偏强
2018-09-05,25.0,17.11,9.47,10.94,62.53,震荡偏强
2018-09-06,25.0,17.14,9.35,8.96,60.45,震荡偏强
2018-09-07,25.0,17.17,9.45,11.43,63.04,震荡偏强
2018-09-10,25.0,17.3,9.52,7.83,59.64,震荡
2018-09-11,25.0,17.39,9.23,7.4,59.02,震荡
2018-09-12,25.0,17.43,9.05,5.74,57.21,震荡
2018-09-13,25.0,17.34,9.15,9.03,60.53,震荡偏强
2018-09-14,25.0,17.41,9.11,9.41,60.93,震荡偏强
2018-09-17,25.0,17.32,9.02,6.86,58.2,震荡
2018-09-18,25.0,17.37,9.13,12.67,64.17,震荡偏强
2018-09-19,25.0,17.46,9.3,16.66,68.42,震荡偏强
2018-09-20,25.0,16.81,8.96,16.5,67.28,震荡偏强
2018-09-21,25.0,16.82,8.71,25.52,76.05,上行
2018-09-25,25.0,16.69,8.71,22.51,72.91,震荡偏强
2018-09-26,25.0,16.78,9.04,25.79,76.61,上行
2018-09-27,25.0,16.72,8.85,24.35,74.92,震荡偏强
2018-09-28,25.0,16.63,8.84,27.13,77.6,上行
2018-10-08,25.0,14.42,8.14,12.49,60.05,震荡偏强
2018-10-09,25.0,14.73,9.18,13.27,62.18,震荡偏强
2018-10-10,25.0,14.83,9.1,13.43,62.37,震荡偏强
2018-10-11,25.0,14.93,9.23,0.0,49.16,震荡
2018-10-12,25.0,14.98,7.81,4.52,52.31,震荡
2018-10-15,25.0,15.22,7.26,0.99,48.47,震荡
2018-10-16,25.0,15.24,6.12,0.0,46.36,震荡
2018-10-17,25.0,15.08,5.06,1.13,46.28,震荡
2018-10-18,25.0,15.04,5.0,0.0,45.04,震荡
2018-10-19,25.0,14.88,5.6,3.11,48.6,震荡
2018-10-22,25.0,15.14,6.49,18.08,64.71,震荡偏强
2018-10-23,25.0,15.42,7.26,8.01,55.69,震荡
2018-10-24,25.0,15.31,8.43,8.86,57.6,震荡
2018-10-25,25.0,15.28,9.03,10.84,60.15,震荡偏强
2018-10-26,25.0,15.3,9.58,8.51,58.39,震荡
2018-10-29,25.0,15.36,9.98,1.22,51.56,震荡
2018-10-30,25.0,15.35,9.9,5.85,56.1,震荡
2018-10-31,25.0,15.47,9.55,10.52,60.55,震荡偏强
2018-11-01,25.0,14.61,9.43,13.76,62.81,震荡偏强
2018-11-02,25.0,14.52,9.52,26.96,76.0,上行
2018-11-05,25.0,14.85,9.43,23.07,72.35,震荡偏强
2018-11-06,25.0,14.8,9.56,21.35,70.71,震荡偏强
2018-11-07,25.0,14.82,9.94,19.19,68.94,震荡偏强
2018-11-08,25.0,14.84,10.04,18.47,68.35,震荡偏强
2018-11-09,25.0,15.08,9.98,14.68,64.74,震荡偏强
2018-11-12,25.0,15.18,10.23,17.66,68.06,震荡偏强
2018-11-13,25.0,15.4,10.38,20.19,70.97,震荡偏强
2018-11-14,25.0,15.47,10.41,16.1,66.98,震荡偏强
2018-11-15,25.0,15.42,10.63,19.16,70.22,震荡偏强
2018-11-16,25.0,15.41,11.0,19.5,70.91,震荡偏强
2018-11-19,25.0,15.16,10.91,22.92,73.99,震荡偏强
2018-11-20,25.0,15.23,10.93,16.05,67.21,震荡偏强
2018-11-21,25.0,15.16,11.03,16.17,67.36,震荡偏强
2018-11-22,25.0,15.25,10.83,15.31,66.38,震荡偏强
2018-11-23,25.0,15.42,10.59,7.7,58.71,震荡
2018-11-26,25.0,15.35,10.02,7.9,58.26,震荡
2018-11-27,25.0,15.49,9.53,7.54,57.56,震荡
2018-11-28,25.0,15.49,9.26,11.82,61.57,震荡偏强
2018-11-29,25.0,15.45,9.16,9.0,58.6,震荡
2018-11-30,25.0,15.3,8.78,12.61,61.7,震荡偏强
2018-12-03,25.0,12.97,9.18,20.34,67.49,震荡偏强
2018-12-04,25.0,12.78,9.44,20.68,67.91,震荡偏强
2018-12-05,25.0,12.64,9.45,19.13,66.23,震荡偏强
2018-12-06,25.0,12.73,9.53,13.1,60.35,震荡偏强
2018-12-07,25.0,12.85,10.0,12.42,60.27,震荡偏强
2018-12-10,25.0,12.97,10.12,9.93,58.02,震荡
2018-12-11,25.0,12.69,10.04,11.49,59.22,震荡
2018-12-12,25.0,12.77,9.95,12.64,60.36,震荡偏强
2018-12-13,25.0,12.84,9.86,17.78,65.49,震荡偏强
2018-12-14,25.0,13.22,9.77,12.91,60.9,震荡偏强
2018-12-17,25.0,13.2,9.42,13.12,60.73,震荡偏强
2018-12-18,25.0,13.23,9.44,9.84,57.51,震荡
2018-12-19,25.0,13.19,9.51,7.36,55.05,震荡
2018-12-20,25.0,11.8,9.33,5.86,52.0,震荡
2018-12-21,25.0,11.79,9.45,2.66,48.9,震荡
2018-12-24,25.0,11.96,9.73,3.74,50.42,震荡
2018-12-25,25.0,12.0,9.65,2.45,49.1,震荡
2018-12-26,25.0,11.72,9.5,1.65,47.86,震荡
2018-12-27,25.0,11.91,9.68,1.66,48.26,震荡
2018-12-28,25.0,11.95,9.42,3.11,49.49,震荡
2019-01-02,25.0,12.35,8.86,0.51,46.72,震荡
2019-01-03,25.0,12.67,8.94,1.9,48.51,震荡
2019-01-04,25.0,12.41,9.1,10.23,56.74,震荡
2019-01-07,25.0,12.59,9.38,12.11,59.08,震荡
2019-01-08,25.0,12.85,9.77,12.71,60.34,震荡偏强
2019-01-09,25.0,12.95,10.7,15.28,63.93,震荡偏强
2019-01-10,25.0,12.75,11.17,15.98,64.89,震荡偏强
2019-01-11,25.0,12.7,11.34,18.54,67.58,震荡偏强
2019-01-14,25.0,12.5,11.35,16.69,65.54,震荡偏强
2019-01-15,25.0,12.58,11.12,22.57,71.27,震荡偏强
2019-01-16,25.0,12.58,11.64,17.34,66.55,震荡偏强
2019-01-17,25.0,12.65,11.68,16.04,65.37,震荡偏强
2019-01-18,25.0,12.86,11.85,21.18,70.9,震荡偏强
2019-01-21,25.0,12.91,12.49,22.55,72.95,震荡偏强
2019-01-22,25.0,12.57,12.71,18.42,68.7,震荡偏强
2019-01-23,25.0,12.77,12.79,17.45,68.01,震荡偏强
2019-01-24,25.0,12.75,13.24,19.36,70.35,震荡偏强
2019-01-25,25.0,12.88,13.57,21.06,72.52,震荡偏强
2019-01-28,25.0,12.98,13.65,20.06,71.69,震荡偏强
2019-01-29,25.0,12.27,13.89,20.75,71.9,震荡偏强
2019-01-30,25.0,12.23,13.5,17.98,68.71,震荡偏强
2019-01-31,25.0,12.33,13.06,19.95,70.34,震荡偏强
2019-02-01,25.0,11.22,12.43,24.21,72.86,震荡偏强
2019-02-11,25.0,11.31,11.62,27.53,75.45,上行
2019-02-12,25.0,11.24,12.65,28.73,77.62,上行
2019-02-13,25.0,11.3,13.5,30.0,79.81,上行
2019-02-14,25.0,11.34,14.75,30.0,81.09,上行
2019-02-15,25.0,11.31,15.99,26.84,79.13,上行
2019-02-18,25.0,11.34,18.11,30.0,84.45,上行
2019-02-19,25.0,11.54,18.13,30.0,84.67,上行
2019-02-20,25.0,11.65,18.44,30.0,85.09,上行
2019-02-21,25.0,12.0,18.28,29.74,85.02,上行
2019-02-22,25.0,11.85,18.3,30.0,85.15,上行
2019-02-25,20.03,11.96,18.51,30.0,80.5,上行
2019-02-26,22.12,11.98,20.0,30.0,84.1,上行
2019-02-27,21.49,11.93,20.0,30.0,83.43,上行
2019-02-28,22.13,11.77,20.0,30.0,83.91,上行
2019-03-01,17.59,16.51,20.0,30.0,84.1,上行
2019-03-04,14.78,16.6,20.0,30.0,81.38,上行
2019-03-05,14.13,16.85,19.09,30.0,80.08,上行
2019-03-06,11.64,16.77,19.52,30.0,77.93,上行
2019-03-07,14.16,16.68,19.92,30.0,80.77,上行
2019-03-08,23.03,16.38,20.0,22.51,81.93,上行
2019-03-11,20.75,16.28,20.0,24.85,81.88,上行
2019-03-12,19.27,16.21,20.0,25.16,80.64,上行
2019-03-13,21.47,16.18,19.86,21.98,79.49,上行
2019-03-14,22.59,16.13,18.77,18.54,76.02,上行
2019-03-15,20.69,16.09,16.88,20.92,74.58,震荡偏强
2019-03-18,14.36,15.99,16.04,28.57,74.97,震荡偏强
2019-03-19,15.03,16.08,15.09,24.64,70.84,震荡偏强
2019-03-20,15.61,16.17,14.33,23.04,69.15,震荡偏强
2019-03-21,15.6,16.28,13.88,21.6,67.36,震荡偏强
2019-03-22,15.97,16.24,14.77,20.76,67.73,震荡偏强
2019-03-25,21.82,16.11,14.23,13.34,65.5,震荡偏强
2019-03-26,23.3,15.78,13.28,10.2,62.56,震荡偏强
2019-03-27,22.02,15.86,12.37,12.53,62.78,震荡偏强
2019-03-28,21.74,15.94,11.65,11.52,60.84,震荡偏强
2019-03-29,13.35,15.85,10.24,23.11,62.54,震荡偏强
2019-04-01,7.94,14.43,11.39,30.0,63.75,震荡偏强
2019-04-02,8.09,14.94,11.48,29.08,63.6,震荡偏强
2019-04-03,4.2,15.07,12.07,30.0,61.35,震荡偏强
2019-04-04,1.32,15.49,12.86,30.0,59.67,震荡
2019-04-08,1.39,15.57,13.19,30.0,60.15,震荡偏强
2019-04-09,1.4,14.81,14.17,30.0,60.38,震荡偏强
2019-04-10,1.29,14.77,13.79,30.0,59.85,震荡
2019-04-11,6.83,13.81,13.02,24.46,58.13,震荡
2019-04-12,7.25,13.71,12.05,22.21,55.22,震荡
2019-04-15,8.58,14.1,11.27,19.41,53.36,震荡
2019-04-16,0.77,14.18,9.54,27.73,52.22,震荡
2019-04-17,0.27,14.21,9.88,25.99,50.35,震荡
2019-04-18,1.21,14.24,9.89,24.51,49.85,震荡
2019-04-19,0.17,14.19,10.06,27.91,52.33,震荡
2019-04-22,5.37,14.31,10.48,19.36,49.52,震荡
2019-04-23,6.72,14.38,10.62,17.78,49.5,震荡
2019-04-24,6.37,14.18,10.08,17.01,47.64,震荡
2019-04-25,10.86,14.47,9.45,10.01,44.79,下行
2019-04-26,15.32,14.39,8.5,5.37,43.59,下行
2019-04-29,16.15,14.31,8.02,6.4,44.88,下行
2019-04-30,19.05,14.57,6.03,6.82,46.48,震荡
2019-05-06,25.0,11.88,4.49,0.0,41.38,下行
2019-05-07,25.0,11.88,2.5,0.0,39.38,下行
2019-05-08,25.0,11.66,2.19,0.0,38.85,下行
2019-05-09,25.0,11.5,2.09,0.0,38.59,下行
2019-05-10,25.0,11.54,2.64,0.0,39.18,下行
2019-05-13,25.0,11.36,3.49,0.0,39.85,下行
2019-05-14,25.0,11.29,4.0,0.0,40.29,下行
2019-05-15,25.0,11.33,4.23,3.16,43.72,下行
2019-05-16,25.0,11.09,4.42,5.41,45.92,震荡
2019-05-17,25.0,11.0,4.63,0.47,41.1,下行
2019-05-20,25.0,10.98,3.93,0.0,39.91,下行
2019-05-21,25.0,11.02,4.28,4.14,44.44,下行
2019-05-22,25.0,11.14,4.53,5.26,45.93,震荡
2019-05-23,25.0,11.35,4.28,2.29,42.92,下行
2019-05-24,25.0,11.46,3.96,4.4,44.82,下行
2019-05-27,25.0,11.63,4.13,9.38,50.13,震荡
2019-05-28,25.0,11.69,4.69,11.89,53.27,震荡
2019-05-29,25.0,11.59,4.32,12.97,53.88,震荡
2019-05-30,25.0,11.68,4.55,13.8,55.03,震荡
2019-05-31,25.0,11.7,4.79,13.4,54.89,震荡
2019-06-03,25.0,11.65,4.88,14.19,55.71,震荡
2019-06-04,25.0,11.6,4.16,11.88,52.65,震荡
2019-06-05,25.0,11.44,3.95,11.47,51.85,震荡
2019-06-06,25.0,11.4,4.23,9.07,49.7,震荡
2019-06-10,25.0,11.49,4.33,13.3,54.13,震荡
2019-06-11,24.88,11.47,6.09,22.31,64.75,震荡偏强
2019-06-12,25.0,11.6,7.78,19.73,64.11,震荡偏强
2019-06-13,25.0,10.85,9.58,19.24,64.67,震荡偏强
2019-06-14,25.0,10.75,10.01,17.67,63.43,震荡偏强
2019-06-17,24.32,10.74,10.32,17.81,63.18,震荡偏强
2019-06-18,24.02,10.82,10.95,18.15,63.95,震荡偏强
2019-06-19,22.86,10.92,10.97,22.25,67.0,震荡偏强
2019-06-20,18.51,11.0,11.63,30.0,71.14,震荡偏强
2019-06-21,18.07,11.13,12.74,29.69,71.64,震荡偏强
2019-06-24,17.44,11.13,14.3,29.04,71.91,震荡偏强
2019-06-25,19.81,11.13,14.68,25.09,70.72,震荡偏强
2019-06-26,20.03,11.06,14.84,24.47,70.41,震荡偏强
2019-06-27,18.25,11.16,14.15,27.0,70.56,震荡偏强
2019-06-28,19.05,11.24,14.63,26.04,70.96,震荡偏强
2019-07-01,12.61,12.22,14.69,30.0,69.52,震荡偏强
2019-07-02,12.81,12.16,15.26,30.0,70.23,震荡偏强
2019-07-03,15.15,11.96,14.96,27.49,69.56,震荡偏强
2019-07-04,16.03,12.04,15.16,24.18,67.41,震荡偏强
2019-07-05,15.12,11.95,14.89,24.32,66.27,震荡偏强
2019-07-08,20.92,12.04,15.12,16.36,64.44,震荡偏强
2019-07-09,21.73,12.03,13.26,15.28,62.3,震荡偏强
2019-07-10,22.41,11.9,12.03,14.87,61.21,震荡偏强
2019-07-11,22.28,12.4,11.39,14.43,60.5,震荡偏强
2019-07-12,20.94,12.44,11.26,16.13,60.78,震荡偏强
2019-07-15,20.31,12.16,11.56,16.46,60.49,震荡偏强
2019-07-16,21.46,12.35,11.76,14.54,60.12,震荡偏强
2019-07-17,21.71,12.32,11.73,13.64,59.4,震荡
2019-07-18,22.8,12.33,11.59,11.78,58.51,震荡
2019-07-19,21.67,12.23,11.23,14.84,59.96,震荡
2019-07-22,22.67,12.26,11.12,12.6,58.66,震荡
2019-07-23,22.44,12.14,10.8,13.21,58.58,震荡
2019-07-24,20.74,12.2,11.0,15.41,59.35,震荡
2019-07-25,19.55,12.35,11.35,17.94,61.19,震荡偏强
2019-07-26,19.35,12.3,11.47,18.12,61.24,震荡偏强
2019-07-29,19.57,12.34,10.98,17.84,60.74,震荡偏强
2019-07-30,18.61,12.45,11.16,19.38,61.6,震荡偏强
2019-07-31,20.0,12.4,11.41,17.33,61.14,震荡偏强
2019-08-01,22.12,11.61,11.22,14.69,59.65,震荡
2019-08-02,23.88,11.56,10.96,10.57,56.97,震荡
2019-08-05,25.0,11.24,10.06,5.8,52.11,震荡
2019-08-06,25.0,11.14,9.85,3.24,49.23,震荡
2019-08-07,25.0,11.35,9.31,1.93,47.59,震荡
2019-08-08,25.0,11.31,8.84,6.52,51.67,震荡
2019-08-09,25.0,11.24,8.67,4.85,49.75,震荡
2019-08-12,25.0,11.1,8.61,9.91,54.62,震荡
2019-08-13,25.0,11.08,9.08,7.89,53.05,震荡
2019-08-14,25.0,10.85,9.33,9.41,54.59,震荡
2019-08-15,25.0,11.06,9.76,10.86,56.67,震荡
2019-08-16,25.0,10.97,9.63,12.49,58.08,震荡
2019-08-19,23.85,11.07,9.35,19.48,63.75,震荡偏强
2019-08-20,24.23,11.04,11.22,18.21,64.7,震荡偏强
2019-08-21,24.55,11.15,11.57,18.25,65.52,震荡偏强
2019-08-22,24.37,11.31,11.82,19.11,66.61,震荡偏强
2019-08-23,23.73,11.29,12.26,21.39,68.67,震荡偏强
2019-08-26,25.0,11.43,12.49,18.27,67.19,震荡偏强
2019-08-27,23.6,11.35,11.28,21.64,67.87,震荡偏强
2019-08-28,24.55,11.2,11.93,20.83,68.51,震荡偏强
2019-08-29,25.0,11.31,11.83,19.99,68.13,震荡偏强
2019-08-30,25.0,11.04,11.94,20.54,68.52,震荡偏强
2019-09-02,24.46,12.46,13.29,23.26,73.47,震荡偏强
2019-09-03,24.21,12.51,14.32,22.72,73.75,震荡偏强
2019-09-04,22.77,12.51,14.68,25.41,75.38,上行
2019-09-05,21.53,12.31,15.58,27.22,76.64,上行
2019-09-06,20.48,12.11,16.64,28.01,77.24,上行
2019-09-09,19.08,12.18,17.05,28.12,76.43,上行
2019-09-10,19.92,12.29,17.72,26.05,75.98,上行
2019-09-11,21.04,12.28,17.94,22.78,74.03,震荡偏强
2019-09-12,18.55,12.34,17.91,24.81,73.6,震荡偏强
2019-09-16,19.22,12.63,16.68,22.73,71.26,震荡偏强
2019-09-17,22.43,12.72,17.45,16.79,69.39,震荡偏强
2019-09-18,22.04,12.82,16.31,17.61,68.78,震荡偏强
2019-09-19,21.57,12.91,15.91,18.5,68.88,震荡偏强
2019-09-20,21.13,12.76,15.91,18.4,68.2,震荡偏强
2019-09-23,22.75,12.69,16.12,15.44,66.99,震荡偏强
2019-09-24,22.44,12.73,15.56,15.18,65.91,震荡偏强
2019-09-25,23.3,12.83,15.48,12.91,64.51,震荡偏强
2019-09-26,24.21,12.85,14.97,10.7,62.72,震荡偏强
2019-09-27,23.74,12.95,14.07,11.14,61.9,震荡偏强
2019-09-30,25.0,13.01,13.79,7.55,59.36,震荡
2019-10-08,24.58,11.01,12.43,9.48,57.5,震荡
2019-10-09,23.87,10.84,13.07,10.32,58.1,震荡
2019-10-10,22.86,11.02,13.62,12.53,60.04,震荡偏强
2019-10-11,21.48,11.18,14.52,16.21,63.4,震荡偏强
2019-10-14,18.55,11.32,14.71,18.45,63.02,震荡偏强
2019-10-15,19.48,11.29,15.98,17.62,64.36,震荡偏强
2019-10-16,20.82,11.29,15.25,16.72,64.08,震荡偏强
2019-10-17,20.59,11.16,15.19,17.2,64.16,震荡偏强
2019-10-18,22.84,11.1,14.81,13.21,61.95,震荡偏强
2019-10-21,22.11,11.29,14.19,14.21,61.79,震荡偏强
2019-10-22,21.67,11.44,13.7,15.34,62.14,震荡偏强
2019-10-23,22.6,11.45,14.03,13.87,61.94,震荡偏强
2019-10-24,22.43,11.46,13.44,14.43,61.76,震荡偏强
2019-10-25,22.34,11.57,13.31,16.37,63.59,震荡偏强
2019-10-28,21.88,11.63,12.36,18.01,63.88,震荡偏强
2019-10-29,23.15,11.98,13.36,16.98,65.47,震荡偏强
2019-10-30,24.97,11.92,13.13,14.95,64.98,震荡偏强
2019-10-31,25.0,11.78,13.28,14.66,64.71,震荡偏强
2019-11-01,24.02,15.06,13.43,20.39,72.9,震荡偏强
2019-11-04,22.93,15.0,14.17,20.71,72.81,震荡偏强
2019-11-05,21.86,15.03,14.27,21.81,72.95,震荡偏强
2019-11-06,22.3,14.72,14.89,19.98,71.89,震荡偏强
2019-11-07,22.29,14.78,15.22,19.91,72.21,震荡偏强
2019-11-08,23.31,14.99,15.6,18.51,72.4,震荡偏强
2019-11-11,25.0,15.04,15.31,13.63,68.98,震荡偏强
2019-11-12,25.0,14.83,14.65,13.38,67.86,震荡偏强
2019-11-13,25.0,14.88,14.04,13.24,67.17,震荡偏强
2019-11-14,25.0,14.69,13.7,13.57,66.97,震荡偏强
2019-11-15,25.0,14.99,13.73,12.1,65.81,震荡偏强
2019-11-18,25.0,14.66,13.85,14.09,67.6,震荡偏强
2019-11-19,25.0,14.64,14.07,16.89,70.6,震荡偏强
2019-11-20,25.0,14.61,14.69,13.67,67.97,震荡偏强
2019-11-21,25.0,14.69,14.81,12.12,66.63,震荡偏强
2019-11-22,25.0,14.81,14.68,9.17,63.65,震荡偏强
2019-11-25,25.0,14.86,14.59,11.46,65.91,震荡偏强
2019-11-26,25.0,14.89,14.72,12.03,66.63,震荡偏强
2019-11-27,25.0,14.74,14.38,11.62,65.73,震荡偏强
2019-11-28,25.0,14.79,14.51,11.22,65.52,震荡偏强
2019-11-29,25.0,14.77,14.31,8.49,62.57,震荡偏强
2019-12-02,25.0,14.8,14.62,9.63,64.06,震荡偏强
2019-12-03,25.0,14.9,14.78,11.4,66.09,震荡偏强
2019-12-04,25.0,14.79,15.31,12.05,67.16,震荡偏强
2019-12-05,25.0,14.9,15.22,14.66,69.78,震荡偏强
2019-12-06,25.0,14.93,15.62,16.75,72.3,震荡偏强
2019-12-09,25.0,14.72,15.76,15.81,71.29,震荡偏强
2019-12-10,25.0,14.82,15.99,16.06,71.87,震荡偏强
2019-12-11,25.0,14.74,16.01,12.02,67.77,震荡偏强
2019-12-12,25.0,14.66,16.12,11.46,67.23,震荡偏强
2019-12-13,22.47,14.74,15.98,17.39,70.57,震荡偏强
2019-12-16,19.73,14.84,15.93,18.27,68.76,震荡偏强
2019-12-17,16.06,14.78,16.51,22.87,70.22,震荡偏强
2019-12-18,16.51,15.0,17.14,21.5,70.15,震荡偏强
2019-12-19,16.82,15.11,17.71,20.7,70.35,震荡偏强
2019-12-20,17.3,15.27,17.97,19.98,70.51,震荡偏强
2019-12-23,20.52,15.3,17.73,15.92,69.47,震荡偏强
2019-12-24,19.49,15.65,16.91,17.35,69.4,震荡偏强
2019-12-25,19.75,15.69,16.04,17.67,69.15,震荡偏强
2019-12-26,17.35,15.69,15.5,19.52,68.05,震荡偏强
2019-12-27,17.32,15.64,15.43,18.72,67.1,震荡偏强
2019-12-30,13.95,15.83,15.52,22.4,67.7,震荡偏强
2019-12-31,13.32,15.97,15.97,23.27,68.52,震荡偏强
2020-01-02,9.92,15.22,15.94,26.34,67.42,震荡偏强
2020-01-03,10.08,14.95,16.3,24.82,66.15,震荡偏强
2020-01-06,11.08,14.87,16.1,23.02,65.08,震荡偏强
2020-01-07,9.55,15.04,17.35,24.64,66.57,震荡偏强
2020-01-08,12.82,15.14,17.17,20.98,66.11,震荡偏强
2020-01-09,10.55,15.03,17.42,23.27,66.27,震荡偏强
2020-01-10,10.29,14.87,17.16,22.18,64.5,震荡偏强
2020-01-13,8.6,14.67,16.9,24.61,64.78,震荡偏强
2020-01-14,9.1,14.65,16.38,22.51,62.65,震荡偏强
2020-01-15,10.6,14.75,16.2,19.75,61.3,震荡偏强
2020-01-16,12.29,14.75,16.19,18.87,62.1,震荡偏强
2020-01-17,12.11,14.72,15.9,18.75,61.47,震荡偏强
2020-01-20,10.44,14.64,15.78,20.33,61.2,震荡偏强
2020-01-21,14.69,14.73,15.6,14.26,59.28,震荡
2020-01-22,13.55,14.54,15.23,14.8,58.12,震荡
2020-01-23,20.51,14.49,14.95,5.83,55.78,震荡
2020-02-03,25.0,6.76,13.05,0.0,44.81,下行
2020-02-04,25.0,6.62,12.15,0.0,43.77,下行
2020-02-05,25.0,6.57,11.64,0.0,43.21,下行
2020-02-06,25.0,6.57,11.87,2.38,45.81,震荡
2020-02-07,25.0,6.62,12.78,2.63,47.03,震荡
2020-02-10,25.0,6.52,14.89,4.45,50.85,震荡
2020-02-11,24.33,6.53,16.76,8.21,55.83,震荡
2020-02-12,23.25,6.79,16.65,10.97,57.66,震荡
2020-02-13,24.3,6.92,17.0,10.01,58.22,震荡
2020-02-14,23.17,6.84,16.32,12.69,59.03,震荡
2020-02-17,18.64,7.0,15.61,19.56,60.82,震荡偏强
2020-02-18,19.96,7.19,16.48,18.3,61.94,震荡偏强
2020-02-19,19.93,7.18,16.37,18.93,62.41,震荡偏强
2020-02-20,14.69,7.18,15.92,25.85,63.64,震荡偏强
2020-02-21,13.58,6.88,17.04,26.91,64.41,震荡偏强
2020-02-24,15.0,6.94,17.31,24.58,63.84,震荡偏强
2020-02-25,17.4,6.94,16.17,24.28,64.79,震荡偏强
2020-02-26,19.4,6.89,15.24,21.85,63.38,震荡偏强
2020-02-27,19.38,6.72,15.28,22.11,63.49,震荡偏强
2020-02-28,25.0,6.57,13.71,11.93,57.21,震荡
2020-03-02,21.22,21.55,11.6,21.12,75.5,上行
2020-03-03,20.25,21.59,9.76,19.74,71.34,震荡偏强
2020-03-04,18.98,21.62,8.86,20.79,70.25,震荡偏强
2020-03-05,12.87,21.27,8.81,26.92,69.87,震荡偏强
2020-03-06,17.4,21.37,9.34,20.17,68.28,震荡偏强
2020-03-09,24.57,21.29,10.96,10.15,66.96,震荡偏强
2020-03-10,20.77,21.13,8.7,16.16,66.76,震荡偏强
2020-03-11,23.04,21.42,8.82,11.06,64.34,震荡偏强
2020-03-12,25.0,21.58,7.49,6.42,60.49,震荡偏强
2020-03-13,25.0,21.67,5.29,2.38,54.33,震荡
2020-03-16,25.0,21.78,3.95,0.0,50.72,震荡
2020-03-17,25.0,21.55,2.68,0.0,49.22,震荡
2020-03-18,25.0,21.7,2.29,0.0,48.99,震荡
2020-03-19,25.0,21.7,1.7,0.0,48.4,震荡
2020-03-20,25.0,21.89,2.36,0.0,49.26,震荡
2020-03-23,25.0,21.73,2.64,0.0,49.38,震荡
2020-03-24,25.0,21.7,3.28,0.0,49.98,震荡
2020-03-25,25.0,22.09,3.14,1.45,51.68,震荡
2020-03-26,25.0,22.35,4.11,1.11,52.57,震荡
2020-03-27,25.0,22.52,3.41,3.3,54.22,震荡
2020-03-30,25.0,22.49,3.38,2.18,53.05,震荡
2020-03-31,25.0,22.73,3.94,3.94,55.6,震荡
2020-04-01,25.0,18.4,3.78,5.89,53.07,震荡
2020-04-02,25.0,18.16,3.18,11.72,58.06,震荡
2020-04-03,25.0,18.33,3.69,11.31,58.34,震荡
2020-04-07,25.0,18.27,3.54,18.82,65.63,震荡偏强
2020-04-08,25.0,19.36,5.53,18.89,68.77,震荡偏强
2020-04-09,25.0,20.08,5.07,20.74,70.89,震荡偏强
2020-04-10,25.0,19.92,6.11,20.53,71.55,震荡偏强
2020-04-13,25.0,19.7,5.78,19.42,69.9,震荡偏强
2020-04-14,25.0,19.69,7.54,24.14,76.37,上行
2020-04-15,25.0,20.03,9.43,21.97,76.43,上行
2020-04-16,25.0,20.26,10.58,21.5,77.33,上行
2020-04-17,25.0,20.23,11.62,23.32,80.17,上行
2020-04-20,25.0,20.41,13.96,23.82,83.19,上行
2020-04-21,25.0,20.5,14.25,19.5,79.25,上行
2020-04-22,25.0,20.5,14.79,21.34,81.62,上行
2020-04-23,25.0,20.5,14.86,20.3,80.66,上行
2020-04-24,25.0,20.5,14.48,17.32,77.3,上行
2020-04-27,25.0,20.5,14.48,18.24,78.22,上行
2020-04-28,25.0,20.5,13.98,19.49,78.96,上行
2020-04-29,25.0,20.5,13.6,20.34,79.44,上行
2020-04-30,21.47,20.5,12.81,23.9,78.68,上行
2020-05-06,20.65,19.75,11.8,23.9,76.1,上行
2020-05-07,21.62,19.75,13.34,22.48,77.19,上行
2020-05-08,19.38,19.75,13.99,25.08,78.21,上行
2020-05-11,19.1,19.75,13.79,23.8,76.44,上行
2020-05-12,19.63,19.75,15.44,23.04,77.86,上行
2020-05-13,19.02,19.75,16.97,22.98,78.72,上行
2020-05-14,21.68,19.75,16.4,19.71,77.54,上行
2020-05-15,22.05,19.75,16.15,17.85,75.81,上行
2020-05-18,21.61,19.75,14.61,18.27,74.24,震荡偏强
2020-05-19,19.55,19.75,14.1,19.89,73.3,震荡偏强
2020-05-20,20.68,19.75,14.19,18.24,72.86,震荡偏强
2020-05-21,21.84,19.75,13.15,15.97,70.72,震荡偏强
2020-05-22,25.0,19.75,13.11,9.26,67.12,震荡偏强
2020-05-25,25.0,19.75,12.58,9.46,66.79,震荡偏强
2020-05-26,24.98,19.75,12.56,12.85,70.15,震荡偏强
2020-05-27,25.0,19.75,12.79,11.26,68.79,震荡偏强
2020-05-28,25.0,19.04,12.6,11.48,68.12,震荡偏强
2020-05-29,24.85,18.92,12.53,12.58,68.89,震荡偏强
2020-06-01,18.65,19.88,13.23,19.97,71.73,震荡偏强
2020-06-02,17.81,20.02,15.18,20.54,73.54,震荡偏强
2020-06-03,17.54,19.32,15.37,20.23,72.45,震荡偏强
2020-06-04,18.07,18.52,15.96,20.11,72.66,震荡偏强
2020-06-05,16.83,18.19,16.6,21.68,73.29,震荡偏强
2020-06-08,15.69,18.14,16.73,22.83,73.4,震荡偏强
2020-06-09,13.69,18.05,16.07,24.49,72.3,震荡偏强
2020-06-10,14.72,18.15,15.93,23.46,72.27,震荡偏强
2020-06-11,17.46,17.91,15.88,20.32,71.57,震荡偏强
2020-06-12,17.15,17.71,15.98,20.65,71.49,震荡偏强
2020-06-15,17.44,17.7,16.03,16.15,67.32,震荡偏强
2020-06-16,13.85,17.84,15.46,20.58,67.73,震荡偏强
2020-06-17,13.82,17.91,16.03,20.51,68.28,震荡偏强
2020-06-18,11.92,17.83,15.76,22.28,67.78,震荡偏强
2020-06-19,8.59,17.7,16.28,25.08,67.66,震荡偏强
2020-06-22,8.57,17.78,17.04,24.25,67.64,震荡偏强
2020-06-23,7.96,17.74,17.65,24.65,68.0,震荡偏强
2020-06-24,6.22,17.62,17.37,26.11,67.32,震荡偏强
2020-06-29,8.06,17.78,16.5,22.36,64.71,震荡偏强
2020-06-30,5.87,17.97,16.75,24.88,65.47,震荡偏强
2020-07-01,1.14,18.81,17.94,30.0,67.9,震荡偏强
2020-07-02,0.0,18.69,16.94,30.0,65.64,震荡偏强
2020-07-03,0.0,18.89,18.79,30.0,67.68,震荡偏强
2020-07-06,0.0,18.98,20.0,30.0,68.98,震荡偏强
2020-07-07,0.0,18.49,20.0,30.0,68.49,震荡偏强
2020-07-08,0.0,18.78,20.0,30.0,68.78,震荡偏强
2020-07-09,0.0,18.58,20.0,30.0,68.58,震荡偏强
2020-07-10,0.0,18.81,20.0,30.0,68.81,震荡偏强
2020-07-13,0.0,18.47,20.0,30.0,68.47,震荡偏强
2020-07-14,0.0,18.1,20.0,30.0,68.1,震荡偏强
2020-07-15,0.0,17.99,20.0,30.0,67.99,震荡偏强
2020-07-16,0.0,18.07,20.0,22.05,60.12,震荡偏强
2020-07-17,0.0,18.07,19.23,23.33,60.63,震荡偏强
2020-07-20,0.0,18.34,17.52,29.14,65.0,震荡偏强
2020-07-21,0.0,18.33,16.02,27.74,62.09,震荡偏强
2020-07-22,0.0,18.25,13.29,28.88,60.42,震荡偏强
2020-07-23,0.0,18.5,13.93,25.02,57.44,震荡
2020-07-24,0.0,18.48,14.57,9.98,43.03,下行
2020-07-27,0.0,18.23,11.87,10.35,40.45,下行
2020-07-28,0.0,18.28,11.26,11.21,40.74,下行
2020-07-29,0.0,18.3,11.24,18.13,47.67,震荡
2020-07-30,0.0,18.31,12.7,14.8,45.8,震荡
2020-07-31,0.0,18.17,10.27,16.15,44.59,下行
2020-08-03,0.0,17.9,10.69,20.77,49.36,震荡
2020-08-04,0.0,17.56,10.75,20.73,49.04,震荡
2020-08-05,0.0,17.31,10.09,20.75,48.15,震荡
2020-08-06,0.0,17.18,9.58,19.8,46.56,震荡
2020-08-07,0.0,17.06,8.89,16.82,42.77,下行
2020-08-10,0.0,17.01,7.72,18.17,42.9,下行
2020-08-11,0.0,16.87,6.42,15.53,38.82,下行
2020-08-12,0.0,16.91,6.88,13.76,37.55,下行
2020-08-13,0.0,16.61,5.89,12.39,34.89,下行
2020-08-14,0.0,16.65,6.15,17.61,40.41,下行
2020-08-17,0.0,16.72,6.79,23.39,46.91,震荡
2020-08-18,0.0,16.78,8.77,22.53,48.08,震荡
2020-08-19,0.0,16.94,9.81,17.72,44.47,下行
2020-08-20,0.0,16.84,8.99,14.57,40.41,下行
2020-08-21,0.0,16.77,8.78,16.37,41.92,下行
2020-08-24,0.0,16.7,10.92,17.53,45.16,震荡
2020-08-25,0.0,16.71,10.52,17.45,44.68,下行
2020-08-26,0.0,16.67,10.37,13.7,40.74,下行
2020-08-27,0.0,16.6,9.03,15.69,41.32,下行
2020-08-28,0.0,16.45,9.91,22.55,48.91,震荡
2020-08-31,0.0,16.43,11.03,19.7,47.16,震荡
2020-09-01,0.0,18.06,10.45,21.58,50.08,震荡
2020-09-02,0.0,18.19,10.5,21.1,49.78,震荡
2020-09-03,0.0,18.18,11.18,19.62,48.98,震荡
2020-09-04,0.0,18.0,11.16,15.99,45.15,震荡
2020-09-07,0.0,18.0,10.28,10.1,38.38,下行
2020-09-08,0.0,17.98,8.82,11.52,38.33,下行
2020-09-09,0.0,17.95,8.76,4.78,31.49,下行
2020-09-10,0.0,17.98,7.52,5.14,30.65,下行
2020-09-11,0.0,18.48,7.06,7.67,33.21,下行
2020-09-14,0.0,18.62,6.63,9.86,35.11,下行
2020-09-15,0.0,18.68,6.18,12.43,37.29,下行
2020-09-16,0.0,18.72,6.96,10.91,36.59,下行
2020-09-17,0.0,19.02,8.03,9.26,36.31,下行
2020-09-18,0.0,19.01,9.33,16.76,45.1,震荡
2020-09-21,0.0,19.02,10.55,13.49,43.06,下行
2020-09-22,0.0,19.14,9.59,10.29,39.02,下行
2020-09-23,0.0,18.96,9.05,11.33,39.33,下行
2020-09-24,0.0,18.92,9.19,6.98,35.1,下行
2020-09-25,0.0,18.81,7.68,8.03,34.52,下行
2020-09-28,0.0,18.98,6.36,9.36,34.7,下行
2020-09-29,0.0,18.7,6.62,10.83,36.15,下行
2020-09-30,0.0,18.76,6.34,10.74,35.84,下行
2020-10-09,0.0,18.46,5.19,17.13,40.78,下行
2020-10-12,0.0,18.09,7.44,26.37,51.91,震荡
2020-10-13,0.0,18.2,10.84,26.83,55.87,震荡
2020-10-14,0.0,18.27,13.8,24.9,56.96,震荡
2020-10-15,0.0,18.16,13.81,23.41,55.38,震荡
2020-10-16,0.0,18.21,15.62,21.86,55.69,震荡
2020-10-19,0.0,18.15,14.33,19.46,51.93,震荡
2020-10-20,0.0,18.0,12.9,20.9,51.81,震荡
2020-10-21,0.0,17.94,12.64,20.93,51.5,震荡
2020-10-22,0.0,18.11,11.13,19.53,48.77,震荡
2020-10-23,0.0,18.35,10.62,15.7,44.67,下行
2020-10-26,0.0,18.23,9.76,13.63,41.63,下行
2020-10-27,0.0,18.16,8.24,14.48,40.89,下行
2020-10-28,0.0,18.08,8.17,16.67,42.92,下行
2020-10-29,0.0,18.13,8.68,19.0,45.81,震荡
2020-10-30,0.0,18.2,9.4,12.92,40.51,下行
2020-11-02,0.0,20.38,10.31,14.22,44.9,下行
2020-11-03,0.0,20.37,11.08,16.82,48.27,震荡
2020-11-04,0.0,20.4,11.86,18.45,50.7,震荡
2020-11-05,0.0,20.31,11.91,22.22,54.44,震荡
2020-11-06,0.0,20.35,13.47,21.67,55.49,震荡
2020-11-09,0.0,20.19,13.25,27.16,60.6,震荡偏强
2020-11-10,0.0,20.28,14.55,25.11,59.94,震荡
2020-11-11,0.0,20.32,12.59,21.91,54.82,震荡
2020-11-12,0.0,20.31,12.1,21.4,53.81,震荡
2020-11-13,0.0,20.29,11.64,18.05,49.97,震荡
2020-11-16,0.0,20.25,11.13,20.84,52.21,震荡
2020-11-17,0.0,20.23,11.3,19.93,51.46,震荡
2020-11-18,0.0,20.2,11.39,19.19,50.79,震荡
2020-11-19,0.0,20.16,12.4,21.28,53.84,震荡
2020-11-20,0.0,19.99,12.62,21.49,54.1,震荡
2020-11-23,0.0,19.65,13.15,24.02,56.82,震荡
2020-11-24,0.0,19.63,14.62,21.21,55.46,震荡
2020-11-25,0.0,19.62,15.12,16.91,51.64,震荡
2020-11-26,0.0,19.68,14.8,16.92,51.4,震荡
2020-11-27,0.0,19.81,15.1,20.3,55.21,震荡
2020-11-30,0.0,19.92,15.44,18.04,53.39,震荡
2020-12-01,0.0,19.8,15.06,23.77,58.63,震荡
2020-12-02,0.0,19.85,15.31,22.32,57.48,震荡
2020-12-03,0.0,19.73,15.77,21.65,57.15,震荡
2020-12-04,0.0,19.72,15.9,21.73,57.35,震荡
2020-12-07,0.0,19.66,16.04,18.96,54.66,震荡
2020-12-08,0.0,19.63,14.51,17.83,51.96,震荡
2020-12-09,0.0,19.69,15.1,14.11,48.91,震荡
2020-12-10,0.0,19.85,14.67,13.4,47.92,震荡
2020-12-11,0.0,20.07,14.75,9.97,44.79,下行
2020-12-14,0.0,20.06,14.47,12.51,47.04,震荡
2020-12-15,0.0,20.19,14.54,13.26,47.99,震荡
2020-12-16,0.0,20.41,14.66,13.66,48.73,震荡
2020-12-17,0.0,20.69,15.18,17.6,53.47,震荡
2020-12-18,0.0,20.59,15.51,15.72,51.82,震荡
2020-12-21,0.0,20.66,16.01,18.28,54.94,震荡
2020-12-22,0.0,20.78,16.19,13.73,50.7,震荡
2020-12-23,0.0,20.71,16.1,15.88,52.69,震荡
2020-12-24,0.0,20.85,16.34,15.61,52.8,震荡
2020-12-25,0.0,20.86,16.09,17.92,54.87,震荡
2020-12-28,0.0,20.77,16.08,18.45,55.31,震荡
2020-12-29,0.0,20.72,15.85,17.59,54.17,震荡
2020-12-30,0.0,20.7,14.46,21.24,56.4,震荡
2020-12-31,0.0,20.76,15.53,27.2,63.5,震荡偏强
2021-01-04,0.0,18.51,15.6,29.37,63.48,震荡偏强
2021-01-05,0.0,18.45,16.58,30.0,65.03,震荡偏强
2021-01-06,0.0,18.47,16.75,30.0,65.22,震荡偏强
2021-01-07,0.0,18.55,16.96,30.0,65.51,震荡偏强
2021-01-08,0.0,18.98,17.04,30.0,66.02,震荡偏强
2021-01-11,0.0,19.21,18.31,30.0,67.52,震荡偏强
2021-01-12,0.0,19.27,16.83,30.0,66.1,震荡偏强
2021-01-13,0.0,19.37,16.74,30.0,66.11,震荡偏强
2021-01-14,0.0,19.49,16.38,28.58,64.46,震荡偏强
2021-01-15,0.0,19.1,15.58,26.35,61.02,震荡偏强
2021-01-18,0.0,18.84,15.45,24.32,58.61,震荡
2021-01-19,0.0,18.53,15.93,19.18,53.64,震荡
2021-01-20,0.0,18.62,15.4,19.62,53.65,震荡
2021-01-21,0.0,18.97,15.74,23.46,58.17,震荡
2021-01-22,0.0,19.02,16.6,22.23,57.85,震荡
2021-01-25,0.0,18.86,16.69,24.41,59.95,震荡
2021-01-26,0.0,18.8,16.56,16.76,52.12,震荡
2021-01-27,0.0,18.52,15.9,16.19,50.6,震荡
2021-01-28,0.0,18.51,15.44,8.22,42.18,下行
2021-01-29,0.0,18.44,13.37,6.04,37.86,下行
2021-02-01,0.0,15.47,12.47,9.27,37.21,下行
2021-02-02,0.0,15.85,12.36,13.46,41.67,下行
2021-02-03,0.0,16.05,13.59,13.12,42.77,下行
2021-02-04,0.0,15.77,13.54,12.86,42.17,下行
2021-02-05,0.0,15.76,13.4,13.54,42.7,下行
2021-02-08,0.0,15.7,13.25,17.34,46.28,震荡
2021-02-09,0.0,15.87,13.6,24.78,54.24,震荡
2021-02-10,0.0,15.96,13.43,30.0,59.39,震荡
2021-02-18,0.0,15.98,11.82,27.62,55.42,震荡
2021-02-19,0.0,16.03,13.92,28.59,58.54,震荡
2021-02-22,0.0,16.17,15.76,17.18,49.11,震荡
2021-02-23,0.0,16.42,16.38,16.0,48.8,震荡
2021-02-24,0.0,16.39,16.1,8.17,40.65,下行
2021-02-25,0.0,16.48,16.91,11.15,44.54,下行
2021-02-26,0.0,16.45,14.74,3.71,34.9,下行
2021-03-01,0.0,21.25,13.33,9.09,43.67,下行
2021-03-02,0.0,21.09,13.39,5.78,40.26,下行
2021-03-03,0.0,21.05,13.23,11.66,45.94,震荡
2021-03-04,0.0,20.85,14.51,2.83,38.19,下行
2021-03-05,0.0,20.74,13.92,1.91,36.57,下行
2021-03-08,0.0,20.77,13.92,0.0,34.69,下行
2021-03-09,0.0,20.77,11.97,0.0,32.73,下行
2021-03-10,0.0,20.61,11.07,0.0,31.68,下行
2021-03-11,0.0,20.39,10.75,0.0,31.14,下行
2021-03-12,0.0,20.4,11.66,0.37,32.42,下行
2021-03-15,0.0,20.46,11.15,0.0,31.61,下行
2021-03-16,0.0,20.58,11.09,0.0,31.66,下行
2021-03-17,0.0,20.57,12.01,2.72,35.3,下行
2021-03-18,0.0,20.69,12.62,6.7,40.01,下行
2021-03-19,0.0,20.67,11.99,0.97,33.63,下行
2021-03-22,0.0,20.7,10.53,5.72,36.95,下行
2021-03-23,0.0,20.66,11.78,4.7,37.14,下行
2021-03-24,0.0,20.55,10.92,1.67,33.14,下行
2021-03-25,0.0,20.64,11.3,2.96,34.9,下行
2021-03-26,0.0,20.67,11.4,9.89,41.96,下行
2021-03-29,0.0,20.63,12.93,11.56,45.12,震荡
2021-03-30,0.0,20.64,11.66,14.92,47.23,震荡
2021-03-31,0.0,20.66,12.97,13.93,47.55,震荡
2021-04-01,0.0,17.79,11.41,18.12,47.32,震荡
2021-04-02,0.0,17.75,11.55,21.34,50.64,震荡
2021-04-06,0.0,17.86,10.56,19.52,47.94,震荡
2021-04-07,0.0,17.8,10.83,17.09,45.72,震荡
2021-04-08,0.0,17.66,10.56,17.42,45.63,震荡
2021-04-09,0.0,17.67,9.94,13.48,41.09,下行
2021-04-12,0.0,17.64,9.04,9.05,35.73,下行
2021-04-13,0.0,17.64,9.3,8.9,35.85,下行
2021-04-14,0.0,17.69,9.07,10.86,37.61,下行
2021-04-15,0.0,17.61,8.88,9.63,36.11,下行
2021-04-16,0.0,17.72,8.69,11.09,37.5,下行
2021-04-19,0.0,17.73,9.19,18.33,45.24,震荡
2021-04-20,0.0,17.71,11.92,17.77,47.4,震荡
2021-04-21,0.0,17.84,11.62,18.23,47.69,震荡
2021-04-22,0.0,17.99,12.17,17.52,47.68,震荡
2021-04-23,0.0,18.05,11.67,19.92,49.63,震荡
2021-04-26,0.0,18.08,12.07,15.99,46.15,震荡
2021-04-27,0.0,18.19,11.35,16.63,46.16,震荡
2021-04-28,0.0,18.25,11.99,18.76,49.0,震荡
2021-04-29,0.0,18.32,11.86,21.11,51.29,震荡
2021-04-30,0.56,18.38,12.89,18.4,50.23,震荡
2021-05-06,0.93,17.97,12.78,14.73,46.41,震荡
2021-05-07,1.96,17.96,13.89,11.51,45.32,震荡
2021-05-10,1.92,18.17,14.39,11.74,46.22,震荡
2021-05-11,1.58,18.25,14.62,13.53,47.99,震荡
2021-05-12,0.76,18.35,14.86,15.32,49.29,震荡
2021-05-13,2.0,18.14,16.05,11.92,48.11,震荡
2021-05-14,0.21,18.04,15.42,18.86,52.52,震荡
2021-05-17,0.0,18.08,15.89,21.82,55.79,震荡
2021-05-18,0.0,18.01,15.62,21.21,54.84,震荡
2021-05-19,0.0,18.0,16.11,19.75,53.86,震荡
2021-05-20,0.0,18.03,15.66,20.27,53.96,震荡
2021-05-21,0.39,18.0,13.95,16.87,49.21,震荡
2021-05-24,0.1,18.01,13.53,18.31,49.96,震荡
2021-05-25,0.0,17.8,13.78,27.22,58.79,震荡
2021-05-26,0.0,17.71,15.69,26.7,60.1,震荡偏强
2021-05-27,0.0,17.62,15.71,26.99,60.32,震荡偏强
2021-05-28,0.0,17.6,16.09,25.38,59.07,震荡
2021-05-31,0.0,17.56,16.43,25.1,59.09,震荡
2021-06-01,0.0,16.79,16.76,25.04,58.59,震荡
2021-06-02,0.0,16.81,17.09,22.03,55.93,震荡
2021-06-03,0.0,16.84,16.64,19.07,52.55,震荡
2021-06-04,0.0,16.83,16.18,20.11,53.12,震荡
2021-06-07,0.0,16.88,15.83,18.91,51.62,震荡
2021-06-08,0.0,16.78,15.56,15.86,48.2,震荡
2021-06-09,0.0,16.77,14.98,15.75,47.5,震荡
2021-06-10,0.0,16.56,15.11,16.86,48.53,震荡
2021-06-11,0.0,16.59,15.53,13.75,45.87,震荡
2021-06-15,0.0,16.73,15.36,10.4,42.49,下行
2021-06-16,0.0,16.65,15.26,6.58,38.49,下行
2021-06-17,0.0,16.71,14.95,7.36,39.02,下行
2021-06-18,0.0,16.78,15.32,7.82,39.93,下行
2021-06-21,0.0,16.79,15.14,7.46,39.39,下行
2021-06-22,0.0,16.71,15.88,9.0,41.59,下行
2021-06-23,0.0,16.66,15.79,11.2,43.64,下行
2021-06-24,0.0,16.81,15.17,12.34,44.32,下行
2021-06-25,0.0,16.91,14.27,17.2,48.38,震荡
2021-06-28,0.0,16.99,14.12,17.87,48.98,震荡
2021-06-29,0.0,17.01,13.89,15.09,45.99,震荡
2021-06-30,0.0,16.96,12.69,17.14,46.79,震荡
2021-07-01,0.0,15.11,12.21,17.16,44.49,下行
2021-07-02,0.0,15.19,11.46,9.47,36.12,下行
2021-07-05,0.0,15.19,10.01,10.37,35.58,下行
2021-07-06,0.0,15.3,10.22,11.24,36.76,下行
2021-07-07,0.0,15.34,10.48,14.49,40.31,下行
2021-07-08,0.0,15.13,11.18,12.29,38.6,下行
2021-07-09,0.0,15.15,11.56,11.41,38.12,下行
2021-07-12,0.0,15.23,11.31,15.53,42.06,下行
2021-07-13,0.0,15.18,11.97,16.41,43.56,下行
2021-07-14,0.0,15.02,13.03,13.02,41.07,下行
2021-07-15,0.0,15.16,11.3,16.71,43.17,下行
2021-07-16,0.0,15.24,12.17,13.67,41.08,下行
2021-07-19,0.0,15.24,11.51,14.77,41.52,下行
2021-07-20,0.0,15.26,11.53,13.96,40.76,下行
2021-07-21,0.0,15.21,11.93,16.14,43.28,下行
2021-07-22,0.0,15.19,12.09,16.37,43.65,下行
2021-07-23,0.0,15.22,12.84,13.69,41.74,下行
2021-07-26,3.43,15.27,11.05,4.38,34.14,下行
2021-07-27,7.24,15.27,10.11,0.0,32.62,下行
2021-07-28,6.68,15.33,9.26,0.0,31.27,下行
2021-07-29,5.18,15.16,8.94,3.32,32.6,下行
2021-07-30,6.27,14.94,9.64,2.0,32.85,下行
2021-08-02,3.65,13.77,10.82,9.49,37.74,下行
2021-08-03,4.13,13.8,11.56,9.99,39.47,下行
2021-08-04,3.33,13.75,12.27,13.01,42.36,下行
2021-08-05,3.81,13.53,13.92,11.6,42.87,下行
2021-08-06,4.76,13.49,13.69,11.0,42.94,下行
2021-08-09,3.31,13.53,13.75,14.66,45.24,震荡
2021-08-10,2.67,13.47,13.63,18.31,48.09,震荡
2021-08-11,2.86,13.52,13.75,16.89,47.02,震荡
2021-08-12,3.33,13.5,14.33,15.47,46.63,震荡
2021-08-13,3.68,13.44,13.2,14.27,44.59,下行
2021-08-16,4.06,13.53,13.24,14.57,45.41,震荡
2021-08-17,6.51,13.6,13.08,8.64,41.84,下行
2021-08-18,5.33,13.58,12.08,12.55,43.54,下行
2021-08-19,5.88,13.59,11.97,11.36,42.79,下行
2021-08-20,8.44,13.57,9.81,6.89,38.71,下行
2021-08-23,6.75,13.55,9.15,11.47,40.92,下行
2021-08-24,5.67,13.66,11.5,14.16,44.99,下行
2021-08-25,5.67,13.6,13.51,14.55,47.33,震荡
2021-08-26,8.25,13.6,13.02,9.49,44.37,下行
2021-08-27,9.31,13.68,12.84,10.19,46.02,震荡
2021-08-30,14.4,13.67,13.29,9.44,50.8,震荡
2021-08-31,17.7,13.61,12.33,9.66,53.3,震荡
2021-09-01,14.66,11.69,12.32,14.16,52.83,震荡
2021-09-02,14.43,11.66,12.39,14.11,52.59,震荡
2021-09-03,15.37,11.68,13.31,12.7,53.07,震荡
2021-09-06,12.82,11.7,13.91,17.93,56.35,震荡
2021-09-07,10.65,11.58,14.1,21.87,58.21,震荡
2021-09-08,11.37,11.62,15.22,20.7,58.91,震荡
2021-09-09,10.68,11.64,15.75,20.59,58.66,震荡
2021-09-10,9.02,11.69,16.27,23.34,60.32,震荡偏强
2021-09-13,9.05,11.72,17.29,21.55,59.61,震荡
2021-09-14,12.74,11.68,16.22,17.27,57.91,震荡
2021-09-15,13.95,11.65,15.06,14.1,54.76,震荡
2021-09-16,16.01,11.67,14.52,10.82,53.01,震荡
2021-09-17,14.5,11.58,14.05,12.89,53.03,震荡
2021-09-22,15.67,11.73,13.59,10.93,51.92,震荡
2021-09-23,14.56,11.62,12.91,12.78,51.86,震荡
2021-09-24,15.43,11.63,12.36,13.32,52.74,震荡
2021-09-27,14.3,11.74,11.67,15.02,52.73,震荡
2021-09-28,13.85,11.81,11.67,14.31,51.64,震荡
2021-09-29,16.2,11.73,12.42,12.2,52.55,震荡
2021-09-30,14.9,11.74,11.08,12.88,50.6,震荡
2021-10-08,13.08,10.41,9.09,16.99,49.57,震荡
2021-10-11,12.63,10.44,9.26,16.75,49.07,震荡
2021-10-12,14.14,10.52,9.74,13.51,47.9,震荡
2021-10-13,13.13,10.55,8.77,16.86,49.31,震荡
2021-10-14,13.64,10.38,9.05,15.49,48.55,震荡
2021-10-15,13.06,10.36,9.58,17.05,50.04,震荡
2021-10-18,14.4,10.39,9.13,13.83,47.75,震荡
2021-10-19,13.0,10.39,8.25,16.96,48.6,震荡
2021-10-20,13.53,10.26,8.83,16.37,48.99,震荡
2021-10-21,12.95,10.31,9.92,17.68,50.86,震荡
2021-10-22,12.34,10.37,11.18,19.4,53.29,震荡
2021-10-25,11.76,10.52,12.12,19.92,54.32,震荡
2021-10-26,12.66,10.52,12.52,18.57,54.27,震荡
2021-10-27,14.96,10.48,12.74,14.36,52.55,震荡
2021-10-28,16.99,10.48,12.37,13.02,52.86,震荡
2021-10-29,14.38,10.42,12.66,14.8,52.27,震荡
2021-11-01,18.21,13.79,12.94,13.83,58.77,震荡
2021-11-02,20.11,13.68,12.7,10.82,57.32,震荡
2021-11-03,21.09,13.63,11.97,9.7,56.39,震荡
2021-11-04,19.4,13.74,11.93,12.52,57.59,震荡
2021-11-05,20.43,13.72,13.02,11.74,58.92,震荡
2021-11-08,20.22,13.69,12.84,11.76,58.51,震荡
2021-11-09,20.19,13.74,12.68,11.74,58.36,震荡
2021-11-10,21.36,13.69,13.14,10.58,58.77,震荡
2021-11-11,19.08,13.73,12.42,15.45,60.69,震荡偏强
2021-11-12,19.43,13.87,13.38,15.44,62.11,震荡偏强
2021-11-15,19.69,13.89,14.02,15.02,62.62,震荡偏强
2021-11-16,19.55,13.85,14.93,14.89,63.22,震荡偏强
2021-11-17,19.32,13.88,14.57,14.89,62.66,震荡偏强
2021-11-18,20.82,13.92,14.24,12.5,61.48,震荡偏强
2021-11-19,19.0,13.85,12.62,16.03,61.5,震荡偏强
2021-11-22,17.99,13.89,12.19,17.03,61.1,震荡偏强
2021-11-23,17.7,13.71,12.86,17.36,61.64,震荡偏强
2021-11-24,17.44,13.69,13.7,17.95,62.78,震荡偏强
2021-11-25,18.63,13.61,14.18,16.71,63.12,震荡偏强
2021-11-26,19.79,13.61,13.68,14.3,61.38,震荡偏强
2021-11-29,20.19,13.52,12.58,13.98,60.26,震荡偏强
2021-11-30,20.79,13.43,12.33,12.9,59.46,震荡
2021-12-01,19.79,14.11,11.7,13.59,59.19,震荡
2021-12-02,19.26,14.13,11.83,14.21,59.43,震荡
2021-12-03,17.41,14.22,11.53,16.77,59.94,震荡
2021-12-06,17.73,14.18,12.66,16.3,60.87,震荡偏强
2021-12-07,16.64,14.11,12.56,17.74,61.05,震荡偏强
2021-12-08,14.51,14.09,13.25,21.53,63.38,震荡偏强
2021-12-09,12.08,14.11,14.37,26.03,66.59,震荡偏强
2021-12-10,13.11,14.12,14.8,24.58,66.61,震荡偏强
2021-12-13,1.92,14.12,14.9,24.77,55.71,震荡
2021-12-14,2.82,14.22,15.31,22.4,54.75,震荡
2021-12-15,3.43,14.35,15.6,19.27,52.65,震荡
2021-12-16,2.95,14.44,15.42,20.31,53.13,震荡
2021-12-17,4.17,14.44,15.42,15.76,49.77,震荡
2021-12-20,6.01,14.45,14.98,11.35,46.79,震荡
2021-12-21,5.33,14.3,14.48,12.62,46.74,震荡
2021-12-22,5.49,14.24,14.4,12.85,46.96,震荡
2021-12-23,4.14,14.23,14.47,14.99,47.84,震荡
2021-12-24,5.3,14.25,14.55,13.44,47.54,震荡
2021-12-27,5.46,14.21,14.46,13.46,47.6,震荡
2021-12-28,4.17,14.27,14.84,14.67,47.94,震荡
2021-12-29,6.36,14.23,15.06,10.57,46.22,震荡
2021-12-30,5.78,14.42,14.88,12.53,47.61,震荡
2021-12-31,5.33,14.56,14.96,13.16,48.0,震荡
2022-01-04,5.85,13.9,15.01,12.04,46.8,震荡
2022-01-05,6.75,14.05,15.0,9.42,45.21,震荡
2022-01-06,8.04,14.06,14.52,6.62,43.25,下行
2022-01-07,7.54,14.01,14.65,8.09,44.29,下行
2022-01-10,6.94,14.02,13.1,9.55,43.61,下行
2022-01-11,8.41,14.09,13.21,7.7,43.41,下行
2022-01-12,7.28,14.26,12.02,11.44,44.99,下行
2022-01-13,9.36,14.25,12.57,7.26,43.44,下行
2022-01-14,11.74,14.03,12.23,5.52,43.51,下行
2022-01-17,10.5,14.06,12.3,8.59,45.44,震荡
2022-01-18,8.52,14.2,13.33,11.61,47.66,震荡
2022-01-19,9.68,14.34,13.6,6.06,43.68,下行
2022-01-20,8.36,14.6,13.61,8.86,45.43,震荡
2022-01-21,9.92,14.65,13.95,7.49,46.01,震荡
2022-01-24,9.76,14.91,13.45,8.24,46.36,震荡
2022-01-25,13.95,14.89,12.9,2.69,44.43,下行
2022-01-26,12.63,14.79,12.36,5.25,45.02,震荡
2022-01-27,15.37,14.7,12.27,1.24,43.58,下行
2022-01-28,17.38,14.9,11.29,0.0,43.57,下行
2022-02-07,13.95,15.32,8.28,3.75,41.31,下行
2022-02-08,13.93,15.29,8.9,3.54,41.66,下行
2022-02-09,12.84,15.14,9.46,6.9,44.34,下行
2022-02-10,13.11,15.13,9.87,6.98,45.09,震荡
2022-02-11,13.66,15.09,11.68,5.64,46.08,震荡
2022-02-14,15.78,15.04,12.18,3.65,46.65,震荡
2022-02-15,14.32,15.07,11.16,7.18,47.73,震荡
2022-02-16,13.66,15.1,11.36,9.48,49.6,震荡
2022-02-17,13.56,15.11,10.33,10.81,49.8,震荡
2022-02-18,12.76,15.17,10.69,12.82,51.44,震荡
2022-02-21,13.34,15.19,11.31,12.39,52.23,震荡
2022-02-22,15.46,15.17,11.05,9.52,51.2,震荡
2022-02-23,13.93,14.96,10.07,13.15,52.1,震荡
2022-02-24,17.12,14.83,10.21,8.57,50.73,震荡
2022-02-25,16.17,14.87,8.16,11.54,50.74,震荡
2022-02-28,15.54,15.01,8.08,12.62,51.24,震荡
2022-03-01,13.98,12.42,7.68,15.33,49.4,震荡
2022-03-02,15.4,12.52,8.39,13.47,49.78,震荡
2022-03-03,16.01,12.51,7.81,11.84,48.17,震荡
2022-03-04,18.36,12.43,9.51,8.7,49.0,震荡
2022-03-07,23.95,12.39,10.49,0.0,46.83,震荡
2022-03-08,25.0,12.44,9.05,0.0,46.49,震荡
2022-03-09,25.0,12.72,7.9,0.0,45.62,震荡
2022-03-10,25.0,12.67,6.2,0.0,43.87,下行
2022-03-11,25.0,12.65,5.48,2.03,45.16,震荡
2022-03-14,25.0,12.37,5.01,0.0,42.38,下行
2022-03-15,25.0,12.4,3.97,0.0,41.37,下行
2022-03-16,25.0,12.36,3.27,0.0,40.64,下行
2022-03-17,25.0,12.11,3.6,2.46,43.17,下行
2022-03-18,25.0,12.07,3.48,5.63,46.17,震荡
2022-03-21,25.0,12.24,3.36,6.46,47.06,震荡
2022-03-22,25.0,12.25,3.77,7.25,48.27,震荡
2022-03-23,25.0,12.21,4.67,10.13,52.01,震荡
2022-03-24,25.0,12.19,4.83,9.23,51.24,震荡
2022-03-25,25.0,12.11,4.92,5.22,47.25,震荡
2022-03-28,25.0,12.12,5.0,4.92,47.03,震荡
2022-03-29,25.0,11.99,4.57,5.29,46.85,震荡
2022-03-30,25.0,11.9,4.43,15.09,56.43,震荡
2022-03-31,25.0,11.97,4.79,14.05,55.81,震荡
2022-04-01,25.0,6.52,4.6,18.47,54.59,震荡
2022-04-06,25.0,6.68,4.6,17.94,54.22,震荡
2022-04-07,25.0,6.67,5.36,14.45,51.48,震荡
2022-04-08,25.0,6.66,6.02,16.41,54.09,震荡
2022-04-11,25.0,6.65,6.47,7.65,45.76,震荡
2022-04-12,25.0,6.49,6.0,13.14,50.63,震荡
2022-04-13,25.0,6.43,8.08,10.97,50.49,震荡
2022-04-14,25.0,6.53,8.74,13.37,53.64,震荡
2022-04-15,25.0,6.69,10.59,13.1,55.39,震荡
2022-04-18,25.0,6.8,10.35,11.92,54.07,震荡
2022-04-19,25.0,6.85,10.35,10.43,52.62,震荡
2022-04-20,25.0,6.86,9.27,6.08,47.2,震荡
2022-04-21,25.0,6.73,9.8,2.07,43.61,下行
2022-04-22,25.0,6.76,9.26,3.71,44.73,下行
2022-04-25,25.0,6.77,9.68,0.0,41.45,下行
2022-04-26,25.0,6.77,7.48,0.0,39.25,下行
2022-04-27,25.0,6.76,6.53,0.0,38.3,下行
2022-04-28,25.0,6.72,6.46,1.58,39.76,下行
2022-04-29,25.0,6.54,6.43,9.74,47.71,震荡
2022-05-05,25.0,12.61,5.59,9.42,52.62,震荡
2022-05-06,25.0,12.56,6.89,3.58,48.02,震荡
2022-05-09,25.0,12.5,7.98,2.58,48.06,震荡
2022-05-10,25.0,12.56,8.99,6.97,53.53,震荡
2022-05-11,25.0,12.7,9.02,12.04,58.75,震荡
2022-05-12,25.0,12.68,10.36,11.1,59.13,震荡
2022-05-13,25.0,12.68,10.19,14.12,62.0,震荡偏强
2022-05-16,25.0,12.78,9.51,12.5,59.78,震荡
2022-05-17,25.0,12.92,8.71,16.88,63.5,震荡偏强
2022-05-18,25.0,12.99,9.13,16.56,63.69,震荡偏强
2022-05-19,25.0,12.91,8.64,17.88,64.42,震荡偏强
2022-05-20,25.0,12.82,9.15,24.46,71.43,震荡偏强
2022-05-23,25.0,12.79,10.67,22.1,70.56,震荡偏强
2022-05-24,25.0,12.81,10.91,15.99,64.71,震荡偏强
2022-05-25,25.0,12.74,9.59,17.38,64.71,震荡偏强
2022-05-26,25.0,12.66,9.35,17.45,64.46,震荡偏强
2022-05-27,25.0,12.59,9.78,17.37,64.75,震荡偏强
2022-05-30,25.0,12.54,9.82,18.59,65.94,震荡偏强
2022-05-31,25.0,12.59,9.8,22.74,70.13,震荡偏强
2022-06-01,25.0,14.75,11.51,22.03,73.29,震荡偏强
2022-06-02,25.0,14.78,10.85,22.5,73.12,震荡偏强
2022-06-06,25.0,14.77,11.03,27.59,78.39,上行
2022-06-07,25.0,14.63,13.42,26.83,79.88,上行
2022-06-08,25.0,14.58,14.27,28.76,82.61,上行
2022-06-09,25.0,14.66,15.62,25.39,80.67,上行
2022-06-10,25.0,14.71,15.89,28.54,84.14,上行
2022-06-13,25.0,14.66,16.25,23.89,79.8,上行
2022-06-14,24.93,14.69,16.16,25.74,81.53,上行
2022-06-15,22.44,14.71,16.3,28.25,81.7,上行
2022-06-16,24.45,14.74,16.4,25.24,80.83,上行
2022-06-17,21.78,14.74,16.78,28.59,81.89,上行
2022-06-20,21.75,14.86,16.76,29.12,82.49,上行
2022-06-21,21.46,14.83,16.71,27.87,80.87,上行
2022-06-22,24.64,14.73,16.28,23.06,78.71,上行
2022-06-23,20.7,14.73,16.26,27.02,78.7,上行
2022-06-24,18.63,14.78,16.25,28.87,78.54,上行
2022-06-27,17.23,14.84,16.25,30.0,78.32,上行
2022-06-28,15.67,14.75,16.31,30.0,76.74,上行
2022-06-29,17.55,14.72,16.91,27.2,76.38,上行
2022-06-30,15.7,15.02,16.47,29.15,76.33,上行
2022-07-01,16.55,10.52,16.5,26.66,70.23,震荡偏强
2022-07-04,15.36,10.65,16.32,27.35,69.67,震荡偏强
2022-07-05,15.62,10.47,16.35,25.49,67.93,震荡偏强
2022-07-06,18.03,10.29,16.06,20.63,65.01,震荡偏强
2022-07-07,17.47,10.32,15.93,20.75,64.47,震荡偏强
2022-07-08,18.45,10.45,15.58,19.73,64.2,震荡偏强
2022-07-11,22.31,10.4,14.45,13.89,61.05,震荡偏强
2022-07-12,24.37,10.49,15.02,11.04,60.93,震荡偏强
2022-07-13,24.34,10.5,13.72,11.27,59.84,震荡
2022-07-14,25.0,10.55,11.69,11.0,58.24,震荡
2022-07-15,25.0,10.61,10.95,6.67,53.23,震荡
2022-07-18,25.0,10.63,9.03,9.8,54.46,震荡
2022-07-19,25.0,10.59,10.82,8.37,54.78,震荡
2022-07-20,25.0,10.57,10.37,9.05,54.99,震荡
2022-07-21,25.0,10.56,11.36,6.26,53.18,震荡
2022-07-22,25.0,10.58,9.64,6.87,52.09,震荡
2022-07-25,25.0,10.65,9.06,6.27,50.98,震荡
2022-07-26,25.0,10.69,7.5,8.96,52.15,震荡
2022-07-27,25.0,10.83,7.6,7.93,51.35,震荡
2022-07-28,25.0,10.86,7.5,8.9,52.26,震荡
2022-07-29,25.0,10.74,8.07,5.76,49.57,震荡
2022-08-01,25.0,12.37,7.94,7.95,53.26,震荡
2022-08-02,25.0,12.49,8.04,4.19,49.72,震荡
2022-08-03,25.0,12.58,7.06,2.16,46.81,震荡
2022-08-04,25.0,12.71,6.65,5.39,49.74,震荡
2022-08-05,25.0,12.68,6.43,10.78,54.89,震荡
2022-08-08,25.0,12.71,6.94,10.43,55.09,震荡
2022-08-09,25.0,12.61,6.98,11.41,56.0,震荡
2022-08-10,25.0,12.27,8.35,8.91,54.53,震荡
2022-08-11,25.0,12.11,8.77,15.49,61.37,震荡偏强
2022-08-12,25.0,12.0,10.15,15.71,62.86,震荡偏强
2022-08-15,25.0,12.02,11.0,15.34,63.35,震荡偏强
2022-08-16,25.0,12.26,10.77,14.93,62.96,震荡偏强
2022-08-17,25.0,11.96,11.75,18.03,66.73,震荡偏强
2022-08-18,25.0,11.87,12.13,15.57,64.58,震荡偏强
2022-08-19,25.0,11.85,11.96,13.73,62.54,震荡偏强
2022-08-22,25.0,11.83,11.89,15.77,64.49,震荡偏强
2022-08-23,25.0,11.72,12.5,15.05,64.28,震荡偏强
2022-08-24,25.0,11.76,10.87,10.04,57.67,震荡
2022-08-25,25.0,11.76,9.84,12.95,59.55,震荡
2022-08-26,25.0,11.83,9.34,12.68,58.85,震荡
2022-08-29,25.0,11.87,10.15,11.21,58.23,震荡
2022-08-30,25.0,11.97,10.01,10.66,57.64,震荡
2022-08-31,25.0,12.02,9.38,10.59,56.99,震荡
2022-09-01,25.0,14.71,10.07,8.32,58.11,震荡
2022-09-02,25.0,14.71,10.21,7.15,57.06,震荡
2022-09-05,25.0,14.85,9.67,7.43,56.94,震荡
2022-09-06,25.0,15.02,9.07,9.86,58.95,震荡
2022-09-07,25.0,14.98,9.13,10.6,59.71,震荡
2022-09-08,25.0,14.95,10.34,9.85,60.13,震荡偏强
2022-09-09,25.0,14.96,9.14,14.36,63.46,震荡偏强
2022-09-13,25.0,14.94,9.89,15.63,65.45,震荡偏强
2022-09-14,25.0,14.97,10.25,12.7,62.92,震荡偏强
2022-09-15,25.0,15.07,9.85,10.69,60.61,震荡偏强
2022-09-16,25.0,15.03,8.11,5.02,53.16,震荡
2022-09-19,25.0,14.95,7.79,4.99,52.73,震荡
2022-09-20,25.0,15.02,8.11,6.0,54.14,震荡
2022-09-21,25.0,15.05,7.61,4.73,52.38,震荡
2022-09-22,25.0,14.95,8.28,3.36,51.59,震荡
2022-09-23,25.0,15.11,8.88,3.68,52.68,震荡
2022-09-26,25.0,15.29,8.58,2.82,51.68,震荡
2022-09-27,25.0,15.33,8.28,7.23,55.84,震荡
2022-09-28,25.0,15.19,8.24,3.97,52.4,震荡
2022-09-29,25.0,15.43,7.75,4.93,53.11,震荡
2022-09-30,25.0,15.29,7.09,3.85,51.23,震荡
2022-10-10,25.0,11.99,6.37,0.0,43.36,下行
2022-10-11,25.0,12.15,7.18,0.0,44.33,下行
2022-10-12,25.0,12.18,7.84,5.44,50.47,震荡
2022-10-13,25.0,12.06,8.59,4.06,49.71,震荡
2022-10-14,25.0,12.03,8.58,11.47,57.07,震荡
2022-10-17,25.0,11.97,10.68,12.36,60.01,震荡偏强
2022-10-18,25.0,11.97,9.08,12.88,58.93,震荡
2022-10-19,25.0,11.95,8.55,9.46,54.95,震荡
2022-10-20,25.0,11.99,7.81,9.54,54.34,震荡
2022-10-21,25.0,12.03,7.61,8.59,53.23,震荡
2022-10-24,25.0,11.98,6.81,2.08,45.87,震荡
2022-10-25,25.0,11.92,5.3,1.96,44.17,下行
2022-10-26,25.0,11.94,5.02,5.06,47.02,震荡
2022-10-27,25.0,11.88,5.75,3.94,46.57,震荡
2022-10-28,25.0,11.88,6.05,0.0,42.92,下行
2022-10-31,25.0,11.73,5.28,0.0,42.01,下行
2022-11-01,25.0,7.1,4.58,8.4,45.08,震荡
2022-11-02,25.0,7.15,4.99,11.71,48.85,震荡
2022-11-03,25.0,7.26,4.79,10.06,47.1,震荡
2022-11-04,25.0,7.23,5.08,20.3,57.61,震荡
2022-11-07,25.0,7.29,6.09,20.12,58.5,震荡
2022-11-08,25.0,7.16,6.21,18.19,56.56,震荡
2022-11-09,25.0,6.93,6.06,15.31,53.3,震荡
2022-11-10,25.0,6.91,6.03,13.9,51.84,震荡
2022-11-11,25.0,6.87,5.95,21.94,59.77,震荡
2022-11-14,25.0,6.9,6.23,22.31,60.43,震荡偏强
2022-11-15,25.0,6.64,8.04,28.17,67.86,震荡偏强
2022-11-16,25.0,6.47,9.39,25.61,66.46,震荡偏强
2022-11-17,25.0,6.33,10.02,24.03,65.38,震荡偏强
2022-11-18,25.0,6.3,10.93,22.73,64.95,震荡偏强
2022-11-21,25.0,6.51,12.22,19.58,63.31,震荡偏强
2022-11-22,25.0,6.51,14.13,18.85,64.49,震荡偏强
2022-11-23,25.0,6.65,13.26,18.61,63.53,震荡偏强
2022-11-24,25.0,6.72,13.01,16.68,61.42,震荡偏强
2022-11-25,25.0,6.81,12.86,17.42,62.09,震荡偏强
2022-11-28,25.0,6.95,13.71,12.98,58.64,震荡
2022-11-29,25.0,6.99,13.79,21.27,67.05,震荡偏强
2022-11-30,25.0,6.85,14.43,20.81,67.1,震荡偏强
2022-12-01,25.0,6.83,14.4,23.33,69.56,震荡偏强
2022-12-02,25.0,6.83,14.44,21.15,67.41,震荡偏强
2022-12-05,25.0,6.9,14.63,25.99,72.52,震荡偏强
2022-12-06,25.0,6.97,15.22,26.9,74.1,震荡偏强
2022-12-07,25.0,6.75,15.08,24.99,71.83,震荡偏强
2022-12-08,25.0,6.54,15.42,24.6,71.56,震荡偏强
2022-12-09,25.0,6.55,15.36,26.38,73.29,震荡偏强
2022-12-12,25.0,6.42,15.51,22.5,69.43,震荡偏强
2022-12-13,25.0,6.37,15.31,21.34,68.03,震荡偏强
2022-12-14,25.0,6.01,14.5,21.64,67.15,震荡偏强
2022-12-15,25.0,6.24,14.25,20.97,66.46,震荡偏强
2022-12-16,25.0,6.34,14.78,20.69,66.81,震荡偏强
2022-12-19,25.0,6.39,14.5,15.79,61.68,震荡偏强
2022-12-20,25.0,6.44,14.07,10.76,56.27,震荡
2022-12-21,25.0,6.51,14.23,10.32,56.05,震荡
2022-12-22,25.0,6.42,14.16,10.6,56.18,震荡
2022-12-23,25.0,6.49,13.75,9.65,54.88,震荡
2022-12-26,25.0,6.5,13.33,9.93,54.75,震荡
2022-12-27,25.0,6.47,14.24,13.33,59.04,震荡
2022-12-28,25.0,6.46,13.85,12.26,57.57,震荡
2022-12-29,25.0,6.29,13.8,11.48,56.58,震荡
2022-12-30,25.0,6.57,12.91,12.68,57.16,震荡
2023-01-03,25.0,14.43,12.39,13.71,65.53,震荡偏强
2023-01-04,25.0,14.53,11.77,14.37,65.67,震荡偏强
2023-01-05,25.0,14.64,11.89,19.99,71.52,震荡偏强
2023-01-06,25.0,14.63,13.47,21.12,74.22,震荡偏强
2023-01-09,25.0,14.48,13.84,22.97,76.28,上行
2023-01-10,25.0,14.39,15.34,23.19,77.92,上行
2023-01-11,25.0,14.27,15.13,22.91,77.31,上行
2023-01-12,25.0,14.47,15.0,23.11,77.58,上行
2023-01-13,25.0,14.61,14.73,27.27,81.61,上行
2023-01-16,25.0,14.69,14.67,26.7,81.06,上行
2023-01-17,25.0,14.54,14.5,25.7,79.75,上行
2023-01-18,25.0,14.54,14.35,24.12,78.02,上行
2023-01-19,25.0,14.52,14.21,25.19,78.92,上行
2023-01-20,25.0,14.53,14.2,25.82,79.56,上行
2023-01-30,25.0,14.58,13.2,26.4,79.18,上行
2023-01-31,25.0,14.39,14.46,22.01,75.86,上行
2023-02-01,25.0,21.52,14.91,23.38,84.81,上行
2023-02-02,25.0,21.51,15.85,21.71,84.08,上行
2023-02-03,25.0,21.52,16.36,17.76,80.65,上行
2023-02-06,25.0,21.5,17.68,13.07,77.25,上行
2023-02-07,25.0,21.41,16.74,13.29,76.45,上行
2023-02-08,25.0,21.38,16.85,11.62,74.85,震荡偏强
2023-02-09,25.0,21.31,16.29,15.2,77.8,上行
2023-02-10,25.0,21.36,16.23,13.24,75.83,上行
2023-02-13,25.0,21.42,15.97,15.33,77.72,上行
2023-02-14,25.0,21.38,16.0,15.74,78.12,上行
2023-02-15,25.0,21.38,15.83,13.56,75.78,上行
2023-02-16,25.0,21.37,16.0,11.44,73.81,震荡偏强
2023-02-17,25.0,21.35,15.47,7.64,69.46,震荡偏强
2023-02-20,25.0,21.3,15.33,15.3,76.93,上行
2023-02-21,25.0,21.21,15.42,15.66,77.29,上行
2023-02-22,25.0,21.18,15.31,12.87,74.36,震荡偏强
2023-02-23,25.0,21.23,15.24,13.08,74.55,震荡偏强
2023-02-24,25.0,21.18,15.47,10.68,72.33,震荡偏强
2023-02-27,25.0,21.14,14.74,10.16,71.04,震荡偏强
2023-02-28,25.0,21.12,12.15,12.38,70.65,震荡偏强
2023-03-01,25.0,20.71,10.89,16.21,72.82,震荡偏强
2023-03-02,25.0,20.82,10.99,16.09,72.89,震荡偏强
2023-03-03,25.0,20.86,10.8,16.79,73.46,震荡偏强
2023-03-06,25.0,20.88,11.51,14.89,72.28,震荡偏强
2023-03-07,25.0,20.86,12.0,10.9,68.76,震荡偏强
2023-03-08,25.0,20.9,12.1,9.89,67.89,震荡偏强
2023-03-09,25.0,20.91,11.93,9.56,67.4,震荡偏强
2023-03-10,25.0,20.88,10.48,6.03,62.39,震荡偏强
2023-03-13,25.0,20.84,9.96,9.73,65.54,震荡偏强
2023-03-14,25.0,20.84,9.92,8.49,64.25,震荡偏强
2023-03-15,25.0,20.85,10.28,8.91,65.03,震荡偏强
2023-03-16,25.0,20.84,10.74,6.06,62.65,震荡偏强
2023-03-17,25.0,20.83,9.84,7.89,63.55,震荡偏强
2023-03-20,25.0,20.94,10.79,6.98,63.71,震荡偏强
2023-03-21,25.0,21.03,10.36,10.78,67.16,震荡偏强
2023-03-22,25.0,21.01,10.68,12.51,69.2,震荡偏强
2023-03-23,25.0,20.98,11.48,15.59,73.05,震荡偏强
2023-03-24,25.0,21.01,12.64,15.35,73.99,震荡偏强
2023-03-27,25.0,21.02,13.27,13.93,73.22,震荡偏强
2023-03-28,25.0,20.95,13.75,13.61,73.31,震荡偏强
2023-03-29,25.0,20.9,13.8,14.06,73.76,震荡偏强
2023-03-30,25.0,20.91,13.17,17.57,76.65,上行
2023-03-31,25.0,20.96,13.2,18.59,77.75,上行
2023-04-03,25.0,10.91,12.82,20.92,69.65,震荡偏强
2023-04-04,23.82,10.9,13.1,22.19,70.02,震荡偏强
2023-04-06,24.14,10.86,12.76,21.06,68.82,震荡偏强
2023-04-07,22.66,10.83,13.09,22.84,69.43,震荡偏强
2023-04-10,23.27,10.75,13.12,21.18,68.32,震荡偏强
2023-04-11,23.74,10.74,13.51,20.1,68.09,震荡偏强
2023-04-12,22.53,10.58,12.81,19.4,65.32,震荡偏强
2023-04-13,24.11,10.6,12.73,17.22,64.67,震荡偏强
2023-04-14,21.53,10.66,11.8,18.21,62.2,震荡偏强
2023-04-17,16.2,10.64,12.45,22.02,61.3,震荡偏强
2023-04-18,13.74,10.71,12.19,21.7,58.35,震荡
2023-04-19,15.9,10.68,12.28,18.73,57.59,震荡
2023-04-20,15.88,10.68,11.44,17.14,55.14,震荡
2023-04-21,21.5,10.68,12.19,11.77,56.14,震荡
2023-04-24,23.65,10.63,10.27,8.18,52.74,震荡
2023-04-25,24.84,10.58,9.7,6.94,52.06,震荡
2023-04-26,25.0,10.57,8.63,6.44,50.64,震荡
2023-04-27,25.0,10.59,8.21,9.06,52.86,震荡
2023-04-28,23.91,10.71,7.01,12.0,53.64,震荡
2023-05-04,21.19,9.16,6.72,12.09,49.16,震荡
2023-05-05,21.9,9.13,6.99,11.17,49.18,震荡
2023-05-08,15.09,9.21,7.25,14.66,46.21,震荡
2023-05-09,18.18,9.15,8.57,12.33,48.23,震荡
2023-05-10,22.84,9.13,9.56,10.5,52.03,震荡
2023-05-11,24.45,9.17,11.14,10.57,55.33,震荡
2023-05-12,25.0,9.2,10.81,7.36,52.37,震荡
2023-05-15,23.76,9.24,10.58,12.39,55.97,震荡
2023-05-16,25.0,9.18,11.18,11.43,56.8,震荡
2023-05-17,25.0,9.09,10.74,9.91,54.74,震荡
2023-05-18,25.0,9.11,10.26,10.55,54.92,震荡
2023-05-19,25.0,9.08,10.18,10.87,55.13,震荡
2023-05-22,25.0,9.21,9.86,12.95,57.02,震荡
2023-05-23,25.0,9.38,10.07,9.39,53.84,震荡
2023-05-24,25.0,9.47,8.63,6.04,49.13,震荡
2023-05-25,25.0,9.39,8.94,5.85,49.18,震荡
2023-05-26,25.0,9.39,8.05,6.63,49.07,震荡
2023-05-29,25.0,9.5,7.78,5.85,48.13,震荡
2023-05-30,25.0,9.44,8.04,6.7,49.18,震荡
2023-05-31,25.0,9.57,8.43,4.78,47.77,震荡
2023-06-01,25.0,10.41,7.93,6.18,49.53,震荡
2023-06-02,25.0,10.47,8.01,10.78,54.26,震荡
2023-06-05,25.0,10.45,8.53,10.19,54.17,震荡
2023-06-06,25.0,10.61,8.2,8.14,51.95,震荡
2023-06-07,25.0,10.78,7.52,7.94,51.24,震荡
2023-06-08,25.0,10.72,7.1,11.0,53.83,震荡
2023-06-09,25.0,10.56,7.17,12.58,55.31,震荡
2023-06-12,25.0,10.55,7.19,13.45,56.19,震荡
2023-06-13,25.0,10.42,6.55,16.1,58.06,震荡
2023-06-14,25.0,10.32,7.33,16.38,59.03,震荡
2023-06-15,25.0,10.25,6.98,21.47,63.7,震荡偏强
2023-06-16,25.0,10.23,8.33,24.2,67.77,震荡偏强
2023-06-19,25.0,10.13,9.64,21.93,66.7,震荡偏强
2023-06-20,25.0,10.28,9.34,21.25,65.87,震荡偏强
2023-06-21,25.0,10.29,10.49,16.85,62.63,震荡偏强
2023-06-26,25.0,10.32,10.08,13.44,58.84,震荡
2023-06-27,25.0,10.35,10.87,15.38,61.6,震荡偏强
2023-06-28,25.0,10.27,11.54,15.84,62.65,震荡偏强
2023-06-29,25.0,10.28,10.26,14.36,59.9,震荡
2023-06-30,25.0,10.31,9.33,15.83,60.47,震荡偏强
2023-07-03,25.0,11.48,10.59,18.86,65.92,震荡偏强
2023-07-04,25.0,11.52,11.56,19.12,67.21,震荡偏强
2023-07-05,25.0,11.63,10.78,16.8,64.21,震荡偏强
2023-07-06,25.0,11.59,10.88,14.36,61.83,震荡偏强
2023-07-07,25.0,11.63,10.81,13.23,60.68,震荡偏强
2023-07-10,25.0,11.7,10.05,14.25,61.0,震荡偏强
2023-07-11,25.0,11.65,9.7,16.0,62.35,震荡偏强
2023-07-12,25.0,11.58,10.01,14.37,60.96,震荡偏强
2023-07-13,25.0,11.48,10.03,18.92,65.43,震荡偏强
2023-07-14,25.0,11.49,11.3,18.47,66.26,震荡偏强
2023-07-17,25.0,11.54,11.88,16.39,64.81,震荡偏强
2023-07-18,25.0,11.55,11.11,16.17,63.82,震荡偏强
2023-07-19,25.0,11.51,9.11,16.14,61.77,震荡偏强
2023-07-20,25.0,11.52,9.01,14.2,59.73,震荡
2023-07-21,25.0,11.52,8.49,14.34,59.35,震荡
2023-07-24,25.0,11.48,8.81,12.92,58.2,震荡
2023-07-25,25.0,11.37,7.98,21.08,65.42,震荡偏强
2023-07-26,25.0,11.48,10.27,20.0,66.75,震荡偏强
2023-07-27,25.0,11.43,10.63,19.25,66.31,震荡偏强
2023-07-28,25.0,11.52,12.07,25.87,74.45,震荡偏强
2023-07-31,24.67,11.52,13.63,26.47,76.29,上行
2023-08-01,25.0,13.01,14.8,24.57,77.38,上行
2023-08-02,25.0,13.08,15.28,21.86,75.22,上行
2023-08-03,25.0,13.09,15.56,23.84,77.48,上行
2023-08-04,24.7,13.19,15.88,24.55,78.31,上行
2023-08-07,25.0,13.15,16.1,21.51,75.76,上行
2023-08-08,25.0,13.06,15.91,19.85,73.82,震荡偏强
2023-08-09,25.0,13.08,15.37,18.68,72.12,震荡偏强
2023-08-10,25.0,13.06,14.79,18.71,71.56,震荡偏强
2023-08-11,25.0,13.01,12.91,11.58,62.51,震荡偏强
2023-08-14,25.0,12.98,11.01,9.56,58.55,震荡
2023-08-15,25.0,12.91,10.07,9.26,57.23,震荡
2023-08-16,25.0,12.75,9.95,7.1,54.8,震荡
2023-08-17,25.0,12.72,10.01,8.03,55.76,震荡
2023-08-18,25.0,12.66,10.07,4.41,52.14,震荡
2023-08-21,25.0,12.68,8.67,0.76,47.12,震荡
2023-08-22,25.0,12.58,8.56,3.08,49.22,震荡
2023-08-23,25.0,12.64,6.18,0.0,43.82,下行
2023-08-24,25.0,12.57,4.98,2.07,44.62,下行
2023-08-25,25.0,12.61,4.68,2.57,44.87,下行
2023-08-28,25.0,12.51,3.97,7.51,48.99,震荡
2023-08-29,25.0,12.42,4.62,9.97,52.01,震荡
2023-08-30,25.0,12.26,4.9,10.56,52.72,震荡
2023-08-31,25.0,12.44,5.31,9.99,52.74,震荡
2023-09-01,25.0,14.3,5.21,12.64,57.16,震荡
2023-09-04,25.0,14.31,5.59,17.67,62.56,震荡偏强
2023-09-05,25.0,14.35,5.3,16.18,60.83,震荡偏强
2023-09-06,25.0,14.4,4.98,16.02,60.41,震荡偏强
2023-09-07,25.0,14.23,5.05,12.74,57.02,震荡
2023-09-08,25.0,14.14,4.95,11.65,55.73,震荡
2023-09-11,25.0,14.16,5.02,14.16,58.34,震荡
2023-09-12,25.0,14.05,6.44,14.11,59.59,震荡
2023-09-13,25.0,14.08,6.85,12.48,58.4,震荡
2023-09-14,25.0,14.19,6.92,12.62,58.74,震荡
2023-09-15,25.0,14.17,7.28,11.54,58.0,震荡
2023-09-18,25.0,14.25,7.61,12.56,59.42,震荡
2023-09-19,25.0,14.12,6.08,12.28,57.48,震荡
2023-09-20,25.0,14.07,5.54,10.83,55.45,震荡
2023-09-21,25.0,14.1,5.27,8.28,52.65,震荡
2023-09-22,25.0,14.15,0.0,14.03,53.18,震荡
2023-09-25,25.0,14.21,0.3,12.02,51.53,震荡
2023-09-26,25.0,14.19,0.32,10.73,50.24,震荡
2023-09-27,25.0,14.06,0.0,11.82,50.88,震荡
2023-09-28,25.0,14.1,0.19,11.01,50.3,震荡
2023-10-09,25.0,11.62,10.12,10.64,57.38,震荡
2023-10-10,25.0,11.42,10.0,9.26,55.69,震荡
2023-10-11,25.0,11.19,10.0,10.51,56.7,震荡
2023-10-12,25.0,11.02,10.0,13.8,59.82,震荡
2023-10-13,25.0,11.15,10.0,11.39,57.54,震荡
2023-10-16,25.0,11.11,7.04,8.43,51.58,震荡
2023-10-17,25.0,10.94,6.41,9.9,52.25,震荡
2023-10-18,25.0,10.84,5.97,8.28,50.09,震荡
2023-10-19,25.0,10.79,5.39,2.93,44.11,下行
2023-10-20,25.0,10.74,4.94,2.34,43.02,下行
2023-10-23,25.0,10.83,4.72,0.22,40.76,下行
2023-10-24,25.0,10.92,4.39,1.58,41.89,下行
2023-10-25,25.0,11.0,4.56,4.08,44.63,下行
2023-10-26,25.0,11.25,4.75,5.9,46.9,震荡
2023-10-27,25.0,11.14,4.83,10.71,51.67,震荡
2023-10-30,25.0,11.16,5.16,12.67,53.99,震荡
2023-10-31,25.0,11.24,5.87,12.61,54.71,震荡
2023-11-01,25.0,10.8,5.79,12.95,54.55,震荡
2023-11-02,25.0,10.61,5.86,12.18,53.65,震荡
2023-11-03,25.0,10.6,5.59,14.93,56.12,震荡
2023-11-06,25.0,10.52,6.53,19.1,61.14,震荡偏强
2023-11-07,25.0,10.44,7.79,18.35,61.58,震荡偏强
2023-11-08,25.0,10.26,8.13,17.67,61.06,震荡偏强
2023-11-09,25.0,10.33,8.13,18.29,61.75,震荡偏强
2023-11-10,25.0,10.24,7.71,16.4,59.35,震荡
2023-11-13,25.0,10.34,8.08,16.17,59.59,震荡
2023-11-14,25.0,10.4,8.29,16.4,60.09,震荡偏强
2023-11-15,25.0,10.46,8.39,18.47,62.32,震荡偏强
2023-11-16,25.0,10.68,8.74,15.33,59.75,震荡
2023-11-17,25.0,10.7,9.69,14.71,60.1,震荡偏强
2023-11-20,25.0,10.65,9.56,15.2,60.41,震荡偏强
2023-11-21,25.0,10.55,9.99,15.19,60.73,震荡偏强
2023-11-22,25.0,10.41,10.13,11.81,57.36,震荡
2023-11-23,25.0,10.38,9.56,13.18,58.11,震荡
2023-11-24,25.0,10.33,10.05,11.25,56.64,震荡
2023-11-27,25.0,10.24,8.67,9.57,53.48,震荡
2023-11-28,25.0,10.18,8.54,10.13,53.85,震荡
2023-11-29,25.0,10.27,9.33,8.25,52.85,震荡
2023-11-30,25.0,10.16,9.17,8.83,53.17,震荡
2023-12-01,25.0,8.7,9.48,8.1,51.28,震荡
2023-12-04,25.0,8.72,8.53,6.83,49.08,震荡
2023-12-05,25.0,8.52,7.78,2.28,43.58,下行
2023-12-06,25.0,8.51,7.34,3.56,44.41,下行
2023-12-07,25.0,8.38,7.87,3.73,44.98,下行
2023-12-08,25.0,8.56,8.16,5.1,46.81,震荡
2023-12-11,25.0,8.59,8.61,7.78,49.98,震荡
2023-12-12,25.0,8.48,8.65,9.1,51.23,震荡
2023-12-13,25.0,8.43,8.63,5.2,47.25,震荡
2023-12-14,25.0,8.63,7.36,4.74,45.73,震荡
2023-12-15,25.0,8.88,7.7,5.06,46.64,震荡
2023-12-18,25.0,8.97,7.6,4.88,46.45,震荡
2023-12-19,25.0,8.97,7.29,6.09,47.35,震荡
2023-12-20,25.0,8.79,6.94,4.43,45.16,震荡
2023-12-21,25.0,8.76,6.73,8.06,48.55,震荡
2023-12-22,25.0,8.71,6.59,9.42,49.72,震荡
2023-12-25,25.0,8.86,6.57,10.91,51.33,震荡
2023-12-26,25.0,8.94,6.5,9.98,50.43,震荡
2023-12-27,25.0,9.25,5.77,11.51,51.53,震荡
2023-12-28,25.0,9.33,7.28,19.15,60.75,震荡偏强
2023-12-29,25.0,9.39,7.94,20.23,62.56,震荡偏强
2024-01-02,25.0,10.14,8.41,16.53,60.08,震荡偏强
2024-01-03,25.0,9.93,8.29,15.72,58.95,震荡
2024-01-04,25.0,9.82,9.43,13.32,57.57,震荡
2024-01-05,25.0,9.71,8.82,12.09,55.62,震荡
2024-01-08,25.0,9.7,8.17,8.45,51.33,震荡
2024-01-09,25.0,9.55,8.12,9.71,52.38,震荡
2024-01-10,25.0,9.48,8.03,8.96,51.47,震荡
2024-01-11,25.0,9.46,8.37,10.95,53.79,震荡
2024-01-12,25.0,9.56,9.74,10.29,54.59,震荡
2024-01-15,25.0,9.66,9.31,10.23,54.2,震荡
2024-01-16,25.0,9.6,9.76,12.3,56.66,震荡
2024-01-17,25.0,9.51,9.11,6.14,49.77,震荡
2024-01-18,25.0,9.46,8.06,4.45,46.97,震荡
2024-01-19,25.0,9.51,7.75,5.61,47.86,震荡
2024-01-22,25.0,9.59,6.97,0.33,41.89,下行
2024-01-23,25.0,9.53,6.25,3.09,43.87,下行
2024-01-24,25.0,9.53,6.82,8.14,49.49,震荡
2024-01-25,25.0,9.7,7.09,13.46,55.26,震荡
2024-01-26,25.0,9.91,7.79,13.64,56.34,震荡
2024-01-29,25.0,9.9,6.72,11.83,53.45,震荡
2024-01-30,25.0,10.15,7.48,7.72,50.34,震荡
2024-01-31,25.0,10.09,7.78,6.79,49.67,震荡
2024-02-01,25.0,9.45,6.73,7.29,48.47,震荡
2024-02-02,25.0,9.36,6.32,5.48,46.16,震荡
2024-02-05,25.0,9.37,4.75,7.93,47.06,震荡
2024-02-06,25.0,9.16,5.17,17.54,56.87,震荡
2024-02-07,25.0,9.16,6.42,20.2,60.79,震荡偏强
2024-02-08,25.0,9.19,6.52,22.2,62.91,震荡偏强
2024-02-19,25.0,9.38,6.16,24.48,65.02,震荡偏强
2024-02-20,25.0,9.35,5.83,25.31,65.48,震荡偏强
2024-02-21,25.0,9.39,8.14,29.3,71.82,震荡偏强
2024-02-22,25.0,9.45,11.33,30.0,75.78,上行
2024-02-23,25.0,9.68,14.86,30.0,79.53,上行
2024-02-26,25.0,9.61,16.82,26.1,77.53,上行
2024-02-27,25.0,9.54,16.79,28.49,79.82,上行
2024-02-28,25.0,9.39,17.44,24.23,76.06,上行
2024-02-29,25.0,9.25,17.25,28.12,79.62,上行
2024-03-01,25.0,15.73,17.23,29.62,87.58,上行
2024-03-04,25.0,15.64,17.07,28.43,86.14,上行
2024-03-05,25.0,15.58,17.13,29.81,87.52,上行
2024-03-06,25.0,15.48,16.02,27.19,83.68,上行
2024-03-07,25.0,15.38,16.23,24.15,80.76,上行
2024-03-08,25.0,15.34,15.31,23.6,79.25,上行
2024-03-11,25.0,15.31,15.61,26.02,81.93,上行
2024-03-12,25.0,15.36,15.59,24.76,80.71,上行
2024-03-13,25.0,15.44,16.33,21.82,78.59,上行
2024-03-14,25.0,15.37,16.37,19.77,76.51,上行
2024-03-15,25.0,15.44,16.65,19.68,76.77,上行
2024-03-18,25.0,15.43,16.53,21.45,78.4,上行
2024-03-19,25.0,15.49,16.85,18.76,76.1,上行
2024-03-20,25.0,15.69,16.61,18.48,75.78,上行
2024-03-21,25.0,15.78,16.64,17.91,75.32,上行
2024-03-22,25.0,15.84,16.81,15.02,72.67,震荡偏强
2024-03-25,25.0,16.01,16.33,13.08,70.42,震荡偏强
2024-03-26,25.0,16.2,15.79,13.82,70.81,震荡偏强
2024-03-27,25.0,16.25,14.99,10.41,66.65,震荡偏强
2024-03-28,25.0,16.14,13.36,11.82,66.33,震荡偏强
2024-03-29,24.32,16.24,11.84,13.19,65.6,震荡偏强
2024-04-01,21.37,14.92,12.44,17.85,66.58,震荡偏强
2024-04-02,21.16,14.97,13.97,16.77,66.87,震荡偏强
2024-04-03,21.68,14.98,13.84,15.52,66.02,震荡偏强
2024-04-08,22.56,14.97,13.64,13.04,64.22,震荡偏强
2024-04-09,23.38,15.13,13.61,12.58,64.7,震荡偏强
2024-04-10,24.99,15.16,13.55,10.73,64.44,震荡偏强
2024-04-11,25.0,15.27,11.36,10.86,62.5,震荡偏强
2024-04-12,25.0,15.26,10.87,8.9,60.03,震荡偏强
2024-04-15,20.87,15.25,10.08,15.15,61.36,震荡偏强
2024-04-16,22.33,15.07,9.75,12.66,59.81,震荡
2024-04-17,19.63,14.96,7.76,16.73,59.08,震荡
2024-04-18,19.66,14.89,8.08,17.28,59.92,震荡
2024-04-19,19.87,15.0,8.55,15.08,58.5,震荡
2024-04-22,21.38,15.02,7.33,14.68,58.4,震荡
2024-04-23,22.96,15.02,8.27,12.72,58.97,震荡
2024-04-24,22.25,15.0,8.68,13.94,59.87,震荡
2024-04-25,21.69,15.12,8.19,14.83,59.83,震荡
2024-04-26,18.95,15.22,7.55,18.74,60.46,震荡偏强
2024-04-29,18.9,15.1,10.6,21.93,66.53,震荡偏强
2024-04-30,15.3,15.02,11.8,20.1,62.22,震荡偏强
2024-05-06,13.5,11.62,9.95,24.06,59.14,震荡
2024-05-07,13.19,11.65,11.68,23.89,60.39,震荡偏强
2024-05-08,14.38,11.7,11.89,21.16,59.13,震荡
2024-05-09,13.11,11.7,12.21,23.57,60.59,震荡偏强
2024-05-10,12.74,11.82,13.03,23.15,60.74,震荡偏强
2024-05-13,12.69,11.84,13.13,22.22,59.87,震荡
2024-05-14,13.4,11.85,12.14,21.05,58.43,震荡
2024-05-15,15.25,11.94,11.18,18.2,56.57,震荡
2024-05-16,14.43,12.06,10.89,18.8,56.18,震荡
2024-05-17,12.24,12.07,10.77,21.5,56.58,震荡
2024-05-20,11.02,12.13,12.31,21.61,57.07,震荡
2024-05-21,11.65,12.12,12.94,20.14,56.85,震荡
2024-05-22,11.36,12.08,13.23,20.17,56.84,震荡
2024-05-23,14.06,12.13,14.63,16.61,57.43,震荡
2024-05-24,16.44,12.19,13.82,12.79,55.24,震荡
2024-05-27,13.16,12.2,13.49,14.78,53.62,震荡
2024-05-28,14.35,12.1,13.15,12.53,52.12,震荡
2024-05-29,13.93,12.07,12.53,12.46,50.99,震荡
2024-05-30,15.57,12.02,10.46,11.39,49.44,震荡
2024-05-31,16.68,12.11,9.59,10.3,48.67,震荡
2024-06-03,15.28,12.25,9.97,10.96,48.45,震荡
2024-06-04,14.17,12.29,9.07,13.18,48.7,震荡
2024-06-05,15.49,12.29,9.41,12.19,49.38,震荡
2024-06-06,14.96,12.31,9.16,12.43,48.85,震荡
2024-06-07,15.86,12.34,8.61,10.86,47.66,震荡
2024-06-11,18.48,12.42,8.78,9.21,48.89,震荡
2024-06-12,18.0,12.42,8.86,9.3,48.58,震荡
2024-06-13,18.45,12.34,9.52,8.58,48.89,震荡
2024-06-14,17.63,12.18,9.71,10.57,50.1,震荡
2024-06-17,19.12,12.16,4.26,10.28,45.81,震荡
2024-06-18,17.55,12.12,2.53,11.73,43.94,下行
2024-06-19,17.53,12.13,1.77,11.42,42.85,下行
2024-06-20,18.37,12.5,1.24,10.14,42.26,下行
2024-06-21,19.09,12.61,0.43,10.16,42.3,下行
2024-06-24,19.64,12.73,5.44,9.16,46.97,震荡
2024-06-25,20.17,12.56,5.21,8.03,45.97,震荡
2024-06-26,19.56,12.65,3.92,10.25,46.4,震荡
2024-06-27,20.15,12.74,4.35,9.19,46.42,震荡
2024-06-28,18.14,12.76,3.49,10.23,44.62,下行
2024-07-01,16.07,12.4,3.38,11.76,43.61,下行
2024-07-02,14.62,12.54,4.73,11.72,43.61,下行
2024-07-03,15.75,12.53,4.56,11.72,44.56,下行
2024-07-04,16.31,12.63,4.2,10.96,44.1,下行
2024-07-05,18.85,12.66,4.01,10.11,45.63,震荡
2024-07-08,19.49,12.77,4.11,8.65,45.02,震荡
2024-07-09,16.63,12.67,10.0,12.15,51.45,震荡
2024-07-10,18.45,12.81,11.07,11.82,54.15,震荡
2024-07-11,16.42,12.81,11.22,15.87,56.32,震荡
2024-07-12,16.26,12.78,12.16,16.88,58.08,震荡
2024-07-15,13.96,12.84,12.9,17.56,57.26,震荡
2024-07-16,13.51,12.73,7.43,19.72,53.39,震荡
2024-07-17,14.85,12.83,7.35,20.11,55.14,震荡
2024-07-18,12.66,12.89,6.94,21.67,54.15,震荡
2024-07-19,12.39,12.92,6.88,23.27,55.46,震荡
2024-07-22,15.36,12.94,6.25,20.47,55.02,震荡
2024-07-23,19.46,13.14,6.83,14.38,53.82,震荡
2024-07-24,19.78,13.18,6.47,12.59,52.02,震荡
2024-07-25,21.63,13.31,6.62,10.97,52.52,震荡
2024-07-26,22.66,13.27,7.35,12.3,55.58,震荡
2024-07-29,22.63,13.02,6.98,10.79,53.42,震荡
2024-07-30,25.0,12.75,5.91,9.09,52.75,震荡
2024-07-31,21.44,12.68,6.51,15.62,56.25,震荡
2024-08-01,22.03,11.62,9.17,13.44,56.26,震荡
2024-08-02,24.78,11.48,9.13,10.4,55.79,震荡
2024-08-05,25.0,11.46,9.0,7.17,52.62,震荡
2024-08-06,25.0,11.59,8.69,7.43,52.71,震荡
2024-08-07,25.0,11.6,6.75,7.09,50.44,震荡
2024-08-08,25.0,11.58,6.3,7.87,50.76,震荡
2024-08-09,25.0,11.69,1.82,7.37,45.88,震荡
2024-08-12,25.0,11.62,5.0,7.6,49.22,震荡
2024-08-13,25.0,11.46,5.53,8.69,50.69,震荡
2024-08-14,25.0,11.33,5.53,7.4,49.26,震荡
2024-08-15,25.0,11.09,5.75,11.42,53.26,震荡
2024-08-16,25.0,10.93,12.28,12.41,60.63,震荡偏强
2024-08-19,22.78,10.96,6.65,13.86,54.26,震荡
2024-08-20,25.0,10.86,6.57,12.89,55.32,震荡
2024-08-21,25.0,10.79,6.8,11.97,54.56,震荡
2024-08-22,25.0,10.87,6.88,11.52,54.28,震荡
2024-08-23,25.0,10.98,7.28,13.11,56.37,震荡
2024-08-26,25.0,11.32,7.16,13.46,56.93,震荡
2024-08-27,25.0,11.52,7.67,12.2,56.38,震荡
2024-08-28,25.0,11.7,7.79,11.09,55.58,震荡
2024-08-29,25.0,11.66,5.84,10.8,53.31,震荡
2024-08-30,25.0,11.76,6.89,15.02,58.67,震荡
2024-09-02,25.0,14.42,7.69,10.05,57.16,震荡
2024-09-03,25.0,14.49,7.76,11.39,58.64,震荡
2024-09-04,25.0,14.69,8.64,9.87,58.19,震荡
2024-09-05,25.0,14.58,8.89,10.82,59.28,震荡
2024-09-06,25.0,14.63,8.69,8.72,57.05,震荡
2024-09-09,25.0,14.73,9.01,5.63,54.36,震荡
2024-09-10,25.0,14.77,9.03,6.2,55.01,震荡
2024-09-11,25.0,14.93,9.32,6.08,55.34,震荡
2024-09-12,25.0,15.23,10.0,5.81,56.04,震荡
2024-09-13,25.0,15.1,8.73,5.26,54.09,震荡
2024-09-18,25.0,14.9,9.15,6.95,56.0,震荡
2024-09-19,25.0,14.63,9.03,9.99,58.65,震荡
2024-09-20,25.0,14.42,9.16,11.32,59.9,震荡
2024-09-23,25.0,14.49,9.03,12.56,61.09,震荡偏强
2024-09-24,25.0,14.41,9.1,25.45,73.96,震荡偏强
2024-09-25,25.0,14.44,9.87,29.33,78.64,上行
2024-09-26,15.59,14.58,9.93,30.0,70.11,震荡偏强
2024-09-27,8.75,14.68,10.07,30.0,63.49,震荡偏强
2024-09-30,0.0,14.97,11.7,30.0,56.67,震荡
2024-10-08,0.0,15.83,15.0,30.0,60.83,震荡偏强
2024-10-09,2.58,15.7,15.0,30.0,63.28,震荡偏强
2024-10-10,0.54,15.27,15.0,30.0,60.81,震荡偏强
2024-10-11,3.08,14.97,15.0,30.0,63.05,震荡偏强
2024-10-14,0.74,15.07,15.0,30.0,60.81,震荡偏强
2024-10-15,4.71,15.08,15.0,30.0,64.8,震荡偏强
2024-10-16,4.85,15.01,12.66,30.0,62.52,震荡偏强
2024-10-17,5.85,15.13,10.26,29.64,60.88,震荡偏强
2024-10-18,2.52,15.37,10.39,30.0,58.28,震荡
2024-10-21,2.91,15.32,11.94,30.0,60.17,震荡偏强
2024-10-22,3.55,15.17,5.0,30.0,53.72,震荡
2024-10-23,3.07,15.16,5.0,30.0,53.23,震荡
2024-10-24,4.82,15.11,5.0,25.23,50.16,震荡
2024-10-25,4.56,15.25,5.0,24.42,49.22,震荡
2024-10-28,4.58,15.58,5.0,21.89,47.05,震荡
2024-10-29,5.4,15.59,12.36,17.15,50.5,震荡
2024-10-30,6.54,15.68,11.91,12.13,46.26,震荡
2024-10-31,11.97,15.79,11.98,10.91,50.65,震荡
2024-11-01,10.54,16.62,12.16,11.1,50.42,震荡
2024-11-04,8.58,16.67,11.59,15.79,52.64,震荡
2024-11-05,5.99,16.61,11.48,24.69,58.76,震荡
2024-11-06,6.67,16.43,12.65,22.4,58.16,震荡
2024-11-07,3.34,16.52,13.53,30.0,63.39,震荡偏强
2024-11-08,5.24,16.55,14.5,27.13,63.42,震荡偏强
2024-11-11,5.35,16.55,15.0,28.01,64.92,震荡偏强
2024-11-12,6.38,16.48,15.0,23.69,61.56,震荡偏强
2024-11-13,5.72,16.39,15.0,24.51,61.62,震荡偏强
2024-11-14,6.59,16.4,15.0,18.3,56.3,震荡
2024-11-15,7.87,16.4,13.2,13.08,50.55,震荡
2024-11-18,7.73,16.57,11.89,11.75,47.95,震荡
2024-11-19,7.44,16.67,9.92,13.16,47.18,震荡
2024-11-20,7.28,16.58,9.81,13.84,47.51,震荡
2024-11-21,7.26,16.66,9.69,13.98,47.59,震荡
2024-11-22,12.63,16.63,10.17,5.48,44.91,下行
2024-11-25,13.56,16.59,10.03,4.27,44.45,下行
2024-11-26,12.98,16.51,10.15,4.0,43.64,下行
2024-11-27,9.83,16.46,9.78,8.66,44.73,下行
2024-11-28,11.55,16.38,9.66,6.57,44.15,下行
2024-11-29,9.75,16.24,9.64,9.66,45.29,震荡
2024-12-02,8.24,15.57,10.4,11.87,46.07,震荡
2024-12-03,7.34,15.6,10.7,12.54,46.17,震荡
2024-12-04,7.23,15.61,10.93,11.35,45.12,震荡
2024-12-05,7.79,15.59,10.84,11.71,45.93,震荡
2024-12-06,6.02,15.49,10.93,15.92,48.36,震荡
2024-12-09,5.88,15.45,10.6,16.3,48.22,震荡
2024-12-10,5.33,15.21,10.23,18.92,49.69,震荡
2024-12-11,5.7,15.09,10.7,18.62,50.11,震荡
2024-12-12,4.88,14.92,10.93,21.78,52.51,震荡
2024-12-13,7.23,15.15,10.97,14.68,48.03,震荡
2024-12-16,6.44,15.21,10.6,13.05,45.3,震荡
2024-12-17,6.2,14.95,10.52,14.06,45.74,震荡
2024-12-18,5.59,14.88,9.8,15.49,45.76,震荡
2024-12-19,5.83,15.31,9.61,16.1,46.86,震荡
2024-12-20,6.63,15.28,9.45,14.96,46.32,震荡
2024-12-23,5.41,15.42,10.23,14.92,45.97,震荡
2024-12-24,4.27,15.49,9.92,17.88,47.56,震荡
2024-12-25,3.29,15.64,10.21,17.78,46.93,震荡
2024-12-26,3.72,15.58,10.04,17.42,46.76,震荡
2024-12-27,4.09,15.29,10.04,16.73,46.14,震荡
2024-12-30,2.89,14.95,9.54,17.94,45.32,震荡
2024-12-31,4.75,14.95,10.04,13.24,42.97,下行
2025-01-02,8.48,11.05,9.24,5.24,34.0,下行
2025-01-03,10.52,10.84,9.17,2.76,33.28,下行
2025-01-06,11.2,11.35,8.23,2.29,33.08,下行
2025-01-07,10.07,11.35,8.03,4.93,34.37,下行
2025-01-08,9.59,11.2,7.88,5.25,33.91,下行
2025-01-09,11.52,10.9,8.44,5.41,36.27,下行
2025-01-10,14.25,10.57,8.62,3.24,36.67,下行
2025-01-13,14.96,10.28,9.14,2.87,37.25,下行
2025-01-14,10.17,10.18,9.46,10.62,40.42,下行
2025-01-15,11.6,10.28,9.85,9.34,41.07,下行
2025-01-16,10.59,10.26,10.03,10.01,40.89,下行
2025-01-17,10.28,10.14,10.07,11.49,41.98,下行
2025-01-20,10.57,10.05,10.0,13.32,43.93,下行
2025-01-21,11.1,10.12,10.01,14.08,45.31,震荡
2025-01-22,13.27,10.12,9.68,12.02,45.09,震荡
2025-01-23,11.68,10.16,9.73,13.53,45.09,震荡
2025-01-24,10.59,10.02,9.35,16.53,46.5,震荡
2025-01-27,10.06,9.83,9.03,15.46,44.39,下行
2025-02-05,12.84,14.11,7.33,14.69,48.97,震荡
2025-02-06,10.33,14.04,8.43,18.51,51.31,震荡
2025-02-07,8.37,14.14,9.03,22.52,54.06,震荡
2025-02-10,7.86,14.02,9.87,22.34,54.1,震荡
2025-02-11,7.76,14.0,11.52,20.63,53.9,震荡
2025-02-12,6.64,13.94,13.64,23.02,57.24,震荡
2025-02-13,6.93,13.97,12.67,21.74,55.32,震荡
2025-02-14,6.06,13.8,11.9,23.38,55.13,震荡
2025-02-17,5.82,13.54,11.46,23.06,53.88,震荡
2025-02-18,6.43,13.64,11.37,20.06,51.49,震荡
2025-02-19,6.14,13.64,10.65,21.16,51.59,震荡
2025-02-20,6.51,13.55,10.95,19.72,50.73,震荡
2025-02-21,5.26,13.31,11.34,23.07,52.98,震荡
2025-02-24,6.03,13.25,11.64,21.45,52.37,震荡
2025-02-25,7.91,13.52,11.23,17.96,50.63,震荡
2025-02-26,7.04,13.47,11.98,19.95,52.43,震荡
2025-02-27,6.46,13.59,11.91,20.23,52.19,震荡
2025-02-28,9.43,13.54,11.55,14.39,48.91,震荡
2025-03-03,9.58,14.64,10.42,13.22,47.87,震荡
2025-03-04,10.72,14.79,9.86,12.66,48.04,震荡
2025-03-05,8.82,14.72,9.51,13.53,46.58,震荡
2025-03-06,7.33,14.77,9.09,17.21,48.4,震荡
2025-03-07,7.7,14.7,9.75,16.27,48.42,震荡
2025-03-10,8.68,14.66,10.13,14.96,48.44,震荡
2025-03-11,8.13,14.56,10.7,15.63,49.02,震荡
2025-03-12,8.55,14.63,10.74,14.85,48.77,震荡
2025-03-13,8.79,14.55,11.23,13.35,47.92,震荡
2025-03-14,5.22,14.66,10.31,20.6,50.78,震荡
2025-03-17,5.3,14.6,10.66,19.51,50.07,震荡
2025-03-18,5.24,14.83,10.58,19.84,50.49,震荡
2025-03-19,5.03,15.05,10.92,20.0,51.0,震荡
2025-03-20,6.09,14.5,10.4,17.34,48.33,震荡
2025-03-21,8.4,14.55,10.87,12.68,46.5,震荡
2025-03-24,7.95,14.48,10.33,14.08,46.84,震荡
2025-03-25,8.19,14.41,9.77,14.19,46.56,震荡
2025-03-26,8.77,14.29,9.36,13.16,45.57,震荡
2025-03-27,8.32,14.26,9.4,14.35,46.33,震荡
2025-03-28,10.25,14.41,9.12,12.88,46.66,震荡
2025-03-31,10.7,14.59,9.53,11.09,45.91,震荡
2025-04-01,10.67,8.73,9.71,10.92,40.03,下行
2025-04-02,10.49,8.63,9.58,10.75,39.45,下行
2025-04-03,10.7,8.6,9.37,9.59,38.27,下行
2025-04-07,25.0,8.63,9.0,0.0,42.64,下行
2025-04-08,21.71,8.44,7.1,0.0,37.26,下行
2025-04-09,20.33,8.37,5.28,0.0,33.98,下行
2025-04-10,18.51,8.54,5.28,3.87,36.19,下行
2025-04-11,18.11,8.68,5.6,5.3,37.69,下行
2025-04-14,16.07,8.81,5.8,6.85,37.54,下行
2025-04-15,15.25,8.72,8.33,7.98,40.28,下行
2025-04-16,13.8,8.65,10.18,9.57,42.21,下行
2025-04-17,13.77,8.53,10.04,10.73,43.07,下行
2025-04-18,13.61,8.49,9.62,12.26,43.98,下行
2025-04-21,13.45,8.42,9.53,12.93,44.33,下行
2025-04-22,12.16,8.45,9.35,13.73,43.69,下行
2025-04-23,12.98,8.38,9.17,14.61,45.13,震荡
2025-04-24,12.34,8.34,9.53,15.11,45.33,震荡
2025-04-25,13.74,8.32,9.61,15.67,47.35,震荡
2025-04-28,13.51,8.26,9.6,15.72,47.09,震荡
2025-04-29,13.93,8.19,9.32,15.63,47.06,震荡
2025-04-30,17.0,8.17,9.52,15.84,50.53,震荡
2025-05-06,15.41,10.12,8.6,19.02,53.16,震荡
2025-05-07,12.95,10.13,9.45,21.02,53.55,震荡
2025-05-08,11.68,10.29,10.15,21.8,53.92,震荡
2025-05-09,11.65,10.47,10.09,20.56,52.77,震荡
2025-05-12,9.43,10.33,9.91,23.15,52.82,震荡
2025-05-13,8.8,10.63,10.89,22.81,53.12,震荡
2025-05-14,6.6,10.65,10.2,25.92,53.37,震荡
2025-05-15,7.45,10.54,9.86,22.66,50.52,震荡
2025-05-16,8.77,10.46,9.71,20.44,49.38,震荡
2025-05-19,9.62,10.32,9.81,19.5,49.24,震荡
2025-05-20,8.03,10.46,10.01,20.48,48.97,震荡
2025-05-21,7.13,10.4,10.02,21.14,48.69,震荡
2025-05-22,7.1,10.51,9.93,20.43,47.98,震荡
2025-05-23,9.22,10.55,9.94,17.81,47.52,震荡
2025-05-26,10.44,10.6,9.82,15.89,46.75,震荡
2025-05-27,11.28,10.64,9.81,14.05,45.79,震荡
2025-05-28,11.26,10.65,10.05,13.52,45.48,震荡
2025-05-29,10.04,10.34,10.11,15.0,45.5,震荡
2025-05-30,10.83,10.29,10.06,14.13,45.32,震荡
2025-06-03,9.75,11.11,9.94,13.64,44.43,下行
2025-06-04,9.06,11.0,9.84,14.65,44.55,下行
2025-06-05,8.27,11.1,9.72,15.19,44.28,下行
2025-06-06,8.24,11.28,9.98,15.21,44.7,下行
2025-06-09,8.21,11.24,9.92,15.7,45.07,震荡
2025-06-10,9.27,11.22,10.75,14.03,45.28,震荡
2025-06-11,4.46,11.2,10.68,16.4,42.74,下行
2025-06-12,4.59,11.2,10.67,16.7,43.16,下行
2025-06-13,5.33,11.18,10.64,14.86,42.01,下行
2025-06-16,4.14,11.25,10.63,15.61,41.63,下行
2025-06-17,4.11,11.31,10.53,15.51,41.47,下行
2025-06-18,3.82,11.48,10.82,9.47,35.59,下行
2025-06-19,3.87,11.5,10.7,7.67,33.74,下行
2025-06-20,3.61,11.52,15.0,8.57,38.7,下行
2025-06-23,3.0,11.53,15.0,9.91,39.44,下行
2025-06-24,1.65,11.53,15.0,13.44,41.62,下行
2025-06-25,0.06,11.54,15.0,18.16,44.76,下行
2025-06-26,0.17,11.59,15.0,16.85,43.61,下行
2025-06-27,1.81,11.55,10.95,15.12,39.43,下行
2025-06-30,1.1,11.61,11.47,16.47,40.65,下行
2025-07-01,0.54,10.1,11.83,16.81,39.28,下行
2025-07-02,0.38,10.05,11.77,17.04,39.25,下行
2025-07-03,0.12,10.08,11.43,18.66,40.29,下行
2025-07-04,0.0,10.07,11.12,19.77,40.96,下行
2025-07-07,0.0,10.14,10.73,18.34,39.21,下行
2025-07-08,0.0,10.14,10.48,20.62,41.24,下行
2025-07-09,0.0,10.08,10.56,20.23,40.87,下行
2025-07-10,0.0,9.99,10.71,21.51,42.22,下行
2025-07-11,0.0,9.98,10.78,22.19,42.95,下行
2025-07-14,0.0,9.98,11.24,21.77,42.99,下行
2025-07-15,0.0,9.94,11.4,21.43,42.78,下行
2025-07-16,0.0,9.97,11.37,20.13,41.46,下行
2025-07-17,0.0,10.04,11.52,21.72,43.28,下行
2025-07-18,0.0,10.06,11.64,22.99,44.7,下行
2025-07-21,0.0,10.11,11.42,23.83,45.36,震荡
2025-07-22,0.0,10.12,11.72,26.08,47.92,震荡
2025-07-23,0.0,10.19,12.26,25.18,47.63,震荡
2025-07-24,0.0,10.18,12.03,26.18,48.39,震荡
2025-07-25,0.0,10.09,11.96,23.65,45.7,震荡
2025-07-28,0.0,10.19,12.36,23.58,46.13,震荡
2025-07-29,0.0,10.2,12.56,24.19,46.95,震荡
2025-07-30,0.0,10.22,12.55,23.07,45.85,震荡
2025-07-31,0.0,10.14,12.53,16.95,39.61,下行
2025-08-01,0.67,10.48,12.21,14.99,38.35,下行
2025-08-04,0.14,10.45,11.67,15.86,38.12,下行
2025-08-05,0.0,10.47,11.24,17.62,39.33,下行
2025-08-06,0.0,10.46,10.9,17.87,39.22,下行
2025-08-07,0.0,10.48,11.24,17.33,39.05,下行
2025-08-08,0.0,10.48,11.43,16.23,38.13,下行
2025-08-11,0.0,10.54,11.49,17.15,39.18,下行
2025-08-12,0.0,10.68,11.74,18.47,40.9,下行
2025-08-13,0.0,10.7,11.7,20.28,42.68,下行
2025-08-14,0.0,10.76,11.83,19.22,41.8,下行
2025-08-15,0.0,10.8,12.08,21.41,44.29,下行
2025-08-18,0.0,10.88,12.64,23.07,46.59,震荡
2025-08-19,0.0,10.94,13.74,21.13,45.81,震荡
2025-08-20,0.0,10.88,14.75,24.72,50.35,震荡
2025-08-21,0.0,10.86,14.92,25.15,50.93,震荡
2025-08-22,0.0,10.78,14.43,30.0,55.21,震荡
2025-08-25,0.0,10.9,14.46,30.0,55.37,震荡
2025-08-26,0.0,10.88,14.09,30.0,54.97,震荡
2025-08-27,0.0,10.87,13.58,27.68,52.12,震荡
2025-08-28,0.0,11.17,13.74,30.0,54.91,震荡
2025-08-29,0.0,11.45,14.55,30.0,55.99,震荡
2025-09-01,0.0,12.97,14.95,30.0,57.92,震荡
2025-09-02,0.0,12.93,14.98,29.33,57.24,震荡
2025-09-03,0.0,12.87,13.68,25.27,51.81,震荡
2025-09-04,0.0,12.84,12.81,18.02,43.67,下行
2025-09-05,0.0,12.77,11.59,23.39,47.75,震荡
2025-09-08,0.0,12.87,11.13,22.23,46.23,震荡
2025-09-09,0.0,13.05,10.71,19.38,43.14,下行
2025-09-10,0.0,13.04,11.35,19.12,43.51,下行
2025-09-11,0.0,13.21,11.55,25.89,50.65,震荡
2025-09-12,0.0,13.13,12.66,22.18,47.96,震荡
2025-09-15,0.0,13.0,12.81,21.68,47.5,震荡
2025-09-16,0.0,13.07,12.44,20.02,45.53,震荡
2025-09-17,0.0,13.04,13.15,21.23,47.42,震荡
2025-09-18,0.0,12.75,13.44,16.63,42.82,下行
2025-09-19,0.0,12.58,12.66,16.88,42.11,下行
2025-09-22,0.0,12.7,11.99,17.68,42.38,下行
2025-09-23,0.0,12.58,12.01,17.61,42.2,下行
2025-09-24,0.0,12.59,11.01,19.67,43.27,下行
2025-09-25,0.0,12.66,11.08,21.31,45.04,震荡
2025-09-26,0.0,12.5,11.75,18.27,42.52,下行
2025-09-29,0.0,12.51,11.1,22.92,46.53,震荡
2025-09-30,0.0,12.61,10.47,23.26,46.34,震荡
2025-10-09,0.0,9.53,9.08,27.23,45.84,震荡
2025-10-10,0.0,9.49,10.61,20.07,40.17,下行
2025-10-13,0.0,9.38,9.91,17.88,37.16,下行
2025-10-14,0.0,9.39,10.83,14.56,34.78,下行
2025-10-15,0.0,9.37,10.75,17.91,38.03,下行
2025-10-16,0.0,9.38,12.31,18.28,39.97,下行
2025-10-17,0.0,9.37,10.48,12.16,32.01,下行
2025-10-20,0.0,9.29,9.49,13.13,31.91,下行
2025-10-21,0.0,9.41,9.41,17.37,36.18,下行
2025-10-22,0.0,9.35,9.89,16.16,35.4,下行
2025-10-23,0.0,9.27,10.12,17.12,36.52,下行
2025-10-24,0.0,9.37,9.75,20.2,39.32,下行
2025-10-27,0.0,9.46,11.15,23.06,43.66,下行
2025-10-28,0.0,9.49,12.14,20.93,42.56,下行
2025-10-29,0.0,9.6,12.07,23.96,45.63,震荡
2025-10-30,0.0,9.85,12.2,20.97,43.02,下行
2025-10-31,0.0,9.77,11.95,16.52,38.24,下行
2025-11-03,0.0,10.45,11.18,16.61,38.24,下行
2025-11-04,0.0,10.37,10.5,14.45,35.32,下行
2025-11-05,0.0,10.33,9.86,14.85,35.05,下行
2025-11-06,0.0,10.27,9.39,19.32,38.98,下行
2025-11-07,0.0,10.34,9.99,18.44,38.77,下行
2025-11-10,0.0,10.37,10.29,18.83,39.5,下行
2025-11-11,0.0,10.38,10.27,15.68,36.33,下行
2025-11-12,0.0,10.36,10.55,15.62,36.53,下行
2025-11-13,0.0,10.33,10.44,18.29,39.06,下行
2025-11-14,0.0,10.4,10.31,13.45,34.16,下行
2025-11-17,0.0,10.39,9.96,11.28,31.63,下行
2025-11-18,0.0,10.36,9.96,9.67,29.99,极寒
2025-11-19,0.0,10.37,9.9,10.54,30.81,下行
2025-11-20,0.0,10.42,9.83,9.33,29.58,极寒
2025-11-21,0.0,10.4,9.41,2.91,22.71,极寒
2025-11-24,0.0,10.41,8.75,3.28,22.44,极寒
2025-11-25,0.0,10.43,8.34,6.44,25.21,极寒
2025-11-26,0.0,10.5,8.42,9.01,27.94,极寒
2025-11-27,0.0,10.58,8.87,9.39,28.83,极寒
2025-11-28,0.0,10.65,9.22,10.59,30.46,下行
2025-12-01,0.0,14.03,10.5,14.15,38.68,下行
2025-12-02,0.0,14.01,11.05,13.01,38.07,下行
2025-12-03,0.0,14.06,10.95,11.95,36.96,下行
2025-12-04,0.0,14.13,10.54,13.19,37.86,下行
2025-12-05,0.0,14.32,10.48,16.13,40.92,下行
2025-12-08,0.0,14.17,10.33,18.55,43.05,下行
2025-12-09,0.0,14.19,10.65,17.19,42.03,下行
2025-12-10,0.0,14.17,10.97,17.01,42.15,下行
2025-12-11,0.0,14.25,11.28,15.29,40.81,下行
2025-12-12,0.0,14.2,10.97,17.11,42.28,下行
2025-12-15,0.0,14.17,10.79,15.51,40.47,下行
2025-12-16,0.0,14.21,10.2,12.69,37.1,下行
2025-12-17,0.0,14.16,9.76,17.77,41.69,下行
2025-12-18,0.0,14.1,9.54,15.8,39.44,下行
2025-12-19,0.0,14.2,9.66,16.69,40.54,下行
2025-12-22,0.0,14.25,10.1,18.83,43.17,下行
2025-12-23,0.0,14.38,10.43,19.0,43.82,下行
2025-12-24,0.0,14.44,11.07,19.67,45.17,震荡
2025-12-25,0.0,14.51,11.55,19.77,45.83,震荡
2025-12-26,0.0,14.56,11.84,20.44,46.84,震荡
2025-12-29,0.0,14.54,11.57,18.85,44.97,下行
2025-12-30,0.0,14.64,11.39,19.15,45.18,震荡
2025-12-31,0.0,14.56,10.94,17.52,43.02,下行
2026-01-05,0.0,11.45,9.96,22.71,44.12,下行
2026-01-06,0.0,11.39,10.59,26.74,48.72,震荡
2026-01-07,0.0,11.44,11.43,25.05,47.91,震荡
2026-01-08,0.0,11.3,12.08,22.14,45.51,震荡
2026-01-09,0.0,11.22,12.55,22.94,46.7,震荡
2026-01-12,0.0,11.15,13.41,23.91,48.47,震荡
2026-01-13,0.0,11.0,14.41,22.19,47.6,震荡
2026-01-14,0.0,10.96,13.98,19.67,44.61,下行
2026-01-15,0.0,10.97,13.56,19.42,43.96,下行
2026-01-16,0.0,11.08,13.73,17.92,42.73,下行
2026-01-19,0.0,11.13,13.95,10.16,35.24,下行
2026-01-20,0.0,11.09,11.84,9.18,32.1,下行
2026-01-21,0.0,11.13,10.99,9.55,31.67,下行
2026-01-22,0.0,11.09,10.86,9.41,31.35,下行
2026-01-23,0.0,11.14,10.23,8.14,29.5,极寒
2026-01-26,0.0,11.1,9.7,8.8,29.6,极寒
2026-01-27,0.0,11.01,10.09,8.9,30.0,下行
2026-01-28,0.0,11.02,10.52,9.95,31.49,下行
2026-01-29,0.0,10.99,10.8,12.65,34.45,下行
2026-01-30,0.0,11.05,10.53,9.22,30.81,下行
2026-02-02,0.0,9.98,9.7,3.02,22.71,极寒
2026-02-03,0.0,9.98,9.4,7.81,27.2,极寒
2026-02-04,0.0,10.02,9.39,11.11,30.51,下行
2026-02-05,0.0,10.03,8.19,9.92,28.14,极寒
2026-02-06,0.0,10.11,7.87,8.75,26.73,极寒
2026-02-09,0.0,10.09,8.1,14.27,32.45,下行
2026-02-10,0.0,10.11,8.34,15.16,33.62,下行
2026-02-11,0.0,10.11,8.3,14.98,33.39,下行
2026-02-12,0.0,10.03,8.2,15.71,33.93,下行
2026-02-13,0.0,9.96,8.68,12.74,31.38,下行
2026-02-24,0.0,9.98,7.17,15.68,32.83,下行
2026-02-25,0.0,10.05,8.44,17.76,36.26,下行
2026-02-26,0.0,10.12,9.48,16.79,36.39,下行
2026-02-27,0.0,10.17,10.86,16.16,37.19,下行
2026-03-02,0.0,15.16,10.9,16.94,43.0,下行
2026-03-03,0.0,15.12,13.33,13.16,41.61,下行
2026-03-04,0.0,15.2,11.1,9.14,35.43,下行
2026-03-05,0.0,15.28,9.86,12.17,37.31,下行
2026-03-06,0.0,15.2,9.43,13.32,37.95,下行
2026-03-09,0.0,15.25,9.12,11.15,35.52,下行
2026-03-10,0.0,15.3,8.94,14.34,38.58,下行
2026-03-11,0.0,15.29,10.15,15.98,41.42,下行
2026-03-12,0.0,15.29,10.7,14.94,40.93,下行
2026-03-13,0.0,15.29,10.48,13.86,39.63,下行
2026-03-16,0.0,15.41,10.23,13.95,39.59,下行
2026-03-17,0.0,15.48,10.6,12.03,38.11,下行
2026-03-18,0.0,15.61,9.88,13.28,38.77,下行
2026-03-19,0.0,15.65,9.75,9.64,35.04,下行
2026-03-20,0.0,15.76,9.46,8.64,33.86,下行
2026-03-23,0.0,15.81,9.27,0.01,25.09,极寒
2026-03-24,0.0,15.77,8.45,3.89,28.11,极寒
2026-03-25,0.0,15.77,8.56,8.74,33.07,下行
2026-03-26,0.0,15.74,8.61,5.89,30.24,下行
2026-03-27,0.0,15.78,8.74,7.87,32.39,下行
2026-03-30,0.0,15.81,9.11,8.11,33.03,下行
2026-03-31,0.0,15.93,9.88,6.38,32.19,下行
2026-04-01,0.0,15.57,9.81,11.26,36.65,下行
2026-04-02,0.0,15.55,9.7,8.85,34.11,下行
2026-04-03,0.0,15.5,9.31,7.24,32.05,下行
2026-04-07,0.0,15.4,8.93,7.3,31.63,下行
2026-04-08,0.0,15.39,8.78,17.82,41.99,下行
2026-04-09,0.0,15.24,9.72,16.31,41.27,下行
2026-04-10,0.0,15.24,9.96,21.1,46.3,震荡
2026-04-13,0.0,15.18,10.61,21.84,47.63,震荡
2026-04-14,0.0,15.07,11.93,25.69,52.69,震荡
2026-04-15,0.0,15.04,12.43,24.34,51.81,震荡
2026-04-16,0.0,15.09,12.17,27.48,54.74,震荡
2026-04-17,0.0,15.11,12.3,26.54,53.95,震荡
2026-04-20,0.0,15.08,12.16,27.6,54.84,震荡
2026-04-21,0.0,15.09,12.64,27.14,54.88,震荡
2026-04-22,0.0,15.09,12.22,28.29,55.61,震荡
2026-04-23,0.0,15.15,12.37,26.77,54.29,震荡
2026-04-24,0.0,15.29,12.08,24.55,51.92,震荡
2026-04-27,0.0,15.43,11.56,23.64,50.64,震荡
2026-04-28,0.0,15.36,11.05,21.98,48.39,震荡
2026-04-29,0.0,15.3,10.81,24.07,50.18,震荡
2026-04-30,0.0,15.21,10.42,23.31,48.94,震荡
2026-05-06,0.0,14.11,9.67,26.08,49.86,震荡
2026-05-07,0.0,14.07,11.62,26.09,51.78,震荡
2026-05-08,0.0,14.11,12.12,23.02,49.25,震荡
2026-05-11,0.0,14.06,12.71,26.87,53.64,震荡
2026-05-12,0.0,14.06,13.72,25.41,53.18,震荡
2026-05-13,0.0,14.04,14.99,27.56,56.6,震荡
2026-05-14,0.0,14.03,14.25,21.91,50.19,震荡
2026-05-15,0.0,14.06,13.45,17.47,44.99,下行
2026-05-18,0.0,14.12,12.64,15.37,42.13,下行
2026-05-19,0.0,14.1,12.07,16.04,42.21,下行
2026-05-20,0.0,13.99,11.66,15.76,41.4,下行
2026-05-21,0.0,14.05,11.08,11.74,36.87,下行
2026-05-22,0.0,14.08,10.47,14.8,39.35,下行
2026-05-25,0.0,14.1,10.79,19.03,43.92,下行
2026-05-26,0.0,14.12,11.14,20.65,45.91,震荡
2026-05-27,0.0,14.09,11.2,17.73,43.03,下行
2026-05-28,0.0,14.06,11.1,17.26,42.42,下行
2026-05-29,0.0,14.12,11.6,16.24,41.96,下行
2026-06-01,0.0,15.18,10.46,12.73,38.38,下行
2026-06-02,0.0,15.11,9.29,16.55,40.95,下行
2026-06-03,0.0,15.13,9.08,18.08,42.29,下行
2026-06-04,0.0,15.14,9.24,15.66,40.04,下行
2026-06-05,0.0,15.1,9.27,10.72,35.09,下行
2026-06-08,0.0,15.18,9.8,5.04,30.02,下行
2026-06-09,0.0,15.08,9.26,10.78,35.12,下行
2026-06-10,0.0,15.07,9.36,8.91,33.34,下行
2026-06-11,0.0,15.08,8.78,7.45,31.31,下行
2026-06-12,0.0,15.02,8.38,11.75,35.16,下行
2026-06-15,0.0,14.95,8.85,17.77,41.57,下行
2026-06-16,0.0,14.91,10.53,17.09,42.53,下行
2026-06-17,0.0,14.95,11.31,19.77,46.03,震荡
2026-06-18,0.0,15.03,12.56,20.81,48.41,震荡
2026-06-22,0.0,15.2,13.2,26.65,55.05,震荡
2026-06-23,0.0,15.23,14.23,17.51,46.98,震荡
2026-06-24,0.0,15.16,13.56,19.06,47.77,震荡
2026-06-25,0.0,15.22,13.09,23.65,51.96,震荡
2026-06-26,0.0,15.17,12.72,15.11,43.0,下行
2026-06-29,0.0,15.19,11.57,18.18,44.94,下行
2026-06-30,0.0,15.16,10.29,21.37,46.82,震荡
2026-07-01,0.0,15.2,10.65,19.9,45.74,震荡
2026-07-02,0.0,15.2,10.65,11.22,37.06,下行
2026-07-03,0.0,15.2,10.65,12.96,38.8,下行
2026-07-06,0.0,15.2,10.65,12.91,38.76,下行
2026-07-07,0.0,15.2,10.65,9.54,35.38,下行
2026-07-08,0.0,15.2,10.65,7.91,33.76,下行
2026-07-09,0.0,15.2,10.65,14.71,40.56,下行
2026-07-10,0.0,15.2,10.65,9.18,35.02,下行
