date,hs300,zz500,kc50,consume,chip,gold,bond10
2015-01-05,3641.541,5417.017,,6678.101,2889.767,,145.798
2015-01-06,3641.059,5479.864,,6728.732,2880.063,,145.818
2015-01-07,3643.79,5488.242,,6663.958,2889.247,,145.837
2015-01-08,3559.259,5444.037,,6660.761,2797.281,,145.878
2015-01-09,3546.723,5409.058,,6582.684,2754.811,,146.028
2015-01-12,3513.576,5332.221,,6530.743,2666.355,,146.09
2015-01-13,3514.04,5405.091,,6537.023,2676.014,,146.146
2015-01-14,3502.423,5379.738,,6452.041,2670.193,,146.217
2015-01-15,3604.121,5449.038,,6512.462,2743.352,,146.38
2015-01-16,3635.146,5520.123,,6570.021,2755.661,,146.472
2015-01-19,3355.155,5281.895,,6258.912,2536.651,,146.553
2015-01-20,3396.222,5472.514,,6416.927,2586.707,,146.584
2015-01-21,3548.885,5611.694,,6577.723,2679.223,,146.622
2015-01-22,3567.613,5690.156,,6604.365,2693.744,,146.594
2015-01-23,3571.732,5633.289,,6551.325,2689.922,,146.587
2015-01-26,3607.985,5758.979,,6677.612,2734.533,,146.67
2015-01-27,3574.931,5773.816,,6669.47,2721.017,,146.734
2015-01-28,3525.323,5739.919,,6601.756,2707.97,,146.732
2015-01-29,3481.798,5701.205,,6527.518,2732.8,,146.774
2015-01-30,3434.39,5632.728,,6516.757,2708.673,,146.672
2015-02-02,3353.96,5609.389,,6432.34,2627.172,,146.847
2015-02-03,3437.445,5707.476,,6499.142,2665.144,,146.871
2015-02-04,3401.768,5683.519,,6448.973,2661.789,,146.922
2015-02-05,3366.946,5654.217,,6381.65,2612.633,,146.968
2015-02-06,3312.42,5534.785,,6306.326,2524.585,,147.002
2015-02-09,3345.921,5504.974,,6377.901,2504.378,,147.059
2015-02-10,3406.943,5580.704,,6430.349,2558.753,,147.067
2015-02-11,3434.124,5641.786,,6503.833,2572.664,,147.091
2015-02-12,3442.874,5681.341,,6558.356,2585.969,,147.262
2015-02-13,3469.828,5769.272,,6616.88,2634.586,,147.402
2015-02-16,3499.483,5869.713,,6679.092,2655.433,,147.438
2015-02-17,3522.322,5911.098,,6673.948,2671.598,,147.459
2015-02-25,3478.729,5906.538,,6649.39,2708.395,,147.622
2015-02-26,3566.295,5969.557,,6737.847,2756.906,,147.645
2015-02-27,3572.843,6018.463,,6782.82,2760.45,,147.598
2015-03-02,3601.265,6139.792,,6830.983,2814.263,,147.675
2015-03-03,3507.9,6118.656,,6732.981,2776.346,,147.686
2015-03-04,3530.822,6210.421,,6884.596,2780.106,,147.715
2015-03-05,3496.344,6208.988,,6909.185,2733.912,,147.735
2015-03-06,3478.52,6133.026,,6867.791,2723.001,,147.74
2015-03-09,3537.75,6212.236,,7013.538,2759.262,,147.752
2015-03-10,3520.611,6276.485,,7044.499,2778.379,,147.789
2015-03-11,3524.653,6262.892,,7022.301,2767.909,,147.795
2015-03-12,3592.844,6260.137,,7025.998,2790.788,,147.808
2015-03-13,3617.657,6329.576,,7084.312,2815.025,,147.866
2015-03-16,3705.671,6516.765,,7274.913,2884.05,,147.874
2015-03-17,3757.122,6618.054,,7354.231,2939.255,,147.918
2015-03-18,3846.055,6728.068,,7479.529,2984.089,,147.84
2015-03-19,3839.739,6782.463,,7439.708,3023.144,,147.944
2015-03-20,3892.574,6850.897,,7465.133,3051.182,,147.942
2015-03-23,3972.061,7017.154,,7604.815,3139.351,,148.0
2015-03-24,3973.046,7046.123,,7607.686,3135.755,,147.994
2015-03-25,3940.412,7124.872,,7676.766,3088.33,,148.007
2015-03-26,3949.999,7074.437,,7758.522,3083.237,,148.013
2015-03-27,3971.697,7155.945,,7755.076,3095.202,,148.001
2015-03-30,4088.178,7245.497,,7832.485,3161.718,,148.029
2015-03-31,4051.204,7253.104,,7794.719,3119.209,,147.966
2015-04-01,4123.895,7425.733,,7913.985,3174.075,,148.145
2015-04-02,4124.776,7560.648,,7998.397,3201.48,,148.066
2015-04-03,4170.538,7679.01,,8078.124,3245.966,,148.138
2015-04-07,4260.044,7863.284,,8288.575,3325.827,,148.179
2015-04-08,4295.803,7807.997,,8292.369,3293.305,,148.221
2015-04-09,4262.138,7746.151,,8205.9,3251.681,,148.235
2015-04-10,4344.416,7952.189,,8461.921,3296.253,,148.237
2015-04-13,4421.073,8122.893,,8575.224,3373.018,,148.264
2015-04-14,4438.184,8119.959,,8588.687,3488.331,,148.35
2015-04-15,4380.513,7802.747,,8311.499,3385.012,,148.127
2015-04-16,4513.546,7912.088,,8643.489,3491.155,,148.323
2015-04-17,4596.136,7980.76,,8676.148,3552.747,,148.32
2015-04-20,4521.919,7839.901,,8564.223,3499.358,,148.399
2015-04-21,4619.164,8112.687,,8972.376,3598.44,,148.48
2015-04-22,4739.814,8323.427,,9136.458,3761.927,,148.505
2015-04-23,4740.892,8410.703,,9111.73,3758.959,,148.43
2015-04-24,4702.641,8419.095,,9085.776,3726.784,,148.451
2015-04-27,4807.592,8513.016,,9150.529,3806.635,,148.626
2015-04-28,4741.861,8266.483,,8820.133,3738.941,,148.641
2015-04-29,4774.326,8428.254,,8966.679,3743.762,,148.533
2015-04-30,4749.886,8469.673,,8920.549,3836.291,,148.522
2015-05-04,4787.741,8510.481,,9007.121,4077.182,,148.579
2015-05-05,4596.837,8199.344,,8672.18,3838.582,,148.562
2015-05-06,4553.327,8082.999,,8554.033,3731.469,,148.571
2015-05-07,4470.089,7903.478,,8476.008,3534.657,,148.57
2015-05-08,4558.404,8201.293,,8694.847,3633.455,,148.831
2015-05-11,4690.532,8558.218,,8931.998,3786.711,,148.863
2015-05-12,4747.421,8745.678,,9087.512,3930.008,,149.021
2015-05-13,4718.436,8824.929,,9204.641,3849.126,,149.051
2015-05-14,4700.778,8813.393,,9146.117,3898.938,,148.806
2015-05-15,4617.47,8742.885,,9025.826,3814.078,,148.772
2015-05-18,4575.14,8903.595,,9027.064,3800.834,,148.907
2015-05-19,4731.222,9124.833,,9249.363,3900.054,,149.116
2015-05-20,4754.919,9277.331,,9308.783,3933.56,,148.937
2015-05-21,4840.976,9619.223,,9652.979,4000.26,,149.08
2015-05-22,4951.335,9778.171,,9866.961,4122.56,,149.093
2015-05-25,5099.495,10040.09,,10213.51,4282.673,,149.071
2015-05-26,5198.918,10373.58,,10414.14,4377.083,,149.019
2015-05-27,5181.434,10497.34,,10488.69,4479.404,,149.05
2015-05-28,4834.007,9868.424,,9802.851,4183.352,,148.984
2015-05-29,4840.829,9966.845,,9781.872,4171.038,,148.911
2015-06-01,5076.179,10488.31,,10264.82,4440.452,,149.089
2015-06-02,5161.87,10886.4,,10543.06,4578.215,,149.092
2015-06-03,5143.59,10979.99,,10437.5,4530.836,,149.116
2015-06-04,5181.416,10965.41,,10307.0,4572.046,,149.073
2015-06-05,5230.552,11144.52,,10468.65,4709.53,,149.147
2015-06-08,5353.751,11030.92,,10612.58,4786.473,,149.224
2015-06-09,5317.461,11013.74,,10565.77,4859.309,,149.225
2015-06-10,5309.112,11208.06,,10763.25,4794.729,,149.241
2015-06-11,5306.59,11366.29,,10889.1,4792.641,,149.232
2015-06-12,5335.115,11545.89,,11092.91,4904.266,,149.243
2015-06-15,5221.167,11332.89,,10906.52,4855.907,,149.347
2015-06-16,5064.821,10879.84,,10605.32,4655.405,,149.381
2015-06-17,5138.831,11100.55,,10727.99,4865.779,,149.387
2015-06-18,4930.549,10731.38,,10303.89,4718.642,,149.376
2015-06-19,4637.052,9987.407,,9557.682,4399.93,,149.372
2015-06-23,4786.091,10046.88,,9917.39,4465.866,,149.474
2015-06-24,4880.126,10267.63,,10224.17,4683.065,,149.454
2015-06-25,4706.516,9906.104,,9906.573,4566.586,,149.568
2015-06-26,4336.195,9078.065,,9117.313,4210.311,,149.595
2015-06-29,4191.549,8484.643,,8822.245,4045.283,,149.631
2015-06-30,4472.998,8906.02,,9308.432,4183.017,,149.64
2015-07-01,4253.021,8411.91,,8901.652,3920.065,,149.568
2015-07-02,4107.996,7835.104,,8420.327,3635.306,,149.625
2015-07-03,3885.917,7355.491,,7946.175,3366.037,,149.634
2015-07-06,3998.537,7235.999,,8085.838,3322.896,,149.721
2015-07-07,3928.003,6763.526,,7652.373,3173.67,,149.774
2015-07-08,3663.038,6602.374,,7214.346,2982.568,,149.777
2015-07-09,3897.626,6896.352,,7734.8,3161.092,,149.458
2015-07-10,4106.556,7244.784,,8292.046,3360.712,,149.505
2015-07-13,4211.812,7695.635,,8673.263,3576.419,,149.62
2015-07-14,4112.149,7859.057,,8523.463,3554.497,,149.642
2015-07-15,3966.759,7405.295,,8118.215,3323.808,,149.685
2015-07-16,3997.356,7578.759,,8293.838,3387.563,,149.697
2015-07-17,4151.496,7994.697,,8672.674,3554.939,,149.693
2015-07-20,4160.612,8116.496,,8696.053,3601.254,,150.013
2015-07-21,4166.006,8220.463,,8776.436,3627.101,,150.085
2015-07-22,4157.16,8320.236,,8853.866,3686.813,,150.143
2015-07-23,4250.805,8551.991,,9040.072,3765.019,,150.193
2015-07-24,4176.279,8425.074,,8860.154,3713.714,,150.209
2015-07-27,3818.731,7794.181,,8132.589,3420.195,,150.173
2015-07-28,3811.093,7649.82,,8218.091,3391.733,,150.265
2015-07-29,3930.379,8022.796,,8515.339,3573.875,,150.316
2015-07-30,3815.412,7800.58,,8284.141,3476.636,,150.379
2015-07-31,3816.699,7727.061,,8280.964,3456.915,,150.295
2015-08-03,3829.235,7540.205,,8275.555,3433.356,,150.339
2015-08-04,3948.155,7942.095,,8572.898,3583.326,,150.265
2015-08-05,3866.9,7839.338,,8426.209,3522.137,,150.342
2015-08-06,3831.852,7792.028,,8323.133,3495.519,,150.442
2015-08-07,3906.945,8013.319,,8476.233,3588.215,,150.522
2015-08-10,4084.365,8394.086,,8831.053,3771.047,,150.559
2015-08-11,4066.669,8435.327,,8829.506,3775.974,,150.537
2015-08-12,4016.126,8336.337,,8781.448,3750.157,,150.526
2015-08-13,4075.463,8534.429,,8875.126,3892.865,,150.564
2015-08-14,4073.54,8625.242,,8941.67,3927.155,,150.552
2015-08-17,4077.872,8820.457,,9077.005,4034.302,,150.589
2015-08-18,3825.412,8161.269,,8492.127,3718.09,,150.597
2015-08-19,3886.136,8340.983,,8640.293,3798.505,,150.612
2015-08-20,3761.454,8049.512,,8370.956,3659.243,,150.664
2015-08-21,3589.536,7612.902,,8010.907,3499.413,,150.717
2015-08-24,3275.534,7006.189,,7344.012,3236.495,,150.738
2015-08-25,3042.927,6481.412,,6962.111,3009.124,,150.7
2015-08-26,3025.692,6238.526,,7001.803,2917.804,,150.749
2015-08-27,3205.638,6456.055,,7351.788,3033.536,,150.774
2015-08-28,3342.286,6842.894,,7615.17,3202.208,,150.78
2015-08-31,3366.536,6581.313,,7480.157,3178.142,,150.911
2015-09-01,3362.083,6169.207,,7309.299,3111.214,,150.948
2015-09-02,3365.832,6122.553,,7286.161,3105.478,,151.032
2015-09-07,3250.485,6143.557,,7101.366,3052.742,,151.134
2015-09-08,3334.023,6374.855,,7237.633,3148.14,,151.117
2015-09-09,3399.305,6551.007,,7354.921,3224.027,,151.184
2015-09-10,3357.561,6440.309,,7249.813,3154.922,,151.22
2015-09-11,3347.188,6493.319,,7213.123,3154.488,,151.326
2015-09-14,3281.132,6049.79,,7023.787,2995.073,,151.374
2015-09-15,3152.232,5708.03,,6768.203,2859.038,,151.338
2015-09-16,3309.248,6084.837,,7144.76,3033.624,,151.324
2015-09-17,3236.999,5965.409,,6928.143,2960.332,,151.381
2015-09-18,3251.273,6036.881,,6974.721,2958.396,,151.407
2015-09-21,3308.247,6250.439,,7126.49,3003.335,,151.458
2015-09-22,3339.03,6295.926,,7174.777,2984.618,,151.469
2015-09-23,3263.028,6224.601,,7056.576,2912.282,,151.472
2015-09-24,3284.999,6315.11,,7094.653,2943.836,,151.487
2015-09-25,3231.951,6108.376,,6966.873,2873.163,,151.505
2015-09-28,3242.752,6219.692,,7003.614,2889.598,,151.547
2015-09-29,3178.854,6103.606,,6924.865,2830.081,,151.599
2015-09-30,3202.948,6123.727,,6934.352,2837.07,,151.623
2015-10-08,3296.482,6372.492,,7180.623,2936.556,,151.734
2015-10-09,3340.116,6470.051,,7222.958,2969.0,,151.801
2015-10-12,3447.693,6718.722,,7422.323,3079.967,,151.993
2015-10-13,3445.043,6802.077,,7469.617,3092.261,,152.104
2015-10-14,3406.112,6724.496,,7380.415,3041.178,,152.175
2015-10-15,3486.815,6929.237,,7568.15,3127.119,,152.261
2015-10-16,3534.065,7047.56,,7671.995,3181.148,,152.297
2015-10-19,3534.182,7047.372,,7642.906,3176.794,,152.394
2015-10-20,3577.703,7162.075,,7689.648,3212.282,,152.471
2015-10-21,3473.254,6712.739,,7363.126,3035.816,,152.519
2015-10-22,3524.534,6964.298,,7571.974,3117.067,,152.54
2015-10-23,3571.241,7138.234,,7724.493,3177.951,,152.578
2015-10-26,3589.261,7186.755,,7771.12,3191.019,,152.655
2015-10-27,3592.879,7231.436,,7741.101,3183.262,,152.752
2015-10-28,3524.92,7048.895,,7607.194,3145.721,,152.778
2015-10-29,3533.307,7108.975,,7685.739,3169.043,,152.764
2015-10-30,3534.079,7084.971,,7694.288,3138.718,,152.787
2015-11-02,3475.962,6936.432,,7587.11,3083.703,,152.843
2015-11-03,3465.493,6920.103,,7573.495,3066.101,,152.845
2015-11-04,3628.538,7267.988,,7871.708,3191.356,,152.839
2015-11-05,3705.97,7276.451,,7895.85,3235.858,,152.764
2015-11-06,3793.374,7446.847,,7983.268,3280.021,,152.777
2015-11-09,3840.355,7543.801,,8089.362,3320.721,,152.717
2015-11-10,3833.238,7575.008,,8047.627,3303.949,,152.725
2015-11-11,3833.646,7684.666,,8069.444,3329.286,,152.744
2015-11-12,3795.324,7682.452,,8035.789,3309.099,,152.753
2015-11-13,3746.242,7567.108,,7863.181,3309.658,,152.762
2015-11-16,3764.126,7718.855,,7908.827,3292.52,,152.783
2015-11-17,3758.387,7650.381,,7912.826,3313.83,,152.816
2015-11-18,3715.58,7526.942,,7876.174,3250.556,,152.852
2015-11-19,3774.969,7718.622,,7953.21,3281.807,,152.905
2015-11-20,3774.383,7806.266,,7943.415,3289.769,,152.946
2015-11-23,3753.335,7744.182,,7907.791,3277.55,,152.987
2015-11-24,3753.889,7798.498,,7912.284,3279.216,,153.002
2015-11-25,3781.607,7922.384,,8019.696,3302.573,,152.997
2015-11-26,3759.429,7874.08,,8001.184,3274.157,,153.127
2015-11-27,3556.992,7376.124,,7638.367,3097.362,,153.011
2015-11-30,3566.412,7408.399,,7643.118,3159.819,,153.091
2015-12-01,3591.696,7443.945,,7707.402,3156.497,,153.131
2015-12-02,3721.955,7405.86,,7861.432,3209.391,,153.179
2015-12-03,3749.299,7570.508,,7901.343,3234.234,,153.211
2015-12-04,3677.592,7511.675,,7855.665,3186.475,,153.275
2015-12-07,3687.607,7602.228,,7897.023,3197.238,,153.269
2015-12-08,3623.02,7404.142,,7697.529,3115.981,,153.342
2015-12-09,3635.938,7374.274,,7712.428,3099.964,,153.395
2015-12-10,3623.084,7350.21,,7682.683,3079.477,,153.426
2015-12-11,3608.059,7290.702,,7611.875,3056.33,,153.51
2015-12-14,3711.322,7441.03,,7733.165,3133.89,,153.497
2015-12-15,3694.389,7498.181,,7762.195,3128.834,,153.658
2015-12-16,3685.44,7529.403,,7730.929,3120.008,,153.613
2015-12-17,3755.888,7716.246,,7877.338,3180.839,,153.667
2015-12-18,3767.913,7699.37,,7993.657,3173.814,,153.805
2015-12-21,3865.965,7788.564,,8357.66,3231.62,,154.05
2015-12-22,3876.733,7856.608,,8399.476,3231.094,,154.161
2015-12-23,3866.381,7773.283,,8325.467,3216.829,,154.237
2015-12-24,3829.402,7753.037,,8263.016,3179.844,,154.311
2015-12-25,3838.201,7792.124,,8255.751,3188.284,,154.362
2015-12-28,3727.632,7603.361,,8050.019,3124.408,,154.531
2015-12-29,3761.875,7674.388,,8138.633,3139.652,,154.614
2015-12-30,3765.175,7741.047,,8157.283,3147.298,,154.632
2015-12-31,3731.005,7617.689,,8107.432,3123.444,,154.544
2016-01-04,3469.066,6983.404,,7543.75,2889.722,,154.663
2016-01-05,3478.78,6889.741,,7631.943,2878.641,,154.701
2016-01-06,3539.808,7065.607,,7745.809,2955.618,,154.729
2016-01-07,3294.384,6462.243,,7218.143,2738.394,,154.712
2016-01-08,3361.563,6570.432,,7376.201,2797.723,,154.736
2016-01-11,3192.45,6128.656,,7006.797,2643.52,,154.885
2016-01-12,3215.71,6136.663,,7002.232,2648.522,,155.01
2016-01-13,3155.879,5924.044,,6871.551,2586.043,,155.12
2016-01-14,3221.571,6124.82,,7019.356,2637.632,,155.175
2016-01-15,3118.73,5893.682,,6808.696,2535.85,,155.205
2016-01-18,3130.729,5978.908,,6838.431,2539.731,,155.204
2016-01-19,3223.125,6197.095,,7064.309,2614.735,,155.193
2016-01-20,3174.378,6138.503,,6921.118,2617.574,,155.13
2016-01-21,3081.345,5886.884,,6757.495,2522.695,,155.227
2016-01-22,3113.463,5980.611,,6809.668,2543.672,,155.291
2016-01-25,3128.886,6041.326,,6880.415,2558.375,,155.254
2016-01-26,2940.509,5589.307,,6525.835,2377.507,,155.245
2016-01-27,2930.352,5514.189,,6506.737,2328.929,,155.191
2016-01-28,2853.756,5271.233,,6360.175,2249.999,,155.222
2016-01-29,2946.09,5469.125,,6554.87,2314.323,,155.201
2016-02-01,2901.048,5399.477,,6514.677,2282.796,,155.302
2016-02-02,2961.334,5586.627,,6654.381,2330.377,,155.265
2016-02-03,2948.639,5610.173,,6636.712,2330.099,,155.263
2016-02-04,2984.76,5721.485,,6708.192,2365.665,,155.314
2016-02-05,2963.789,5664.197,,6668.965,2348.388,,155.329
2016-02-15,2946.707,5668.04,,6613.491,2324.341,,155.536
2016-02-16,3037.035,5902.534,,6819.436,2407.532,,155.537
2016-02-17,3063.32,5971.412,,6859.616,2430.471,,155.537
2016-02-18,3053.699,5957.131,,6823.795,2429.916,,155.524
2016-02-19,3051.585,5979.516,,6844.607,2428.297,,155.59
2016-02-22,3118.868,6103.723,,6970.682,2473.403,,155.652
2016-02-23,3089.363,6070.5,,6970.112,2464.267,,155.679
2016-02-24,3109.545,6111.043,,7019.395,2510.874,,155.746
2016-02-25,2918.75,5626.052,,6583.57,2351.747,,155.704
2016-02-26,2948.031,5648.938,,6677.865,2380.606,,155.761
2016-02-29,2877.467,5350.434,,6510.082,2277.126,,155.721
2016-03-01,2930.694,5473.635,,6625.152,2315.232,,155.699
2016-03-02,3051.333,5753.148,,6848.473,2410.903,,155.771
2016-03-03,3058.422,5776.977,,6909.72,2414.465,,155.76
2016-03-04,3093.89,5621.561,,6993.779,2397.083,,155.774
2016-03-07,3104.84,5752.548,,7032.203,2421.621,,155.802
2016-03-08,3107.673,5764.325,,6977.549,2414.164,,155.822
2016-03-09,3071.907,5617.038,,6867.95,2374.646,,155.879
2016-03-10,3013.146,5521.948,,6874.455,2340.706,,155.899
2016-03-11,3018.284,5508.982,,6845.65,2346.442,,155.953
2016-03-14,3065.69,5690.59,,6923.817,2397.97,,156.047
2016-03-15,3074.78,5639.801,,6975.267,2417.837,,156.046
2016-03-16,3090.033,5562.804,,6910.611,2413.19,,156.091
2016-03-17,3124.204,5745.975,,7000.915,2444.415,,156.192
2016-03-18,3171.963,5949.263,,7106.744,2485.928,,156.202
2016-03-21,3249.437,6099.481,,7239.325,2531.978,,156.224
2016-03-22,3225.79,6075.492,,7250.101,2524.924,,156.292
2016-03-23,3236.092,6118.966,,7267.384,2525.831,,156.395
2016-03-24,3181.851,6018.424,,7243.999,2488.789,,156.43
2016-03-25,3197.817,6077.431,,7312.033,2509.189,,156.48
2016-03-28,3169.728,6037.778,,7382.186,2502.609,,156.56
2016-03-29,3135.41,5921.867,,7261.574,2476.689,,156.59
2016-03-30,3216.275,6137.503,,7418.155,2539.878,,156.591
2016-03-31,3218.088,6155.814,,7425.416,2540.394,,156.625
2016-04-01,3221.895,6124.528,,7365.145,2541.31,,156.648
2016-04-05,3264.486,6286.583,,7466.847,2579.568,,156.716
2016-04-06,3257.528,6323.434,,7532.01,2575.924,,156.724
2016-04-07,3209.29,6228.974,,7395.706,2542.164,,156.714
2016-04-08,3185.726,6168.742,,7307.106,2521.727,,156.721
2016-04-11,3230.096,6304.3,,7382.615,2557.619,,156.749
2016-04-12,3218.45,6252.773,,7331.367,2541.255,,156.787
2016-04-13,3261.383,6344.226,,7380.087,2576.704,,156.744
2016-04-14,3275.832,6401.855,,7439.258,2588.362,,156.747
2016-04-15,3272.205,6384.35,,7428.356,2573.933,,156.756
2016-04-18,3228.453,6281.202,,7339.287,2542.634,,156.804
2016-04-19,3238.303,6308.229,,7345.243,2553.03,,156.808
2016-04-20,3181.026,6022.213,,7140.073,2478.186,,156.796
2016-04-21,3160.603,5970.682,,7125.236,2449.106,,156.717
2016-04-22,3174.901,6011.32,,7206.573,2460.659,,156.7
2016-04-25,3162.033,5978.077,,7193.453,2460.216,,156.584
2016-04-26,3179.161,6046.773,,7249.807,2470.55,,156.595
2016-04-27,3165.916,6016.699,,7263.543,2463.252,,156.616
2016-04-28,3160.581,5990.329,,7239.929,2455.111,,156.671
2016-04-29,3156.745,5985.594,,7340.456,2449.674,,156.684
2016-05-03,3213.54,6167.454,,7634.655,2494.628,,156.745
2016-05-04,3209.461,6169.783,,7598.135,2487.717,,156.781
2016-05-05,3213.92,6203.817,,7632.409,2489.577,,156.774
2016-05-06,3130.354,5961.489,,7373.376,2426.532,,156.823
2016-05-09,3065.615,5743.647,,7295.469,2358.986,,156.878
2016-05-10,3069.112,5738.896,,7393.983,2363.504,,156.907
2016-05-11,3082.809,5723.41,,7579.839,2366.011,,156.938
2016-05-12,3090.137,5726.456,,7536.643,2397.705,,157.045
2016-05-13,3074.935,5714.311,,7474.79,2379.714,,157.139
2016-05-16,3095.309,5812.542,,7596.845,2391.811,,157.156
2016-05-17,3086.025,5790.342,,7507.749,2377.246,,157.167
2016-05-18,3068.036,5631.193,,7372.118,2342.301,,157.163
2016-05-19,3062.5,5666.733,,7350.906,2340.36,,157.164
2016-05-20,3078.218,5732.902,,7409.026,2355.368,,157.176
2016-05-23,3087.223,5809.476,,7478.132,2364.871,,157.162
2016-05-24,3063.556,5743.178,,7392.882,2349.81,,157.177
2016-05-25,3059.226,5715.183,,7325.496,2343.929,,157.159
2016-05-26,3064.211,5744.388,,7305.646,2342.142,,157.176
2016-05-27,3062.499,5739.59,,7297.352,2341.186,,157.148
2016-05-30,3066.71,5711.315,,7277.346,2336.766,,157.233
2016-05-31,3169.56,5947.322,,7515.095,2405.155,,157.183
2016-06-01,3160.547,5973.78,,7530.686,2402.157,,157.202
2016-06-02,3167.1,6013.894,,7571.535,2408.179,,157.209
2016-06-03,3189.326,6032.603,,7767.7,2422.765,,157.205
2016-06-06,3178.788,6051.86,,7720.456,2418.815,,157.216
2016-06-07,3177.054,6045.357,,7750.881,2409.537,,157.226
2016-06-08,3163.986,6023.878,,7657.936,2412.883,,157.227
2016-06-13,3066.341,5746.444,,7451.976,2342.122,,157.266
2016-06-14,3075.983,5762.761,,7553.56,2342.122,,157.262
2016-06-15,3116.368,5952.846,,7700.067,2342.122,,157.306
2016-06-16,3094.675,5930.545,,7650.825,2342.122,,157.326
2016-06-17,3110.357,5964.272,,7755.229,2342.122,,157.363
2016-06-20,3112.674,5985.569,,7725.568,2342.122,,157.518
2016-06-21,3106.318,5916.803,,7642.833,2342.122,,157.52
2016-06-22,3133.961,6008.886,,7707.878,2342.122,,157.533
2016-06-23,3117.317,5978.174,,7646.231,2342.122,,157.556
2016-06-24,3077.155,5903.62,,7536.388,2342.122,,157.534
2016-06-27,3120.544,6044.219,,7729.547,2342.122,,157.66
2016-06-28,3136.401,6107.511,,7751.699,2342.122,,157.591
2016-06-29,3151.39,6120.202,,7744.095,2342.122,,157.65
2016-06-30,3153.921,6123.494,,7788.825,2342.122,,157.67
2016-07-01,3154.2,6111.539,,7773.53,2342.122,,157.767
2016-07-04,3204.696,6231.881,,7875.767,2342.122,,157.811
2016-07-05,3207.383,6269.505,,7912.135,2342.122,,157.794
2016-07-06,3216.804,6297.397,,8166.941,2342.122,,157.841
2016-07-07,3209.954,6319.793,,8188.319,2342.122,,157.947
2016-07-08,3192.28,6299.853,,8140.275,2342.122,,157.955
2016-07-11,3203.33,6312.499,,8269.816,2342.122,,158.003
2016-07-12,3273.182,6395.145,,8475.902,2342.122,,158.026
2016-07-13,3282.868,6446.563,,8402.812,2342.122,,158.013
2016-07-14,3276.764,6455.583,,8390.811,2342.122,,158.022
2016-07-15,3276.278,6441.016,,8394.594,2342.122,,158.029
2016-07-18,3262.022,6412.073,,8349.043,2342.122,,158.075
2016-07-19,3248.234,6431.938,,8223.451,2342.122,,158.112
2016-07-20,3237.605,6417.922,,8227.562,2342.122,,158.182
2016-07-21,3252.523,6442.709,,8277.133,2342.122,,158.283
2016-07-22,3225.162,6390.925,,8130.873,2342.122,,158.295
2016-07-25,3230.885,6408.783,,8156.105,2342.122,,158.331
2016-07-26,3269.588,6494.474,,8331.058,2342.122,,158.338
2016-07-27,3218.243,6229.289,,8143.008,2342.122,,158.35
2016-07-28,3221.137,6243.288,,8252.612,2342.122,,158.388
2016-07-29,3203.93,6202.892,,8237.729,2342.122,,158.444
2016-08-01,3176.809,6109.278,,8085.675,2342.122,,158.51
2016-08-02,3189.053,6168.509,,8091.226,2342.122,,158.545
2016-08-03,3193.507,6198.389,,8124.03,2342.122,,158.573
2016-08-04,3201.289,6238.231,,8115.278,2342.122,,158.617
2016-08-05,3205.11,6203.287,,8106.994,2342.122,,158.591
2016-08-08,3234.183,6290.756,,8165.528,2342.122,,158.701
2016-08-09,3256.981,6341.55,,8257.113,2342.122,,158.835
2016-08-10,3243.341,6318.268,,8183.469,2342.122,,158.925
2016-08-11,3233.36,6226.313,,8152.92,2342.122,,158.972
2016-08-12,3294.234,6299.092,,8202.99,2342.122,,159.065
2016-08-15,3393.424,6442.527,,8342.18,2342.122,,159.156
2016-08-16,3378.245,6468.895,,8309.575,2342.122,,159.199
2016-08-17,3373.048,6488.365,,8314.401,2342.122,,159.192
2016-08-18,3364.485,6490.408,,8252.723,2342.122,,159.213
2016-08-19,3365.02,6499.555,,8231.508,2342.122,,159.208
2016-08-22,3336.795,6420.354,,8229.279,2342.122,,159.175
2016-08-23,3341.83,6428.698,,8233.476,2342.122,,159.202
2016-08-24,3329.863,6435.059,,8203.546,2342.122,,159.152
2016-08-25,3308.972,6382.57,,8153.971,2342.122,,159.184
2016-08-26,3307.09,6410.734,,8149.895,2342.122,,159.213
2016-08-29,3307.781,6427.529,,8115.407,2342.122,,159.23
2016-08-30,3311.987,6425.754,,8112.16,2342.122,,159.195
2016-08-31,3327.794,6434.21,,8140.45,2342.122,,159.219
2016-09-01,3301.577,6381.476,,8076.971,2342.122,,159.22
2016-09-02,3314.114,6356.954,,8041.31,2342.122,,159.236
2016-09-05,3319.68,6391.792,,8062.367,2342.122,,159.263
2016-09-06,3342.626,6492.972,,8141.532,2342.122,,159.256
2016-09-07,3340.817,6494.316,,8093.724,2342.122,,159.232
2016-09-08,3339.564,6517.984,,8085.446,2342.122,,159.276
2016-09-09,3318.044,6471.053,,8028.043,2342.122,,159.332
2016-09-12,3262.604,6291.636,,7827.664,2342.122,,159.359
2016-09-13,3260.333,6320.032,,7844.347,2342.122,,159.395
2016-09-14,3238.73,6278.158,,7828.353,2342.122,,159.428
2016-09-19,3263.124,6344.181,,7889.825,2342.122,,159.394
2016-09-20,3257.403,6342.033,,7885.624,2342.122,,159.449
2016-09-21,3266.636,6343.754,,7877.596,2342.122,,159.5
2016-09-22,3291.121,6385.635,,7939.749,2342.122,,159.528
2016-09-23,3275.667,6370.583,,7928.937,2342.122,,159.565
2016-09-26,3220.284,6241.516,,7752.463,2342.122,,159.614
2016-09-27,3240.755,6286.909,,7795.889,2342.122,,159.623
2016-09-28,3230.89,6281.284,,7774.084,2342.122,,159.613
2016-09-29,3244.387,6298.791,,7807.522,2342.122,,159.676
2016-09-30,3253.285,6328.086,,7875.295,2342.122,,159.728
2016-10-10,3293.869,6447.693,,8002.398,2342.122,,159.93
2016-10-11,3306.557,6486.425,,8029.402,2342.122,,159.966
2016-10-12,3300.01,6482.738,,8013.008,2342.122,,159.97
2016-10-13,3302.646,6484.831,,7995.645,2342.122,,159.989
2016-10-14,3305.848,6469.492,,8011.193,2342.122,,160.03
2016-10-17,3277.879,6413.149,,7964.51,2342.122,,160.085
2016-10-18,3321.332,6509.282,,8073.569,2342.122,,160.131
2016-10-19,3316.241,6495.257,,8063.56,2342.122,,160.382
2016-10-20,3318.604,6498.238,,8041.78,2342.122,,160.565
2016-10-21,3327.74,6475.281,,8010.918,2342.122,,160.666
2016-10-24,3367.578,6539.466,,8113.092,2342.122,,160.661
2016-10-25,3367.455,6563.354,,8185.081,2342.122,,160.67
2016-10-26,3354.8,6530.39,,8281.733,2342.122,,160.653
2016-10-27,3345.695,6517.359,,8244.479,2342.122,,160.671
2016-10-28,3340.126,6455.835,,8211.307,2342.122,,160.714
2016-10-31,3336.278,6452.206,,8220.744,2342.122,,160.722
2016-11-01,3359.052,6507.95,,8280.863,2342.122,,160.715
2016-11-02,3333.352,6455.13,,8215.904,2342.122,,160.72
2016-11-03,3365.085,6483.732,,8234.625,2342.122,,160.787
2016-11-04,3354.175,6462.593,,8202.913,2342.122,,160.818
2016-11-07,3356.592,6468.817,,8193.947,2342.122,,160.772
2016-11-08,3371.118,6503.178,,8255.186,2342.122,,160.787
2016-11-09,3353.055,6453.572,,8187.187,2342.122,,160.821
2016-11-10,3390.612,6536.965,,8269.03,2342.122,,160.792
2016-11-11,3417.221,6583.886,,8260.718,2342.122,,160.766
2016-11-14,3430.248,6615.007,,8216.082,2342.122,,160.779
2016-11-15,3429.87,6640.462,,8283.287,2342.122,,160.709
2016-11-16,3429.592,6644.188,,8255.478,2342.122,,160.751
2016-11-17,3436.535,6636.469,,8246.696,2342.122,,160.63
2016-11-18,3417.455,6602.327,,8210.38,2342.122,,160.635
2016-11-21,3441.111,6611.54,,8187.957,2342.122,,160.678
2016-11-22,3468.364,6661.246,,8198.612,2342.122,,160.667
2016-11-23,3474.729,6631.173,,8231.15,2342.122,,160.727
2016-11-24,3488.74,6623.049,,8318.186,2342.122,,160.725
2016-11-25,3521.298,6652.818,,8330.717,2342.122,,160.65
2016-11-28,3535.081,6670.804,,8325.469,2342.122,,160.639
2016-11-29,3564.04,6620.795,,8474.329,2342.122,,160.562
2016-11-30,3538.001,6585.578,,8377.127,2342.122,,160.362
2016-12-01,3565.036,6624.466,,8416.659,2342.122,,160.359
2016-12-02,3528.955,6520.975,,8303.404,2342.122,,160.395
2016-12-05,3469.407,6486.017,,8202.634,2342.122,,160.412
2016-12-06,3459.153,6490.89,,8259.277,2342.122,,160.295
2016-12-07,3475.747,6558.025,,8352.537,2342.122,,160.278
2016-12-08,3470.143,6527.434,,8371.717,2342.122,,160.319
2016-12-09,3493.7,6513.916,,8366.054,2342.122,,160.256
2016-12-12,3409.179,6249.078,,8136.106,2342.122,,160.104
2016-12-13,3405.036,6278.179,,8269.733,2342.122,,160.011
2016-12-14,3378.945,6239.499,,8199.828,2342.122,,159.945
2016-12-15,3340.434,6280.398,,8165.008,2342.122,,159.62
2016-12-16,3346.031,6318.524,,8192.239,2342.122,,159.586
2016-12-19,3328.983,6320.732,,8233.79,2342.122,262.76,159.574
2016-12-20,3309.064,6300.638,,8161.341,2342.122,262.06,159.49
2016-12-21,3338.536,6347.606,,8207.35,2342.122,260.97,159.533
2016-12-22,3335.672,6341.788,,8180.694,2342.122,260.0,159.716
2016-12-23,3307.599,6281.997,,8075.83,2342.122,260.07,159.784
2016-12-26,3322.401,6294.755,,8117.788,2342.122,261.4,159.852
2016-12-27,3316.385,6288.859,,8108.005,2342.122,261.67,159.741
2016-12-28,3301.889,6270.24,,8058.646,2342.122,261.91,159.511
2016-12-29,3297.765,6252.608,,8074.357,2342.122,262.99,159.672
2016-12-30,3310.081,6263.626,,8159.205,2342.122,263.9,159.785
2017-01-03,3342.227,6320.763,,8208.539,2342.122,263.65,159.712
2017-01-04,3368.312,6394.669,,8369.517,2342.122,264.87,159.727
2017-01-05,3367.789,6399.284,,8350.883,2342.122,264.73,159.674
2017-01-06,3347.667,6371.617,,8332.185,2342.122,265.29,159.661
2017-01-09,3363.901,6415.418,,8334.412,2342.122,265.89,159.731
2017-01-10,3358.272,6393.928,,8336.021,2342.122,268.11,159.717
2017-01-11,3334.495,6331.964,,8241.66,2342.122,269.09,159.657
2017-01-12,3317.624,6272.851,,8178.507,2342.122,269.33,159.699
2017-01-13,3319.912,6194.658,,8115.735,2342.122,268.79,159.671
2017-01-16,3319.446,6031.241,,8064.439,2342.122,270.5,159.718
2017-01-17,3326.356,6082.066,,8151.578,2342.122,272.18,159.619
2017-01-18,3339.365,6068.593,,8233.168,2342.122,271.03,159.634
2017-01-19,3329.289,6043.675,,8203.728,2342.122,268.03,159.63
2017-01-20,3354.889,6121.998,,8261.786,2342.122,269.05,159.681
2017-01-23,3364.081,6172.167,,8286.096,2342.122,270.28,159.665
2017-01-24,3364.451,6165.264,,8292.045,2342.122,269.85,159.761
2017-01-25,3375.904,6179.568,,8290.788,2342.122,268.07,159.66
2017-01-26,3387.961,6223.706,,8277.621,2342.122,266.25,159.706
2017-02-03,3364.492,6207.092,,8246.606,2342.122,269.3,159.803
2017-02-06,3373.205,6259.247,,8282.384,2342.122,271.79,159.755
2017-02-07,3365.685,6255.927,,8266.583,2342.122,274.16,159.659
2017-02-08,3383.288,6291.598,,8303.544,2342.122,274.35,159.681
2017-02-09,3396.292,6331.177,,8358.008,2342.122,276.31,159.725
2017-02-10,3413.487,6337.108,,8389.384,2342.122,272.83,159.721
2017-02-13,3436.275,6369.653,,8533.598,2342.122,274.64,159.761
2017-02-14,3435.804,6374.885,,8525.276,2342.122,274.06,159.756
2017-02-15,3421.713,6311.696,,8461.101,2342.122,273.4,159.712
2017-02-16,3440.933,6359.336,,8483.286,2342.122,274.93,159.711
2017-02-17,3421.442,6307.163,,8497.288,2342.122,275.75,159.733
2017-02-20,3471.393,6385.063,,8721.382,2342.122,275.5,159.874
2017-02-21,3482.823,6434.438,,8760.011,2342.122,275.55,159.88
2017-02-22,3489.757,6474.225,,8862.703,2342.122,275.6,159.943
2017-02-23,3473.324,6473.993,,8779.915,2342.122,276.2,159.932
2017-02-24,3473.852,6476.166,,8773.362,2342.122,279.63,159.928
2017-02-27,3446.223,6424.255,,8649.184,2342.122,280.6,160.023
2017-02-28,3452.81,6450.97,,8643.552,2342.122,281.83,160.022
2017-03-01,3458.438,6467.639,,8679.104,2342.122,278.0,160.013
2017-03-02,3435.096,6434.626,,8652.95,2342.122,278.35,159.994
2017-03-03,3427.863,6452.839,,8651.049,2342.122,276.23,160.007
2017-03-06,3446.484,6517.324,,8697.654,2342.122,276.54,160.026
2017-03-07,3453.957,6523.187,,8818.191,2342.122,275.37,160.047
2017-03-08,3448.731,6497.088,,8784.478,2342.122,273.79,160.066
2017-03-09,3426.944,6439.382,,8731.093,2342.122,272.22,160.032
2017-03-10,3427.892,6447.917,,8743.272,2342.122,270.41,160.027
2017-03-13,3458.098,6507.896,,8842.214,2342.122,272.9,160.072
2017-03-14,3456.693,6493.485,,8797.772,2342.122,271.3,160.09
2017-03-15,3463.644,6486.062,,8817.699,2342.122,271.51,160.076
2017-03-16,3481.507,6543.341,,8808.333,2342.122,275.89,160.083
2017-03-17,3445.805,6483.246,,8782.789,2342.122,275.62,159.993
2017-03-20,3449.613,6498.342,,8862.025,2342.122,277.07,160.027
2017-03-21,3466.347,6515.946,,9057.279,2342.122,275.75,160.034
2017-03-22,3450.05,6499.793,,9082.019,2342.122,278.2,160.009
2017-03-23,3461.978,6512.187,,9062.249,2342.122,278.21,160.037
2017-03-24,3489.6,6546.615,,9083.297,2342.122,277.88,160.091
2017-03-27,3478.039,6516.033,,8976.437,2342.122,280.53,160.163
2017-03-28,3469.809,6498.69,,8949.63,2342.122,280.23,160.098
2017-03-29,3465.193,6480.543,,8969.357,2342.122,279.74,160.164
2017-03-30,3436.758,6375.744,,8909.434,2342.122,279.6,160.167
2017-03-31,3456.046,6401.648,,8943.51,2342.122,277.81,160.18
2017-04-05,3503.893,6539.967,,9035.508,2342.122,280.63,160.266
2017-04-06,3514.047,6559.653,,9025.811,2342.122,280.21,160.307
2017-04-07,3517.463,6578.726,,9000.382,2342.122,282.93,160.374
2017-04-10,3505.139,6566.544,,8906.048,2342.122,281.39,160.461
2017-04-11,3517.328,6629.166,,8883.567,2342.122,281.84,160.437
2017-04-12,3509.439,6576.476,,8936.541,2342.122,284.41,160.437
2017-04-13,3514.566,6615.704,,9019.549,2342.122,286.69,160.497
2017-04-14,3486.505,6528.162,,8923.037,2342.122,286.6,160.515
2017-04-17,3479.942,6456.598,,8952.53,2342.122,286.9,160.506
2017-04-18,3462.743,6418.211,,9046.943,2342.122,286.13,160.527
2017-04-19,3445.876,6350.647,,9003.82,2342.122,285.75,160.508
2017-04-20,3461.548,6347.773,,9194.367,2342.122,285.49,160.49
2017-04-21,3466.787,6300.713,,9107.748,2342.122,285.36,160.522
2017-04-24,3431.259,6138.505,,8967.673,2342.122,283.57,160.554
2017-04-25,3440.974,6160.461,,9159.944,2342.122,283.3,160.599
2017-04-26,3445.183,6176.398,,9142.525,2342.122,282.05,160.581
2017-04-27,3446.72,6192.304,,9159.742,2342.122,282.59,160.606
2017-04-28,3439.753,6211.862,,8973.67,2342.122,283.45,160.614
2017-05-02,3426.577,6216.115,,8925.41,2342.122,280.94,160.657
2017-05-03,3413.128,6197.478,,8938.503,2342.122,280.37,160.661
2017-05-04,3404.386,6176.305,,8922.498,2342.122,276.19,160.64
2017-05-05,3382.55,6089.683,,8879.988,2342.122,275.87,160.639
2017-05-08,3358.813,5975.54,,8735.84,2342.122,275.5,160.636
2017-05-09,3352.532,6012.002,,8720.485,2342.122,275.2,160.636
2017-05-10,3337.701,5885.841,,8653.002,2342.122,273.89,160.494
2017-05-11,3356.646,5872.639,,8694.12,2342.122,274.26,160.411
2017-05-12,3385.379,5863.783,,8707.846,2342.122,275.51,160.328
2017-05-15,3399.194,5893.508,,8808.584,2342.122,276.29,160.091
2017-05-16,3428.649,6014.734,,9003.222,2342.122,276.7,160.299
2017-05-17,3409.966,6027.65,,8922.322,2342.122,277.61,160.21
2017-05-18,3398.113,5976.3,,8926.34,2342.122,279.82,160.216
2017-05-19,3403.849,5974.977,,9026.153,2342.122,279.26,160.182
2017-05-22,3411.239,5888.813,,9037.013,2342.122,280.0,160.105
2017-05-23,3424.194,5764.876,,9131.232,2342.122,281.4,160.139
2017-05-24,3424.167,5799.25,,9054.302,2342.122,278.5,160.084
2017-05-25,3485.658,5850.801,,9106.487,2342.122,279.75,160.069
2017-05-26,3480.435,5836.934,,9107.201,2342.122,280.35,159.907
2017-05-31,3492.885,5824.104,,9083.138,2342.122,279.0,160.154
2017-06-01,3497.738,5709.999,,9084.249,2342.122,278.99,160.151
2017-06-02,3486.507,5772.517,,9042.879,2342.122,278.16,160.187
2017-06-05,3468.754,5815.802,,8999.026,2342.122,281.87,160.23
2017-06-06,3492.882,5841.523,,9111.863,2342.122,283.2,160.147
2017-06-07,3533.872,5955.015,,9303.116,2342.122,283.75,160.22
2017-06-08,3560.979,5958.977,,9455.686,2342.122,282.7,160.189
2017-06-09,3576.17,5969.274,,9508.705,2342.122,279.72,160.212
2017-06-12,3574.389,5902.855,,9611.42,2342.122,278.85,160.285
2017-06-13,3582.267,5980.057,,9617.587,2342.122,278.35,160.309
2017-06-14,3535.299,5966.431,,9530.781,2342.122,279.3,160.353
2017-06-15,3528.793,6021.165,,9421.935,2342.122,277.47,160.332
2017-06-16,3518.761,6013.0,,9367.394,2342.122,276.9,160.411
2017-06-19,3553.665,6057.412,,9465.291,2342.122,276.25,160.487
2017-06-20,3546.494,6066.905,,9408.504,2342.122,276.01,160.485
2017-06-21,3587.955,6078.193,,9632.979,2342.122,275.79,160.502
2017-06-22,3590.343,5992.335,,9574.601,2342.122,277.47,160.492
2017-06-23,3622.883,6010.314,,9639.116,2342.122,277.78,160.47
2017-06-26,3668.092,6111.641,,9822.24,2342.122,277.9,160.382
2017-06-27,3674.715,6113.166,,9859.554,2342.122,276.56,160.385
2017-06-28,3646.167,6086.211,,9724.572,2342.122,275.94,160.438
2017-06-29,3668.828,6116.993,,9784.76,2342.122,275.03,160.418
2017-06-30,3666.798,6138.156,,9827.428,2342.122,273.1,160.411
2017-07-03,3650.846,6177.395,,9721.597,2342.122,271.84,160.471
2017-07-04,3619.984,6146.853,,9572.195,2342.122,270.38,160.373
2017-07-05,3659.68,6193.964,,9670.746,2342.122,270.02,160.365
2017-07-06,3660.097,6201.654,,9617.747,2342.122,270.12,160.418
2017-07-07,3655.929,6226.011,,9502.328,2342.122,269.8,160.446
2017-07-10,3653.687,6206.557,,9580.173,2342.122,265.77,160.418
2017-07-11,3670.809,6128.994,,9656.441,2342.122,267.55,160.381
2017-07-12,3658.824,6132.992,,9561.647,2342.122,268.9,160.393
2017-07-13,3686.921,6149.934,,9540.115,2342.122,269.1,160.393
2017-07-14,3703.094,6128.74,,9572.524,2342.122,267.79,160.409
2017-07-17,3663.558,5876.459,,9345.422,2342.122,270.3,160.429
2017-07-18,3667.181,5938.434,,9383.665,2342.122,270.85,160.421
2017-07-19,3729.747,6059.358,,9508.834,2342.122,271.35,160.431
2017-07-20,3747.884,6099.284,,9623.915,2342.122,271.29,160.421
2017-07-21,3728.598,6126.108,,9690.683,2342.122,273.19,160.404
2017-07-24,3743.469,6167.128,,9814.461,2342.122,273.8,160.464
2017-07-25,3719.559,6153.598,,9770.179,2342.122,273.84,160.427
2017-07-26,3705.388,6146.703,,9620.785,2342.122,272.3,160.407
2017-07-27,3712.195,6184.021,,9651.077,2342.122,274.6,160.328
2017-07-28,3721.891,6215.463,,9833.293,2342.122,274.29,160.344
2017-07-31,3737.873,6298.0,,9888.633,2342.122,275.1,160.363
2017-08-01,3770.383,6286.536,,9912.228,2342.122,275.3,160.253
2017-08-02,3760.853,6251.863,,9866.153,2342.122,274.8,160.473
2017-08-03,3727.826,6261.968,,9799.51,2342.122,273.4,160.355
2017-08-04,3707.58,6225.115,,9699.225,2342.122,275.26,160.295
2017-08-07,3726.795,6303.421,,9929.683,2342.122,273.37,160.344
2017-08-08,3732.213,6303.716,,9987.647,2342.122,273.02,160.293
2017-08-09,3731.044,6340.022,,10235.228,2342.122,274.14,160.305
2017-08-10,3715.921,6289.217,,10228.933,2342.122,275.29,160.257
2017-08-11,3647.35,6161.19,,10008.845,2342.122,276.72,160.333
2017-08-14,3694.683,6292.642,,10199.876,2342.122,276.6,160.342
2017-08-15,3706.057,6314.761,,10219.1,2342.122,274.7,160.541
2017-08-16,3701.421,6318.799,,10170.122,2342.122,274.5,160.577
2017-08-17,3721.277,6366.034,,10128.802,2342.122,277.0,160.572
2017-08-18,3724.675,6347.756,,10134.61,2342.122,278.5,160.583
2017-08-21,3740.994,6403.78,,10159.898,2342.122,277.51,160.56
2017-08-22,3752.298,6375.981,,10095.054,2342.122,276.67,160.572
2017-08-23,3756.088,6322.782,,10124.157,2342.122,277.0,160.557
2017-08-24,3734.646,6278.59,,10029.839,2342.122,277.08,160.544
2017-08-25,3795.754,6346.531,,10100.861,2342.122,276.8,160.517
2017-08-28,3842.712,6424.584,,10158.584,2342.122,278.21,160.571
2017-08-29,3834.538,6408.157,,10155.906,2342.122,281.17,160.573
2017-08-30,3834.301,6453.464,,10212.917,2342.122,278.0,160.695
2017-08-31,3822.093,6470.426,,10219.672,2342.122,277.91,160.712
2017-09-01,3830.538,6526.505,,10247.756,2342.122,279.54,160.756
2017-09-04,3845.616,6564.68,,10190.717,2342.122,282.04,160.772
2017-09-05,3857.046,6571.859,,10239.676,2342.122,281.2,160.722
2017-09-06,3849.45,6607.118,,10178.013,2342.122,282.44,160.534
2017-09-07,3829.871,6558.596,,10073.11,2342.122,281.39,160.591
2017-09-08,3825.99,6574.183,,10012.589,2342.122,281.75,160.574
2017-09-11,3825.645,6649.628,,10045.209,2342.122,281.49,160.597
2017-09-12,3837.934,6644.012,,10116.352,2342.122,279.85,160.578
2017-09-13,3842.606,6684.38,,10264.721,2342.122,280.67,160.578
2017-09-14,3829.955,6672.185,,10264.025,2342.122,279.8,160.587
2017-09-15,3831.297,6622.044,,10328.814,2342.122,280.2,160.602
2017-09-18,3843.143,6669.455,,10496.858,2342.122,278.93,160.623
2017-09-19,3832.116,6636.02,,10474.659,2342.122,278.65,160.625
2017-09-20,3842.435,6692.472,,10571.435,2342.122,278.89,160.629
2017-09-21,3837.818,6612.046,,10553.402,2342.122,276.45,160.617
2017-09-22,3837.73,6572.01,,10563.129,2342.122,277.3,160.581
2017-09-25,3817.792,6489.844,,10673.415,2342.122,276.55,160.62
2017-09-26,3820.782,6520.718,,10660.353,2342.122,280.1,160.623
2017-09-27,3821.2,6583.14,,10636.513,2342.122,277.65,160.629
2017-09-28,3822.539,6567.792,,10812.444,2342.122,276.67,160.661
2017-09-29,3836.501,6603.259,,10899.436,2342.122,277.45,160.694
2017-10-09,3882.208,6678.371,,11028.569,2342.122,276.3,160.793
2017-10-10,3889.864,6705.481,,11146.485,2342.122,276.21,160.789
2017-10-11,3902.687,6666.47,,11386.766,2342.122,275.1,160.806
2017-10-12,3912.954,6659.096,,11350.366,2342.122,276.25,160.846
2017-10-13,3921.002,6709.816,,11369.611,2342.122,276.5,160.873
2017-10-16,3913.446,6619.206,,11283.208,2342.122,278.05,160.954
2017-10-17,3913.069,6612.943,,11299.555,2342.122,276.62,160.972
2017-10-18,3944.163,6563.437,,11501.088,2342.122,275.7,160.898
2017-10-19,3931.25,6501.4,,11709.368,2342.122,274.9,160.916
2017-10-20,3926.852,6571.424,,11590.744,2342.122,274.82,160.905
2017-10-23,3930.798,6612.764,,11657.581,2342.122,274.08,160.937
2017-10-24,3959.395,6603.004,,11689.285,2342.122,275.01,161.026
2017-10-25,3976.949,6647.892,,11687.827,2342.122,273.89,161.046
2017-10-26,3993.575,6671.929,,11880.476,2342.122,274.5,160.921
2017-10-27,4021.968,6630.807,,12158.2,2342.122,272.93,160.867
2017-10-30,4009.722,6511.762,,11985.891,2342.122,272.92,160.796
2017-10-31,4006.718,6560.205,,11912.713,2342.122,273.94,160.813
2017-11-01,3996.622,6552.955,,11863.291,2342.122,273.45,160.839
2017-11-02,3997.134,6484.926,,11926.724,2342.122,273.34,160.828
2017-11-03,3992.698,6426.98,,12014.038,2342.122,273.6,160.848
2017-11-06,4020.89,6511.096,,12350.821,2342.122,273.0,160.896
2017-11-07,4054.247,6551.936,,12312.563,2342.122,274.34,160.855
2017-11-08,4048.006,6561.69,,12220.211,2342.122,274.57,160.832
2017-11-09,4075.9,6611.352,,12269.088,2342.122,275.37,160.843
2017-11-10,4111.911,6641.216,,12612.754,2342.122,275.94,160.885
2017-11-13,4128.073,6671.205,,12575.648,2342.122,274.99,160.819
2017-11-14,4099.351,6614.514,,12300.231,2342.122,274.49,160.739
2017-11-15,4073.67,6537.656,,12416.317,2342.122,275.05,160.647
2017-11-16,4105.012,6558.309,,12764.368,2342.122,274.0,160.674
2017-11-17,4120.851,6361.942,,12565.271,2342.122,274.85,160.668
2017-11-20,4143.833,6433.17,,12501.709,2342.122,276.3,160.697
2017-11-21,4217.702,6456.352,,12754.779,2342.122,274.89,160.685
2017-11-22,4227.567,6439.442,,12478.397,2342.122,274.74,160.674
2017-11-23,4102.397,6274.512,,11980.977,2342.122,275.2,160.664
2017-11-24,4104.203,6278.029,,11953.925,2342.122,275.25,160.715
2017-11-27,4049.948,6194.552,,11772.214,2342.122,275.34,160.76
2017-11-28,4055.824,6299.312,,11920.182,2342.122,275.7,160.783
2017-11-29,4053.753,6318.368,,11666.014,2342.122,276.2,160.784
2017-11-30,4006.099,6263.421,,11542.454,2342.122,274.39,160.806
2017-12-01,3998.137,6316.407,,11547.311,2342.122,272.83,160.801
2017-12-04,4018.857,6279.621,,11807.482,2342.122,272.65,160.834
2017-12-05,4040.17,6132.912,,11771.138,2342.122,272.87,160.87
2017-12-06,4015.821,6172.803,,11708.421,2342.122,271.43,160.869
2017-12-07,3971.057,6135.47,,11510.142,2342.122,269.28,160.92
2017-12-08,4003.379,6203.143,,11753.896,2342.122,267.79,160.918
2017-12-11,4069.5,6286.166,,12149.442,2342.122,268.28,160.924
2017-12-12,4016.016,6233.212,,12096.877,2342.122,267.5,160.878
2017-12-13,4050.093,6277.441,,12392.44,2342.122,267.79,160.892
2017-12-14,4026.152,6284.081,,12414.36,2342.122,270.0,160.921
2017-12-15,3980.856,6235.761,,12276.953,2342.122,269.57,160.928
2017-12-18,3985.291,6199.989,,12441.772,2342.122,269.9,160.987
2017-12-19,4035.329,6251.242,,12558.084,2342.122,271.31,160.969
2017-12-20,4030.49,6199.363,,12872.842,2342.122,270.68,160.983
2017-12-21,4067.849,6238.499,,12899.851,2342.122,270.15,160.988
2017-12-22,4054.598,6242.885,,12845.842,2342.122,270.54,161.02
2017-12-25,4041.54,6185.591,,12873.578,2342.122,271.55,160.935
2017-12-26,4053.622,6220.147,,12728.865,2342.122,271.92,160.964
2017-12-27,3991.208,6173.153,,12469.895,2342.122,272.75,160.902
2017-12-28,4018.897,6204.27,,12810.137,2342.122,273.5,160.865
2017-12-29,4030.855,6250.821,,12726.963,2342.122,273.0,160.848
2018-01-02,4087.401,6332.227,,12779.566,2342.122,275.3,160.97
2018-01-03,4111.393,6388.253,,12893.499,2342.122,276.0,160.938
2018-01-04,4128.812,6417.535,,13157.536,2342.122,275.19,160.914
2018-01-05,4138.751,6417.254,,13191.885,2342.122,276.26,160.988
2018-01-08,4160.16,6446.182,,13276.688,2342.122,276.6,161.091
2018-01-09,4189.298,6445.746,,13617.604,2342.122,277.19,161.095
2018-01-10,4207.813,6405.94,,13778.622,2342.122,276.65,161.122
2018-01-11,4205.586,6425.94,,13643.018,2342.122,277.8,161.092
2018-01-12,4225.001,6399.374,,13817.94,2342.122,278.38,161.032
2018-01-15,4225.239,6253.376,,13738.002,2342.122,279.54,161.044
2018-01-16,4258.473,6301.133,,13869.738,2342.122,278.8,161.057
2018-01-17,4248.116,6267.46,,13575.921,2342.122,277.65,161.069
2018-01-18,4271.417,6286.801,,13603.504,2342.122,276.15,161.087
2018-01-19,4285.395,6272.38,,13448.291,2342.122,275.6,161.08
2018-01-22,4336.597,6347.638,,13913.041,2342.122,275.95,161.115
2018-01-23,4382.613,6354.998,,13943.319,2342.122,277.14,161.139
2018-01-24,4389.885,6394.3,,13768.547,2342.122,277.84,161.178
2018-01-25,4365.079,6382.717,,13654.541,2342.122,278.87,161.194
2018-01-26,4381.3,6383.631,,13736.367,2342.122,277.5,161.237
2018-01-29,4302.018,6309.884,,13267.788,2342.122,275.98,161.243
2018-01-30,4256.102,6313.442,,13227.624,2342.122,274.0,161.266
2018-01-31,4275.899,6189.341,,13429.232,2342.122,274.05,161.273
2018-02-01,4245.898,5984.743,,13183.959,2342.122,273.4,161.27
2018-02-02,4271.233,6004.849,,13149.439,2342.122,273.75,161.292
2018-02-05,4274.146,5998.224,,12737.324,2342.122,271.49,161.32
2018-02-06,4148.886,5704.264,,12414.462,2342.122,273.24,161.34
2018-02-07,4050.497,5711.332,,12012.542,2342.122,269.79,161.352
2018-02-08,4012.047,5766.48,,12185.842,2342.122,269.3,161.361
2018-02-09,3840.653,5554.897,,11930.501,2342.122,269.55,161.384
2018-02-12,3890.105,5699.098,,12261.742,2342.122,270.1,161.434
2018-02-13,3935.632,5736.951,,12368.377,2342.122,271.14,161.471
2018-02-14,3966.961,5754.834,,12490.899,2342.122,273.21,161.518
2018-02-22,4052.733,5875.727,,12940.249,2342.122,271.36,161.646
2018-02-23,4071.089,5897.677,,12904.858,2342.122,271.96,161.722
2018-02-26,4118.419,6029.68,,12925.446,2342.122,273.6,161.832
2018-02-27,4058.981,6010.557,,12714.043,2342.122,272.36,161.954
2018-02-28,4023.642,6023.677,,12443.495,2342.122,270.3,162.047
2018-03-01,4049.086,6090.225,,12559.709,2342.122,269.78,162.103
2018-03-02,4016.461,6056.335,,12481.094,2342.122,270.9,162.123
2018-03-05,4018.097,6064.098,,12332.249,2342.122,272.09,162.127
2018-03-06,4066.565,6145.577,,12395.136,2342.122,271.15,162.208
2018-03-07,4036.654,6086.487,,12266.391,2342.122,272.3,162.215
2018-03-08,4077.6,6131.514,,12501.892,2342.122,272.21,162.284
2018-03-09,4108.865,6206.975,,12577.013,2342.122,270.6,162.303
2018-03-12,4127.666,6295.778,,12555.323,2342.122,270.8,162.346
2018-03-13,4091.253,6254.146,,12423.974,2342.122,270.7,162.357
2018-03-14,4073.345,6189.317,,12502.333,2342.122,271.12,162.351
2018-03-15,4096.163,6180.111,,12717.688,2342.122,270.97,162.362
2018-03-16,4056.423,6146.306,,12550.381,2342.122,270.21,162.386
2018-03-19,4074.248,6153.834,,12588.319,2342.122,268.6,162.441
2018-03-20,4077.704,6173.698,,12510.357,2342.122,269.51,162.516
2018-03-21,4061.05,6129.204,,12463.638,2342.122,269.74,162.571
2018-03-22,4020.349,6101.228,,12184.613,2342.122,272.1,162.616
2018-03-23,3904.936,5787.152,,11988.641,2342.122,274.97,162.765
2018-03-26,3879.893,5902.959,,11876.274,2342.122,274.18,162.82
2018-03-27,3913.269,6034.775,,11957.198,2342.122,274.1,162.806
2018-03-28,3842.716,5973.341,,11487.48,2342.122,272.52,162.871
2018-03-29,3894.05,6034.857,,11787.57,2342.122,,162.889
2018-03-30,3898.498,6114.738,,11788.006,2342.122,270.56,162.963
2018-04-02,3886.919,6121.964,,11772.18,2342.122,270.84,163.073
2018-04-03,3862.48,6059.709,,11829.382,2342.122,272.44,163.146
2018-04-04,3854.863,6017.686,,12169.079,2342.122,272.16,163.185
2018-04-09,3852.929,6025.649,,12041.583,2342.122,271.5,163.365
2018-04-10,3927.173,6063.742,,12120.1,2342.122,271.97,163.347
2018-04-11,3938.343,6086.613,,12175.945,2342.122,272.9,163.328
2018-04-12,3898.635,6051.335,,12052.535,2342.122,274.08,163.36
2018-04-13,3871.144,6027.187,,11925.123,2342.122,272.1,163.381
2018-04-16,3808.863,6012.405,,11917.166,2342.122,272.89,163.492
2018-04-17,3748.641,5890.857,,11716.033,2342.122,273.5,163.558
2018-04-18,3766.282,5970.658,,11686.193,2342.122,273.04,163.857
2018-04-19,3811.843,6004.733,,11987.454,2342.122,274.09,163.915
2018-04-20,3760.854,5880.836,,11843.223,2342.122,272.88,163.962
2018-04-23,3766.326,5823.921,,11829.23,2342.122,271.45,163.934
2018-04-24,3843.489,5957.193,,12142.516,2342.122,271.09,163.915
2018-04-25,3828.702,5959.422,,12168.408,2342.122,270.51,163.925
2018-04-26,3755.494,5847.977,,11895.73,2342.122,271.27,163.937
2018-04-27,3756.877,5860.984,,11672.061,2342.122,270.3,163.922
2018-05-02,3763.646,5855.323,,11756.83,2342.122,269.84,163.984
2018-05-03,3793.0,5910.606,,11918.492,2342.122,269.4,164.116
2018-05-04,3774.598,5909.294,,11899.475,2342.122,269.48,164.164
2018-05-07,3834.188,6019.141,,12380.988,2342.122,269.99,164.23
2018-05-08,3878.677,6041.814,,12484.709,2342.122,270.35,164.221
2018-05-09,3871.615,6029.233,,12463.347,2342.122,269.61,164.176
2018-05-10,3893.057,6040.572,,12600.104,2342.122,270.1,164.205
2018-05-11,3872.838,5991.342,,12510.181,2342.122,270.79,164.251
2018-05-14,3909.293,5967.554,,12749.74,2342.122,270.52,164.254
2018-05-15,3924.098,6020.57,,12828.216,2342.122,269.47,164.284
2018-05-16,3892.844,6004.07,,12854.08,2342.122,267.1,164.32
2018-05-17,3864.051,5973.779,,12665.678,2342.122,265.49,164.31
2018-05-18,3903.064,5995.15,,12759.173,2342.122,265.8,164.35
2018-05-21,3921.242,6072.199,,12702.465,2342.122,265.32,164.458
2018-05-22,3906.208,6092.907,,12804.012,2342.122,266.01,164.508
2018-05-23,3854.583,6013.847,,12551.215,2342.122,266.49,164.535
2018-05-24,3827.217,5992.621,,12413.739,2342.122,267.65,164.545
2018-05-25,3816.498,5917.798,,12488.723,2342.122,268.87,164.571
2018-05-28,3833.26,5891.263,,12858.728,2342.122,267.8,164.65
2018-05-29,3804.009,5835.446,,12779.628,2342.122,268.4,164.643
2018-05-30,3723.372,5682.588,,12823.684,2342.122,268.85,164.676
2018-05-31,3802.376,5754.475,,13294.203,2342.122,269.54,164.699
2018-06-01,3770.589,5685.116,,13051.961,2342.122,269.09,164.728
2018-06-04,3807.578,5683.149,,13324.857,2342.122,267.94,164.689
2018-06-05,3845.316,5779.078,,13444.278,2342.122,267.5,164.676
2018-06-06,3837.351,5774.258,,13394.192,2342.122,267.87,164.709
2018-06-07,3831.013,5738.018,,13267.753,2342.122,268.09,164.709
2018-06-08,3779.616,5669.303,,13146.307,2342.122,268.13,164.736
2018-06-11,3779.982,5632.357,,13055.893,2342.122,268.26,164.791
2018-06-12,3825.953,5693.346,,13525.959,2342.122,268.11,164.783
2018-06-13,3788.339,5607.017,,13350.097,2342.122,267.86,164.786
2018-06-14,3773.366,5586.931,,13163.766,2342.122,268.93,164.842
2018-06-15,3753.434,5483.945,,12995.533,2342.122,268.67,164.833
2018-06-19,3621.117,5141.71,,12467.198,2342.122,267.82,164.922
2018-06-20,3635.444,5198.394,,12784.133,2342.122,266.3,164.979
2018-06-21,3592.965,5089.252,,12647.602,2342.122,265.75,165.073
2018-06-22,3608.905,5160.123,,12681.971,2342.122,266.68,165.082
2018-06-25,3560.478,5125.033,,12717.477,2342.122,267.16,165.167
2018-06-26,3531.111,5160.283,,12614.606,2342.122,267.2,165.182
2018-06-27,3459.262,5109.498,,12109.73,2342.122,267.56,165.206
2018-06-28,3423.526,5055.109,,11838.038,2342.122,267.0,165.26
2018-06-29,3510.985,5217.764,,12187.824,2342.122,267.38,165.444
2018-07-02,3407.964,5138.783,,11975.826,2342.122,267.42,165.53
2018-07-03,3409.28,5197.131,,11731.806,2342.122,267.84,165.629
2018-07-04,3363.747,5121.344,,11617.848,2342.122,268.4,165.623
2018-07-05,3342.438,4982.763,,11555.648,2342.122,268.29,165.746
2018-07-06,3365.123,4996.63,,11693.588,2342.122,269.21,165.754
2018-07-09,3459.184,5107.551,,12046.56,2342.122,269.1,165.793
2018-07-10,3467.516,5136.533,,12041.844,2342.122,268.25,165.841
2018-07-11,3407.53,5036.157,,11885.129,2342.122,269.0,165.888
2018-07-12,3481.056,5172.503,,12181.062,2342.122,267.99,165.905
2018-07-13,3492.69,5204.186,,12405.701,2342.122,267.8,165.927
2018-07-16,3472.086,5195.2,,12397.067,2342.122,268.15,166.002
2018-07-17,3449.377,5196.197,,12239.773,2342.122,267.87,166.057
2018-07-18,3431.323,5156.636,,12131.257,2342.122,265.47,166.094
2018-07-19,3428.343,5111.327,,12054.861,2342.122,266.29,166.147
2018-07-20,3492.894,5175.252,,12106.14,2342.122,267.48,166.209
2018-07-23,3525.75,5214.004,,12000.7,2342.122,268.4,166.283
2018-07-24,3581.706,5304.641,,12292.823,2342.122,268.43,166.23
2018-07-25,3577.752,5308.657,,12240.641,2342.122,268.0,166.241
2018-07-26,3536.246,5273.479,,12088.833,2342.122,268.58,166.27
2018-07-27,3521.227,5249.29,,12155.32,2342.122,268.25,166.31
2018-07-30,3515.079,5185.151,,11944.221,2342.122,268.29,166.339
2018-07-31,3517.657,5188.717,,11951.914,2342.122,268.65,166.415
2018-08-01,3447.388,5105.374,,11719.329,2342.122,268.24,166.459
2018-08-02,3370.958,4996.012,,11421.183,2342.122,267.93,166.482
2018-08-03,3315.284,4929.75,,11181.106,2342.122,267.81,166.554
2018-08-06,3273.273,4825.251,,10930.024,2342.122,267.6,166.618
2018-08-07,3368.87,4956.872,,11222.479,2342.122,267.61,166.646
2018-08-08,3314.508,4880.569,,10984.396,2342.122,267.2,166.628
2018-08-09,3397.53,5004.773,,11303.919,2342.122,267.14,166.602
2018-08-10,3405.019,5030.515,,11342.33,2342.122,267.24,166.547
2018-08-13,3390.344,5055.275,,11221.004,2342.122,267.72,166.527
2018-08-14,3372.914,5037.883,,11225.442,2342.122,265.51,166.582
2018-08-15,3291.976,4932.806,,10903.901,2342.122,264.97,166.576
2018-08-16,3276.728,4888.371,,10661.073,2342.122,262.39,166.55
2018-08-17,3229.62,4803.029,,10473.141,2342.122,261.59,166.425
2018-08-20,3267.25,4832.651,,10569.471,2342.122,263.18,166.441
2018-08-21,3326.649,4891.98,,10954.511,2342.122,264.51,166.472
2018-08-22,3307.955,4837.018,,10860.133,2342.122,264.1,166.482
2018-08-23,3320.026,4863.665,,10923.664,2342.122,264.26,166.479
2018-08-24,3325.335,4852.289,,10804.366,2342.122,264.6,166.531
2018-08-27,3406.574,4960.066,,11191.058,2342.122,265.3,166.54
2018-08-28,3400.171,4974.207,,11116.3,2342.122,266.34,166.543
2018-08-29,3386.574,4941.961,,11073.894,2342.122,265.69,166.562
2018-08-30,3351.094,4867.121,,10978.846,2342.122,266.0,166.591
2018-08-31,3334.504,4814.824,,10730.678,2342.122,266.47,166.595
2018-09-03,3321.825,4838.873,,10707.628,2342.122,265.0,166.617
2018-09-04,3363.898,4890.281,,10810.709,2342.122,264.14,166.536
2018-09-05,3298.141,4815.034,,10614.571,2342.122,263.91,166.587
2018-09-06,3262.881,4793.345,,10373.036,2342.122,264.8,166.581
2018-09-07,3277.644,4791.778,,10474.67,2342.122,265.22,166.593
2018-09-10,3230.068,4704.878,,10378.363,2342.122,265.19,166.607
2018-09-11,3224.212,4702.903,,10418.098,2342.122,265.38,166.62
2018-09-12,3202.025,4693.974,,10236.878,2342.122,265.2,166.571
2018-09-13,3236.566,4721.212,,10284.085,2342.122,266.15,166.58
2018-09-14,3242.09,4670.08,,10406.38,2342.122,266.72,166.681
2018-09-17,3204.922,4602.39,,10382.98,2342.122,265.69,166.735
2018-09-18,3269.432,4683.506,,10614.403,2342.122,265.79,166.752
2018-09-19,3312.482,4736.893,,10838.547,2342.122,266.69,166.708
2018-09-20,3310.126,4733.481,,10842.798,2342.122,266.54,166.729
2018-09-21,3410.486,4805.215,,11222.221,2342.122,267.7,166.748
2018-09-25,3379.804,4792.551,,11138.214,2342.122,266.53,166.806
2018-09-26,3417.241,4815.631,,11447.85,2342.122,267.1,166.876
2018-09-27,3403.59,4755.38,,11437.469,2342.122,266.3,166.882
2018-09-28,3438.865,4800.729,,11551.696,2342.122,264.06,166.917
2018-10-08,3290.899,4646.493,,10968.454,2342.122,266.98,167.064
2018-10-09,3288.691,4634.894,,11039.46,2342.122,266.72,167.101
2018-10-10,3281.598,4629.888,,10802.271,2342.122,266.46,167.069
2018-10-11,3124.114,4307.421,,10391.469,2342.122,268.28,167.162
2018-10-12,3170.726,4278.035,,10668.373,2342.122,271.35,167.177
2018-10-15,3126.452,4199.153,,10477.277,2342.122,274.45,167.146
2018-10-16,3100.974,4099.683,,10424.081,2342.122,274.25,167.136
2018-10-17,3118.246,4133.383,,10335.544,2342.122,273.74,167.169
2018-10-18,3044.392,4018.461,,10111.706,2342.122,273.65,167.248
2018-10-19,3134.946,4127.985,,10484.086,2342.122,274.2,167.272
2018-10-22,3270.273,4333.145,,10977.176,2342.122,274.7,167.293
2018-10-23,3183.426,4253.556,,10396.631,2342.122,276.32,167.325
2018-10-24,3188.202,4245.488,,10111.229,2342.122,276.21,167.379
2018-10-25,3194.308,4234.421,,9926.057,2342.122,276.5,167.406
2018-10-26,3173.635,4233.959,,9678.98,2342.122,277.48,167.469
2018-10-29,3076.889,4162.526,,8947.826,2342.122,277.2,167.574
2018-10-30,3110.261,4204.542,,8890.241,2342.122,275.8,167.592
2018-10-31,3153.823,4272.552,,9183.741,2342.122,273.8,167.638
2018-11-01,3177.034,4298.984,,9333.819,2342.122,274.85,167.668
2018-11-02,3290.246,4437.946,,9850.437,2342.122,274.34,167.653
2018-11-05,3262.835,4440.827,,9656.163,2342.122,275.52,167.688
2018-11-06,3243.15,4438.097,,9578.496,2342.122,274.86,167.75
2018-11-07,3221.91,4415.136,,9598.442,2342.122,275.22,167.832
2018-11-08,3212.774,4382.329,,9609.746,2342.122,273.86,167.881
2018-11-09,3167.444,4368.614,,9553.318,2342.122,273.48,167.929
2018-11-12,3205.141,4481.688,,9595.934,2342.122,271.25,167.991
2018-11-13,3237.382,4563.535,,9823.052,2342.122,270.6,168.005
2018-11-14,3204.943,4545.509,,9657.38,2342.122,270.13,168.111
2018-11-15,3242.372,4619.814,,9725.743,2342.122,272.09,168.193
2018-11-16,3257.674,4659.097,,9756.885,2342.122,272.69,168.277
2018-11-19,3294.603,4670.737,,9850.88,2342.122,273.71,168.37
2018-11-20,3218.408,4537.449,,9646.754,2342.122,274.42,168.398
2018-11-21,3226.492,4554.675,,9755.506,2342.122,274.38,168.388
2018-11-22,3214.427,4551.326,,9735.361,2342.122,274.65,168.39
2018-11-23,3143.475,4374.764,,9530.875,2342.122,274.61,168.46
2018-11-26,3141.243,4367.462,,9482.131,2342.122,275.0,168.534
2018-11-27,3137.241,4387.652,,9459.665,2342.122,274.19,168.621
2018-11-28,3178.933,4441.857,,9623.15,2342.122,272.9,168.629
2018-11-29,3137.654,4345.703,,9595.931,2342.122,274.6,168.672
2018-11-30,3172.69,4376.651,,9792.996,2342.122,274.65,168.694
2018-12-03,3260.95,4515.174,,10181.719,2342.122,274.27,168.832
2018-12-04,3267.71,4536.21,,10199.891,2342.122,274.06,168.929
2018-12-05,3252.004,4502.702,,10250.906,2342.122,274.28,169.05
2018-12-06,3181.673,4411.088,,9972.484,2342.122,275.3,169.107
2018-12-07,3181.565,4410.959,,9968.402,2342.122,275.8,169.292
2018-12-10,3144.763,4359.312,,9858.146,2342.122,278.83,169.369
2018-12-11,3159.816,4395.57,,9936.582,2342.122,278.09,169.419
2018-12-12,3170.609,4393.324,,10015.854,2342.122,277.45,169.435
2018-12-13,3219.692,4443.157,,10195.837,2342.122,278.26,169.397
2018-12-14,3165.911,4337.103,,10041.572,2342.122,277.48,169.429
2018-12-17,3161.197,4330.647,,9955.902,2342.122,276.8,169.492
2018-12-18,3128.427,4307.268,,9893.964,2342.122,278.59,169.496
2018-12-19,3091.126,4247.899,,9708.975,2342.122,278.89,169.522
2018-12-20,3067.417,4259.761,,9701.484,2342.122,278.99,169.551
2018-12-21,3029.395,4231.144,,9586.931,2342.122,280.96,169.548
2018-12-24,3038.198,4274.722,,9698.646,2342.122,281.76,169.574
2018-12-25,3017.282,4225.512,,9689.539,2342.122,283.4,169.628
2018-12-26,3002.033,4208.405,,9624.094,2342.122,284.21,169.673
2018-12-27,2990.506,4161.27,,9612.116,2342.122,282.87,169.689
2018-12-28,3010.654,4168.036,,9788.243,2342.122,284.6,169.882
2019-01-02,2969.535,4131.957,,9694.013,2342.122,285.8,170.011
2019-01-03,2964.842,4112.807,,9501.535,2342.122,287.31,170.106
2019-01-04,3035.874,4210.879,,9651.287,2342.122,287.49,170.14
2019-01-07,3054.303,4288.323,,9755.801,2342.122,286.18,170.196
2019-01-08,3047.704,4277.297,,9712.181,2342.122,284.75,170.275
2019-01-09,3078.476,4288.772,,9833.286,2342.122,283.88,170.275
2019-01-10,3072.686,4281.861,,9819.448,2342.122,283.84,170.246
2019-01-11,3094.778,4314.876,,9964.097,2342.122,283.2,170.247
2019-01-14,3067.785,4286.547,,9846.988,2342.122,283.5,170.275
2019-01-15,3127.99,4347.356,,10281.279,2342.122,282.32,170.284
2019-01-16,3128.652,4336.878,,10250.901,2342.122,282.97,170.467
2019-01-17,3111.417,4303.731,,10228.489,2342.122,283.1,170.506
2019-01-18,3168.174,4347.811,,10462.522,2342.122,283.28,170.509
2019-01-21,3185.636,4373.633,,10595.163,2342.122,282.18,170.541
2019-01-22,3143.317,4308.252,,10443.717,2342.122,282.82,170.628
2019-01-23,3141.053,4315.685,,10451.306,2342.122,282.34,170.627
2019-01-24,3158.782,4338.17,,10527.016,2342.122,282.6,170.662
2019-01-25,3184.47,4318.442,,10544.41,2342.122,282.39,170.69
2019-01-28,3183.778,4307.22,,10589.8,2342.122,284.45,170.738
2019-01-29,3193.97,4254.288,,10655.191,2342.122,285.92,170.779
2019-01-30,3168.483,4211.624,,10500.482,2342.122,286.72,170.887
2019-01-31,3201.633,4176.474,,10593.418,2342.122,286.7,170.964
2019-02-01,3247.397,4294.27,,10775.096,2342.122,287.42,170.982
2019-02-11,3306.473,4402.867,,11211.34,2342.122,287.43,171.132
2019-02-12,3330.335,4439.485,,11228.675,2342.122,287.8,171.179
2019-02-13,3397.028,4512.409,,11367.218,2342.122,287.07,171.196
2019-02-14,3402.14,4532.17,,11538.892,2342.122,286.5,171.195
2019-02-15,3338.705,4502.735,,11395.12,2342.122,288.41,171.223
2019-02-18,3445.745,4660.999,,11766.178,2342.122,289.98,171.222
2019-02-19,3439.608,4667.284,,11664.977,2342.122,290.67,171.242
2019-02-20,3451.927,4667.624,,11633.249,2342.122,292.33,171.285
2019-02-21,3442.706,4659.143,,11622.874,2342.122,290.71,171.314
2019-02-22,3520.118,4777.298,,11721.504,2342.122,288.91,171.339
2019-02-25,3729.483,5044.347,,12093.972,2342.122,288.33,171.444
2019-02-26,3684.694,5038.544,,11946.704,2342.122,288.0,171.36
2019-02-27,3678.392,5017.884,,11991.703,2342.122,287.89,171.388
2019-02-28,3669.37,5025.291,,12100.451,2342.122,286.02,171.418
2019-03-01,3749.714,5067.225,,12490.319,2342.122,284.49,171.42
2019-03-04,3794.104,5158.247,,12678.929,2342.122,280.71,171.436
2019-03-05,3816.013,5295.288,,12722.088,2342.122,279.5,171.433
2019-03-06,3848.09,5390.029,,12630.925,2342.122,281.25,171.44
2019-03-07,3808.85,5458.615,,12351.208,2342.122,280.0,171.5
2019-03-08,3657.579,5245.7,,12130.946,2342.122,282.54,171.515
2019-03-11,3729.955,5456.381,,12506.885,2342.122,283.5,171.572
2019-03-12,3755.352,5551.003,,12553.853,2342.122,282.8,171.573
2019-03-13,3724.194,5424.864,,12389.673,2342.122,284.86,171.608
2019-03-14,3698.486,5298.502,,12395.661,2342.122,284.14,171.64
2019-03-15,3745.005,5359.009,,12618.815,2342.122,284.29,171.627
2019-03-18,3851.748,5501.183,,13375.647,2342.122,284.28,171.665
2019-03-19,3833.963,5522.18,,13221.556,2342.122,285.2,171.701
2019-03-20,3835.44,5515.786,,13188.19,2342.122,284.59,171.709
2019-03-21,3836.891,5589.478,,13116.241,2342.122,286.5,171.733
2019-03-22,3833.801,5622.14,,13201.275,2342.122,286.5,171.754
2019-03-25,3742.825,5549.671,,12865.044,2342.122,287.21,171.855
2019-03-26,3700.439,5394.879,,12915.412,2342.122,287.65,171.925
2019-03-27,3743.388,5447.88,,13225.599,2342.122,287.1,171.967
2019-03-28,3728.395,5370.123,,13391.507,2342.122,286.49,172.035
2019-03-29,3872.341,5547.656,,13997.397,2342.122,281.0,172.023
2019-04-01,3973.928,5757.838,,14287.045,2342.122,282.0,172.046
2019-04-02,3971.285,5775.55,,14129.365,2342.122,281.51,172.081
2019-04-03,4022.157,5836.037,,14129.997,2342.122,282.05,172.05
2019-04-04,4062.231,5871.558,,14417.353,2342.122,282.71,172.023
2019-04-08,4057.229,5847.63,,14444.001,2342.122,283.62,172.033
2019-04-09,4075.43,5858.046,,14781.689,2342.122,283.8,172.026
2019-04-10,4085.847,5850.761,,14977.566,2342.122,285.1,172.186
2019-04-11,3997.578,5727.175,,14425.563,2342.122,285.15,172.235
2019-04-12,3988.617,5714.368,,14428.522,2342.122,282.8,172.012
2019-04-15,3975.524,5655.983,,14319.354,2342.122,281.45,172.0
2019-04-16,4085.789,5777.011,,14577.233,2342.122,281.38,172.008
2019-04-17,4087.24,5807.729,,14714.5,2342.122,279.7,171.96
2019-04-18,4072.075,5775.171,,14738.141,2342.122,278.7,171.961
2019-04-19,4120.608,5810.18,,14769.705,2342.122,279.61,171.991
2019-04-22,4025.611,5723.042,,14725.522,2342.122,280.12,172.042
2019-04-23,4019.005,5628.062,,14847.822,2342.122,279.16,172.031
2019-04-24,4030.089,5679.726,,14871.427,2342.122,278.5,171.988
2019-04-25,3941.816,5458.419,,14667.342,2342.122,280.1,171.993
2019-04-26,3889.275,5408.031,,14607.868,2342.122,281.0,171.963
2019-04-29,3900.334,5265.601,,14763.228,2342.122,280.49,172.002
2019-04-30,3913.211,5307.56,,14920.544,2342.122,280.88,172.018
2019-05-06,3684.617,4908.798,,14049.275,2342.122,282.06,172.145
2019-05-07,3720.668,4973.404,,14377.616,2342.122,281.75,172.142
2019-05-08,3667.457,4947.742,,14180.395,2342.122,282.65,172.191
2019-05-09,3599.7,4888.413,,13809.095,2342.122,283.5,172.241
2019-05-10,3730.451,5064.323,,14485.381,2342.122,283.32,172.244
2019-05-13,3668.726,5005.904,,14529.319,2342.122,285.05,172.207
2019-05-14,3645.15,4965.612,,14410.766,2342.122,288.7,172.19
2019-05-15,3727.092,5076.555,,15105.611,2342.122,287.59,172.314
2019-05-16,3743.964,5108.359,,15215.571,2342.122,288.71,172.344
2019-05-17,3648.761,4942.579,,14858.457,2342.122,288.0,172.358
2019-05-20,3617.792,4923.559,,14490.415,2342.122,287.19,172.41
2019-05-21,3666.776,5009.873,,14648.923,2342.122,286.6,172.39
2019-05-22,3649.38,4976.393,,14559.605,2342.122,286.37,172.371
2019-05-23,3583.965,4872.92,,14145.196,2342.122,286.61,172.411
2019-05-24,3593.914,4841.757,,14206.229,2342.122,288.54,172.464
2019-05-27,3637.197,4962.947,,14382.317,2342.122,288.37,172.502
2019-05-28,3672.261,4955.486,,14611.563,2342.122,288.5,172.512
2019-05-29,3663.909,4956.864,,14641.8,2342.122,288.69,172.533
2019-05-30,3641.183,4926.403,,14657.449,2342.122,287.1,172.556
2019-05-31,3629.789,4912.001,,14572.83,2342.122,290.8,172.555
2019-06-03,3632.013,4853.815,,14584.686,2342.122,294.51,172.633
2019-06-04,3598.467,4795.413,,14337.397,2342.122,297.59,172.674
2019-06-05,3597.105,4783.825,,14290.062,2342.122,298.97,172.721
2019-06-06,3564.678,4678.784,,14042.729,2342.122,299.32,172.756
2019-06-10,3610.744,4725.264,,14298.845,2342.122,298.77,172.844
2019-06-11,3719.276,4901.472,,15048.406,2342.122,297.0,172.839
2019-06-12,3691.096,4863.492,,14853.828,2342.122,299.61,172.834
2019-06-13,3685.393,4877.651,,14801.303,2342.122,300.41,172.874
2019-06-14,3654.88,4795.527,,14691.881,2342.122,305.04,172.974
2019-06-17,3654.825,4802.819,,14542.401,2342.122,301.35,173.024
2019-06-18,3667.619,4797.147,,14681.785,2342.122,303.6,172.752
2019-06-19,3715.938,4858.916,,14772.749,2342.122,302.21,173.052
2019-06-20,3828.518,4954.734,,15207.083,2342.122,308.58,173.196
2019-06-21,3833.938,5021.305,,15130.536,2342.122,311.0,173.241
2019-06-24,3841.266,5024.205,,15265.382,2342.122,313.26,173.29
2019-06-25,3801.31,4974.988,,15162.15,2342.122,319.91,173.23
2019-06-26,3794.331,4962.594,,15124.381,2342.122,314.44,173.295
2019-06-27,3834.817,5007.483,,15361.763,2342.122,313.89,173.304
2019-06-28,3825.587,4950.48,,15349.574,2342.122,314.43,173.313
2019-07-01,3935.812,5100.262,,15982.891,2342.122,307.6,173.362
2019-07-02,3937.169,5084.41,,16054.182,2342.122,309.77,173.407
2019-07-03,3893.534,5040.723,,15658.556,2342.122,318.0,173.435
2019-07-04,3873.102,5025.021,,15428.098,2342.122,315.01,173.46
2019-07-05,3893.203,5042.66,,15842.55,2342.122,315.71,173.512
2019-07-08,3802.79,4870.781,,15647.579,2342.122,314.07,173.535
2019-07-09,3793.13,4881.624,,15677.116,2342.122,311.49,173.535
2019-07-10,3786.739,4843.865,,15693.753,2342.122,311.14,173.536
2019-07-11,3785.221,4844.547,,15646.612,2342.122,316.5,173.59
2019-07-12,3808.731,4861.568,,15763.055,2342.122,314.6,173.648
2019-07-15,3824.188,4925.324,,15816.882,2342.122,315.0,173.763
2019-07-16,3806.845,4932.046,,15608.428,2342.122,315.38,173.778
2019-07-17,3804.638,4929.085,,15609.522,2342.122,313.75,173.722
2019-07-18,3768.402,4844.109,,15402.141,2342.122,316.55,173.747
2019-07-19,3807.955,4878.69,,15554.089,2342.122,320.45,173.745
2019-07-22,3781.683,4776.575,,15458.799,2342.122,318.45,173.85
2019-07-23,3789.914,4823.918,,15352.893,2342.122,316.45,173.865
2019-07-24,3819.833,4873.027,,15363.756,2342.122,317.55,173.883
2019-07-25,3851.067,4891.643,,15518.514,2342.122,317.67,173.899
2019-07-26,3858.569,4898.11,,15460.883,2342.122,316.84,173.914
2019-07-29,3854.27,4897.018,,15650.861,2342.122,317.13,173.954
2019-07-30,3870.318,4922.918,,15621.198,2342.122,318.47,173.97
2019-07-31,3835.359,4903.203,,15432.1,2342.122,319.94,174.022
2019-08-01,3803.469,4870.469,,15362.991,2342.122,315.21,174.063
2019-08-02,3747.438,4809.92,,15289.557,2342.122,322.67,174.107
2019-08-05,3675.688,4751.985,,15117.3,2342.122,331.99,174.215
2019-08-06,3636.329,4650.563,,14996.082,2342.122,333.07,174.243
2019-08-07,3621.431,4626.364,,14905.191,2342.122,340.3,174.276
2019-08-08,3669.294,4656.101,,15104.6,2342.122,343.33,174.345
2019-08-09,3633.53,4600.353,,14809.319,2342.122,343.4,174.419
2019-08-12,3699.105,4685.045,,15154.265,2342.122,341.16,174.446
2019-08-13,3665.752,4658.388,,15071.776,2342.122,350.0,174.512
2019-08-14,3682.402,4683.84,,15245.447,2342.122,341.65,174.598
2019-08-15,3694.001,4706.55,,15227.283,2342.122,344.6,174.639
2019-08-16,3710.539,4722.663,,15429.722,2342.122,345.7,174.645
2019-08-19,3791.095,4875.036,,15489.784,2342.122,344.28,174.709
2019-08-20,3787.732,4872.606,,15570.314,2342.122,343.13,174.766
2019-08-21,3781.758,4882.721,,15460.172,2342.122,342.5,174.729
2019-08-22,3793.506,4887.914,,15718.951,2342.122,343.8,174.828
2019-08-23,3820.864,4887.902,,15776.761,2342.122,343.0,174.805
2019-08-26,3765.911,4855.458,,15566.232,2342.122,355.09,174.904
2019-08-27,3816.946,4936.124,,15927.585,2342.122,355.72,174.914
2019-08-28,3802.584,4928.194,,16145.563,2342.122,357.2,174.98
2019-08-29,3790.187,4934.184,,16222.676,2342.122,358.9,175.0
2019-08-30,3799.586,4886.494,,16429.131,2342.122,354.09,174.98
2019-09-02,3848.32,5008.296,,16432.614,2342.122,352.99,175.016
2019-09-03,3853.611,5044.181,,16400.075,2342.122,355.2,175.023
2019-09-04,3886.001,5093.266,,16254.044,2342.122,356.89,175.06
2019-09-05,3925.323,5138.405,,16379.785,2342.122,358.03,175.107
2019-09-06,3948.508,5154.638,,16237.797,2342.122,348.74,175.226
2019-09-09,3972.948,5263.459,,16186.56,2342.122,348.2,175.276
2019-09-10,3959.265,5245.305,,16187.414,2342.122,343.38,175.278
2019-09-11,3930.1,5217.291,,15643.833,2342.122,344.09,175.301
2019-09-12,3972.38,5242.612,,15821.25,2342.122,344.8,175.293
2019-09-16,3957.715,5250.34,,15787.072,2342.122,344.4,175.341
2019-09-17,3891.221,5140.45,,15685.124,2342.122,343.7,175.366
2019-09-18,3910.084,5141.038,,16014.106,2342.122,344.84,175.349
2019-09-19,3924.382,5191.669,,16007.708,2342.122,343.52,175.344
2019-09-20,3935.651,5204.485,,16114.937,2342.122,345.14,175.362
2019-09-23,3890.662,5171.484,,15881.363,2342.122,348.69,175.399
2019-09-24,3901.076,5180.742,,15963.379,2342.122,349.87,175.41
2019-09-25,3870.984,5087.009,,15885.589,2342.122,352.15,175.455
2019-09-26,3841.139,4970.24,,15534.439,2342.122,347.2,175.465
2019-09-27,3852.653,5005.63,,15675.177,2342.122,345.25,175.472
2019-09-30,3814.528,4940.903,,15584.184,2342.122,344.49,175.532
2019-10-08,3837.679,4941.761,,15813.876,2342.122,344.0,175.758
2019-10-09,3843.239,4982.954,,15721.278,2342.122,348.39,175.81
2019-10-10,3874.639,5046.359,,15892.344,2342.122,346.41,175.858
2019-10-11,3911.725,5055.517,,15907.655,2342.122,344.56,175.872
2019-10-14,3953.241,5131.131,,15939.056,2342.122,339.84,175.681
2019-10-15,3936.25,5061.003,,16058.471,2342.122,341.11,175.497
2019-10-16,3922.685,5038.356,,15783.176,2342.122,340.14,175.553
2019-10-17,3925.222,5029.854,,15804.631,2342.122,341.47,175.619
2019-10-18,3869.378,4961.807,,15673.76,2342.122,340.36,175.585
2019-10-21,3880.84,4951.035,,15810.485,2342.122,340.77,175.621
2019-10-22,3895.881,5005.553,,15893.261,2342.122,340.16,175.584
2019-10-23,3871.085,4967.195,,15752.983,2342.122,340.58,175.661
2019-10-24,3870.668,4958.247,,15605.13,2342.122,339.94,175.648
2019-10-25,3896.792,4994.568,,16010.85,2342.122,343.8,175.903
2019-10-28,3926.585,5084.468,,16161.697,2342.122,343.64,175.862
2019-10-29,3910.226,5007.713,,16384.791,2342.122,340.68,175.808
2019-10-30,3891.226,4947.895,,16297.034,2342.122,339.8,175.753
2019-10-31,3886.752,4917.417,,16323.026,2342.122,340.3,175.764
2019-11-01,3952.387,4962.35,,16389.9,2342.122,343.27,175.803
2019-11-04,3978.122,4987.836,,16481.619,2342.122,342.52,175.8
2019-11-05,4002.813,5025.303,,16617.154,2342.122,340.99,175.84
2019-11-06,3984.882,4974.734,,16379.38,2342.122,336.05,175.863
2019-11-07,3991.875,5007.067,,16495.921,2342.122,335.84,175.902
2019-11-08,3973.011,4988.294,,16435.615,2342.122,331.4,175.901
2019-11-11,3902.978,4876.159,,16231.844,2342.122,330.93,175.956
2019-11-12,3903.689,4881.614,,16299.053,2342.122,327.82,175.937
2019-11-13,3899.982,4875.543,,16370.602,2342.122,330.9,175.979
2019-11-14,3905.857,4912.108,,16382.359,2342.122,331.98,175.985
2019-11-15,3877.089,4868.437,,16180.334,2342.122,331.12,175.998
2019-11-18,3907.929,4892.461,,16243.894,2342.122,330.79,176.132
2019-11-19,3947.039,4975.113,,16397.236,2342.122,332.45,176.198
2019-11-20,3907.864,4946.276,,16345.011,2342.122,333.6,176.235
2019-11-21,3889.598,4945.719,,16297.199,2342.122,333.43,176.301
2019-11-22,3849.995,4904.083,,15957.084,2342.122,333.9,176.369
2019-11-25,3878.206,4901.502,,15880.436,2342.122,330.89,176.353
2019-11-26,3891.653,4882.162,,16030.46,2342.122,330.89,176.38
2019-11-27,3875.619,4904.257,,16009.82,2342.122,331.5,176.398
2019-11-28,3862.303,4889.26,,15945.923,2342.122,330.6,176.419
2019-11-29,3828.671,4894.942,,15624.789,2342.122,331.69,176.45
2019-12-02,3836.059,4905.421,,15725.66,2342.122,331.31,176.438
2019-12-03,3851.087,4926.455,,15699.384,2342.122,333.0,176.457
2019-12-04,3849.819,4920.668,,15701.696,2342.122,339.22,176.46
2019-12-05,3879.364,4967.602,,15720.108,2342.122,336.49,176.492
2019-12-06,3902.385,5010.51,,15946.742,2342.122,334.6,176.504
2019-12-09,3895.447,5024.604,,15847.362,2342.122,332.31,176.555
2019-12-10,3900.384,5049.051,,15742.84,2342.122,333.43,176.587
2019-12-11,3902.749,5027.278,,15595.981,2342.122,332.68,176.598
2019-12-12,3891.024,5012.001,,15499.824,2342.122,334.69,176.618
2019-12-13,3968.221,5073.686,,15704.618,2342.122,331.75,176.602
2019-12-16,3987.546,5166.039,,15621.224,2342.122,334.16,176.654
2019-12-17,4041.8,5236.062,,15837.126,2342.122,333.71,176.666
2019-12-18,4032.783,5235.125,,15787.449,2342.122,334.25,176.671
2019-12-19,4027.15,5241.738,,15686.114,2342.122,333.52,176.71
2019-12-20,4017.253,5184.675,,15696.126,2342.122,334.89,176.774
2019-12-23,3967.096,5084.351,,15546.068,2342.122,336.08,176.837
2019-12-24,3992.958,5162.07,,15574.609,2342.122,336.96,176.934
2019-12-25,3990.867,5183.099,,15466.539,2342.122,338.59,176.962
2019-12-26,4025.988,5219.14,,15472.707,2342.122,339.84,177.071
2019-12-27,4022.028,5179.193,,15707.531,2342.122,340.47,177.152
2019-12-30,4081.633,5241.938,,16010.711,2342.122,340.43,177.212
2019-12-31,4096.582,5267.662,,16123.036,2342.122,340.8,177.274
2020-01-02,4152.241,5366.138,1019.723,16205.794,2342.122,341.91,177.326
2020-01-03,4144.965,5380.637,1024.482,16071.926,2342.122,347.3,177.331
2020-01-06,4129.295,5434.85,1027.277,16069.281,2342.122,354.55,177.393
2020-01-07,4160.227,5499.84,1043.083,16439.044,2342.122,351.35,177.406
2020-01-08,4112.317,5423.797,1051.16,16359.546,2342.122,356.61,177.439
2020-01-09,4164.37,5497.543,1078.312,16531.541,2342.122,345.84,177.459
2020-01-10,4163.185,5480.228,1076.438,16542.902,2342.122,346.79,177.54
2020-01-13,4203.988,5559.627,1105.848,16791.479,2342.122,345.7,177.639
2020-01-14,4189.886,5542.332,1118.306,16636.383,2342.122,342.96,177.669
2020-01-15,4166.734,5530.027,1114.766,16661.344,2342.122,344.97,177.694
2020-01-16,4149.043,5527.668,1154.303,16685.294,2342.122,345.45,177.727
2020-01-17,4154.853,5510.045,1238.664,16561.868,2342.122,344.75,177.778
2020-01-20,4185.83,5587.536,1240.509,16526.973,2342.122,345.2,177.846
2020-01-21,4114.309,5523.942,1195.014,16164.801,2342.122,348.2,177.953
2020-01-22,4131.931,5575.513,1244.525,16101.558,2342.122,345.86,178.058
2020-01-23,4003.901,5377.741,1202.102,15440.829,2342.122,347.88,178.151
2020-02-03,3688.358,4910.901,1030.55,14228.676,2342.122,356.11,178.583
2020-02-04,3785.638,4996.474,1153.232,14610.399,2342.122,354.06,178.756
2020-02-05,3828.527,5123.962,1203.613,14845.29,2342.122,351.7,178.784
2020-02-06,3899.775,5282.892,1238.757,15254.298,2342.122,349.39,178.873
2020-02-07,3899.869,5327.037,1307.757,15381.328,2342.122,351.81,179.115
2020-02-10,3916.005,5388.435,1322.25,15573.786,2342.122,353.0,179.204
2020-02-11,3952.464,5361.277,1283.572,15714.011,2342.122,352.43,179.14
2020-02-12,3984.433,5459.946,1348.702,15777.158,2342.122,350.89,179.139
2020-02-13,3959.919,5412.842,1360.709,15682.953,2342.122,353.46,179.16
2020-02-14,3987.734,5420.803,1327.224,15822.599,2342.122,353.79,179.175
2020-02-17,4077.424,5594.437,1381.553,16055.391,2342.122,355.29,179.178
2020-02-18,4057.511,5660.814,1399.384,15980.074,2342.122,357.23,178.768
2020-02-19,4051.311,5603.263,1373.444,16165.021,2342.122,361.11,178.763
2020-02-20,4144.656,5706.713,1348.338,16486.441,2342.122,362.29,178.658
2020-02-21,4149.49,5784.032,1346.863,16398.989,2342.122,369.78,178.81
2020-02-24,4132.839,5865.467,1351.71,16237.819,2342.122,376.9,178.821
2020-02-25,4123.854,5897.722,1367.368,16201.36,2342.122,369.53,178.845
2020-02-26,4073.015,5743.393,1288.242,16082.269,2342.122,371.76,179.264
2020-02-27,4084.876,5753.728,1264.941,16282.464,2342.122,371.3,179.374
2020-02-28,3940.049,5451.29,1191.055,15660.176,2342.122,365.36,179.437
2020-03-02,4069.666,5656.419,1252.624,16095.613,2342.122,359.04,179.5
2020-03-03,4091.362,5710.024,1285.034,16279.984,2342.122,358.64,179.544
2020-03-04,4115.052,5716.511,1255.723,16530.932,2342.122,365.0,179.65
2020-03-05,4206.725,5801.12,1264.788,17247.093,2342.122,366.49,179.728
2020-03-06,4138.507,5763.86,1243.373,16976.314,2342.122,372.4,179.878
2020-03-09,3997.133,5525.817,1171.859,16496.87,2342.122,373.46,180.593
2020-03-10,4082.732,5675.111,1216.328,16791.859,2342.122,367.01,180.502
2020-03-11,4028.429,5589.531,1184.71,16732.384,2342.122,370.0,180.843
2020-03-12,3950.911,5493.884,1167.065,16264.514,2342.122,366.49,180.848
2020-03-13,3895.313,5457.201,1175.282,16054.599,2342.122,356.02,180.733
2020-03-16,3727.84,5200.114,1115.084,15345.726,2342.122,345.0,180.751
2020-03-17,3709.682,5212.062,1131.547,15196.719,2342.122,331.07,180.711
2020-03-18,3636.257,5119.472,1115.019,15062.935,2342.122,338.39,180.716
2020-03-19,3589.093,5157.824,1128.973,14897.388,2342.122,336.15,180.805
2020-03-20,3653.224,5219.281,1127.369,15226.551,2342.122,340.0,180.851
2020-03-23,3530.306,4998.91,1039.884,14818.461,2342.122,339.2,181.078
2020-03-24,3625.115,5096.041,1060.843,15319.178,2342.122,356.71,181.178
2020-03-25,3722.518,5217.424,1101.319,15661.189,2342.122,362.98,181.207
2020-03-26,3698.047,5166.109,1095.338,15672.298,2342.122,362.0,181.25
2020-03-27,3710.061,5137.337,1084.505,15761.262,2342.122,365.45,181.29
2020-03-30,3674.111,5027.486,1035.827,15750.968,2342.122,363.99,181.293
2020-03-31,3686.155,5041.453,1029.749,16411.317,2342.122,364.27,181.343
2020-04-01,3675.076,5019.219,1037.927,16196.942,2342.122,360.0,181.497
2020-04-02,3734.531,5147.202,1094.826,16332.284,2342.122,360.53,181.561
2020-04-03,3713.218,5107.039,1080.53,16450.439,2342.122,362.5,181.561
2020-04-07,3798.021,5267.073,1111.654,17033.843,2342.122,371.0,181.747
2020-04-08,3780.345,5271.796,1104.145,16832.218,2342.122,370.12,181.818
2020-04-09,3792.811,5322.461,1101.281,16901.763,2342.122,370.3,181.937
2020-04-10,3769.178,5208.51,1058.44,16906.544,2342.122,372.1,181.975
2020-04-13,3753.257,5169.176,1042.145,16748.85,2342.122,371.95,182.054
2020-04-14,3825.699,5288.593,1073.217,17083.573,2342.122,377.0,182.034
2020-04-15,3797.362,5268.75,1088.203,16913.564,2342.122,374.01,182.109
2020-04-16,3802.381,5316.971,1091.933,16821.797,2342.122,378.3,182.149
2020-04-17,3839.487,5318.455,1117.07,16989.812,2342.122,369.92,182.182
2020-04-20,3853.455,5381.786,1133.361,17091.975,2342.122,370.29,182.192
2020-04-21,3808.047,5343.881,1119.229,16864.287,2342.122,374.64,182.279
2020-04-22,3839.383,5387.623,1135.849,17390.645,2342.122,373.5,182.382
2020-04-23,3829.753,5357.79,1149.716,17446.444,2342.122,378.8,182.507
2020-04-24,3796.972,5273.547,1144.153,17476.368,2342.122,381.14,182.497
2020-04-27,3822.769,5265.725,1138.1,17610.979,2342.122,380.45,182.617
2020-04-28,3849.147,5227.846,1113.513,17909.536,2342.122,377.04,182.639
2020-04-29,3867.032,5226.812,1102.698,17530.52,2342.122,378.1,182.763
2020-04-30,3912.577,5353.86,1166.348,17446.716,2342.122,380.94,182.705
2020-05-06,3936.254,5451.316,1247.513,17616.861,2342.122,380.3,182.773
2020-05-07,3924.895,5445.752,1224.105,17818.67,2342.122,379.88,182.777
2020-05-08,3963.622,5507.697,1240.246,17910.684,2342.122,383.5,182.974
2020-05-11,3960.18,5496.192,1226.061,17687.354,2342.122,381.26,182.913
2020-05-12,3960.238,5512.464,1233.592,17858.427,2342.122,380.99,182.907
2020-05-13,3968.253,5536.28,1247.034,18087.844,2342.122,381.1,182.908
2020-05-14,3925.218,5487.107,1242.169,17831.278,2342.122,383.49,182.91
2020-05-15,3912.816,5507.934,1270.481,17708.885,2342.122,388.81,182.861
2020-05-18,3922.912,5478.822,1254.299,18173.136,2342.122,398.21,182.892
2020-05-19,3956.25,5547.876,1324.418,18184.749,2342.122,392.39,182.795
2020-05-20,3935.222,5489.702,1306.998,18007.111,2342.122,396.73,182.785
2020-05-21,3913.795,5426.175,1251.931,17966.264,2342.122,391.99,182.773
2020-05-22,3824.064,5328.227,1230.659,17499.39,2342.122,392.0,182.782
2020-05-25,3829.325,5316.604,1212.087,17876.039,2342.122,391.33,182.755
2020-05-26,3872.77,5420.213,1272.661,17946.462,2342.122,393.16,182.69
2020-05-27,3845.614,5369.499,1253.272,17769.036,2342.122,390.0,182.641
2020-05-28,3856.632,5361.167,1232.22,17699.518,2342.122,392.41,182.682
2020-05-29,3867.023,5406.34,1246.111,17971.901,2342.122,391.93,182.686
2020-06-01,3971.34,5569.48,1300.741,18437.834,2342.122,395.99,182.761
2020-06-02,3983.568,5566.444,1305.637,18327.171,2342.122,394.8,182.696
2020-06-03,3983.648,5572.313,1294.28,18228.358,2342.122,391.2,182.652
2020-06-04,3982.185,5576.754,1299.803,18372.435,2342.122,387.86,182.66
2020-06-05,4001.251,5585.423,1297.306,18350.19,2342.122,387.84,182.623
2020-06-08,4021.955,5575.304,1280.053,18455.267,2342.122,384.22,182.609
2020-06-09,4047.029,5610.377,1278.507,18611.956,2342.122,384.61,182.609
2020-06-10,4039.705,5615.242,1269.978,18577.92,2342.122,388.89,182.629
2020-06-11,3995.885,5589.102,1273.59,18197.857,2342.122,391.9,182.647
2020-06-12,4003.083,5591.487,1262.29,18323.12,2342.122,391.13,182.694
2020-06-15,3954.988,5590.644,1249.909,18184.079,2342.122,388.53,182.692
2020-06-16,4014.57,5695.301,1289.135,18376.832,2342.122,389.59,182.596
2020-06-17,4017.594,5735.418,1291.117,18416.565,2342.122,390.5,182.594
2020-06-18,4044.384,5734.403,1302.371,18554.252,2342.122,389.89,182.562
2020-06-19,4098.71,5787.148,1325.147,19001.775,2342.122,390.67,182.578
2020-06-22,4102.046,5784.027,1371.207,18943.991,2342.122,393.82,182.608
2020-06-23,4121.794,5804.343,1407.193,19217.762,2342.122,394.5,182.451
2020-06-24,4138.99,5789.089,1424.277,19221.377,2342.122,397.0,182.387
2020-06-29,4109.716,5762.438,1401.644,19324.479,2342.122,397.15,182.462
2020-06-30,4163.964,5864.416,1447.886,19599.047,2342.122,397.76,182.429
2020-07-01,4247.784,5881.888,1439.878,20208.697,2342.122,400.82,182.477
2020-07-02,4335.845,5975.279,1437.052,20540.823,2342.122,396.04,182.494
2020-07-03,4419.596,6051.51,1438.585,20523.64,2342.122,397.55,182.472
2020-07-06,4670.095,6299.855,1538.402,21217.716,2342.122,396.97,182.32
2020-07-07,4698.126,6380.028,1572.189,21689.242,2342.122,397.46,182.202
2020-07-08,4774.004,6535.415,1599.905,21854.255,2342.122,399.39,182.217
2020-07-09,4840.771,6693.745,1666.85,22245.363,2342.122,401.99,182.148
2020-07-10,4753.133,6676.437,1654.827,22299.356,2342.122,399.79,182.117
2020-07-13,4852.961,6899.518,1721.976,23236.146,2342.122,401.18,182.188
2020-07-14,4806.69,6807.727,1701.583,23251.588,2342.122,400.33,182.169
2020-07-15,4744.469,6638.838,1612.035,23504.608,2342.122,400.39,182.154
2020-07-16,4516.253,6319.998,1469.798,21680.38,2342.122,399.79,182.172
2020-07-17,4544.701,6344.591,1443.397,22127.376,2342.122,397.44,182.193
2020-07-20,4680.305,6526.833,1459.034,22112.961,2342.122,398.69,182.213
2020-07-21,4691.043,6563.324,1490.171,22467.764,2342.122,401.66,182.314
2020-07-22,4714.445,6620.689,1497.231,22760.734,2342.122,410.44,182.34
2020-07-23,4712.436,6620.086,1494.139,22793.053,2342.122,412.65,182.347
2020-07-24,4505.591,6283.983,1389.305,21900.195,2342.122,417.95,182.435
2020-07-27,4528.45,6298.735,1374.519,22153.368,2342.122,426.85,182.509
2020-07-28,4568.258,6359.664,1400.535,22852.399,2342.122,425.2,182.571
2020-07-29,4679.008,6530.271,1476.925,23093.034,2342.122,427.07,182.55
2020-07-30,4656.151,6511.436,1472.792,23234.53,2342.122,422.0,182.592
2020-07-31,4695.046,6579.67,1512.977,23308.815,2342.122,428.97,182.548
2020-08-03,4771.311,6739.809,1622.813,23585.674,2342.122,427.68,182.622
2020-08-04,4775.802,6697.707,1566.055,23495.197,2342.122,428.09,182.677
2020-08-05,4777.109,6772.842,1588.622,23780.146,2342.122,439.59,182.658
2020-08-06,4762.764,6770.302,1573.869,23283.003,2342.122,442.99,182.582
2020-08-07,4707.926,6688.882,1526.804,23047.226,2342.122,445.99,182.598
2020-08-10,4724.87,6725.296,1535.597,23064.542,2342.122,441.9,182.658
2020-08-11,4681.784,6600.847,1491.841,23133.268,2342.122,433.0,182.687
2020-08-12,4647.645,6528.4,1458.643,22783.557,2342.122,407.0,182.754
2020-08-13,4635.713,6552.657,1468.229,22900.328,2342.122,412.5,182.775
2020-08-14,4704.629,6623.563,1484.041,23275.348,2342.122,416.54,182.837
2020-08-17,4815.226,6744.547,1496.4,23596.949,2342.122,420.7,182.799
2020-08-18,4812.756,6789.398,1512.509,23878.185,2342.122,430.0,182.793
2020-08-19,4740.678,6666.274,1472.021,23821.436,2342.122,423.88,182.686
2020-08-20,4679.154,6593.785,1442.579,23377.11,2342.122,415.6,182.676
2020-08-21,4718.843,6643.944,1447.714,23740.807,2342.122,414.99,182.74
2020-08-24,4755.849,6688.965,1450.667,24146.358,2342.122,415.71,182.756
2020-08-25,4761.951,6652.548,1427.705,24453.823,2342.122,413.0,182.761
2020-08-26,4706.13,6525.879,1383.305,24359.339,2342.122,412.58,182.664
2020-08-27,4731.345,6578.791,1417.559,24723.413,2342.122,417.6,182.666
2020-08-28,4844.265,6691.21,1413.637,25507.894,2342.122,418.18,182.55
2020-08-31,4816.215,6668.433,1423.236,25583.086,2342.122,419.0,182.626
2020-09-01,4842.122,6710.46,1426.651,25559.596,2342.122,423.98,182.631
2020-09-02,4843.887,6717.558,1422.953,25656.985,2342.122,418.3,182.614
2020-09-03,4817.095,6662.252,1402.144,25493.594,2342.122,414.5,182.619
2020-09-04,4770.219,6618.576,1390.284,24902.294,2342.122,414.8,182.655
2020-09-07,4669.368,6478.812,1356.699,24078.403,2342.122,413.22,182.644
2020-09-08,4694.389,6525.098,1344.613,23769.237,2342.122,414.5,182.652
2020-09-09,4584.589,6349.223,1298.079,23070.448,2342.122,414.78,182.633
2020-09-10,4581.978,6235.569,1280.189,23242.435,2342.122,417.43,182.731
2020-09-11,4627.283,6311.967,1312.512,23567.916,2342.122,416.29,182.734
2020-09-14,4651.051,6351.242,1348.07,23636.425,2342.122,415.5,182.803
2020-09-15,4688.483,6387.881,1364.603,23775.81,2342.122,417.03,182.822
2020-09-16,4657.358,6353.836,1349.672,23390.927,2342.122,416.46,182.829
2020-09-17,4632.714,6367.021,1383.59,22931.183,2342.122,413.7,182.867
2020-09-18,4737.089,6469.469,1403.899,23307.261,2342.122,415.48,182.821
2020-09-21,4691.428,6445.965,1397.746,22986.939,2342.122,415.27,182.956
2020-09-22,4635.761,6358.652,1390.086,22808.852,2342.122,405.58,183.038
2020-09-23,4652.327,6392.033,1423.904,22863.573,2342.122,400.67,183.037
2020-09-24,4563.066,6244.639,1394.926,22479.443,2342.122,395.29,183.041
2020-09-25,4570.022,6236.89,1364.025,22569.958,2342.122,400.0,182.961
2020-09-28,4581.909,6178.469,1338.952,22628.521,2342.122,399.21,183.002
2020-09-29,4591.799,6228.771,1389.963,22786.217,2342.122,403.8,183.022
2020-09-30,4587.395,6192.505,1418.796,22860.026,2342.122,402.97,183.044
2020-10-09,4681.141,6357.971,1465.959,23316.881,2342.122,404.49,183.175
2020-10-12,4823.158,6541.176,1490.575,24291.816,2342.122,408.79,183.162
2020-10-13,4839.201,6551.399,1497.596,24536.609,2342.122,406.63,183.187
2020-10-14,4807.102,6508.374,1488.67,24339.867,2342.122,402.85,183.185
2020-10-15,4798.736,6460.041,1453.789,24119.148,2342.122,402.3,183.119
2020-10-16,4791.676,6428.682,1438.528,23924.569,2342.122,404.0,183.113
2020-10-19,4755.488,6358.321,1412.148,23575.411,2342.122,404.4,183.167
2020-10-20,4793.467,6423.113,1426.181,24120.275,2342.122,401.0,183.224
2020-10-21,4792.828,6350.013,1396.977,24079.727,2342.122,404.1,183.1
2020-10-22,4777.985,6317.144,1376.581,24088.096,2342.122,404.01,183.196
2020-10-23,4718.488,6213.263,1336.527,23478.185,2342.122,402.74,183.164
2020-10-26,4691.236,6214.378,1356.107,23315.169,2342.122,400.9,183.18
2020-10-27,4699.279,6221.341,1385.745,23483.331,2342.122,404.02,183.207
2020-10-28,4737.272,6245.999,1406.075,23957.501,2342.122,,183.165
2020-10-29,4772.92,6255.193,1412.055,24475.094,2342.122,399.47,183.038
2020-10-30,4695.334,6111.48,1393.91,23696.274,2342.122,397.21,182.999
2020-11-02,4720.831,6143.116,1400.912,23735.693,2342.122,399.9,183.047
2020-11-03,4777.561,6241.768,1449.007,23998.875,2342.122,401.56,183.041
2020-11-04,4813.656,6234.158,1458.896,24063.161,2342.122,402.66,183.109
2020-11-05,4885.112,6351.979,1475.375,24457.271,2342.122,402.37,183.113
2020-11-06,4885.718,6301.248,1441.474,24197.041,2342.122,406.94,183.106
2020-11-09,4981.35,6421.651,1485.148,24658.014,2342.122,406.2,183.082
2020-11-10,4953.876,6373.085,1441.965,24760.342,2342.122,396.69,183.116
2020-11-11,4904.898,6294.606,1395.51,24605.426,2342.122,396.0,183.137
2020-11-12,4908.463,6315.494,1413.294,24570.969,2342.122,394.39,183.117
2020-11-13,4856.851,6306.97,1436.887,24162.706,2342.122,395.93,183.11
2020-11-16,4904.172,6387.371,1446.951,24707.443,2342.122,396.01,183.134
2020-11-17,4894.786,6336.941,1430.809,24404.636,2342.122,395.8,183.034
2020-11-18,4891.672,6341.014,1419.226,24240.965,2342.122,393.72,183.038
2020-11-19,4927.989,6360.6,1435.925,24542.771,2342.122,391.5,182.979
2020-11-20,4943.288,6422.985,1430.72,24709.512,2342.122,392.1,182.929
2020-11-23,5005.027,6472.93,1418.102,24890.632,2342.122,391.65,182.975
2020-11-24,4974.286,6475.188,1412.747,24818.452,2342.122,383.36,182.987
2020-11-25,4910.7,6350.367,1388.364,24159.139,2342.122,378.45,182.999
2020-11-26,4919.591,6334.304,1385.31,24230.359,2342.122,378.85,183.02
2020-11-27,4980.765,6351.612,1387.769,24457.245,2342.122,377.5,183.068
2020-11-30,4960.252,6320.944,1385.483,23975.383,2342.122,370.58,183.114
2020-12-01,5067.098,6426.616,1404.238,24368.919,2342.122,372.99,183.146
2020-12-02,5067.145,6434.979,1408.488,24446.033,2342.122,378.43,183.181
2020-12-03,5057.06,6440.881,1410.829,24694.781,2342.122,382.98,183.226
2020-12-04,5065.916,6464.735,1404.866,25226.346,2342.122,383.38,183.202
2020-12-07,5022.235,6424.682,1406.194,25410.322,2342.122,382.52,183.24
2020-12-08,5009.879,6423.651,1398.73,25564.319,2342.122,386.76,183.216
2020-12-09,4942.699,6307.221,1365.038,25284.742,2342.122,384.75,183.306
2020-12-10,4940.525,6320.096,1360.184,25306.116,2342.122,381.46,183.357
2020-12-11,4889.629,6209.427,1362.961,25151.879,2342.122,381.46,183.365
2020-12-14,4934.835,6259.018,1375.064,25792.412,2342.122,380.46,183.394
2020-12-15,4945.1,6265.582,1363.183,25709.416,2342.122,383.8,183.46
2020-12-16,4953.867,6235.435,1345.133,25976.107,2342.122,385.44,183.424
2020-12-17,5017.478,6308.901,1363.36,26283.122,2342.122,388.7,183.4
2020-12-18,4999.968,6291.918,1361.108,25997.83,2342.122,390.34,183.397
2020-12-21,5046.84,6398.599,1388.669,26348.429,2342.122,395.96,183.458
2020-12-22,4964.773,6250.061,1358.619,26269.458,2342.122,390.32,183.466
2020-12-23,5007.124,6307.604,1376.595,26358.887,2342.122,390.12,183.507
2020-12-24,5000.015,6205.225,1348.013,26075.64,2342.122,390.4,183.513
2020-12-25,5042.014,6278.498,1349.793,26159.757,2342.122,392.21,183.561
2020-12-28,5064.415,6244.482,1339.007,26846.309,2342.122,391.61,183.616
2020-12-29,5042.936,6199.852,1337.47,26534.767,2342.122,390.66,183.694
2020-12-30,5113.711,6269.248,1362.911,27062.606,2342.122,390.39,183.728
2020-12-31,5211.289,6367.115,1393.027,27435.063,2342.122,390.0,183.778
2021-01-04,5267.718,6482.787,1422.125,28521.319,2342.122,398.09,183.855
2021-01-05,5368.505,6539.732,1425.16,29974.877,2342.122,401.0,183.888
2021-01-06,5417.668,6528.143,1415.022,30214.601,2342.122,400.73,183.949
2021-01-07,5513.657,6538.116,1381.942,30609.195,2342.122,398.49,183.991
2021-01-08,5495.431,6557.596,1378.74,29759.558,2342.122,395.97,184.026
2021-01-11,5441.158,6455.399,1390.655,28786.436,2342.122,385.0,184.056
2021-01-12,5596.353,6543.229,1405.223,29430.856,2342.122,387.99,184.176
2021-01-13,5577.971,6496.913,1407.415,29098.409,2342.122,386.5,184.243
2021-01-14,5470.456,6439.885,1447.267,28352.185,2342.122,383.7,184.225
2021-01-15,5458.081,6417.501,1447.583,27787.934,2342.122,385.41,184.24
2021-01-18,5518.521,6514.464,1481.249,27734.267,2342.122,384.6,184.242
2021-01-19,5437.523,6476.374,1443.921,27175.204,2342.122,384.97,184.248
2021-01-20,5476.434,6535.419,1481.453,27349.951,2342.122,386.76,184.292
2021-01-21,5564.969,6622.496,1482.285,27957.543,2342.122,389.46,184.308
2021-01-22,5569.776,6637.805,1486.308,27925.656,2342.122,388.09,184.369
2021-01-25,5625.923,6645.314,1498.595,28987.832,2342.122,386.0,184.462
2021-01-26,5512.968,6532.961,1478.451,28748.457,2342.122,387.45,184.426
2021-01-27,5528.003,6557.161,1458.372,28500.461,2342.122,385.39,184.405
2021-01-28,5377.143,6414.381,1421.587,27972.464,2342.122,382.23,184.384
2021-01-29,5351.965,6346.137,1421.962,27926.834,2342.122,384.5,184.393
2021-02-01,5417.648,6393.278,1421.481,28017.006,2342.122,388.47,184.463
2021-02-02,5501.092,6454.785,1438.059,28882.258,2342.122,384.83,184.463
2021-02-03,5485.201,6399.332,1410.147,29053.217,2342.122,382.36,184.456
2021-02-04,5473.948,6328.788,1394.097,29131.294,2342.122,379.5,184.434
2021-02-05,5483.414,6239.871,1368.8,29401.597,2342.122,376.23,184.437
2021-02-08,5564.562,6323.162,1382.482,29990.274,2342.122,378.59,184.469
2021-02-09,5686.25,6457.881,1427.682,30717.071,2342.122,382.74,184.458
2021-02-10,5807.719,6525.166,1437.025,31779.735,2342.122,383.0,184.506
2021-02-18,5768.381,6614.544,1429.74,30819.217,2342.122,372.06,184.583
2021-02-19,5778.842,6703.482,1427.907,31313.385,2342.122,370.67,184.62
2021-02-22,5597.333,6657.056,1389.916,29848.997,2342.122,374.5,184.576
2021-02-23,5579.668,6631.229,1390.527,29545.894,2342.122,377.99,184.571
2021-02-24,5437.568,6536.186,1365.637,28468.838,2342.122,377.28,184.512
2021-02-25,5469.558,6499.153,1349.711,28174.785,2342.122,373.04,184.466
2021-02-26,5336.761,6364.353,1325.587,27400.351,2342.122,368.26,184.485
2021-03-01,5418.784,6488.439,1358.141,27715.143,2342.122,367.37,184.516
2021-03-02,5349.63,6433.328,1352.044,27144.847,2342.122,360.42,184.549
2021-03-03,5452.213,6524.751,1359.398,27509.057,2342.122,362.08,184.63
2021-03-04,5280.706,6401.992,1324.158,26318.508,2342.122,359.0,184.612
2021-03-05,5262.796,6403.496,1329.839,26312.997,2342.122,355.7,184.639
2021-03-08,5080.025,6256.409,1275.456,24930.534,2342.122,358.95,184.691
2021-03-09,4970.999,6108.003,1230.137,24201.879,2342.122,357.75,184.713
2021-03-10,5003.612,6062.255,1232.735,24587.08,2342.122,361.07,184.795
2021-03-11,5128.216,6213.832,1267.301,25270.122,2342.122,364.91,184.771
2021-03-12,5146.379,6222.38,1261.325,25246.98,2342.122,359.62,184.752
2021-03-15,5035.544,6173.872,1223.39,24308.985,2342.122,362.88,184.844
2021-03-16,5079.362,6195.244,1220.367,24722.345,2342.122,363.26,184.842
2021-03-17,5100.858,6225.359,1236.541,25172.613,2342.122,,184.85
2021-03-18,5141.768,6273.856,1241.31,25638.806,2342.122,366.79,184.868
2021-03-19,5007.091,6206.602,1231.292,24935.893,2342.122,366.64,184.999
2021-03-22,5057.152,6305.692,1242.756,25034.395,2342.122,364.4,185.032
2021-03-23,5009.246,6219.167,1236.474,24982.511,2342.122,366.2,185.097
2021-03-24,4928.685,6142.544,1221.447,24831.842,2342.122,364.59,185.113
2021-03-25,4926.347,6157.407,1219.71,24785.571,2342.122,365.68,185.143
2021-03-26,5037.99,6251.794,1256.664,25347.559,2342.122,365.1,185.135
2021-03-29,5046.877,6254.943,1250.77,25554.154,2342.122,365.4,185.206
2021-03-30,5094.729,6280.359,1248.342,25814.478,2342.122,360.66,185.251
2021-03-31,5048.361,6254.07,1248.332,25547.03,2342.122,356.79,185.26
2021-04-01,5110.777,6311.664,1266.745,25969.007,2342.122,364.49,185.328
2021-04-02,5161.557,6326.606,1299.92,26710.181,2342.122,368.04,185.249
2021-04-06,5140.342,6343.096,1296.62,26475.321,2342.122,366.39,185.398
2021-04-07,5103.743,6348.076,1298.785,25836.88,2342.122,368.14,185.365
2021-04-08,5112.209,6356.753,1291.857,26147.7,2342.122,369.2,185.347
2021-04-09,5035.337,6335.239,1271.443,25633.182,2342.122,370.15,185.375
2021-04-12,4947.746,6226.418,1243.496,25368.244,2342.122,368.62,185.654
2021-04-13,4939.644,6209.78,1241.398,25604.987,2342.122,365.59,185.766
2021-04-14,4980.628,6277.211,1254.71,25743.595,2342.122,368.6,185.777
2021-04-15,4948.974,6276.461,1264.158,25542.404,2342.122,368.52,185.659
2021-04-16,4966.181,6339.591,1274.702,25709.592,2342.122,371.8,185.707
2021-04-19,5087.017,6425.261,1299.007,26165.315,2342.122,374.7,185.779
2021-04-20,5083.365,6428.541,1290.503,26438.178,2342.122,371.44,185.681
2021-04-21,5098.745,6420.259,1286.855,26623.114,2342.122,374.65,185.777
2021-04-22,5089.244,6445.466,1305.181,26577.106,2342.122,375.2,185.794
2021-04-23,5135.453,6462.756,1311.827,26973.077,2342.122,373.81,185.821
2021-04-26,5077.237,6442.645,1314.907,26426.816,2342.122,372.83,185.767
2021-04-27,5090.52,6446.282,1311.913,26639.386,2342.122,372.97,185.783
2021-04-28,5119.242,6489.744,1324.236,26870.036,2342.122,370.0,185.837
2021-04-29,5164.169,6491.928,1324.055,27322.329,2342.122,372.44,185.852
2021-04-30,5123.489,6485.708,1322.24,27107.132,2342.122,370.97,185.916
2021-05-06,5061.124,6489.349,1310.125,26335.163,2342.122,375.35,185.995
2021-05-07,4996.053,6444.443,1263.897,25967.325,2342.122,379.82,186.01
2021-05-10,4992.422,6475.994,1254.486,25484.364,2342.122,380.7,186.084
2021-05-11,5023.06,6456.038,1258.107,26131.244,2342.122,380.7,186.098
2021-05-12,5044.548,6512.05,1270.908,26447.156,2342.122,381.29,186.154
2021-05-13,4992.974,6439.027,1275.477,26385.924,2342.122,379.41,186.265
2021-05-14,5110.59,6525.804,1300.535,26837.977,2342.122,381.13,186.245
2021-05-17,5184.985,6578.14,1328.917,27405.991,2342.122,385.57,186.276
2021-05-18,5187.601,6599.599,1321.641,27349.661,2342.122,388.2,186.326
2021-05-19,5172.272,6584.387,1326.143,27204.873,2342.122,388.83,186.368
2021-05-20,5186.412,6548.711,1329.791,27505.309,2342.122,389.14,186.428
2021-05-21,5134.148,6527.864,1315.207,27242.174,2342.122,389.4,186.499
2021-05-24,5155.588,6544.122,1330.872,27457.303,2342.122,390.8,186.538
2021-05-25,5318.478,6619.671,1370.121,28353.86,2342.122,389.68,186.502
2021-05-26,5320.593,6628.207,1364.037,28208.778,2342.122,393.2,186.544
2021-05-27,5338.233,6685.405,1397.769,28240.393,2342.122,390.5,186.547
2021-05-28,5321.089,6668.17,1386.039,28047.121,2342.122,388.82,186.601
2021-05-31,5331.57,6728.991,1442.668,28068.462,2342.122,391.1,186.621
2021-06-01,5341.68,6739.762,1460.543,28250.307,2342.122,393.5,186.686
2021-06-02,5289.974,6681.429,1426.847,28003.843,2342.122,387.97,186.716
2021-06-03,5255.286,6667.726,1414.534,28030.938,2342.122,385.44,186.664
2021-06-04,5282.277,6693.057,1431.522,28291.116,2342.122,382.51,186.612
2021-06-07,5277.627,6721.502,1433.565,28164.752,2342.122,384.29,186.572
2021-06-08,5232.117,6684.563,1419.075,27271.839,2342.122,385.3,186.549
2021-06-09,5236.449,6692.905,1427.321,27400.601,2342.122,386.0,186.432
2021-06-10,5271.466,6765.644,1450.404,27570.985,2342.122,384.73,186.522
2021-06-11,5224.703,6725.915,1436.276,26994.813,2342.122,388.01,186.513
2021-06-15,5166.56,6663.662,1448.2,26787.535,2342.122,381.99,186.504
2021-06-16,5080.491,6566.286,1406.47,26573.838,2342.122,381.09,186.582
2021-06-17,5101.892,6616.174,1473.512,26678.148,2342.122,374.0,186.661
2021-06-18,5102.466,6657.764,1494.701,26318.429,2342.122,371.0,186.673
2021-06-21,5090.385,6707.176,1528.127,26037.035,2342.122,370.58,186.733
2021-06-22,5122.158,6739.794,1523.363,26184.757,2342.122,371.56,186.785
2021-06-23,5147.394,6789.946,1534.301,25822.995,2342.122,371.93,186.808
2021-06-24,5155.974,6754.866,1504.808,25863.097,2342.122,370.35,186.819
2021-06-25,5239.968,6813.414,1534.85,26329.809,2342.122,370.74,186.909
2021-06-28,5251.76,6828.516,1562.98,26746.602,2342.122,371.16,186.933
2021-06-29,5190.545,6765.42,1562.078,26352.431,2342.122,369.29,186.754
2021-06-30,5224.041,6808.183,1588.217,26374.632,2342.122,365.82,186.856
2021-07-01,5229.664,6716.666,1579.804,26572.194,2342.122,370.26,186.811
2021-07-02,5081.117,6658.045,1538.158,25794.419,2342.122,371.09,186.795
2021-07-05,5085.792,6711.014,1575.894,25641.259,2342.122,372.5,186.801
2021-07-06,5083.104,6709.498,1532.792,25509.234,2342.122,375.99,186.841
2021-07-07,5140.49,6764.132,1570.028,25592.078,2342.122,375.39,186.893
2021-07-08,5088.257,6748.654,1610.775,25114.285,2342.122,376.0,187.025
2021-07-09,5069.436,6804.539,1583.714,24597.795,2342.122,376.69,187.052
2021-07-12,5132.709,6904.382,1601.606,24823.38,2342.122,375.62,187.184
2021-07-13,5142.099,6961.848,1590.977,25329.863,2342.122,376.87,187.327
2021-07-14,5083.085,6898.75,1556.72,25364.551,2342.122,377.71,187.499
2021-07-15,5151.463,6932.406,1560.704,25745.284,2342.122,380.5,187.532
2021-07-16,5094.773,6925.123,1525.234,25269.416,2342.122,379.24,187.637
2021-07-19,5113.495,6889.338,1514.181,25260.295,2342.122,376.5,187.726
2021-07-20,5108.994,6901.132,1522.627,25286.823,2342.122,378.48,187.779
2021-07-21,5144.043,6984.542,1565.638,25141.087,2342.122,377.03,187.847
2021-07-22,5151.752,7026.548,1582.132,24872.532,2342.122,375.01,187.942
2021-07-23,5089.228,6985.75,1563.49,24314.839,2342.122,376.37,187.972
2021-07-26,4925.299,6868.207,1556.979,23110.832,2342.122,377.68,187.951
2021-07-27,4751.313,6719.256,1545.289,22224.272,2342.122,376.49,188.04
2021-07-28,4760.483,6621.985,1518.703,22245.279,2342.122,377.94,188.066
2021-07-29,4850.275,6758.887,1588.465,22137.268,2342.122,378.78,188.102
2021-07-30,4811.17,6767.316,1591.219,21485.662,2342.122,380.9,188.211
2021-08-02,4933.736,6872.0,1599.474,22465.909,2342.122,376.25,188.448
2021-08-03,4934.458,6816.011,1564.193,22777.972,2342.122,376.91,188.409
2021-08-04,4978.848,6931.337,1605.894,22425.478,2342.122,377.46,188.475
2021-08-05,4948.67,6911.829,1604.807,22260.307,2342.122,376.75,188.607
2021-08-06,4921.565,6938.868,1586.673,22158.898,2342.122,374.73,188.665
2021-08-09,4985.563,6979.526,1574.438,22844.689,2342.122,365.44,188.586
2021-08-10,5043.148,7019.228,1588.195,23753.13,2342.122,363.5,188.614
2021-08-11,5015.341,7073.522,1578.789,23362.621,2342.122,362.37,188.62
2021-08-12,4973.351,7095.202,1586.501,22934.54,2342.122,366.8,188.662
2021-08-13,4945.983,7088.888,1552.781,23015.356,2342.122,367.69,188.663
2021-08-16,4941.068,7052.488,1547.931,23106.609,2342.122,371.14,188.666
2021-08-17,4837.403,6894.404,1509.247,22203.038,2342.122,374.7,188.739
2021-08-18,4894.238,6941.008,1507.989,22225.594,2342.122,374.2,188.826
2021-08-19,4862.139,6947.056,1546.11,21902.429,2342.122,372.87,188.845
2021-08-20,4769.268,6920.025,1529.086,20930.633,2342.122,374.39,188.932
2021-08-23,4835.878,7024.565,1564.111,21141.881,2342.122,373.66,188.964
2021-08-24,4888.39,7090.782,1578.031,21538.892,2342.122,376.44,188.968
2021-08-25,4898.157,7153.004,1542.776,21849.246,2342.122,374.4,189.005
2021-08-26,4801.609,7118.844,1497.338,21215.345,2342.122,373.27,188.992
2021-08-27,4827.043,7180.109,1480.314,21170.608,2342.122,376.39,189.056
2021-08-30,4813.27,7226.882,1471.455,21157.93,2342.122,377.5,189.114
2021-08-31,4805.61,7255.342,1441.174,20868.653,2342.122,377.55,189.112
2021-09-01,4869.459,7193.1,1424.664,21486.223,2342.122,377.38,189.175
2021-09-02,4869.411,7307.008,1399.482,21144.365,2342.122,377.29,189.14
2021-09-03,4843.062,7278.681,1400.89,21454.46,2342.122,376.95,189.174
2021-09-06,4933.726,7355.401,1438.995,21997.754,2342.122,379.43,189.229
2021-09-07,4992.829,7498.926,1438.569,22055.051,2342.122,378.5,189.208
2021-09-08,4972.132,7544.041,1412.723,21789.021,2342.122,374.85,189.2
2021-09-09,4970.013,7617.451,1402.191,21741.416,2342.122,373.17,189.212
2021-09-10,5013.522,7607.675,1426.814,22018.191,2342.122,374.09,189.239
2021-09-13,4991.66,7648.748,1384.434,21754.306,2342.122,372.95,189.354
2021-09-14,4917.162,7556.616,1396.669,21571.864,2342.122,373.0,189.363
2021-09-15,4867.319,7592.306,1384.521,21117.822,2342.122,374.1,189.379
2021-09-16,4807.698,7446.935,1351.425,21369.322,2342.122,371.09,189.381
2021-09-17,4855.94,7395.565,1349.685,21857.128,2342.122,367.73,189.396
2021-09-22,4821.768,7453.625,1355.281,21305.264,2342.122,372.23,189.485
2021-09-23,4853.196,7502.839,1363.787,21579.366,2342.122,368.54,189.53
2021-09-24,4849.428,7380.384,1375.0,22212.87,2342.122,366.69,189.535
2021-09-27,4877.37,7170.59,1368.691,23320.783,2342.122,367.74,189.557
2021-09-28,4883.828,7198.897,1354.096,23136.003,2342.122,364.62,189.555
2021-09-29,4833.928,7010.219,1345.77,23219.3,2342.122,363.64,189.583
2021-09-30,4866.383,7103.608,1368.716,23353.522,2342.122,362.14,189.61
2021-10-08,4929.941,7091.336,1364.458,24117.624,2342.122,365.9,189.778
2021-10-11,4936.192,7090.467,1349.771,24096.277,2342.122,365.15,189.714
2021-10-12,4883.837,6952.19,1319.39,24061.961,2342.122,367.37,189.715
2021-10-13,4940.109,6981.595,1344.763,24656.207,2342.122,367.16,189.732
2021-10-14,4913.612,7008.333,1347.268,24441.398,2342.122,371.99,189.728
2021-10-15,4932.108,7024.16,1363.164,24306.288,2342.122,371.09,189.749
2021-10-18,4874.775,7068.105,1352.575,23434.647,2342.122,366.36,189.607
2021-10-19,4922.723,7120.379,1366.791,24079.395,2342.122,367.87,189.611
2021-10-20,4910.185,7118.796,1373.593,24022.713,2342.122,366.64,189.676
2021-10-21,4928.016,7098.254,1362.405,23970.496,2342.122,368.2,189.713
2021-10-22,4959.725,7026.068,1368.136,24330.924,2342.122,369.89,189.739
2021-10-25,4979.524,7103.986,1380.309,24248.073,2342.122,369.5,189.742
2021-10-26,4963.098,7102.434,1376.126,24136.099,2342.122,370.45,189.737
2021-10-27,4898.164,7048.604,1361.817,23845.055,2342.122,367.49,189.755
2021-10-28,4864.138,6950.277,1356.375,23994.816,2342.122,371.67,189.732
2021-10-29,4908.77,7022.499,1396.195,24473.584,2342.122,370.19,189.787
2021-11-01,4890.685,7060.756,1404.208,24272.709,2342.122,368.58,189.87
2021-11-02,4839.846,6985.1,1405.641,24354.351,2342.122,370.23,189.922
2021-11-03,4821.112,7017.854,1399.55,24312.676,2342.122,367.35,189.895
2021-11-04,4868.742,7073.852,1410.742,24992.62,2342.122,366.4,190.016
2021-11-05,4842.346,6991.908,1396.738,24883.974,2342.122,370.89,190.052
2021-11-08,4848.18,7026.972,1400.795,24704.03,2342.122,374.61,190.186
2021-11-09,4846.744,7081.754,1420.509,24576.126,2342.122,375.89,190.197
2021-11-10,4821.193,7062.331,1420.452,24129.257,2342.122,375.67,190.124
2021-11-11,4898.653,7119.859,1437.15,24268.853,2342.122,382.2,190.244
2021-11-12,4888.375,7156.613,1440.157,24144.771,2342.122,382.15,190.255
2021-11-15,4882.378,7098.213,1432.599,24337.089,2342.122,380.68,190.29
2021-11-16,4883.321,7045.939,1421.275,24721.492,2342.122,382.39,190.287
2021-11-17,4885.754,7104.534,1436.158,24543.933,2342.122,381.7,190.39
2021-11-18,4837.619,7084.683,1423.97,24490.171,2342.122,382.5,190.384
2021-11-19,4890.058,7169.876,1444.784,24630.118,2342.122,382.68,190.436
2021-11-22,4912.399,7255.074,1479.988,24623.292,2342.122,378.51,190.566
2021-11-23,4913.346,7261.379,1476.253,24569.98,2342.122,372.48,190.591
2021-11-24,4916.658,7256.112,1472.225,24765.666,2342.122,369.89,190.666
2021-11-25,4896.442,7233.542,1468.072,24712.341,2342.122,369.78,190.7
2021-11-26,4860.127,7219.862,1459.932,24522.792,2342.122,372.18,190.748
2021-11-29,4851.423,7221.898,1471.229,24636.798,2342.122,369.44,190.774
2021-11-30,4832.026,7252.755,1475.713,24207.784,2342.122,368.51,190.783
2021-12-01,4843.851,7272.837,1456.483,24261.191,2342.122,367.32,190.806
2021-12-02,4856.163,7229.988,1429.5,24362.393,2342.122,365.55,190.854
2021-12-03,4901.018,7301.917,1444.834,24991.991,2342.122,365.16,190.851
2021-12-06,4892.621,7240.456,1405.771,24751.859,2342.122,367.99,190.929
2021-12-07,4922.102,7206.826,1389.437,24846.982,2342.122,367.47,190.817
2021-12-08,4995.93,7302.991,1415.374,25522.35,2342.122,367.73,190.804
2021-12-09,5078.69,7320.318,1434.522,25914.646,2342.122,366.67,190.833
2021-12-10,5055.117,7306.646,1435.703,25883.108,2342.122,365.85,190.867
2021-12-13,5083.801,7353.031,1445.707,25985.734,2342.122,367.52,190.89
2021-12-14,5049.695,7324.133,1439.469,26009.019,2342.122,367.63,190.9
2021-12-15,5005.899,7314.259,1424.9,25608.774,2342.122,363.94,190.942
2021-12-16,5034.732,7380.997,1425.929,25399.025,2342.122,367.35,190.97
2021-12-17,4954.76,7314.56,1399.06,24917.34,2342.122,371.99,190.982
2021-12-20,4880.418,7195.973,1363.956,24940.27,2342.122,371.0,191.002
2021-12-21,4913.485,7275.468,1374.65,24943.482,2342.122,368.9,191.167
2021-12-22,4914.454,7302.463,1375.03,25124.714,2342.122,367.8,191.148
2021-12-23,4948.739,7337.19,1375.968,25572.755,2342.122,371.82,191.21
2021-12-24,4921.345,7278.756,1358.73,25987.89,2342.122,372.69,191.258
2021-12-27,4919.324,7272.749,1355.636,25906.067,2342.122,372.27,191.338
2021-12-28,4955.964,7286.034,1369.619,25922.433,2342.122,373.55,191.372
2021-12-29,4883.48,7247.774,1356.214,25052.726,2342.122,371.61,191.43
2021-12-30,4921.511,7310.96,1375.56,25245.75,2342.122,369.79,191.57
2021-12-31,4940.373,7359.402,1398.194,25216.073,2342.122,373.85,191.567
2022-01-04,4917.765,7354.456,1364.99,25447.432,2342.122,371.3,191.66
2022-01-05,4868.12,7222.675,1333.335,25431.661,2342.122,372.84,191.688
2022-01-06,4818.232,7229.96,1320.935,25014.572,2342.122,370.84,191.658
2022-01-07,4822.369,7175.676,1305.492,24653.116,2342.122,368.37,191.651
2022-01-10,4844.045,7191.451,1318.267,24856.624,2342.122,368.87,191.747
2022-01-11,4797.774,7135.223,1294.404,24347.207,2342.122,372.06,191.775
2022-01-12,4845.579,7196.933,1316.353,24538.839,2342.122,373.31,191.814
2022-01-13,4765.919,7097.759,1294.653,23816.005,2342.122,374.29,191.82
2022-01-14,4726.732,7081.141,1312.292,23584.668,2342.122,374.18,191.948
2022-01-17,4767.276,7157.859,1338.317,23704.012,2342.122,372.89,192.047
2022-01-18,4813.347,7163.159,1342.356,23928.998,2342.122,371.64,192.089
2022-01-19,4780.378,7118.762,1324.089,23759.169,2342.122,371.8,192.233
2022-01-20,4823.509,7056.785,1306.023,24196.766,2342.122,376.39,192.262
2022-01-21,4779.314,6976.616,1290.406,24212.586,2342.122,376.64,192.328
2022-01-24,4786.738,6979.246,1307.742,23977.981,2342.122,375.72,192.563
2022-01-25,4678.451,6743.957,1277.004,23415.763,2342.122,376.34,192.593
2022-01-26,4712.311,6782.576,1276.362,23663.128,2342.122,376.67,192.583
2022-01-27,4619.877,6605.916,1240.554,23275.988,2342.122,370.28,192.686
2022-01-28,4563.772,6580.53,1229.224,23046.724,2342.122,369.04,192.659
2022-02-07,4634.09,6676.612,1233.618,23142.96,2342.122,371.35,192.831
2022-02-08,4608.773,6742.192,1204.054,22866.442,2342.122,373.11,192.853
2022-02-09,4652.061,6843.027,1210.286,23624.412,2342.122,374.87,192.841
2022-02-10,4639.863,6840.485,1188.197,23775.811,2342.122,375.7,192.876
2022-02-11,4601.395,6745.024,1169.59,23600.722,2342.122,373.84,192.822
2022-02-14,4551.688,6695.696,1169.442,23683.615,2342.122,379.9,192.827
2022-02-15,4600.103,6760.278,1203.124,23870.172,2342.122,384.04,192.866
2022-02-16,4617.989,6772.034,1197.562,23886.292,2342.122,378.94,192.901
2022-02-17,4629.165,6768.789,1207.821,23868.616,2342.122,382.29,192.911
2022-02-18,4651.236,6835.022,1204.371,24010.227,2342.122,385.47,192.925
2022-02-21,4634.314,6867.113,1193.601,23991.107,2342.122,385.28,193.022
2022-02-22,4574.153,6784.762,1183.982,23541.618,2342.122,390.44,192.967
2022-02-23,4623.047,6887.424,1231.077,23520.141,2342.122,386.41,192.996
2022-02-24,4529.319,6764.876,1214.989,22894.691,2342.122,395.14,193.045
2022-02-25,4573.425,6819.431,1240.878,23090.812,2342.122,389.61,193.08
2022-02-28,4581.646,6853.308,1249.585,23105.314,2342.122,386.7,193.033
2022-03-01,4619.686,6874.045,1239.019,23696.973,2342.122,387.9,193.036
2022-03-02,4578.601,6875.24,1230.278,23489.213,2342.122,394.67,193.021
2022-03-03,4551.628,6859.552,1209.819,23019.771,2342.122,391.95,193.104
2022-03-04,4496.43,6803.834,1203.089,22926.643,2342.122,393.99,193.101
2022-03-07,4352.778,6659.39,1169.983,22017.654,2342.122,401.5,193.109
2022-03-08,4265.391,6429.889,1137.075,21588.984,2342.122,409.96,193.151
2022-03-09,4226.346,6305.609,1129.647,21464.696,2342.122,415.11,193.085
2022-03-10,4292.837,6414.94,1153.358,21948.099,2342.122,402.1,193.104
2022-03-11,4306.522,6474.127,1161.21,22096.297,2342.122,403.6,193.107
2022-03-14,4174.758,6323.578,1126.282,21133.498,2342.122,400.69,193.221
2022-03-15,3983.812,5964.981,1093.433,20007.143,2342.122,393.7,193.16
2022-03-16,4156.081,6156.271,1125.485,20603.506,2342.122,391.31,193.165
2022-03-17,4237.696,6267.524,1142.713,21227.08,2342.122,394.09,193.144
2022-03-18,4265.902,6332.217,1144.321,21327.781,2342.122,395.64,193.215
2022-03-21,4258.746,6358.943,1152.326,21346.699,2342.122,393.66,193.283
2022-03-22,4255.295,6358.109,1134.318,21325.533,2342.122,396.25,193.238
2022-03-23,4276.517,6398.101,1144.089,21457.563,2342.122,393.81,193.162
2022-03-24,4251.306,6344.115,1134.57,21137.46,2342.122,398.0,193.181
2022-03-25,4174.574,6268.238,1106.863,20788.074,2342.122,400.0,193.234
2022-03-28,4148.466,6283.281,1090.734,20444.483,2342.122,396.5,193.299
2022-03-29,4134.144,6253.069,1079.933,20478.294,2342.122,394.0,193.326
2022-03-30,4254.099,6377.874,1112.519,21117.19,2342.122,393.84,193.358
2022-03-31,4222.597,6324.961,1091.059,20971.993,2342.122,394.14,193.373
2022-04-01,4276.158,6364.521,1089.195,21302.07,2342.122,395.2,193.478
2022-04-06,4263.841,6356.927,1058.493,21062.015,2342.122,393.2,193.625
2022-04-07,4209.1,6221.591,1036.074,20807.808,2342.122,394.3,193.683
2022-04-08,4230.767,6224.117,1027.244,20694.141,2342.122,395.12,193.801
2022-04-11,4100.07,6029.894,988.761,20336.032,2342.122,398.39,193.762
2022-04-12,4179.973,6126.907,994.438,21124.601,2342.122,400.28,193.856
2022-04-13,4139.737,6044.326,964.832,20932.52,2342.122,401.91,193.821
2022-04-14,4191.568,6126.49,975.574,21701.974,2342.122,403.41,193.878
2022-04-15,4188.747,6070.749,973.363,21618.186,2342.122,404.48,193.905
2022-04-18,4166.384,6074.007,1004.608,21754.704,2342.122,406.82,193.929
2022-04-19,4134.902,6092.396,989.933,21722.728,2342.122,404.81,193.95
2022-04-20,4070.789,5956.921,973.51,21838.506,2342.122,399.86,193.868
2022-04-21,3995.83,5759.801,957.717,21392.188,2342.122,403.7,193.967
2022-04-22,4013.25,5740.984,942.069,21329.877,2342.122,405.74,194.001
2022-04-25,3814.913,5369.717,884.305,20463.836,2342.122,403.98,194.051
2022-04-26,3784.12,5234.006,868.067,20630.877,2342.122,400.17,194.071
2022-04-27,3895.536,5437.037,906.433,21172.226,2342.122,400.64,194.164
2022-04-28,3921.107,5418.764,903.064,21217.456,2342.122,399.95,194.125
2022-04-29,4016.241,5627.902,947.151,21191.921,2342.122,405.2,194.213
2022-05-05,4010.21,5686.702,956.127,21239.496,2342.122,402.69,194.272
2022-05-06,3908.815,5563.769,942.227,20633.98,2342.122,403.0,194.387
2022-05-09,3877.436,5608.516,946.725,20506.333,2342.122,403.8,194.384
2022-05-10,3919.868,5690.087,972.141,20777.681,2342.122,402.36,194.473
2022-05-11,3976.423,5737.817,1002.456,20856.151,2342.122,400.35,194.497
2022-05-12,3958.74,5743.101,1013.063,20885.887,2342.122,402.69,194.519
2022-05-13,3988.6,5796.801,1010.804,20795.027,2342.122,398.95,194.484
2022-05-16,3956.538,5791.081,996.506,20686.242,2342.122,396.26,194.489
2022-05-17,4005.893,5816.338,1010.37,20734.046,2342.122,397.18,194.529
2022-05-18,3991.907,5797.49,1013.997,20626.798,2342.122,394.78,194.582
2022-05-19,3999.598,5838.407,1036.341,20388.449,2342.122,394.86,194.579
2022-05-20,4077.6,5929.488,1045.377,20972.115,2342.122,396.61,194.629
2022-05-23,4053.982,5965.728,1046.146,20815.803,2342.122,398.23,194.751
2022-05-24,3959.154,5745.675,996.648,20423.367,2342.122,399.31,194.684
2022-05-25,3983.178,5844.255,1006.523,20531.589,2342.122,399.36,194.92
2022-05-26,3993.045,5911.561,1004.256,20503.161,2342.122,400.87,194.997
2022-05-27,4001.299,5899.915,993.699,20525.056,2342.122,402.5,195.091
2022-05-30,4029.018,5942.832,1001.54,20913.65,2342.122,399.09,195.103
2022-05-31,4091.518,6026.237,1035.316,21499.836,2342.122,398.35,195.083
2022-06-01,4083.177,6023.644,1031.583,21244.408,2342.122,395.62,195.105
2022-06-02,4089.568,6078.435,1079.854,21099.94,2342.122,398.22,195.125
2022-06-06,4166.085,6187.444,1121.537,21274.248,2342.122,397.0,195.137
2022-06-07,4179.129,6186.567,1111.395,21578.873,2342.122,396.31,195.178
2022-06-08,4219.812,6217.828,1111.674,21862.062,2342.122,397.0,195.18
2022-06-09,4175.675,6130.686,1081.173,21644.975,2342.122,398.29,195.226
2022-06-10,4238.994,6240.103,1102.849,21855.601,2342.122,397.19,195.226
2022-06-13,4189.353,6233.619,1088.377,21678.103,2342.122,403.02,195.247
2022-06-14,4222.311,6275.565,1070.537,21973.499,2342.122,396.48,195.234
2022-06-15,4278.218,6261.061,1062.713,22148.474,2342.122,394.34,195.234
2022-06-16,4250.061,6264.822,1078.947,22264.885,2342.122,395.2,195.207
2022-06-17,4309.044,6316.309,1092.087,22573.767,2342.122,398.09,195.33
2022-06-20,4330.433,6330.394,1095.328,22801.926,2342.122,396.69,195.388
2022-06-21,4325.566,6277.001,1083.021,22704.026,2342.122,395.46,195.446
2022-06-22,4270.623,6179.57,1063.69,22543.364,2342.122,395.91,195.451
2022-06-23,4343.878,6300.475,1081.844,22721.779,2342.122,396.08,195.354
2022-06-24,4394.772,6368.283,1101.477,22999.423,2342.122,393.85,195.47
2022-06-27,4444.264,6407.745,1103.399,23663.224,2342.122,396.11,195.497
2022-06-28,4490.517,6501.352,1117.284,23763.937,2342.122,393.87,195.354
2022-06-29,4421.357,6374.297,1090.683,23326.628,2342.122,392.68,195.431
2022-06-30,4485.011,6454.078,1105.667,23940.598,2342.122,391.7,195.482
2022-07-01,4466.718,6438.538,1089.029,23805.04,2342.122,388.42,195.521
2022-07-04,4496.03,6523.131,1095.09,24169.542,2342.122,390.59,195.526
2022-07-05,4489.538,6511.53,1090.93,24030.994,2342.122,390.01,195.513
2022-07-06,4423.97,6418.545,1101.749,23498.251,2342.122,382.64,195.439
2022-07-07,4443.474,6452.986,1111.673,23452.504,2342.122,377.29,195.441
2022-07-08,4428.781,6404.439,1104.022,23527.685,2342.122,376.19,195.473
2022-07-11,4354.617,6319.14,1081.163,23298.945,2342.122,376.5,195.63
2022-07-12,4313.618,6241.479,1049.241,23034.311,2342.122,377.27,195.684
2022-07-13,4321.462,6268.494,1052.792,23121.423,2342.122,374.7,195.712
2022-07-14,4322.074,6302.432,1076.807,22967.733,2342.122,374.29,195.737
2022-07-15,4248.527,6196.8,1072.262,22846.891,2342.122,371.89,195.808
2022-07-18,4292.586,6312.356,1069.332,22805.517,2342.122,374.0,195.812
2022-07-19,4269.34,6335.709,1061.853,22830.035,2342.122,372.43,195.835
2022-07-20,4283.803,6410.709,1079.527,22929.129,2342.122,372.4,195.839
2022-07-21,4236.058,6347.598,1091.407,22744.545,2342.122,369.57,195.888
2022-07-22,4238.234,6289.533,1084.974,22624.476,2342.122,375.68,195.891
2022-07-25,4212.644,6231.236,1073.761,22728.399,2342.122,377.08,196.023
2022-07-26,4245.976,6307.956,1084.657,22916.25,2342.122,377.18,196.067
2022-07-27,4225.036,6332.233,1095.699,22695.936,2342.122,376.07,196.088
2022-07-28,4225.673,6348.166,1108.791,22628.353,2342.122,379.5,196.07
2022-07-29,4170.102,6294.114,1088.913,22266.226,2342.122,383.96,196.158
2022-08-01,4188.678,6347.221,1100.182,22378.048,2342.122,385.13,196.343
2022-08-02,4107.024,6169.996,1094.915,22087.999,2342.122,387.16,196.38
2022-08-03,4066.975,6124.315,1100.348,21910.426,2342.122,385.58,196.393
2022-08-04,4101.537,6158.735,1110.917,22229.745,2342.122,387.05,196.442
2022-08-05,4156.911,6270.511,1157.333,22433.542,2342.122,390.19,196.47
2022-08-08,4148.075,6323.075,1152.577,22281.858,2342.122,388.02,196.472
2022-08-09,4156.291,6341.481,1162.32,22125.448,2342.122,389.32,196.464
2022-08-10,4109.737,6322.056,1156.156,21789.256,2342.122,390.27,196.5
2022-08-11,4193.543,6439.359,1173.144,22148.228,2342.122,388.7,196.528
2022-08-12,4191.152,6420.853,1146.191,22295.674,2342.122,390.17,196.555
2022-08-15,4185.679,6442.809,1143.747,22084.415,2342.122,390.64,196.771
2022-08-16,4177.837,6465.187,1137.302,22093.215,2342.122,390.27,196.93
2022-08-17,4216.959,6493.505,1132.312,22218.039,2342.122,388.72,197.11
2022-08-18,4180.1,6468.806,1146.634,21849.37,2342.122,387.2,197.093
2022-08-19,4151.074,6391.716,1108.452,21984.351,2342.122,386.13,197.168
2022-08-22,4181.397,6472.68,1107.281,22107.662,2342.122,385.07,197.242
2022-08-23,4161.082,6466.405,1107.3,21913.418,2342.122,387.33,197.293
2022-08-24,4082.42,6284.577,1068.983,21787.652,2342.122,388.88,197.365
2022-08-25,4116.24,6322.696,1055.889,22185.586,2342.122,390.04,197.35
2022-08-26,4107.546,6298.374,1045.994,22425.579,2342.122,390.47,197.352
2022-08-29,4089.521,6310.402,1054.285,22200.919,2342.122,387.5,197.359
2022-08-30,4075.794,6285.927,1050.282,22180.994,2342.122,388.9,197.449
2022-08-31,4078.84,6155.746,1029.656,22369.368,2342.122,386.83,197.442
2022-09-01,4043.74,6126.769,1025.66,22061.285,2342.122,384.26,197.479
2022-09-02,4023.613,6149.427,1030.12,21826.31,2342.122,384.34,197.537
2022-09-05,4015.426,6182.647,1024.393,21521.237,2342.122,387.14,197.61
2022-09-06,4052.28,6291.571,1035.784,21581.695,2342.122,388.75,197.63
2022-09-07,4054.983,6301.564,1049.579,21285.498,2342.122,387.39,197.702
2022-09-08,4037.684,6272.575,1040.773,21256.66,2342.122,389.73,197.673
2022-09-09,4093.787,6316.972,1033.784,21505.597,2342.122,390.13,197.735
2022-09-13,4111.115,6300.422,1031.17,21842.445,2342.122,389.37,197.774
2022-09-14,4065.359,6249.963,1031.304,21691.381,2342.122,386.66,197.712
2022-09-15,4027.119,6107.796,1000.081,21680.934,2342.122,385.36,197.754
2022-09-16,3932.683,5954.504,998.518,21267.169,2342.122,384.64,197.755
2022-09-19,3928.0,5913.149,975.548,21454.945,2342.122,384.3,197.829
2022-09-20,3932.836,5958.292,985.151,21556.092,2342.122,385.58,197.868
2022-09-21,3903.735,5978.581,970.393,21236.307,2342.122,386.76,197.818
2022-09-22,3869.344,5965.885,975.869,20956.865,2342.122,385.71,197.861
2022-09-23,3856.021,5889.602,960.94,20992.928,2342.122,387.96,197.865
2022-09-26,3836.677,5806.318,961.829,21115.18,2342.122,385.84,197.848
2022-09-27,3892.295,5920.053,976.445,21770.307,2342.122,386.0,197.839
2022-09-28,3828.71,5769.52,956.188,21687.733,2342.122,385.83,197.855
2022-09-29,3827.143,5771.881,961.475,21646.393,2342.122,389.0,197.709
2022-09-30,3804.885,5714.063,939.376,21594.876,2342.122,390.0,197.84
2022-10-10,3720.937,5635.711,897.335,20997.668,2342.122,392.49,198.005
2022-10-11,3727.687,5684.506,892.739,21021.148,2342.122,392.01,198.033
2022-10-12,3784.306,5820.454,924.914,21012.986,2342.122,392.57,198.037
2022-10-13,3752.673,5830.336,926.52,20920.608,2342.122,392.83,198.04
2022-10-14,3842.47,5973.439,954.924,21201.753,2342.122,392.45,198.109
2022-10-17,3846.412,6015.596,963.224,21065.596,2342.122,390.97,198.199
2022-10-18,3838.267,6035.674,960.0,20968.545,2342.122,390.8,198.269
2022-10-19,3776.534,5972.723,949.498,20305.204,2342.122,390.01,198.299
2022-10-20,3754.927,5948.862,963.952,20247.747,2342.122,388.6,198.189
2022-10-21,3742.893,5956.881,967.98,20036.311,2342.122,388.93,198.221
2022-10-24,3633.373,5896.903,969.493,19091.401,2342.122,393.32,198.229
2022-10-25,3627.454,5869.781,971.334,19060.688,2342.122,393.68,198.379
2022-10-26,3656.903,5971.601,1003.255,18915.108,2342.122,393.96,198.397
2022-10-27,3631.145,5963.004,1004.909,18368.605,2342.122,393.18,198.463
2022-10-28,3541.33,5781.797,993.721,17907.986,2342.122,392.55,198.482
2022-10-31,3508.703,5807.106,1010.327,17692.661,2342.122,391.76,198.584
2022-11-01,3634.173,5941.145,1024.522,18707.608,2342.122,391.99,198.562
2022-11-02,3677.805,5997.804,1037.179,19029.823,2342.122,392.6,198.555
2022-11-03,3647.897,5996.719,1048.07,18794.385,2342.122,391.98,198.596
2022-11-04,3767.175,6133.463,1072.87,19540.351,2342.122,392.7,198.573
2022-11-07,3775.297,6141.409,1061.351,19660.574,2342.122,394.5,198.624
2022-11-08,3749.325,6134.256,1051.709,19371.105,2342.122,395.18,198.636
2022-11-09,3714.27,6120.829,1037.527,19079.278,2342.122,403.56,198.652
2022-11-10,3685.689,6089.695,1023.064,19286.923,2342.122,402.53,198.652
2022-11-11,3788.439,6138.621,1023.265,19729.627,2342.122,407.19,198.516
2022-11-14,3794.017,6129.513,1022.913,19607.903,2342.122,402.47,198.417
2022-11-15,3865.973,6236.384,1052.045,19942.807,2342.122,404.99,198.343
2022-11-16,3834.39,6203.917,1036.492,19950.606,2342.122,406.77,198.287
2022-11-17,3818.664,6217.205,1041.673,19853.889,2342.122,407.31,198.248
2022-11-18,3801.569,6191.648,1031.992,19807.732,2342.122,406.6,198.228
2022-11-21,3769.127,6189.709,1032.472,19457.499,2342.122,404.71,198.274
2022-11-22,3769.573,6125.4,1017.822,19411.192,2342.122,404.93,198.279
2022-11-23,3773.529,6115.605,1017.016,19287.391,2342.122,404.35,198.298
2022-11-24,3756.808,6120.066,1015.355,19154.022,2342.122,405.9,198.364
2022-11-25,3775.776,6087.859,999.988,19171.18,2342.122,406.3,198.306
2022-11-28,3733.242,6055.284,992.812,19145.017,2342.122,406.87,198.368
2022-11-29,3848.422,6163.821,1002.447,19779.412,2342.122,406.68,198.259
2022-11-30,3853.037,6156.147,1000.263,19782.377,2342.122,405.76,198.197
2022-12-01,3894.769,6186.102,1009.332,20354.244,2342.122,407.48,198.157
2022-12-02,3870.948,6168.013,1008.145,20432.15,2342.122,410.0,198.255
2022-12-05,3946.876,6215.124,1003.6,20727.268,2342.122,406.17,198.275
2022-12-06,3968.198,6211.252,1003.136,21211.148,2342.122,403.56,198.293
2022-12-07,3958.441,6204.005,1000.475,21287.654,2342.122,402.4,198.242
2022-12-08,3959.18,6186.284,997.315,21138.471,2342.122,403.41,198.272
2022-12-09,3998.244,6192.301,1001.686,21551.603,2342.122,404.72,198.266
2022-12-12,3953.443,6154.809,1004.622,21293.53,2342.122,403.69,198.327
2022-12-13,3945.681,6121.662,989.307,21515.114,2342.122,405.0,198.281
2022-12-14,3954.886,6096.386,984.219,21922.599,2342.122,409.0,198.241
2022-12-15,3951.989,6101.879,989.198,21704.14,2342.122,404.38,198.238
2022-12-16,3954.227,6072.863,978.361,21790.592,2342.122,403.69,198.252
2022-12-19,3893.221,5936.475,956.186,21494.465,2342.122,405.79,198.306
2022-12-20,3829.017,5878.031,952.767,20814.16,2342.122,405.78,198.201
2022-12-21,3830.538,5845.835,940.835,21069.76,2342.122,409.98,198.099
2022-12-22,3836.028,5779.056,930.805,21405.984,2342.122,409.94,198.227
2022-12-23,3828.219,5763.346,920.351,21499.01,2342.122,409.03,198.219
2022-12-26,3843.489,5843.256,951.11,21308.482,2342.122,407.53,198.444
2022-12-27,3887.854,5885.662,963.136,21651.171,2342.122,407.98,198.479
2022-12-28,3871.264,5862.097,957.274,21549.615,2342.122,408.99,198.418
2022-12-29,3856.701,5857.402,962.253,21384.619,2342.122,407.19,198.481
2022-12-30,3871.634,5864.467,959.905,21573.151,2342.122,410.49,198.511
2023-01-03,3887.899,5955.897,979.913,21231.83,2342.122,412.26,198.599
2023-01-04,3892.948,5952.454,972.378,21245.487,2342.122,413.84,198.652
2023-01-05,3968.578,6010.464,983.52,21937.182,2342.122,412.73,198.701
2023-01-06,3980.889,6012.815,991.095,21891.807,2342.122,409.35,198.716
2023-01-09,4013.12,6040.019,988.669,22270.488,2342.122,413.42,198.724
2023-01-10,4017.474,6048.297,990.315,22372.755,2342.122,414.13,198.757
2023-01-11,4010.031,6014.157,973.962,22263.854,2342.122,415.0,198.478
2023-01-12,4017.869,6015.287,974.194,22132.128,2342.122,414.37,198.745
2023-01-13,4074.377,6057.69,974.312,22749.508,2342.122,414.43,198.763
2023-01-16,4137.964,6126.177,992.613,23224.997,2342.122,417.21,198.767
2023-01-17,4137.242,6132.639,1003.677,23014.16,2342.122,418.19,198.738
2023-01-18,4130.314,6151.456,1006.746,22739.311,2342.122,418.23,198.746
2023-01-19,4156.008,6204.326,1023.651,22681.303,2342.122,419.21,198.803
2023-01-20,4181.527,6251.434,1029.135,22658.017,2342.122,422.45,198.863
2023-01-30,4201.345,6283.327,1031.61,22870.123,2342.122,422.67,198.986
2023-01-31,4156.858,6289.15,1014.358,22459.446,2342.122,418.33,199.017
2023-02-01,4195.933,6365.905,1026.398,22628.608,2342.122,421.67,199.03
2023-02-02,4181.149,6370.141,1031.68,22750.116,2342.122,425.85,199.06
2023-02-03,4141.632,6343.686,1033.87,22498.166,2342.122,419.52,199.087
2023-02-06,4086.878,6302.335,1024.426,22181.617,2342.122,414.04,199.085
2023-02-07,4094.234,6317.238,1020.166,22143.282,2342.122,413.0,199.13
2023-02-08,4076.141,6268.276,1010.694,21967.218,2342.122,413.45,199.142
2023-02-09,4130.857,6354.562,1036.861,22397.31,2342.122,414.54,199.122
2023-02-10,4106.31,6334.252,1024.538,22420.396,2342.122,412.65,199.116
2023-02-13,4143.574,6383.828,1024.036,22939.678,2342.122,413.83,199.174
2023-02-14,4145.29,6397.215,1022.669,22843.991,2342.122,413.08,199.182
2023-02-15,4123.689,6384.348,1024.217,22701.685,2342.122,412.4,199.154
2023-02-16,4093.488,6289.479,1005.18,22652.722,2342.122,412.0,199.168
2023-02-17,4034.507,6237.405,986.335,22532.58,2342.122,411.35,199.205
2023-02-20,4133.49,6346.068,998.832,22917.033,2342.122,413.15,199.235
2023-02-21,4144.354,6383.425,995.725,22835.555,2342.122,411.8,199.181
2023-02-22,4106.951,6375.068,989.653,22798.977,2342.122,414.0,199.217
2023-02-23,4103.646,6360.32,992.462,22638.902,2342.122,412.78,199.22
2023-02-24,4061.046,6340.844,990.632,22385.779,2342.122,414.01,199.239
2023-02-27,4043.844,6307.206,986.282,22528.432,2342.122,413.04,199.266
2023-02-28,4069.459,6357.535,990.467,22569.292,2342.122,412.69,199.275
2023-03-01,4126.942,6402.141,994.634,22757.152,2342.122,414.75,199.318
2023-03-02,4117.738,6382.232,988.894,22689.986,2342.122,414.3,199.28
2023-03-03,4130.551,6390.318,998.901,22587.666,2342.122,416.21,199.241
2023-03-06,4109.01,6395.219,1007.635,22542.872,2342.122,420.26,199.378
2023-03-07,4048.852,6284.299,990.575,22052.857,2342.122,419.76,199.233
2023-03-08,4034.108,6301.516,994.886,21904.138,2342.122,415.22,199.451
2023-03-09,4019.851,6285.952,998.303,21746.464,2342.122,415.46,199.482
2023-03-10,3967.135,6204.899,993.552,21491.653,2342.122,417.73,199.531
2023-03-13,4008.686,6245.003,998.907,21854.178,2342.122,421.45,199.508
2023-03-14,3984.696,6189.397,1013.391,21848.098,2342.122,427.0,199.594
2023-03-15,3986.902,6224.64,1007.304,21679.32,2342.122,426.56,199.605
2023-03-16,3939.151,6140.832,992.435,21532.369,2342.122,430.29,199.584
2023-03-17,3958.819,6183.184,1015.758,21305.724,2342.122,432.42,199.648
2023-03-20,3939.077,6160.354,1025.321,21034.465,2342.122,449.23,199.72
2023-03-21,3982.378,6234.679,1030.186,21468.915,2342.122,441.36,199.739
2023-03-22,3999.443,6269.738,1034.049,21427.57,2342.122,434.14,199.732
2023-03-23,4039.09,6305.759,1058.988,21546.316,2342.122,438.2,199.892
2023-03-24,4027.046,6310.098,1060.987,21585.817,2342.122,439.66,199.887
2023-03-27,4012.477,6311.6,1057.487,21484.036,2342.122,437.22,199.819
2023-03-28,3999.515,6279.922,1038.625,21765.736,2342.122,435.81,199.859
2023-03-29,4006.144,6260.551,1062.136,21795.572,2342.122,437.01,199.865
2023-03-30,4038.526,6286.177,1065.69,22053.73,2342.122,437.19,199.882
2023-03-31,4050.926,6339.818,1081.541,22112.825,2342.122,440.74,199.947
2023-04-03,4090.568,6413.807,1126.489,22048.41,2342.122,435.56,199.779
2023-04-04,4103.105,6408.899,1129.084,22289.834,2342.122,439.51,200.001
2023-04-06,4096.64,6416.846,1146.964,21960.203,2342.122,446.69,200.038
2023-04-07,4123.28,6464.466,1161.021,21837.772,2342.122,445.9,200.071
2023-04-10,4104.812,6410.522,1129.172,21617.832,2342.122,442.33,200.242
2023-04-11,4100.148,6420.877,1121.74,21329.744,2342.122,444.19,200.231
2023-04-12,4097.288,6443.439,1129.406,20894.303,2342.122,447.34,200.269
2023-04-13,4068.979,6404.646,1100.126,20993.141,2342.122,447.86,200.327
2023-04-14,4091.999,6431.069,1136.213,20787.692,2342.122,449.35,200.338
2023-04-17,4149.384,6459.24,1140.13,21019.985,2342.122,445.44,200.395
2023-04-18,4162.032,6449.853,1129.817,21110.27,2342.122,443.7,200.447
2023-04-19,4124.559,6416.97,1134.404,20966.854,2342.122,443.52,200.487
2023-04-20,4113.019,6411.756,1164.948,20726.231,2342.122,444.15,200.492
2023-04-21,4032.567,6250.545,1116.825,20591.368,2342.122,442.44,200.514
2023-04-24,3982.643,6208.78,1096.378,20219.142,2342.122,441.64,200.584
2023-04-25,3962.666,6118.153,1076.865,20472.413,2342.122,445.44,200.645
2023-04-26,3959.232,6142.154,1069.005,20429.488,2342.122,445.93,200.667
2023-04-27,3988.419,6157.936,1068.012,20540.301,2342.122,446.72,200.745
2023-04-28,4029.086,6241.244,1087.869,20761.505,2342.122,443.37,200.768
2023-05-04,4030.247,6262.389,1064.205,20581.639,2342.122,452.79,200.904
2023-05-05,4016.877,6200.576,1049.089,20648.233,2342.122,454.92,201.042
2023-05-08,4062.662,6248.583,1057.214,20453.119,2342.122,450.3,201.123
2023-05-09,4027.875,6181.976,1034.213,20457.859,2342.122,451.14,201.144
2023-05-10,3996.87,6173.809,1025.706,20327.416,2342.122,452.6,201.244
2023-05-11,3990.664,6154.47,1025.971,20266.895,2342.122,452.86,201.304
2023-05-12,3937.762,6091.646,1014.105,20127.162,2342.122,450.41,201.324
2023-05-15,3998.887,6159.389,1025.785,20256.01,2342.122,452.13,201.39
2023-05-16,3978.205,6110.827,1025.866,20118.357,2342.122,450.96,201.366
2023-05-17,3960.165,6122.052,1029.65,19924.081,2342.122,449.17,201.379
2023-05-18,3956.07,6128.176,1034.822,19709.537,2342.122,448.5,201.368
2023-05-19,3944.54,6117.083,1040.161,19885.583,2342.122,446.72,201.432
2023-05-22,3969.328,6115.315,1032.112,20298.417,2342.122,448.43,201.499
2023-05-23,3913.188,6052.43,1016.106,20048.783,2342.122,446.0,201.796
2023-05-24,3859.094,6005.791,1011.774,19782.536,2342.122,448.87,201.817
2023-05-25,3850.5,5988.189,1021.719,19605.022,2342.122,447.64,201.784
2023-05-26,3850.951,6034.983,1038.661,19576.494,2342.122,445.28,201.706
2023-05-29,3833.942,6025.155,1028.38,19396.176,2342.122,444.56,201.875
2023-05-30,3837.753,6061.309,1044.425,19204.686,2342.122,443.77,201.88
2023-05-31,3798.543,6047.802,1053.91,18840.341,2342.122,449.62,201.899
2023-06-01,3806.868,6051.46,1053.549,18947.009,2342.122,449.23,201.991
2023-06-02,3861.834,6105.218,1053.291,19302.507,2342.122,451.11,201.978
2023-06-05,3844.249,6097.106,1051.734,19022.424,2342.122,446.31,202.045
2023-06-06,3808.163,5983.42,1022.984,18977.736,2342.122,449.02,202.067
2023-06-07,3789.342,5987.011,1019.051,18810.395,2342.122,449.29,202.091
2023-06-08,3820.187,5966.148,1007.12,19017.938,2342.122,447.59,202.01
2023-06-09,3836.703,6009.583,1032.551,18970.324,2342.122,450.88,202.077
2023-06-12,3844.432,6027.712,1026.639,19375.693,2342.122,451.45,202.17
2023-06-13,3864.907,6044.037,1039.463,19388.169,2342.122,453.21,202.297
2023-06-14,3864.025,6044.077,1035.314,19657.656,2342.122,450.2,202.415
2023-06-15,3925.499,6096.808,1033.85,19956.568,2342.122,446.32,202.366
2023-06-16,3963.351,6148.013,1052.883,20109.819,2342.122,450.07,202.309
2023-06-19,3930.908,6131.385,1055.454,19787.315,2342.122,450.33,202.342
2023-06-20,3924.238,6126.113,1055.412,19609.724,2342.122,451.13,202.331
2023-06-21,3864.032,5990.846,1020.222,19387.82,2342.122,449.97,202.41
2023-06-26,3809.696,5887.032,1010.314,19043.944,2342.122,449.3,202.496
2023-06-27,3845.433,5948.003,1011.352,19111.602,2342.122,449.25,202.485
2023-06-28,3840.799,5942.311,1008.219,19138.662,2342.122,446.8,202.553
2023-06-29,3821.844,5940.578,1001.458,18933.897,2342.122,447.09,202.578
2023-06-30,3842.452,5998.729,1005.15,18897.21,2342.122,448.47,202.777
2023-07-03,3892.882,6042.312,1008.399,19294.003,2342.122,449.5,202.807
2023-07-04,3899.013,6055.258,1015.396,19363.743,2342.122,450.0,202.884
2023-07-05,3868.805,6020.821,1005.732,19026.642,2342.122,450.74,202.896
2023-07-06,3842.755,5988.553,1002.111,18900.224,2342.122,450.41,202.915
2023-07-07,3825.699,5961.606,991.849,18896.478,2342.122,449.92,202.962
2023-07-10,3844.327,5984.281,993.731,18960.208,2342.122,451.35,203.023
2023-07-11,3869.486,6029.232,1001.414,18985.727,2342.122,450.29,203.066
2023-07-12,3843.437,5962.794,984.981,18996.636,2342.122,451.26,203.072
2023-07-13,3898.423,6044.058,995.973,19452.36,2342.122,454.9,203.075
2023-07-14,3899.103,6030.519,991.559,19345.77,2342.122,452.5,203.074
2023-07-17,3867.175,6012.69,984.821,19218.305,2342.122,454.15,203.156
2023-07-18,3854.939,6001.8,980.019,19128.079,2342.122,456.34,203.206
2023-07-19,3850.866,5993.413,975.115,19102.712,2342.122,462.17,203.219
2023-07-20,3823.695,5925.484,961.13,19098.976,2342.122,460.94,203.239
2023-07-21,3821.91,5925.626,955.549,19407.614,2342.122,458.33,203.322
2023-07-24,3805.221,5916.714,950.552,19191.62,2342.122,458.63,203.412
2023-07-25,3915.115,6016.631,964.396,19754.652,2342.122,455.58,203.281
2023-07-26,3907.013,6001.54,961.597,19779.844,2342.122,457.99,203.306
2023-07-27,3902.346,5961.184,952.296,19917.745,2342.122,458.85,203.393
2023-07-28,3992.738,6043.244,962.645,20279.553,2342.122,455.68,203.38
2023-07-31,4014.63,6088.243,968.994,20386.543,2342.122,455.35,203.383
2023-08-01,3998.001,6098.879,969.683,20176.647,2342.122,456.44,203.465
2023-08-02,3969.895,6077.465,968.439,20023.262,2342.122,456.81,203.521
2023-08-03,4004.984,6098.687,970.373,20150.039,2342.122,454.7,203.595
2023-08-04,4020.579,6128.556,975.778,20165.595,2342.122,454.02,203.599
2023-08-07,3990.153,6090.731,968.898,20006.418,2342.122,454.89,203.667
2023-08-08,3979.732,6066.102,965.532,19979.404,2342.122,454.84,203.676
2023-08-09,3967.565,6021.751,957.369,19977.361,2342.122,455.05,203.705
2023-08-10,3975.717,6031.711,959.17,19956.14,2342.122,453.62,203.719
2023-08-11,3884.254,5913.35,938.765,19530.494,2342.122,455.25,203.764
2023-08-14,3855.906,5916.803,930.495,19305.71,2342.122,455.95,203.887
2023-08-15,3846.536,5879.778,917.45,19243.274,2342.122,456.0,204.012
2023-08-16,3818.334,5833.216,901.787,19213.33,2342.122,456.79,204.056
2023-08-17,3831.101,5874.361,910.378,19462.208,2342.122,456.7,204.07
2023-08-18,3784.004,5777.797,904.249,19096.746,2342.122,456.1,204.163
2023-08-21,3729.555,5710.778,892.093,18942.471,2342.122,457.92,204.317
2023-08-22,3758.227,5741.061,901.128,18890.264,2342.122,457.82,204.345
2023-08-23,3696.634,5629.5,879.459,18629.981,2342.122,458.32,204.352
2023-08-24,3723.429,5652.673,885.476,19005.832,2342.122,459.7,204.372
2023-08-25,3709.152,5581.212,870.399,18975.448,2342.122,459.0,204.389
2023-08-28,3752.619,5644.141,880.191,18909.234,2342.122,459.14,204.353
2023-08-29,3790.107,5770.316,916.455,19157.099,2342.122,460.35,204.36
2023-08-30,3788.51,5775.153,939.648,19089.899,2342.122,461.96,204.383
2023-08-31,3765.268,5739.398,942.613,18984.674,2342.122,464.16,204.411
2023-09-01,3791.491,5750.803,934.787,19229.925,2342.122,463.79,204.391
2023-09-04,3848.952,5829.784,942.428,19596.622,2342.122,465.5,204.313
2023-09-05,3820.317,5788.715,930.629,19413.279,2342.122,465.85,204.316
2023-09-06,3812.028,5790.381,934.604,19380.528,2342.122,464.13,204.28
2023-09-07,3758.475,5702.701,899.828,19126.189,2342.122,464.38,204.194
2023-09-08,3739.993,5708.623,901.506,19011.585,2342.122,467.68,204.224
2023-09-11,3767.537,5774.731,907.505,19182.238,2342.122,468.09,204.249
2023-09-12,3760.605,5770.926,901.622,19219.19,2342.122,469.4,204.276
2023-09-13,3736.651,5715.397,889.132,19181.665,2342.122,470.21,204.303
2023-09-14,3733.508,5702.102,880.802,19093.609,2342.122,474.7,204.38
2023-09-15,3708.777,5704.663,887.013,18916.599,2342.122,469.6,204.38
2023-09-18,3727.711,5719.689,879.534,19087.303,2342.122,469.18,204.331
2023-09-19,3720.502,5687.901,873.618,19033.908,2342.122,471.26,204.349
2023-09-20,3705.69,5651.006,866.023,19002.656,2342.122,472.0,204.343
2023-09-21,3672.445,5611.919,860.394,18656.187,2342.122,472.83,204.373
2023-09-22,3738.933,5698.817,882.878,19007.484,2342.122,471.72,204.327
2023-09-25,3714.604,5666.664,874.555,18916.558,2342.122,475.73,204.303
2023-09-26,3692.893,5646.654,876.051,18783.763,2342.122,474.04,204.358
2023-09-27,3700.495,5674.345,880.17,18790.757,2342.122,462.68,204.373
2023-09-28,3689.517,5690.77,887.8,18542.767,2342.122,447.1,204.443
2023-10-09,3684.727,5658.083,887.212,18400.795,2342.122,438.0,204.587
2023-10-10,3657.126,5630.371,882.044,18362.575,2342.122,449.88,204.575
2023-10-11,3667.548,5629.789,893.449,18400.633,2342.122,450.42,204.508
2023-10-12,3702.382,5671.642,899.984,18429.869,2342.122,451.05,204.511
2023-10-13,3663.41,5633.383,891.72,18138.752,2342.122,453.99,204.569
2023-10-16,3626.597,5580.667,874.026,17870.102,2342.122,460.24,204.625
2023-10-17,3639.402,5595.342,882.191,17930.82,2342.122,462.61,204.594
2023-10-18,3610.577,5524.599,869.762,17887.608,2342.122,466.0,204.568
2023-10-19,3533.545,5464.027,870.101,17320.492,2342.122,468.95,204.523
2023-10-20,3510.589,5423.675,861.809,17243.931,2342.122,474.84,204.581
2023-10-23,3474.244,5290.334,840.144,17174.219,2342.122,472.47,204.644
2023-10-24,3487.13,5352.012,850.614,17274.964,2342.122,473.31,204.588
2023-10-25,3504.458,5375.998,848.646,17654.123,2342.122,471.0,204.648
2023-10-26,3514.145,5398.934,849.309,17773.214,2342.122,474.17,204.71
2023-10-27,3562.385,5492.027,861.852,18160.353,2342.122,475.8,204.707
2023-10-30,3583.772,5546.388,878.129,18374.609,2342.122,476.9,204.758
2023-10-31,3572.506,5528.239,874.406,18429.131,2342.122,476.86,204.794
2023-11-01,3571.027,5509.966,869.918,18640.022,2342.122,475.4,204.852
2023-11-02,3554.189,5459.452,859.932,18446.46,2342.122,476.32,204.928
2023-11-03,3584.136,5510.357,875.373,18615.95,2342.122,476.99,204.927
2023-11-06,3632.608,5605.062,890.207,18589.948,2342.122,474.63,204.984
2023-11-07,3619.759,5611.098,891.456,18530.354,2342.122,471.44,204.969
2023-11-08,3611.072,5608.017,899.626,18481.434,2342.122,470.5,204.977
2023-11-09,3612.826,5592.057,893.798,18495.167,2342.122,467.73,205.211
2023-11-10,3586.489,5573.1,889.75,18368.334,2342.122,469.46,205.254
2023-11-13,3579.414,5605.569,896.551,18245.346,2342.122,468.94,205.326
2023-11-14,3582.058,5630.553,904.341,18260.051,2342.122,470.78,205.137
2023-11-15,3607.245,5664.617,902.18,18354.532,2342.122,471.55,205.159
2023-11-16,3572.364,5609.361,887.111,18179.067,2342.122,470.88,205.204
2023-11-17,3568.069,5631.423,891.38,18083.791,2342.122,471.65,205.251
2023-11-20,3576.323,5659.773,892.631,18232.237,2342.122,466.35,205.263
2023-11-21,3581.067,5641.084,884.895,18420.365,2342.122,466.79,205.276
2023-11-22,3544.416,5572.899,870.76,18326.964,2342.122,465.69,205.263
2023-11-23,3561.52,5622.989,877.77,18325.451,2342.122,465.0,205.218
2023-11-24,3538.009,5570.421,864.774,18344.482,2342.122,465.02,205.255
2023-11-27,3511.942,5566.507,868.03,18175.175,2342.122,469.83,205.235
2023-11-28,3518.523,5591.496,871.906,18156.324,2342.122,471.31,205.21
2023-11-29,3488.307,5553.335,862.036,18105.132,2342.122,474.22,205.219
2023-11-30,3496.203,5545.05,865.685,18226.629,2342.122,474.04,205.253
2023-12-01,3482.881,5566.869,867.537,17959.201,2342.122,474.32,205.269
2023-12-04,3460.138,5559.068,861.92,17808.417,2342.122,480.45,205.268
2023-12-05,3394.257,5460.409,845.8,17497.544,2342.122,473.93,205.274
2023-12-06,3399.598,5481.824,848.791,17615.854,2342.122,473.7,205.279
2023-12-07,3391.282,5481.136,847.476,17570.767,2342.122,474.45,205.298
2023-12-08,3399.462,5497.99,868.234,17529.939,2342.122,474.1,205.398
2023-12-11,3419.455,5564.854,878.516,17438.471,2342.122,469.34,205.498
2023-12-12,3426.803,5566.178,869.967,17507.949,2342.122,467.76,205.516
2023-12-13,3369.605,5507.513,861.251,17011.121,2342.122,466.01,205.619
2023-12-14,3351.964,5489.327,855.898,16793.503,2342.122,475.03,205.676
2023-12-15,3341.552,5449.786,847.507,16805.535,2342.122,474.0,205.733
2023-12-18,3329.366,5385.27,840.681,16794.422,2342.122,473.82,205.812
2023-12-19,3334.041,5379.874,845.859,16760.903,2342.122,473.99,205.865
2023-12-20,3297.502,5309.287,835.713,16562.947,2342.122,476.6,205.891
2023-12-21,3330.87,5338.762,847.817,16752.872,2342.122,475.54,205.612
2023-12-22,3337.228,5311.69,843.318,16783.892,2342.122,478.66,205.702
2023-12-25,3347.451,5315.375,837.222,16907.406,2342.122,479.0,205.861
2023-12-26,3324.79,5258.284,825.258,16801.278,2342.122,480.49,205.901
2023-12-27,3336.357,5285.53,830.057,16932.372,2342.122,482.17,205.917
2023-12-28,3414.54,5382.797,850.385,17415.797,2342.122,482.19,205.991
2023-12-29,3431.11,5429.229,852.005,17426.77,2342.122,479.59,206.034
2024-01-02,3386.352,5409.455,839.801,17106.311,2342.122,483.66,206.073
2024-01-03,3378.297,5401.395,829.772,17000.171,2342.122,481.49,206.017
2024-01-04,3347.052,5355.322,823.848,16725.152,2342.122,480.4,206.176
2024-01-05,3329.111,5281.871,807.729,16607.573,2342.122,480.0,206.318
2024-01-08,3286.056,5167.7,784.433,16337.794,2342.122,479.0,206.725
2024-01-09,3292.499,5180.653,782.926,16327.274,2342.122,478.66,206.872
2024-01-10,3277.129,5158.078,777.153,16373.858,2342.122,478.08,206.888
2024-01-11,3295.672,5223.863,789.864,16482.667,2342.122,478.2,206.885
2024-01-12,3284.167,5206.178,778.358,16484.914,2342.122,479.18,206.862
2024-01-15,3280.92,5193.296,773.405,16339.016,2342.122,483.44,206.913
2024-01-16,3300.876,5190.398,777.403,16416.166,2342.122,482.7,206.896
2024-01-17,3229.082,5061.54,757.045,15979.762,2342.122,477.3,206.945
2024-01-18,3274.729,5066.958,768.282,16201.579,2342.122,476.0,206.906
2024-01-19,3269.776,5018.433,765.47,16225.501,2342.122,479.51,207.135
2024-01-22,3218.902,4780.975,742.227,15893.709,2342.122,478.39,207.292
2024-01-23,3231.933,4865.743,749.743,15871.181,2342.122,478.52,207.279
2024-01-24,3277.109,4933.701,750.275,15941.01,2342.122,478.0,207.248
2024-01-25,3342.919,5073.178,765.791,16209.36,2342.122,475.8,207.313
2024-01-26,3333.821,5027.093,746.096,16201.055,2342.122,479.26,207.462
2024-01-29,3303.96,4927.914,725.308,16254.568,2342.122,479.2,207.55
2024-01-30,3245.039,4814.991,697.845,15870.927,2342.122,480.15,207.871
2024-01-31,3215.352,4696.98,684.852,15678.01,2342.122,480.0,208.067
2024-02-01,3217.711,4678.731,690.005,15739.177,2342.122,480.0,208.184
2024-02-02,3179.628,4563.222,673.407,15694.124,2342.122,483.55,208.155
2024-02-05,3200.422,4460.264,676.793,15892.94,2342.122,479.11,208.334
2024-02-06,3311.692,4805.901,720.8,16492.586,2342.122,478.81,208.264
2024-02-07,3343.63,5109.569,743.423,16874.541,2342.122,480.08,208.277
2024-02-08,3364.93,5150.229,751.504,16834.219,2342.122,480.58,208.329
2024-02-19,3403.808,5141.604,763.316,16798.226,2342.122,479.52,208.482
2024-02-20,3410.854,5140.958,754.702,16799.05,2342.122,479.66,208.52
2024-02-21,3456.871,5139.037,755.155,17255.27,2342.122,479.57,208.604
2024-02-22,3486.675,5176.343,762.382,17338.264,2342.122,479.32,208.716
2024-02-23,3489.742,5197.712,764.482,17347.011,2342.122,477.81,208.807
2024-02-26,3453.359,5195.464,768.488,17155.484,2342.122,480.57,208.92
2024-02-27,3494.787,5307.804,796.907,17206.299,2342.122,481.3,209.126
2024-02-28,3450.26,5184.047,771.592,17060.566,2342.122,480.1,209.125
2024-02-29,3516.083,5346.793,807.707,17319.801,2342.122,480.96,209.298
2024-03-01,3537.804,5379.048,815.487,17276.302,2342.122,483.4,209.266
2024-03-04,3540.869,5388.82,818.513,17137.053,2342.122,489.0,209.434
2024-03-05,3565.514,5351.827,817.772,17378.583,2342.122,496.52,209.472
2024-03-06,3551.048,5350.102,811.899,17171.09,2342.122,499.76,209.604
2024-03-07,3529.72,5277.299,794.239,17138.802,2342.122,505.1,209.771
2024-03-08,3544.91,5349.595,803.2,17040.804,2342.122,505.84,209.787
2024-03-11,3589.264,5441.051,818.439,17362.208,2342.122,507.29,209.77
2024-03-12,3597.494,5423.718,817.75,17876.171,2342.122,505.24,209.531
2024-03-13,3572.361,5415.113,814.932,17681.833,2342.122,504.79,209.432
2024-03-14,3562.223,5392.927,804.856,17615.535,2342.122,505.2,209.467
2024-03-15,3569.993,5454.146,808.674,17694.967,2342.122,507.12,209.525
2024-03-18,3603.528,5528.447,825.4,17750.71,2342.122,503.26,209.677
2024-03-19,3577.63,5478.225,811.774,17974.259,2342.122,504.06,209.852
2024-03-20,3585.384,5493.414,814.027,17942.646,2342.122,505.2,209.923
2024-03-21,3581.09,5465.829,806.138,18073.053,2342.122,514.94,209.857
2024-03-22,3545.002,5384.566,794.201,17731.174,2342.122,511.16,210.026
2024-03-25,3525.763,5294.746,781.646,17589.819,2342.122,511.13,209.991
2024-03-26,3543.747,5284.419,772.089,17795.9,2342.122,512.52,209.868
2024-03-27,3502.787,5156.684,752.821,17574.183,2342.122,515.94,209.888
2024-03-28,3520.965,5223.806,763.275,17529.023,2342.122,518.8,210.002
2024-03-29,3537.484,5286.161,762.742,17633.285,2342.122,527.54,210.089
2024-04-01,3595.647,5401.225,775.526,18014.145,2342.122,533.74,210.053
2024-04-02,3580.676,5381.229,768.787,17888.852,2342.122,533.8,210.103
2024-04-03,3567.803,5374.595,756.764,17952.198,2342.122,537.5,210.24
2024-04-08,3536.408,5298.591,740.665,17483.29,2342.122,554.11,210.179
2024-04-09,3533.487,5342.898,749.626,17442.041,2342.122,555.5,210.523
2024-04-10,3504.709,5275.473,735.734,17232.511,2342.122,557.9,210.736
2024-04-11,3504.245,5301.809,738.674,17161.243,2342.122,554.14,211.15
2024-04-12,3475.839,5277.219,738.43,16877.782,2342.122,567.21,211.624
2024-04-15,3549.076,5339.722,750.899,17305.467,2342.122,558.68,211.59
2024-04-16,3511.115,5191.554,733.147,17162.648,2342.122,562.5,211.583
2024-04-17,3565.403,5339.747,750.888,17241.535,2342.122,564.46,211.657
2024-04-18,3569.802,5349.836,745.695,17357.514,2342.122,563.37,211.826
2024-04-19,3541.662,5314.867,730.562,17200.511,2342.122,565.55,211.902
2024-04-22,3530.905,5267.581,731.811,17516.255,2342.122,556.55,212.056
2024-04-23,3506.225,5208.271,727.853,17627.395,2342.122,544.01,212.123
2024-04-24,3521.622,5263.039,738.635,17622.008,2342.122,548.33,212.045
2024-04-25,3530.281,5259.335,733.344,17585.738,2342.122,548.16,212.04
2024-04-26,3584.269,5372.121,752.25,17815.958,2342.122,553.0,211.965
2024-04-29,3623.912,5478.491,776.154,17906.666,2342.122,549.06,211.76
2024-04-30,3604.394,5441.141,767.464,17929.029,2342.122,545.8,211.855
2024-05-06,3657.877,5528.604,777.663,18302.685,2342.122,544.13,211.993
2024-05-07,3659.008,5527.085,769.792,18355.506,2342.122,544.84,212.11
2024-05-08,3630.223,5458.756,761.658,18356.311,2342.122,544.18,212.1
2024-05-09,3664.561,5556.771,778.873,18430.014,2342.122,543.43,212.04
2024-05-10,3666.277,5535.395,767.172,18391.723,2342.122,556.34,211.962
2024-05-13,3664.691,5505.26,763.69,18241.381,2342.122,553.01,212.185
2024-05-14,3657.045,5500.738,760.305,18256.558,2342.122,550.66,212.312
2024-05-15,3626.056,5446.656,749.474,18102.685,2342.122,555.99,212.364
2024-05-16,3640.359,5424.665,746.472,18163.565,2342.122,560.35,212.345
2024-05-17,3677.97,5491.894,754.418,18408.62,2342.122,561.44,212.312
2024-05-20,3690.962,5523.501,753.542,18591.774,2342.122,573.8,212.458
2024-05-21,3676.161,5478.913,748.235,18591.143,2342.122,568.96,212.367
2024-05-22,3684.451,5468.607,754.973,18448.753,2342.122,568.6,212.528
2024-05-23,3641.792,5362.305,742.396,18215.597,2342.122,556.72,212.607
2024-05-24,3601.475,5313.455,727.207,18036.429,2342.122,551.43,212.455
2024-05-27,3635.708,5371.369,738.653,18106.75,2342.122,551.6,212.503
2024-05-28,3609.172,5316.129,734.849,17907.903,2342.122,552.7,212.662
2024-05-29,3613.522,5328.306,734.333,17902.391,2342.122,555.76,212.752
2024-05-30,3594.312,5308.66,742.704,17679.39,2342.122,551.72,212.819
2024-05-31,3579.925,5308.54,743.228,17615.213,2342.122,553.6,212.693
2024-06-03,3588.748,5274.069,750.427,17673.732,2342.122,549.19,212.697
2024-06-04,3615.671,5341.95,753.638,17827.337,2342.122,553.49,212.788
2024-06-05,3594.794,5277.941,752.045,17563.411,2342.122,550.25,212.885
2024-06-06,3592.245,5228.8,743.229,17420.79,2342.122,559.36,212.927
2024-06-07,3574.114,5208.98,737.926,17275.635,2342.122,559.9,212.94
2024-06-11,3542.877,5217.47,755.835,16981.114,2342.122,543.95,213.126
2024-06-12,3544.123,5232.953,754.933,16976.879,2342.122,545.97,213.133
2024-06-13,3526.131,5194.59,758.982,16678.529,2342.122,546.26,213.164
2024-06-14,3541.533,5213.093,754.261,16806.333,2342.122,546.24,213.26
2024-06-17,3536.199,5207.128,757.106,16716.477,2342.122,547.33,213.302
2024-06-18,3545.59,5230.891,756.904,16508.266,2342.122,547.64,213.462
2024-06-19,3528.749,5168.82,751.688,16350.863,2342.122,550.06,213.518
2024-06-20,3503.282,5094.565,755.151,16175.133,2342.122,554.35,213.627
2024-06-21,3495.62,5102.329,758.374,16039.273,2342.122,556.25,213.633
2024-06-24,3476.81,4992.91,739.142,16018.777,2342.122,549.98,213.724
2024-06-25,3457.902,4948.634,717.749,16008.605,2342.122,549.75,213.851
2024-06-26,3480.265,5020.432,729.644,16009.193,2342.122,546.18,213.891
2024-06-27,3454.118,4928.051,715.357,15889.723,2342.122,543.88,213.947
2024-06-28,3461.657,4942.782,712.077,15722.701,2342.122,549.88,214.139
2024-07-01,3478.183,5003.161,709.603,15775.434,2342.122,549.2,214.058
2024-07-02,3471.786,4949.477,699.123,15817.101,2342.122,549.5,214.081
2024-07-03,3463.414,4910.925,701.785,15732.579,2342.122,554.16,214.127
2024-07-04,3445.813,4834.498,690.376,15556.129,2342.122,556.45,214.117
2024-07-05,3431.061,4866.265,698.849,15453.525,2342.122,557.96,214.076
2024-07-08,3401.76,4783.617,692.488,15233.574,2342.122,559.22,214.029
2024-07-09,3439.811,4876.899,709.888,15220.962,2342.122,555.9,214.072
2024-07-10,3428.966,4844.162,710.369,15263.49,2342.122,560.85,214.125
2024-07-11,3468.169,4939.732,718.04,15571.889,2342.122,561.78,214.093
2024-07-12,3472.401,4919.364,718.37,15517.805,2342.122,563.26,214.254
2024-07-15,3476.247,4883.897,715.864,15620.133,2342.122,563.66,214.344
2024-07-16,3498.283,4898.363,732.064,15619.415,2342.122,570.82,214.322
2024-07-17,3501.584,4856.579,729.002,15911.389,2342.122,577.37,214.38
2024-07-18,3520.931,4877.692,735.41,15970.113,2342.122,577.56,214.322
2024-07-19,3539.016,4872.053,749.471,16164.218,2342.122,561.9,214.418
2024-07-22,3514.925,4865.978,752.001,15898.132,2342.122,563.32,214.651
2024-07-23,3439.878,4722.799,721.108,15340.353,2342.122,560.0,214.735
2024-07-24,3418.166,4668.062,713.321,15154.913,2342.122,566.35,214.794
2024-07-25,3399.272,4665.449,713.883,15158.005,2342.122,552.4,214.87
2024-07-26,3409.293,4736.377,719.87,15165.675,2342.122,555.5,215.017
2024-07-29,3390.742,4708.844,707.597,14906.964,2342.122,558.79,215.18
2024-07-30,3369.382,4699.282,710.015,14886.273,2342.122,558.68,215.407
2024-07-31,3442.084,4886.414,743.374,15358.121,2342.122,563.26,215.459
2024-08-01,3419.267,4852.973,738.871,15046.936,2342.122,568.61,215.575
2024-08-02,3384.392,4788.616,725.66,15065.541,2342.122,571.17,215.681
2024-08-05,3343.321,4693.848,704.296,15181.159,2342.122,560.7,215.968
2024-08-06,3342.979,4750.776,713.864,15241.436,2342.122,554.28,215.823
2024-08-07,3341.489,4751.941,707.588,15216.116,2342.122,554.7,216.03
2024-08-08,3342.937,4755.815,708.923,15438.602,2342.122,555.16,215.932
2024-08-09,3331.627,4720.31,705.546,15324.904,2342.122,560.94,215.867
2024-08-12,3325.865,4714.159,707.331,15346.995,2342.122,564.1,215.546
2024-08-13,3334.39,4731.835,710.747,15238.239,2342.122,567.84,215.659
2024-08-14,3309.239,4667.073,700.93,15029.546,2342.122,566.71,215.861
2024-08-15,3341.953,4698.375,707.551,15093.643,2342.122,565.66,215.742
2024-08-16,3345.634,4670.379,705.224,14977.414,2342.122,566.14,215.864
2024-08-19,3356.968,4682.963,703.322,14857.346,2342.122,572.26,215.983
2024-08-20,3332.703,4602.01,693.523,14647.065,2342.122,572.75,216.1
2024-08-21,3321.635,4587.122,691.636,14496.873,2342.122,574.5,216.059
2024-08-22,3313.136,4533.37,685.531,14320.511,2342.122,572.89,216.188
2024-08-23,3327.191,4537.087,685.759,14297.03,2342.122,571.58,216.234
2024-08-26,3324.223,4544.359,682.499,14205.617,2342.122,574.89,216.305
2024-08-27,3305.334,4495.286,674.347,14069.879,2342.122,573.99,216.217
2024-08-28,3286.496,4500.009,671.22,13879.953,2342.122,573.33,216.294
2024-08-29,3277.681,4557.901,679.595,14081.217,2342.122,574.9,216.284
2024-08-30,3321.432,4639.114,694.164,14414.661,2342.122,573.44,216.285
2024-09-02,3265.011,4546.883,670.011,14012.112,2342.122,570.7,216.474
2024-09-03,3273.428,4596.482,674.955,14181.0,2342.122,571.48,216.46
2024-09-04,3252.165,4582.084,672.284,14023.17,2342.122,567.53,216.542
2024-09-05,3257.758,4601.091,671.265,14113.092,2342.122,571.79,216.671
2024-09-06,3231.346,4537.454,662.337,13937.781,2342.122,572.84,216.699
2024-09-09,3192.952,4507.187,654.939,13802.178,2342.122,570.26,216.819
2024-09-10,3195.755,4507.707,660.014,13786.543,2342.122,572.72,217.037
2024-09-11,3186.13,4514.916,664.332,13777.484,2342.122,575.74,217.238
2024-09-12,3172.475,4496.592,658.854,13504.211,2342.122,575.0,217.302
2024-09-13,3159.247,4450.959,655.046,13295.672,2342.122,582.54,217.44
2024-09-18,3171.01,4462.87,647.409,13127.275,2342.122,581.98,217.832
2024-09-19,3196.036,4520.394,651.466,13420.256,2342.122,583.05,218.048
2024-09-20,3201.05,4498.39,648.36,13373.088,2342.122,588.3,218.19
2024-09-23,3212.764,4494.688,643.042,13357.489,2342.122,592.2,218.281
2024-09-24,3351.909,4689.596,667.049,14162.329,2342.122,592.0,218.126
2024-09-25,3401.533,4731.476,667.338,14262.228,2342.122,595.66,218.136
2024-09-26,3545.32,4938.184,693.149,15372.354,2342.122,597.15,218.137
2024-09-27,3703.685,5201.666,740.016,16518.284,2342.122,597.16,217.583
2024-09-30,4017.855,5743.217,872.365,17976.366,2342.122,595.25,216.946
2024-10-08,4256.096,6155.582,1023.967,18403.438,2342.122,593.4,216.954
2024-10-09,3955.984,5735.641,997.852,16788.197,2342.122,588.6,216.999
2024-10-10,3997.788,5690.882,954.172,17143.876,2342.122,590.89,217.373
2024-10-11,3887.167,5470.813,898.899,16678.638,2342.122,597.3,217.593
2024-10-14,3961.342,5608.153,925.955,16828.949,2342.122,600.82,217.568
2024-10-15,3855.995,5472.56,898.827,16270.058,2342.122,603.26,217.617
2024-10-16,3831.589,5461.088,875.689,16061.33,2342.122,609.96,217.601
2024-10-17,3788.222,5418.988,879.096,15741.779,2342.122,612.66,217.64
2024-10-18,3925.234,5640.02,978.661,16207.059,2342.122,616.83,217.692
2024-10-21,3935.197,5704.225,1000.375,16279.784,2342.122,624.06,217.681
2024-10-22,3957.776,5753.85,985.834,16526.563,2342.122,625.0,217.683
2024-10-23,3973.209,5776.383,979.151,16701.806,2342.122,628.68,217.468
2024-10-24,3928.833,5726.704,977.601,16433.255,2342.122,623.03,217.484
2024-10-25,3956.421,5809.688,991.216,16565.823,2342.122,621.5,217.394
2024-10-28,3964.157,5883.72,986.56,16886.69,2342.122,624.65,217.379
2024-10-29,3924.649,5812.529,975.372,16562.877,2342.122,629.5,217.434
2024-10-30,3889.449,5837.934,958.822,16441.477,2342.122,636.75,217.482
2024-10-31,3891.04,5901.29,969.448,16426.959,2342.122,634.0,217.472
2024-11-01,3890.02,5831.822,939.765,16558.847,2342.122,627.67,217.64
2024-11-04,3944.762,5928.909,954.667,16778.242,2342.122,623.48,217.704
2024-11-05,4044.573,6111.971,996.169,17094.51,2342.122,623.78,217.873
2024-11-06,4024.283,6125.787,998.095,17045.769,2342.122,624.69,218.08
2024-11-07,4145.695,6239.56,1028.439,18024.576,2342.122,610.01,218.151
2024-11-08,4104.047,6222.445,1025.637,17681.396,2342.122,612.85,218.285
2024-11-11,4131.131,6330.615,1073.835,17543.937,2342.122,613.3,218.291
2024-11-12,4085.743,6263.883,1050.537,17411.991,2342.122,602.81,218.444
2024-11-13,4110.89,6259.841,1061.366,17402.165,2342.122,603.09,218.47
2024-11-14,4039.619,6078.305,1027.316,17145.209,2342.122,591.12,218.379
2024-11-15,3968.831,5924.483,986.876,16957.177,2342.122,591.97,218.47
2024-11-18,3950.381,5833.036,968.713,16756.564,2342.122,598.77,218.433
2024-11-19,3976.891,5936.602,998.015,16742.656,2342.122,607.3,218.513
2024-11-20,3985.773,5992.39,1002.539,16804.027,2342.122,608.0,218.713
2024-11-21,3989.298,5985.313,1011.463,16810.255,2342.122,616.42,218.847
2024-11-22,3865.699,5750.246,969.353,16248.783,2342.122,623.91,218.892
2024-11-25,3848.091,5735.649,957.921,16185.411,2342.122,616.51,219.002
2024-11-26,3840.185,5690.479,951.593,16289.543,2342.122,607.0,219.087
2024-11-27,3907.045,5804.937,985.975,16479.259,2342.122,613.8,219.152
2024-11-28,3872.551,5757.597,983.684,16306.356,2342.122,611.77,219.207
2024-11-29,3916.583,5851.939,1007.391,16527.448,2342.122,614.88,219.351
2024-12-02,3947.632,5943.625,1015.787,16680.049,2342.122,613.18,219.678
2024-12-03,3951.891,5932.121,1005.265,16703.665,2342.122,616.72,219.731
2024-12-04,3930.557,5879.27,999.358,16552.914,2342.122,615.86,219.939
2024-12-05,3921.588,5901.986,1001.844,16474.68,2342.122,616.0,220.045
2024-12-06,3973.141,5979.197,1014.446,16604.153,2342.122,614.09,220.022
2024-12-09,3966.571,5947.109,1003.382,16505.331,2342.122,617.26,220.102
2024-12-10,3995.637,5992.094,1010.911,16808.463,2342.122,619.63,220.688
2024-12-11,3988.831,6047.105,1007.188,16990.694,2342.122,624.79,220.894
2024-12-12,4028.505,6100.395,1010.895,17343.806,2342.122,628.83,221.073
2024-12-13,3933.181,5988.292,989.776,16892.333,2342.122,622.43,221.473
2024-12-16,3911.842,5912.601,975.268,16667.289,2342.122,618.34,221.899
2024-12-17,3922.033,5848.163,967.276,16687.988,2342.122,618.21,221.894
2024-12-18,3941.89,5888.616,981.513,16662.159,2342.122,616.5,221.798
2024-12-19,3945.464,5901.916,993.002,16495.945,2342.122,614.53,221.744
2024-12-20,3927.744,5917.175,1011.209,16438.468,2342.122,611.83,222.088
2024-12-23,3933.572,5818.551,998.607,16353.382,2342.122,618.4,222.253
2024-12-24,3983.688,5895.26,1014.017,16514.271,2342.122,616.34,222.259
2024-12-25,3985.629,5840.289,1017.357,16434.09,2342.122,616.8,222.201
2024-12-26,3987.48,5887.061,1027.023,16387.323,2342.122,618.07,222.156
2024-12-27,3981.031,5899.167,1018.579,16470.931,2342.122,618.55,222.469
2024-12-30,3999.055,5898.884,1020.633,16346.476,2342.122,616.5,222.427
2024-12-31,3934.911,5725.732,988.935,16256.229,2342.122,614.8,222.605
2025-01-02,3820.395,5545.817,955.333,15918.424,2342.122,621.99,223.126
2025-01-03,3775.165,5427.804,941.819,15753.878,2342.122,626.87,223.39
2025-01-06,3768.97,5427.101,938.707,15548.426,2342.122,624.32,223.562
2025-01-07,3796.106,5484.685,965.53,15564.087,2342.122,625.0,223.499
2025-01-08,3789.215,5461.586,965.119,15524.639,2342.122,628.35,223.516
2025-01-09,3779.877,5456.586,961.439,15480.741,2342.122,630.37,223.378
2025-01-10,3732.481,5369.281,950.592,15280.111,2342.122,633.82,223.243
2025-01-13,3722.513,5381.697,952.186,15348.707,2342.122,636.9,223.275
2025-01-14,3820.54,5572.272,981.779,15641.965,2342.122,632.44,223.211
2025-01-15,3796.026,5522.459,977.661,15515.441,2342.122,634.5,223.429
2025-01-16,3800.384,5545.634,956.397,15428.548,2342.122,637.04,223.399
2025-01-17,3812.343,5587.294,965.903,15566.451,2342.122,637.63,223.384
2025-01-20,3829.676,5614.331,968.271,15605.618,2342.122,637.5,223.362
2025-01-21,3832.615,5633.925,976.296,15513.357,2342.122,639.0,223.386
2025-01-22,3797.017,5607.059,975.34,15293.305,2342.122,643.48,223.527
2025-01-23,3803.744,5584.255,966.106,15312.244,2342.122,644.02,223.475
2025-01-24,3832.864,5649.95,974.834,15302.107,2342.122,645.51,223.422
2025-01-27,3817.08,5589.343,955.09,15313.161,2342.122,643.1,223.718
2025-02-05,3795.085,5614.387,982.829,15047.738,2342.122,667.87,223.999
2025-02-06,3842.831,5747.901,1011.22,15121.293,2342.122,667.38,224.222
2025-02-07,3892.703,5833.988,1018.799,15256.837,2342.122,668.99,224.243
2025-02-10,3901.062,5888.551,1036.765,15227.378,2342.122,679.65,224.214
2025-02-11,3883.135,5858.281,1024.412,15107.774,2342.122,683.52,224.237
2025-02-12,3919.862,5940.53,1041.137,15254.324,2342.122,680.21,224.311
2025-02-13,3905.14,5898.261,1017.088,15598.597,2342.122,683.86,224.296
2025-02-14,3939.009,5947.796,1022.464,15585.998,2342.122,686.58,224.189
2025-02-17,3947.398,5948.72,1037.307,15601.464,2342.122,676.28,224.095
2025-02-18,3912.783,5840.711,1011.168,15444.31,2342.122,682.85,223.875
2025-02-19,3940.16,5943.882,1034.571,15571.427,2342.122,686.9,223.864
2025-02-20,3928.896,5957.547,1033.085,15531.244,2342.122,689.18,223.733
2025-02-21,3978.444,6057.065,1094.774,15563.402,2342.122,683.47,223.556
2025-02-24,3969.717,6044.973,1100.054,15662.671,2342.122,685.58,223.181
2025-02-25,3925.651,5979.965,1102.901,15404.03,2342.122,685.17,223.305
2025-02-26,3959.941,6051.74,1126.82,15540.523,2342.122,679.3,223.329
2025-02-27,3968.116,6028.986,1126.287,15813.859,2342.122,676.52,223.195
2025-02-28,3890.049,5859.871,1078.798,15791.527,2342.122,670.78,223.222
2025-03-03,3888.474,5885.77,1062.351,15738.372,2342.122,671.78,223.41
2025-03-04,3885.221,5937.63,1080.665,15679.823,2342.122,679.97,223.399
2025-03-05,3902.571,5950.703,1083.817,15625.186,2342.122,681.57,223.497
2025-03-06,3956.237,6047.773,1121.585,15831.801,2342.122,679.7,223.385
2025-03-07,3944.014,6013.775,1107.623,15966.844,2342.122,679.48,223.066
2025-03-10,3928.802,6013.619,1105.164,15935.685,2342.122,681.99,222.959
2025-03-11,3941.416,6044.974,1100.742,16284.896,2342.122,676.71,222.554
2025-03-12,3927.232,6040.497,1092.708,16112.947,2342.122,679.43,222.522
2025-03-13,3911.579,5993.967,1069.703,16112.237,2342.122,683.77,222.604
2025-03-14,4006.557,6099.981,1088.113,16742.933,2342.122,692.67,222.526
2025-03-17,3996.788,6108.018,1083.213,16751.662,2342.122,695.4,222.244
2025-03-18,4007.723,6133.302,1089.825,16618.189,2342.122,700.8,222.18
2025-03-19,4010.168,6101.437,1076.937,16546.136,2342.122,707.7,222.02
2025-03-20,3974.992,6059.486,1064.793,16327.452,2342.122,709.09,222.344
2025-03-21,3914.696,5971.93,1042.893,16146.457,2342.122,706.55,222.453
2025-03-24,3934.849,5969.079,1045.942,16187.187,2342.122,705.92,222.401
2025-03-25,3932.295,5946.951,1031.697,16209.881,2342.122,704.56,222.585
2025-03-26,3919.357,5948.499,1029.055,16259.056,2342.122,707.79,222.764
2025-03-27,3932.412,5957.602,1040.57,16398.857,2342.122,709.29,222.887
2025-03-28,3915.166,5916.031,1029.476,16279.777,2342.122,721.03,222.898
2025-03-31,3887.306,5857.772,1022.714,16126.993,2342.122,730.8,222.894
2025-04-01,3887.684,5892.85,1024.376,16217.904,2342.122,735.84,222.856
2025-04-02,3884.386,5899.087,1022.748,16179.49,2342.122,732.5,223.078
2025-04-03,3861.503,5845.505,1018.072,16377.323,2342.122,738.94,223.653
2025-04-07,3589.441,5287.033,924.173,15816.361,2342.122,713.98,224.248
2025-04-08,3650.759,5326.914,940.091,16450.083,2342.122,717.5,224.195
2025-04-09,3686.794,5439.772,980.569,16719.632,2342.122,728.88,224.227
2025-04-10,3735.115,5544.065,991.224,16738.342,2342.122,741.26,224.333
2025-04-11,3750.517,5581.318,1011.709,16511.382,2342.122,757.1,224.422
2025-04-14,3759.142,5627.138,1014.283,16451.003,2342.122,762.47,224.427
2025-04-15,3761.235,5602.534,1006.34,16489.725,2342.122,762.9,224.493
2025-04-16,3772.82,5556.864,1014.509,16568.668,2342.122,781.62,224.544
2025-04-17,3772.222,5557.011,1016.812,16655.492,2342.122,786.0,224.495
2025-04-18,3772.523,5560.721,1008.597,16481.824,2342.122,788.62,224.468
2025-04-21,3784.881,5642.381,1019.411,16391.944,2342.122,804.11,224.477
2025-04-22,3783.952,5624.209,1016.218,16423.483,2342.122,825.8,224.487
2025-04-23,3786.882,5634.949,1012.648,16312.398,2342.122,786.99,224.478
2025-04-24,3784.357,5605.88,1003.316,16324.694,2342.122,792.47,224.478
2025-04-25,3786.994,5627.18,1004.572,16239.993,2342.122,785.6,224.48
2025-04-28,3781.619,5598.295,1002.832,16225.509,2342.122,778.4,224.536
2025-04-29,3775.077,5604.906,1003.867,16175.975,2342.122,780.05,224.614
2025-04-30,3770.571,5631.825,1012.417,16217.928,2342.122,780.19,224.731
2025-05-06,3808.542,5740.334,1026.521,16235.919,2342.122,792.2,224.79
2025-05-07,3831.627,5750.291,1030.186,16273.116,2342.122,798.51,224.655
2025-05-08,3852.896,5773.806,1026.439,16303.597,2342.122,786.5,224.774
2025-05-09,3846.157,5721.723,1006.319,16316.393,2342.122,785.5,224.762
2025-05-12,3890.61,5793.674,1011.231,16330.636,2342.122,759.0,224.673
2025-05-13,3896.258,5781.668,1009.682,16318.162,2342.122,763.9,224.652
2025-05-14,3943.211,5799.119,1013.772,16538.673,2342.122,758.38,224.576
2025-05-15,3907.199,5715.297,1000.969,16487.136,2342.122,735.86,224.593
2025-05-16,3889.085,5715.849,995.237,16320.617,2342.122,746.4,224.444
2025-05-19,3877.145,5720.795,995.255,16230.561,2342.122,754.5,224.588
2025-05-20,3898.171,5747.367,997.677,16349.424,2342.122,753.49,224.575
2025-05-21,3916.381,5757.923,995.487,16358.006,2342.122,773.82,224.618
2025-05-22,3913.865,5703.28,990.711,16329.99,2342.122,778.36,224.575
2025-05-23,3882.274,5653.044,980.578,16217.403,2342.122,776.4,224.575
2025-05-26,3860.107,5669.461,982.261,16161.259,2342.122,773.94,224.615
2025-05-27,3839.397,5652.145,972.92,16157.87,2342.122,768.75,224.523
2025-05-28,3836.237,5637.238,970.64,16234.055,2342.122,769.67,224.521
2025-05-29,3858.7,5719.91,986.302,16226.53,2342.122,763.02,224.384
2025-05-30,3840.232,5671.072,977.027,16211.948,2342.122,768.79,224.481
2025-06-03,3852.013,5694.839,981.71,16298.426,2342.122,778.5,224.575
2025-06-04,3868.743,5739.006,986.111,16340.842,2342.122,779.46,224.614
2025-06-05,3877.556,5769.968,996.407,16205.838,2342.122,781.25,224.602
2025-06-06,3873.984,5762.078,991.642,16137.312,2342.122,779.88,224.665
2025-06-09,3885.246,5805.654,997.612,16180.38,2342.122,772.3,224.781
2025-06-10,3865.465,5757.992,982.904,16069.8,2342.122,772.68,224.927
2025-06-11,3894.625,5792.946,980.933,16197.712,2342.122,774.69,224.953
2025-06-12,3892.199,5799.932,977.973,16010.025,2342.122,780.54,224.953
2025-06-13,3864.182,5740.24,972.941,15713.727,2342.122,792.07,225.017
2025-06-16,3873.795,5767.808,970.891,15639.277,2342.122,788.2,225.102
2025-06-17,3870.379,5750.912,963.083,15605.305,2342.122,783.19,225.189
2025-06-18,3874.971,5745.871,968.179,15619.743,2342.122,781.85,225.254
2025-06-19,3843.091,5676.832,962.943,15503.097,2342.122,777.41,225.348
2025-06-20,3846.644,5639.513,957.872,15617.494,2342.122,777.4,225.48
2025-06-23,3857.902,5674.17,961.489,15474.853,2342.122,777.98,225.544
2025-06-24,3904.034,5765.837,978.714,15604.076,2342.122,768.87,225.476
2025-06-25,3960.066,5862.553,995.61,15666.119,2342.122,771.49,225.396
2025-06-26,3946.02,5838.245,989.972,15597.463,2342.122,773.64,225.454
2025-06-27,3921.758,5863.728,988.211,15477.807,2342.122,763.3,225.515
2025-06-30,3936.079,5915.388,1003.414,15522.03,2342.122,764.43,225.61
2025-07-01,3942.762,5934.67,994.795,15537.877,2342.122,772.88,225.664
2025-07-02,3943.685,5892.951,982.636,15541.68,2342.122,770.7,225.799
2025-07-03,3968.068,5922.66,984.949,15591.359,2342.122,776.14,225.789
2025-07-04,3982.203,5911.435,984.802,15618.922,2342.122,771.9,225.881
2025-07-07,3965.175,5900.406,978.293,15506.792,2342.122,767.75,226.011
2025-07-08,3998.453,5977.744,991.948,15566.031,2342.122,771.48,225.967
2025-07-09,3991.401,5953.487,983.111,15670.074,2342.122,763.38,225.957
2025-07-10,4010.024,5983.051,979.989,15673.441,2342.122,769.73,225.907
2025-07-11,4014.807,6027.079,994.448,15742.61,2342.122,769.66,225.942
2025-07-14,4017.668,6020.859,992.389,15774.784,2342.122,777.4,225.893
2025-07-15,4019.064,6018.758,996.246,15619.216,2342.122,776.02,225.929
2025-07-16,4007.202,6017.195,997.63,15675.0,2342.122,772.4,226.016
2025-07-17,4034.491,6082.464,1005.648,15764.154,2342.122,770.91,226.041
2025-07-18,4058.549,6099.61,1007.525,15886.779,2342.122,773.5,226.015
2025-07-21,4085.607,6161.309,1007.894,15964.539,2342.122,777.34,225.949
2025-07-22,4118.958,6213.407,1016.265,16292.358,2342.122,780.35,225.81
2025-07-23,4119.769,6196.758,1020.855,16252.279,2342.122,788.5,225.567
2025-07-24,4149.037,6293.598,1032.838,16279.638,2342.122,775.34,225.552
2025-07-25,4127.163,6299.591,1054.196,16106.872,2342.122,774.21,225.502
2025-07-28,4135.824,6323.42,1055.109,16008.013,2342.122,771.8,225.619
2025-07-29,4152.025,6356.133,1070.448,15916.7,2342.122,767.69,225.469
2025-07-30,4151.238,6314.687,1058.572,16048.864,2342.122,769.68,225.469
2025-07-31,4075.591,6226.343,1047.87,15694.811,2342.122,767.36,225.629
2025-08-01,4054.929,6213.201,1036.775,15690.563,2342.122,767.29,225.666
2025-08-04,4070.702,6261.731,1049.406,15727.753,2342.122,776.01,225.714
2025-08-05,4103.45,6303.236,1053.646,15881.388,2342.122,779.85,225.756
2025-08-06,4113.485,6357.377,1059.761,15896.15,2342.122,779.14,225.79
2025-08-07,4114.666,6337.543,1058.205,15895.69,2342.122,782.08,225.871
2025-08-08,4104.967,6323.5,1043.537,15830.537,2342.122,783.18,225.821
2025-08-11,4122.511,6391.76,1049.73,15980.834,2342.122,775.54,225.832
2025-08-12,4143.825,6418.16,1069.809,15956.946,2342.122,773.47,225.721
2025-08-13,4176.578,6508.098,1077.698,15967.021,2342.122,774.96,225.751
2025-08-14,4173.313,6429.846,1085.736,15913.848,2342.122,775.05,225.67
2025-08-15,4202.353,6568.57,1101.293,15952.136,2342.122,773.55,225.593
2025-08-18,4239.413,6668.173,1124.822,16035.81,2342.122,774.46,225.263
2025-08-19,4223.374,6655.311,1112.266,16167.786,2342.122,773.05,225.14
2025-08-20,4271.396,6728.069,1148.147,16372.434,2342.122,770.24,225.11
2025-08-21,4288.071,6704.166,1149.151,16463.058,2342.122,772.0,225.071
2025-08-22,4377.998,6822.847,1247.862,16535.305,2342.122,771.87,224.961
2025-08-25,4469.222,6951.896,1287.734,16947.837,2342.122,775.85,225.066
2025-08-26,4452.591,6964.065,1270.871,17148.868,2342.122,777.1,225.091
2025-08-27,4386.127,6862.562,1272.556,16728.977,2342.122,778.07,225.224
2025-08-28,4463.782,7011.16,1364.605,16648.55,2342.122,779.85,225.107
2025-08-29,4496.759,7043.942,1341.311,16991.462,2342.122,781.71,225.06
2025-09-01,4523.711,7110.288,1357.148,16973.02,2342.122,794.66,225.158
2025-09-02,4490.453,6961.689,1328.279,16921.711,2342.122,799.95,225.07
2025-09-03,4459.83,6868.462,1306.479,16678.337,2342.122,809.0,225.176
2025-09-04,4365.209,6698.447,1226.985,16640.795,2342.122,809.19,225.383
2025-09-05,4460.325,6913.953,1268.552,16784.28,2342.122,811.5,225.142
2025-09-08,4467.573,6992.117,1275.868,17101.614,2342.122,821.2,225.063
2025-09-09,4436.258,6928.965,1245.528,17111.208,2342.122,832.0,224.955
2025-09-10,4445.365,6932.109,1259.096,17058.665,2342.122,829.75,224.703
2025-09-11,4548.035,7122.705,1326.033,17292.008,2342.122,826.52,224.654
2025-09-12,4521.998,7147.749,1338.018,17125.641,2342.122,830.41,224.703
2025-09-15,4533.056,7137.363,1340.397,17176.108,2342.122,828.21,224.676
2025-09-16,4523.337,7190.993,1358.047,17040.019,2342.122,838.73,224.696
2025-09-17,4551.023,7260.035,1370.43,16939.325,2342.122,831.85,224.911
2025-09-18,4498.109,7199.883,1380.351,16668.74,2342.122,824.59,224.833
2025-09-19,4501.92,7170.349,1362.649,16688.861,2342.122,826.71,224.718
2025-09-22,4522.608,7225.128,1408.645,16489.768,2342.122,839.5,224.741
2025-09-23,4519.778,7180.714,1407.302,16401.181,2342.122,850.65,224.464
2025-09-24,4566.071,7323.709,1456.469,16442.829,2342.122,856.63,224.21
2025-09-25,4593.488,7341.324,1474.487,16295.438,2342.122,851.74,224.165
2025-09-26,4550.049,7240.911,1450.824,16278.169,2342.122,853.0,224.271
2025-09-29,4620.053,7350.56,1470.414,16437.266,2342.122,862.9,224.203
2025-09-30,4640.694,7412.368,1495.288,16411.624,2342.122,871.86,224.282
2025-10-09,4709.482,7548.923,1539.081,16386.554,2342.122,911.5,224.476
2025-10-10,4616.834,7398.224,1452.675,16436.945,2342.122,897.63,224.354
2025-10-13,4593.979,7376.564,1473.017,16271.704,2342.122,926.73,224.507
2025-10-14,4539.064,7194.851,1410.3,16452.854,2342.122,940.72,224.554
2025-10-15,4606.288,7294.001,1429.997,16517.079,2342.122,959.04,224.505
2025-10-16,4618.422,7231.534,1416.575,16557.208,2342.122,968.14,224.652
2025-10-17,4514.235,7016.066,1363.168,16361.548,2342.122,997.17,224.855
2025-10-20,4538.22,7069.641,1367.899,16225.731,2342.122,974.3,224.775
2025-10-21,4607.872,7185.624,1406.318,16248.527,2342.122,987.12,224.853
2025-10-22,4592.57,7128.478,1405.407,16138.664,2342.122,948.8,224.907
2025-10-23,4606.345,7142.954,1401.256,16179.91,2342.122,941.21,224.867
2025-10-24,4660.684,7258.534,1462.222,16021.295,2342.122,935.6,224.83
2025-10-27,4716.019,7379.394,1484.206,16077.519,2342.122,930.79,224.795
2025-10-28,4691.973,7341.03,1471.731,16016.27,2342.122,896.6,225.148
2025-10-29,4747.838,7480.967,1489.123,16011.78,2342.122,912.94,225.181
2025-10-30,4709.911,7385.711,1461.3,15966.909,2342.122,906.89,225.237
2025-10-31,4640.668,7331.003,1415.525,16095.41,2342.122,921.5,225.365
2025-11-03,4653.403,7333.601,1400.859,16143.985,2342.122,920.0,225.436
2025-11-04,4618.699,7210.825,1387.239,15907.268,2342.122,916.49,225.441
2025-11-05,4627.257,7229.341,1390.395,15882.977,2342.122,910.0,225.494
2025-11-06,4693.403,7345.723,1436.858,15900.186,2342.122,918.0,225.386
2025-11-07,4678.794,7327.911,1415.686,15911.73,2342.122,918.03,225.375
2025-11-10,4695.051,7343.802,1407.558,16448.918,2342.122,934.81,225.39
2025-11-11,4652.166,7291.608,1387.534,16433.48,2342.122,946.79,225.362
2025-11-12,4645.908,7243.248,1379.452,16444.683,2342.122,944.84,225.486
2025-11-13,4702.074,7355.291,1399.292,16528.638,2342.122,959.14,225.443
2025-11-14,4628.14,7235.462,1361.232,16333.635,2342.122,948.03,225.444
2025-11-17,4598.053,7235.351,1354.038,16252.633,2342.122,931.42,225.531
2025-11-18,4568.193,7151.018,1357.926,16252.031,2342.122,916.96,225.601
2025-11-19,4588.292,7122.747,1344.796,16202.775,2342.122,935.33,225.531
2025-11-20,4564.948,7061.95,1328.186,16116.815,2342.122,929.95,225.529
2025-11-21,4453.608,6817.41,1285.83,15990.659,2342.122,924.44,225.49
2025-11-24,4448.048,6868.966,1296.602,15973.352,2342.122,926.0,225.512
2025-11-25,4490.405,6954.603,1302.167,16002.611,2342.122,941.54,225.431
2025-11-26,4517.626,6965.045,1315.041,15992.039,2342.122,941.16,225.236
2025-11-27,4515.403,6951.284,1310.701,15989.536,2342.122,943.98,225.213
2025-11-28,4526.662,7031.551,1327.149,16082.988,2342.122,948.15,225.209
2025-12-01,4576.486,7101.832,1336.756,16047.197,2342.122,958.46,225.282
2025-12-02,4554.335,7040.301,1320.156,15917.91,2342.122,954.89,225.211
2025-12-03,4531.049,6996.355,1308.367,15792.706,2342.122,950.06,225.063
2025-12-04,4546.566,7012.806,1326.165,15636.714,2342.122,949.32,224.637
2025-12-05,4584.537,7097.839,1326.101,15670.358,2342.122,956.5,224.643
2025-12-08,4621.755,7172.367,1350.795,15545.902,2342.122,954.1,224.42
2025-12-09,4598.223,7121.326,1347.105,15358.919,2342.122,947.13,224.508
2025-12-10,4591.827,7155.994,1346.703,15418.397,2342.122,950.91,224.451
2025-12-11,4552.185,7082.893,1325.831,15332.522,2342.122,952.39,224.672
2025-12-12,4580.95,7169.791,1348.881,15417.289,2342.122,964.25,224.632
2025-12-15,4552.06,7113.962,1318.906,15507.042,2342.122,976.82,224.5
2025-12-16,4497.555,7001.319,1293.382,15477.059,2342.122,964.89,224.446
2025-12-17,4579.875,7137.834,1325.335,15537.448,2342.122,972.71,224.538
2025-12-18,4552.793,7100.836,1305.966,15453.384,2342.122,975.55,224.666
2025-12-19,4568.178,7169.551,1308.589,15554.44,2342.122,975.51,224.648
2025-12-22,4611.624,7255.661,1335.245,15561.084,2342.122,992.79,224.588
2025-12-23,4620.734,7256.786,1340.015,15459.605,2342.122,1006.87,224.782
2025-12-24,4634.059,7352.04,1352.126,15362.26,2342.122,1007.69,224.794
2025-12-25,4642.536,7410.712,1349.058,15472.508,2342.122,1002.98,224.771
2025-12-26,4657.24,7458.839,1345.827,15415.974,2342.122,1007.0,224.936
2025-12-29,4639.372,7430.615,1346.319,15347.721,2342.122,1004.0,224.718
2025-12-30,4651.282,7458.936,1359.873,15348.425,2342.122,981.91,224.73
2025-12-31,4629.94,7465.574,1344.2,15248.571,2342.122,974.9,224.652
2026-01-05,4717.746,7651.198,1403.414,15430.118,2342.122,993.57,224.698
2026-01-06,4790.694,7814.136,1429.302,15564.913,2342.122,1003.01,224.638
2026-01-07,4776.666,7875.082,1443.388,15455.998,2342.122,999.68,224.493
2026-01-08,4737.654,7894.545,1455.173,15357.927,2342.122,996.21,224.53
2026-01-09,4758.922,8056.686,1475.968,15414.983,2342.122,1003.49,224.546
2026-01-12,4789.916,8249.128,1511.836,15496.583,2342.122,1023.71,224.615
2026-01-13,4761.032,8143.28,1469.57,15342.436,2342.122,1025.02,224.709
2026-01-14,4741.931,8227.697,1500.911,15271.592,2342.122,1038.0,224.699
2026-01-15,4751.429,8223.268,1493.945,15213.562,2342.122,1034.27,224.823
2026-01-16,4731.873,8232.674,1514.068,15035.573,2342.122,1032.63,224.861
2026-01-19,4734.456,8287.947,1506.857,15047.213,2342.122,1045.72,224.87
2026-01-20,4718.878,8247.805,1482.994,15098.346,2342.122,1056.43,224.974
2026-01-21,4723.069,8340.113,1535.393,14899.851,2342.122,1087.81,225.161
2026-01-22,4723.709,8387.595,1541.638,14860.583,2342.122,1083.69,225.205
2026-01-23,4702.497,8590.166,1553.707,14860.607,2342.122,1110.3,225.246
2026-01-26,4706.964,8506.693,1532.796,14819.206,2342.122,1144.45,225.355
2026-01-27,4705.692,8548.932,1555.978,14583.673,2342.122,1144.14,225.279
2026-01-28,4717.991,8601.164,1554.804,14575.331,2342.122,1184.96,225.235
2026-01-29,4753.87,8517.843,1507.64,15341.689,2342.122,1243.02,225.312
2026-01-30,4706.34,8370.52,1509.402,14964.989,2342.122,1163.95,225.305
2026-02-02,4605.98,8037.046,1450.898,14936.868,2342.122,1030.0,225.385
2026-02-03,4660.107,8286.701,1471.069,15073.753,2342.122,1097.89,225.316
2026-02-04,4698.683,8299.057,1453.476,15391.328,2342.122,1140.3,225.355
2026-02-05,4670.419,8146.107,1432.522,15518.605,2342.122,1105.47,225.46
2026-02-06,4643.596,8146.413,1422.406,15333.477,2342.122,1093.85,225.629
2026-02-09,4719.056,8311.283,1458.163,15363.384,2342.122,1116.02,225.712
2026-02-10,4724.296,8306.445,1471.498,15179.843,2342.122,1116.69,225.741
2026-02-11,4713.819,8325.811,1455.114,15197.614,2342.122,1123.02,225.788
2026-02-12,4719.578,8423.57,1480.995,14996.436,2342.122,1122.52,225.818
2026-02-13,4660.406,8299.585,1470.333,14952.521,2342.122,1108.92,225.834
2026-02-24,4707.544,8392.91,1465.365,14850.044,2342.122,1147.66,225.943
2026-02-25,4735.886,8527.559,1473.285,14934.313,2342.122,1145.64,225.92
2026-02-26,4726.874,8557.216,1485.865,14816.508,2342.122,1144.51,225.819
2026-02-27,4710.647,8658.45,1488.023,14897.789,2342.122,1142.97,225.855
2026-03-02,4728.669,8658.334,1464.772,14771.398,2342.122,1199.45,226.021
2026-03-03,4655.896,8281.614,1388.41,14729.193,2342.122,1182.0,226.046
2026-03-04,4602.625,8248.945,1381.558,14578.495,2342.122,1153.18,226.041
2026-03-05,4647.692,8309.171,1405.353,14530.536,2342.122,1149.61,226.076
2026-03-06,4660.439,8360.335,1414.394,14896.768,2342.122,1139.33,226.052
2026-03-09,4615.455,8279.481,1390.483,14865.423,2342.122,1140.38,225.867
2026-03-10,4674.756,8410.303,1420.539,14848.131,2342.122,1144.78,225.833
2026-03-11,4704.496,8403.33,1401.084,14930.427,2342.122,1150.42,225.754
2026-03-12,4687.56,8359.472,1383.652,14996.335,2342.122,1146.45,225.755
2026-03-13,4669.14,8239.798,1373.636,15037.792,2342.122,1131.09,225.764
2026-03-16,4671.559,8185.152,1384.987,15203.591,2342.122,1114.61,225.62
2026-03-17,4637.439,8016.026,1354.153,15182.507,2342.122,1115.97,225.631
2026-03-18,4658.332,8096.428,1372.576,15038.075,2342.122,1111.89,225.717
2026-03-19,4583.251,7877.09,1339.034,14839.042,2342.122,1061.0,225.778
2026-03-20,4567.018,7760.037,1318.307,14761.788,2342.122,1041.59,225.695
2026-03-23,4417.997,7440.745,1261.438,14184.766,2342.122,924.65,225.639
2026-03-24,4474.722,7597.373,1290.791,14255.974,2342.122,979.56,225.752
2026-03-25,4537.466,7767.665,1315.412,14365.127,2342.122,1015.45,225.813
2026-03-26,4477.534,7642.13,1288.807,14222.844,2342.122,991.36,225.918
2026-03-27,4502.57,7737.614,1300.756,14476.742,2342.122,993.9,225.9
2026-03-30,4491.95,7753.723,1289.78,14486.977,2342.122,1008.75,226.023
2026-03-31,4450.049,7617.326,1256.327,14326.941,2342.122,1018.9,226.091
2026-04-01,4526.067,7750.092,1298.198,14455.493,2342.122,1047.89,226.051
2026-04-02,4478.914,7605.293,1262.182,14571.842,2342.122,1027.5,226.027
2026-04-03,4440.789,7534.938,1256.21,14371.844,2342.122,1034.42,226.054
2026-04-07,4440.616,7571.111,1274.015,14354.349,2342.122,1028.0,226.155
2026-04-08,4595.556,7945.153,1352.689,14560.53,2342.122,1059.91,226.234
2026-04-09,4566.224,7898.633,1343.946,14363.522,2342.122,1036.0,226.33
2026-04-10,4636.566,7969.365,1364.495,14319.432,2342.122,1047.23,226.29
2026-04-13,4646.155,7967.697,1375.287,14319.046,2342.122,1042.3,226.535
2026-04-14,4701.284,8088.569,1405.072,14457.688,2342.122,1048.35,226.642
2026-04-15,4685.246,8044.077,1406.322,14481.921,2342.122,1055.19,226.672
2026-04-16,4736.608,8180.082,1422.228,14490.658,2342.122,1058.36,226.694
2026-04-17,4728.672,8214.194,1423.351,14276.365,2342.122,1053.0,226.824
2026-04-20,4757.442,8290.022,1450.521,14275.109,2342.122,1053.98,226.902
2026-04-21,4767.997,8270.327,1426.677,14285.902,2342.122,1050.48,227.034
2026-04-22,4799.627,8376.181,1451.139,14187.804,2342.122,1049.11,227.197
2026-04-23,4786.327,8295.207,1432.592,14193.605,2342.122,1037.5,227.129
2026-04-24,4769.369,8247.876,1453.685,14198.508,2342.122,1033.25,227.091
2026-04-27,4770.947,8299.049,1508.385,14051.152,2342.122,1037.21,226.91
2026-04-28,4758.208,8203.961,1488.661,14103.847,2342.122,1020.73,226.955
2026-04-29,4810.347,8342.422,1493.505,14352.733,2342.122,1009.88,226.99
2026-04-30,4807.307,8349.508,1571.065,14358.226,2342.122,1013.6,227.001
2026-05-06,4877.093,8588.44,1656.946,14272.117,2342.122,1026.94,226.926
2026-05-07,4900.51,8696.799,1678.887,14214.361,2342.122,1038.94,226.899
2026-05-08,4871.912,8694.171,1640.46,14116.951,2342.122,1032.0,226.963
2026-05-11,4951.837,8839.742,1716.691,14146.969,2342.122,1025.82,226.998
2026-05-12,4948.047,8785.979,1723.784,13938.714,2342.122,1028.51,227.123
2026-05-13,4998.342,8918.239,1770.147,13839.312,2342.122,1029.99,227.162
2026-05-14,4914.597,8670.157,1725.093,13850.67,2342.122,1028.68,227.106
2026-05-15,4859.593,8536.344,1696.261,13642.807,2342.122,1006.01,227.063
2026-05-18,4833.524,8554.237,1709.963,13467.572,2342.122,999.69,227.147
2026-05-19,4852.883,8627.946,1775.135,13451.464,2342.122,998.0,227.244
2026-05-20,4850.7,8656.306,1832.022,13420.803,2342.122,984.98,227.304
2026-05-21,4783.098,8419.837,1764.174,13270.08,2342.122,991.4,227.276
2026-05-22,4845.096,8576.94,1790.771,13093.337,2342.122,992.1,227.391
2026-05-25,4921.597,8703.89,1896.037,13104.639,2342.122,997.0,227.439
2026-05-26,4947.849,8658.619,1867.709,13074.615,2342.122,991.97,227.571
2026-05-27,4908.171,8530.98,1815.451,13099.653,2342.122,982.53,227.643
2026-05-28,4914.213,8563.222,1844.249,12865.406,2342.122,961.82,227.742
2026-05-29,4892.121,8359.56,1751.323,13190.391,2342.122,984.96,227.799
2026-06-01,4844.256,8274.212,1663.694,13244.484,2342.122,980.6,227.976
2026-06-02,4844.256,8274.212,1663.694,13244.484,2342.122,,227.976
2026-06-03,4844.256,8274.212,1663.694,13244.484,2342.122,,227.976
2026-06-04,4844.256,8274.212,1663.694,13244.484,2342.122,,227.976
2026-06-05,4844.256,8274.212,1663.694,13244.484,2342.122,,227.976
2026-06-08,4844.256,8274.212,1663.694,13244.484,2342.122,,227.976
2026-06-09,4844.256,8274.212,1663.694,13244.484,2342.122,,227.976
2026-06-10,4844.256,8274.212,1663.694,13244.484,2342.122,,227.976
2026-06-11,4844.256,8274.212,1663.694,13244.484,2342.122,,227.976
2026-06-12,4844.256,8274.212,1663.694,13244.484,2342.122,,227.976
2026-06-15,4844.256,8274.212,1663.694,13244.484,2342.122,,227.976
2026-06-16,4844.256,8274.212,1663.694,13244.484,2342.122,,227.976
2026-06-17,4844.256,8274.212,1663.694,13244.484,2342.122,,227.976
2026-06-18,4844.256,8274.212,1663.694,13244.484,2342.122,,227.976
2026-06-22,4844.256,8274.212,1663.694,13244.484,2342.122,,227.976
2026-06-23,4844.256,8274.212,1663.694,13244.484,2342.122,,227.976
2026-06-24,4844.256,8274.212,1663.694,13244.484,2342.122,,227.976
2026-06-25,4844.256,8274.212,1663.694,13244.484,2342.122,,227.976
2026-06-26,4844.256,8274.212,1663.694,13244.484,2342.122,,227.976
2026-06-29,4844.256,8274.212,1663.694,13244.484,2342.122,,227.976
2026-06-30,4844.256,8274.212,1663.694,13244.484,2342.122,,227.976
2026-07-01,4844.256,8274.212,1663.694,13244.484,2342.122,,227.976
2026-07-02,4844.256,8274.212,1663.694,13244.484,2342.122,,227.976
2026-07-03,4844.256,8274.212,1663.694,13244.484,2342.122,,227.976
2026-07-06,4844.256,8274.212,1663.694,13244.484,2342.122,,227.976
2026-07-07,4844.256,8274.212,1663.694,13244.484,2342.122,,227.976
2026-07-08,4844.256,8274.212,1663.694,13244.484,2342.122,,227.976
2026-07-09,4844.256,8274.212,1663.694,13244.484,2342.122,,227.976
2026-07-10,4844.256,8274.212,1663.694,13244.484,2342.122,,227.976
