date,year,month,上交所融资余额(元),上交所融券余额(元),上交所融资融券余额(元),深交所融资余额(元),深交所融券余额(元),深交所融资融券余额(元),沪深融资余额合计(元),沪深融券余额合计(元),沪深融资融券余额合计(元),沪深融资余额合计(亿元),沪深融资融券余额合计(亿元),融资买入额_x,融券卖出量_x,融券余量_x,融资买入额_y,融券卖出量_y,融券余量_y
2015-01-05,2015,1,,,,,,,,,,,,,,,,,
2015-01-06,2015,1,,,,,,,,,,,,,,,,,
2015-01-07,2015,1,,,,,,,,,,,,,,,,,
2015-01-08,2015,1,,,,,,,,,,,,,,,,,
2015-01-09,2015,1,,,,,,,,,,,,,,,,,
2015-01-12,2015,1,,,,,,,,,,,,,,,,,
2015-01-13,2015,1,,,,,,,,,,,,,,,,,
2015-01-14,2015,1,,,,,,,,,,,,,,,,,
2015-01-15,2015,1,,,,,,,,,,,,,,,,,
2015-01-16,2015,1,,,,,,,,,,,,,,,,,
2015-01-19,2015,1,,,,,,,,,,,,,,,,,
2015-01-20,2015,1,,,,,,,,,,,,,,,,,
2015-01-21,2015,1,,,,,,,,,,,,,,,,,
2015-01-22,2015,1,,,,,,,,,,,,,,,,,
2015-01-23,2015,1,,,,,,,,,,,,,,,,,
2015-01-26,2015,1,,,,,,,,,,,,,,,,,
2015-01-27,2015,1,,,,,,,,,,,,,,,,,
2015-01-28,2015,1,,,,,,,,,,,,,,,,,
2015-01-29,2015,1,,,,,,,,,,,,,,,,,
2015-01-30,2015,1,,,,,,,,,,,,,,,,,
2015-02-02,2015,2,,,,,,,,,,,,,,,,,
2015-02-03,2015,2,,,,,,,,,,,,,,,,,
2015-02-04,2015,2,,,,,,,,,,,,,,,,,
2015-02-05,2015,2,,,,,,,,,,,,,,,,,
2015-02-06,2015,2,,,,,,,,,,,,,,,,,
2015-02-09,2015,2,,,,,,,,,,,,,,,,,
2015-02-10,2015,2,,,,,,,,,,,,,,,,,
2015-02-11,2015,2,,,,,,,,,,,,,,,,,
2015-02-12,2015,2,,,,,,,,,,,,,,,,,
2015-02-13,2015,2,,,,,,,,,,,,,,,,,
2015-02-16,2015,2,,,,,,,,,,,,,,,,,
2015-02-17,2015,2,,,,,,,,,,,,,,,,,
2015-02-25,2015,2,,,,,,,,,,,,,,,,,
2015-02-26,2015,2,,,,,,,,,,,,,,,,,
2015-02-27,2015,2,,,,,,,,,,,,,,,,,
2015-03-02,2015,3,,,,,,,,,,,,,,,,,
2015-03-03,2015,3,,,,,,,,,,,,,,,,,
2015-03-04,2015,3,,,,,,,,,,,,,,,,,
2015-03-05,2015,3,,,,,,,,,,,,,,,,,
2015-03-06,2015,3,,,,,,,,,,,,,,,,,
2015-03-09,2015,3,,,,,,,,,,,,,,,,,
2015-03-10,2015,3,,,,,,,,,,,,,,,,,
2015-03-11,2015,3,,,,,,,,,,,,,,,,,
2015-03-12,2015,3,,,,,,,,,,,,,,,,,
2015-03-13,2015,3,,,,,,,,,,,,,,,,,
2015-03-16,2015,3,,,,,,,,,,,,,,,,,
2015-03-17,2015,3,,,,,,,,,,,,,,,,,
2015-03-18,2015,3,,,,,,,,,,,,,,,,,
2015-03-19,2015,3,,,,,,,,,,,,,,,,,
2015-03-20,2015,3,,,,,,,,,,,,,,,,,
2015-03-23,2015,3,,,,,,,,,,,,,,,,,
2015-03-24,2015,3,,,,,,,,,,,,,,,,,
2015-03-25,2015,3,,,,,,,,,,,,,,,,,
2015-03-26,2015,3,,,,,,,,,,,,,,,,,
2015-03-27,2015,3,,,,,,,,,,,,,,,,,
2015-03-30,2015,3,,,,,,,,,,,,,,,,,
2015-03-31,2015,3,578682092143.0,3416567962.0,582098660105.0,402844790525.0,928213119.0,403773003644.0,981526882668.0,4344781081.0,985871663749.0,9815.26882668,9858.71663749,32575427391.0,80668836.0,419667372.0,32510062183.0,22399652.0,72016267.0
2015-04-01,2015,4,578682092143.0,3416567962.0,582098660105.0,402844790525.0,928213119.0,403773003644.0,981526882668.0,4344781081.0,985871663749.0,9815.26882668,9858.71663749,32575427391.0,80668836.0,419667372.0,32510062183.0,22399652.0,72016267.0
2015-04-02,2015,4,578682092143.0,3416567962.0,582098660105.0,402844790525.0,928213119.0,403773003644.0,981526882668.0,4344781081.0,985871663749.0,9815.26882668,9858.71663749,32575427391.0,80668836.0,419667372.0,32510062183.0,22399652.0,72016267.0
2015-04-03,2015,4,578682092143.0,3416567962.0,582098660105.0,402844790525.0,928213119.0,403773003644.0,981526882668.0,4344781081.0,985871663749.0,9815.26882668,9858.71663749,32575427391.0,80668836.0,419667372.0,32510062183.0,22399652.0,72016267.0
2015-04-07,2015,4,578682092143.0,3416567962.0,582098660105.0,402844790525.0,928213119.0,403773003644.0,981526882668.0,4344781081.0,985871663749.0,9815.26882668,9858.71663749,32575427391.0,80668836.0,419667372.0,32510062183.0,22399652.0,72016267.0
2015-04-08,2015,4,578682092143.0,3416567962.0,582098660105.0,402844790525.0,928213119.0,403773003644.0,981526882668.0,4344781081.0,985871663749.0,9815.26882668,9858.71663749,32575427391.0,80668836.0,419667372.0,32510062183.0,22399652.0,72016267.0
2015-04-09,2015,4,578682092143.0,3416567962.0,582098660105.0,402844790525.0,928213119.0,403773003644.0,981526882668.0,4344781081.0,985871663749.0,9815.26882668,9858.71663749,32575427391.0,80668836.0,419667372.0,32510062183.0,22399652.0,72016267.0
2015-04-10,2015,4,578682092143.0,3416567962.0,582098660105.0,402844790525.0,928213119.0,403773003644.0,981526882668.0,4344781081.0,985871663749.0,9815.26882668,9858.71663749,32575427391.0,80668836.0,419667372.0,32510062183.0,22399652.0,72016267.0
2015-04-13,2015,4,578682092143.0,3416567962.0,582098660105.0,402844790525.0,928213119.0,403773003644.0,981526882668.0,4344781081.0,985871663749.0,9815.26882668,9858.71663749,32575427391.0,80668836.0,419667372.0,32510062183.0,22399652.0,72016267.0
2015-04-14,2015,4,578682092143.0,3416567962.0,582098660105.0,402844790525.0,928213119.0,403773003644.0,981526882668.0,4344781081.0,985871663749.0,9815.26882668,9858.71663749,32575427391.0,80668836.0,419667372.0,32510062183.0,22399652.0,72016267.0
2015-04-15,2015,4,578682092143.0,3416567962.0,582098660105.0,402844790525.0,928213119.0,403773003644.0,981526882668.0,4344781081.0,985871663749.0,9815.26882668,9858.71663749,32575427391.0,80668836.0,419667372.0,32510062183.0,22399652.0,72016267.0
2015-04-16,2015,4,578682092143.0,3416567962.0,582098660105.0,402844790525.0,928213119.0,403773003644.0,981526882668.0,4344781081.0,985871663749.0,9815.26882668,9858.71663749,32575427391.0,80668836.0,419667372.0,32510062183.0,22399652.0,72016267.0
2015-04-17,2015,4,578682092143.0,3416567962.0,582098660105.0,402844790525.0,928213119.0,403773003644.0,981526882668.0,4344781081.0,985871663749.0,9815.26882668,9858.71663749,32575427391.0,80668836.0,419667372.0,32510062183.0,22399652.0,72016267.0
2015-04-20,2015,4,578682092143.0,3416567962.0,582098660105.0,402844790525.0,928213119.0,403773003644.0,981526882668.0,4344781081.0,985871663749.0,9815.26882668,9858.71663749,32575427391.0,80668836.0,419667372.0,32510062183.0,22399652.0,72016267.0
2015-04-21,2015,4,578682092143.0,3416567962.0,582098660105.0,402844790525.0,928213119.0,403773003644.0,981526882668.0,4344781081.0,985871663749.0,9815.26882668,9858.71663749,32575427391.0,80668836.0,419667372.0,32510062183.0,22399652.0,72016267.0
2015-04-22,2015,4,578682092143.0,3416567962.0,582098660105.0,402844790525.0,928213119.0,403773003644.0,981526882668.0,4344781081.0,985871663749.0,9815.26882668,9858.71663749,32575427391.0,80668836.0,419667372.0,32510062183.0,22399652.0,72016267.0
2015-04-23,2015,4,578682092143.0,3416567962.0,582098660105.0,402844790525.0,928213119.0,403773003644.0,981526882668.0,4344781081.0,985871663749.0,9815.26882668,9858.71663749,32575427391.0,80668836.0,419667372.0,32510062183.0,22399652.0,72016267.0
2015-04-24,2015,4,578682092143.0,3416567962.0,582098660105.0,402844790525.0,928213119.0,403773003644.0,981526882668.0,4344781081.0,985871663749.0,9815.26882668,9858.71663749,32575427391.0,80668836.0,419667372.0,32510062183.0,22399652.0,72016267.0
2015-04-27,2015,4,578682092143.0,3416567962.0,582098660105.0,402844790525.0,928213119.0,403773003644.0,981526882668.0,4344781081.0,985871663749.0,9815.26882668,9858.71663749,32575427391.0,80668836.0,419667372.0,32510062183.0,22399652.0,72016267.0
2015-04-28,2015,4,578682092143.0,3416567962.0,582098660105.0,402844790525.0,928213119.0,403773003644.0,981526882668.0,4344781081.0,985871663749.0,9815.26882668,9858.71663749,32575427391.0,80668836.0,419667372.0,32510062183.0,22399652.0,72016267.0
2015-04-29,2015,4,578682092143.0,3416567962.0,582098660105.0,402844790525.0,928213119.0,403773003644.0,981526882668.0,4344781081.0,985871663749.0,9815.26882668,9858.71663749,32575427391.0,80668836.0,419667372.0,32510062183.0,22399652.0,72016267.0
2015-04-30,2015,4,606152968284.0,4080179520.0,610233147804.0,417776439867.0,1142020244.0,418918460111.0,1023929408151.0,5222199764.0,1029151607915.0,10239.29408151,10291.51607915,27606992716.0,98061706.0,493267595.0,24439128825.0,18813484.0,82741055.0
2015-05-04,2015,5,606152968284.0,4080179520.0,610233147804.0,417776439867.0,1142020244.0,418918460111.0,1023929408151.0,5222199764.0,1029151607915.0,10239.29408151,10291.51607915,27606992716.0,98061706.0,493267595.0,24439128825.0,18813484.0,82741055.0
2015-05-05,2015,5,606152968284.0,4080179520.0,610233147804.0,417776439867.0,1142020244.0,418918460111.0,1023929408151.0,5222199764.0,1029151607915.0,10239.29408151,10291.51607915,27606992716.0,98061706.0,493267595.0,24439128825.0,18813484.0,82741055.0
2015-05-06,2015,5,606152968284.0,4080179520.0,610233147804.0,417776439867.0,1142020244.0,418918460111.0,1023929408151.0,5222199764.0,1029151607915.0,10239.29408151,10291.51607915,27606992716.0,98061706.0,493267595.0,24439128825.0,18813484.0,82741055.0
2015-05-07,2015,5,606152968284.0,4080179520.0,610233147804.0,417776439867.0,1142020244.0,418918460111.0,1023929408151.0,5222199764.0,1029151607915.0,10239.29408151,10291.51607915,27606992716.0,98061706.0,493267595.0,24439128825.0,18813484.0,82741055.0
2015-05-08,2015,5,606152968284.0,4080179520.0,610233147804.0,417776439867.0,1142020244.0,418918460111.0,1023929408151.0,5222199764.0,1029151607915.0,10239.29408151,10291.51607915,27606992716.0,98061706.0,493267595.0,24439128825.0,18813484.0,82741055.0
2015-05-11,2015,5,606152968284.0,4080179520.0,610233147804.0,417776439867.0,1142020244.0,418918460111.0,1023929408151.0,5222199764.0,1029151607915.0,10239.29408151,10291.51607915,27606992716.0,98061706.0,493267595.0,24439128825.0,18813484.0,82741055.0
2015-05-12,2015,5,606152968284.0,4080179520.0,610233147804.0,417776439867.0,1142020244.0,418918460111.0,1023929408151.0,5222199764.0,1029151607915.0,10239.29408151,10291.51607915,27606992716.0,98061706.0,493267595.0,24439128825.0,18813484.0,82741055.0
2015-05-13,2015,5,606152968284.0,4080179520.0,610233147804.0,417776439867.0,1142020244.0,418918460111.0,1023929408151.0,5222199764.0,1029151607915.0,10239.29408151,10291.51607915,27606992716.0,98061706.0,493267595.0,24439128825.0,18813484.0,82741055.0
2015-05-14,2015,5,606152968284.0,4080179520.0,610233147804.0,417776439867.0,1142020244.0,418918460111.0,1023929408151.0,5222199764.0,1029151607915.0,10239.29408151,10291.51607915,27606992716.0,98061706.0,493267595.0,24439128825.0,18813484.0,82741055.0
2015-05-15,2015,5,606152968284.0,4080179520.0,610233147804.0,417776439867.0,1142020244.0,418918460111.0,1023929408151.0,5222199764.0,1029151607915.0,10239.29408151,10291.51607915,27606992716.0,98061706.0,493267595.0,24439128825.0,18813484.0,82741055.0
2015-05-18,2015,5,606152968284.0,4080179520.0,610233147804.0,417776439867.0,1142020244.0,418918460111.0,1023929408151.0,5222199764.0,1029151607915.0,10239.29408151,10291.51607915,27606992716.0,98061706.0,493267595.0,24439128825.0,18813484.0,82741055.0
2015-05-19,2015,5,606152968284.0,4080179520.0,610233147804.0,417776439867.0,1142020244.0,418918460111.0,1023929408151.0,5222199764.0,1029151607915.0,10239.29408151,10291.51607915,27606992716.0,98061706.0,493267595.0,24439128825.0,18813484.0,82741055.0
2015-05-20,2015,5,606152968284.0,4080179520.0,610233147804.0,417776439867.0,1142020244.0,418918460111.0,1023929408151.0,5222199764.0,1029151607915.0,10239.29408151,10291.51607915,27606992716.0,98061706.0,493267595.0,24439128825.0,18813484.0,82741055.0
2015-05-21,2015,5,606152968284.0,4080179520.0,610233147804.0,417776439867.0,1142020244.0,418918460111.0,1023929408151.0,5222199764.0,1029151607915.0,10239.29408151,10291.51607915,27606992716.0,98061706.0,493267595.0,24439128825.0,18813484.0,82741055.0
2015-05-22,2015,5,606152968284.0,4080179520.0,610233147804.0,417776439867.0,1142020244.0,418918460111.0,1023929408151.0,5222199764.0,1029151607915.0,10239.29408151,10291.51607915,27606992716.0,98061706.0,493267595.0,24439128825.0,18813484.0,82741055.0
2015-05-25,2015,5,606152968284.0,4080179520.0,610233147804.0,417776439867.0,1142020244.0,418918460111.0,1023929408151.0,5222199764.0,1029151607915.0,10239.29408151,10291.51607915,27606992716.0,98061706.0,493267595.0,24439128825.0,18813484.0,82741055.0
2015-05-26,2015,5,606152968284.0,4080179520.0,610233147804.0,417776439867.0,1142020244.0,418918460111.0,1023929408151.0,5222199764.0,1029151607915.0,10239.29408151,10291.51607915,27606992716.0,98061706.0,493267595.0,24439128825.0,18813484.0,82741055.0
2015-05-27,2015,5,606152968284.0,4080179520.0,610233147804.0,417776439867.0,1142020244.0,418918460111.0,1023929408151.0,5222199764.0,1029151607915.0,10239.29408151,10291.51607915,27606992716.0,98061706.0,493267595.0,24439128825.0,18813484.0,82741055.0
2015-05-28,2015,5,606152968284.0,4080179520.0,610233147804.0,417776439867.0,1142020244.0,418918460111.0,1023929408151.0,5222199764.0,1029151607915.0,10239.29408151,10291.51607915,27606992716.0,98061706.0,493267595.0,24439128825.0,18813484.0,82741055.0
2015-05-29,2015,5,606152968284.0,4080179520.0,610233147804.0,417776439867.0,1142020244.0,418918460111.0,1023929408151.0,5222199764.0,1029151607915.0,10239.29408151,10291.51607915,27606992716.0,98061706.0,493267595.0,24439128825.0,18813484.0,82741055.0
2015-06-01,2015,6,606152968284.0,4080179520.0,610233147804.0,417776439867.0,1142020244.0,418918460111.0,1023929408151.0,5222199764.0,1029151607915.0,10239.29408151,10291.51607915,27606992716.0,98061706.0,493267595.0,24439128825.0,18813484.0,82741055.0
2015-06-02,2015,6,606152968284.0,4080179520.0,610233147804.0,417776439867.0,1142020244.0,418918460111.0,1023929408151.0,5222199764.0,1029151607915.0,10239.29408151,10291.51607915,27606992716.0,98061706.0,493267595.0,24439128825.0,18813484.0,82741055.0
2015-06-03,2015,6,606152968284.0,4080179520.0,610233147804.0,417776439867.0,1142020244.0,418918460111.0,1023929408151.0,5222199764.0,1029151607915.0,10239.29408151,10291.51607915,27606992716.0,98061706.0,493267595.0,24439128825.0,18813484.0,82741055.0
2015-06-04,2015,6,606152968284.0,4080179520.0,610233147804.0,417776439867.0,1142020244.0,418918460111.0,1023929408151.0,5222199764.0,1029151607915.0,10239.29408151,10291.51607915,27606992716.0,98061706.0,493267595.0,24439128825.0,18813484.0,82741055.0
2015-06-05,2015,6,606152968284.0,4080179520.0,610233147804.0,417776439867.0,1142020244.0,418918460111.0,1023929408151.0,5222199764.0,1029151607915.0,10239.29408151,10291.51607915,27606992716.0,98061706.0,493267595.0,24439128825.0,18813484.0,82741055.0
2015-06-08,2015,6,606152968284.0,4080179520.0,610233147804.0,417776439867.0,1142020244.0,418918460111.0,1023929408151.0,5222199764.0,1029151607915.0,10239.29408151,10291.51607915,27606992716.0,98061706.0,493267595.0,24439128825.0,18813484.0,82741055.0
2015-06-09,2015,6,606152968284.0,4080179520.0,610233147804.0,417776439867.0,1142020244.0,418918460111.0,1023929408151.0,5222199764.0,1029151607915.0,10239.29408151,10291.51607915,27606992716.0,98061706.0,493267595.0,24439128825.0,18813484.0,82741055.0
2015-06-10,2015,6,606152968284.0,4080179520.0,610233147804.0,417776439867.0,1142020244.0,418918460111.0,1023929408151.0,5222199764.0,1029151607915.0,10239.29408151,10291.51607915,27606992716.0,98061706.0,493267595.0,24439128825.0,18813484.0,82741055.0
2015-06-11,2015,6,606152968284.0,4080179520.0,610233147804.0,417776439867.0,1142020244.0,418918460111.0,1023929408151.0,5222199764.0,1029151607915.0,10239.29408151,10291.51607915,27606992716.0,98061706.0,493267595.0,24439128825.0,18813484.0,82741055.0
2015-06-12,2015,6,606152968284.0,4080179520.0,610233147804.0,417776439867.0,1142020244.0,418918460111.0,1023929408151.0,5222199764.0,1029151607915.0,10239.29408151,10291.51607915,27606992716.0,98061706.0,493267595.0,24439128825.0,18813484.0,82741055.0
2015-06-15,2015,6,606152968284.0,4080179520.0,610233147804.0,417776439867.0,1142020244.0,418918460111.0,1023929408151.0,5222199764.0,1029151607915.0,10239.29408151,10291.51607915,27606992716.0,98061706.0,493267595.0,24439128825.0,18813484.0,82741055.0
2015-06-16,2015,6,606152968284.0,4080179520.0,610233147804.0,417776439867.0,1142020244.0,418918460111.0,1023929408151.0,5222199764.0,1029151607915.0,10239.29408151,10291.51607915,27606992716.0,98061706.0,493267595.0,24439128825.0,18813484.0,82741055.0
2015-06-17,2015,6,606152968284.0,4080179520.0,610233147804.0,417776439867.0,1142020244.0,418918460111.0,1023929408151.0,5222199764.0,1029151607915.0,10239.29408151,10291.51607915,27606992716.0,98061706.0,493267595.0,24439128825.0,18813484.0,82741055.0
2015-06-18,2015,6,606152968284.0,4080179520.0,610233147804.0,417776439867.0,1142020244.0,418918460111.0,1023929408151.0,5222199764.0,1029151607915.0,10239.29408151,10291.51607915,27606992716.0,98061706.0,493267595.0,24439128825.0,18813484.0,82741055.0
2015-06-19,2015,6,606152968284.0,4080179520.0,610233147804.0,417776439867.0,1142020244.0,418918460111.0,1023929408151.0,5222199764.0,1029151607915.0,10239.29408151,10291.51607915,27606992716.0,98061706.0,493267595.0,24439128825.0,18813484.0,82741055.0
2015-06-23,2015,6,606152968284.0,4080179520.0,610233147804.0,417776439867.0,1142020244.0,418918460111.0,1023929408151.0,5222199764.0,1029151607915.0,10239.29408151,10291.51607915,27606992716.0,98061706.0,493267595.0,24439128825.0,18813484.0,82741055.0
2015-06-24,2015,6,606152968284.0,4080179520.0,610233147804.0,417776439867.0,1142020244.0,418918460111.0,1023929408151.0,5222199764.0,1029151607915.0,10239.29408151,10291.51607915,27606992716.0,98061706.0,493267595.0,24439128825.0,18813484.0,82741055.0
2015-06-25,2015,6,606152968284.0,4080179520.0,610233147804.0,417776439867.0,1142020244.0,418918460111.0,1023929408151.0,5222199764.0,1029151607915.0,10239.29408151,10291.51607915,27606992716.0,98061706.0,493267595.0,24439128825.0,18813484.0,82741055.0
2015-06-26,2015,6,606152968284.0,4080179520.0,610233147804.0,417776439867.0,1142020244.0,418918460111.0,1023929408151.0,5222199764.0,1029151607915.0,10239.29408151,10291.51607915,27606992716.0,98061706.0,493267595.0,24439128825.0,18813484.0,82741055.0
2015-06-29,2015,6,606152968284.0,4080179520.0,610233147804.0,417776439867.0,1142020244.0,418918460111.0,1023929408151.0,5222199764.0,1029151607915.0,10239.29408151,10291.51607915,27606992716.0,98061706.0,493267595.0,24439128825.0,18813484.0,82741055.0
2015-06-30,2015,6,587596708400.0,3390879358.0,590987587758.0,390176660654.0,675723881.0,390852384535.0,977773369054.0,4066603239.0,981839972293.0,9777.73369054,9818.39972293,9746397185.0,38697420.0,428137439.0,8148260700.0,5840577.0,50553139.0
2015-07-01,2015,7,587596708400.0,3390879358.0,590987587758.0,390176660654.0,675723881.0,390852384535.0,977773369054.0,4066603239.0,981839972293.0,9777.73369054,9818.39972293,9746397185.0,38697420.0,428137439.0,8148260700.0,5840577.0,50553139.0
2015-07-02,2015,7,587596708400.0,3390879358.0,590987587758.0,390176660654.0,675723881.0,390852384535.0,977773369054.0,4066603239.0,981839972293.0,9777.73369054,9818.39972293,9746397185.0,38697420.0,428137439.0,8148260700.0,5840577.0,50553139.0
2015-07-03,2015,7,587596708400.0,3390879358.0,590987587758.0,390176660654.0,675723881.0,390852384535.0,977773369054.0,4066603239.0,981839972293.0,9777.73369054,9818.39972293,9746397185.0,38697420.0,428137439.0,8148260700.0,5840577.0,50553139.0
2015-07-06,2015,7,587596708400.0,3390879358.0,590987587758.0,390176660654.0,675723881.0,390852384535.0,977773369054.0,4066603239.0,981839972293.0,9777.73369054,9818.39972293,9746397185.0,38697420.0,428137439.0,8148260700.0,5840577.0,50553139.0
2015-07-07,2015,7,587596708400.0,3390879358.0,590987587758.0,390176660654.0,675723881.0,390852384535.0,977773369054.0,4066603239.0,981839972293.0,9777.73369054,9818.39972293,9746397185.0,38697420.0,428137439.0,8148260700.0,5840577.0,50553139.0
2015-07-08,2015,7,587596708400.0,3390879358.0,590987587758.0,390176660654.0,675723881.0,390852384535.0,977773369054.0,4066603239.0,981839972293.0,9777.73369054,9818.39972293,9746397185.0,38697420.0,428137439.0,8148260700.0,5840577.0,50553139.0
2015-07-09,2015,7,587596708400.0,3390879358.0,590987587758.0,390176660654.0,675723881.0,390852384535.0,977773369054.0,4066603239.0,981839972293.0,9777.73369054,9818.39972293,9746397185.0,38697420.0,428137439.0,8148260700.0,5840577.0,50553139.0
2015-07-10,2015,7,587596708400.0,3390879358.0,590987587758.0,390176660654.0,675723881.0,390852384535.0,977773369054.0,4066603239.0,981839972293.0,9777.73369054,9818.39972293,9746397185.0,38697420.0,428137439.0,8148260700.0,5840577.0,50553139.0
2015-07-13,2015,7,587596708400.0,3390879358.0,590987587758.0,390176660654.0,675723881.0,390852384535.0,977773369054.0,4066603239.0,981839972293.0,9777.73369054,9818.39972293,9746397185.0,38697420.0,428137439.0,8148260700.0,5840577.0,50553139.0
2015-07-14,2015,7,587596708400.0,3390879358.0,590987587758.0,390176660654.0,675723881.0,390852384535.0,977773369054.0,4066603239.0,981839972293.0,9777.73369054,9818.39972293,9746397185.0,38697420.0,428137439.0,8148260700.0,5840577.0,50553139.0
2015-07-15,2015,7,587596708400.0,3390879358.0,590987587758.0,390176660654.0,675723881.0,390852384535.0,977773369054.0,4066603239.0,981839972293.0,9777.73369054,9818.39972293,9746397185.0,38697420.0,428137439.0,8148260700.0,5840577.0,50553139.0
2015-07-16,2015,7,587596708400.0,3390879358.0,590987587758.0,390176660654.0,675723881.0,390852384535.0,977773369054.0,4066603239.0,981839972293.0,9777.73369054,9818.39972293,9746397185.0,38697420.0,428137439.0,8148260700.0,5840577.0,50553139.0
2015-07-17,2015,7,587596708400.0,3390879358.0,590987587758.0,390176660654.0,675723881.0,390852384535.0,977773369054.0,4066603239.0,981839972293.0,9777.73369054,9818.39972293,9746397185.0,38697420.0,428137439.0,8148260700.0,5840577.0,50553139.0
2015-07-20,2015,7,587596708400.0,3390879358.0,590987587758.0,390176660654.0,675723881.0,390852384535.0,977773369054.0,4066603239.0,981839972293.0,9777.73369054,9818.39972293,9746397185.0,38697420.0,428137439.0,8148260700.0,5840577.0,50553139.0
2015-07-21,2015,7,587596708400.0,3390879358.0,590987587758.0,390176660654.0,675723881.0,390852384535.0,977773369054.0,4066603239.0,981839972293.0,9777.73369054,9818.39972293,9746397185.0,38697420.0,428137439.0,8148260700.0,5840577.0,50553139.0
2015-07-22,2015,7,587596708400.0,3390879358.0,590987587758.0,390176660654.0,675723881.0,390852384535.0,977773369054.0,4066603239.0,981839972293.0,9777.73369054,9818.39972293,9746397185.0,38697420.0,428137439.0,8148260700.0,5840577.0,50553139.0
2015-07-23,2015,7,587596708400.0,3390879358.0,590987587758.0,390176660654.0,675723881.0,390852384535.0,977773369054.0,4066603239.0,981839972293.0,9777.73369054,9818.39972293,9746397185.0,38697420.0,428137439.0,8148260700.0,5840577.0,50553139.0
2015-07-24,2015,7,587596708400.0,3390879358.0,590987587758.0,390176660654.0,675723881.0,390852384535.0,977773369054.0,4066603239.0,981839972293.0,9777.73369054,9818.39972293,9746397185.0,38697420.0,428137439.0,8148260700.0,5840577.0,50553139.0
2015-07-27,2015,7,587596708400.0,3390879358.0,590987587758.0,390176660654.0,675723881.0,390852384535.0,977773369054.0,4066603239.0,981839972293.0,9777.73369054,9818.39972293,9746397185.0,38697420.0,428137439.0,8148260700.0,5840577.0,50553139.0
2015-07-28,2015,7,587596708400.0,3390879358.0,590987587758.0,390176660654.0,675723881.0,390852384535.0,977773369054.0,4066603239.0,981839972293.0,9777.73369054,9818.39972293,9746397185.0,38697420.0,428137439.0,8148260700.0,5840577.0,50553139.0
2015-07-29,2015,7,587596708400.0,3390879358.0,590987587758.0,390176660654.0,675723881.0,390852384535.0,977773369054.0,4066603239.0,981839972293.0,9777.73369054,9818.39972293,9746397185.0,38697420.0,428137439.0,8148260700.0,5840577.0,50553139.0
2015-07-30,2015,7,587596708400.0,3390879358.0,590987587758.0,390176660654.0,675723881.0,390852384535.0,977773369054.0,4066603239.0,981839972293.0,9777.73369054,9818.39972293,9746397185.0,38697420.0,428137439.0,8148260700.0,5840577.0,50553139.0
2015-07-31,2015,7,599650337034.0,3990578093.0,603640915127.0,396234174010.0,1074537665.0,397308711675.0,995884511044.0,5065115758.0,1000949626802.0,9958.84511044,10009.49626802,19593413352.0,92769980.0,525219014.0,18358093850.0,16916571.0,76915066.0
2015-08-03,2015,8,599650337034.0,3990578093.0,603640915127.0,396234174010.0,1074537665.0,397308711675.0,995884511044.0,5065115758.0,1000949626802.0,9958.84511044,10009.49626802,19593413352.0,92769980.0,525219014.0,18358093850.0,16916571.0,76915066.0
2015-08-04,2015,8,599650337034.0,3990578093.0,603640915127.0,396234174010.0,1074537665.0,397308711675.0,995884511044.0,5065115758.0,1000949626802.0,9958.84511044,10009.49626802,19593413352.0,92769980.0,525219014.0,18358093850.0,16916571.0,76915066.0
2015-08-05,2015,8,599650337034.0,3990578093.0,603640915127.0,396234174010.0,1074537665.0,397308711675.0,995884511044.0,5065115758.0,1000949626802.0,9958.84511044,10009.49626802,19593413352.0,92769980.0,525219014.0,18358093850.0,16916571.0,76915066.0
2015-08-06,2015,8,599650337034.0,3990578093.0,603640915127.0,396234174010.0,1074537665.0,397308711675.0,995884511044.0,5065115758.0,1000949626802.0,9958.84511044,10009.49626802,19593413352.0,92769980.0,525219014.0,18358093850.0,16916571.0,76915066.0
2015-08-07,2015,8,599650337034.0,3990578093.0,603640915127.0,396234174010.0,1074537665.0,397308711675.0,995884511044.0,5065115758.0,1000949626802.0,9958.84511044,10009.49626802,19593413352.0,92769980.0,525219014.0,18358093850.0,16916571.0,76915066.0
2015-08-10,2015,8,599650337034.0,3990578093.0,603640915127.0,396234174010.0,1074537665.0,397308711675.0,995884511044.0,5065115758.0,1000949626802.0,9958.84511044,10009.49626802,19593413352.0,92769980.0,525219014.0,18358093850.0,16916571.0,76915066.0
2015-08-11,2015,8,599650337034.0,3990578093.0,603640915127.0,396234174010.0,1074537665.0,397308711675.0,995884511044.0,5065115758.0,1000949626802.0,9958.84511044,10009.49626802,19593413352.0,92769980.0,525219014.0,18358093850.0,16916571.0,76915066.0
2015-08-12,2015,8,599650337034.0,3990578093.0,603640915127.0,396234174010.0,1074537665.0,397308711675.0,995884511044.0,5065115758.0,1000949626802.0,9958.84511044,10009.49626802,19593413352.0,92769980.0,525219014.0,18358093850.0,16916571.0,76915066.0
2015-08-13,2015,8,599650337034.0,3990578093.0,603640915127.0,396234174010.0,1074537665.0,397308711675.0,995884511044.0,5065115758.0,1000949626802.0,9958.84511044,10009.49626802,19593413352.0,92769980.0,525219014.0,18358093850.0,16916571.0,76915066.0
2015-08-14,2015,8,599650337034.0,3990578093.0,603640915127.0,396234174010.0,1074537665.0,397308711675.0,995884511044.0,5065115758.0,1000949626802.0,9958.84511044,10009.49626802,19593413352.0,92769980.0,525219014.0,18358093850.0,16916571.0,76915066.0
2015-08-17,2015,8,599650337034.0,3990578093.0,603640915127.0,396234174010.0,1074537665.0,397308711675.0,995884511044.0,5065115758.0,1000949626802.0,9958.84511044,10009.49626802,19593413352.0,92769980.0,525219014.0,18358093850.0,16916571.0,76915066.0
2015-08-18,2015,8,599650337034.0,3990578093.0,603640915127.0,396234174010.0,1074537665.0,397308711675.0,995884511044.0,5065115758.0,1000949626802.0,9958.84511044,10009.49626802,19593413352.0,92769980.0,525219014.0,18358093850.0,16916571.0,76915066.0
2015-08-19,2015,8,599650337034.0,3990578093.0,603640915127.0,396234174010.0,1074537665.0,397308711675.0,995884511044.0,5065115758.0,1000949626802.0,9958.84511044,10009.49626802,19593413352.0,92769980.0,525219014.0,18358093850.0,16916571.0,76915066.0
2015-08-20,2015,8,599650337034.0,3990578093.0,603640915127.0,396234174010.0,1074537665.0,397308711675.0,995884511044.0,5065115758.0,1000949626802.0,9958.84511044,10009.49626802,19593413352.0,92769980.0,525219014.0,18358093850.0,16916571.0,76915066.0
2015-08-21,2015,8,599650337034.0,3990578093.0,603640915127.0,396234174010.0,1074537665.0,397308711675.0,995884511044.0,5065115758.0,1000949626802.0,9958.84511044,10009.49626802,19593413352.0,92769980.0,525219014.0,18358093850.0,16916571.0,76915066.0
2015-08-24,2015,8,599650337034.0,3990578093.0,603640915127.0,396234174010.0,1074537665.0,397308711675.0,995884511044.0,5065115758.0,1000949626802.0,9958.84511044,10009.49626802,19593413352.0,92769980.0,525219014.0,18358093850.0,16916571.0,76915066.0
2015-08-25,2015,8,599650337034.0,3990578093.0,603640915127.0,396234174010.0,1074537665.0,397308711675.0,995884511044.0,5065115758.0,1000949626802.0,9958.84511044,10009.49626802,19593413352.0,92769980.0,525219014.0,18358093850.0,16916571.0,76915066.0
2015-08-26,2015,8,599650337034.0,3990578093.0,603640915127.0,396234174010.0,1074537665.0,397308711675.0,995884511044.0,5065115758.0,1000949626802.0,9958.84511044,10009.49626802,19593413352.0,92769980.0,525219014.0,18358093850.0,16916571.0,76915066.0
2015-08-27,2015,8,599650337034.0,3990578093.0,603640915127.0,396234174010.0,1074537665.0,397308711675.0,995884511044.0,5065115758.0,1000949626802.0,9958.84511044,10009.49626802,19593413352.0,92769980.0,525219014.0,18358093850.0,16916571.0,76915066.0
2015-08-28,2015,8,599650337034.0,3990578093.0,603640915127.0,396234174010.0,1074537665.0,397308711675.0,995884511044.0,5065115758.0,1000949626802.0,9958.84511044,10009.49626802,19593413352.0,92769980.0,525219014.0,18358093850.0,16916571.0,76915066.0
2015-08-31,2015,8,600564172688.0,4648493040.0,605212665728.0,392166449777.0,1245889714.0,393412339491.0,992730622465.0,5894382754.0,998625005219.0,9927.30622465,9986.25005219,16063644818.0,58069877.0,626126474.0,14889777407.0,10521406.0,89861882.0
2015-09-01,2015,9,600564172688.0,4648493040.0,605212665728.0,392166449777.0,1245889714.0,393412339491.0,992730622465.0,5894382754.0,998625005219.0,9927.30622465,9986.25005219,16063644818.0,58069877.0,626126474.0,14889777407.0,10521406.0,89861882.0
2015-09-02,2015,9,600564172688.0,4648493040.0,605212665728.0,392166449777.0,1245889714.0,393412339491.0,992730622465.0,5894382754.0,998625005219.0,9927.30622465,9986.25005219,16063644818.0,58069877.0,626126474.0,14889777407.0,10521406.0,89861882.0
2015-09-07,2015,9,600564172688.0,4648493040.0,605212665728.0,392166449777.0,1245889714.0,393412339491.0,992730622465.0,5894382754.0,998625005219.0,9927.30622465,9986.25005219,16063644818.0,58069877.0,626126474.0,14889777407.0,10521406.0,89861882.0
2015-09-08,2015,9,600564172688.0,4648493040.0,605212665728.0,392166449777.0,1245889714.0,393412339491.0,992730622465.0,5894382754.0,998625005219.0,9927.30622465,9986.25005219,16063644818.0,58069877.0,626126474.0,14889777407.0,10521406.0,89861882.0
2015-09-09,2015,9,600564172688.0,4648493040.0,605212665728.0,392166449777.0,1245889714.0,393412339491.0,992730622465.0,5894382754.0,998625005219.0,9927.30622465,9986.25005219,16063644818.0,58069877.0,626126474.0,14889777407.0,10521406.0,89861882.0
2015-09-10,2015,9,600564172688.0,4648493040.0,605212665728.0,392166449777.0,1245889714.0,393412339491.0,992730622465.0,5894382754.0,998625005219.0,9927.30622465,9986.25005219,16063644818.0,58069877.0,626126474.0,14889777407.0,10521406.0,89861882.0
2015-09-11,2015,9,600564172688.0,4648493040.0,605212665728.0,392166449777.0,1245889714.0,393412339491.0,992730622465.0,5894382754.0,998625005219.0,9927.30622465,9986.25005219,16063644818.0,58069877.0,626126474.0,14889777407.0,10521406.0,89861882.0
2015-09-14,2015,9,600564172688.0,4648493040.0,605212665728.0,392166449777.0,1245889714.0,393412339491.0,992730622465.0,5894382754.0,998625005219.0,9927.30622465,9986.25005219,16063644818.0,58069877.0,626126474.0,14889777407.0,10521406.0,89861882.0
2015-09-15,2015,9,600564172688.0,4648493040.0,605212665728.0,392166449777.0,1245889714.0,393412339491.0,992730622465.0,5894382754.0,998625005219.0,9927.30622465,9986.25005219,16063644818.0,58069877.0,626126474.0,14889777407.0,10521406.0,89861882.0
2015-09-16,2015,9,600564172688.0,4648493040.0,605212665728.0,392166449777.0,1245889714.0,393412339491.0,992730622465.0,5894382754.0,998625005219.0,9927.30622465,9986.25005219,16063644818.0,58069877.0,626126474.0,14889777407.0,10521406.0,89861882.0
2015-09-17,2015,9,600564172688.0,4648493040.0,605212665728.0,392166449777.0,1245889714.0,393412339491.0,992730622465.0,5894382754.0,998625005219.0,9927.30622465,9986.25005219,16063644818.0,58069877.0,626126474.0,14889777407.0,10521406.0,89861882.0
2015-09-18,2015,9,600564172688.0,4648493040.0,605212665728.0,392166449777.0,1245889714.0,393412339491.0,992730622465.0,5894382754.0,998625005219.0,9927.30622465,9986.25005219,16063644818.0,58069877.0,626126474.0,14889777407.0,10521406.0,89861882.0
2015-09-21,2015,9,600564172688.0,4648493040.0,605212665728.0,392166449777.0,1245889714.0,393412339491.0,992730622465.0,5894382754.0,998625005219.0,9927.30622465,9986.25005219,16063644818.0,58069877.0,626126474.0,14889777407.0,10521406.0,89861882.0
2015-09-22,2015,9,600564172688.0,4648493040.0,605212665728.0,392166449777.0,1245889714.0,393412339491.0,992730622465.0,5894382754.0,998625005219.0,9927.30622465,9986.25005219,16063644818.0,58069877.0,626126474.0,14889777407.0,10521406.0,89861882.0
2015-09-23,2015,9,600564172688.0,4648493040.0,605212665728.0,392166449777.0,1245889714.0,393412339491.0,992730622465.0,5894382754.0,998625005219.0,9927.30622465,9986.25005219,16063644818.0,58069877.0,626126474.0,14889777407.0,10521406.0,89861882.0
2015-09-24,2015,9,600564172688.0,4648493040.0,605212665728.0,392166449777.0,1245889714.0,393412339491.0,992730622465.0,5894382754.0,998625005219.0,9927.30622465,9986.25005219,16063644818.0,58069877.0,626126474.0,14889777407.0,10521406.0,89861882.0
2015-09-25,2015,9,600564172688.0,4648493040.0,605212665728.0,392166449777.0,1245889714.0,393412339491.0,992730622465.0,5894382754.0,998625005219.0,9927.30622465,9986.25005219,16063644818.0,58069877.0,626126474.0,14889777407.0,10521406.0,89861882.0
2015-09-28,2015,9,600564172688.0,4648493040.0,605212665728.0,392166449777.0,1245889714.0,393412339491.0,992730622465.0,5894382754.0,998625005219.0,9927.30622465,9986.25005219,16063644818.0,58069877.0,626126474.0,14889777407.0,10521406.0,89861882.0
2015-09-29,2015,9,600564172688.0,4648493040.0,605212665728.0,392166449777.0,1245889714.0,393412339491.0,992730622465.0,5894382754.0,998625005219.0,9927.30622465,9986.25005219,16063644818.0,58069877.0,626126474.0,14889777407.0,10521406.0,89861882.0
2015-09-30,2015,9,543489414407.0,5537590785.0,549027005192.0,355318023238.0,1007922818.0,356325946056.0,898807437645.0,6545513603.0,905352951248.0,8988.07437645,9053.52951248,12896260866.0,100828306.0,877989836.0,12637537870.0,22217349.0,90866689.0
2015-10-08,2015,10,543489414407.0,5537590785.0,549027005192.0,355318023238.0,1007922818.0,356325946056.0,898807437645.0,6545513603.0,905352951248.0,8988.07437645,9053.52951248,12896260866.0,100828306.0,877989836.0,12637537870.0,22217349.0,90866689.0
2015-10-09,2015,10,543489414407.0,5537590785.0,549027005192.0,355318023238.0,1007922818.0,356325946056.0,898807437645.0,6545513603.0,905352951248.0,8988.07437645,9053.52951248,12896260866.0,100828306.0,877989836.0,12637537870.0,22217349.0,90866689.0
2015-10-12,2015,10,543489414407.0,5537590785.0,549027005192.0,355318023238.0,1007922818.0,356325946056.0,898807437645.0,6545513603.0,905352951248.0,8988.07437645,9053.52951248,12896260866.0,100828306.0,877989836.0,12637537870.0,22217349.0,90866689.0
2015-10-13,2015,10,543489414407.0,5537590785.0,549027005192.0,355318023238.0,1007922818.0,356325946056.0,898807437645.0,6545513603.0,905352951248.0,8988.07437645,9053.52951248,12896260866.0,100828306.0,877989836.0,12637537870.0,22217349.0,90866689.0
2015-10-14,2015,10,543489414407.0,5537590785.0,549027005192.0,355318023238.0,1007922818.0,356325946056.0,898807437645.0,6545513603.0,905352951248.0,8988.07437645,9053.52951248,12896260866.0,100828306.0,877989836.0,12637537870.0,22217349.0,90866689.0
2015-10-15,2015,10,543489414407.0,5537590785.0,549027005192.0,355318023238.0,1007922818.0,356325946056.0,898807437645.0,6545513603.0,905352951248.0,8988.07437645,9053.52951248,12896260866.0,100828306.0,877989836.0,12637537870.0,22217349.0,90866689.0
2015-10-16,2015,10,543489414407.0,5537590785.0,549027005192.0,355318023238.0,1007922818.0,356325946056.0,898807437645.0,6545513603.0,905352951248.0,8988.07437645,9053.52951248,12896260866.0,100828306.0,877989836.0,12637537870.0,22217349.0,90866689.0
2015-10-19,2015,10,543489414407.0,5537590785.0,549027005192.0,355318023238.0,1007922818.0,356325946056.0,898807437645.0,6545513603.0,905352951248.0,8988.07437645,9053.52951248,12896260866.0,100828306.0,877989836.0,12637537870.0,22217349.0,90866689.0
2015-10-20,2015,10,543489414407.0,5537590785.0,549027005192.0,355318023238.0,1007922818.0,356325946056.0,898807437645.0,6545513603.0,905352951248.0,8988.07437645,9053.52951248,12896260866.0,100828306.0,877989836.0,12637537870.0,22217349.0,90866689.0
2015-10-21,2015,10,543489414407.0,5537590785.0,549027005192.0,355318023238.0,1007922818.0,356325946056.0,898807437645.0,6545513603.0,905352951248.0,8988.07437645,9053.52951248,12896260866.0,100828306.0,877989836.0,12637537870.0,22217349.0,90866689.0
2015-10-22,2015,10,543489414407.0,5537590785.0,549027005192.0,355318023238.0,1007922818.0,356325946056.0,898807437645.0,6545513603.0,905352951248.0,8988.07437645,9053.52951248,12896260866.0,100828306.0,877989836.0,12637537870.0,22217349.0,90866689.0
2015-10-23,2015,10,543489414407.0,5537590785.0,549027005192.0,355318023238.0,1007922818.0,356325946056.0,898807437645.0,6545513603.0,905352951248.0,8988.07437645,9053.52951248,12896260866.0,100828306.0,877989836.0,12637537870.0,22217349.0,90866689.0
2015-10-26,2015,10,543489414407.0,5537590785.0,549027005192.0,355318023238.0,1007922818.0,356325946056.0,898807437645.0,6545513603.0,905352951248.0,8988.07437645,9053.52951248,12896260866.0,100828306.0,877989836.0,12637537870.0,22217349.0,90866689.0
2015-10-27,2015,10,543489414407.0,5537590785.0,549027005192.0,355318023238.0,1007922818.0,356325946056.0,898807437645.0,6545513603.0,905352951248.0,8988.07437645,9053.52951248,12896260866.0,100828306.0,877989836.0,12637537870.0,22217349.0,90866689.0
2015-10-28,2015,10,543489414407.0,5537590785.0,549027005192.0,355318023238.0,1007922818.0,356325946056.0,898807437645.0,6545513603.0,905352951248.0,8988.07437645,9053.52951248,12896260866.0,100828306.0,877989836.0,12637537870.0,22217349.0,90866689.0
2015-10-29,2015,10,543489414407.0,5537590785.0,549027005192.0,355318023238.0,1007922818.0,356325946056.0,898807437645.0,6545513603.0,905352951248.0,8988.07437645,9053.52951248,12896260866.0,100828306.0,877989836.0,12637537870.0,22217349.0,90866689.0
2015-10-30,2015,10,543489414407.0,5537590785.0,549027005192.0,355318023238.0,1007922818.0,356325946056.0,898807437645.0,6545513603.0,905352951248.0,8988.07437645,9053.52951248,12896260866.0,100828306.0,877989836.0,12637537870.0,22217349.0,90866689.0
2015-11-02,2015,11,543489414407.0,5537590785.0,549027005192.0,355318023238.0,1007922818.0,356325946056.0,898807437645.0,6545513603.0,905352951248.0,8988.07437645,9053.52951248,12896260866.0,100828306.0,877989836.0,12637537870.0,22217349.0,90866689.0
2015-11-03,2015,11,543489414407.0,5537590785.0,549027005192.0,355318023238.0,1007922818.0,356325946056.0,898807437645.0,6545513603.0,905352951248.0,8988.07437645,9053.52951248,12896260866.0,100828306.0,877989836.0,12637537870.0,22217349.0,90866689.0
2015-11-04,2015,11,543489414407.0,5537590785.0,549027005192.0,355318023238.0,1007922818.0,356325946056.0,898807437645.0,6545513603.0,905352951248.0,8988.07437645,9053.52951248,12896260866.0,100828306.0,877989836.0,12637537870.0,22217349.0,90866689.0
2015-11-05,2015,11,543489414407.0,5537590785.0,549027005192.0,355318023238.0,1007922818.0,356325946056.0,898807437645.0,6545513603.0,905352951248.0,8988.07437645,9053.52951248,12896260866.0,100828306.0,877989836.0,12637537870.0,22217349.0,90866689.0
2015-11-06,2015,11,543489414407.0,5537590785.0,549027005192.0,355318023238.0,1007922818.0,356325946056.0,898807437645.0,6545513603.0,905352951248.0,8988.07437645,9053.52951248,12896260866.0,100828306.0,877989836.0,12637537870.0,22217349.0,90866689.0
2015-11-09,2015,11,543489414407.0,5537590785.0,549027005192.0,355318023238.0,1007922818.0,356325946056.0,898807437645.0,6545513603.0,905352951248.0,8988.07437645,9053.52951248,12896260866.0,100828306.0,877989836.0,12637537870.0,22217349.0,90866689.0
2015-11-10,2015,11,543489414407.0,5537590785.0,549027005192.0,355318023238.0,1007922818.0,356325946056.0,898807437645.0,6545513603.0,905352951248.0,8988.07437645,9053.52951248,12896260866.0,100828306.0,877989836.0,12637537870.0,22217349.0,90866689.0
2015-11-11,2015,11,543489414407.0,5537590785.0,549027005192.0,355318023238.0,1007922818.0,356325946056.0,898807437645.0,6545513603.0,905352951248.0,8988.07437645,9053.52951248,12896260866.0,100828306.0,877989836.0,12637537870.0,22217349.0,90866689.0
2015-11-12,2015,11,543489414407.0,5537590785.0,549027005192.0,355318023238.0,1007922818.0,356325946056.0,898807437645.0,6545513603.0,905352951248.0,8988.07437645,9053.52951248,12896260866.0,100828306.0,877989836.0,12637537870.0,22217349.0,90866689.0
2015-11-13,2015,11,543489414407.0,5537590785.0,549027005192.0,355318023238.0,1007922818.0,356325946056.0,898807437645.0,6545513603.0,905352951248.0,8988.07437645,9053.52951248,12896260866.0,100828306.0,877989836.0,12637537870.0,22217349.0,90866689.0
2015-11-16,2015,11,543489414407.0,5537590785.0,549027005192.0,355318023238.0,1007922818.0,356325946056.0,898807437645.0,6545513603.0,905352951248.0,8988.07437645,9053.52951248,12896260866.0,100828306.0,877989836.0,12637537870.0,22217349.0,90866689.0
2015-11-17,2015,11,543489414407.0,5537590785.0,549027005192.0,355318023238.0,1007922818.0,356325946056.0,898807437645.0,6545513603.0,905352951248.0,8988.07437645,9053.52951248,12896260866.0,100828306.0,877989836.0,12637537870.0,22217349.0,90866689.0
2015-11-18,2015,11,543489414407.0,5537590785.0,549027005192.0,355318023238.0,1007922818.0,356325946056.0,898807437645.0,6545513603.0,905352951248.0,8988.07437645,9053.52951248,12896260866.0,100828306.0,877989836.0,12637537870.0,22217349.0,90866689.0
2015-11-19,2015,11,543489414407.0,5537590785.0,549027005192.0,355318023238.0,1007922818.0,356325946056.0,898807437645.0,6545513603.0,905352951248.0,8988.07437645,9053.52951248,12896260866.0,100828306.0,877989836.0,12637537870.0,22217349.0,90866689.0
2015-11-20,2015,11,543489414407.0,5537590785.0,549027005192.0,355318023238.0,1007922818.0,356325946056.0,898807437645.0,6545513603.0,905352951248.0,8988.07437645,9053.52951248,12896260866.0,100828306.0,877989836.0,12637537870.0,22217349.0,90866689.0
2015-11-23,2015,11,543489414407.0,5537590785.0,549027005192.0,355318023238.0,1007922818.0,356325946056.0,898807437645.0,6545513603.0,905352951248.0,8988.07437645,9053.52951248,12896260866.0,100828306.0,877989836.0,12637537870.0,22217349.0,90866689.0
2015-11-24,2015,11,543489414407.0,5537590785.0,549027005192.0,355318023238.0,1007922818.0,356325946056.0,898807437645.0,6545513603.0,905352951248.0,8988.07437645,9053.52951248,12896260866.0,100828306.0,877989836.0,12637537870.0,22217349.0,90866689.0
2015-11-25,2015,11,543489414407.0,5537590785.0,549027005192.0,355318023238.0,1007922818.0,356325946056.0,898807437645.0,6545513603.0,905352951248.0,8988.07437645,9053.52951248,12896260866.0,100828306.0,877989836.0,12637537870.0,22217349.0,90866689.0
2015-11-26,2015,11,543489414407.0,5537590785.0,549027005192.0,355318023238.0,1007922818.0,356325946056.0,898807437645.0,6545513603.0,905352951248.0,8988.07437645,9053.52951248,12896260866.0,100828306.0,877989836.0,12637537870.0,22217349.0,90866689.0
2015-11-27,2015,11,543489414407.0,5537590785.0,549027005192.0,355318023238.0,1007922818.0,356325946056.0,898807437645.0,6545513603.0,905352951248.0,8988.07437645,9053.52951248,12896260866.0,100828306.0,877989836.0,12637537870.0,22217349.0,90866689.0
2015-11-30,2015,11,496798379422.0,6530696251.0,503329075673.0,323183149799.0,1043232734.0,324226382533.0,819981529221.0,7573928985.0,827555458206.0,8199.81529221,8275.55458206,10432337592.0,75195563.0,1119629924.0,7377083739.0,18578866.0,100243987.0
2015-12-01,2015,12,496798379422.0,6530696251.0,503329075673.0,323183149799.0,1043232734.0,324226382533.0,819981529221.0,7573928985.0,827555458206.0,8199.81529221,8275.55458206,10432337592.0,75195563.0,1119629924.0,7377083739.0,18578866.0,100243987.0
2015-12-02,2015,12,496798379422.0,6530696251.0,503329075673.0,323183149799.0,1043232734.0,324226382533.0,819981529221.0,7573928985.0,827555458206.0,8199.81529221,8275.55458206,10432337592.0,75195563.0,1119629924.0,7377083739.0,18578866.0,100243987.0
2015-12-03,2015,12,496798379422.0,6530696251.0,503329075673.0,323183149799.0,1043232734.0,324226382533.0,819981529221.0,7573928985.0,827555458206.0,8199.81529221,8275.55458206,10432337592.0,75195563.0,1119629924.0,7377083739.0,18578866.0,100243987.0
2015-12-04,2015,12,496798379422.0,6530696251.0,503329075673.0,323183149799.0,1043232734.0,324226382533.0,819981529221.0,7573928985.0,827555458206.0,8199.81529221,8275.55458206,10432337592.0,75195563.0,1119629924.0,7377083739.0,18578866.0,100243987.0
2015-12-07,2015,12,496798379422.0,6530696251.0,503329075673.0,323183149799.0,1043232734.0,324226382533.0,819981529221.0,7573928985.0,827555458206.0,8199.81529221,8275.55458206,10432337592.0,75195563.0,1119629924.0,7377083739.0,18578866.0,100243987.0
2015-12-08,2015,12,496798379422.0,6530696251.0,503329075673.0,323183149799.0,1043232734.0,324226382533.0,819981529221.0,7573928985.0,827555458206.0,8199.81529221,8275.55458206,10432337592.0,75195563.0,1119629924.0,7377083739.0,18578866.0,100243987.0
2015-12-09,2015,12,496798379422.0,6530696251.0,503329075673.0,323183149799.0,1043232734.0,324226382533.0,819981529221.0,7573928985.0,827555458206.0,8199.81529221,8275.55458206,10432337592.0,75195563.0,1119629924.0,7377083739.0,18578866.0,100243987.0
2015-12-10,2015,12,496798379422.0,6530696251.0,503329075673.0,323183149799.0,1043232734.0,324226382533.0,819981529221.0,7573928985.0,827555458206.0,8199.81529221,8275.55458206,10432337592.0,75195563.0,1119629924.0,7377083739.0,18578866.0,100243987.0
2015-12-11,2015,12,496798379422.0,6530696251.0,503329075673.0,323183149799.0,1043232734.0,324226382533.0,819981529221.0,7573928985.0,827555458206.0,8199.81529221,8275.55458206,10432337592.0,75195563.0,1119629924.0,7377083739.0,18578866.0,100243987.0
2015-12-14,2015,12,496798379422.0,6530696251.0,503329075673.0,323183149799.0,1043232734.0,324226382533.0,819981529221.0,7573928985.0,827555458206.0,8199.81529221,8275.55458206,10432337592.0,75195563.0,1119629924.0,7377083739.0,18578866.0,100243987.0
2015-12-15,2015,12,496798379422.0,6530696251.0,503329075673.0,323183149799.0,1043232734.0,324226382533.0,819981529221.0,7573928985.0,827555458206.0,8199.81529221,8275.55458206,10432337592.0,75195563.0,1119629924.0,7377083739.0,18578866.0,100243987.0
2015-12-16,2015,12,496798379422.0,6530696251.0,503329075673.0,323183149799.0,1043232734.0,324226382533.0,819981529221.0,7573928985.0,827555458206.0,8199.81529221,8275.55458206,10432337592.0,75195563.0,1119629924.0,7377083739.0,18578866.0,100243987.0
2015-12-17,2015,12,496798379422.0,6530696251.0,503329075673.0,323183149799.0,1043232734.0,324226382533.0,819981529221.0,7573928985.0,827555458206.0,8199.81529221,8275.55458206,10432337592.0,75195563.0,1119629924.0,7377083739.0,18578866.0,100243987.0
2015-12-18,2015,12,496798379422.0,6530696251.0,503329075673.0,323183149799.0,1043232734.0,324226382533.0,819981529221.0,7573928985.0,827555458206.0,8199.81529221,8275.55458206,10432337592.0,75195563.0,1119629924.0,7377083739.0,18578866.0,100243987.0
2015-12-21,2015,12,496798379422.0,6530696251.0,503329075673.0,323183149799.0,1043232734.0,324226382533.0,819981529221.0,7573928985.0,827555458206.0,8199.81529221,8275.55458206,10432337592.0,75195563.0,1119629924.0,7377083739.0,18578866.0,100243987.0
2015-12-22,2015,12,496798379422.0,6530696251.0,503329075673.0,323183149799.0,1043232734.0,324226382533.0,819981529221.0,7573928985.0,827555458206.0,8199.81529221,8275.55458206,10432337592.0,75195563.0,1119629924.0,7377083739.0,18578866.0,100243987.0
2015-12-23,2015,12,496798379422.0,6530696251.0,503329075673.0,323183149799.0,1043232734.0,324226382533.0,819981529221.0,7573928985.0,827555458206.0,8199.81529221,8275.55458206,10432337592.0,75195563.0,1119629924.0,7377083739.0,18578866.0,100243987.0
2015-12-24,2015,12,496798379422.0,6530696251.0,503329075673.0,323183149799.0,1043232734.0,324226382533.0,819981529221.0,7573928985.0,827555458206.0,8199.81529221,8275.55458206,10432337592.0,75195563.0,1119629924.0,7377083739.0,18578866.0,100243987.0
2015-12-25,2015,12,496798379422.0,6530696251.0,503329075673.0,323183149799.0,1043232734.0,324226382533.0,819981529221.0,7573928985.0,827555458206.0,8199.81529221,8275.55458206,10432337592.0,75195563.0,1119629924.0,7377083739.0,18578866.0,100243987.0
2015-12-28,2015,12,496798379422.0,6530696251.0,503329075673.0,323183149799.0,1043232734.0,324226382533.0,819981529221.0,7573928985.0,827555458206.0,8199.81529221,8275.55458206,10432337592.0,75195563.0,1119629924.0,7377083739.0,18578866.0,100243987.0
2015-12-29,2015,12,496798379422.0,6530696251.0,503329075673.0,323183149799.0,1043232734.0,324226382533.0,819981529221.0,7573928985.0,827555458206.0,8199.81529221,8275.55458206,10432337592.0,75195563.0,1119629924.0,7377083739.0,18578866.0,100243987.0
2015-12-30,2015,12,496798379422.0,6530696251.0,503329075673.0,323183149799.0,1043232734.0,324226382533.0,819981529221.0,7573928985.0,827555458206.0,8199.81529221,8275.55458206,10432337592.0,75195563.0,1119629924.0,7377083739.0,18578866.0,100243987.0
2015-12-31,2015,12,475233531812.0,6935754162.0,482169285974.0,298473678506.0,1152907161.0,299626585667.0,773707210318.0,8088661323.0,781795871641.0,7737.07210318,7817.95871641,15593288878.0,95112993.0,1217818709.0,11606818888.0,19593427.0,118388178.0
2016-01-04,2016,1,475233531812.0,6935754162.0,482169285974.0,298473678506.0,1152907161.0,299626585667.0,773707210318.0,8088661323.0,781795871641.0,7737.07210318,7817.95871641,15593288878.0,95112993.0,1217818709.0,11606818888.0,19593427.0,118388178.0
2016-01-05,2016,1,475233531812.0,6935754162.0,482169285974.0,298473678506.0,1152907161.0,299626585667.0,773707210318.0,8088661323.0,781795871641.0,7737.07210318,7817.95871641,15593288878.0,95112993.0,1217818709.0,11606818888.0,19593427.0,118388178.0
2016-01-06,2016,1,475233531812.0,6935754162.0,482169285974.0,298473678506.0,1152907161.0,299626585667.0,773707210318.0,8088661323.0,781795871641.0,7737.07210318,7817.95871641,15593288878.0,95112993.0,1217818709.0,11606818888.0,19593427.0,118388178.0
2016-01-07,2016,1,475233531812.0,6935754162.0,482169285974.0,298473678506.0,1152907161.0,299626585667.0,773707210318.0,8088661323.0,781795871641.0,7737.07210318,7817.95871641,15593288878.0,95112993.0,1217818709.0,11606818888.0,19593427.0,118388178.0
2016-01-08,2016,1,475233531812.0,6935754162.0,482169285974.0,298473678506.0,1152907161.0,299626585667.0,773707210318.0,8088661323.0,781795871641.0,7737.07210318,7817.95871641,15593288878.0,95112993.0,1217818709.0,11606818888.0,19593427.0,118388178.0
2016-01-11,2016,1,475233531812.0,6935754162.0,482169285974.0,298473678506.0,1152907161.0,299626585667.0,773707210318.0,8088661323.0,781795871641.0,7737.07210318,7817.95871641,15593288878.0,95112993.0,1217818709.0,11606818888.0,19593427.0,118388178.0
2016-01-12,2016,1,475233531812.0,6935754162.0,482169285974.0,298473678506.0,1152907161.0,299626585667.0,773707210318.0,8088661323.0,781795871641.0,7737.07210318,7817.95871641,15593288878.0,95112993.0,1217818709.0,11606818888.0,19593427.0,118388178.0
2016-01-13,2016,1,475233531812.0,6935754162.0,482169285974.0,298473678506.0,1152907161.0,299626585667.0,773707210318.0,8088661323.0,781795871641.0,7737.07210318,7817.95871641,15593288878.0,95112993.0,1217818709.0,11606818888.0,19593427.0,118388178.0
2016-01-14,2016,1,475233531812.0,6935754162.0,482169285974.0,298473678506.0,1152907161.0,299626585667.0,773707210318.0,8088661323.0,781795871641.0,7737.07210318,7817.95871641,15593288878.0,95112993.0,1217818709.0,11606818888.0,19593427.0,118388178.0
2016-01-15,2016,1,475233531812.0,6935754162.0,482169285974.0,298473678506.0,1152907161.0,299626585667.0,773707210318.0,8088661323.0,781795871641.0,7737.07210318,7817.95871641,15593288878.0,95112993.0,1217818709.0,11606818888.0,19593427.0,118388178.0
2016-01-18,2016,1,475233531812.0,6935754162.0,482169285974.0,298473678506.0,1152907161.0,299626585667.0,773707210318.0,8088661323.0,781795871641.0,7737.07210318,7817.95871641,15593288878.0,95112993.0,1217818709.0,11606818888.0,19593427.0,118388178.0
2016-01-19,2016,1,475233531812.0,6935754162.0,482169285974.0,298473678506.0,1152907161.0,299626585667.0,773707210318.0,8088661323.0,781795871641.0,7737.07210318,7817.95871641,15593288878.0,95112993.0,1217818709.0,11606818888.0,19593427.0,118388178.0
2016-01-20,2016,1,475233531812.0,6935754162.0,482169285974.0,298473678506.0,1152907161.0,299626585667.0,773707210318.0,8088661323.0,781795871641.0,7737.07210318,7817.95871641,15593288878.0,95112993.0,1217818709.0,11606818888.0,19593427.0,118388178.0
2016-01-21,2016,1,475233531812.0,6935754162.0,482169285974.0,298473678506.0,1152907161.0,299626585667.0,773707210318.0,8088661323.0,781795871641.0,7737.07210318,7817.95871641,15593288878.0,95112993.0,1217818709.0,11606818888.0,19593427.0,118388178.0
2016-01-22,2016,1,475233531812.0,6935754162.0,482169285974.0,298473678506.0,1152907161.0,299626585667.0,773707210318.0,8088661323.0,781795871641.0,7737.07210318,7817.95871641,15593288878.0,95112993.0,1217818709.0,11606818888.0,19593427.0,118388178.0
2016-01-25,2016,1,475233531812.0,6935754162.0,482169285974.0,298473678506.0,1152907161.0,299626585667.0,773707210318.0,8088661323.0,781795871641.0,7737.07210318,7817.95871641,15593288878.0,95112993.0,1217818709.0,11606818888.0,19593427.0,118388178.0
2016-01-26,2016,1,475233531812.0,6935754162.0,482169285974.0,298473678506.0,1152907161.0,299626585667.0,773707210318.0,8088661323.0,781795871641.0,7737.07210318,7817.95871641,15593288878.0,95112993.0,1217818709.0,11606818888.0,19593427.0,118388178.0
2016-01-27,2016,1,475233531812.0,6935754162.0,482169285974.0,298473678506.0,1152907161.0,299626585667.0,773707210318.0,8088661323.0,781795871641.0,7737.07210318,7817.95871641,15593288878.0,95112993.0,1217818709.0,11606818888.0,19593427.0,118388178.0
2016-01-28,2016,1,475233531812.0,6935754162.0,482169285974.0,298473678506.0,1152907161.0,299626585667.0,773707210318.0,8088661323.0,781795871641.0,7737.07210318,7817.95871641,15593288878.0,95112993.0,1217818709.0,11606818888.0,19593427.0,118388178.0
2016-01-29,2016,1,475233531812.0,6935754162.0,482169285974.0,298473678506.0,1152907161.0,299626585667.0,773707210318.0,8088661323.0,781795871641.0,7737.07210318,7817.95871641,15593288878.0,95112993.0,1217818709.0,11606818888.0,19593427.0,118388178.0
2016-02-01,2016,2,475233531812.0,6935754162.0,482169285974.0,298473678506.0,1152907161.0,299626585667.0,773707210318.0,8088661323.0,781795871641.0,7737.07210318,7817.95871641,15593288878.0,95112993.0,1217818709.0,11606818888.0,19593427.0,118388178.0
2016-02-02,2016,2,475233531812.0,6935754162.0,482169285974.0,298473678506.0,1152907161.0,299626585667.0,773707210318.0,8088661323.0,781795871641.0,7737.07210318,7817.95871641,15593288878.0,95112993.0,1217818709.0,11606818888.0,19593427.0,118388178.0
2016-02-03,2016,2,475233531812.0,6935754162.0,482169285974.0,298473678506.0,1152907161.0,299626585667.0,773707210318.0,8088661323.0,781795871641.0,7737.07210318,7817.95871641,15593288878.0,95112993.0,1217818709.0,11606818888.0,19593427.0,118388178.0
2016-02-04,2016,2,475233531812.0,6935754162.0,482169285974.0,298473678506.0,1152907161.0,299626585667.0,773707210318.0,8088661323.0,781795871641.0,7737.07210318,7817.95871641,15593288878.0,95112993.0,1217818709.0,11606818888.0,19593427.0,118388178.0
2016-02-05,2016,2,475233531812.0,6935754162.0,482169285974.0,298473678506.0,1152907161.0,299626585667.0,773707210318.0,8088661323.0,781795871641.0,7737.07210318,7817.95871641,15593288878.0,95112993.0,1217818709.0,11606818888.0,19593427.0,118388178.0
2016-02-15,2016,2,475233531812.0,6935754162.0,482169285974.0,298473678506.0,1152907161.0,299626585667.0,773707210318.0,8088661323.0,781795871641.0,7737.07210318,7817.95871641,15593288878.0,95112993.0,1217818709.0,11606818888.0,19593427.0,118388178.0
2016-02-16,2016,2,475233531812.0,6935754162.0,482169285974.0,298473678506.0,1152907161.0,299626585667.0,773707210318.0,8088661323.0,781795871641.0,7737.07210318,7817.95871641,15593288878.0,95112993.0,1217818709.0,11606818888.0,19593427.0,118388178.0
2016-02-17,2016,2,475233531812.0,6935754162.0,482169285974.0,298473678506.0,1152907161.0,299626585667.0,773707210318.0,8088661323.0,781795871641.0,7737.07210318,7817.95871641,15593288878.0,95112993.0,1217818709.0,11606818888.0,19593427.0,118388178.0
2016-02-18,2016,2,475233531812.0,6935754162.0,482169285974.0,298473678506.0,1152907161.0,299626585667.0,773707210318.0,8088661323.0,781795871641.0,7737.07210318,7817.95871641,15593288878.0,95112993.0,1217818709.0,11606818888.0,19593427.0,118388178.0
2016-02-19,2016,2,475233531812.0,6935754162.0,482169285974.0,298473678506.0,1152907161.0,299626585667.0,773707210318.0,8088661323.0,781795871641.0,7737.07210318,7817.95871641,15593288878.0,95112993.0,1217818709.0,11606818888.0,19593427.0,118388178.0
2016-02-22,2016,2,475233531812.0,6935754162.0,482169285974.0,298473678506.0,1152907161.0,299626585667.0,773707210318.0,8088661323.0,781795871641.0,7737.07210318,7817.95871641,15593288878.0,95112993.0,1217818709.0,11606818888.0,19593427.0,118388178.0
2016-02-23,2016,2,475233531812.0,6935754162.0,482169285974.0,298473678506.0,1152907161.0,299626585667.0,773707210318.0,8088661323.0,781795871641.0,7737.07210318,7817.95871641,15593288878.0,95112993.0,1217818709.0,11606818888.0,19593427.0,118388178.0
2016-02-24,2016,2,475233531812.0,6935754162.0,482169285974.0,298473678506.0,1152907161.0,299626585667.0,773707210318.0,8088661323.0,781795871641.0,7737.07210318,7817.95871641,15593288878.0,95112993.0,1217818709.0,11606818888.0,19593427.0,118388178.0
2016-02-25,2016,2,475233531812.0,6935754162.0,482169285974.0,298473678506.0,1152907161.0,299626585667.0,773707210318.0,8088661323.0,781795871641.0,7737.07210318,7817.95871641,15593288878.0,95112993.0,1217818709.0,11606818888.0,19593427.0,118388178.0
2016-02-26,2016,2,475233531812.0,6935754162.0,482169285974.0,298473678506.0,1152907161.0,299626585667.0,773707210318.0,8088661323.0,781795871641.0,7737.07210318,7817.95871641,15593288878.0,95112993.0,1217818709.0,11606818888.0,19593427.0,118388178.0
2016-02-29,2016,2,461954859629.0,6633130375.0,468587990004.0,295248672010.0,1313513456.0,296562185466.0,757203531639.0,7946643831.0,765150175470.0,7572.03531639,7651.5017547,32419548758.0,114939138.0,1048598706.0,29014612317.0,30271244.0,121891864.0
2016-03-01,2016,3,461954859629.0,6633130375.0,468587990004.0,295248672010.0,1313513456.0,296562185466.0,757203531639.0,7946643831.0,765150175470.0,7572.03531639,7651.5017547,32419548758.0,114939138.0,1048598706.0,29014612317.0,30271244.0,121891864.0
2016-03-02,2016,3,461954859629.0,6633130375.0,468587990004.0,295248672010.0,1313513456.0,296562185466.0,757203531639.0,7946643831.0,765150175470.0,7572.03531639,7651.5017547,32419548758.0,114939138.0,1048598706.0,29014612317.0,30271244.0,121891864.0
2016-03-03,2016,3,461954859629.0,6633130375.0,468587990004.0,295248672010.0,1313513456.0,296562185466.0,757203531639.0,7946643831.0,765150175470.0,7572.03531639,7651.5017547,32419548758.0,114939138.0,1048598706.0,29014612317.0,30271244.0,121891864.0
2016-03-04,2016,3,461954859629.0,6633130375.0,468587990004.0,295248672010.0,1313513456.0,296562185466.0,757203531639.0,7946643831.0,765150175470.0,7572.03531639,7651.5017547,32419548758.0,114939138.0,1048598706.0,29014612317.0,30271244.0,121891864.0
2016-03-07,2016,3,461954859629.0,6633130375.0,468587990004.0,295248672010.0,1313513456.0,296562185466.0,757203531639.0,7946643831.0,765150175470.0,7572.03531639,7651.5017547,32419548758.0,114939138.0,1048598706.0,29014612317.0,30271244.0,121891864.0
2016-03-08,2016,3,461954859629.0,6633130375.0,468587990004.0,295248672010.0,1313513456.0,296562185466.0,757203531639.0,7946643831.0,765150175470.0,7572.03531639,7651.5017547,32419548758.0,114939138.0,1048598706.0,29014612317.0,30271244.0,121891864.0
2016-03-09,2016,3,461954859629.0,6633130375.0,468587990004.0,295248672010.0,1313513456.0,296562185466.0,757203531639.0,7946643831.0,765150175470.0,7572.03531639,7651.5017547,32419548758.0,114939138.0,1048598706.0,29014612317.0,30271244.0,121891864.0
2016-03-10,2016,3,461954859629.0,6633130375.0,468587990004.0,295248672010.0,1313513456.0,296562185466.0,757203531639.0,7946643831.0,765150175470.0,7572.03531639,7651.5017547,32419548758.0,114939138.0,1048598706.0,29014612317.0,30271244.0,121891864.0
2016-03-11,2016,3,461954859629.0,6633130375.0,468587990004.0,295248672010.0,1313513456.0,296562185466.0,757203531639.0,7946643831.0,765150175470.0,7572.03531639,7651.5017547,32419548758.0,114939138.0,1048598706.0,29014612317.0,30271244.0,121891864.0
2016-03-14,2016,3,461954859629.0,6633130375.0,468587990004.0,295248672010.0,1313513456.0,296562185466.0,757203531639.0,7946643831.0,765150175470.0,7572.03531639,7651.5017547,32419548758.0,114939138.0,1048598706.0,29014612317.0,30271244.0,121891864.0
2016-03-15,2016,3,461954859629.0,6633130375.0,468587990004.0,295248672010.0,1313513456.0,296562185466.0,757203531639.0,7946643831.0,765150175470.0,7572.03531639,7651.5017547,32419548758.0,114939138.0,1048598706.0,29014612317.0,30271244.0,121891864.0
2016-03-16,2016,3,461954859629.0,6633130375.0,468587990004.0,295248672010.0,1313513456.0,296562185466.0,757203531639.0,7946643831.0,765150175470.0,7572.03531639,7651.5017547,32419548758.0,114939138.0,1048598706.0,29014612317.0,30271244.0,121891864.0
2016-03-17,2016,3,461954859629.0,6633130375.0,468587990004.0,295248672010.0,1313513456.0,296562185466.0,757203531639.0,7946643831.0,765150175470.0,7572.03531639,7651.5017547,32419548758.0,114939138.0,1048598706.0,29014612317.0,30271244.0,121891864.0
2016-03-18,2016,3,461954859629.0,6633130375.0,468587990004.0,295248672010.0,1313513456.0,296562185466.0,757203531639.0,7946643831.0,765150175470.0,7572.03531639,7651.5017547,32419548758.0,114939138.0,1048598706.0,29014612317.0,30271244.0,121891864.0
2016-03-21,2016,3,461954859629.0,6633130375.0,468587990004.0,295248672010.0,1313513456.0,296562185466.0,757203531639.0,7946643831.0,765150175470.0,7572.03531639,7651.5017547,32419548758.0,114939138.0,1048598706.0,29014612317.0,30271244.0,121891864.0
2016-03-22,2016,3,461954859629.0,6633130375.0,468587990004.0,295248672010.0,1313513456.0,296562185466.0,757203531639.0,7946643831.0,765150175470.0,7572.03531639,7651.5017547,32419548758.0,114939138.0,1048598706.0,29014612317.0,30271244.0,121891864.0
2016-03-23,2016,3,461954859629.0,6633130375.0,468587990004.0,295248672010.0,1313513456.0,296562185466.0,757203531639.0,7946643831.0,765150175470.0,7572.03531639,7651.5017547,32419548758.0,114939138.0,1048598706.0,29014612317.0,30271244.0,121891864.0
2016-03-24,2016,3,461954859629.0,6633130375.0,468587990004.0,295248672010.0,1313513456.0,296562185466.0,757203531639.0,7946643831.0,765150175470.0,7572.03531639,7651.5017547,32419548758.0,114939138.0,1048598706.0,29014612317.0,30271244.0,121891864.0
2016-03-25,2016,3,461954859629.0,6633130375.0,468587990004.0,295248672010.0,1313513456.0,296562185466.0,757203531639.0,7946643831.0,765150175470.0,7572.03531639,7651.5017547,32419548758.0,114939138.0,1048598706.0,29014612317.0,30271244.0,121891864.0
2016-03-28,2016,3,461954859629.0,6633130375.0,468587990004.0,295248672010.0,1313513456.0,296562185466.0,757203531639.0,7946643831.0,765150175470.0,7572.03531639,7651.5017547,32419548758.0,114939138.0,1048598706.0,29014612317.0,30271244.0,121891864.0
2016-03-29,2016,3,461954859629.0,6633130375.0,468587990004.0,295248672010.0,1313513456.0,296562185466.0,757203531639.0,7946643831.0,765150175470.0,7572.03531639,7651.5017547,32419548758.0,114939138.0,1048598706.0,29014612317.0,30271244.0,121891864.0
2016-03-30,2016,3,461954859629.0,6633130375.0,468587990004.0,295248672010.0,1313513456.0,296562185466.0,757203531639.0,7946643831.0,765150175470.0,7572.03531639,7651.5017547,32419548758.0,114939138.0,1048598706.0,29014612317.0,30271244.0,121891864.0
2016-03-31,2016,3,582591393394.0,7893889401.0,590485282795.0,372936136552.0,1899456181.0,374835592733.0,955527529946.0,9793345582.0,965320875528.0,9555.27529946,9653.20875528,49975237698.0,164489669.0,1082387455.0,35642576735.0,40105643.0,148540118.0
2016-04-01,2016,4,582591393394.0,7893889401.0,590485282795.0,372936136552.0,1899456181.0,374835592733.0,955527529946.0,9793345582.0,965320875528.0,9555.27529946,9653.20875528,49975237698.0,164489669.0,1082387455.0,35642576735.0,40105643.0,148540118.0
2016-04-05,2016,4,582591393394.0,7893889401.0,590485282795.0,372936136552.0,1899456181.0,374835592733.0,955527529946.0,9793345582.0,965320875528.0,9555.27529946,9653.20875528,49975237698.0,164489669.0,1082387455.0,35642576735.0,40105643.0,148540118.0
2016-04-06,2016,4,582591393394.0,7893889401.0,590485282795.0,372936136552.0,1899456181.0,374835592733.0,955527529946.0,9793345582.0,965320875528.0,9555.27529946,9653.20875528,49975237698.0,164489669.0,1082387455.0,35642576735.0,40105643.0,148540118.0
2016-04-07,2016,4,582591393394.0,7893889401.0,590485282795.0,372936136552.0,1899456181.0,374835592733.0,955527529946.0,9793345582.0,965320875528.0,9555.27529946,9653.20875528,49975237698.0,164489669.0,1082387455.0,35642576735.0,40105643.0,148540118.0
2016-04-08,2016,4,582591393394.0,7893889401.0,590485282795.0,372936136552.0,1899456181.0,374835592733.0,955527529946.0,9793345582.0,965320875528.0,9555.27529946,9653.20875528,49975237698.0,164489669.0,1082387455.0,35642576735.0,40105643.0,148540118.0
2016-04-11,2016,4,582591393394.0,7893889401.0,590485282795.0,372936136552.0,1899456181.0,374835592733.0,955527529946.0,9793345582.0,965320875528.0,9555.27529946,9653.20875528,49975237698.0,164489669.0,1082387455.0,35642576735.0,40105643.0,148540118.0
2016-04-12,2016,4,582591393394.0,7893889401.0,590485282795.0,372936136552.0,1899456181.0,374835592733.0,955527529946.0,9793345582.0,965320875528.0,9555.27529946,9653.20875528,49975237698.0,164489669.0,1082387455.0,35642576735.0,40105643.0,148540118.0
2016-04-13,2016,4,582591393394.0,7893889401.0,590485282795.0,372936136552.0,1899456181.0,374835592733.0,955527529946.0,9793345582.0,965320875528.0,9555.27529946,9653.20875528,49975237698.0,164489669.0,1082387455.0,35642576735.0,40105643.0,148540118.0
2016-04-14,2016,4,582591393394.0,7893889401.0,590485282795.0,372936136552.0,1899456181.0,374835592733.0,955527529946.0,9793345582.0,965320875528.0,9555.27529946,9653.20875528,49975237698.0,164489669.0,1082387455.0,35642576735.0,40105643.0,148540118.0
2016-04-15,2016,4,582591393394.0,7893889401.0,590485282795.0,372936136552.0,1899456181.0,374835592733.0,955527529946.0,9793345582.0,965320875528.0,9555.27529946,9653.20875528,49975237698.0,164489669.0,1082387455.0,35642576735.0,40105643.0,148540118.0
2016-04-18,2016,4,582591393394.0,7893889401.0,590485282795.0,372936136552.0,1899456181.0,374835592733.0,955527529946.0,9793345582.0,965320875528.0,9555.27529946,9653.20875528,49975237698.0,164489669.0,1082387455.0,35642576735.0,40105643.0,148540118.0
2016-04-19,2016,4,582591393394.0,7893889401.0,590485282795.0,372936136552.0,1899456181.0,374835592733.0,955527529946.0,9793345582.0,965320875528.0,9555.27529946,9653.20875528,49975237698.0,164489669.0,1082387455.0,35642576735.0,40105643.0,148540118.0
2016-04-20,2016,4,582591393394.0,7893889401.0,590485282795.0,372936136552.0,1899456181.0,374835592733.0,955527529946.0,9793345582.0,965320875528.0,9555.27529946,9653.20875528,49975237698.0,164489669.0,1082387455.0,35642576735.0,40105643.0,148540118.0
2016-04-21,2016,4,582591393394.0,7893889401.0,590485282795.0,372936136552.0,1899456181.0,374835592733.0,955527529946.0,9793345582.0,965320875528.0,9555.27529946,9653.20875528,49975237698.0,164489669.0,1082387455.0,35642576735.0,40105643.0,148540118.0
2016-04-22,2016,4,582591393394.0,7893889401.0,590485282795.0,372936136552.0,1899456181.0,374835592733.0,955527529946.0,9793345582.0,965320875528.0,9555.27529946,9653.20875528,49975237698.0,164489669.0,1082387455.0,35642576735.0,40105643.0,148540118.0
2016-04-25,2016,4,582591393394.0,7893889401.0,590485282795.0,372936136552.0,1899456181.0,374835592733.0,955527529946.0,9793345582.0,965320875528.0,9555.27529946,9653.20875528,49975237698.0,164489669.0,1082387455.0,35642576735.0,40105643.0,148540118.0
2016-04-26,2016,4,582591393394.0,7893889401.0,590485282795.0,372936136552.0,1899456181.0,374835592733.0,955527529946.0,9793345582.0,965320875528.0,9555.27529946,9653.20875528,49975237698.0,164489669.0,1082387455.0,35642576735.0,40105643.0,148540118.0
2016-04-27,2016,4,582591393394.0,7893889401.0,590485282795.0,372936136552.0,1899456181.0,374835592733.0,955527529946.0,9793345582.0,965320875528.0,9555.27529946,9653.20875528,49975237698.0,164489669.0,1082387455.0,35642576735.0,40105643.0,148540118.0
2016-04-28,2016,4,582591393394.0,7893889401.0,590485282795.0,372936136552.0,1899456181.0,374835592733.0,955527529946.0,9793345582.0,965320875528.0,9555.27529946,9653.20875528,49975237698.0,164489669.0,1082387455.0,35642576735.0,40105643.0,148540118.0
2016-04-29,2016,4,582591393394.0,7893889401.0,590485282795.0,372936136552.0,1899456181.0,374835592733.0,955527529946.0,9793345582.0,965320875528.0,9555.27529946,9653.20875528,49975237698.0,164489669.0,1082387455.0,35642576735.0,40105643.0,148540118.0
2016-05-03,2016,5,582591393394.0,7893889401.0,590485282795.0,372936136552.0,1899456181.0,374835592733.0,955527529946.0,9793345582.0,965320875528.0,9555.27529946,9653.20875528,49975237698.0,164489669.0,1082387455.0,35642576735.0,40105643.0,148540118.0
2016-05-04,2016,5,582591393394.0,7893889401.0,590485282795.0,372936136552.0,1899456181.0,374835592733.0,955527529946.0,9793345582.0,965320875528.0,9555.27529946,9653.20875528,49975237698.0,164489669.0,1082387455.0,35642576735.0,40105643.0,148540118.0
2016-05-05,2016,5,582591393394.0,7893889401.0,590485282795.0,372936136552.0,1899456181.0,374835592733.0,955527529946.0,9793345582.0,965320875528.0,9555.27529946,9653.20875528,49975237698.0,164489669.0,1082387455.0,35642576735.0,40105643.0,148540118.0
2016-05-06,2016,5,582591393394.0,7893889401.0,590485282795.0,372936136552.0,1899456181.0,374835592733.0,955527529946.0,9793345582.0,965320875528.0,9555.27529946,9653.20875528,49975237698.0,164489669.0,1082387455.0,35642576735.0,40105643.0,148540118.0
2016-05-09,2016,5,582591393394.0,7893889401.0,590485282795.0,372936136552.0,1899456181.0,374835592733.0,955527529946.0,9793345582.0,965320875528.0,9555.27529946,9653.20875528,49975237698.0,164489669.0,1082387455.0,35642576735.0,40105643.0,148540118.0
2016-05-10,2016,5,582591393394.0,7893889401.0,590485282795.0,372936136552.0,1899456181.0,374835592733.0,955527529946.0,9793345582.0,965320875528.0,9555.27529946,9653.20875528,49975237698.0,164489669.0,1082387455.0,35642576735.0,40105643.0,148540118.0
2016-05-11,2016,5,582591393394.0,7893889401.0,590485282795.0,372936136552.0,1899456181.0,374835592733.0,955527529946.0,9793345582.0,965320875528.0,9555.27529946,9653.20875528,49975237698.0,164489669.0,1082387455.0,35642576735.0,40105643.0,148540118.0
2016-05-12,2016,5,582591393394.0,7893889401.0,590485282795.0,372936136552.0,1899456181.0,374835592733.0,955527529946.0,9793345582.0,965320875528.0,9555.27529946,9653.20875528,49975237698.0,164489669.0,1082387455.0,35642576735.0,40105643.0,148540118.0
2016-05-13,2016,5,582591393394.0,7893889401.0,590485282795.0,372936136552.0,1899456181.0,374835592733.0,955527529946.0,9793345582.0,965320875528.0,9555.27529946,9653.20875528,49975237698.0,164489669.0,1082387455.0,35642576735.0,40105643.0,148540118.0
2016-05-16,2016,5,582591393394.0,7893889401.0,590485282795.0,372936136552.0,1899456181.0,374835592733.0,955527529946.0,9793345582.0,965320875528.0,9555.27529946,9653.20875528,49975237698.0,164489669.0,1082387455.0,35642576735.0,40105643.0,148540118.0
2016-05-17,2016,5,582591393394.0,7893889401.0,590485282795.0,372936136552.0,1899456181.0,374835592733.0,955527529946.0,9793345582.0,965320875528.0,9555.27529946,9653.20875528,49975237698.0,164489669.0,1082387455.0,35642576735.0,40105643.0,148540118.0
2016-05-18,2016,5,582591393394.0,7893889401.0,590485282795.0,372936136552.0,1899456181.0,374835592733.0,955527529946.0,9793345582.0,965320875528.0,9555.27529946,9653.20875528,49975237698.0,164489669.0,1082387455.0,35642576735.0,40105643.0,148540118.0
2016-05-19,2016,5,582591393394.0,7893889401.0,590485282795.0,372936136552.0,1899456181.0,374835592733.0,955527529946.0,9793345582.0,965320875528.0,9555.27529946,9653.20875528,49975237698.0,164489669.0,1082387455.0,35642576735.0,40105643.0,148540118.0
2016-05-20,2016,5,582591393394.0,7893889401.0,590485282795.0,372936136552.0,1899456181.0,374835592733.0,955527529946.0,9793345582.0,965320875528.0,9555.27529946,9653.20875528,49975237698.0,164489669.0,1082387455.0,35642576735.0,40105643.0,148540118.0
2016-05-23,2016,5,582591393394.0,7893889401.0,590485282795.0,372936136552.0,1899456181.0,374835592733.0,955527529946.0,9793345582.0,965320875528.0,9555.27529946,9653.20875528,49975237698.0,164489669.0,1082387455.0,35642576735.0,40105643.0,148540118.0
2016-05-24,2016,5,582591393394.0,7893889401.0,590485282795.0,372936136552.0,1899456181.0,374835592733.0,955527529946.0,9793345582.0,965320875528.0,9555.27529946,9653.20875528,49975237698.0,164489669.0,1082387455.0,35642576735.0,40105643.0,148540118.0
2016-05-25,2016,5,582591393394.0,7893889401.0,590485282795.0,372936136552.0,1899456181.0,374835592733.0,955527529946.0,9793345582.0,965320875528.0,9555.27529946,9653.20875528,49975237698.0,164489669.0,1082387455.0,35642576735.0,40105643.0,148540118.0
2016-05-26,2016,5,582591393394.0,7893889401.0,590485282795.0,372936136552.0,1899456181.0,374835592733.0,955527529946.0,9793345582.0,965320875528.0,9555.27529946,9653.20875528,49975237698.0,164489669.0,1082387455.0,35642576735.0,40105643.0,148540118.0
2016-05-27,2016,5,582591393394.0,7893889401.0,590485282795.0,372936136552.0,1899456181.0,374835592733.0,955527529946.0,9793345582.0,965320875528.0,9555.27529946,9653.20875528,49975237698.0,164489669.0,1082387455.0,35642576735.0,40105643.0,148540118.0
2016-05-30,2016,5,582591393394.0,7893889401.0,590485282795.0,372936136552.0,1899456181.0,374835592733.0,955527529946.0,9793345582.0,965320875528.0,9555.27529946,9653.20875528,49975237698.0,164489669.0,1082387455.0,35642576735.0,40105643.0,148540118.0
2016-05-31,2016,5,548742383856.0,7361346957.0,556103730813.0,358747995718.0,1746926574.0,360494922292.0,907490379574.0,9108273531.0,916598653105.0,9074.90379574,9165.98653105,13913309898.0,104708251.0,1066690610.0,11321650856.0,26355106.0,166124651.0
2016-06-01,2016,6,548742383856.0,7361346957.0,556103730813.0,358747995718.0,1746926574.0,360494922292.0,907490379574.0,9108273531.0,916598653105.0,9074.90379574,9165.98653105,13913309898.0,104708251.0,1066690610.0,11321650856.0,26355106.0,166124651.0
2016-06-02,2016,6,548742383856.0,7361346957.0,556103730813.0,358747995718.0,1746926574.0,360494922292.0,907490379574.0,9108273531.0,916598653105.0,9074.90379574,9165.98653105,13913309898.0,104708251.0,1066690610.0,11321650856.0,26355106.0,166124651.0
2016-06-03,2016,6,548742383856.0,7361346957.0,556103730813.0,358747995718.0,1746926574.0,360494922292.0,907490379574.0,9108273531.0,916598653105.0,9074.90379574,9165.98653105,13913309898.0,104708251.0,1066690610.0,11321650856.0,26355106.0,166124651.0
2016-06-06,2016,6,548742383856.0,7361346957.0,556103730813.0,358747995718.0,1746926574.0,360494922292.0,907490379574.0,9108273531.0,916598653105.0,9074.90379574,9165.98653105,13913309898.0,104708251.0,1066690610.0,11321650856.0,26355106.0,166124651.0
2016-06-07,2016,6,548742383856.0,7361346957.0,556103730813.0,358747995718.0,1746926574.0,360494922292.0,907490379574.0,9108273531.0,916598653105.0,9074.90379574,9165.98653105,13913309898.0,104708251.0,1066690610.0,11321650856.0,26355106.0,166124651.0
2016-06-08,2016,6,548742383856.0,7361346957.0,556103730813.0,358747995718.0,1746926574.0,360494922292.0,907490379574.0,9108273531.0,916598653105.0,9074.90379574,9165.98653105,13913309898.0,104708251.0,1066690610.0,11321650856.0,26355106.0,166124651.0
2016-06-13,2016,6,548742383856.0,7361346957.0,556103730813.0,358747995718.0,1746926574.0,360494922292.0,907490379574.0,9108273531.0,916598653105.0,9074.90379574,9165.98653105,13913309898.0,104708251.0,1066690610.0,11321650856.0,26355106.0,166124651.0
2016-06-14,2016,6,548742383856.0,7361346957.0,556103730813.0,358747995718.0,1746926574.0,360494922292.0,907490379574.0,9108273531.0,916598653105.0,9074.90379574,9165.98653105,13913309898.0,104708251.0,1066690610.0,11321650856.0,26355106.0,166124651.0
2016-06-15,2016,6,548742383856.0,7361346957.0,556103730813.0,358747995718.0,1746926574.0,360494922292.0,907490379574.0,9108273531.0,916598653105.0,9074.90379574,9165.98653105,13913309898.0,104708251.0,1066690610.0,11321650856.0,26355106.0,166124651.0
2016-06-16,2016,6,548742383856.0,7361346957.0,556103730813.0,358747995718.0,1746926574.0,360494922292.0,907490379574.0,9108273531.0,916598653105.0,9074.90379574,9165.98653105,13913309898.0,104708251.0,1066690610.0,11321650856.0,26355106.0,166124651.0
2016-06-17,2016,6,548742383856.0,7361346957.0,556103730813.0,358747995718.0,1746926574.0,360494922292.0,907490379574.0,9108273531.0,916598653105.0,9074.90379574,9165.98653105,13913309898.0,104708251.0,1066690610.0,11321650856.0,26355106.0,166124651.0
2016-06-20,2016,6,548742383856.0,7361346957.0,556103730813.0,358747995718.0,1746926574.0,360494922292.0,907490379574.0,9108273531.0,916598653105.0,9074.90379574,9165.98653105,13913309898.0,104708251.0,1066690610.0,11321650856.0,26355106.0,166124651.0
2016-06-21,2016,6,548742383856.0,7361346957.0,556103730813.0,358747995718.0,1746926574.0,360494922292.0,907490379574.0,9108273531.0,916598653105.0,9074.90379574,9165.98653105,13913309898.0,104708251.0,1066690610.0,11321650856.0,26355106.0,166124651.0
2016-06-22,2016,6,548742383856.0,7361346957.0,556103730813.0,358747995718.0,1746926574.0,360494922292.0,907490379574.0,9108273531.0,916598653105.0,9074.90379574,9165.98653105,13913309898.0,104708251.0,1066690610.0,11321650856.0,26355106.0,166124651.0
2016-06-23,2016,6,548742383856.0,7361346957.0,556103730813.0,358747995718.0,1746926574.0,360494922292.0,907490379574.0,9108273531.0,916598653105.0,9074.90379574,9165.98653105,13913309898.0,104708251.0,1066690610.0,11321650856.0,26355106.0,166124651.0
2016-06-24,2016,6,548742383856.0,7361346957.0,556103730813.0,358747995718.0,1746926574.0,360494922292.0,907490379574.0,9108273531.0,916598653105.0,9074.90379574,9165.98653105,13913309898.0,104708251.0,1066690610.0,11321650856.0,26355106.0,166124651.0
2016-06-27,2016,6,548742383856.0,7361346957.0,556103730813.0,358747995718.0,1746926574.0,360494922292.0,907490379574.0,9108273531.0,916598653105.0,9074.90379574,9165.98653105,13913309898.0,104708251.0,1066690610.0,11321650856.0,26355106.0,166124651.0
2016-06-28,2016,6,548742383856.0,7361346957.0,556103730813.0,358747995718.0,1746926574.0,360494922292.0,907490379574.0,9108273531.0,916598653105.0,9074.90379574,9165.98653105,13913309898.0,104708251.0,1066690610.0,11321650856.0,26355106.0,166124651.0
2016-06-29,2016,6,548742383856.0,7361346957.0,556103730813.0,358747995718.0,1746926574.0,360494922292.0,907490379574.0,9108273531.0,916598653105.0,9074.90379574,9165.98653105,13913309898.0,104708251.0,1066690610.0,11321650856.0,26355106.0,166124651.0
2016-06-30,2016,6,535069125138.0,10579203659.0,545648328797.0,362462964777.0,1743916447.0,364206881224.0,897532089915.0,12323120106.0,909855210021.0,8975.32089915,9098.55210021,20899546691.0,114427771.0,1247511110.0,26625593964.0,23411979.0,160314716.0
2016-07-01,2016,7,535069125138.0,10579203659.0,545648328797.0,362462964777.0,1743916447.0,364206881224.0,897532089915.0,12323120106.0,909855210021.0,8975.32089915,9098.55210021,20899546691.0,114427771.0,1247511110.0,26625593964.0,23411979.0,160314716.0
2016-07-04,2016,7,535069125138.0,10579203659.0,545648328797.0,362462964777.0,1743916447.0,364206881224.0,897532089915.0,12323120106.0,909855210021.0,8975.32089915,9098.55210021,20899546691.0,114427771.0,1247511110.0,26625593964.0,23411979.0,160314716.0
2016-07-05,2016,7,535069125138.0,10579203659.0,545648328797.0,362462964777.0,1743916447.0,364206881224.0,897532089915.0,12323120106.0,909855210021.0,8975.32089915,9098.55210021,20899546691.0,114427771.0,1247511110.0,26625593964.0,23411979.0,160314716.0
2016-07-06,2016,7,535069125138.0,10579203659.0,545648328797.0,362462964777.0,1743916447.0,364206881224.0,897532089915.0,12323120106.0,909855210021.0,8975.32089915,9098.55210021,20899546691.0,114427771.0,1247511110.0,26625593964.0,23411979.0,160314716.0
2016-07-07,2016,7,535069125138.0,10579203659.0,545648328797.0,362462964777.0,1743916447.0,364206881224.0,897532089915.0,12323120106.0,909855210021.0,8975.32089915,9098.55210021,20899546691.0,114427771.0,1247511110.0,26625593964.0,23411979.0,160314716.0
2016-07-08,2016,7,535069125138.0,10579203659.0,545648328797.0,362462964777.0,1743916447.0,364206881224.0,897532089915.0,12323120106.0,909855210021.0,8975.32089915,9098.55210021,20899546691.0,114427771.0,1247511110.0,26625593964.0,23411979.0,160314716.0
2016-07-11,2016,7,535069125138.0,10579203659.0,545648328797.0,362462964777.0,1743916447.0,364206881224.0,897532089915.0,12323120106.0,909855210021.0,8975.32089915,9098.55210021,20899546691.0,114427771.0,1247511110.0,26625593964.0,23411979.0,160314716.0
2016-07-12,2016,7,535069125138.0,10579203659.0,545648328797.0,362462964777.0,1743916447.0,364206881224.0,897532089915.0,12323120106.0,909855210021.0,8975.32089915,9098.55210021,20899546691.0,114427771.0,1247511110.0,26625593964.0,23411979.0,160314716.0
2016-07-13,2016,7,535069125138.0,10579203659.0,545648328797.0,362462964777.0,1743916447.0,364206881224.0,897532089915.0,12323120106.0,909855210021.0,8975.32089915,9098.55210021,20899546691.0,114427771.0,1247511110.0,26625593964.0,23411979.0,160314716.0
2016-07-14,2016,7,535069125138.0,10579203659.0,545648328797.0,362462964777.0,1743916447.0,364206881224.0,897532089915.0,12323120106.0,909855210021.0,8975.32089915,9098.55210021,20899546691.0,114427771.0,1247511110.0,26625593964.0,23411979.0,160314716.0
2016-07-15,2016,7,535069125138.0,10579203659.0,545648328797.0,362462964777.0,1743916447.0,364206881224.0,897532089915.0,12323120106.0,909855210021.0,8975.32089915,9098.55210021,20899546691.0,114427771.0,1247511110.0,26625593964.0,23411979.0,160314716.0
2016-07-18,2016,7,535069125138.0,10579203659.0,545648328797.0,362462964777.0,1743916447.0,364206881224.0,897532089915.0,12323120106.0,909855210021.0,8975.32089915,9098.55210021,20899546691.0,114427771.0,1247511110.0,26625593964.0,23411979.0,160314716.0
2016-07-19,2016,7,535069125138.0,10579203659.0,545648328797.0,362462964777.0,1743916447.0,364206881224.0,897532089915.0,12323120106.0,909855210021.0,8975.32089915,9098.55210021,20899546691.0,114427771.0,1247511110.0,26625593964.0,23411979.0,160314716.0
2016-07-20,2016,7,535069125138.0,10579203659.0,545648328797.0,362462964777.0,1743916447.0,364206881224.0,897532089915.0,12323120106.0,909855210021.0,8975.32089915,9098.55210021,20899546691.0,114427771.0,1247511110.0,26625593964.0,23411979.0,160314716.0
2016-07-21,2016,7,535069125138.0,10579203659.0,545648328797.0,362462964777.0,1743916447.0,364206881224.0,897532089915.0,12323120106.0,909855210021.0,8975.32089915,9098.55210021,20899546691.0,114427771.0,1247511110.0,26625593964.0,23411979.0,160314716.0
2016-07-22,2016,7,535069125138.0,10579203659.0,545648328797.0,362462964777.0,1743916447.0,364206881224.0,897532089915.0,12323120106.0,909855210021.0,8975.32089915,9098.55210021,20899546691.0,114427771.0,1247511110.0,26625593964.0,23411979.0,160314716.0
2016-07-25,2016,7,535069125138.0,10579203659.0,545648328797.0,362462964777.0,1743916447.0,364206881224.0,897532089915.0,12323120106.0,909855210021.0,8975.32089915,9098.55210021,20899546691.0,114427771.0,1247511110.0,26625593964.0,23411979.0,160314716.0
2016-07-26,2016,7,535069125138.0,10579203659.0,545648328797.0,362462964777.0,1743916447.0,364206881224.0,897532089915.0,12323120106.0,909855210021.0,8975.32089915,9098.55210021,20899546691.0,114427771.0,1247511110.0,26625593964.0,23411979.0,160314716.0
2016-07-27,2016,7,535069125138.0,10579203659.0,545648328797.0,362462964777.0,1743916447.0,364206881224.0,897532089915.0,12323120106.0,909855210021.0,8975.32089915,9098.55210021,20899546691.0,114427771.0,1247511110.0,26625593964.0,23411979.0,160314716.0
2016-07-28,2016,7,535069125138.0,10579203659.0,545648328797.0,362462964777.0,1743916447.0,364206881224.0,897532089915.0,12323120106.0,909855210021.0,8975.32089915,9098.55210021,20899546691.0,114427771.0,1247511110.0,26625593964.0,23411979.0,160314716.0
2016-07-29,2016,7,535069125138.0,10579203659.0,545648328797.0,362462964777.0,1743916447.0,364206881224.0,897532089915.0,12323120106.0,909855210021.0,8975.32089915,9098.55210021,20899546691.0,114427771.0,1247511110.0,26625593964.0,23411979.0,160314716.0
2016-08-01,2016,8,535069125138.0,10579203659.0,545648328797.0,362462964777.0,1743916447.0,364206881224.0,897532089915.0,12323120106.0,909855210021.0,8975.32089915,9098.55210021,20899546691.0,114427771.0,1247511110.0,26625593964.0,23411979.0,160314716.0
2016-08-02,2016,8,535069125138.0,10579203659.0,545648328797.0,362462964777.0,1743916447.0,364206881224.0,897532089915.0,12323120106.0,909855210021.0,8975.32089915,9098.55210021,20899546691.0,114427771.0,1247511110.0,26625593964.0,23411979.0,160314716.0
2016-08-03,2016,8,535069125138.0,10579203659.0,545648328797.0,362462964777.0,1743916447.0,364206881224.0,897532089915.0,12323120106.0,909855210021.0,8975.32089915,9098.55210021,20899546691.0,114427771.0,1247511110.0,26625593964.0,23411979.0,160314716.0
2016-08-04,2016,8,535069125138.0,10579203659.0,545648328797.0,362462964777.0,1743916447.0,364206881224.0,897532089915.0,12323120106.0,909855210021.0,8975.32089915,9098.55210021,20899546691.0,114427771.0,1247511110.0,26625593964.0,23411979.0,160314716.0
2016-08-05,2016,8,535069125138.0,10579203659.0,545648328797.0,362462964777.0,1743916447.0,364206881224.0,897532089915.0,12323120106.0,909855210021.0,8975.32089915,9098.55210021,20899546691.0,114427771.0,1247511110.0,26625593964.0,23411979.0,160314716.0
2016-08-08,2016,8,535069125138.0,10579203659.0,545648328797.0,362462964777.0,1743916447.0,364206881224.0,897532089915.0,12323120106.0,909855210021.0,8975.32089915,9098.55210021,20899546691.0,114427771.0,1247511110.0,26625593964.0,23411979.0,160314716.0
2016-08-09,2016,8,535069125138.0,10579203659.0,545648328797.0,362462964777.0,1743916447.0,364206881224.0,897532089915.0,12323120106.0,909855210021.0,8975.32089915,9098.55210021,20899546691.0,114427771.0,1247511110.0,26625593964.0,23411979.0,160314716.0
2016-08-10,2016,8,535069125138.0,10579203659.0,545648328797.0,362462964777.0,1743916447.0,364206881224.0,897532089915.0,12323120106.0,909855210021.0,8975.32089915,9098.55210021,20899546691.0,114427771.0,1247511110.0,26625593964.0,23411979.0,160314716.0
2016-08-11,2016,8,535069125138.0,10579203659.0,545648328797.0,362462964777.0,1743916447.0,364206881224.0,897532089915.0,12323120106.0,909855210021.0,8975.32089915,9098.55210021,20899546691.0,114427771.0,1247511110.0,26625593964.0,23411979.0,160314716.0
2016-08-12,2016,8,535069125138.0,10579203659.0,545648328797.0,362462964777.0,1743916447.0,364206881224.0,897532089915.0,12323120106.0,909855210021.0,8975.32089915,9098.55210021,20899546691.0,114427771.0,1247511110.0,26625593964.0,23411979.0,160314716.0
2016-08-15,2016,8,535069125138.0,10579203659.0,545648328797.0,362462964777.0,1743916447.0,364206881224.0,897532089915.0,12323120106.0,909855210021.0,8975.32089915,9098.55210021,20899546691.0,114427771.0,1247511110.0,26625593964.0,23411979.0,160314716.0
2016-08-16,2016,8,535069125138.0,10579203659.0,545648328797.0,362462964777.0,1743916447.0,364206881224.0,897532089915.0,12323120106.0,909855210021.0,8975.32089915,9098.55210021,20899546691.0,114427771.0,1247511110.0,26625593964.0,23411979.0,160314716.0
2016-08-17,2016,8,535069125138.0,10579203659.0,545648328797.0,362462964777.0,1743916447.0,364206881224.0,897532089915.0,12323120106.0,909855210021.0,8975.32089915,9098.55210021,20899546691.0,114427771.0,1247511110.0,26625593964.0,23411979.0,160314716.0
2016-08-18,2016,8,535069125138.0,10579203659.0,545648328797.0,362462964777.0,1743916447.0,364206881224.0,897532089915.0,12323120106.0,909855210021.0,8975.32089915,9098.55210021,20899546691.0,114427771.0,1247511110.0,26625593964.0,23411979.0,160314716.0
2016-08-19,2016,8,535069125138.0,10579203659.0,545648328797.0,362462964777.0,1743916447.0,364206881224.0,897532089915.0,12323120106.0,909855210021.0,8975.32089915,9098.55210021,20899546691.0,114427771.0,1247511110.0,26625593964.0,23411979.0,160314716.0
2016-08-22,2016,8,535069125138.0,10579203659.0,545648328797.0,362462964777.0,1743916447.0,364206881224.0,897532089915.0,12323120106.0,909855210021.0,8975.32089915,9098.55210021,20899546691.0,114427771.0,1247511110.0,26625593964.0,23411979.0,160314716.0
2016-08-23,2016,8,535069125138.0,10579203659.0,545648328797.0,362462964777.0,1743916447.0,364206881224.0,897532089915.0,12323120106.0,909855210021.0,8975.32089915,9098.55210021,20899546691.0,114427771.0,1247511110.0,26625593964.0,23411979.0,160314716.0
2016-08-24,2016,8,535069125138.0,10579203659.0,545648328797.0,362462964777.0,1743916447.0,364206881224.0,897532089915.0,12323120106.0,909855210021.0,8975.32089915,9098.55210021,20899546691.0,114427771.0,1247511110.0,26625593964.0,23411979.0,160314716.0
2016-08-25,2016,8,535069125138.0,10579203659.0,545648328797.0,362462964777.0,1743916447.0,364206881224.0,897532089915.0,12323120106.0,909855210021.0,8975.32089915,9098.55210021,20899546691.0,114427771.0,1247511110.0,26625593964.0,23411979.0,160314716.0
2016-08-26,2016,8,535069125138.0,10579203659.0,545648328797.0,362462964777.0,1743916447.0,364206881224.0,897532089915.0,12323120106.0,909855210021.0,8975.32089915,9098.55210021,20899546691.0,114427771.0,1247511110.0,26625593964.0,23411979.0,160314716.0
2016-08-29,2016,8,535069125138.0,10579203659.0,545648328797.0,362462964777.0,1743916447.0,364206881224.0,897532089915.0,12323120106.0,909855210021.0,8975.32089915,9098.55210021,20899546691.0,114427771.0,1247511110.0,26625593964.0,23411979.0,160314716.0
2016-08-30,2016,8,535069125138.0,10579203659.0,545648328797.0,362462964777.0,1743916447.0,364206881224.0,897532089915.0,12323120106.0,909855210021.0,8975.32089915,9098.55210021,20899546691.0,114427771.0,1247511110.0,26625593964.0,23411979.0,160314716.0
2016-08-31,2016,8,542558701610.0,10591990623.0,553150692233.0,412875109050.0,2661183972.0,415536293022.0,955433810660.0,13253174595.0,968686985255.0,9554.3381066,9686.86985255,17908370560.0,110304324.0,1453759192.0,23477789735.0,36427767.0,239550373.0
2016-09-01,2016,9,542558701610.0,10591990623.0,553150692233.0,412875109050.0,2661183972.0,415536293022.0,955433810660.0,13253174595.0,968686985255.0,9554.3381066,9686.86985255,17908370560.0,110304324.0,1453759192.0,23477789735.0,36427767.0,239550373.0
2016-09-02,2016,9,542558701610.0,10591990623.0,553150692233.0,412875109050.0,2661183972.0,415536293022.0,955433810660.0,13253174595.0,968686985255.0,9554.3381066,9686.86985255,17908370560.0,110304324.0,1453759192.0,23477789735.0,36427767.0,239550373.0
2016-09-05,2016,9,542558701610.0,10591990623.0,553150692233.0,412875109050.0,2661183972.0,415536293022.0,955433810660.0,13253174595.0,968686985255.0,9554.3381066,9686.86985255,17908370560.0,110304324.0,1453759192.0,23477789735.0,36427767.0,239550373.0
2016-09-06,2016,9,542558701610.0,10591990623.0,553150692233.0,412875109050.0,2661183972.0,415536293022.0,955433810660.0,13253174595.0,968686985255.0,9554.3381066,9686.86985255,17908370560.0,110304324.0,1453759192.0,23477789735.0,36427767.0,239550373.0
2016-09-07,2016,9,542558701610.0,10591990623.0,553150692233.0,412875109050.0,2661183972.0,415536293022.0,955433810660.0,13253174595.0,968686985255.0,9554.3381066,9686.86985255,17908370560.0,110304324.0,1453759192.0,23477789735.0,36427767.0,239550373.0
2016-09-08,2016,9,542558701610.0,10591990623.0,553150692233.0,412875109050.0,2661183972.0,415536293022.0,955433810660.0,13253174595.0,968686985255.0,9554.3381066,9686.86985255,17908370560.0,110304324.0,1453759192.0,23477789735.0,36427767.0,239550373.0
2016-09-09,2016,9,542558701610.0,10591990623.0,553150692233.0,412875109050.0,2661183972.0,415536293022.0,955433810660.0,13253174595.0,968686985255.0,9554.3381066,9686.86985255,17908370560.0,110304324.0,1453759192.0,23477789735.0,36427767.0,239550373.0
2016-09-12,2016,9,542558701610.0,10591990623.0,553150692233.0,412875109050.0,2661183972.0,415536293022.0,955433810660.0,13253174595.0,968686985255.0,9554.3381066,9686.86985255,17908370560.0,110304324.0,1453759192.0,23477789735.0,36427767.0,239550373.0
2016-09-13,2016,9,542558701610.0,10591990623.0,553150692233.0,412875109050.0,2661183972.0,415536293022.0,955433810660.0,13253174595.0,968686985255.0,9554.3381066,9686.86985255,17908370560.0,110304324.0,1453759192.0,23477789735.0,36427767.0,239550373.0
2016-09-14,2016,9,542558701610.0,10591990623.0,553150692233.0,412875109050.0,2661183972.0,415536293022.0,955433810660.0,13253174595.0,968686985255.0,9554.3381066,9686.86985255,17908370560.0,110304324.0,1453759192.0,23477789735.0,36427767.0,239550373.0
2016-09-19,2016,9,542558701610.0,10591990623.0,553150692233.0,412875109050.0,2661183972.0,415536293022.0,955433810660.0,13253174595.0,968686985255.0,9554.3381066,9686.86985255,17908370560.0,110304324.0,1453759192.0,23477789735.0,36427767.0,239550373.0
2016-09-20,2016,9,542558701610.0,10591990623.0,553150692233.0,412875109050.0,2661183972.0,415536293022.0,955433810660.0,13253174595.0,968686985255.0,9554.3381066,9686.86985255,17908370560.0,110304324.0,1453759192.0,23477789735.0,36427767.0,239550373.0
2016-09-21,2016,9,542558701610.0,10591990623.0,553150692233.0,412875109050.0,2661183972.0,415536293022.0,955433810660.0,13253174595.0,968686985255.0,9554.3381066,9686.86985255,17908370560.0,110304324.0,1453759192.0,23477789735.0,36427767.0,239550373.0
2016-09-22,2016,9,542558701610.0,10591990623.0,553150692233.0,412875109050.0,2661183972.0,415536293022.0,955433810660.0,13253174595.0,968686985255.0,9554.3381066,9686.86985255,17908370560.0,110304324.0,1453759192.0,23477789735.0,36427767.0,239550373.0
2016-09-23,2016,9,542558701610.0,10591990623.0,553150692233.0,412875109050.0,2661183972.0,415536293022.0,955433810660.0,13253174595.0,968686985255.0,9554.3381066,9686.86985255,17908370560.0,110304324.0,1453759192.0,23477789735.0,36427767.0,239550373.0
2016-09-26,2016,9,542558701610.0,10591990623.0,553150692233.0,412875109050.0,2661183972.0,415536293022.0,955433810660.0,13253174595.0,968686985255.0,9554.3381066,9686.86985255,17908370560.0,110304324.0,1453759192.0,23477789735.0,36427767.0,239550373.0
2016-09-27,2016,9,542558701610.0,10591990623.0,553150692233.0,412875109050.0,2661183972.0,415536293022.0,955433810660.0,13253174595.0,968686985255.0,9554.3381066,9686.86985255,17908370560.0,110304324.0,1453759192.0,23477789735.0,36427767.0,239550373.0
2016-09-28,2016,9,542558701610.0,10591990623.0,553150692233.0,412875109050.0,2661183972.0,415536293022.0,955433810660.0,13253174595.0,968686985255.0,9554.3381066,9686.86985255,17908370560.0,110304324.0,1453759192.0,23477789735.0,36427767.0,239550373.0
2016-09-29,2016,9,542558701610.0,10591990623.0,553150692233.0,412875109050.0,2661183972.0,415536293022.0,955433810660.0,13253174595.0,968686985255.0,9554.3381066,9686.86985255,17908370560.0,110304324.0,1453759192.0,23477789735.0,36427767.0,239550373.0
2016-09-30,2016,9,567760802437.0,11193485547.0,578954287984.0,454972078011.0,3250716638.0,458222794649.0,1022732880448.0,14444202185.0,1037177082633.0,10227.32880448,10371.77082633,39971310371.0,171138826.0,1474025681.0,48597586008.0,83516233.0,299766164.0
2016-10-10,2016,10,567760802437.0,11193485547.0,578954287984.0,454972078011.0,3250716638.0,458222794649.0,1022732880448.0,14444202185.0,1037177082633.0,10227.32880448,10371.77082633,39971310371.0,171138826.0,1474025681.0,48597586008.0,83516233.0,299766164.0
2016-10-11,2016,10,567760802437.0,11193485547.0,578954287984.0,454972078011.0,3250716638.0,458222794649.0,1022732880448.0,14444202185.0,1037177082633.0,10227.32880448,10371.77082633,39971310371.0,171138826.0,1474025681.0,48597586008.0,83516233.0,299766164.0
2016-10-12,2016,10,567760802437.0,11193485547.0,578954287984.0,454972078011.0,3250716638.0,458222794649.0,1022732880448.0,14444202185.0,1037177082633.0,10227.32880448,10371.77082633,39971310371.0,171138826.0,1474025681.0,48597586008.0,83516233.0,299766164.0
2016-10-13,2016,10,567760802437.0,11193485547.0,578954287984.0,454972078011.0,3250716638.0,458222794649.0,1022732880448.0,14444202185.0,1037177082633.0,10227.32880448,10371.77082633,39971310371.0,171138826.0,1474025681.0,48597586008.0,83516233.0,299766164.0
2016-10-14,2016,10,567760802437.0,11193485547.0,578954287984.0,454972078011.0,3250716638.0,458222794649.0,1022732880448.0,14444202185.0,1037177082633.0,10227.32880448,10371.77082633,39971310371.0,171138826.0,1474025681.0,48597586008.0,83516233.0,299766164.0
2016-10-17,2016,10,567760802437.0,11193485547.0,578954287984.0,454972078011.0,3250716638.0,458222794649.0,1022732880448.0,14444202185.0,1037177082633.0,10227.32880448,10371.77082633,39971310371.0,171138826.0,1474025681.0,48597586008.0,83516233.0,299766164.0
2016-10-18,2016,10,567760802437.0,11193485547.0,578954287984.0,454972078011.0,3250716638.0,458222794649.0,1022732880448.0,14444202185.0,1037177082633.0,10227.32880448,10371.77082633,39971310371.0,171138826.0,1474025681.0,48597586008.0,83516233.0,299766164.0
2016-10-19,2016,10,567760802437.0,11193485547.0,578954287984.0,454972078011.0,3250716638.0,458222794649.0,1022732880448.0,14444202185.0,1037177082633.0,10227.32880448,10371.77082633,39971310371.0,171138826.0,1474025681.0,48597586008.0,83516233.0,299766164.0
2016-10-20,2016,10,567760802437.0,11193485547.0,578954287984.0,454972078011.0,3250716638.0,458222794649.0,1022732880448.0,14444202185.0,1037177082633.0,10227.32880448,10371.77082633,39971310371.0,171138826.0,1474025681.0,48597586008.0,83516233.0,299766164.0
2016-10-21,2016,10,567760802437.0,11193485547.0,578954287984.0,454972078011.0,3250716638.0,458222794649.0,1022732880448.0,14444202185.0,1037177082633.0,10227.32880448,10371.77082633,39971310371.0,171138826.0,1474025681.0,48597586008.0,83516233.0,299766164.0
2016-10-24,2016,10,567760802437.0,11193485547.0,578954287984.0,454972078011.0,3250716638.0,458222794649.0,1022732880448.0,14444202185.0,1037177082633.0,10227.32880448,10371.77082633,39971310371.0,171138826.0,1474025681.0,48597586008.0,83516233.0,299766164.0
2016-10-25,2016,10,567760802437.0,11193485547.0,578954287984.0,454972078011.0,3250716638.0,458222794649.0,1022732880448.0,14444202185.0,1037177082633.0,10227.32880448,10371.77082633,39971310371.0,171138826.0,1474025681.0,48597586008.0,83516233.0,299766164.0
2016-10-26,2016,10,567760802437.0,11193485547.0,578954287984.0,454972078011.0,3250716638.0,458222794649.0,1022732880448.0,14444202185.0,1037177082633.0,10227.32880448,10371.77082633,39971310371.0,171138826.0,1474025681.0,48597586008.0,83516233.0,299766164.0
2016-10-27,2016,10,567760802437.0,11193485547.0,578954287984.0,454972078011.0,3250716638.0,458222794649.0,1022732880448.0,14444202185.0,1037177082633.0,10227.32880448,10371.77082633,39971310371.0,171138826.0,1474025681.0,48597586008.0,83516233.0,299766164.0
2016-10-28,2016,10,567760802437.0,11193485547.0,578954287984.0,454972078011.0,3250716638.0,458222794649.0,1022732880448.0,14444202185.0,1037177082633.0,10227.32880448,10371.77082633,39971310371.0,171138826.0,1474025681.0,48597586008.0,83516233.0,299766164.0
2016-10-31,2016,10,591118726025.0,11405888789.0,602524614814.0,519818162483.0,3962402299.0,523780564782.0,1110936888508.0,15368291088.0,1126305179596.0,11109.36888508,11263.05179596,59482019923.0,213870435.0,1396921409.0,86664350820.0,71567182.0,321124111.0
2016-11-01,2016,11,591118726025.0,11405888789.0,602524614814.0,519818162483.0,3962402299.0,523780564782.0,1110936888508.0,15368291088.0,1126305179596.0,11109.36888508,11263.05179596,59482019923.0,213870435.0,1396921409.0,86664350820.0,71567182.0,321124111.0
2016-11-02,2016,11,591118726025.0,11405888789.0,602524614814.0,519818162483.0,3962402299.0,523780564782.0,1110936888508.0,15368291088.0,1126305179596.0,11109.36888508,11263.05179596,59482019923.0,213870435.0,1396921409.0,86664350820.0,71567182.0,321124111.0
2016-11-03,2016,11,591118726025.0,11405888789.0,602524614814.0,519818162483.0,3962402299.0,523780564782.0,1110936888508.0,15368291088.0,1126305179596.0,11109.36888508,11263.05179596,59482019923.0,213870435.0,1396921409.0,86664350820.0,71567182.0,321124111.0
2016-11-04,2016,11,591118726025.0,11405888789.0,602524614814.0,519818162483.0,3962402299.0,523780564782.0,1110936888508.0,15368291088.0,1126305179596.0,11109.36888508,11263.05179596,59482019923.0,213870435.0,1396921409.0,86664350820.0,71567182.0,321124111.0
2016-11-07,2016,11,591118726025.0,11405888789.0,602524614814.0,519818162483.0,3962402299.0,523780564782.0,1110936888508.0,15368291088.0,1126305179596.0,11109.36888508,11263.05179596,59482019923.0,213870435.0,1396921409.0,86664350820.0,71567182.0,321124111.0
2016-11-08,2016,11,591118726025.0,11405888789.0,602524614814.0,519818162483.0,3962402299.0,523780564782.0,1110936888508.0,15368291088.0,1126305179596.0,11109.36888508,11263.05179596,59482019923.0,213870435.0,1396921409.0,86664350820.0,71567182.0,321124111.0
2016-11-09,2016,11,591118726025.0,11405888789.0,602524614814.0,519818162483.0,3962402299.0,523780564782.0,1110936888508.0,15368291088.0,1126305179596.0,11109.36888508,11263.05179596,59482019923.0,213870435.0,1396921409.0,86664350820.0,71567182.0,321124111.0
2016-11-10,2016,11,591118726025.0,11405888789.0,602524614814.0,519818162483.0,3962402299.0,523780564782.0,1110936888508.0,15368291088.0,1126305179596.0,11109.36888508,11263.05179596,59482019923.0,213870435.0,1396921409.0,86664350820.0,71567182.0,321124111.0
2016-11-11,2016,11,591118726025.0,11405888789.0,602524614814.0,519818162483.0,3962402299.0,523780564782.0,1110936888508.0,15368291088.0,1126305179596.0,11109.36888508,11263.05179596,59482019923.0,213870435.0,1396921409.0,86664350820.0,71567182.0,321124111.0
2016-11-14,2016,11,591118726025.0,11405888789.0,602524614814.0,519818162483.0,3962402299.0,523780564782.0,1110936888508.0,15368291088.0,1126305179596.0,11109.36888508,11263.05179596,59482019923.0,213870435.0,1396921409.0,86664350820.0,71567182.0,321124111.0
2016-11-15,2016,11,591118726025.0,11405888789.0,602524614814.0,519818162483.0,3962402299.0,523780564782.0,1110936888508.0,15368291088.0,1126305179596.0,11109.36888508,11263.05179596,59482019923.0,213870435.0,1396921409.0,86664350820.0,71567182.0,321124111.0
2016-11-16,2016,11,591118726025.0,11405888789.0,602524614814.0,519818162483.0,3962402299.0,523780564782.0,1110936888508.0,15368291088.0,1126305179596.0,11109.36888508,11263.05179596,59482019923.0,213870435.0,1396921409.0,86664350820.0,71567182.0,321124111.0
2016-11-17,2016,11,591118726025.0,11405888789.0,602524614814.0,519818162483.0,3962402299.0,523780564782.0,1110936888508.0,15368291088.0,1126305179596.0,11109.36888508,11263.05179596,59482019923.0,213870435.0,1396921409.0,86664350820.0,71567182.0,321124111.0
2016-11-18,2016,11,591118726025.0,11405888789.0,602524614814.0,519818162483.0,3962402299.0,523780564782.0,1110936888508.0,15368291088.0,1126305179596.0,11109.36888508,11263.05179596,59482019923.0,213870435.0,1396921409.0,86664350820.0,71567182.0,321124111.0
2016-11-21,2016,11,591118726025.0,11405888789.0,602524614814.0,519818162483.0,3962402299.0,523780564782.0,1110936888508.0,15368291088.0,1126305179596.0,11109.36888508,11263.05179596,59482019923.0,213870435.0,1396921409.0,86664350820.0,71567182.0,321124111.0
2016-11-22,2016,11,591118726025.0,11405888789.0,602524614814.0,519818162483.0,3962402299.0,523780564782.0,1110936888508.0,15368291088.0,1126305179596.0,11109.36888508,11263.05179596,59482019923.0,213870435.0,1396921409.0,86664350820.0,71567182.0,321124111.0
2016-11-23,2016,11,591118726025.0,11405888789.0,602524614814.0,519818162483.0,3962402299.0,523780564782.0,1110936888508.0,15368291088.0,1126305179596.0,11109.36888508,11263.05179596,59482019923.0,213870435.0,1396921409.0,86664350820.0,71567182.0,321124111.0
2016-11-24,2016,11,591118726025.0,11405888789.0,602524614814.0,519818162483.0,3962402299.0,523780564782.0,1110936888508.0,15368291088.0,1126305179596.0,11109.36888508,11263.05179596,59482019923.0,213870435.0,1396921409.0,86664350820.0,71567182.0,321124111.0
2016-11-25,2016,11,591118726025.0,11405888789.0,602524614814.0,519818162483.0,3962402299.0,523780564782.0,1110936888508.0,15368291088.0,1126305179596.0,11109.36888508,11263.05179596,59482019923.0,213870435.0,1396921409.0,86664350820.0,71567182.0,321124111.0
2016-11-28,2016,11,591118726025.0,11405888789.0,602524614814.0,519818162483.0,3962402299.0,523780564782.0,1110936888508.0,15368291088.0,1126305179596.0,11109.36888508,11263.05179596,59482019923.0,213870435.0,1396921409.0,86664350820.0,71567182.0,321124111.0
2016-11-29,2016,11,591118726025.0,11405888789.0,602524614814.0,519818162483.0,3962402299.0,523780564782.0,1110936888508.0,15368291088.0,1126305179596.0,11109.36888508,11263.05179596,59482019923.0,213870435.0,1396921409.0,86664350820.0,71567182.0,321124111.0
2016-11-30,2016,11,555131422688.0,14059883513.0,569191306201.0,489341197175.0,6299086906.0,495640284081.0,1044472619863.0,20358970419.0,1064831590282.0,10444.72619863,10648.31590282,24940682994.0,210901066.0,2040805216.0,37374490061.0,97367657.0,519056194.0
2016-12-01,2016,12,555131422688.0,14059883513.0,569191306201.0,489341197175.0,6299086906.0,495640284081.0,1044472619863.0,20358970419.0,1064831590282.0,10444.72619863,10648.31590282,24940682994.0,210901066.0,2040805216.0,37374490061.0,97367657.0,519056194.0
2016-12-02,2016,12,555131422688.0,14059883513.0,569191306201.0,489341197175.0,6299086906.0,495640284081.0,1044472619863.0,20358970419.0,1064831590282.0,10444.72619863,10648.31590282,24940682994.0,210901066.0,2040805216.0,37374490061.0,97367657.0,519056194.0
2016-12-05,2016,12,555131422688.0,14059883513.0,569191306201.0,489341197175.0,6299086906.0,495640284081.0,1044472619863.0,20358970419.0,1064831590282.0,10444.72619863,10648.31590282,24940682994.0,210901066.0,2040805216.0,37374490061.0,97367657.0,519056194.0
2016-12-06,2016,12,555131422688.0,14059883513.0,569191306201.0,489341197175.0,6299086906.0,495640284081.0,1044472619863.0,20358970419.0,1064831590282.0,10444.72619863,10648.31590282,24940682994.0,210901066.0,2040805216.0,37374490061.0,97367657.0,519056194.0
2016-12-07,2016,12,555131422688.0,14059883513.0,569191306201.0,489341197175.0,6299086906.0,495640284081.0,1044472619863.0,20358970419.0,1064831590282.0,10444.72619863,10648.31590282,24940682994.0,210901066.0,2040805216.0,37374490061.0,97367657.0,519056194.0
2016-12-08,2016,12,555131422688.0,14059883513.0,569191306201.0,489341197175.0,6299086906.0,495640284081.0,1044472619863.0,20358970419.0,1064831590282.0,10444.72619863,10648.31590282,24940682994.0,210901066.0,2040805216.0,37374490061.0,97367657.0,519056194.0
2016-12-09,2016,12,555131422688.0,14059883513.0,569191306201.0,489341197175.0,6299086906.0,495640284081.0,1044472619863.0,20358970419.0,1064831590282.0,10444.72619863,10648.31590282,24940682994.0,210901066.0,2040805216.0,37374490061.0,97367657.0,519056194.0
2016-12-12,2016,12,555131422688.0,14059883513.0,569191306201.0,489341197175.0,6299086906.0,495640284081.0,1044472619863.0,20358970419.0,1064831590282.0,10444.72619863,10648.31590282,24940682994.0,210901066.0,2040805216.0,37374490061.0,97367657.0,519056194.0
2016-12-13,2016,12,555131422688.0,14059883513.0,569191306201.0,489341197175.0,6299086906.0,495640284081.0,1044472619863.0,20358970419.0,1064831590282.0,10444.72619863,10648.31590282,24940682994.0,210901066.0,2040805216.0,37374490061.0,97367657.0,519056194.0
2016-12-14,2016,12,555131422688.0,14059883513.0,569191306201.0,489341197175.0,6299086906.0,495640284081.0,1044472619863.0,20358970419.0,1064831590282.0,10444.72619863,10648.31590282,24940682994.0,210901066.0,2040805216.0,37374490061.0,97367657.0,519056194.0
2016-12-15,2016,12,555131422688.0,14059883513.0,569191306201.0,489341197175.0,6299086906.0,495640284081.0,1044472619863.0,20358970419.0,1064831590282.0,10444.72619863,10648.31590282,24940682994.0,210901066.0,2040805216.0,37374490061.0,97367657.0,519056194.0
2016-12-16,2016,12,555131422688.0,14059883513.0,569191306201.0,489341197175.0,6299086906.0,495640284081.0,1044472619863.0,20358970419.0,1064831590282.0,10444.72619863,10648.31590282,24940682994.0,210901066.0,2040805216.0,37374490061.0,97367657.0,519056194.0
2016-12-19,2016,12,555131422688.0,14059883513.0,569191306201.0,489341197175.0,6299086906.0,495640284081.0,1044472619863.0,20358970419.0,1064831590282.0,10444.72619863,10648.31590282,24940682994.0,210901066.0,2040805216.0,37374490061.0,97367657.0,519056194.0
2016-12-20,2016,12,555131422688.0,14059883513.0,569191306201.0,489341197175.0,6299086906.0,495640284081.0,1044472619863.0,20358970419.0,1064831590282.0,10444.72619863,10648.31590282,24940682994.0,210901066.0,2040805216.0,37374490061.0,97367657.0,519056194.0
2016-12-21,2016,12,555131422688.0,14059883513.0,569191306201.0,489341197175.0,6299086906.0,495640284081.0,1044472619863.0,20358970419.0,1064831590282.0,10444.72619863,10648.31590282,24940682994.0,210901066.0,2040805216.0,37374490061.0,97367657.0,519056194.0
2016-12-22,2016,12,555131422688.0,14059883513.0,569191306201.0,489341197175.0,6299086906.0,495640284081.0,1044472619863.0,20358970419.0,1064831590282.0,10444.72619863,10648.31590282,24940682994.0,210901066.0,2040805216.0,37374490061.0,97367657.0,519056194.0
2016-12-23,2016,12,555131422688.0,14059883513.0,569191306201.0,489341197175.0,6299086906.0,495640284081.0,1044472619863.0,20358970419.0,1064831590282.0,10444.72619863,10648.31590282,24940682994.0,210901066.0,2040805216.0,37374490061.0,97367657.0,519056194.0
2016-12-26,2016,12,555131422688.0,14059883513.0,569191306201.0,489341197175.0,6299086906.0,495640284081.0,1044472619863.0,20358970419.0,1064831590282.0,10444.72619863,10648.31590282,24940682994.0,210901066.0,2040805216.0,37374490061.0,97367657.0,519056194.0
2016-12-27,2016,12,555131422688.0,14059883513.0,569191306201.0,489341197175.0,6299086906.0,495640284081.0,1044472619863.0,20358970419.0,1064831590282.0,10444.72619863,10648.31590282,24940682994.0,210901066.0,2040805216.0,37374490061.0,97367657.0,519056194.0
2016-12-28,2016,12,555131422688.0,14059883513.0,569191306201.0,489341197175.0,6299086906.0,495640284081.0,1044472619863.0,20358970419.0,1064831590282.0,10444.72619863,10648.31590282,24940682994.0,210901066.0,2040805216.0,37374490061.0,97367657.0,519056194.0
2016-12-29,2016,12,555131422688.0,14059883513.0,569191306201.0,489341197175.0,6299086906.0,495640284081.0,1044472619863.0,20358970419.0,1064831590282.0,10444.72619863,10648.31590282,24940682994.0,210901066.0,2040805216.0,37374490061.0,97367657.0,519056194.0
2016-12-30,2016,12,555131422688.0,14059883513.0,569191306201.0,489341197175.0,6299086906.0,495640284081.0,1044472619863.0,20358970419.0,1064831590282.0,10444.72619863,10648.31590282,24940682994.0,210901066.0,2040805216.0,37374490061.0,97367657.0,519056194.0
2017-01-03,2017,1,555131422688.0,14059883513.0,569191306201.0,489341197175.0,6299086906.0,495640284081.0,1044472619863.0,20358970419.0,1064831590282.0,10444.72619863,10648.31590282,24940682994.0,210901066.0,2040805216.0,37374490061.0,97367657.0,519056194.0
2017-01-04,2017,1,555131422688.0,14059883513.0,569191306201.0,489341197175.0,6299086906.0,495640284081.0,1044472619863.0,20358970419.0,1064831590282.0,10444.72619863,10648.31590282,24940682994.0,210901066.0,2040805216.0,37374490061.0,97367657.0,519056194.0
2017-01-05,2017,1,555131422688.0,14059883513.0,569191306201.0,489341197175.0,6299086906.0,495640284081.0,1044472619863.0,20358970419.0,1064831590282.0,10444.72619863,10648.31590282,24940682994.0,210901066.0,2040805216.0,37374490061.0,97367657.0,519056194.0
2017-01-06,2017,1,555131422688.0,14059883513.0,569191306201.0,489341197175.0,6299086906.0,495640284081.0,1044472619863.0,20358970419.0,1064831590282.0,10444.72619863,10648.31590282,24940682994.0,210901066.0,2040805216.0,37374490061.0,97367657.0,519056194.0
2017-01-09,2017,1,555131422688.0,14059883513.0,569191306201.0,489341197175.0,6299086906.0,495640284081.0,1044472619863.0,20358970419.0,1064831590282.0,10444.72619863,10648.31590282,24940682994.0,210901066.0,2040805216.0,37374490061.0,97367657.0,519056194.0
2017-01-10,2017,1,555131422688.0,14059883513.0,569191306201.0,489341197175.0,6299086906.0,495640284081.0,1044472619863.0,20358970419.0,1064831590282.0,10444.72619863,10648.31590282,24940682994.0,210901066.0,2040805216.0,37374490061.0,97367657.0,519056194.0
2017-01-11,2017,1,555131422688.0,14059883513.0,569191306201.0,489341197175.0,6299086906.0,495640284081.0,1044472619863.0,20358970419.0,1064831590282.0,10444.72619863,10648.31590282,24940682994.0,210901066.0,2040805216.0,37374490061.0,97367657.0,519056194.0
2017-01-12,2017,1,555131422688.0,14059883513.0,569191306201.0,489341197175.0,6299086906.0,495640284081.0,1044472619863.0,20358970419.0,1064831590282.0,10444.72619863,10648.31590282,24940682994.0,210901066.0,2040805216.0,37374490061.0,97367657.0,519056194.0
2017-01-13,2017,1,555131422688.0,14059883513.0,569191306201.0,489341197175.0,6299086906.0,495640284081.0,1044472619863.0,20358970419.0,1064831590282.0,10444.72619863,10648.31590282,24940682994.0,210901066.0,2040805216.0,37374490061.0,97367657.0,519056194.0
2017-01-16,2017,1,555131422688.0,14059883513.0,569191306201.0,489341197175.0,6299086906.0,495640284081.0,1044472619863.0,20358970419.0,1064831590282.0,10444.72619863,10648.31590282,24940682994.0,210901066.0,2040805216.0,37374490061.0,97367657.0,519056194.0
2017-01-17,2017,1,555131422688.0,14059883513.0,569191306201.0,489341197175.0,6299086906.0,495640284081.0,1044472619863.0,20358970419.0,1064831590282.0,10444.72619863,10648.31590282,24940682994.0,210901066.0,2040805216.0,37374490061.0,97367657.0,519056194.0
2017-01-18,2017,1,555131422688.0,14059883513.0,569191306201.0,489341197175.0,6299086906.0,495640284081.0,1044472619863.0,20358970419.0,1064831590282.0,10444.72619863,10648.31590282,24940682994.0,210901066.0,2040805216.0,37374490061.0,97367657.0,519056194.0
2017-01-19,2017,1,555131422688.0,14059883513.0,569191306201.0,489341197175.0,6299086906.0,495640284081.0,1044472619863.0,20358970419.0,1064831590282.0,10444.72619863,10648.31590282,24940682994.0,210901066.0,2040805216.0,37374490061.0,97367657.0,519056194.0
2017-01-20,2017,1,555131422688.0,14059883513.0,569191306201.0,489341197175.0,6299086906.0,495640284081.0,1044472619863.0,20358970419.0,1064831590282.0,10444.72619863,10648.31590282,24940682994.0,210901066.0,2040805216.0,37374490061.0,97367657.0,519056194.0
2017-01-23,2017,1,555131422688.0,14059883513.0,569191306201.0,489341197175.0,6299086906.0,495640284081.0,1044472619863.0,20358970419.0,1064831590282.0,10444.72619863,10648.31590282,24940682994.0,210901066.0,2040805216.0,37374490061.0,97367657.0,519056194.0
2017-01-24,2017,1,555131422688.0,14059883513.0,569191306201.0,489341197175.0,6299086906.0,495640284081.0,1044472619863.0,20358970419.0,1064831590282.0,10444.72619863,10648.31590282,24940682994.0,210901066.0,2040805216.0,37374490061.0,97367657.0,519056194.0
2017-01-25,2017,1,555131422688.0,14059883513.0,569191306201.0,489341197175.0,6299086906.0,495640284081.0,1044472619863.0,20358970419.0,1064831590282.0,10444.72619863,10648.31590282,24940682994.0,210901066.0,2040805216.0,37374490061.0,97367657.0,519056194.0
2017-01-26,2017,1,555131422688.0,14059883513.0,569191306201.0,489341197175.0,6299086906.0,495640284081.0,1044472619863.0,20358970419.0,1064831590282.0,10444.72619863,10648.31590282,24940682994.0,210901066.0,2040805216.0,37374490061.0,97367657.0,519056194.0
2017-02-03,2017,2,555131422688.0,14059883513.0,569191306201.0,489341197175.0,6299086906.0,495640284081.0,1044472619863.0,20358970419.0,1064831590282.0,10444.72619863,10648.31590282,24940682994.0,210901066.0,2040805216.0,37374490061.0,97367657.0,519056194.0
2017-02-06,2017,2,555131422688.0,14059883513.0,569191306201.0,489341197175.0,6299086906.0,495640284081.0,1044472619863.0,20358970419.0,1064831590282.0,10444.72619863,10648.31590282,24940682994.0,210901066.0,2040805216.0,37374490061.0,97367657.0,519056194.0
2017-02-07,2017,2,555131422688.0,14059883513.0,569191306201.0,489341197175.0,6299086906.0,495640284081.0,1044472619863.0,20358970419.0,1064831590282.0,10444.72619863,10648.31590282,24940682994.0,210901066.0,2040805216.0,37374490061.0,97367657.0,519056194.0
2017-02-08,2017,2,555131422688.0,14059883513.0,569191306201.0,489341197175.0,6299086906.0,495640284081.0,1044472619863.0,20358970419.0,1064831590282.0,10444.72619863,10648.31590282,24940682994.0,210901066.0,2040805216.0,37374490061.0,97367657.0,519056194.0
2017-02-09,2017,2,555131422688.0,14059883513.0,569191306201.0,489341197175.0,6299086906.0,495640284081.0,1044472619863.0,20358970419.0,1064831590282.0,10444.72619863,10648.31590282,24940682994.0,210901066.0,2040805216.0,37374490061.0,97367657.0,519056194.0
2017-02-10,2017,2,555131422688.0,14059883513.0,569191306201.0,489341197175.0,6299086906.0,495640284081.0,1044472619863.0,20358970419.0,1064831590282.0,10444.72619863,10648.31590282,24940682994.0,210901066.0,2040805216.0,37374490061.0,97367657.0,519056194.0
2017-02-13,2017,2,555131422688.0,14059883513.0,569191306201.0,489341197175.0,6299086906.0,495640284081.0,1044472619863.0,20358970419.0,1064831590282.0,10444.72619863,10648.31590282,24940682994.0,210901066.0,2040805216.0,37374490061.0,97367657.0,519056194.0
2017-02-14,2017,2,555131422688.0,14059883513.0,569191306201.0,489341197175.0,6299086906.0,495640284081.0,1044472619863.0,20358970419.0,1064831590282.0,10444.72619863,10648.31590282,24940682994.0,210901066.0,2040805216.0,37374490061.0,97367657.0,519056194.0
2017-02-15,2017,2,555131422688.0,14059883513.0,569191306201.0,489341197175.0,6299086906.0,495640284081.0,1044472619863.0,20358970419.0,1064831590282.0,10444.72619863,10648.31590282,24940682994.0,210901066.0,2040805216.0,37374490061.0,97367657.0,519056194.0
2017-02-16,2017,2,555131422688.0,14059883513.0,569191306201.0,489341197175.0,6299086906.0,495640284081.0,1044472619863.0,20358970419.0,1064831590282.0,10444.72619863,10648.31590282,24940682994.0,210901066.0,2040805216.0,37374490061.0,97367657.0,519056194.0
2017-02-17,2017,2,555131422688.0,14059883513.0,569191306201.0,489341197175.0,6299086906.0,495640284081.0,1044472619863.0,20358970419.0,1064831590282.0,10444.72619863,10648.31590282,24940682994.0,210901066.0,2040805216.0,37374490061.0,97367657.0,519056194.0
2017-02-20,2017,2,555131422688.0,14059883513.0,569191306201.0,489341197175.0,6299086906.0,495640284081.0,1044472619863.0,20358970419.0,1064831590282.0,10444.72619863,10648.31590282,24940682994.0,210901066.0,2040805216.0,37374490061.0,97367657.0,519056194.0
2017-02-21,2017,2,555131422688.0,14059883513.0,569191306201.0,489341197175.0,6299086906.0,495640284081.0,1044472619863.0,20358970419.0,1064831590282.0,10444.72619863,10648.31590282,24940682994.0,210901066.0,2040805216.0,37374490061.0,97367657.0,519056194.0
2017-02-22,2017,2,555131422688.0,14059883513.0,569191306201.0,489341197175.0,6299086906.0,495640284081.0,1044472619863.0,20358970419.0,1064831590282.0,10444.72619863,10648.31590282,24940682994.0,210901066.0,2040805216.0,37374490061.0,97367657.0,519056194.0
2017-02-23,2017,2,555131422688.0,14059883513.0,569191306201.0,489341197175.0,6299086906.0,495640284081.0,1044472619863.0,20358970419.0,1064831590282.0,10444.72619863,10648.31590282,24940682994.0,210901066.0,2040805216.0,37374490061.0,97367657.0,519056194.0
2017-02-24,2017,2,555131422688.0,14059883513.0,569191306201.0,489341197175.0,6299086906.0,495640284081.0,1044472619863.0,20358970419.0,1064831590282.0,10444.72619863,10648.31590282,24940682994.0,210901066.0,2040805216.0,37374490061.0,97367657.0,519056194.0
2017-02-27,2017,2,555131422688.0,14059883513.0,569191306201.0,489341197175.0,6299086906.0,495640284081.0,1044472619863.0,20358970419.0,1064831590282.0,10444.72619863,10648.31590282,24940682994.0,210901066.0,2040805216.0,37374490061.0,97367657.0,519056194.0
2017-02-28,2017,2,736808467432.0,41088228825.0,777896696257.0,678862660833.0,22685454096.0,701548114929.0,1415671128265.0,63773682921.0,1479444811186.0,14156.71128265,14794.44811186,37637844019.0,203660295.0,4215268611.0,37712144329.0,97367657.0,519056194.0
2017-03-01,2017,3,736808467432.0,41088228825.0,777896696257.0,678862660833.0,22685454096.0,701548114929.0,1415671128265.0,63773682921.0,1479444811186.0,14156.71128265,14794.44811186,37637844019.0,203660295.0,4215268611.0,37712144329.0,97367657.0,519056194.0
2017-03-02,2017,3,736808467432.0,41088228825.0,777896696257.0,678862660833.0,22685454096.0,701548114929.0,1415671128265.0,63773682921.0,1479444811186.0,14156.71128265,14794.44811186,37637844019.0,203660295.0,4215268611.0,37712144329.0,97367657.0,519056194.0
2017-03-03,2017,3,736808467432.0,41088228825.0,777896696257.0,678862660833.0,22685454096.0,701548114929.0,1415671128265.0,63773682921.0,1479444811186.0,14156.71128265,14794.44811186,37637844019.0,203660295.0,4215268611.0,37712144329.0,97367657.0,519056194.0
2017-03-06,2017,3,736808467432.0,41088228825.0,777896696257.0,678862660833.0,22685454096.0,701548114929.0,1415671128265.0,63773682921.0,1479444811186.0,14156.71128265,14794.44811186,37637844019.0,203660295.0,4215268611.0,37712144329.0,97367657.0,519056194.0
2017-03-07,2017,3,736808467432.0,41088228825.0,777896696257.0,678862660833.0,22685454096.0,701548114929.0,1415671128265.0,63773682921.0,1479444811186.0,14156.71128265,14794.44811186,37637844019.0,203660295.0,4215268611.0,37712144329.0,97367657.0,519056194.0
2017-03-08,2017,3,736808467432.0,41088228825.0,777896696257.0,678862660833.0,22685454096.0,701548114929.0,1415671128265.0,63773682921.0,1479444811186.0,14156.71128265,14794.44811186,37637844019.0,203660295.0,4215268611.0,37712144329.0,97367657.0,519056194.0
2017-03-09,2017,3,736808467432.0,41088228825.0,777896696257.0,678862660833.0,22685454096.0,701548114929.0,1415671128265.0,63773682921.0,1479444811186.0,14156.71128265,14794.44811186,37637844019.0,203660295.0,4215268611.0,37712144329.0,97367657.0,519056194.0
2017-03-10,2017,3,736808467432.0,41088228825.0,777896696257.0,678862660833.0,22685454096.0,701548114929.0,1415671128265.0,63773682921.0,1479444811186.0,14156.71128265,14794.44811186,37637844019.0,203660295.0,4215268611.0,37712144329.0,97367657.0,519056194.0
2017-03-13,2017,3,736808467432.0,41088228825.0,777896696257.0,678862660833.0,22685454096.0,701548114929.0,1415671128265.0,63773682921.0,1479444811186.0,14156.71128265,14794.44811186,37637844019.0,203660295.0,4215268611.0,37712144329.0,97367657.0,519056194.0
2017-03-14,2017,3,736808467432.0,41088228825.0,777896696257.0,678862660833.0,22685454096.0,701548114929.0,1415671128265.0,63773682921.0,1479444811186.0,14156.71128265,14794.44811186,37637844019.0,203660295.0,4215268611.0,37712144329.0,97367657.0,519056194.0
2017-03-15,2017,3,736808467432.0,41088228825.0,777896696257.0,678862660833.0,22685454096.0,701548114929.0,1415671128265.0,63773682921.0,1479444811186.0,14156.71128265,14794.44811186,37637844019.0,203660295.0,4215268611.0,37712144329.0,97367657.0,519056194.0
2017-03-16,2017,3,736808467432.0,41088228825.0,777896696257.0,678862660833.0,22685454096.0,701548114929.0,1415671128265.0,63773682921.0,1479444811186.0,14156.71128265,14794.44811186,37637844019.0,203660295.0,4215268611.0,37712144329.0,97367657.0,519056194.0
2017-03-17,2017,3,736808467432.0,41088228825.0,777896696257.0,678862660833.0,22685454096.0,701548114929.0,1415671128265.0,63773682921.0,1479444811186.0,14156.71128265,14794.44811186,37637844019.0,203660295.0,4215268611.0,37712144329.0,97367657.0,519056194.0
2017-03-20,2017,3,736808467432.0,41088228825.0,777896696257.0,678862660833.0,22685454096.0,701548114929.0,1415671128265.0,63773682921.0,1479444811186.0,14156.71128265,14794.44811186,37637844019.0,203660295.0,4215268611.0,37712144329.0,97367657.0,519056194.0
2017-03-21,2017,3,736808467432.0,41088228825.0,777896696257.0,678862660833.0,22685454096.0,701548114929.0,1415671128265.0,63773682921.0,1479444811186.0,14156.71128265,14794.44811186,37637844019.0,203660295.0,4215268611.0,37712144329.0,97367657.0,519056194.0
2017-03-22,2017,3,736808467432.0,41088228825.0,777896696257.0,678862660833.0,22685454096.0,701548114929.0,1415671128265.0,63773682921.0,1479444811186.0,14156.71128265,14794.44811186,37637844019.0,203660295.0,4215268611.0,37712144329.0,97367657.0,519056194.0
2017-03-23,2017,3,736808467432.0,41088228825.0,777896696257.0,678862660833.0,22685454096.0,701548114929.0,1415671128265.0,63773682921.0,1479444811186.0,14156.71128265,14794.44811186,37637844019.0,203660295.0,4215268611.0,37712144329.0,97367657.0,519056194.0
2017-03-24,2017,3,736808467432.0,41088228825.0,777896696257.0,678862660833.0,22685454096.0,701548114929.0,1415671128265.0,63773682921.0,1479444811186.0,14156.71128265,14794.44811186,37637844019.0,203660295.0,4215268611.0,37712144329.0,97367657.0,519056194.0
2017-03-27,2017,3,736808467432.0,41088228825.0,777896696257.0,678862660833.0,22685454096.0,701548114929.0,1415671128265.0,63773682921.0,1479444811186.0,14156.71128265,14794.44811186,37637844019.0,203660295.0,4215268611.0,37712144329.0,97367657.0,519056194.0
2017-03-28,2017,3,736808467432.0,41088228825.0,777896696257.0,678862660833.0,22685454096.0,701548114929.0,1415671128265.0,63773682921.0,1479444811186.0,14156.71128265,14794.44811186,37637844019.0,203660295.0,4215268611.0,37712144329.0,97367657.0,519056194.0
2017-03-29,2017,3,736808467432.0,41088228825.0,777896696257.0,678862660833.0,22685454096.0,701548114929.0,1415671128265.0,63773682921.0,1479444811186.0,14156.71128265,14794.44811186,37637844019.0,203660295.0,4215268611.0,37712144329.0,97367657.0,519056194.0
2017-03-30,2017,3,736808467432.0,41088228825.0,777896696257.0,678862660833.0,22685454096.0,701548114929.0,1415671128265.0,63773682921.0,1479444811186.0,14156.71128265,14794.44811186,37637844019.0,203660295.0,4215268611.0,37712144329.0,97367657.0,519056194.0
2017-03-31,2017,3,726418414800.0,59129953563.0,785548368363.0,684956746643.0,31881458400.0,716838205043.0,1411375161443.0,91011411963.0,1502386573406.0,14113.75161443,15023.86573406,38579671714.0,262749295.0,5336988893.0,54457420188.0,97367657.0,519056194.0
2017-04-05,2017,4,726418414800.0,59129953563.0,785548368363.0,684956746643.0,31881458400.0,716838205043.0,1411375161443.0,91011411963.0,1502386573406.0,14113.75161443,15023.86573406,38579671714.0,262749295.0,5336988893.0,54457420188.0,97367657.0,519056194.0
2017-04-06,2017,4,726418414800.0,59129953563.0,785548368363.0,684956746643.0,31881458400.0,716838205043.0,1411375161443.0,91011411963.0,1502386573406.0,14113.75161443,15023.86573406,38579671714.0,262749295.0,5336988893.0,54457420188.0,97367657.0,519056194.0
2017-04-07,2017,4,726418414800.0,59129953563.0,785548368363.0,684956746643.0,31881458400.0,716838205043.0,1411375161443.0,91011411963.0,1502386573406.0,14113.75161443,15023.86573406,38579671714.0,262749295.0,5336988893.0,54457420188.0,97367657.0,519056194.0
2017-04-10,2017,4,726418414800.0,59129953563.0,785548368363.0,684956746643.0,31881458400.0,716838205043.0,1411375161443.0,91011411963.0,1502386573406.0,14113.75161443,15023.86573406,38579671714.0,262749295.0,5336988893.0,54457420188.0,97367657.0,519056194.0
2017-04-11,2017,4,726418414800.0,59129953563.0,785548368363.0,684956746643.0,31881458400.0,716838205043.0,1411375161443.0,91011411963.0,1502386573406.0,14113.75161443,15023.86573406,38579671714.0,262749295.0,5336988893.0,54457420188.0,97367657.0,519056194.0
2017-04-12,2017,4,726418414800.0,59129953563.0,785548368363.0,684956746643.0,31881458400.0,716838205043.0,1411375161443.0,91011411963.0,1502386573406.0,14113.75161443,15023.86573406,38579671714.0,262749295.0,5336988893.0,54457420188.0,97367657.0,519056194.0
2017-04-13,2017,4,726418414800.0,59129953563.0,785548368363.0,684956746643.0,31881458400.0,716838205043.0,1411375161443.0,91011411963.0,1502386573406.0,14113.75161443,15023.86573406,38579671714.0,262749295.0,5336988893.0,54457420188.0,97367657.0,519056194.0
2017-04-14,2017,4,726418414800.0,59129953563.0,785548368363.0,684956746643.0,31881458400.0,716838205043.0,1411375161443.0,91011411963.0,1502386573406.0,14113.75161443,15023.86573406,38579671714.0,262749295.0,5336988893.0,54457420188.0,97367657.0,519056194.0
2017-04-17,2017,4,726418414800.0,59129953563.0,785548368363.0,684956746643.0,31881458400.0,716838205043.0,1411375161443.0,91011411963.0,1502386573406.0,14113.75161443,15023.86573406,38579671714.0,262749295.0,5336988893.0,54457420188.0,97367657.0,519056194.0
2017-04-18,2017,4,726418414800.0,59129953563.0,785548368363.0,684956746643.0,31881458400.0,716838205043.0,1411375161443.0,91011411963.0,1502386573406.0,14113.75161443,15023.86573406,38579671714.0,262749295.0,5336988893.0,54457420188.0,97367657.0,519056194.0
2017-04-19,2017,4,726418414800.0,59129953563.0,785548368363.0,684956746643.0,31881458400.0,716838205043.0,1411375161443.0,91011411963.0,1502386573406.0,14113.75161443,15023.86573406,38579671714.0,262749295.0,5336988893.0,54457420188.0,97367657.0,519056194.0
2017-04-20,2017,4,726418414800.0,59129953563.0,785548368363.0,684956746643.0,31881458400.0,716838205043.0,1411375161443.0,91011411963.0,1502386573406.0,14113.75161443,15023.86573406,38579671714.0,262749295.0,5336988893.0,54457420188.0,97367657.0,519056194.0
2017-04-21,2017,4,726418414800.0,59129953563.0,785548368363.0,684956746643.0,31881458400.0,716838205043.0,1411375161443.0,91011411963.0,1502386573406.0,14113.75161443,15023.86573406,38579671714.0,262749295.0,5336988893.0,54457420188.0,97367657.0,519056194.0
2017-04-24,2017,4,726418414800.0,59129953563.0,785548368363.0,684956746643.0,31881458400.0,716838205043.0,1411375161443.0,91011411963.0,1502386573406.0,14113.75161443,15023.86573406,38579671714.0,262749295.0,5336988893.0,54457420188.0,97367657.0,519056194.0
2017-04-25,2017,4,726418414800.0,59129953563.0,785548368363.0,684956746643.0,31881458400.0,716838205043.0,1411375161443.0,91011411963.0,1502386573406.0,14113.75161443,15023.86573406,38579671714.0,262749295.0,5336988893.0,54457420188.0,97367657.0,519056194.0
2017-04-26,2017,4,726418414800.0,59129953563.0,785548368363.0,684956746643.0,31881458400.0,716838205043.0,1411375161443.0,91011411963.0,1502386573406.0,14113.75161443,15023.86573406,38579671714.0,262749295.0,5336988893.0,54457420188.0,97367657.0,519056194.0
2017-04-27,2017,4,726418414800.0,59129953563.0,785548368363.0,684956746643.0,31881458400.0,716838205043.0,1411375161443.0,91011411963.0,1502386573406.0,14113.75161443,15023.86573406,38579671714.0,262749295.0,5336988893.0,54457420188.0,97367657.0,519056194.0
2017-04-28,2017,4,726418414800.0,59129953563.0,785548368363.0,684956746643.0,31881458400.0,716838205043.0,1411375161443.0,91011411963.0,1502386573406.0,14113.75161443,15023.86573406,38579671714.0,262749295.0,5336988893.0,54457420188.0,97367657.0,519056194.0
2017-05-02,2017,5,726418414800.0,59129953563.0,785548368363.0,684956746643.0,31881458400.0,716838205043.0,1411375161443.0,91011411963.0,1502386573406.0,14113.75161443,15023.86573406,38579671714.0,262749295.0,5336988893.0,54457420188.0,97367657.0,519056194.0
2017-05-03,2017,5,726418414800.0,59129953563.0,785548368363.0,684956746643.0,31881458400.0,716838205043.0,1411375161443.0,91011411963.0,1502386573406.0,14113.75161443,15023.86573406,38579671714.0,262749295.0,5336988893.0,54457420188.0,97367657.0,519056194.0
2017-05-04,2017,5,726418414800.0,59129953563.0,785548368363.0,684956746643.0,31881458400.0,716838205043.0,1411375161443.0,91011411963.0,1502386573406.0,14113.75161443,15023.86573406,38579671714.0,262749295.0,5336988893.0,54457420188.0,97367657.0,519056194.0
2017-05-05,2017,5,726418414800.0,59129953563.0,785548368363.0,684956746643.0,31881458400.0,716838205043.0,1411375161443.0,91011411963.0,1502386573406.0,14113.75161443,15023.86573406,38579671714.0,262749295.0,5336988893.0,54457420188.0,97367657.0,519056194.0
2017-05-08,2017,5,726418414800.0,59129953563.0,785548368363.0,684956746643.0,31881458400.0,716838205043.0,1411375161443.0,91011411963.0,1502386573406.0,14113.75161443,15023.86573406,38579671714.0,262749295.0,5336988893.0,54457420188.0,97367657.0,519056194.0
2017-05-09,2017,5,726418414800.0,59129953563.0,785548368363.0,684956746643.0,31881458400.0,716838205043.0,1411375161443.0,91011411963.0,1502386573406.0,14113.75161443,15023.86573406,38579671714.0,262749295.0,5336988893.0,54457420188.0,97367657.0,519056194.0
2017-05-10,2017,5,726418414800.0,59129953563.0,785548368363.0,684956746643.0,31881458400.0,716838205043.0,1411375161443.0,91011411963.0,1502386573406.0,14113.75161443,15023.86573406,38579671714.0,262749295.0,5336988893.0,54457420188.0,97367657.0,519056194.0
2017-05-11,2017,5,726418414800.0,59129953563.0,785548368363.0,684956746643.0,31881458400.0,716838205043.0,1411375161443.0,91011411963.0,1502386573406.0,14113.75161443,15023.86573406,38579671714.0,262749295.0,5336988893.0,54457420188.0,97367657.0,519056194.0
2017-05-12,2017,5,726418414800.0,59129953563.0,785548368363.0,684956746643.0,31881458400.0,716838205043.0,1411375161443.0,91011411963.0,1502386573406.0,14113.75161443,15023.86573406,38579671714.0,262749295.0,5336988893.0,54457420188.0,97367657.0,519056194.0
2017-05-15,2017,5,726418414800.0,59129953563.0,785548368363.0,684956746643.0,31881458400.0,716838205043.0,1411375161443.0,91011411963.0,1502386573406.0,14113.75161443,15023.86573406,38579671714.0,262749295.0,5336988893.0,54457420188.0,97367657.0,519056194.0
2017-05-16,2017,5,726418414800.0,59129953563.0,785548368363.0,684956746643.0,31881458400.0,716838205043.0,1411375161443.0,91011411963.0,1502386573406.0,14113.75161443,15023.86573406,38579671714.0,262749295.0,5336988893.0,54457420188.0,97367657.0,519056194.0
2017-05-17,2017,5,726418414800.0,59129953563.0,785548368363.0,684956746643.0,31881458400.0,716838205043.0,1411375161443.0,91011411963.0,1502386573406.0,14113.75161443,15023.86573406,38579671714.0,262749295.0,5336988893.0,54457420188.0,97367657.0,519056194.0
2017-05-18,2017,5,726418414800.0,59129953563.0,785548368363.0,684956746643.0,31881458400.0,716838205043.0,1411375161443.0,91011411963.0,1502386573406.0,14113.75161443,15023.86573406,38579671714.0,262749295.0,5336988893.0,54457420188.0,97367657.0,519056194.0
2017-05-19,2017,5,726418414800.0,59129953563.0,785548368363.0,684956746643.0,31881458400.0,716838205043.0,1411375161443.0,91011411963.0,1502386573406.0,14113.75161443,15023.86573406,38579671714.0,262749295.0,5336988893.0,54457420188.0,97367657.0,519056194.0
2017-05-22,2017,5,726418414800.0,59129953563.0,785548368363.0,684956746643.0,31881458400.0,716838205043.0,1411375161443.0,91011411963.0,1502386573406.0,14113.75161443,15023.86573406,38579671714.0,262749295.0,5336988893.0,54457420188.0,97367657.0,519056194.0
2017-05-23,2017,5,726418414800.0,59129953563.0,785548368363.0,684956746643.0,31881458400.0,716838205043.0,1411375161443.0,91011411963.0,1502386573406.0,14113.75161443,15023.86573406,38579671714.0,262749295.0,5336988893.0,54457420188.0,97367657.0,519056194.0
2017-05-24,2017,5,726418414800.0,59129953563.0,785548368363.0,684956746643.0,31881458400.0,716838205043.0,1411375161443.0,91011411963.0,1502386573406.0,14113.75161443,15023.86573406,38579671714.0,262749295.0,5336988893.0,54457420188.0,97367657.0,519056194.0
2017-05-25,2017,5,726418414800.0,59129953563.0,785548368363.0,684956746643.0,31881458400.0,716838205043.0,1411375161443.0,91011411963.0,1502386573406.0,14113.75161443,15023.86573406,38579671714.0,262749295.0,5336988893.0,54457420188.0,97367657.0,519056194.0
2017-05-26,2017,5,726418414800.0,59129953563.0,785548368363.0,684956746643.0,31881458400.0,716838205043.0,1411375161443.0,91011411963.0,1502386573406.0,14113.75161443,15023.86573406,38579671714.0,262749295.0,5336988893.0,54457420188.0,97367657.0,519056194.0
2017-05-31,2017,5,789702817707.0,87154562339.0,876857380046.0,731578013837.0,54658021133.0,786236034970.0,1521280831544.0,141812583472.0,1663093415016.0,15212.80831544,16630.93415016,55516064817.0,238041357.0,7474335440.0,57109880945.0,97367657.0,519056194.0
2017-06-01,2017,6,789702817707.0,87154562339.0,876857380046.0,731578013837.0,54658021133.0,786236034970.0,1521280831544.0,141812583472.0,1663093415016.0,15212.80831544,16630.93415016,55516064817.0,238041357.0,7474335440.0,57109880945.0,97367657.0,519056194.0
2017-06-02,2017,6,789702817707.0,87154562339.0,876857380046.0,731578013837.0,54658021133.0,786236034970.0,1521280831544.0,141812583472.0,1663093415016.0,15212.80831544,16630.93415016,55516064817.0,238041357.0,7474335440.0,57109880945.0,97367657.0,519056194.0
2017-06-05,2017,6,789702817707.0,87154562339.0,876857380046.0,731578013837.0,54658021133.0,786236034970.0,1521280831544.0,141812583472.0,1663093415016.0,15212.80831544,16630.93415016,55516064817.0,238041357.0,7474335440.0,57109880945.0,97367657.0,519056194.0
2017-06-06,2017,6,789702817707.0,87154562339.0,876857380046.0,731578013837.0,54658021133.0,786236034970.0,1521280831544.0,141812583472.0,1663093415016.0,15212.80831544,16630.93415016,55516064817.0,238041357.0,7474335440.0,57109880945.0,97367657.0,519056194.0
2017-06-07,2017,6,789702817707.0,87154562339.0,876857380046.0,731578013837.0,54658021133.0,786236034970.0,1521280831544.0,141812583472.0,1663093415016.0,15212.80831544,16630.93415016,55516064817.0,238041357.0,7474335440.0,57109880945.0,97367657.0,519056194.0
2017-06-08,2017,6,789702817707.0,87154562339.0,876857380046.0,731578013837.0,54658021133.0,786236034970.0,1521280831544.0,141812583472.0,1663093415016.0,15212.80831544,16630.93415016,55516064817.0,238041357.0,7474335440.0,57109880945.0,97367657.0,519056194.0
2017-06-09,2017,6,789702817707.0,87154562339.0,876857380046.0,731578013837.0,54658021133.0,786236034970.0,1521280831544.0,141812583472.0,1663093415016.0,15212.80831544,16630.93415016,55516064817.0,238041357.0,7474335440.0,57109880945.0,97367657.0,519056194.0
2017-06-12,2017,6,789702817707.0,87154562339.0,876857380046.0,731578013837.0,54658021133.0,786236034970.0,1521280831544.0,141812583472.0,1663093415016.0,15212.80831544,16630.93415016,55516064817.0,238041357.0,7474335440.0,57109880945.0,97367657.0,519056194.0
2017-06-13,2017,6,789702817707.0,87154562339.0,876857380046.0,731578013837.0,54658021133.0,786236034970.0,1521280831544.0,141812583472.0,1663093415016.0,15212.80831544,16630.93415016,55516064817.0,238041357.0,7474335440.0,57109880945.0,97367657.0,519056194.0
2017-06-14,2017,6,789702817707.0,87154562339.0,876857380046.0,731578013837.0,54658021133.0,786236034970.0,1521280831544.0,141812583472.0,1663093415016.0,15212.80831544,16630.93415016,55516064817.0,238041357.0,7474335440.0,57109880945.0,97367657.0,519056194.0
2017-06-15,2017,6,789702817707.0,87154562339.0,876857380046.0,731578013837.0,54658021133.0,786236034970.0,1521280831544.0,141812583472.0,1663093415016.0,15212.80831544,16630.93415016,55516064817.0,238041357.0,7474335440.0,57109880945.0,97367657.0,519056194.0
2017-06-16,2017,6,789702817707.0,87154562339.0,876857380046.0,731578013837.0,54658021133.0,786236034970.0,1521280831544.0,141812583472.0,1663093415016.0,15212.80831544,16630.93415016,55516064817.0,238041357.0,7474335440.0,57109880945.0,97367657.0,519056194.0
2017-06-19,2017,6,789702817707.0,87154562339.0,876857380046.0,731578013837.0,54658021133.0,786236034970.0,1521280831544.0,141812583472.0,1663093415016.0,15212.80831544,16630.93415016,55516064817.0,238041357.0,7474335440.0,57109880945.0,97367657.0,519056194.0
2017-06-20,2017,6,789702817707.0,87154562339.0,876857380046.0,731578013837.0,54658021133.0,786236034970.0,1521280831544.0,141812583472.0,1663093415016.0,15212.80831544,16630.93415016,55516064817.0,238041357.0,7474335440.0,57109880945.0,97367657.0,519056194.0
2017-06-21,2017,6,789702817707.0,87154562339.0,876857380046.0,731578013837.0,54658021133.0,786236034970.0,1521280831544.0,141812583472.0,1663093415016.0,15212.80831544,16630.93415016,55516064817.0,238041357.0,7474335440.0,57109880945.0,97367657.0,519056194.0
2017-06-22,2017,6,789702817707.0,87154562339.0,876857380046.0,731578013837.0,54658021133.0,786236034970.0,1521280831544.0,141812583472.0,1663093415016.0,15212.80831544,16630.93415016,55516064817.0,238041357.0,7474335440.0,57109880945.0,97367657.0,519056194.0
2017-06-23,2017,6,789702817707.0,87154562339.0,876857380046.0,731578013837.0,54658021133.0,786236034970.0,1521280831544.0,141812583472.0,1663093415016.0,15212.80831544,16630.93415016,55516064817.0,238041357.0,7474335440.0,57109880945.0,97367657.0,519056194.0
2017-06-26,2017,6,789702817707.0,87154562339.0,876857380046.0,731578013837.0,54658021133.0,786236034970.0,1521280831544.0,141812583472.0,1663093415016.0,15212.80831544,16630.93415016,55516064817.0,238041357.0,7474335440.0,57109880945.0,97367657.0,519056194.0
2017-06-27,2017,6,789702817707.0,87154562339.0,876857380046.0,731578013837.0,54658021133.0,786236034970.0,1521280831544.0,141812583472.0,1663093415016.0,15212.80831544,16630.93415016,55516064817.0,238041357.0,7474335440.0,57109880945.0,97367657.0,519056194.0
2017-06-28,2017,6,789702817707.0,87154562339.0,876857380046.0,731578013837.0,54658021133.0,786236034970.0,1521280831544.0,141812583472.0,1663093415016.0,15212.80831544,16630.93415016,55516064817.0,238041357.0,7474335440.0,57109880945.0,97367657.0,519056194.0
2017-06-29,2017,6,789702817707.0,87154562339.0,876857380046.0,731578013837.0,54658021133.0,786236034970.0,1521280831544.0,141812583472.0,1663093415016.0,15212.80831544,16630.93415016,55516064817.0,238041357.0,7474335440.0,57109880945.0,97367657.0,519056194.0
2017-06-30,2017,6,809020164487.0,87837357217.0,896857521704.0,730425199473.0,52784422567.0,783209622040.0,1539445363960.0,140621779784.0,1680067143744.0,15394.4536396,16800.67143744,49327003200.0,232624017.0,7318389586.0,48609586471.0,97367657.0,519056194.0
2017-07-03,2017,7,809020164487.0,87837357217.0,896857521704.0,730425199473.0,52784422567.0,783209622040.0,1539445363960.0,140621779784.0,1680067143744.0,15394.4536396,16800.67143744,49327003200.0,232624017.0,7318389586.0,48609586471.0,97367657.0,519056194.0
2017-07-04,2017,7,809020164487.0,87837357217.0,896857521704.0,730425199473.0,52784422567.0,783209622040.0,1539445363960.0,140621779784.0,1680067143744.0,15394.4536396,16800.67143744,49327003200.0,232624017.0,7318389586.0,48609586471.0,97367657.0,519056194.0
2017-07-05,2017,7,809020164487.0,87837357217.0,896857521704.0,730425199473.0,52784422567.0,783209622040.0,1539445363960.0,140621779784.0,1680067143744.0,15394.4536396,16800.67143744,49327003200.0,232624017.0,7318389586.0,48609586471.0,97367657.0,519056194.0
2017-07-06,2017,7,809020164487.0,87837357217.0,896857521704.0,730425199473.0,52784422567.0,783209622040.0,1539445363960.0,140621779784.0,1680067143744.0,15394.4536396,16800.67143744,49327003200.0,232624017.0,7318389586.0,48609586471.0,97367657.0,519056194.0
2017-07-07,2017,7,809020164487.0,87837357217.0,896857521704.0,730425199473.0,52784422567.0,783209622040.0,1539445363960.0,140621779784.0,1680067143744.0,15394.4536396,16800.67143744,49327003200.0,232624017.0,7318389586.0,48609586471.0,97367657.0,519056194.0
2017-07-10,2017,7,809020164487.0,87837357217.0,896857521704.0,730425199473.0,52784422567.0,783209622040.0,1539445363960.0,140621779784.0,1680067143744.0,15394.4536396,16800.67143744,49327003200.0,232624017.0,7318389586.0,48609586471.0,97367657.0,519056194.0
2017-07-11,2017,7,809020164487.0,87837357217.0,896857521704.0,730425199473.0,52784422567.0,783209622040.0,1539445363960.0,140621779784.0,1680067143744.0,15394.4536396,16800.67143744,49327003200.0,232624017.0,7318389586.0,48609586471.0,97367657.0,519056194.0
2017-07-12,2017,7,809020164487.0,87837357217.0,896857521704.0,730425199473.0,52784422567.0,783209622040.0,1539445363960.0,140621779784.0,1680067143744.0,15394.4536396,16800.67143744,49327003200.0,232624017.0,7318389586.0,48609586471.0,97367657.0,519056194.0
2017-07-13,2017,7,809020164487.0,87837357217.0,896857521704.0,730425199473.0,52784422567.0,783209622040.0,1539445363960.0,140621779784.0,1680067143744.0,15394.4536396,16800.67143744,49327003200.0,232624017.0,7318389586.0,48609586471.0,97367657.0,519056194.0
2017-07-14,2017,7,809020164487.0,87837357217.0,896857521704.0,730425199473.0,52784422567.0,783209622040.0,1539445363960.0,140621779784.0,1680067143744.0,15394.4536396,16800.67143744,49327003200.0,232624017.0,7318389586.0,48609586471.0,97367657.0,519056194.0
2017-07-17,2017,7,809020164487.0,87837357217.0,896857521704.0,730425199473.0,52784422567.0,783209622040.0,1539445363960.0,140621779784.0,1680067143744.0,15394.4536396,16800.67143744,49327003200.0,232624017.0,7318389586.0,48609586471.0,97367657.0,519056194.0
2017-07-18,2017,7,809020164487.0,87837357217.0,896857521704.0,730425199473.0,52784422567.0,783209622040.0,1539445363960.0,140621779784.0,1680067143744.0,15394.4536396,16800.67143744,49327003200.0,232624017.0,7318389586.0,48609586471.0,97367657.0,519056194.0
2017-07-19,2017,7,809020164487.0,87837357217.0,896857521704.0,730425199473.0,52784422567.0,783209622040.0,1539445363960.0,140621779784.0,1680067143744.0,15394.4536396,16800.67143744,49327003200.0,232624017.0,7318389586.0,48609586471.0,97367657.0,519056194.0
2017-07-20,2017,7,809020164487.0,87837357217.0,896857521704.0,730425199473.0,52784422567.0,783209622040.0,1539445363960.0,140621779784.0,1680067143744.0,15394.4536396,16800.67143744,49327003200.0,232624017.0,7318389586.0,48609586471.0,97367657.0,519056194.0
2017-07-21,2017,7,809020164487.0,87837357217.0,896857521704.0,730425199473.0,52784422567.0,783209622040.0,1539445363960.0,140621779784.0,1680067143744.0,15394.4536396,16800.67143744,49327003200.0,232624017.0,7318389586.0,48609586471.0,97367657.0,519056194.0
2017-07-24,2017,7,809020164487.0,87837357217.0,896857521704.0,730425199473.0,52784422567.0,783209622040.0,1539445363960.0,140621779784.0,1680067143744.0,15394.4536396,16800.67143744,49327003200.0,232624017.0,7318389586.0,48609586471.0,97367657.0,519056194.0
2017-07-25,2017,7,809020164487.0,87837357217.0,896857521704.0,730425199473.0,52784422567.0,783209622040.0,1539445363960.0,140621779784.0,1680067143744.0,15394.4536396,16800.67143744,49327003200.0,232624017.0,7318389586.0,48609586471.0,97367657.0,519056194.0
2017-07-26,2017,7,809020164487.0,87837357217.0,896857521704.0,730425199473.0,52784422567.0,783209622040.0,1539445363960.0,140621779784.0,1680067143744.0,15394.4536396,16800.67143744,49327003200.0,232624017.0,7318389586.0,48609586471.0,97367657.0,519056194.0
2017-07-27,2017,7,809020164487.0,87837357217.0,896857521704.0,730425199473.0,52784422567.0,783209622040.0,1539445363960.0,140621779784.0,1680067143744.0,15394.4536396,16800.67143744,49327003200.0,232624017.0,7318389586.0,48609586471.0,97367657.0,519056194.0
2017-07-28,2017,7,809020164487.0,87837357217.0,896857521704.0,730425199473.0,52784422567.0,783209622040.0,1539445363960.0,140621779784.0,1680067143744.0,15394.4536396,16800.67143744,49327003200.0,232624017.0,7318389586.0,48609586471.0,97367657.0,519056194.0
2017-07-31,2017,7,799847556152.0,90402211447.0,890249767599.0,715000419011.0,58105624800.0,773106043811.0,1514847975163.0,148507836247.0,1663355811410.0,15148.47975163,16633.5581141,27075190407.0,200467970.0,7691643191.0,27866716873.0,97367657.0,519056194.0
2017-08-01,2017,8,799847556152.0,90402211447.0,890249767599.0,715000419011.0,58105624800.0,773106043811.0,1514847975163.0,148507836247.0,1663355811410.0,15148.47975163,16633.5581141,27075190407.0,200467970.0,7691643191.0,27866716873.0,97367657.0,519056194.0
2017-08-02,2017,8,799847556152.0,90402211447.0,890249767599.0,715000419011.0,58105624800.0,773106043811.0,1514847975163.0,148507836247.0,1663355811410.0,15148.47975163,16633.5581141,27075190407.0,200467970.0,7691643191.0,27866716873.0,97367657.0,519056194.0
2017-08-03,2017,8,799847556152.0,90402211447.0,890249767599.0,715000419011.0,58105624800.0,773106043811.0,1514847975163.0,148507836247.0,1663355811410.0,15148.47975163,16633.5581141,27075190407.0,200467970.0,7691643191.0,27866716873.0,97367657.0,519056194.0
2017-08-04,2017,8,799847556152.0,90402211447.0,890249767599.0,715000419011.0,58105624800.0,773106043811.0,1514847975163.0,148507836247.0,1663355811410.0,15148.47975163,16633.5581141,27075190407.0,200467970.0,7691643191.0,27866716873.0,97367657.0,519056194.0
2017-08-07,2017,8,799847556152.0,90402211447.0,890249767599.0,715000419011.0,58105624800.0,773106043811.0,1514847975163.0,148507836247.0,1663355811410.0,15148.47975163,16633.5581141,27075190407.0,200467970.0,7691643191.0,27866716873.0,97367657.0,519056194.0
2017-08-08,2017,8,799847556152.0,90402211447.0,890249767599.0,715000419011.0,58105624800.0,773106043811.0,1514847975163.0,148507836247.0,1663355811410.0,15148.47975163,16633.5581141,27075190407.0,200467970.0,7691643191.0,27866716873.0,97367657.0,519056194.0
2017-08-09,2017,8,799847556152.0,90402211447.0,890249767599.0,715000419011.0,58105624800.0,773106043811.0,1514847975163.0,148507836247.0,1663355811410.0,15148.47975163,16633.5581141,27075190407.0,200467970.0,7691643191.0,27866716873.0,97367657.0,519056194.0
2017-08-10,2017,8,799847556152.0,90402211447.0,890249767599.0,715000419011.0,58105624800.0,773106043811.0,1514847975163.0,148507836247.0,1663355811410.0,15148.47975163,16633.5581141,27075190407.0,200467970.0,7691643191.0,27866716873.0,97367657.0,519056194.0
2017-08-11,2017,8,799847556152.0,90402211447.0,890249767599.0,715000419011.0,58105624800.0,773106043811.0,1514847975163.0,148507836247.0,1663355811410.0,15148.47975163,16633.5581141,27075190407.0,200467970.0,7691643191.0,27866716873.0,97367657.0,519056194.0
2017-08-14,2017,8,799847556152.0,90402211447.0,890249767599.0,715000419011.0,58105624800.0,773106043811.0,1514847975163.0,148507836247.0,1663355811410.0,15148.47975163,16633.5581141,27075190407.0,200467970.0,7691643191.0,27866716873.0,97367657.0,519056194.0
2017-08-15,2017,8,799847556152.0,90402211447.0,890249767599.0,715000419011.0,58105624800.0,773106043811.0,1514847975163.0,148507836247.0,1663355811410.0,15148.47975163,16633.5581141,27075190407.0,200467970.0,7691643191.0,27866716873.0,97367657.0,519056194.0
2017-08-16,2017,8,799847556152.0,90402211447.0,890249767599.0,715000419011.0,58105624800.0,773106043811.0,1514847975163.0,148507836247.0,1663355811410.0,15148.47975163,16633.5581141,27075190407.0,200467970.0,7691643191.0,27866716873.0,97367657.0,519056194.0
2017-08-17,2017,8,799847556152.0,90402211447.0,890249767599.0,715000419011.0,58105624800.0,773106043811.0,1514847975163.0,148507836247.0,1663355811410.0,15148.47975163,16633.5581141,27075190407.0,200467970.0,7691643191.0,27866716873.0,97367657.0,519056194.0
2017-08-18,2017,8,799847556152.0,90402211447.0,890249767599.0,715000419011.0,58105624800.0,773106043811.0,1514847975163.0,148507836247.0,1663355811410.0,15148.47975163,16633.5581141,27075190407.0,200467970.0,7691643191.0,27866716873.0,97367657.0,519056194.0
2017-08-21,2017,8,799847556152.0,90402211447.0,890249767599.0,715000419011.0,58105624800.0,773106043811.0,1514847975163.0,148507836247.0,1663355811410.0,15148.47975163,16633.5581141,27075190407.0,200467970.0,7691643191.0,27866716873.0,97367657.0,519056194.0
2017-08-22,2017,8,799847556152.0,90402211447.0,890249767599.0,715000419011.0,58105624800.0,773106043811.0,1514847975163.0,148507836247.0,1663355811410.0,15148.47975163,16633.5581141,27075190407.0,200467970.0,7691643191.0,27866716873.0,97367657.0,519056194.0
2017-08-23,2017,8,799847556152.0,90402211447.0,890249767599.0,715000419011.0,58105624800.0,773106043811.0,1514847975163.0,148507836247.0,1663355811410.0,15148.47975163,16633.5581141,27075190407.0,200467970.0,7691643191.0,27866716873.0,97367657.0,519056194.0
2017-08-24,2017,8,799847556152.0,90402211447.0,890249767599.0,715000419011.0,58105624800.0,773106043811.0,1514847975163.0,148507836247.0,1663355811410.0,15148.47975163,16633.5581141,27075190407.0,200467970.0,7691643191.0,27866716873.0,97367657.0,519056194.0
2017-08-25,2017,8,799847556152.0,90402211447.0,890249767599.0,715000419011.0,58105624800.0,773106043811.0,1514847975163.0,148507836247.0,1663355811410.0,15148.47975163,16633.5581141,27075190407.0,200467970.0,7691643191.0,27866716873.0,97367657.0,519056194.0
2017-08-28,2017,8,799847556152.0,90402211447.0,890249767599.0,715000419011.0,58105624800.0,773106043811.0,1514847975163.0,148507836247.0,1663355811410.0,15148.47975163,16633.5581141,27075190407.0,200467970.0,7691643191.0,27866716873.0,97367657.0,519056194.0
2017-08-29,2017,8,799847556152.0,90402211447.0,890249767599.0,715000419011.0,58105624800.0,773106043811.0,1514847975163.0,148507836247.0,1663355811410.0,15148.47975163,16633.5581141,27075190407.0,200467970.0,7691643191.0,27866716873.0,97367657.0,519056194.0
2017-08-30,2017,8,799847556152.0,90402211447.0,890249767599.0,715000419011.0,58105624800.0,773106043811.0,1514847975163.0,148507836247.0,1663355811410.0,15148.47975163,16633.5581141,27075190407.0,200467970.0,7691643191.0,27866716873.0,97367657.0,519056194.0
2017-08-31,2017,8,820729295439.0,96271117458.0,917000412897.0,735786584327.0,58980427627.0,794767011954.0,1556515879766.0,155251545085.0,1711767424851.0,15565.15879766,17117.67424851,43663317475.0,161339499.0,7493772587.0,41706719143.0,97367657.0,519056194.0
2017-09-01,2017,9,820729295439.0,96271117458.0,917000412897.0,735786584327.0,58980427627.0,794767011954.0,1556515879766.0,155251545085.0,1711767424851.0,15565.15879766,17117.67424851,43663317475.0,161339499.0,7493772587.0,41706719143.0,97367657.0,519056194.0
2017-09-04,2017,9,820729295439.0,96271117458.0,917000412897.0,735786584327.0,58980427627.0,794767011954.0,1556515879766.0,155251545085.0,1711767424851.0,15565.15879766,17117.67424851,43663317475.0,161339499.0,7493772587.0,41706719143.0,97367657.0,519056194.0
2017-09-05,2017,9,820729295439.0,96271117458.0,917000412897.0,735786584327.0,58980427627.0,794767011954.0,1556515879766.0,155251545085.0,1711767424851.0,15565.15879766,17117.67424851,43663317475.0,161339499.0,7493772587.0,41706719143.0,97367657.0,519056194.0
2017-09-06,2017,9,820729295439.0,96271117458.0,917000412897.0,735786584327.0,58980427627.0,794767011954.0,1556515879766.0,155251545085.0,1711767424851.0,15565.15879766,17117.67424851,43663317475.0,161339499.0,7493772587.0,41706719143.0,97367657.0,519056194.0
2017-09-07,2017,9,820729295439.0,96271117458.0,917000412897.0,735786584327.0,58980427627.0,794767011954.0,1556515879766.0,155251545085.0,1711767424851.0,15565.15879766,17117.67424851,43663317475.0,161339499.0,7493772587.0,41706719143.0,97367657.0,519056194.0
2017-09-08,2017,9,820729295439.0,96271117458.0,917000412897.0,735786584327.0,58980427627.0,794767011954.0,1556515879766.0,155251545085.0,1711767424851.0,15565.15879766,17117.67424851,43663317475.0,161339499.0,7493772587.0,41706719143.0,97367657.0,519056194.0
2017-09-11,2017,9,820729295439.0,96271117458.0,917000412897.0,735786584327.0,58980427627.0,794767011954.0,1556515879766.0,155251545085.0,1711767424851.0,15565.15879766,17117.67424851,43663317475.0,161339499.0,7493772587.0,41706719143.0,97367657.0,519056194.0
2017-09-12,2017,9,820729295439.0,96271117458.0,917000412897.0,735786584327.0,58980427627.0,794767011954.0,1556515879766.0,155251545085.0,1711767424851.0,15565.15879766,17117.67424851,43663317475.0,161339499.0,7493772587.0,41706719143.0,97367657.0,519056194.0
2017-09-13,2017,9,820729295439.0,96271117458.0,917000412897.0,735786584327.0,58980427627.0,794767011954.0,1556515879766.0,155251545085.0,1711767424851.0,15565.15879766,17117.67424851,43663317475.0,161339499.0,7493772587.0,41706719143.0,97367657.0,519056194.0
2017-09-14,2017,9,820729295439.0,96271117458.0,917000412897.0,735786584327.0,58980427627.0,794767011954.0,1556515879766.0,155251545085.0,1711767424851.0,15565.15879766,17117.67424851,43663317475.0,161339499.0,7493772587.0,41706719143.0,97367657.0,519056194.0
2017-09-15,2017,9,820729295439.0,96271117458.0,917000412897.0,735786584327.0,58980427627.0,794767011954.0,1556515879766.0,155251545085.0,1711767424851.0,15565.15879766,17117.67424851,43663317475.0,161339499.0,7493772587.0,41706719143.0,97367657.0,519056194.0
2017-09-18,2017,9,820729295439.0,96271117458.0,917000412897.0,735786584327.0,58980427627.0,794767011954.0,1556515879766.0,155251545085.0,1711767424851.0,15565.15879766,17117.67424851,43663317475.0,161339499.0,7493772587.0,41706719143.0,97367657.0,519056194.0
2017-09-19,2017,9,820729295439.0,96271117458.0,917000412897.0,735786584327.0,58980427627.0,794767011954.0,1556515879766.0,155251545085.0,1711767424851.0,15565.15879766,17117.67424851,43663317475.0,161339499.0,7493772587.0,41706719143.0,97367657.0,519056194.0
2017-09-20,2017,9,820729295439.0,96271117458.0,917000412897.0,735786584327.0,58980427627.0,794767011954.0,1556515879766.0,155251545085.0,1711767424851.0,15565.15879766,17117.67424851,43663317475.0,161339499.0,7493772587.0,41706719143.0,97367657.0,519056194.0
2017-09-21,2017,9,820729295439.0,96271117458.0,917000412897.0,735786584327.0,58980427627.0,794767011954.0,1556515879766.0,155251545085.0,1711767424851.0,15565.15879766,17117.67424851,43663317475.0,161339499.0,7493772587.0,41706719143.0,97367657.0,519056194.0
2017-09-22,2017,9,820729295439.0,96271117458.0,917000412897.0,735786584327.0,58980427627.0,794767011954.0,1556515879766.0,155251545085.0,1711767424851.0,15565.15879766,17117.67424851,43663317475.0,161339499.0,7493772587.0,41706719143.0,97367657.0,519056194.0
2017-09-25,2017,9,820729295439.0,96271117458.0,917000412897.0,735786584327.0,58980427627.0,794767011954.0,1556515879766.0,155251545085.0,1711767424851.0,15565.15879766,17117.67424851,43663317475.0,161339499.0,7493772587.0,41706719143.0,97367657.0,519056194.0
2017-09-26,2017,9,820729295439.0,96271117458.0,917000412897.0,735786584327.0,58980427627.0,794767011954.0,1556515879766.0,155251545085.0,1711767424851.0,15565.15879766,17117.67424851,43663317475.0,161339499.0,7493772587.0,41706719143.0,97367657.0,519056194.0
2017-09-27,2017,9,820729295439.0,96271117458.0,917000412897.0,735786584327.0,58980427627.0,794767011954.0,1556515879766.0,155251545085.0,1711767424851.0,15565.15879766,17117.67424851,43663317475.0,161339499.0,7493772587.0,41706719143.0,97367657.0,519056194.0
2017-09-28,2017,9,820729295439.0,96271117458.0,917000412897.0,735786584327.0,58980427627.0,794767011954.0,1556515879766.0,155251545085.0,1711767424851.0,15565.15879766,17117.67424851,43663317475.0,161339499.0,7493772587.0,41706719143.0,97367657.0,519056194.0
2017-09-29,2017,9,820729295439.0,96271117458.0,917000412897.0,735786584327.0,58980427627.0,794767011954.0,1556515879766.0,155251545085.0,1711767424851.0,15565.15879766,17117.67424851,43663317475.0,161339499.0,7493772587.0,41706719143.0,97367657.0,519056194.0
2017-10-09,2017,10,820729295439.0,96271117458.0,917000412897.0,735786584327.0,58980427627.0,794767011954.0,1556515879766.0,155251545085.0,1711767424851.0,15565.15879766,17117.67424851,43663317475.0,161339499.0,7493772587.0,41706719143.0,97367657.0,519056194.0
2017-10-10,2017,10,820729295439.0,96271117458.0,917000412897.0,735786584327.0,58980427627.0,794767011954.0,1556515879766.0,155251545085.0,1711767424851.0,15565.15879766,17117.67424851,43663317475.0,161339499.0,7493772587.0,41706719143.0,97367657.0,519056194.0
2017-10-11,2017,10,820729295439.0,96271117458.0,917000412897.0,735786584327.0,58980427627.0,794767011954.0,1556515879766.0,155251545085.0,1711767424851.0,15565.15879766,17117.67424851,43663317475.0,161339499.0,7493772587.0,41706719143.0,97367657.0,519056194.0
2017-10-12,2017,10,820729295439.0,96271117458.0,917000412897.0,735786584327.0,58980427627.0,794767011954.0,1556515879766.0,155251545085.0,1711767424851.0,15565.15879766,17117.67424851,43663317475.0,161339499.0,7493772587.0,41706719143.0,97367657.0,519056194.0
2017-10-13,2017,10,820729295439.0,96271117458.0,917000412897.0,735786584327.0,58980427627.0,794767011954.0,1556515879766.0,155251545085.0,1711767424851.0,15565.15879766,17117.67424851,43663317475.0,161339499.0,7493772587.0,41706719143.0,97367657.0,519056194.0
2017-10-16,2017,10,820729295439.0,96271117458.0,917000412897.0,735786584327.0,58980427627.0,794767011954.0,1556515879766.0,155251545085.0,1711767424851.0,15565.15879766,17117.67424851,43663317475.0,161339499.0,7493772587.0,41706719143.0,97367657.0,519056194.0
2017-10-17,2017,10,820729295439.0,96271117458.0,917000412897.0,735786584327.0,58980427627.0,794767011954.0,1556515879766.0,155251545085.0,1711767424851.0,15565.15879766,17117.67424851,43663317475.0,161339499.0,7493772587.0,41706719143.0,97367657.0,519056194.0
2017-10-18,2017,10,820729295439.0,96271117458.0,917000412897.0,735786584327.0,58980427627.0,794767011954.0,1556515879766.0,155251545085.0,1711767424851.0,15565.15879766,17117.67424851,43663317475.0,161339499.0,7493772587.0,41706719143.0,97367657.0,519056194.0
2017-10-19,2017,10,820729295439.0,96271117458.0,917000412897.0,735786584327.0,58980427627.0,794767011954.0,1556515879766.0,155251545085.0,1711767424851.0,15565.15879766,17117.67424851,43663317475.0,161339499.0,7493772587.0,41706719143.0,97367657.0,519056194.0
2017-10-20,2017,10,820729295439.0,96271117458.0,917000412897.0,735786584327.0,58980427627.0,794767011954.0,1556515879766.0,155251545085.0,1711767424851.0,15565.15879766,17117.67424851,43663317475.0,161339499.0,7493772587.0,41706719143.0,97367657.0,519056194.0
2017-10-23,2017,10,820729295439.0,96271117458.0,917000412897.0,735786584327.0,58980427627.0,794767011954.0,1556515879766.0,155251545085.0,1711767424851.0,15565.15879766,17117.67424851,43663317475.0,161339499.0,7493772587.0,41706719143.0,97367657.0,519056194.0
2017-10-24,2017,10,820729295439.0,96271117458.0,917000412897.0,735786584327.0,58980427627.0,794767011954.0,1556515879766.0,155251545085.0,1711767424851.0,15565.15879766,17117.67424851,43663317475.0,161339499.0,7493772587.0,41706719143.0,97367657.0,519056194.0
2017-10-25,2017,10,820729295439.0,96271117458.0,917000412897.0,735786584327.0,58980427627.0,794767011954.0,1556515879766.0,155251545085.0,1711767424851.0,15565.15879766,17117.67424851,43663317475.0,161339499.0,7493772587.0,41706719143.0,97367657.0,519056194.0
2017-10-26,2017,10,820729295439.0,96271117458.0,917000412897.0,735786584327.0,58980427627.0,794767011954.0,1556515879766.0,155251545085.0,1711767424851.0,15565.15879766,17117.67424851,43663317475.0,161339499.0,7493772587.0,41706719143.0,97367657.0,519056194.0
2017-10-27,2017,10,820729295439.0,96271117458.0,917000412897.0,735786584327.0,58980427627.0,794767011954.0,1556515879766.0,155251545085.0,1711767424851.0,15565.15879766,17117.67424851,43663317475.0,161339499.0,7493772587.0,41706719143.0,97367657.0,519056194.0
2017-10-30,2017,10,820729295439.0,96271117458.0,917000412897.0,735786584327.0,58980427627.0,794767011954.0,1556515879766.0,155251545085.0,1711767424851.0,15565.15879766,17117.67424851,43663317475.0,161339499.0,7493772587.0,41706719143.0,97367657.0,519056194.0
2017-10-31,2017,10,890417780550.0,102556909435.0,992974689985.0,802879979384.0,62782865321.0,865662844705.0,1693297759934.0,165339774756.0,1858637534690.0,16932.97759934,18586.3753469,59821872994.0,371511949.0,8342383142.0,56782892937.0,97367657.0,519056194.0
2017-11-01,2017,11,890417780550.0,102556909435.0,992974689985.0,802879979384.0,62782865321.0,865662844705.0,1693297759934.0,165339774756.0,1858637534690.0,16932.97759934,18586.3753469,59821872994.0,371511949.0,8342383142.0,56782892937.0,97367657.0,519056194.0
2017-11-02,2017,11,890417780550.0,102556909435.0,992974689985.0,802879979384.0,62782865321.0,865662844705.0,1693297759934.0,165339774756.0,1858637534690.0,16932.97759934,18586.3753469,59821872994.0,371511949.0,8342383142.0,56782892937.0,97367657.0,519056194.0
2017-11-03,2017,11,890417780550.0,102556909435.0,992974689985.0,802879979384.0,62782865321.0,865662844705.0,1693297759934.0,165339774756.0,1858637534690.0,16932.97759934,18586.3753469,59821872994.0,371511949.0,8342383142.0,56782892937.0,97367657.0,519056194.0
2017-11-06,2017,11,890417780550.0,102556909435.0,992974689985.0,802879979384.0,62782865321.0,865662844705.0,1693297759934.0,165339774756.0,1858637534690.0,16932.97759934,18586.3753469,59821872994.0,371511949.0,8342383142.0,56782892937.0,97367657.0,519056194.0
2017-11-07,2017,11,890417780550.0,102556909435.0,992974689985.0,802879979384.0,62782865321.0,865662844705.0,1693297759934.0,165339774756.0,1858637534690.0,16932.97759934,18586.3753469,59821872994.0,371511949.0,8342383142.0,56782892937.0,97367657.0,519056194.0
2017-11-08,2017,11,890417780550.0,102556909435.0,992974689985.0,802879979384.0,62782865321.0,865662844705.0,1693297759934.0,165339774756.0,1858637534690.0,16932.97759934,18586.3753469,59821872994.0,371511949.0,8342383142.0,56782892937.0,97367657.0,519056194.0
2017-11-09,2017,11,890417780550.0,102556909435.0,992974689985.0,802879979384.0,62782865321.0,865662844705.0,1693297759934.0,165339774756.0,1858637534690.0,16932.97759934,18586.3753469,59821872994.0,371511949.0,8342383142.0,56782892937.0,97367657.0,519056194.0
2017-11-10,2017,11,890417780550.0,102556909435.0,992974689985.0,802879979384.0,62782865321.0,865662844705.0,1693297759934.0,165339774756.0,1858637534690.0,16932.97759934,18586.3753469,59821872994.0,371511949.0,8342383142.0,56782892937.0,97367657.0,519056194.0
2017-11-13,2017,11,890417780550.0,102556909435.0,992974689985.0,802879979384.0,62782865321.0,865662844705.0,1693297759934.0,165339774756.0,1858637534690.0,16932.97759934,18586.3753469,59821872994.0,371511949.0,8342383142.0,56782892937.0,97367657.0,519056194.0
2017-11-14,2017,11,890417780550.0,102556909435.0,992974689985.0,802879979384.0,62782865321.0,865662844705.0,1693297759934.0,165339774756.0,1858637534690.0,16932.97759934,18586.3753469,59821872994.0,371511949.0,8342383142.0,56782892937.0,97367657.0,519056194.0
2017-11-15,2017,11,890417780550.0,102556909435.0,992974689985.0,802879979384.0,62782865321.0,865662844705.0,1693297759934.0,165339774756.0,1858637534690.0,16932.97759934,18586.3753469,59821872994.0,371511949.0,8342383142.0,56782892937.0,97367657.0,519056194.0
2017-11-16,2017,11,890417780550.0,102556909435.0,992974689985.0,802879979384.0,62782865321.0,865662844705.0,1693297759934.0,165339774756.0,1858637534690.0,16932.97759934,18586.3753469,59821872994.0,371511949.0,8342383142.0,56782892937.0,97367657.0,519056194.0
2017-11-17,2017,11,890417780550.0,102556909435.0,992974689985.0,802879979384.0,62782865321.0,865662844705.0,1693297759934.0,165339774756.0,1858637534690.0,16932.97759934,18586.3753469,59821872994.0,371511949.0,8342383142.0,56782892937.0,97367657.0,519056194.0
2017-11-20,2017,11,890417780550.0,102556909435.0,992974689985.0,802879979384.0,62782865321.0,865662844705.0,1693297759934.0,165339774756.0,1858637534690.0,16932.97759934,18586.3753469,59821872994.0,371511949.0,8342383142.0,56782892937.0,97367657.0,519056194.0
2017-11-21,2017,11,890417780550.0,102556909435.0,992974689985.0,802879979384.0,62782865321.0,865662844705.0,1693297759934.0,165339774756.0,1858637534690.0,16932.97759934,18586.3753469,59821872994.0,371511949.0,8342383142.0,56782892937.0,97367657.0,519056194.0
2017-11-22,2017,11,890417780550.0,102556909435.0,992974689985.0,802879979384.0,62782865321.0,865662844705.0,1693297759934.0,165339774756.0,1858637534690.0,16932.97759934,18586.3753469,59821872994.0,371511949.0,8342383142.0,56782892937.0,97367657.0,519056194.0
2017-11-23,2017,11,890417780550.0,102556909435.0,992974689985.0,802879979384.0,62782865321.0,865662844705.0,1693297759934.0,165339774756.0,1858637534690.0,16932.97759934,18586.3753469,59821872994.0,371511949.0,8342383142.0,56782892937.0,97367657.0,519056194.0
2017-11-24,2017,11,890417780550.0,102556909435.0,992974689985.0,802879979384.0,62782865321.0,865662844705.0,1693297759934.0,165339774756.0,1858637534690.0,16932.97759934,18586.3753469,59821872994.0,371511949.0,8342383142.0,56782892937.0,97367657.0,519056194.0
2017-11-27,2017,11,890417780550.0,102556909435.0,992974689985.0,802879979384.0,62782865321.0,865662844705.0,1693297759934.0,165339774756.0,1858637534690.0,16932.97759934,18586.3753469,59821872994.0,371511949.0,8342383142.0,56782892937.0,97367657.0,519056194.0
2017-11-28,2017,11,890417780550.0,102556909435.0,992974689985.0,802879979384.0,62782865321.0,865662844705.0,1693297759934.0,165339774756.0,1858637534690.0,16932.97759934,18586.3753469,59821872994.0,371511949.0,8342383142.0,56782892937.0,97367657.0,519056194.0
2017-11-29,2017,11,890417780550.0,102556909435.0,992974689985.0,802879979384.0,62782865321.0,865662844705.0,1693297759934.0,165339774756.0,1858637534690.0,16932.97759934,18586.3753469,59821872994.0,371511949.0,8342383142.0,56782892937.0,97367657.0,519056194.0
2017-11-30,2017,11,898870170634.0,99443662266.0,998313832900.0,793858223005.0,60064777305.0,853923000310.0,1692728393639.0,159508439571.0,1852236833210.0,16927.28393639,18522.3683321,34878678284.0,213077783.0,8660660856.0,32282096890.0,97367657.0,519056194.0
2017-12-01,2017,12,898870170634.0,99443662266.0,998313832900.0,793858223005.0,60064777305.0,853923000310.0,1692728393639.0,159508439571.0,1852236833210.0,16927.28393639,18522.3683321,34878678284.0,213077783.0,8660660856.0,32282096890.0,97367657.0,519056194.0
2017-12-04,2017,12,898870170634.0,99443662266.0,998313832900.0,793858223005.0,60064777305.0,853923000310.0,1692728393639.0,159508439571.0,1852236833210.0,16927.28393639,18522.3683321,34878678284.0,213077783.0,8660660856.0,32282096890.0,97367657.0,519056194.0
2017-12-05,2017,12,898870170634.0,99443662266.0,998313832900.0,793858223005.0,60064777305.0,853923000310.0,1692728393639.0,159508439571.0,1852236833210.0,16927.28393639,18522.3683321,34878678284.0,213077783.0,8660660856.0,32282096890.0,97367657.0,519056194.0
2017-12-06,2017,12,898870170634.0,99443662266.0,998313832900.0,793858223005.0,60064777305.0,853923000310.0,1692728393639.0,159508439571.0,1852236833210.0,16927.28393639,18522.3683321,34878678284.0,213077783.0,8660660856.0,32282096890.0,97367657.0,519056194.0
2017-12-07,2017,12,898870170634.0,99443662266.0,998313832900.0,793858223005.0,60064777305.0,853923000310.0,1692728393639.0,159508439571.0,1852236833210.0,16927.28393639,18522.3683321,34878678284.0,213077783.0,8660660856.0,32282096890.0,97367657.0,519056194.0
2017-12-08,2017,12,898870170634.0,99443662266.0,998313832900.0,793858223005.0,60064777305.0,853923000310.0,1692728393639.0,159508439571.0,1852236833210.0,16927.28393639,18522.3683321,34878678284.0,213077783.0,8660660856.0,32282096890.0,97367657.0,519056194.0
2017-12-11,2017,12,898870170634.0,99443662266.0,998313832900.0,793858223005.0,60064777305.0,853923000310.0,1692728393639.0,159508439571.0,1852236833210.0,16927.28393639,18522.3683321,34878678284.0,213077783.0,8660660856.0,32282096890.0,97367657.0,519056194.0
2017-12-12,2017,12,898870170634.0,99443662266.0,998313832900.0,793858223005.0,60064777305.0,853923000310.0,1692728393639.0,159508439571.0,1852236833210.0,16927.28393639,18522.3683321,34878678284.0,213077783.0,8660660856.0,32282096890.0,97367657.0,519056194.0
2017-12-13,2017,12,898870170634.0,99443662266.0,998313832900.0,793858223005.0,60064777305.0,853923000310.0,1692728393639.0,159508439571.0,1852236833210.0,16927.28393639,18522.3683321,34878678284.0,213077783.0,8660660856.0,32282096890.0,97367657.0,519056194.0
2017-12-14,2017,12,898870170634.0,99443662266.0,998313832900.0,793858223005.0,60064777305.0,853923000310.0,1692728393639.0,159508439571.0,1852236833210.0,16927.28393639,18522.3683321,34878678284.0,213077783.0,8660660856.0,32282096890.0,97367657.0,519056194.0
2017-12-15,2017,12,898870170634.0,99443662266.0,998313832900.0,793858223005.0,60064777305.0,853923000310.0,1692728393639.0,159508439571.0,1852236833210.0,16927.28393639,18522.3683321,34878678284.0,213077783.0,8660660856.0,32282096890.0,97367657.0,519056194.0
2017-12-18,2017,12,898870170634.0,99443662266.0,998313832900.0,793858223005.0,60064777305.0,853923000310.0,1692728393639.0,159508439571.0,1852236833210.0,16927.28393639,18522.3683321,34878678284.0,213077783.0,8660660856.0,32282096890.0,97367657.0,519056194.0
2017-12-19,2017,12,898870170634.0,99443662266.0,998313832900.0,793858223005.0,60064777305.0,853923000310.0,1692728393639.0,159508439571.0,1852236833210.0,16927.28393639,18522.3683321,34878678284.0,213077783.0,8660660856.0,32282096890.0,97367657.0,519056194.0
2017-12-20,2017,12,898870170634.0,99443662266.0,998313832900.0,793858223005.0,60064777305.0,853923000310.0,1692728393639.0,159508439571.0,1852236833210.0,16927.28393639,18522.3683321,34878678284.0,213077783.0,8660660856.0,32282096890.0,97367657.0,519056194.0
2017-12-21,2017,12,898870170634.0,99443662266.0,998313832900.0,793858223005.0,60064777305.0,853923000310.0,1692728393639.0,159508439571.0,1852236833210.0,16927.28393639,18522.3683321,34878678284.0,213077783.0,8660660856.0,32282096890.0,97367657.0,519056194.0
2017-12-22,2017,12,898870170634.0,99443662266.0,998313832900.0,793858223005.0,60064777305.0,853923000310.0,1692728393639.0,159508439571.0,1852236833210.0,16927.28393639,18522.3683321,34878678284.0,213077783.0,8660660856.0,32282096890.0,97367657.0,519056194.0
2017-12-25,2017,12,898870170634.0,99443662266.0,998313832900.0,793858223005.0,60064777305.0,853923000310.0,1692728393639.0,159508439571.0,1852236833210.0,16927.28393639,18522.3683321,34878678284.0,213077783.0,8660660856.0,32282096890.0,97367657.0,519056194.0
2017-12-26,2017,12,898870170634.0,99443662266.0,998313832900.0,793858223005.0,60064777305.0,853923000310.0,1692728393639.0,159508439571.0,1852236833210.0,16927.28393639,18522.3683321,34878678284.0,213077783.0,8660660856.0,32282096890.0,97367657.0,519056194.0
2017-12-27,2017,12,898870170634.0,99443662266.0,998313832900.0,793858223005.0,60064777305.0,853923000310.0,1692728393639.0,159508439571.0,1852236833210.0,16927.28393639,18522.3683321,34878678284.0,213077783.0,8660660856.0,32282096890.0,97367657.0,519056194.0
2017-12-28,2017,12,898870170634.0,99443662266.0,998313832900.0,793858223005.0,60064777305.0,853923000310.0,1692728393639.0,159508439571.0,1852236833210.0,16927.28393639,18522.3683321,34878678284.0,213077783.0,8660660856.0,32282096890.0,97367657.0,519056194.0
2017-12-29,2017,12,898870170634.0,99443662266.0,998313832900.0,793858223005.0,60064777305.0,853923000310.0,1692728393639.0,159508439571.0,1852236833210.0,16927.28393639,18522.3683321,34878678284.0,213077783.0,8660660856.0,32282096890.0,97367657.0,519056194.0
2018-01-02,2018,1,898870170634.0,99443662266.0,998313832900.0,793858223005.0,60064777305.0,853923000310.0,1692728393639.0,159508439571.0,1852236833210.0,16927.28393639,18522.3683321,34878678284.0,213077783.0,8660660856.0,32282096890.0,97367657.0,519056194.0
2018-01-03,2018,1,898870170634.0,99443662266.0,998313832900.0,793858223005.0,60064777305.0,853923000310.0,1692728393639.0,159508439571.0,1852236833210.0,16927.28393639,18522.3683321,34878678284.0,213077783.0,8660660856.0,32282096890.0,97367657.0,519056194.0
2018-01-04,2018,1,898870170634.0,99443662266.0,998313832900.0,793858223005.0,60064777305.0,853923000310.0,1692728393639.0,159508439571.0,1852236833210.0,16927.28393639,18522.3683321,34878678284.0,213077783.0,8660660856.0,32282096890.0,97367657.0,519056194.0
2018-01-05,2018,1,898870170634.0,99443662266.0,998313832900.0,793858223005.0,60064777305.0,853923000310.0,1692728393639.0,159508439571.0,1852236833210.0,16927.28393639,18522.3683321,34878678284.0,213077783.0,8660660856.0,32282096890.0,97367657.0,519056194.0
2018-01-08,2018,1,898870170634.0,99443662266.0,998313832900.0,793858223005.0,60064777305.0,853923000310.0,1692728393639.0,159508439571.0,1852236833210.0,16927.28393639,18522.3683321,34878678284.0,213077783.0,8660660856.0,32282096890.0,97367657.0,519056194.0
2018-01-09,2018,1,898870170634.0,99443662266.0,998313832900.0,793858223005.0,60064777305.0,853923000310.0,1692728393639.0,159508439571.0,1852236833210.0,16927.28393639,18522.3683321,34878678284.0,213077783.0,8660660856.0,32282096890.0,97367657.0,519056194.0
2018-01-10,2018,1,898870170634.0,99443662266.0,998313832900.0,793858223005.0,60064777305.0,853923000310.0,1692728393639.0,159508439571.0,1852236833210.0,16927.28393639,18522.3683321,34878678284.0,213077783.0,8660660856.0,32282096890.0,97367657.0,519056194.0
2018-01-11,2018,1,898870170634.0,99443662266.0,998313832900.0,793858223005.0,60064777305.0,853923000310.0,1692728393639.0,159508439571.0,1852236833210.0,16927.28393639,18522.3683321,34878678284.0,213077783.0,8660660856.0,32282096890.0,97367657.0,519056194.0
2018-01-12,2018,1,898870170634.0,99443662266.0,998313832900.0,793858223005.0,60064777305.0,853923000310.0,1692728393639.0,159508439571.0,1852236833210.0,16927.28393639,18522.3683321,34878678284.0,213077783.0,8660660856.0,32282096890.0,97367657.0,519056194.0
2018-01-15,2018,1,898870170634.0,99443662266.0,998313832900.0,793858223005.0,60064777305.0,853923000310.0,1692728393639.0,159508439571.0,1852236833210.0,16927.28393639,18522.3683321,34878678284.0,213077783.0,8660660856.0,32282096890.0,97367657.0,519056194.0
2018-01-16,2018,1,898870170634.0,99443662266.0,998313832900.0,793858223005.0,60064777305.0,853923000310.0,1692728393639.0,159508439571.0,1852236833210.0,16927.28393639,18522.3683321,34878678284.0,213077783.0,8660660856.0,32282096890.0,97367657.0,519056194.0
2018-01-17,2018,1,898870170634.0,99443662266.0,998313832900.0,793858223005.0,60064777305.0,853923000310.0,1692728393639.0,159508439571.0,1852236833210.0,16927.28393639,18522.3683321,34878678284.0,213077783.0,8660660856.0,32282096890.0,97367657.0,519056194.0
2018-01-18,2018,1,898870170634.0,99443662266.0,998313832900.0,793858223005.0,60064777305.0,853923000310.0,1692728393639.0,159508439571.0,1852236833210.0,16927.28393639,18522.3683321,34878678284.0,213077783.0,8660660856.0,32282096890.0,97367657.0,519056194.0
2018-01-19,2018,1,898870170634.0,99443662266.0,998313832900.0,793858223005.0,60064777305.0,853923000310.0,1692728393639.0,159508439571.0,1852236833210.0,16927.28393639,18522.3683321,34878678284.0,213077783.0,8660660856.0,32282096890.0,97367657.0,519056194.0
2018-01-22,2018,1,898870170634.0,99443662266.0,998313832900.0,793858223005.0,60064777305.0,853923000310.0,1692728393639.0,159508439571.0,1852236833210.0,16927.28393639,18522.3683321,34878678284.0,213077783.0,8660660856.0,32282096890.0,97367657.0,519056194.0
2018-01-23,2018,1,898870170634.0,99443662266.0,998313832900.0,793858223005.0,60064777305.0,853923000310.0,1692728393639.0,159508439571.0,1852236833210.0,16927.28393639,18522.3683321,34878678284.0,213077783.0,8660660856.0,32282096890.0,97367657.0,519056194.0
2018-01-24,2018,1,898870170634.0,99443662266.0,998313832900.0,793858223005.0,60064777305.0,853923000310.0,1692728393639.0,159508439571.0,1852236833210.0,16927.28393639,18522.3683321,34878678284.0,213077783.0,8660660856.0,32282096890.0,97367657.0,519056194.0
2018-01-25,2018,1,898870170634.0,99443662266.0,998313832900.0,793858223005.0,60064777305.0,853923000310.0,1692728393639.0,159508439571.0,1852236833210.0,16927.28393639,18522.3683321,34878678284.0,213077783.0,8660660856.0,32282096890.0,97367657.0,519056194.0
2018-01-26,2018,1,898870170634.0,99443662266.0,998313832900.0,793858223005.0,60064777305.0,853923000310.0,1692728393639.0,159508439571.0,1852236833210.0,16927.28393639,18522.3683321,34878678284.0,213077783.0,8660660856.0,32282096890.0,97367657.0,519056194.0
2018-01-29,2018,1,898870170634.0,99443662266.0,998313832900.0,793858223005.0,60064777305.0,853923000310.0,1692728393639.0,159508439571.0,1852236833210.0,16927.28393639,18522.3683321,34878678284.0,213077783.0,8660660856.0,32282096890.0,97367657.0,519056194.0
2018-01-30,2018,1,898870170634.0,99443662266.0,998313832900.0,793858223005.0,60064777305.0,853923000310.0,1692728393639.0,159508439571.0,1852236833210.0,16927.28393639,18522.3683321,34878678284.0,213077783.0,8660660856.0,32282096890.0,97367657.0,519056194.0
2018-01-31,2018,1,896873723408.0,71151294063.0,968025017471.0,807663576548.0,40519373410.0,848182949958.0,1704537299956.0,111670667473.0,1816207967429.0,17045.37299956,18162.07967429,33991345816.0,236847633.0,7351682503.0,36386221282.0,97367657.0,519056194.0
2018-02-01,2018,2,896873723408.0,71151294063.0,968025017471.0,807663576548.0,40519373410.0,848182949958.0,1704537299956.0,111670667473.0,1816207967429.0,17045.37299956,18162.07967429,33991345816.0,236847633.0,7351682503.0,36386221282.0,97367657.0,519056194.0
2018-02-02,2018,2,896873723408.0,71151294063.0,968025017471.0,807663576548.0,40519373410.0,848182949958.0,1704537299956.0,111670667473.0,1816207967429.0,17045.37299956,18162.07967429,33991345816.0,236847633.0,7351682503.0,36386221282.0,97367657.0,519056194.0
2018-02-05,2018,2,896873723408.0,71151294063.0,968025017471.0,807663576548.0,40519373410.0,848182949958.0,1704537299956.0,111670667473.0,1816207967429.0,17045.37299956,18162.07967429,33991345816.0,236847633.0,7351682503.0,36386221282.0,97367657.0,519056194.0
2018-02-06,2018,2,896873723408.0,71151294063.0,968025017471.0,807663576548.0,40519373410.0,848182949958.0,1704537299956.0,111670667473.0,1816207967429.0,17045.37299956,18162.07967429,33991345816.0,236847633.0,7351682503.0,36386221282.0,97367657.0,519056194.0
2018-02-07,2018,2,896873723408.0,71151294063.0,968025017471.0,807663576548.0,40519373410.0,848182949958.0,1704537299956.0,111670667473.0,1816207967429.0,17045.37299956,18162.07967429,33991345816.0,236847633.0,7351682503.0,36386221282.0,97367657.0,519056194.0
2018-02-08,2018,2,896873723408.0,71151294063.0,968025017471.0,807663576548.0,40519373410.0,848182949958.0,1704537299956.0,111670667473.0,1816207967429.0,17045.37299956,18162.07967429,33991345816.0,236847633.0,7351682503.0,36386221282.0,97367657.0,519056194.0
2018-02-09,2018,2,896873723408.0,71151294063.0,968025017471.0,807663576548.0,40519373410.0,848182949958.0,1704537299956.0,111670667473.0,1816207967429.0,17045.37299956,18162.07967429,33991345816.0,236847633.0,7351682503.0,36386221282.0,97367657.0,519056194.0
2018-02-12,2018,2,896873723408.0,71151294063.0,968025017471.0,807663576548.0,40519373410.0,848182949958.0,1704537299956.0,111670667473.0,1816207967429.0,17045.37299956,18162.07967429,33991345816.0,236847633.0,7351682503.0,36386221282.0,97367657.0,519056194.0
2018-02-13,2018,2,896873723408.0,71151294063.0,968025017471.0,807663576548.0,40519373410.0,848182949958.0,1704537299956.0,111670667473.0,1816207967429.0,17045.37299956,18162.07967429,33991345816.0,236847633.0,7351682503.0,36386221282.0,97367657.0,519056194.0
2018-02-14,2018,2,896873723408.0,71151294063.0,968025017471.0,807663576548.0,40519373410.0,848182949958.0,1704537299956.0,111670667473.0,1816207967429.0,17045.37299956,18162.07967429,33991345816.0,236847633.0,7351682503.0,36386221282.0,97367657.0,519056194.0
2018-02-22,2018,2,896873723408.0,71151294063.0,968025017471.0,807663576548.0,40519373410.0,848182949958.0,1704537299956.0,111670667473.0,1816207967429.0,17045.37299956,18162.07967429,33991345816.0,236847633.0,7351682503.0,36386221282.0,97367657.0,519056194.0
2018-02-23,2018,2,896873723408.0,71151294063.0,968025017471.0,807663576548.0,40519373410.0,848182949958.0,1704537299956.0,111670667473.0,1816207967429.0,17045.37299956,18162.07967429,33991345816.0,236847633.0,7351682503.0,36386221282.0,97367657.0,519056194.0
2018-02-26,2018,2,896873723408.0,71151294063.0,968025017471.0,807663576548.0,40519373410.0,848182949958.0,1704537299956.0,111670667473.0,1816207967429.0,17045.37299956,18162.07967429,33991345816.0,236847633.0,7351682503.0,36386221282.0,97367657.0,519056194.0
2018-02-27,2018,2,896873723408.0,71151294063.0,968025017471.0,807663576548.0,40519373410.0,848182949958.0,1704537299956.0,111670667473.0,1816207967429.0,17045.37299956,18162.07967429,33991345816.0,236847633.0,7351682503.0,36386221282.0,97367657.0,519056194.0
2018-02-28,2018,2,859170791373.0,61590156396.0,920760947769.0,772312254562.0,34048118156.0,806360372718.0,1631483045935.0,95638274552.0,1727121320487.0,16314.83045935,17271.21320487,48897327108.0,387100408.0,6736030040.0,47019003428.0,97367657.0,519056194.0
2018-03-01,2018,3,859170791373.0,61590156396.0,920760947769.0,772312254562.0,34048118156.0,806360372718.0,1631483045935.0,95638274552.0,1727121320487.0,16314.83045935,17271.21320487,48897327108.0,387100408.0,6736030040.0,47019003428.0,97367657.0,519056194.0
2018-03-02,2018,3,859170791373.0,61590156396.0,920760947769.0,772312254562.0,34048118156.0,806360372718.0,1631483045935.0,95638274552.0,1727121320487.0,16314.83045935,17271.21320487,48897327108.0,387100408.0,6736030040.0,47019003428.0,97367657.0,519056194.0
2018-03-05,2018,3,859170791373.0,61590156396.0,920760947769.0,772312254562.0,34048118156.0,806360372718.0,1631483045935.0,95638274552.0,1727121320487.0,16314.83045935,17271.21320487,48897327108.0,387100408.0,6736030040.0,47019003428.0,97367657.0,519056194.0
2018-03-06,2018,3,859170791373.0,61590156396.0,920760947769.0,772312254562.0,34048118156.0,806360372718.0,1631483045935.0,95638274552.0,1727121320487.0,16314.83045935,17271.21320487,48897327108.0,387100408.0,6736030040.0,47019003428.0,97367657.0,519056194.0
2018-03-07,2018,3,859170791373.0,61590156396.0,920760947769.0,772312254562.0,34048118156.0,806360372718.0,1631483045935.0,95638274552.0,1727121320487.0,16314.83045935,17271.21320487,48897327108.0,387100408.0,6736030040.0,47019003428.0,97367657.0,519056194.0
2018-03-08,2018,3,859170791373.0,61590156396.0,920760947769.0,772312254562.0,34048118156.0,806360372718.0,1631483045935.0,95638274552.0,1727121320487.0,16314.83045935,17271.21320487,48897327108.0,387100408.0,6736030040.0,47019003428.0,97367657.0,519056194.0
2018-03-09,2018,3,859170791373.0,61590156396.0,920760947769.0,772312254562.0,34048118156.0,806360372718.0,1631483045935.0,95638274552.0,1727121320487.0,16314.83045935,17271.21320487,48897327108.0,387100408.0,6736030040.0,47019003428.0,97367657.0,519056194.0
2018-03-12,2018,3,859170791373.0,61590156396.0,920760947769.0,772312254562.0,34048118156.0,806360372718.0,1631483045935.0,95638274552.0,1727121320487.0,16314.83045935,17271.21320487,48897327108.0,387100408.0,6736030040.0,47019003428.0,97367657.0,519056194.0
2018-03-13,2018,3,859170791373.0,61590156396.0,920760947769.0,772312254562.0,34048118156.0,806360372718.0,1631483045935.0,95638274552.0,1727121320487.0,16314.83045935,17271.21320487,48897327108.0,387100408.0,6736030040.0,47019003428.0,97367657.0,519056194.0
2018-03-14,2018,3,859170791373.0,61590156396.0,920760947769.0,772312254562.0,34048118156.0,806360372718.0,1631483045935.0,95638274552.0,1727121320487.0,16314.83045935,17271.21320487,48897327108.0,387100408.0,6736030040.0,47019003428.0,97367657.0,519056194.0
2018-03-15,2018,3,859170791373.0,61590156396.0,920760947769.0,772312254562.0,34048118156.0,806360372718.0,1631483045935.0,95638274552.0,1727121320487.0,16314.83045935,17271.21320487,48897327108.0,387100408.0,6736030040.0,47019003428.0,97367657.0,519056194.0
2018-03-16,2018,3,859170791373.0,61590156396.0,920760947769.0,772312254562.0,34048118156.0,806360372718.0,1631483045935.0,95638274552.0,1727121320487.0,16314.83045935,17271.21320487,48897327108.0,387100408.0,6736030040.0,47019003428.0,97367657.0,519056194.0
2018-03-19,2018,3,859170791373.0,61590156396.0,920760947769.0,772312254562.0,34048118156.0,806360372718.0,1631483045935.0,95638274552.0,1727121320487.0,16314.83045935,17271.21320487,48897327108.0,387100408.0,6736030040.0,47019003428.0,97367657.0,519056194.0
2018-03-20,2018,3,859170791373.0,61590156396.0,920760947769.0,772312254562.0,34048118156.0,806360372718.0,1631483045935.0,95638274552.0,1727121320487.0,16314.83045935,17271.21320487,48897327108.0,387100408.0,6736030040.0,47019003428.0,97367657.0,519056194.0
2018-03-21,2018,3,859170791373.0,61590156396.0,920760947769.0,772312254562.0,34048118156.0,806360372718.0,1631483045935.0,95638274552.0,1727121320487.0,16314.83045935,17271.21320487,48897327108.0,387100408.0,6736030040.0,47019003428.0,97367657.0,519056194.0
2018-03-22,2018,3,859170791373.0,61590156396.0,920760947769.0,772312254562.0,34048118156.0,806360372718.0,1631483045935.0,95638274552.0,1727121320487.0,16314.83045935,17271.21320487,48897327108.0,387100408.0,6736030040.0,47019003428.0,97367657.0,519056194.0
2018-03-23,2018,3,859170791373.0,61590156396.0,920760947769.0,772312254562.0,34048118156.0,806360372718.0,1631483045935.0,95638274552.0,1727121320487.0,16314.83045935,17271.21320487,48897327108.0,387100408.0,6736030040.0,47019003428.0,97367657.0,519056194.0
2018-03-26,2018,3,859170791373.0,61590156396.0,920760947769.0,772312254562.0,34048118156.0,806360372718.0,1631483045935.0,95638274552.0,1727121320487.0,16314.83045935,17271.21320487,48897327108.0,387100408.0,6736030040.0,47019003428.0,97367657.0,519056194.0
2018-03-27,2018,3,859170791373.0,61590156396.0,920760947769.0,772312254562.0,34048118156.0,806360372718.0,1631483045935.0,95638274552.0,1727121320487.0,16314.83045935,17271.21320487,48897327108.0,387100408.0,6736030040.0,47019003428.0,97367657.0,519056194.0
2018-03-28,2018,3,859170791373.0,61590156396.0,920760947769.0,772312254562.0,34048118156.0,806360372718.0,1631483045935.0,95638274552.0,1727121320487.0,16314.83045935,17271.21320487,48897327108.0,387100408.0,6736030040.0,47019003428.0,97367657.0,519056194.0
2018-03-29,2018,3,859170791373.0,61590156396.0,920760947769.0,772312254562.0,34048118156.0,806360372718.0,1631483045935.0,95638274552.0,1727121320487.0,16314.83045935,17271.21320487,48897327108.0,387100408.0,6736030040.0,47019003428.0,97367657.0,519056194.0
2018-03-30,2018,3,859170791373.0,61590156396.0,920760947769.0,772312254562.0,34048118156.0,806360372718.0,1631483045935.0,95638274552.0,1727121320487.0,16314.83045935,17271.21320487,48897327108.0,387100408.0,6736030040.0,47019003428.0,97367657.0,519056194.0
2018-04-02,2018,4,859170791373.0,61590156396.0,920760947769.0,772312254562.0,34048118156.0,806360372718.0,1631483045935.0,95638274552.0,1727121320487.0,16314.83045935,17271.21320487,48897327108.0,387100408.0,6736030040.0,47019003428.0,97367657.0,519056194.0
2018-04-03,2018,4,859170791373.0,61590156396.0,920760947769.0,772312254562.0,34048118156.0,806360372718.0,1631483045935.0,95638274552.0,1727121320487.0,16314.83045935,17271.21320487,48897327108.0,387100408.0,6736030040.0,47019003428.0,97367657.0,519056194.0
2018-04-04,2018,4,859170791373.0,61590156396.0,920760947769.0,772312254562.0,34048118156.0,806360372718.0,1631483045935.0,95638274552.0,1727121320487.0,16314.83045935,17271.21320487,48897327108.0,387100408.0,6736030040.0,47019003428.0,97367657.0,519056194.0
2018-04-09,2018,4,859170791373.0,61590156396.0,920760947769.0,772312254562.0,34048118156.0,806360372718.0,1631483045935.0,95638274552.0,1727121320487.0,16314.83045935,17271.21320487,48897327108.0,387100408.0,6736030040.0,47019003428.0,97367657.0,519056194.0
2018-04-10,2018,4,859170791373.0,61590156396.0,920760947769.0,772312254562.0,34048118156.0,806360372718.0,1631483045935.0,95638274552.0,1727121320487.0,16314.83045935,17271.21320487,48897327108.0,387100408.0,6736030040.0,47019003428.0,97367657.0,519056194.0
2018-04-11,2018,4,859170791373.0,61590156396.0,920760947769.0,772312254562.0,34048118156.0,806360372718.0,1631483045935.0,95638274552.0,1727121320487.0,16314.83045935,17271.21320487,48897327108.0,387100408.0,6736030040.0,47019003428.0,97367657.0,519056194.0
2018-04-12,2018,4,859170791373.0,61590156396.0,920760947769.0,772312254562.0,34048118156.0,806360372718.0,1631483045935.0,95638274552.0,1727121320487.0,16314.83045935,17271.21320487,48897327108.0,387100408.0,6736030040.0,47019003428.0,97367657.0,519056194.0
2018-04-13,2018,4,859170791373.0,61590156396.0,920760947769.0,772312254562.0,34048118156.0,806360372718.0,1631483045935.0,95638274552.0,1727121320487.0,16314.83045935,17271.21320487,48897327108.0,387100408.0,6736030040.0,47019003428.0,97367657.0,519056194.0
2018-04-16,2018,4,859170791373.0,61590156396.0,920760947769.0,772312254562.0,34048118156.0,806360372718.0,1631483045935.0,95638274552.0,1727121320487.0,16314.83045935,17271.21320487,48897327108.0,387100408.0,6736030040.0,47019003428.0,97367657.0,519056194.0
2018-04-17,2018,4,859170791373.0,61590156396.0,920760947769.0,772312254562.0,34048118156.0,806360372718.0,1631483045935.0,95638274552.0,1727121320487.0,16314.83045935,17271.21320487,48897327108.0,387100408.0,6736030040.0,47019003428.0,97367657.0,519056194.0
2018-04-18,2018,4,859170791373.0,61590156396.0,920760947769.0,772312254562.0,34048118156.0,806360372718.0,1631483045935.0,95638274552.0,1727121320487.0,16314.83045935,17271.21320487,48897327108.0,387100408.0,6736030040.0,47019003428.0,97367657.0,519056194.0
2018-04-19,2018,4,859170791373.0,61590156396.0,920760947769.0,772312254562.0,34048118156.0,806360372718.0,1631483045935.0,95638274552.0,1727121320487.0,16314.83045935,17271.21320487,48897327108.0,387100408.0,6736030040.0,47019003428.0,97367657.0,519056194.0
2018-04-20,2018,4,859170791373.0,61590156396.0,920760947769.0,772312254562.0,34048118156.0,806360372718.0,1631483045935.0,95638274552.0,1727121320487.0,16314.83045935,17271.21320487,48897327108.0,387100408.0,6736030040.0,47019003428.0,97367657.0,519056194.0
2018-04-23,2018,4,859170791373.0,61590156396.0,920760947769.0,772312254562.0,34048118156.0,806360372718.0,1631483045935.0,95638274552.0,1727121320487.0,16314.83045935,17271.21320487,48897327108.0,387100408.0,6736030040.0,47019003428.0,97367657.0,519056194.0
2018-04-24,2018,4,859170791373.0,61590156396.0,920760947769.0,772312254562.0,34048118156.0,806360372718.0,1631483045935.0,95638274552.0,1727121320487.0,16314.83045935,17271.21320487,48897327108.0,387100408.0,6736030040.0,47019003428.0,97367657.0,519056194.0
2018-04-25,2018,4,859170791373.0,61590156396.0,920760947769.0,772312254562.0,34048118156.0,806360372718.0,1631483045935.0,95638274552.0,1727121320487.0,16314.83045935,17271.21320487,48897327108.0,387100408.0,6736030040.0,47019003428.0,97367657.0,519056194.0
2018-04-26,2018,4,859170791373.0,61590156396.0,920760947769.0,772312254562.0,34048118156.0,806360372718.0,1631483045935.0,95638274552.0,1727121320487.0,16314.83045935,17271.21320487,48897327108.0,387100408.0,6736030040.0,47019003428.0,97367657.0,519056194.0
2018-04-27,2018,4,859170791373.0,61590156396.0,920760947769.0,772312254562.0,34048118156.0,806360372718.0,1631483045935.0,95638274552.0,1727121320487.0,16314.83045935,17271.21320487,48897327108.0,387100408.0,6736030040.0,47019003428.0,97367657.0,519056194.0
2018-05-02,2018,5,859170791373.0,61590156396.0,920760947769.0,772312254562.0,34048118156.0,806360372718.0,1631483045935.0,95638274552.0,1727121320487.0,16314.83045935,17271.21320487,48897327108.0,387100408.0,6736030040.0,47019003428.0,97367657.0,519056194.0
2018-05-03,2018,5,859170791373.0,61590156396.0,920760947769.0,772312254562.0,34048118156.0,806360372718.0,1631483045935.0,95638274552.0,1727121320487.0,16314.83045935,17271.21320487,48897327108.0,387100408.0,6736030040.0,47019003428.0,97367657.0,519056194.0
2018-05-04,2018,5,859170791373.0,61590156396.0,920760947769.0,772312254562.0,34048118156.0,806360372718.0,1631483045935.0,95638274552.0,1727121320487.0,16314.83045935,17271.21320487,48897327108.0,387100408.0,6736030040.0,47019003428.0,97367657.0,519056194.0
2018-05-07,2018,5,859170791373.0,61590156396.0,920760947769.0,772312254562.0,34048118156.0,806360372718.0,1631483045935.0,95638274552.0,1727121320487.0,16314.83045935,17271.21320487,48897327108.0,387100408.0,6736030040.0,47019003428.0,97367657.0,519056194.0
2018-05-08,2018,5,859170791373.0,61590156396.0,920760947769.0,772312254562.0,34048118156.0,806360372718.0,1631483045935.0,95638274552.0,1727121320487.0,16314.83045935,17271.21320487,48897327108.0,387100408.0,6736030040.0,47019003428.0,97367657.0,519056194.0
2018-05-09,2018,5,859170791373.0,61590156396.0,920760947769.0,772312254562.0,34048118156.0,806360372718.0,1631483045935.0,95638274552.0,1727121320487.0,16314.83045935,17271.21320487,48897327108.0,387100408.0,6736030040.0,47019003428.0,97367657.0,519056194.0
2018-05-10,2018,5,859170791373.0,61590156396.0,920760947769.0,772312254562.0,34048118156.0,806360372718.0,1631483045935.0,95638274552.0,1727121320487.0,16314.83045935,17271.21320487,48897327108.0,387100408.0,6736030040.0,47019003428.0,97367657.0,519056194.0
2018-05-11,2018,5,859170791373.0,61590156396.0,920760947769.0,772312254562.0,34048118156.0,806360372718.0,1631483045935.0,95638274552.0,1727121320487.0,16314.83045935,17271.21320487,48897327108.0,387100408.0,6736030040.0,47019003428.0,97367657.0,519056194.0
2018-05-14,2018,5,859170791373.0,61590156396.0,920760947769.0,772312254562.0,34048118156.0,806360372718.0,1631483045935.0,95638274552.0,1727121320487.0,16314.83045935,17271.21320487,48897327108.0,387100408.0,6736030040.0,47019003428.0,97367657.0,519056194.0
2018-05-15,2018,5,859170791373.0,61590156396.0,920760947769.0,772312254562.0,34048118156.0,806360372718.0,1631483045935.0,95638274552.0,1727121320487.0,16314.83045935,17271.21320487,48897327108.0,387100408.0,6736030040.0,47019003428.0,97367657.0,519056194.0
2018-05-16,2018,5,859170791373.0,61590156396.0,920760947769.0,772312254562.0,34048118156.0,806360372718.0,1631483045935.0,95638274552.0,1727121320487.0,16314.83045935,17271.21320487,48897327108.0,387100408.0,6736030040.0,47019003428.0,97367657.0,519056194.0
2018-05-17,2018,5,859170791373.0,61590156396.0,920760947769.0,772312254562.0,34048118156.0,806360372718.0,1631483045935.0,95638274552.0,1727121320487.0,16314.83045935,17271.21320487,48897327108.0,387100408.0,6736030040.0,47019003428.0,97367657.0,519056194.0
2018-05-18,2018,5,859170791373.0,61590156396.0,920760947769.0,772312254562.0,34048118156.0,806360372718.0,1631483045935.0,95638274552.0,1727121320487.0,16314.83045935,17271.21320487,48897327108.0,387100408.0,6736030040.0,47019003428.0,97367657.0,519056194.0
2018-05-21,2018,5,859170791373.0,61590156396.0,920760947769.0,772312254562.0,34048118156.0,806360372718.0,1631483045935.0,95638274552.0,1727121320487.0,16314.83045935,17271.21320487,48897327108.0,387100408.0,6736030040.0,47019003428.0,97367657.0,519056194.0
2018-05-22,2018,5,859170791373.0,61590156396.0,920760947769.0,772312254562.0,34048118156.0,806360372718.0,1631483045935.0,95638274552.0,1727121320487.0,16314.83045935,17271.21320487,48897327108.0,387100408.0,6736030040.0,47019003428.0,97367657.0,519056194.0
2018-05-23,2018,5,859170791373.0,61590156396.0,920760947769.0,772312254562.0,34048118156.0,806360372718.0,1631483045935.0,95638274552.0,1727121320487.0,16314.83045935,17271.21320487,48897327108.0,387100408.0,6736030040.0,47019003428.0,97367657.0,519056194.0
2018-05-24,2018,5,859170791373.0,61590156396.0,920760947769.0,772312254562.0,34048118156.0,806360372718.0,1631483045935.0,95638274552.0,1727121320487.0,16314.83045935,17271.21320487,48897327108.0,387100408.0,6736030040.0,47019003428.0,97367657.0,519056194.0
2018-05-25,2018,5,859170791373.0,61590156396.0,920760947769.0,772312254562.0,34048118156.0,806360372718.0,1631483045935.0,95638274552.0,1727121320487.0,16314.83045935,17271.21320487,48897327108.0,387100408.0,6736030040.0,47019003428.0,97367657.0,519056194.0
2018-05-28,2018,5,859170791373.0,61590156396.0,920760947769.0,772312254562.0,34048118156.0,806360372718.0,1631483045935.0,95638274552.0,1727121320487.0,16314.83045935,17271.21320487,48897327108.0,387100408.0,6736030040.0,47019003428.0,97367657.0,519056194.0
2018-05-29,2018,5,859170791373.0,61590156396.0,920760947769.0,772312254562.0,34048118156.0,806360372718.0,1631483045935.0,95638274552.0,1727121320487.0,16314.83045935,17271.21320487,48897327108.0,387100408.0,6736030040.0,47019003428.0,97367657.0,519056194.0
2018-05-30,2018,5,859170791373.0,61590156396.0,920760947769.0,772312254562.0,34048118156.0,806360372718.0,1631483045935.0,95638274552.0,1727121320487.0,16314.83045935,17271.21320487,48897327108.0,387100408.0,6736030040.0,47019003428.0,97367657.0,519056194.0
2018-05-31,2018,5,814427103321.0,60590080802.0,875017184123.0,707871835534.0,33518175182.0,741390010716.0,1522298938855.0,94108255984.0,1616407194839.0,15222.98938855,16164.07194839,33023882202.0,487248995.0,7558058678.0,33518260700.0,97367657.0,519056194.0
2018-06-01,2018,6,814427103321.0,60590080802.0,875017184123.0,707871835534.0,33518175182.0,741390010716.0,1522298938855.0,94108255984.0,1616407194839.0,15222.98938855,16164.07194839,33023882202.0,487248995.0,7558058678.0,33518260700.0,97367657.0,519056194.0
2018-06-04,2018,6,814427103321.0,60590080802.0,875017184123.0,707871835534.0,33518175182.0,741390010716.0,1522298938855.0,94108255984.0,1616407194839.0,15222.98938855,16164.07194839,33023882202.0,487248995.0,7558058678.0,33518260700.0,97367657.0,519056194.0
2018-06-05,2018,6,814427103321.0,60590080802.0,875017184123.0,707871835534.0,33518175182.0,741390010716.0,1522298938855.0,94108255984.0,1616407194839.0,15222.98938855,16164.07194839,33023882202.0,487248995.0,7558058678.0,33518260700.0,97367657.0,519056194.0
2018-06-06,2018,6,814427103321.0,60590080802.0,875017184123.0,707871835534.0,33518175182.0,741390010716.0,1522298938855.0,94108255984.0,1616407194839.0,15222.98938855,16164.07194839,33023882202.0,487248995.0,7558058678.0,33518260700.0,97367657.0,519056194.0
2018-06-07,2018,6,814427103321.0,60590080802.0,875017184123.0,707871835534.0,33518175182.0,741390010716.0,1522298938855.0,94108255984.0,1616407194839.0,15222.98938855,16164.07194839,33023882202.0,487248995.0,7558058678.0,33518260700.0,97367657.0,519056194.0
2018-06-08,2018,6,814427103321.0,60590080802.0,875017184123.0,707871835534.0,33518175182.0,741390010716.0,1522298938855.0,94108255984.0,1616407194839.0,15222.98938855,16164.07194839,33023882202.0,487248995.0,7558058678.0,33518260700.0,97367657.0,519056194.0
2018-06-11,2018,6,814427103321.0,60590080802.0,875017184123.0,707871835534.0,33518175182.0,741390010716.0,1522298938855.0,94108255984.0,1616407194839.0,15222.98938855,16164.07194839,33023882202.0,487248995.0,7558058678.0,33518260700.0,97367657.0,519056194.0
2018-06-12,2018,6,814427103321.0,60590080802.0,875017184123.0,707871835534.0,33518175182.0,741390010716.0,1522298938855.0,94108255984.0,1616407194839.0,15222.98938855,16164.07194839,33023882202.0,487248995.0,7558058678.0,33518260700.0,97367657.0,519056194.0
2018-06-13,2018,6,814427103321.0,60590080802.0,875017184123.0,707871835534.0,33518175182.0,741390010716.0,1522298938855.0,94108255984.0,1616407194839.0,15222.98938855,16164.07194839,33023882202.0,487248995.0,7558058678.0,33518260700.0,97367657.0,519056194.0
2018-06-14,2018,6,814427103321.0,60590080802.0,875017184123.0,707871835534.0,33518175182.0,741390010716.0,1522298938855.0,94108255984.0,1616407194839.0,15222.98938855,16164.07194839,33023882202.0,487248995.0,7558058678.0,33518260700.0,97367657.0,519056194.0
2018-06-15,2018,6,814427103321.0,60590080802.0,875017184123.0,707871835534.0,33518175182.0,741390010716.0,1522298938855.0,94108255984.0,1616407194839.0,15222.98938855,16164.07194839,33023882202.0,487248995.0,7558058678.0,33518260700.0,97367657.0,519056194.0
2018-06-19,2018,6,814427103321.0,60590080802.0,875017184123.0,707871835534.0,33518175182.0,741390010716.0,1522298938855.0,94108255984.0,1616407194839.0,15222.98938855,16164.07194839,33023882202.0,487248995.0,7558058678.0,33518260700.0,97367657.0,519056194.0
2018-06-20,2018,6,814427103321.0,60590080802.0,875017184123.0,707871835534.0,33518175182.0,741390010716.0,1522298938855.0,94108255984.0,1616407194839.0,15222.98938855,16164.07194839,33023882202.0,487248995.0,7558058678.0,33518260700.0,97367657.0,519056194.0
2018-06-21,2018,6,814427103321.0,60590080802.0,875017184123.0,707871835534.0,33518175182.0,741390010716.0,1522298938855.0,94108255984.0,1616407194839.0,15222.98938855,16164.07194839,33023882202.0,487248995.0,7558058678.0,33518260700.0,97367657.0,519056194.0
2018-06-22,2018,6,814427103321.0,60590080802.0,875017184123.0,707871835534.0,33518175182.0,741390010716.0,1522298938855.0,94108255984.0,1616407194839.0,15222.98938855,16164.07194839,33023882202.0,487248995.0,7558058678.0,33518260700.0,97367657.0,519056194.0
2018-06-25,2018,6,814427103321.0,60590080802.0,875017184123.0,707871835534.0,33518175182.0,741390010716.0,1522298938855.0,94108255984.0,1616407194839.0,15222.98938855,16164.07194839,33023882202.0,487248995.0,7558058678.0,33518260700.0,97367657.0,519056194.0
2018-06-26,2018,6,814427103321.0,60590080802.0,875017184123.0,707871835534.0,33518175182.0,741390010716.0,1522298938855.0,94108255984.0,1616407194839.0,15222.98938855,16164.07194839,33023882202.0,487248995.0,7558058678.0,33518260700.0,97367657.0,519056194.0
2018-06-27,2018,6,814427103321.0,60590080802.0,875017184123.0,707871835534.0,33518175182.0,741390010716.0,1522298938855.0,94108255984.0,1616407194839.0,15222.98938855,16164.07194839,33023882202.0,487248995.0,7558058678.0,33518260700.0,97367657.0,519056194.0
2018-06-28,2018,6,814427103321.0,60590080802.0,875017184123.0,707871835534.0,33518175182.0,741390010716.0,1522298938855.0,94108255984.0,1616407194839.0,15222.98938855,16164.07194839,33023882202.0,487248995.0,7558058678.0,33518260700.0,97367657.0,519056194.0
2018-06-29,2018,6,814427103321.0,60590080802.0,875017184123.0,707871835534.0,33518175182.0,741390010716.0,1522298938855.0,94108255984.0,1616407194839.0,15222.98938855,16164.07194839,33023882202.0,487248995.0,7558058678.0,33518260700.0,97367657.0,519056194.0
2018-07-02,2018,7,814427103321.0,60590080802.0,875017184123.0,707871835534.0,33518175182.0,741390010716.0,1522298938855.0,94108255984.0,1616407194839.0,15222.98938855,16164.07194839,33023882202.0,487248995.0,7558058678.0,33518260700.0,97367657.0,519056194.0
2018-07-03,2018,7,814427103321.0,60590080802.0,875017184123.0,707871835534.0,33518175182.0,741390010716.0,1522298938855.0,94108255984.0,1616407194839.0,15222.98938855,16164.07194839,33023882202.0,487248995.0,7558058678.0,33518260700.0,97367657.0,519056194.0
2018-07-04,2018,7,814427103321.0,60590080802.0,875017184123.0,707871835534.0,33518175182.0,741390010716.0,1522298938855.0,94108255984.0,1616407194839.0,15222.98938855,16164.07194839,33023882202.0,487248995.0,7558058678.0,33518260700.0,97367657.0,519056194.0
2018-07-05,2018,7,814427103321.0,60590080802.0,875017184123.0,707871835534.0,33518175182.0,741390010716.0,1522298938855.0,94108255984.0,1616407194839.0,15222.98938855,16164.07194839,33023882202.0,487248995.0,7558058678.0,33518260700.0,97367657.0,519056194.0
2018-07-06,2018,7,814427103321.0,60590080802.0,875017184123.0,707871835534.0,33518175182.0,741390010716.0,1522298938855.0,94108255984.0,1616407194839.0,15222.98938855,16164.07194839,33023882202.0,487248995.0,7558058678.0,33518260700.0,97367657.0,519056194.0
2018-07-09,2018,7,814427103321.0,60590080802.0,875017184123.0,707871835534.0,33518175182.0,741390010716.0,1522298938855.0,94108255984.0,1616407194839.0,15222.98938855,16164.07194839,33023882202.0,487248995.0,7558058678.0,33518260700.0,97367657.0,519056194.0
2018-07-10,2018,7,814427103321.0,60590080802.0,875017184123.0,707871835534.0,33518175182.0,741390010716.0,1522298938855.0,94108255984.0,1616407194839.0,15222.98938855,16164.07194839,33023882202.0,487248995.0,7558058678.0,33518260700.0,97367657.0,519056194.0
2018-07-11,2018,7,814427103321.0,60590080802.0,875017184123.0,707871835534.0,33518175182.0,741390010716.0,1522298938855.0,94108255984.0,1616407194839.0,15222.98938855,16164.07194839,33023882202.0,487248995.0,7558058678.0,33518260700.0,97367657.0,519056194.0
2018-07-12,2018,7,814427103321.0,60590080802.0,875017184123.0,707871835534.0,33518175182.0,741390010716.0,1522298938855.0,94108255984.0,1616407194839.0,15222.98938855,16164.07194839,33023882202.0,487248995.0,7558058678.0,33518260700.0,97367657.0,519056194.0
2018-07-13,2018,7,814427103321.0,60590080802.0,875017184123.0,707871835534.0,33518175182.0,741390010716.0,1522298938855.0,94108255984.0,1616407194839.0,15222.98938855,16164.07194839,33023882202.0,487248995.0,7558058678.0,33518260700.0,97367657.0,519056194.0
2018-07-16,2018,7,814427103321.0,60590080802.0,875017184123.0,707871835534.0,33518175182.0,741390010716.0,1522298938855.0,94108255984.0,1616407194839.0,15222.98938855,16164.07194839,33023882202.0,487248995.0,7558058678.0,33518260700.0,97367657.0,519056194.0
2018-07-17,2018,7,814427103321.0,60590080802.0,875017184123.0,707871835534.0,33518175182.0,741390010716.0,1522298938855.0,94108255984.0,1616407194839.0,15222.98938855,16164.07194839,33023882202.0,487248995.0,7558058678.0,33518260700.0,97367657.0,519056194.0
2018-07-18,2018,7,814427103321.0,60590080802.0,875017184123.0,707871835534.0,33518175182.0,741390010716.0,1522298938855.0,94108255984.0,1616407194839.0,15222.98938855,16164.07194839,33023882202.0,487248995.0,7558058678.0,33518260700.0,97367657.0,519056194.0
2018-07-19,2018,7,814427103321.0,60590080802.0,875017184123.0,707871835534.0,33518175182.0,741390010716.0,1522298938855.0,94108255984.0,1616407194839.0,15222.98938855,16164.07194839,33023882202.0,487248995.0,7558058678.0,33518260700.0,97367657.0,519056194.0
2018-07-20,2018,7,814427103321.0,60590080802.0,875017184123.0,707871835534.0,33518175182.0,741390010716.0,1522298938855.0,94108255984.0,1616407194839.0,15222.98938855,16164.07194839,33023882202.0,487248995.0,7558058678.0,33518260700.0,97367657.0,519056194.0
2018-07-23,2018,7,814427103321.0,60590080802.0,875017184123.0,707871835534.0,33518175182.0,741390010716.0,1522298938855.0,94108255984.0,1616407194839.0,15222.98938855,16164.07194839,33023882202.0,487248995.0,7558058678.0,33518260700.0,97367657.0,519056194.0
2018-07-24,2018,7,814427103321.0,60590080802.0,875017184123.0,707871835534.0,33518175182.0,741390010716.0,1522298938855.0,94108255984.0,1616407194839.0,15222.98938855,16164.07194839,33023882202.0,487248995.0,7558058678.0,33518260700.0,97367657.0,519056194.0
2018-07-25,2018,7,814427103321.0,60590080802.0,875017184123.0,707871835534.0,33518175182.0,741390010716.0,1522298938855.0,94108255984.0,1616407194839.0,15222.98938855,16164.07194839,33023882202.0,487248995.0,7558058678.0,33518260700.0,97367657.0,519056194.0
2018-07-26,2018,7,814427103321.0,60590080802.0,875017184123.0,707871835534.0,33518175182.0,741390010716.0,1522298938855.0,94108255984.0,1616407194839.0,15222.98938855,16164.07194839,33023882202.0,487248995.0,7558058678.0,33518260700.0,97367657.0,519056194.0
2018-07-27,2018,7,814427103321.0,60590080802.0,875017184123.0,707871835534.0,33518175182.0,741390010716.0,1522298938855.0,94108255984.0,1616407194839.0,15222.98938855,16164.07194839,33023882202.0,487248995.0,7558058678.0,33518260700.0,97367657.0,519056194.0
2018-07-30,2018,7,814427103321.0,60590080802.0,875017184123.0,707871835534.0,33518175182.0,741390010716.0,1522298938855.0,94108255984.0,1616407194839.0,15222.98938855,16164.07194839,33023882202.0,487248995.0,7558058678.0,33518260700.0,97367657.0,519056194.0
2018-07-31,2018,7,772376809092.0,63634478610.0,836011287702.0,673377883480.0,34617328914.0,707995212394.0,1445754692572.0,98251807524.0,1544006500096.0,14457.54692572,15440.06500096,23535235092.0,471532790.0,7910990923.0,20265748191.0,97367657.0,519056194.0
2018-08-01,2018,8,772376809092.0,63634478610.0,836011287702.0,673377883480.0,34617328914.0,707995212394.0,1445754692572.0,98251807524.0,1544006500096.0,14457.54692572,15440.06500096,23535235092.0,471532790.0,7910990923.0,20265748191.0,97367657.0,519056194.0
2018-08-02,2018,8,772376809092.0,63634478610.0,836011287702.0,673377883480.0,34617328914.0,707995212394.0,1445754692572.0,98251807524.0,1544006500096.0,14457.54692572,15440.06500096,23535235092.0,471532790.0,7910990923.0,20265748191.0,97367657.0,519056194.0
2018-08-03,2018,8,772376809092.0,63634478610.0,836011287702.0,673377883480.0,34617328914.0,707995212394.0,1445754692572.0,98251807524.0,1544006500096.0,14457.54692572,15440.06500096,23535235092.0,471532790.0,7910990923.0,20265748191.0,97367657.0,519056194.0
2018-08-06,2018,8,772376809092.0,63634478610.0,836011287702.0,673377883480.0,34617328914.0,707995212394.0,1445754692572.0,98251807524.0,1544006500096.0,14457.54692572,15440.06500096,23535235092.0,471532790.0,7910990923.0,20265748191.0,97367657.0,519056194.0
2018-08-07,2018,8,772376809092.0,63634478610.0,836011287702.0,673377883480.0,34617328914.0,707995212394.0,1445754692572.0,98251807524.0,1544006500096.0,14457.54692572,15440.06500096,23535235092.0,471532790.0,7910990923.0,20265748191.0,97367657.0,519056194.0
2018-08-08,2018,8,772376809092.0,63634478610.0,836011287702.0,673377883480.0,34617328914.0,707995212394.0,1445754692572.0,98251807524.0,1544006500096.0,14457.54692572,15440.06500096,23535235092.0,471532790.0,7910990923.0,20265748191.0,97367657.0,519056194.0
2018-08-09,2018,8,772376809092.0,63634478610.0,836011287702.0,673377883480.0,34617328914.0,707995212394.0,1445754692572.0,98251807524.0,1544006500096.0,14457.54692572,15440.06500096,23535235092.0,471532790.0,7910990923.0,20265748191.0,97367657.0,519056194.0
2018-08-10,2018,8,772376809092.0,63634478610.0,836011287702.0,673377883480.0,34617328914.0,707995212394.0,1445754692572.0,98251807524.0,1544006500096.0,14457.54692572,15440.06500096,23535235092.0,471532790.0,7910990923.0,20265748191.0,97367657.0,519056194.0
2018-08-13,2018,8,772376809092.0,63634478610.0,836011287702.0,673377883480.0,34617328914.0,707995212394.0,1445754692572.0,98251807524.0,1544006500096.0,14457.54692572,15440.06500096,23535235092.0,471532790.0,7910990923.0,20265748191.0,97367657.0,519056194.0
2018-08-14,2018,8,772376809092.0,63634478610.0,836011287702.0,673377883480.0,34617328914.0,707995212394.0,1445754692572.0,98251807524.0,1544006500096.0,14457.54692572,15440.06500096,23535235092.0,471532790.0,7910990923.0,20265748191.0,97367657.0,519056194.0
2018-08-15,2018,8,772376809092.0,63634478610.0,836011287702.0,673377883480.0,34617328914.0,707995212394.0,1445754692572.0,98251807524.0,1544006500096.0,14457.54692572,15440.06500096,23535235092.0,471532790.0,7910990923.0,20265748191.0,97367657.0,519056194.0
2018-08-16,2018,8,772376809092.0,63634478610.0,836011287702.0,673377883480.0,34617328914.0,707995212394.0,1445754692572.0,98251807524.0,1544006500096.0,14457.54692572,15440.06500096,23535235092.0,471532790.0,7910990923.0,20265748191.0,97367657.0,519056194.0
2018-08-17,2018,8,772376809092.0,63634478610.0,836011287702.0,673377883480.0,34617328914.0,707995212394.0,1445754692572.0,98251807524.0,1544006500096.0,14457.54692572,15440.06500096,23535235092.0,471532790.0,7910990923.0,20265748191.0,97367657.0,519056194.0
2018-08-20,2018,8,772376809092.0,63634478610.0,836011287702.0,673377883480.0,34617328914.0,707995212394.0,1445754692572.0,98251807524.0,1544006500096.0,14457.54692572,15440.06500096,23535235092.0,471532790.0,7910990923.0,20265748191.0,97367657.0,519056194.0
2018-08-21,2018,8,772376809092.0,63634478610.0,836011287702.0,673377883480.0,34617328914.0,707995212394.0,1445754692572.0,98251807524.0,1544006500096.0,14457.54692572,15440.06500096,23535235092.0,471532790.0,7910990923.0,20265748191.0,97367657.0,519056194.0
2018-08-22,2018,8,772376809092.0,63634478610.0,836011287702.0,673377883480.0,34617328914.0,707995212394.0,1445754692572.0,98251807524.0,1544006500096.0,14457.54692572,15440.06500096,23535235092.0,471532790.0,7910990923.0,20265748191.0,97367657.0,519056194.0
2018-08-23,2018,8,772376809092.0,63634478610.0,836011287702.0,673377883480.0,34617328914.0,707995212394.0,1445754692572.0,98251807524.0,1544006500096.0,14457.54692572,15440.06500096,23535235092.0,471532790.0,7910990923.0,20265748191.0,97367657.0,519056194.0
2018-08-24,2018,8,772376809092.0,63634478610.0,836011287702.0,673377883480.0,34617328914.0,707995212394.0,1445754692572.0,98251807524.0,1544006500096.0,14457.54692572,15440.06500096,23535235092.0,471532790.0,7910990923.0,20265748191.0,97367657.0,519056194.0
2018-08-27,2018,8,772376809092.0,63634478610.0,836011287702.0,673377883480.0,34617328914.0,707995212394.0,1445754692572.0,98251807524.0,1544006500096.0,14457.54692572,15440.06500096,23535235092.0,471532790.0,7910990923.0,20265748191.0,97367657.0,519056194.0
2018-08-28,2018,8,772376809092.0,63634478610.0,836011287702.0,673377883480.0,34617328914.0,707995212394.0,1445754692572.0,98251807524.0,1544006500096.0,14457.54692572,15440.06500096,23535235092.0,471532790.0,7910990923.0,20265748191.0,97367657.0,519056194.0
2018-08-29,2018,8,772376809092.0,63634478610.0,836011287702.0,673377883480.0,34617328914.0,707995212394.0,1445754692572.0,98251807524.0,1544006500096.0,14457.54692572,15440.06500096,23535235092.0,471532790.0,7910990923.0,20265748191.0,97367657.0,519056194.0
2018-08-30,2018,8,772376809092.0,63634478610.0,836011287702.0,673377883480.0,34617328914.0,707995212394.0,1445754692572.0,98251807524.0,1544006500096.0,14457.54692572,15440.06500096,23535235092.0,471532790.0,7910990923.0,20265748191.0,97367657.0,519056194.0
2018-08-31,2018,8,772544316046.0,63653489773.0,836197805819.0,692005867419.0,37864622923.0,729870490342.0,1464550183465.0,101518112696.0,1566068296161.0,14645.50183465,15660.68296161,23969432803.0,517895242.0,7490419318.0,23405723001.0,97367657.0,519056194.0
2018-09-03,2018,9,772544316046.0,63653489773.0,836197805819.0,692005867419.0,37864622923.0,729870490342.0,1464550183465.0,101518112696.0,1566068296161.0,14645.50183465,15660.68296161,23969432803.0,517895242.0,7490419318.0,23405723001.0,97367657.0,519056194.0
2018-09-04,2018,9,772544316046.0,63653489773.0,836197805819.0,692005867419.0,37864622923.0,729870490342.0,1464550183465.0,101518112696.0,1566068296161.0,14645.50183465,15660.68296161,23969432803.0,517895242.0,7490419318.0,23405723001.0,97367657.0,519056194.0
2018-09-05,2018,9,772544316046.0,63653489773.0,836197805819.0,692005867419.0,37864622923.0,729870490342.0,1464550183465.0,101518112696.0,1566068296161.0,14645.50183465,15660.68296161,23969432803.0,517895242.0,7490419318.0,23405723001.0,97367657.0,519056194.0
2018-09-06,2018,9,772544316046.0,63653489773.0,836197805819.0,692005867419.0,37864622923.0,729870490342.0,1464550183465.0,101518112696.0,1566068296161.0,14645.50183465,15660.68296161,23969432803.0,517895242.0,7490419318.0,23405723001.0,97367657.0,519056194.0
2018-09-07,2018,9,772544316046.0,63653489773.0,836197805819.0,692005867419.0,37864622923.0,729870490342.0,1464550183465.0,101518112696.0,1566068296161.0,14645.50183465,15660.68296161,23969432803.0,517895242.0,7490419318.0,23405723001.0,97367657.0,519056194.0
2018-09-10,2018,9,772544316046.0,63653489773.0,836197805819.0,692005867419.0,37864622923.0,729870490342.0,1464550183465.0,101518112696.0,1566068296161.0,14645.50183465,15660.68296161,23969432803.0,517895242.0,7490419318.0,23405723001.0,97367657.0,519056194.0
2018-09-11,2018,9,772544316046.0,63653489773.0,836197805819.0,692005867419.0,37864622923.0,729870490342.0,1464550183465.0,101518112696.0,1566068296161.0,14645.50183465,15660.68296161,23969432803.0,517895242.0,7490419318.0,23405723001.0,97367657.0,519056194.0
2018-09-12,2018,9,772544316046.0,63653489773.0,836197805819.0,692005867419.0,37864622923.0,729870490342.0,1464550183465.0,101518112696.0,1566068296161.0,14645.50183465,15660.68296161,23969432803.0,517895242.0,7490419318.0,23405723001.0,97367657.0,519056194.0
2018-09-13,2018,9,772544316046.0,63653489773.0,836197805819.0,692005867419.0,37864622923.0,729870490342.0,1464550183465.0,101518112696.0,1566068296161.0,14645.50183465,15660.68296161,23969432803.0,517895242.0,7490419318.0,23405723001.0,97367657.0,519056194.0
2018-09-14,2018,9,772544316046.0,63653489773.0,836197805819.0,692005867419.0,37864622923.0,729870490342.0,1464550183465.0,101518112696.0,1566068296161.0,14645.50183465,15660.68296161,23969432803.0,517895242.0,7490419318.0,23405723001.0,97367657.0,519056194.0
2018-09-17,2018,9,772544316046.0,63653489773.0,836197805819.0,692005867419.0,37864622923.0,729870490342.0,1464550183465.0,101518112696.0,1566068296161.0,14645.50183465,15660.68296161,23969432803.0,517895242.0,7490419318.0,23405723001.0,97367657.0,519056194.0
2018-09-18,2018,9,772544316046.0,63653489773.0,836197805819.0,692005867419.0,37864622923.0,729870490342.0,1464550183465.0,101518112696.0,1566068296161.0,14645.50183465,15660.68296161,23969432803.0,517895242.0,7490419318.0,23405723001.0,97367657.0,519056194.0
2018-09-19,2018,9,772544316046.0,63653489773.0,836197805819.0,692005867419.0,37864622923.0,729870490342.0,1464550183465.0,101518112696.0,1566068296161.0,14645.50183465,15660.68296161,23969432803.0,517895242.0,7490419318.0,23405723001.0,97367657.0,519056194.0
2018-09-20,2018,9,772544316046.0,63653489773.0,836197805819.0,692005867419.0,37864622923.0,729870490342.0,1464550183465.0,101518112696.0,1566068296161.0,14645.50183465,15660.68296161,23969432803.0,517895242.0,7490419318.0,23405723001.0,97367657.0,519056194.0
2018-09-21,2018,9,772544316046.0,63653489773.0,836197805819.0,692005867419.0,37864622923.0,729870490342.0,1464550183465.0,101518112696.0,1566068296161.0,14645.50183465,15660.68296161,23969432803.0,517895242.0,7490419318.0,23405723001.0,97367657.0,519056194.0
2018-09-25,2018,9,772544316046.0,63653489773.0,836197805819.0,692005867419.0,37864622923.0,729870490342.0,1464550183465.0,101518112696.0,1566068296161.0,14645.50183465,15660.68296161,23969432803.0,517895242.0,7490419318.0,23405723001.0,97367657.0,519056194.0
2018-09-26,2018,9,772544316046.0,63653489773.0,836197805819.0,692005867419.0,37864622923.0,729870490342.0,1464550183465.0,101518112696.0,1566068296161.0,14645.50183465,15660.68296161,23969432803.0,517895242.0,7490419318.0,23405723001.0,97367657.0,519056194.0
2018-09-27,2018,9,772544316046.0,63653489773.0,836197805819.0,692005867419.0,37864622923.0,729870490342.0,1464550183465.0,101518112696.0,1566068296161.0,14645.50183465,15660.68296161,23969432803.0,517895242.0,7490419318.0,23405723001.0,97367657.0,519056194.0
2018-09-28,2018,9,772544316046.0,63653489773.0,836197805819.0,692005867419.0,37864622923.0,729870490342.0,1464550183465.0,101518112696.0,1566068296161.0,14645.50183465,15660.68296161,23969432803.0,517895242.0,7490419318.0,23405723001.0,97367657.0,519056194.0
2018-10-08,2018,10,772544316046.0,63653489773.0,836197805819.0,692005867419.0,37864622923.0,729870490342.0,1464550183465.0,101518112696.0,1566068296161.0,14645.50183465,15660.68296161,23969432803.0,517895242.0,7490419318.0,23405723001.0,97367657.0,519056194.0
2018-10-09,2018,10,772544316046.0,63653489773.0,836197805819.0,692005867419.0,37864622923.0,729870490342.0,1464550183465.0,101518112696.0,1566068296161.0,14645.50183465,15660.68296161,23969432803.0,517895242.0,7490419318.0,23405723001.0,97367657.0,519056194.0
2018-10-10,2018,10,772544316046.0,63653489773.0,836197805819.0,692005867419.0,37864622923.0,729870490342.0,1464550183465.0,101518112696.0,1566068296161.0,14645.50183465,15660.68296161,23969432803.0,517895242.0,7490419318.0,23405723001.0,97367657.0,519056194.0
2018-10-11,2018,10,772544316046.0,63653489773.0,836197805819.0,692005867419.0,37864622923.0,729870490342.0,1464550183465.0,101518112696.0,1566068296161.0,14645.50183465,15660.68296161,23969432803.0,517895242.0,7490419318.0,23405723001.0,97367657.0,519056194.0
2018-10-12,2018,10,772544316046.0,63653489773.0,836197805819.0,692005867419.0,37864622923.0,729870490342.0,1464550183465.0,101518112696.0,1566068296161.0,14645.50183465,15660.68296161,23969432803.0,517895242.0,7490419318.0,23405723001.0,97367657.0,519056194.0
2018-10-15,2018,10,772544316046.0,63653489773.0,836197805819.0,692005867419.0,37864622923.0,729870490342.0,1464550183465.0,101518112696.0,1566068296161.0,14645.50183465,15660.68296161,23969432803.0,517895242.0,7490419318.0,23405723001.0,97367657.0,519056194.0
2018-10-16,2018,10,772544316046.0,63653489773.0,836197805819.0,692005867419.0,37864622923.0,729870490342.0,1464550183465.0,101518112696.0,1566068296161.0,14645.50183465,15660.68296161,23969432803.0,517895242.0,7490419318.0,23405723001.0,97367657.0,519056194.0
2018-10-17,2018,10,772544316046.0,63653489773.0,836197805819.0,692005867419.0,37864622923.0,729870490342.0,1464550183465.0,101518112696.0,1566068296161.0,14645.50183465,15660.68296161,23969432803.0,517895242.0,7490419318.0,23405723001.0,97367657.0,519056194.0
2018-10-18,2018,10,772544316046.0,63653489773.0,836197805819.0,692005867419.0,37864622923.0,729870490342.0,1464550183465.0,101518112696.0,1566068296161.0,14645.50183465,15660.68296161,23969432803.0,517895242.0,7490419318.0,23405723001.0,97367657.0,519056194.0
2018-10-19,2018,10,772544316046.0,63653489773.0,836197805819.0,692005867419.0,37864622923.0,729870490342.0,1464550183465.0,101518112696.0,1566068296161.0,14645.50183465,15660.68296161,23969432803.0,517895242.0,7490419318.0,23405723001.0,97367657.0,519056194.0
2018-10-22,2018,10,772544316046.0,63653489773.0,836197805819.0,692005867419.0,37864622923.0,729870490342.0,1464550183465.0,101518112696.0,1566068296161.0,14645.50183465,15660.68296161,23969432803.0,517895242.0,7490419318.0,23405723001.0,97367657.0,519056194.0
2018-10-23,2018,10,772544316046.0,63653489773.0,836197805819.0,692005867419.0,37864622923.0,729870490342.0,1464550183465.0,101518112696.0,1566068296161.0,14645.50183465,15660.68296161,23969432803.0,517895242.0,7490419318.0,23405723001.0,97367657.0,519056194.0
2018-10-24,2018,10,772544316046.0,63653489773.0,836197805819.0,692005867419.0,37864622923.0,729870490342.0,1464550183465.0,101518112696.0,1566068296161.0,14645.50183465,15660.68296161,23969432803.0,517895242.0,7490419318.0,23405723001.0,97367657.0,519056194.0
2018-10-25,2018,10,772544316046.0,63653489773.0,836197805819.0,692005867419.0,37864622923.0,729870490342.0,1464550183465.0,101518112696.0,1566068296161.0,14645.50183465,15660.68296161,23969432803.0,517895242.0,7490419318.0,23405723001.0,97367657.0,519056194.0
2018-10-26,2018,10,772544316046.0,63653489773.0,836197805819.0,692005867419.0,37864622923.0,729870490342.0,1464550183465.0,101518112696.0,1566068296161.0,14645.50183465,15660.68296161,23969432803.0,517895242.0,7490419318.0,23405723001.0,97367657.0,519056194.0
2018-10-29,2018,10,772544316046.0,63653489773.0,836197805819.0,692005867419.0,37864622923.0,729870490342.0,1464550183465.0,101518112696.0,1566068296161.0,14645.50183465,15660.68296161,23969432803.0,517895242.0,7490419318.0,23405723001.0,97367657.0,519056194.0
2018-10-30,2018,10,772544316046.0,63653489773.0,836197805819.0,692005867419.0,37864622923.0,729870490342.0,1464550183465.0,101518112696.0,1566068296161.0,14645.50183465,15660.68296161,23969432803.0,517895242.0,7490419318.0,23405723001.0,97367657.0,519056194.0
2018-10-31,2018,10,780900136995.0,57781281778.0,838681418773.0,707108855801.0,35717809742.0,742826665543.0,1488008992796.0,93499091520.0,1581508084316.0,14880.08992796,15815.08084316,27200620472.0,463086630.0,6659381693.0,28182923087.0,97367657.0,519056194.0
2018-11-01,2018,11,780900136995.0,57781281778.0,838681418773.0,707108855801.0,35717809742.0,742826665543.0,1488008992796.0,93499091520.0,1581508084316.0,14880.08992796,15815.08084316,27200620472.0,463086630.0,6659381693.0,28182923087.0,97367657.0,519056194.0
2018-11-02,2018,11,780900136995.0,57781281778.0,838681418773.0,707108855801.0,35717809742.0,742826665543.0,1488008992796.0,93499091520.0,1581508084316.0,14880.08992796,15815.08084316,27200620472.0,463086630.0,6659381693.0,28182923087.0,97367657.0,519056194.0
2018-11-05,2018,11,780900136995.0,57781281778.0,838681418773.0,707108855801.0,35717809742.0,742826665543.0,1488008992796.0,93499091520.0,1581508084316.0,14880.08992796,15815.08084316,27200620472.0,463086630.0,6659381693.0,28182923087.0,97367657.0,519056194.0
2018-11-06,2018,11,780900136995.0,57781281778.0,838681418773.0,707108855801.0,35717809742.0,742826665543.0,1488008992796.0,93499091520.0,1581508084316.0,14880.08992796,15815.08084316,27200620472.0,463086630.0,6659381693.0,28182923087.0,97367657.0,519056194.0
2018-11-07,2018,11,780900136995.0,57781281778.0,838681418773.0,707108855801.0,35717809742.0,742826665543.0,1488008992796.0,93499091520.0,1581508084316.0,14880.08992796,15815.08084316,27200620472.0,463086630.0,6659381693.0,28182923087.0,97367657.0,519056194.0
2018-11-08,2018,11,780900136995.0,57781281778.0,838681418773.0,707108855801.0,35717809742.0,742826665543.0,1488008992796.0,93499091520.0,1581508084316.0,14880.08992796,15815.08084316,27200620472.0,463086630.0,6659381693.0,28182923087.0,97367657.0,519056194.0
2018-11-09,2018,11,780900136995.0,57781281778.0,838681418773.0,707108855801.0,35717809742.0,742826665543.0,1488008992796.0,93499091520.0,1581508084316.0,14880.08992796,15815.08084316,27200620472.0,463086630.0,6659381693.0,28182923087.0,97367657.0,519056194.0
2018-11-12,2018,11,780900136995.0,57781281778.0,838681418773.0,707108855801.0,35717809742.0,742826665543.0,1488008992796.0,93499091520.0,1581508084316.0,14880.08992796,15815.08084316,27200620472.0,463086630.0,6659381693.0,28182923087.0,97367657.0,519056194.0
2018-11-13,2018,11,780900136995.0,57781281778.0,838681418773.0,707108855801.0,35717809742.0,742826665543.0,1488008992796.0,93499091520.0,1581508084316.0,14880.08992796,15815.08084316,27200620472.0,463086630.0,6659381693.0,28182923087.0,97367657.0,519056194.0
2018-11-14,2018,11,780900136995.0,57781281778.0,838681418773.0,707108855801.0,35717809742.0,742826665543.0,1488008992796.0,93499091520.0,1581508084316.0,14880.08992796,15815.08084316,27200620472.0,463086630.0,6659381693.0,28182923087.0,97367657.0,519056194.0
2018-11-15,2018,11,780900136995.0,57781281778.0,838681418773.0,707108855801.0,35717809742.0,742826665543.0,1488008992796.0,93499091520.0,1581508084316.0,14880.08992796,15815.08084316,27200620472.0,463086630.0,6659381693.0,28182923087.0,97367657.0,519056194.0
2018-11-16,2018,11,780900136995.0,57781281778.0,838681418773.0,707108855801.0,35717809742.0,742826665543.0,1488008992796.0,93499091520.0,1581508084316.0,14880.08992796,15815.08084316,27200620472.0,463086630.0,6659381693.0,28182923087.0,97367657.0,519056194.0
2018-11-19,2018,11,780900136995.0,57781281778.0,838681418773.0,707108855801.0,35717809742.0,742826665543.0,1488008992796.0,93499091520.0,1581508084316.0,14880.08992796,15815.08084316,27200620472.0,463086630.0,6659381693.0,28182923087.0,97367657.0,519056194.0
2018-11-20,2018,11,780900136995.0,57781281778.0,838681418773.0,707108855801.0,35717809742.0,742826665543.0,1488008992796.0,93499091520.0,1581508084316.0,14880.08992796,15815.08084316,27200620472.0,463086630.0,6659381693.0,28182923087.0,97367657.0,519056194.0
2018-11-21,2018,11,780900136995.0,57781281778.0,838681418773.0,707108855801.0,35717809742.0,742826665543.0,1488008992796.0,93499091520.0,1581508084316.0,14880.08992796,15815.08084316,27200620472.0,463086630.0,6659381693.0,28182923087.0,97367657.0,519056194.0
2018-11-22,2018,11,780900136995.0,57781281778.0,838681418773.0,707108855801.0,35717809742.0,742826665543.0,1488008992796.0,93499091520.0,1581508084316.0,14880.08992796,15815.08084316,27200620472.0,463086630.0,6659381693.0,28182923087.0,97367657.0,519056194.0
2018-11-23,2018,11,780900136995.0,57781281778.0,838681418773.0,707108855801.0,35717809742.0,742826665543.0,1488008992796.0,93499091520.0,1581508084316.0,14880.08992796,15815.08084316,27200620472.0,463086630.0,6659381693.0,28182923087.0,97367657.0,519056194.0
2018-11-26,2018,11,780900136995.0,57781281778.0,838681418773.0,707108855801.0,35717809742.0,742826665543.0,1488008992796.0,93499091520.0,1581508084316.0,14880.08992796,15815.08084316,27200620472.0,463086630.0,6659381693.0,28182923087.0,97367657.0,519056194.0
2018-11-27,2018,11,780900136995.0,57781281778.0,838681418773.0,707108855801.0,35717809742.0,742826665543.0,1488008992796.0,93499091520.0,1581508084316.0,14880.08992796,15815.08084316,27200620472.0,463086630.0,6659381693.0,28182923087.0,97367657.0,519056194.0
2018-11-28,2018,11,780900136995.0,57781281778.0,838681418773.0,707108855801.0,35717809742.0,742826665543.0,1488008992796.0,93499091520.0,1581508084316.0,14880.08992796,15815.08084316,27200620472.0,463086630.0,6659381693.0,28182923087.0,97367657.0,519056194.0
2018-11-29,2018,11,780900136995.0,57781281778.0,838681418773.0,707108855801.0,35717809742.0,742826665543.0,1488008992796.0,93499091520.0,1581508084316.0,14880.08992796,15815.08084316,27200620472.0,463086630.0,6659381693.0,28182923087.0,97367657.0,519056194.0
2018-11-30,2018,11,804889674276.0,60951032566.0,865840706842.0,734441982139.0,35762840875.0,770204823014.0,1539331656415.0,96713873441.0,1636045529856.0,15393.31656415,16360.45529856,46060362771.0,631620656.0,6405359025.0,52160713117.0,97367657.0,519056194.0
2018-12-03,2018,12,804889674276.0,60951032566.0,865840706842.0,734441982139.0,35762840875.0,770204823014.0,1539331656415.0,96713873441.0,1636045529856.0,15393.31656415,16360.45529856,46060362771.0,631620656.0,6405359025.0,52160713117.0,97367657.0,519056194.0
2018-12-04,2018,12,804889674276.0,60951032566.0,865840706842.0,734441982139.0,35762840875.0,770204823014.0,1539331656415.0,96713873441.0,1636045529856.0,15393.31656415,16360.45529856,46060362771.0,631620656.0,6405359025.0,52160713117.0,97367657.0,519056194.0
2018-12-05,2018,12,804889674276.0,60951032566.0,865840706842.0,734441982139.0,35762840875.0,770204823014.0,1539331656415.0,96713873441.0,1636045529856.0,15393.31656415,16360.45529856,46060362771.0,631620656.0,6405359025.0,52160713117.0,97367657.0,519056194.0
2018-12-06,2018,12,804889674276.0,60951032566.0,865840706842.0,734441982139.0,35762840875.0,770204823014.0,1539331656415.0,96713873441.0,1636045529856.0,15393.31656415,16360.45529856,46060362771.0,631620656.0,6405359025.0,52160713117.0,97367657.0,519056194.0
2018-12-07,2018,12,804889674276.0,60951032566.0,865840706842.0,734441982139.0,35762840875.0,770204823014.0,1539331656415.0,96713873441.0,1636045529856.0,15393.31656415,16360.45529856,46060362771.0,631620656.0,6405359025.0,52160713117.0,97367657.0,519056194.0
2018-12-10,2018,12,804889674276.0,60951032566.0,865840706842.0,734441982139.0,35762840875.0,770204823014.0,1539331656415.0,96713873441.0,1636045529856.0,15393.31656415,16360.45529856,46060362771.0,631620656.0,6405359025.0,52160713117.0,97367657.0,519056194.0
2018-12-11,2018,12,804889674276.0,60951032566.0,865840706842.0,734441982139.0,35762840875.0,770204823014.0,1539331656415.0,96713873441.0,1636045529856.0,15393.31656415,16360.45529856,46060362771.0,631620656.0,6405359025.0,52160713117.0,97367657.0,519056194.0
2018-12-12,2018,12,804889674276.0,60951032566.0,865840706842.0,734441982139.0,35762840875.0,770204823014.0,1539331656415.0,96713873441.0,1636045529856.0,15393.31656415,16360.45529856,46060362771.0,631620656.0,6405359025.0,52160713117.0,97367657.0,519056194.0
2018-12-13,2018,12,804889674276.0,60951032566.0,865840706842.0,734441982139.0,35762840875.0,770204823014.0,1539331656415.0,96713873441.0,1636045529856.0,15393.31656415,16360.45529856,46060362771.0,631620656.0,6405359025.0,52160713117.0,97367657.0,519056194.0
2018-12-14,2018,12,804889674276.0,60951032566.0,865840706842.0,734441982139.0,35762840875.0,770204823014.0,1539331656415.0,96713873441.0,1636045529856.0,15393.31656415,16360.45529856,46060362771.0,631620656.0,6405359025.0,52160713117.0,97367657.0,519056194.0
2018-12-17,2018,12,804889674276.0,60951032566.0,865840706842.0,734441982139.0,35762840875.0,770204823014.0,1539331656415.0,96713873441.0,1636045529856.0,15393.31656415,16360.45529856,46060362771.0,631620656.0,6405359025.0,52160713117.0,97367657.0,519056194.0
2018-12-18,2018,12,804889674276.0,60951032566.0,865840706842.0,734441982139.0,35762840875.0,770204823014.0,1539331656415.0,96713873441.0,1636045529856.0,15393.31656415,16360.45529856,46060362771.0,631620656.0,6405359025.0,52160713117.0,97367657.0,519056194.0
2018-12-19,2018,12,804889674276.0,60951032566.0,865840706842.0,734441982139.0,35762840875.0,770204823014.0,1539331656415.0,96713873441.0,1636045529856.0,15393.31656415,16360.45529856,46060362771.0,631620656.0,6405359025.0,52160713117.0,97367657.0,519056194.0
2018-12-20,2018,12,804889674276.0,60951032566.0,865840706842.0,734441982139.0,35762840875.0,770204823014.0,1539331656415.0,96713873441.0,1636045529856.0,15393.31656415,16360.45529856,46060362771.0,631620656.0,6405359025.0,52160713117.0,97367657.0,519056194.0
2018-12-21,2018,12,804889674276.0,60951032566.0,865840706842.0,734441982139.0,35762840875.0,770204823014.0,1539331656415.0,96713873441.0,1636045529856.0,15393.31656415,16360.45529856,46060362771.0,631620656.0,6405359025.0,52160713117.0,97367657.0,519056194.0
2018-12-24,2018,12,804889674276.0,60951032566.0,865840706842.0,734441982139.0,35762840875.0,770204823014.0,1539331656415.0,96713873441.0,1636045529856.0,15393.31656415,16360.45529856,46060362771.0,631620656.0,6405359025.0,52160713117.0,97367657.0,519056194.0
2018-12-25,2018,12,804889674276.0,60951032566.0,865840706842.0,734441982139.0,35762840875.0,770204823014.0,1539331656415.0,96713873441.0,1636045529856.0,15393.31656415,16360.45529856,46060362771.0,631620656.0,6405359025.0,52160713117.0,97367657.0,519056194.0
2018-12-26,2018,12,804889674276.0,60951032566.0,865840706842.0,734441982139.0,35762840875.0,770204823014.0,1539331656415.0,96713873441.0,1636045529856.0,15393.31656415,16360.45529856,46060362771.0,631620656.0,6405359025.0,52160713117.0,97367657.0,519056194.0
2018-12-27,2018,12,804889674276.0,60951032566.0,865840706842.0,734441982139.0,35762840875.0,770204823014.0,1539331656415.0,96713873441.0,1636045529856.0,15393.31656415,16360.45529856,46060362771.0,631620656.0,6405359025.0,52160713117.0,97367657.0,519056194.0
2018-12-28,2018,12,804889674276.0,60951032566.0,865840706842.0,734441982139.0,35762840875.0,770204823014.0,1539331656415.0,96713873441.0,1636045529856.0,15393.31656415,16360.45529856,46060362771.0,631620656.0,6405359025.0,52160713117.0,97367657.0,519056194.0
2019-01-02,2019,1,804889674276.0,60951032566.0,865840706842.0,734441982139.0,35762840875.0,770204823014.0,1539331656415.0,96713873441.0,1636045529856.0,15393.31656415,16360.45529856,46060362771.0,631620656.0,6405359025.0,52160713117.0,97367657.0,519056194.0
2019-01-03,2019,1,804889674276.0,60951032566.0,865840706842.0,734441982139.0,35762840875.0,770204823014.0,1539331656415.0,96713873441.0,1636045529856.0,15393.31656415,16360.45529856,46060362771.0,631620656.0,6405359025.0,52160713117.0,97367657.0,519056194.0
2019-01-04,2019,1,804889674276.0,60951032566.0,865840706842.0,734441982139.0,35762840875.0,770204823014.0,1539331656415.0,96713873441.0,1636045529856.0,15393.31656415,16360.45529856,46060362771.0,631620656.0,6405359025.0,52160713117.0,97367657.0,519056194.0
2019-01-07,2019,1,804889674276.0,60951032566.0,865840706842.0,734441982139.0,35762840875.0,770204823014.0,1539331656415.0,96713873441.0,1636045529856.0,15393.31656415,16360.45529856,46060362771.0,631620656.0,6405359025.0,52160713117.0,97367657.0,519056194.0
2019-01-08,2019,1,804889674276.0,60951032566.0,865840706842.0,734441982139.0,35762840875.0,770204823014.0,1539331656415.0,96713873441.0,1636045529856.0,15393.31656415,16360.45529856,46060362771.0,631620656.0,6405359025.0,52160713117.0,97367657.0,519056194.0
2019-01-09,2019,1,804889674276.0,60951032566.0,865840706842.0,734441982139.0,35762840875.0,770204823014.0,1539331656415.0,96713873441.0,1636045529856.0,15393.31656415,16360.45529856,46060362771.0,631620656.0,6405359025.0,52160713117.0,97367657.0,519056194.0
2019-01-10,2019,1,804889674276.0,60951032566.0,865840706842.0,734441982139.0,35762840875.0,770204823014.0,1539331656415.0,96713873441.0,1636045529856.0,15393.31656415,16360.45529856,46060362771.0,631620656.0,6405359025.0,52160713117.0,97367657.0,519056194.0
2019-01-11,2019,1,804889674276.0,60951032566.0,865840706842.0,734441982139.0,35762840875.0,770204823014.0,1539331656415.0,96713873441.0,1636045529856.0,15393.31656415,16360.45529856,46060362771.0,631620656.0,6405359025.0,52160713117.0,97367657.0,519056194.0
2019-01-14,2019,1,804889674276.0,60951032566.0,865840706842.0,734441982139.0,35762840875.0,770204823014.0,1539331656415.0,96713873441.0,1636045529856.0,15393.31656415,16360.45529856,46060362771.0,631620656.0,6405359025.0,52160713117.0,97367657.0,519056194.0
2019-01-15,2019,1,804889674276.0,60951032566.0,865840706842.0,734441982139.0,35762840875.0,770204823014.0,1539331656415.0,96713873441.0,1636045529856.0,15393.31656415,16360.45529856,46060362771.0,631620656.0,6405359025.0,52160713117.0,97367657.0,519056194.0
2019-01-16,2019,1,804889674276.0,60951032566.0,865840706842.0,734441982139.0,35762840875.0,770204823014.0,1539331656415.0,96713873441.0,1636045529856.0,15393.31656415,16360.45529856,46060362771.0,631620656.0,6405359025.0,52160713117.0,97367657.0,519056194.0
2019-01-17,2019,1,804889674276.0,60951032566.0,865840706842.0,734441982139.0,35762840875.0,770204823014.0,1539331656415.0,96713873441.0,1636045529856.0,15393.31656415,16360.45529856,46060362771.0,631620656.0,6405359025.0,52160713117.0,97367657.0,519056194.0
2019-01-18,2019,1,804889674276.0,60951032566.0,865840706842.0,734441982139.0,35762840875.0,770204823014.0,1539331656415.0,96713873441.0,1636045529856.0,15393.31656415,16360.45529856,46060362771.0,631620656.0,6405359025.0,52160713117.0,97367657.0,519056194.0
2019-01-21,2019,1,804889674276.0,60951032566.0,865840706842.0,734441982139.0,35762840875.0,770204823014.0,1539331656415.0,96713873441.0,1636045529856.0,15393.31656415,16360.45529856,46060362771.0,631620656.0,6405359025.0,52160713117.0,97367657.0,519056194.0
2019-01-22,2019,1,804889674276.0,60951032566.0,865840706842.0,734441982139.0,35762840875.0,770204823014.0,1539331656415.0,96713873441.0,1636045529856.0,15393.31656415,16360.45529856,46060362771.0,631620656.0,6405359025.0,52160713117.0,97367657.0,519056194.0
2019-01-23,2019,1,804889674276.0,60951032566.0,865840706842.0,734441982139.0,35762840875.0,770204823014.0,1539331656415.0,96713873441.0,1636045529856.0,15393.31656415,16360.45529856,46060362771.0,631620656.0,6405359025.0,52160713117.0,97367657.0,519056194.0
2019-01-24,2019,1,804889674276.0,60951032566.0,865840706842.0,734441982139.0,35762840875.0,770204823014.0,1539331656415.0,96713873441.0,1636045529856.0,15393.31656415,16360.45529856,46060362771.0,631620656.0,6405359025.0,52160713117.0,97367657.0,519056194.0
2019-01-25,2019,1,804889674276.0,60951032566.0,865840706842.0,734441982139.0,35762840875.0,770204823014.0,1539331656415.0,96713873441.0,1636045529856.0,15393.31656415,16360.45529856,46060362771.0,631620656.0,6405359025.0,52160713117.0,97367657.0,519056194.0
2019-01-28,2019,1,804889674276.0,60951032566.0,865840706842.0,734441982139.0,35762840875.0,770204823014.0,1539331656415.0,96713873441.0,1636045529856.0,15393.31656415,16360.45529856,46060362771.0,631620656.0,6405359025.0,52160713117.0,97367657.0,519056194.0
2019-01-29,2019,1,804889674276.0,60951032566.0,865840706842.0,734441982139.0,35762840875.0,770204823014.0,1539331656415.0,96713873441.0,1636045529856.0,15393.31656415,16360.45529856,46060362771.0,631620656.0,6405359025.0,52160713117.0,97367657.0,519056194.0
2019-01-30,2019,1,804889674276.0,60951032566.0,865840706842.0,734441982139.0,35762840875.0,770204823014.0,1539331656415.0,96713873441.0,1636045529856.0,15393.31656415,16360.45529856,46060362771.0,631620656.0,6405359025.0,52160713117.0,97367657.0,519056194.0
2019-01-31,2019,1,778136066520.0,60909876712.0,839045943232.0,715012998843.0,33828830922.0,748841829765.0,1493149065363.0,94738707634.0,1587887772997.0,14931.49065363,15878.87772997,28721906589.0,543301666.0,6751422032.0,36261777619.0,97367657.0,519056194.0
2019-02-01,2019,2,778136066520.0,60909876712.0,839045943232.0,715012998843.0,33828830922.0,748841829765.0,1493149065363.0,94738707634.0,1587887772997.0,14931.49065363,15878.87772997,28721906589.0,543301666.0,6751422032.0,36261777619.0,97367657.0,519056194.0
2019-02-11,2019,2,778136066520.0,60909876712.0,839045943232.0,715012998843.0,33828830922.0,748841829765.0,1493149065363.0,94738707634.0,1587887772997.0,14931.49065363,15878.87772997,28721906589.0,543301666.0,6751422032.0,36261777619.0,97367657.0,519056194.0
2019-02-12,2019,2,778136066520.0,60909876712.0,839045943232.0,715012998843.0,33828830922.0,748841829765.0,1493149065363.0,94738707634.0,1587887772997.0,14931.49065363,15878.87772997,28721906589.0,543301666.0,6751422032.0,36261777619.0,97367657.0,519056194.0
2019-02-13,2019,2,778136066520.0,60909876712.0,839045943232.0,715012998843.0,33828830922.0,748841829765.0,1493149065363.0,94738707634.0,1587887772997.0,14931.49065363,15878.87772997,28721906589.0,543301666.0,6751422032.0,36261777619.0,97367657.0,519056194.0
2019-02-14,2019,2,778136066520.0,60909876712.0,839045943232.0,715012998843.0,33828830922.0,748841829765.0,1493149065363.0,94738707634.0,1587887772997.0,14931.49065363,15878.87772997,28721906589.0,543301666.0,6751422032.0,36261777619.0,97367657.0,519056194.0
2019-02-15,2019,2,778136066520.0,60909876712.0,839045943232.0,715012998843.0,33828830922.0,748841829765.0,1493149065363.0,94738707634.0,1587887772997.0,14931.49065363,15878.87772997,28721906589.0,543301666.0,6751422032.0,36261777619.0,97367657.0,519056194.0
2019-02-18,2019,2,778136066520.0,60909876712.0,839045943232.0,715012998843.0,33828830922.0,748841829765.0,1493149065363.0,94738707634.0,1587887772997.0,14931.49065363,15878.87772997,28721906589.0,543301666.0,6751422032.0,36261777619.0,97367657.0,519056194.0
2019-02-19,2019,2,778136066520.0,60909876712.0,839045943232.0,715012998843.0,33828830922.0,748841829765.0,1493149065363.0,94738707634.0,1587887772997.0,14931.49065363,15878.87772997,28721906589.0,543301666.0,6751422032.0,36261777619.0,97367657.0,519056194.0
2019-02-20,2019,2,778136066520.0,60909876712.0,839045943232.0,715012998843.0,33828830922.0,748841829765.0,1493149065363.0,94738707634.0,1587887772997.0,14931.49065363,15878.87772997,28721906589.0,543301666.0,6751422032.0,36261777619.0,97367657.0,519056194.0
2019-02-21,2019,2,778136066520.0,60909876712.0,839045943232.0,715012998843.0,33828830922.0,748841829765.0,1493149065363.0,94738707634.0,1587887772997.0,14931.49065363,15878.87772997,28721906589.0,543301666.0,6751422032.0,36261777619.0,97367657.0,519056194.0
2019-02-22,2019,2,778136066520.0,60909876712.0,839045943232.0,715012998843.0,33828830922.0,748841829765.0,1493149065363.0,94738707634.0,1587887772997.0,14931.49065363,15878.87772997,28721906589.0,543301666.0,6751422032.0,36261777619.0,97367657.0,519056194.0
2019-02-25,2019,2,778136066520.0,60909876712.0,839045943232.0,715012998843.0,33828830922.0,748841829765.0,1493149065363.0,94738707634.0,1587887772997.0,14931.49065363,15878.87772997,28721906589.0,543301666.0,6751422032.0,36261777619.0,97367657.0,519056194.0
2019-02-26,2019,2,778136066520.0,60909876712.0,839045943232.0,715012998843.0,33828830922.0,748841829765.0,1493149065363.0,94738707634.0,1587887772997.0,14931.49065363,15878.87772997,28721906589.0,543301666.0,6751422032.0,36261777619.0,97367657.0,519056194.0
2019-02-27,2019,2,778136066520.0,60909876712.0,839045943232.0,715012998843.0,33828830922.0,748841829765.0,1493149065363.0,94738707634.0,1587887772997.0,14931.49065363,15878.87772997,28721906589.0,543301666.0,6751422032.0,36261777619.0,97367657.0,519056194.0
2019-02-28,2019,2,779374566390.0,55164783758.0,834539350148.0,701857428264.0,32180284256.0,734037712520.0,1481231994654.0,87345068014.0,1568577062668.0,14812.31994654,15685.77062668,22505466510.0,661290741.0,7165104341.0,21783862196.0,97367657.0,519056194.0
2019-03-01,2019,3,779374566390.0,55164783758.0,834539350148.0,701857428264.0,32180284256.0,734037712520.0,1481231994654.0,87345068014.0,1568577062668.0,14812.31994654,15685.77062668,22505466510.0,661290741.0,7165104341.0,21783862196.0,97367657.0,519056194.0
2019-03-04,2019,3,779374566390.0,55164783758.0,834539350148.0,701857428264.0,32180284256.0,734037712520.0,1481231994654.0,87345068014.0,1568577062668.0,14812.31994654,15685.77062668,22505466510.0,661290741.0,7165104341.0,21783862196.0,97367657.0,519056194.0
2019-03-05,2019,3,779374566390.0,55164783758.0,834539350148.0,701857428264.0,32180284256.0,734037712520.0,1481231994654.0,87345068014.0,1568577062668.0,14812.31994654,15685.77062668,22505466510.0,661290741.0,7165104341.0,21783862196.0,97367657.0,519056194.0
2019-03-06,2019,3,779374566390.0,55164783758.0,834539350148.0,701857428264.0,32180284256.0,734037712520.0,1481231994654.0,87345068014.0,1568577062668.0,14812.31994654,15685.77062668,22505466510.0,661290741.0,7165104341.0,21783862196.0,97367657.0,519056194.0
2019-03-07,2019,3,779374566390.0,55164783758.0,834539350148.0,701857428264.0,32180284256.0,734037712520.0,1481231994654.0,87345068014.0,1568577062668.0,14812.31994654,15685.77062668,22505466510.0,661290741.0,7165104341.0,21783862196.0,97367657.0,519056194.0
2019-03-08,2019,3,779374566390.0,55164783758.0,834539350148.0,701857428264.0,32180284256.0,734037712520.0,1481231994654.0,87345068014.0,1568577062668.0,14812.31994654,15685.77062668,22505466510.0,661290741.0,7165104341.0,21783862196.0,97367657.0,519056194.0
2019-03-11,2019,3,779374566390.0,55164783758.0,834539350148.0,701857428264.0,32180284256.0,734037712520.0,1481231994654.0,87345068014.0,1568577062668.0,14812.31994654,15685.77062668,22505466510.0,661290741.0,7165104341.0,21783862196.0,97367657.0,519056194.0
2019-03-12,2019,3,779374566390.0,55164783758.0,834539350148.0,701857428264.0,32180284256.0,734037712520.0,1481231994654.0,87345068014.0,1568577062668.0,14812.31994654,15685.77062668,22505466510.0,661290741.0,7165104341.0,21783862196.0,97367657.0,519056194.0
2019-03-13,2019,3,779374566390.0,55164783758.0,834539350148.0,701857428264.0,32180284256.0,734037712520.0,1481231994654.0,87345068014.0,1568577062668.0,14812.31994654,15685.77062668,22505466510.0,661290741.0,7165104341.0,21783862196.0,97367657.0,519056194.0
2019-03-14,2019,3,779374566390.0,55164783758.0,834539350148.0,701857428264.0,32180284256.0,734037712520.0,1481231994654.0,87345068014.0,1568577062668.0,14812.31994654,15685.77062668,22505466510.0,661290741.0,7165104341.0,21783862196.0,97367657.0,519056194.0
2019-03-15,2019,3,779374566390.0,55164783758.0,834539350148.0,701857428264.0,32180284256.0,734037712520.0,1481231994654.0,87345068014.0,1568577062668.0,14812.31994654,15685.77062668,22505466510.0,661290741.0,7165104341.0,21783862196.0,97367657.0,519056194.0
2019-03-18,2019,3,779374566390.0,55164783758.0,834539350148.0,701857428264.0,32180284256.0,734037712520.0,1481231994654.0,87345068014.0,1568577062668.0,14812.31994654,15685.77062668,22505466510.0,661290741.0,7165104341.0,21783862196.0,97367657.0,519056194.0
2019-03-19,2019,3,779374566390.0,55164783758.0,834539350148.0,701857428264.0,32180284256.0,734037712520.0,1481231994654.0,87345068014.0,1568577062668.0,14812.31994654,15685.77062668,22505466510.0,661290741.0,7165104341.0,21783862196.0,97367657.0,519056194.0
2019-03-20,2019,3,779374566390.0,55164783758.0,834539350148.0,701857428264.0,32180284256.0,734037712520.0,1481231994654.0,87345068014.0,1568577062668.0,14812.31994654,15685.77062668,22505466510.0,661290741.0,7165104341.0,21783862196.0,97367657.0,519056194.0
2019-03-21,2019,3,779374566390.0,55164783758.0,834539350148.0,701857428264.0,32180284256.0,734037712520.0,1481231994654.0,87345068014.0,1568577062668.0,14812.31994654,15685.77062668,22505466510.0,661290741.0,7165104341.0,21783862196.0,97367657.0,519056194.0
2019-03-22,2019,3,779374566390.0,55164783758.0,834539350148.0,701857428264.0,32180284256.0,734037712520.0,1481231994654.0,87345068014.0,1568577062668.0,14812.31994654,15685.77062668,22505466510.0,661290741.0,7165104341.0,21783862196.0,97367657.0,519056194.0
2019-03-25,2019,3,779374566390.0,55164783758.0,834539350148.0,701857428264.0,32180284256.0,734037712520.0,1481231994654.0,87345068014.0,1568577062668.0,14812.31994654,15685.77062668,22505466510.0,661290741.0,7165104341.0,21783862196.0,97367657.0,519056194.0
2019-03-26,2019,3,779374566390.0,55164783758.0,834539350148.0,701857428264.0,32180284256.0,734037712520.0,1481231994654.0,87345068014.0,1568577062668.0,14812.31994654,15685.77062668,22505466510.0,661290741.0,7165104341.0,21783862196.0,97367657.0,519056194.0
2019-03-27,2019,3,779374566390.0,55164783758.0,834539350148.0,701857428264.0,32180284256.0,734037712520.0,1481231994654.0,87345068014.0,1568577062668.0,14812.31994654,15685.77062668,22505466510.0,661290741.0,7165104341.0,21783862196.0,97367657.0,519056194.0
2019-03-28,2019,3,779374566390.0,55164783758.0,834539350148.0,701857428264.0,32180284256.0,734037712520.0,1481231994654.0,87345068014.0,1568577062668.0,14812.31994654,15685.77062668,22505466510.0,661290741.0,7165104341.0,21783862196.0,97367657.0,519056194.0
2019-03-29,2019,3,779374566390.0,55164783758.0,834539350148.0,701857428264.0,32180284256.0,734037712520.0,1481231994654.0,87345068014.0,1568577062668.0,14812.31994654,15685.77062668,22505466510.0,661290741.0,7165104341.0,21783862196.0,97367657.0,519056194.0
2019-04-01,2019,4,779374566390.0,55164783758.0,834539350148.0,701857428264.0,32180284256.0,734037712520.0,1481231994654.0,87345068014.0,1568577062668.0,14812.31994654,15685.77062668,22505466510.0,661290741.0,7165104341.0,21783862196.0,97367657.0,519056194.0
2019-04-02,2019,4,779374566390.0,55164783758.0,834539350148.0,701857428264.0,32180284256.0,734037712520.0,1481231994654.0,87345068014.0,1568577062668.0,14812.31994654,15685.77062668,22505466510.0,661290741.0,7165104341.0,21783862196.0,97367657.0,519056194.0
2019-04-03,2019,4,779374566390.0,55164783758.0,834539350148.0,701857428264.0,32180284256.0,734037712520.0,1481231994654.0,87345068014.0,1568577062668.0,14812.31994654,15685.77062668,22505466510.0,661290741.0,7165104341.0,21783862196.0,97367657.0,519056194.0
2019-04-04,2019,4,779374566390.0,55164783758.0,834539350148.0,701857428264.0,32180284256.0,734037712520.0,1481231994654.0,87345068014.0,1568577062668.0,14812.31994654,15685.77062668,22505466510.0,661290741.0,7165104341.0,21783862196.0,97367657.0,519056194.0
2019-04-08,2019,4,779374566390.0,55164783758.0,834539350148.0,701857428264.0,32180284256.0,734037712520.0,1481231994654.0,87345068014.0,1568577062668.0,14812.31994654,15685.77062668,22505466510.0,661290741.0,7165104341.0,21783862196.0,97367657.0,519056194.0
2019-04-09,2019,4,779374566390.0,55164783758.0,834539350148.0,701857428264.0,32180284256.0,734037712520.0,1481231994654.0,87345068014.0,1568577062668.0,14812.31994654,15685.77062668,22505466510.0,661290741.0,7165104341.0,21783862196.0,97367657.0,519056194.0
2019-04-10,2019,4,779374566390.0,55164783758.0,834539350148.0,701857428264.0,32180284256.0,734037712520.0,1481231994654.0,87345068014.0,1568577062668.0,14812.31994654,15685.77062668,22505466510.0,661290741.0,7165104341.0,21783862196.0,97367657.0,519056194.0
2019-04-11,2019,4,779374566390.0,55164783758.0,834539350148.0,701857428264.0,32180284256.0,734037712520.0,1481231994654.0,87345068014.0,1568577062668.0,14812.31994654,15685.77062668,22505466510.0,661290741.0,7165104341.0,21783862196.0,97367657.0,519056194.0
2019-04-12,2019,4,779374566390.0,55164783758.0,834539350148.0,701857428264.0,32180284256.0,734037712520.0,1481231994654.0,87345068014.0,1568577062668.0,14812.31994654,15685.77062668,22505466510.0,661290741.0,7165104341.0,21783862196.0,97367657.0,519056194.0
2019-04-15,2019,4,779374566390.0,55164783758.0,834539350148.0,701857428264.0,32180284256.0,734037712520.0,1481231994654.0,87345068014.0,1568577062668.0,14812.31994654,15685.77062668,22505466510.0,661290741.0,7165104341.0,21783862196.0,97367657.0,519056194.0
2019-04-16,2019,4,779374566390.0,55164783758.0,834539350148.0,701857428264.0,32180284256.0,734037712520.0,1481231994654.0,87345068014.0,1568577062668.0,14812.31994654,15685.77062668,22505466510.0,661290741.0,7165104341.0,21783862196.0,97367657.0,519056194.0
2019-04-17,2019,4,779374566390.0,55164783758.0,834539350148.0,701857428264.0,32180284256.0,734037712520.0,1481231994654.0,87345068014.0,1568577062668.0,14812.31994654,15685.77062668,22505466510.0,661290741.0,7165104341.0,21783862196.0,97367657.0,519056194.0
2019-04-18,2019,4,779374566390.0,55164783758.0,834539350148.0,701857428264.0,32180284256.0,734037712520.0,1481231994654.0,87345068014.0,1568577062668.0,14812.31994654,15685.77062668,22505466510.0,661290741.0,7165104341.0,21783862196.0,97367657.0,519056194.0
2019-04-19,2019,4,779374566390.0,55164783758.0,834539350148.0,701857428264.0,32180284256.0,734037712520.0,1481231994654.0,87345068014.0,1568577062668.0,14812.31994654,15685.77062668,22505466510.0,661290741.0,7165104341.0,21783862196.0,97367657.0,519056194.0
2019-04-22,2019,4,779374566390.0,55164783758.0,834539350148.0,701857428264.0,32180284256.0,734037712520.0,1481231994654.0,87345068014.0,1568577062668.0,14812.31994654,15685.77062668,22505466510.0,661290741.0,7165104341.0,21783862196.0,97367657.0,519056194.0
2019-04-23,2019,4,779374566390.0,55164783758.0,834539350148.0,701857428264.0,32180284256.0,734037712520.0,1481231994654.0,87345068014.0,1568577062668.0,14812.31994654,15685.77062668,22505466510.0,661290741.0,7165104341.0,21783862196.0,97367657.0,519056194.0
2019-04-24,2019,4,779374566390.0,55164783758.0,834539350148.0,701857428264.0,32180284256.0,734037712520.0,1481231994654.0,87345068014.0,1568577062668.0,14812.31994654,15685.77062668,22505466510.0,661290741.0,7165104341.0,21783862196.0,97367657.0,519056194.0
2019-04-25,2019,4,779374566390.0,55164783758.0,834539350148.0,701857428264.0,32180284256.0,734037712520.0,1481231994654.0,87345068014.0,1568577062668.0,14812.31994654,15685.77062668,22505466510.0,661290741.0,7165104341.0,21783862196.0,97367657.0,519056194.0
2019-04-26,2019,4,779374566390.0,55164783758.0,834539350148.0,701857428264.0,32180284256.0,734037712520.0,1481231994654.0,87345068014.0,1568577062668.0,14812.31994654,15685.77062668,22505466510.0,661290741.0,7165104341.0,21783862196.0,97367657.0,519056194.0
2019-04-29,2019,4,779374566390.0,55164783758.0,834539350148.0,701857428264.0,32180284256.0,734037712520.0,1481231994654.0,87345068014.0,1568577062668.0,14812.31994654,15685.77062668,22505466510.0,661290741.0,7165104341.0,21783862196.0,97367657.0,519056194.0
2019-04-30,2019,4,832718672134.0,51039996603.0,883758668737.0,758091292012.0,28173465833.0,786264757845.0,1590809964146.0,79213462436.0,1670023426582.0,15908.09964146,16700.23426582,26389133440.0,844813331.0,6987094074.0,32259670867.0,97367657.0,519056194.0
2019-05-06,2019,5,832718672134.0,51039996603.0,883758668737.0,758091292012.0,28173465833.0,786264757845.0,1590809964146.0,79213462436.0,1670023426582.0,15908.09964146,16700.23426582,26389133440.0,844813331.0,6987094074.0,32259670867.0,97367657.0,519056194.0
2019-05-07,2019,5,832718672134.0,51039996603.0,883758668737.0,758091292012.0,28173465833.0,786264757845.0,1590809964146.0,79213462436.0,1670023426582.0,15908.09964146,16700.23426582,26389133440.0,844813331.0,6987094074.0,32259670867.0,97367657.0,519056194.0
2019-05-08,2019,5,832718672134.0,51039996603.0,883758668737.0,758091292012.0,28173465833.0,786264757845.0,1590809964146.0,79213462436.0,1670023426582.0,15908.09964146,16700.23426582,26389133440.0,844813331.0,6987094074.0,32259670867.0,97367657.0,519056194.0
2019-05-09,2019,5,832718672134.0,51039996603.0,883758668737.0,758091292012.0,28173465833.0,786264757845.0,1590809964146.0,79213462436.0,1670023426582.0,15908.09964146,16700.23426582,26389133440.0,844813331.0,6987094074.0,32259670867.0,97367657.0,519056194.0
2019-05-10,2019,5,832718672134.0,51039996603.0,883758668737.0,758091292012.0,28173465833.0,786264757845.0,1590809964146.0,79213462436.0,1670023426582.0,15908.09964146,16700.23426582,26389133440.0,844813331.0,6987094074.0,32259670867.0,97367657.0,519056194.0
2019-05-13,2019,5,832718672134.0,51039996603.0,883758668737.0,758091292012.0,28173465833.0,786264757845.0,1590809964146.0,79213462436.0,1670023426582.0,15908.09964146,16700.23426582,26389133440.0,844813331.0,6987094074.0,32259670867.0,97367657.0,519056194.0
2019-05-14,2019,5,832718672134.0,51039996603.0,883758668737.0,758091292012.0,28173465833.0,786264757845.0,1590809964146.0,79213462436.0,1670023426582.0,15908.09964146,16700.23426582,26389133440.0,844813331.0,6987094074.0,32259670867.0,97367657.0,519056194.0
2019-05-15,2019,5,832718672134.0,51039996603.0,883758668737.0,758091292012.0,28173465833.0,786264757845.0,1590809964146.0,79213462436.0,1670023426582.0,15908.09964146,16700.23426582,26389133440.0,844813331.0,6987094074.0,32259670867.0,97367657.0,519056194.0
2019-05-16,2019,5,832718672134.0,51039996603.0,883758668737.0,758091292012.0,28173465833.0,786264757845.0,1590809964146.0,79213462436.0,1670023426582.0,15908.09964146,16700.23426582,26389133440.0,844813331.0,6987094074.0,32259670867.0,97367657.0,519056194.0
2019-05-17,2019,5,832718672134.0,51039996603.0,883758668737.0,758091292012.0,28173465833.0,786264757845.0,1590809964146.0,79213462436.0,1670023426582.0,15908.09964146,16700.23426582,26389133440.0,844813331.0,6987094074.0,32259670867.0,97367657.0,519056194.0
2019-05-20,2019,5,832718672134.0,51039996603.0,883758668737.0,758091292012.0,28173465833.0,786264757845.0,1590809964146.0,79213462436.0,1670023426582.0,15908.09964146,16700.23426582,26389133440.0,844813331.0,6987094074.0,32259670867.0,97367657.0,519056194.0
2019-05-21,2019,5,832718672134.0,51039996603.0,883758668737.0,758091292012.0,28173465833.0,786264757845.0,1590809964146.0,79213462436.0,1670023426582.0,15908.09964146,16700.23426582,26389133440.0,844813331.0,6987094074.0,32259670867.0,97367657.0,519056194.0
2019-05-22,2019,5,832718672134.0,51039996603.0,883758668737.0,758091292012.0,28173465833.0,786264757845.0,1590809964146.0,79213462436.0,1670023426582.0,15908.09964146,16700.23426582,26389133440.0,844813331.0,6987094074.0,32259670867.0,97367657.0,519056194.0
2019-05-23,2019,5,832718672134.0,51039996603.0,883758668737.0,758091292012.0,28173465833.0,786264757845.0,1590809964146.0,79213462436.0,1670023426582.0,15908.09964146,16700.23426582,26389133440.0,844813331.0,6987094074.0,32259670867.0,97367657.0,519056194.0
2019-05-24,2019,5,832718672134.0,51039996603.0,883758668737.0,758091292012.0,28173465833.0,786264757845.0,1590809964146.0,79213462436.0,1670023426582.0,15908.09964146,16700.23426582,26389133440.0,844813331.0,6987094074.0,32259670867.0,97367657.0,519056194.0
2019-05-27,2019,5,832718672134.0,51039996603.0,883758668737.0,758091292012.0,28173465833.0,786264757845.0,1590809964146.0,79213462436.0,1670023426582.0,15908.09964146,16700.23426582,26389133440.0,844813331.0,6987094074.0,32259670867.0,97367657.0,519056194.0
2019-05-28,2019,5,832718672134.0,51039996603.0,883758668737.0,758091292012.0,28173465833.0,786264757845.0,1590809964146.0,79213462436.0,1670023426582.0,15908.09964146,16700.23426582,26389133440.0,844813331.0,6987094074.0,32259670867.0,97367657.0,519056194.0
2019-05-29,2019,5,832718672134.0,51039996603.0,883758668737.0,758091292012.0,28173465833.0,786264757845.0,1590809964146.0,79213462436.0,1670023426582.0,15908.09964146,16700.23426582,26389133440.0,844813331.0,6987094074.0,32259670867.0,97367657.0,519056194.0
2019-05-30,2019,5,832718672134.0,51039996603.0,883758668737.0,758091292012.0,28173465833.0,786264757845.0,1590809964146.0,79213462436.0,1670023426582.0,15908.09964146,16700.23426582,26389133440.0,844813331.0,6987094074.0,32259670867.0,97367657.0,519056194.0
2019-05-31,2019,5,826897619326.0,44175523085.0,871073142411.0,748671548009.0,24621690174.0,773293238183.0,1575569167335.0,68797213259.0,1644366380594.0,15755.69167335,16443.66380594,22313020121.0,969865539.0,6768605717.0,22043325760.0,97367657.0,519056194.0
2019-06-03,2019,6,826897619326.0,44175523085.0,871073142411.0,748671548009.0,24621690174.0,773293238183.0,1575569167335.0,68797213259.0,1644366380594.0,15755.69167335,16443.66380594,22313020121.0,969865539.0,6768605717.0,22043325760.0,97367657.0,519056194.0
2019-06-04,2019,6,826897619326.0,44175523085.0,871073142411.0,748671548009.0,24621690174.0,773293238183.0,1575569167335.0,68797213259.0,1644366380594.0,15755.69167335,16443.66380594,22313020121.0,969865539.0,6768605717.0,22043325760.0,97367657.0,519056194.0
2019-06-05,2019,6,826897619326.0,44175523085.0,871073142411.0,748671548009.0,24621690174.0,773293238183.0,1575569167335.0,68797213259.0,1644366380594.0,15755.69167335,16443.66380594,22313020121.0,969865539.0,6768605717.0,22043325760.0,97367657.0,519056194.0
2019-06-06,2019,6,826897619326.0,44175523085.0,871073142411.0,748671548009.0,24621690174.0,773293238183.0,1575569167335.0,68797213259.0,1644366380594.0,15755.69167335,16443.66380594,22313020121.0,969865539.0,6768605717.0,22043325760.0,97367657.0,519056194.0
2019-06-10,2019,6,826897619326.0,44175523085.0,871073142411.0,748671548009.0,24621690174.0,773293238183.0,1575569167335.0,68797213259.0,1644366380594.0,15755.69167335,16443.66380594,22313020121.0,969865539.0,6768605717.0,22043325760.0,97367657.0,519056194.0
2019-06-11,2019,6,826897619326.0,44175523085.0,871073142411.0,748671548009.0,24621690174.0,773293238183.0,1575569167335.0,68797213259.0,1644366380594.0,15755.69167335,16443.66380594,22313020121.0,969865539.0,6768605717.0,22043325760.0,97367657.0,519056194.0
2019-06-12,2019,6,826897619326.0,44175523085.0,871073142411.0,748671548009.0,24621690174.0,773293238183.0,1575569167335.0,68797213259.0,1644366380594.0,15755.69167335,16443.66380594,22313020121.0,969865539.0,6768605717.0,22043325760.0,97367657.0,519056194.0
2019-06-13,2019,6,826897619326.0,44175523085.0,871073142411.0,748671548009.0,24621690174.0,773293238183.0,1575569167335.0,68797213259.0,1644366380594.0,15755.69167335,16443.66380594,22313020121.0,969865539.0,6768605717.0,22043325760.0,97367657.0,519056194.0
2019-06-14,2019,6,826897619326.0,44175523085.0,871073142411.0,748671548009.0,24621690174.0,773293238183.0,1575569167335.0,68797213259.0,1644366380594.0,15755.69167335,16443.66380594,22313020121.0,969865539.0,6768605717.0,22043325760.0,97367657.0,519056194.0
2019-06-17,2019,6,826897619326.0,44175523085.0,871073142411.0,748671548009.0,24621690174.0,773293238183.0,1575569167335.0,68797213259.0,1644366380594.0,15755.69167335,16443.66380594,22313020121.0,969865539.0,6768605717.0,22043325760.0,97367657.0,519056194.0
2019-06-18,2019,6,826897619326.0,44175523085.0,871073142411.0,748671548009.0,24621690174.0,773293238183.0,1575569167335.0,68797213259.0,1644366380594.0,15755.69167335,16443.66380594,22313020121.0,969865539.0,6768605717.0,22043325760.0,97367657.0,519056194.0
2019-06-19,2019,6,826897619326.0,44175523085.0,871073142411.0,748671548009.0,24621690174.0,773293238183.0,1575569167335.0,68797213259.0,1644366380594.0,15755.69167335,16443.66380594,22313020121.0,969865539.0,6768605717.0,22043325760.0,97367657.0,519056194.0
2019-06-20,2019,6,826897619326.0,44175523085.0,871073142411.0,748671548009.0,24621690174.0,773293238183.0,1575569167335.0,68797213259.0,1644366380594.0,15755.69167335,16443.66380594,22313020121.0,969865539.0,6768605717.0,22043325760.0,97367657.0,519056194.0
2019-06-21,2019,6,826897619326.0,44175523085.0,871073142411.0,748671548009.0,24621690174.0,773293238183.0,1575569167335.0,68797213259.0,1644366380594.0,15755.69167335,16443.66380594,22313020121.0,969865539.0,6768605717.0,22043325760.0,97367657.0,519056194.0
2019-06-24,2019,6,826897619326.0,44175523085.0,871073142411.0,748671548009.0,24621690174.0,773293238183.0,1575569167335.0,68797213259.0,1644366380594.0,15755.69167335,16443.66380594,22313020121.0,969865539.0,6768605717.0,22043325760.0,97367657.0,519056194.0
2019-06-25,2019,6,826897619326.0,44175523085.0,871073142411.0,748671548009.0,24621690174.0,773293238183.0,1575569167335.0,68797213259.0,1644366380594.0,15755.69167335,16443.66380594,22313020121.0,969865539.0,6768605717.0,22043325760.0,97367657.0,519056194.0
2019-06-26,2019,6,826897619326.0,44175523085.0,871073142411.0,748671548009.0,24621690174.0,773293238183.0,1575569167335.0,68797213259.0,1644366380594.0,15755.69167335,16443.66380594,22313020121.0,969865539.0,6768605717.0,22043325760.0,97367657.0,519056194.0
2019-06-27,2019,6,826897619326.0,44175523085.0,871073142411.0,748671548009.0,24621690174.0,773293238183.0,1575569167335.0,68797213259.0,1644366380594.0,15755.69167335,16443.66380594,22313020121.0,969865539.0,6768605717.0,22043325760.0,97367657.0,519056194.0
2019-06-28,2019,6,826897619326.0,44175523085.0,871073142411.0,748671548009.0,24621690174.0,773293238183.0,1575569167335.0,68797213259.0,1644366380594.0,15755.69167335,16443.66380594,22313020121.0,969865539.0,6768605717.0,22043325760.0,97367657.0,519056194.0
2019-07-01,2019,7,826897619326.0,44175523085.0,871073142411.0,748671548009.0,24621690174.0,773293238183.0,1575569167335.0,68797213259.0,1644366380594.0,15755.69167335,16443.66380594,22313020121.0,969865539.0,6768605717.0,22043325760.0,97367657.0,519056194.0
2019-07-02,2019,7,826897619326.0,44175523085.0,871073142411.0,748671548009.0,24621690174.0,773293238183.0,1575569167335.0,68797213259.0,1644366380594.0,15755.69167335,16443.66380594,22313020121.0,969865539.0,6768605717.0,22043325760.0,97367657.0,519056194.0
2019-07-03,2019,7,826897619326.0,44175523085.0,871073142411.0,748671548009.0,24621690174.0,773293238183.0,1575569167335.0,68797213259.0,1644366380594.0,15755.69167335,16443.66380594,22313020121.0,969865539.0,6768605717.0,22043325760.0,97367657.0,519056194.0
2019-07-04,2019,7,826897619326.0,44175523085.0,871073142411.0,748671548009.0,24621690174.0,773293238183.0,1575569167335.0,68797213259.0,1644366380594.0,15755.69167335,16443.66380594,22313020121.0,969865539.0,6768605717.0,22043325760.0,97367657.0,519056194.0
2019-07-05,2019,7,826897619326.0,44175523085.0,871073142411.0,748671548009.0,24621690174.0,773293238183.0,1575569167335.0,68797213259.0,1644366380594.0,15755.69167335,16443.66380594,22313020121.0,969865539.0,6768605717.0,22043325760.0,97367657.0,519056194.0
2019-07-08,2019,7,826897619326.0,44175523085.0,871073142411.0,748671548009.0,24621690174.0,773293238183.0,1575569167335.0,68797213259.0,1644366380594.0,15755.69167335,16443.66380594,22313020121.0,969865539.0,6768605717.0,22043325760.0,97367657.0,519056194.0
2019-07-09,2019,7,826897619326.0,44175523085.0,871073142411.0,748671548009.0,24621690174.0,773293238183.0,1575569167335.0,68797213259.0,1644366380594.0,15755.69167335,16443.66380594,22313020121.0,969865539.0,6768605717.0,22043325760.0,97367657.0,519056194.0
2019-07-10,2019,7,826897619326.0,44175523085.0,871073142411.0,748671548009.0,24621690174.0,773293238183.0,1575569167335.0,68797213259.0,1644366380594.0,15755.69167335,16443.66380594,22313020121.0,969865539.0,6768605717.0,22043325760.0,97367657.0,519056194.0
2019-07-11,2019,7,826897619326.0,44175523085.0,871073142411.0,748671548009.0,24621690174.0,773293238183.0,1575569167335.0,68797213259.0,1644366380594.0,15755.69167335,16443.66380594,22313020121.0,969865539.0,6768605717.0,22043325760.0,97367657.0,519056194.0
2019-07-12,2019,7,826897619326.0,44175523085.0,871073142411.0,748671548009.0,24621690174.0,773293238183.0,1575569167335.0,68797213259.0,1644366380594.0,15755.69167335,16443.66380594,22313020121.0,969865539.0,6768605717.0,22043325760.0,97367657.0,519056194.0
2019-07-15,2019,7,826897619326.0,44175523085.0,871073142411.0,748671548009.0,24621690174.0,773293238183.0,1575569167335.0,68797213259.0,1644366380594.0,15755.69167335,16443.66380594,22313020121.0,969865539.0,6768605717.0,22043325760.0,97367657.0,519056194.0
2019-07-16,2019,7,826897619326.0,44175523085.0,871073142411.0,748671548009.0,24621690174.0,773293238183.0,1575569167335.0,68797213259.0,1644366380594.0,15755.69167335,16443.66380594,22313020121.0,969865539.0,6768605717.0,22043325760.0,97367657.0,519056194.0
2019-07-17,2019,7,826897619326.0,44175523085.0,871073142411.0,748671548009.0,24621690174.0,773293238183.0,1575569167335.0,68797213259.0,1644366380594.0,15755.69167335,16443.66380594,22313020121.0,969865539.0,6768605717.0,22043325760.0,97367657.0,519056194.0
2019-07-18,2019,7,826897619326.0,44175523085.0,871073142411.0,748671548009.0,24621690174.0,773293238183.0,1575569167335.0,68797213259.0,1644366380594.0,15755.69167335,16443.66380594,22313020121.0,969865539.0,6768605717.0,22043325760.0,97367657.0,519056194.0
2019-07-19,2019,7,826897619326.0,44175523085.0,871073142411.0,748671548009.0,24621690174.0,773293238183.0,1575569167335.0,68797213259.0,1644366380594.0,15755.69167335,16443.66380594,22313020121.0,969865539.0,6768605717.0,22043325760.0,97367657.0,519056194.0
2019-07-22,2019,7,826897619326.0,44175523085.0,871073142411.0,748671548009.0,24621690174.0,773293238183.0,1575569167335.0,68797213259.0,1644366380594.0,15755.69167335,16443.66380594,22313020121.0,969865539.0,6768605717.0,22043325760.0,97367657.0,519056194.0
2019-07-23,2019,7,826897619326.0,44175523085.0,871073142411.0,748671548009.0,24621690174.0,773293238183.0,1575569167335.0,68797213259.0,1644366380594.0,15755.69167335,16443.66380594,22313020121.0,969865539.0,6768605717.0,22043325760.0,97367657.0,519056194.0
2019-07-24,2019,7,826897619326.0,44175523085.0,871073142411.0,748671548009.0,24621690174.0,773293238183.0,1575569167335.0,68797213259.0,1644366380594.0,15755.69167335,16443.66380594,22313020121.0,969865539.0,6768605717.0,22043325760.0,97367657.0,519056194.0
2019-07-25,2019,7,826897619326.0,44175523085.0,871073142411.0,748671548009.0,24621690174.0,773293238183.0,1575569167335.0,68797213259.0,1644366380594.0,15755.69167335,16443.66380594,22313020121.0,969865539.0,6768605717.0,22043325760.0,97367657.0,519056194.0
2019-07-26,2019,7,826897619326.0,44175523085.0,871073142411.0,748671548009.0,24621690174.0,773293238183.0,1575569167335.0,68797213259.0,1644366380594.0,15755.69167335,16443.66380594,22313020121.0,969865539.0,6768605717.0,22043325760.0,97367657.0,519056194.0
2019-07-29,2019,7,826897619326.0,44175523085.0,871073142411.0,748671548009.0,24621690174.0,773293238183.0,1575569167335.0,68797213259.0,1644366380594.0,15755.69167335,16443.66380594,22313020121.0,969865539.0,6768605717.0,22043325760.0,97367657.0,519056194.0
2019-07-30,2019,7,826897619326.0,44175523085.0,871073142411.0,748671548009.0,24621690174.0,773293238183.0,1575569167335.0,68797213259.0,1644366380594.0,15755.69167335,16443.66380594,22313020121.0,969865539.0,6768605717.0,22043325760.0,97367657.0,519056194.0
2019-07-31,2019,7,788882659697.0,25994263645.0,814876923342.0,703182846082.0,14933243894.0,718116089976.0,1492065505779.0,40927507539.0,1532993013318.0,14920.65505779,15329.93013318,39853695676.0,167985303.0,5098224252.0,35766079228.0,97367657.0,519056194.0
2019-08-01,2019,8,788882659697.0,25994263645.0,814876923342.0,703182846082.0,14933243894.0,718116089976.0,1492065505779.0,40927507539.0,1532993013318.0,14920.65505779,15329.93013318,39853695676.0,167985303.0,5098224252.0,35766079228.0,97367657.0,519056194.0
2019-08-02,2019,8,788882659697.0,25994263645.0,814876923342.0,703182846082.0,14933243894.0,718116089976.0,1492065505779.0,40927507539.0,1532993013318.0,14920.65505779,15329.93013318,39853695676.0,167985303.0,5098224252.0,35766079228.0,97367657.0,519056194.0
2019-08-05,2019,8,788882659697.0,25994263645.0,814876923342.0,703182846082.0,14933243894.0,718116089976.0,1492065505779.0,40927507539.0,1532993013318.0,14920.65505779,15329.93013318,39853695676.0,167985303.0,5098224252.0,35766079228.0,97367657.0,519056194.0
2019-08-06,2019,8,788882659697.0,25994263645.0,814876923342.0,703182846082.0,14933243894.0,718116089976.0,1492065505779.0,40927507539.0,1532993013318.0,14920.65505779,15329.93013318,39853695676.0,167985303.0,5098224252.0,35766079228.0,97367657.0,519056194.0
2019-08-07,2019,8,788882659697.0,25994263645.0,814876923342.0,703182846082.0,14933243894.0,718116089976.0,1492065505779.0,40927507539.0,1532993013318.0,14920.65505779,15329.93013318,39853695676.0,167985303.0,5098224252.0,35766079228.0,97367657.0,519056194.0
2019-08-08,2019,8,788882659697.0,25994263645.0,814876923342.0,703182846082.0,14933243894.0,718116089976.0,1492065505779.0,40927507539.0,1532993013318.0,14920.65505779,15329.93013318,39853695676.0,167985303.0,5098224252.0,35766079228.0,97367657.0,519056194.0
2019-08-09,2019,8,788882659697.0,25994263645.0,814876923342.0,703182846082.0,14933243894.0,718116089976.0,1492065505779.0,40927507539.0,1532993013318.0,14920.65505779,15329.93013318,39853695676.0,167985303.0,5098224252.0,35766079228.0,97367657.0,519056194.0
2019-08-12,2019,8,788882659697.0,25994263645.0,814876923342.0,703182846082.0,14933243894.0,718116089976.0,1492065505779.0,40927507539.0,1532993013318.0,14920.65505779,15329.93013318,39853695676.0,167985303.0,5098224252.0,35766079228.0,97367657.0,519056194.0
2019-08-13,2019,8,788882659697.0,25994263645.0,814876923342.0,703182846082.0,14933243894.0,718116089976.0,1492065505779.0,40927507539.0,1532993013318.0,14920.65505779,15329.93013318,39853695676.0,167985303.0,5098224252.0,35766079228.0,97367657.0,519056194.0
2019-08-14,2019,8,788882659697.0,25994263645.0,814876923342.0,703182846082.0,14933243894.0,718116089976.0,1492065505779.0,40927507539.0,1532993013318.0,14920.65505779,15329.93013318,39853695676.0,167985303.0,5098224252.0,35766079228.0,97367657.0,519056194.0
2019-08-15,2019,8,788882659697.0,25994263645.0,814876923342.0,703182846082.0,14933243894.0,718116089976.0,1492065505779.0,40927507539.0,1532993013318.0,14920.65505779,15329.93013318,39853695676.0,167985303.0,5098224252.0,35766079228.0,97367657.0,519056194.0
2019-08-16,2019,8,788882659697.0,25994263645.0,814876923342.0,703182846082.0,14933243894.0,718116089976.0,1492065505779.0,40927507539.0,1532993013318.0,14920.65505779,15329.93013318,39853695676.0,167985303.0,5098224252.0,35766079228.0,97367657.0,519056194.0
2019-08-19,2019,8,788882659697.0,25994263645.0,814876923342.0,703182846082.0,14933243894.0,718116089976.0,1492065505779.0,40927507539.0,1532993013318.0,14920.65505779,15329.93013318,39853695676.0,167985303.0,5098224252.0,35766079228.0,97367657.0,519056194.0
2019-08-20,2019,8,788882659697.0,25994263645.0,814876923342.0,703182846082.0,14933243894.0,718116089976.0,1492065505779.0,40927507539.0,1532993013318.0,14920.65505779,15329.93013318,39853695676.0,167985303.0,5098224252.0,35766079228.0,97367657.0,519056194.0
2019-08-21,2019,8,788882659697.0,25994263645.0,814876923342.0,703182846082.0,14933243894.0,718116089976.0,1492065505779.0,40927507539.0,1532993013318.0,14920.65505779,15329.93013318,39853695676.0,167985303.0,5098224252.0,35766079228.0,97367657.0,519056194.0
2019-08-22,2019,8,788882659697.0,25994263645.0,814876923342.0,703182846082.0,14933243894.0,718116089976.0,1492065505779.0,40927507539.0,1532993013318.0,14920.65505779,15329.93013318,39853695676.0,167985303.0,5098224252.0,35766079228.0,97367657.0,519056194.0
2019-08-23,2019,8,788882659697.0,25994263645.0,814876923342.0,703182846082.0,14933243894.0,718116089976.0,1492065505779.0,40927507539.0,1532993013318.0,14920.65505779,15329.93013318,39853695676.0,167985303.0,5098224252.0,35766079228.0,97367657.0,519056194.0
2019-08-26,2019,8,788882659697.0,25994263645.0,814876923342.0,703182846082.0,14933243894.0,718116089976.0,1492065505779.0,40927507539.0,1532993013318.0,14920.65505779,15329.93013318,39853695676.0,167985303.0,5098224252.0,35766079228.0,97367657.0,519056194.0
2019-08-27,2019,8,788882659697.0,25994263645.0,814876923342.0,703182846082.0,14933243894.0,718116089976.0,1492065505779.0,40927507539.0,1532993013318.0,14920.65505779,15329.93013318,39853695676.0,167985303.0,5098224252.0,35766079228.0,97367657.0,519056194.0
2019-08-28,2019,8,788882659697.0,25994263645.0,814876923342.0,703182846082.0,14933243894.0,718116089976.0,1492065505779.0,40927507539.0,1532993013318.0,14920.65505779,15329.93013318,39853695676.0,167985303.0,5098224252.0,35766079228.0,97367657.0,519056194.0
2019-08-29,2019,8,788882659697.0,25994263645.0,814876923342.0,703182846082.0,14933243894.0,718116089976.0,1492065505779.0,40927507539.0,1532993013318.0,14920.65505779,15329.93013318,39853695676.0,167985303.0,5098224252.0,35766079228.0,97367657.0,519056194.0
2019-08-30,2019,8,788882659697.0,25994263645.0,814876923342.0,703182846082.0,14933243894.0,718116089976.0,1492065505779.0,40927507539.0,1532993013318.0,14920.65505779,15329.93013318,39853695676.0,167985303.0,5098224252.0,35766079228.0,97367657.0,519056194.0
2019-09-02,2019,9,788882659697.0,25994263645.0,814876923342.0,703182846082.0,14933243894.0,718116089976.0,1492065505779.0,40927507539.0,1532993013318.0,14920.65505779,15329.93013318,39853695676.0,167985303.0,5098224252.0,35766079228.0,97367657.0,519056194.0
2019-09-03,2019,9,788882659697.0,25994263645.0,814876923342.0,703182846082.0,14933243894.0,718116089976.0,1492065505779.0,40927507539.0,1532993013318.0,14920.65505779,15329.93013318,39853695676.0,167985303.0,5098224252.0,35766079228.0,97367657.0,519056194.0
2019-09-04,2019,9,788882659697.0,25994263645.0,814876923342.0,703182846082.0,14933243894.0,718116089976.0,1492065505779.0,40927507539.0,1532993013318.0,14920.65505779,15329.93013318,39853695676.0,167985303.0,5098224252.0,35766079228.0,97367657.0,519056194.0
2019-09-05,2019,9,788882659697.0,25994263645.0,814876923342.0,703182846082.0,14933243894.0,718116089976.0,1492065505779.0,40927507539.0,1532993013318.0,14920.65505779,15329.93013318,39853695676.0,167985303.0,5098224252.0,35766079228.0,97367657.0,519056194.0
2019-09-06,2019,9,788882659697.0,25994263645.0,814876923342.0,703182846082.0,14933243894.0,718116089976.0,1492065505779.0,40927507539.0,1532993013318.0,14920.65505779,15329.93013318,39853695676.0,167985303.0,5098224252.0,35766079228.0,97367657.0,519056194.0
2019-09-09,2019,9,788882659697.0,25994263645.0,814876923342.0,703182846082.0,14933243894.0,718116089976.0,1492065505779.0,40927507539.0,1532993013318.0,14920.65505779,15329.93013318,39853695676.0,167985303.0,5098224252.0,35766079228.0,97367657.0,519056194.0
2019-09-10,2019,9,788882659697.0,25994263645.0,814876923342.0,703182846082.0,14933243894.0,718116089976.0,1492065505779.0,40927507539.0,1532993013318.0,14920.65505779,15329.93013318,39853695676.0,167985303.0,5098224252.0,35766079228.0,97367657.0,519056194.0
2019-09-11,2019,9,788882659697.0,25994263645.0,814876923342.0,703182846082.0,14933243894.0,718116089976.0,1492065505779.0,40927507539.0,1532993013318.0,14920.65505779,15329.93013318,39853695676.0,167985303.0,5098224252.0,35766079228.0,97367657.0,519056194.0
2019-09-12,2019,9,788882659697.0,25994263645.0,814876923342.0,703182846082.0,14933243894.0,718116089976.0,1492065505779.0,40927507539.0,1532993013318.0,14920.65505779,15329.93013318,39853695676.0,167985303.0,5098224252.0,35766079228.0,97367657.0,519056194.0
2019-09-16,2019,9,788882659697.0,25994263645.0,814876923342.0,703182846082.0,14933243894.0,718116089976.0,1492065505779.0,40927507539.0,1532993013318.0,14920.65505779,15329.93013318,39853695676.0,167985303.0,5098224252.0,35766079228.0,97367657.0,519056194.0
2019-09-17,2019,9,788882659697.0,25994263645.0,814876923342.0,703182846082.0,14933243894.0,718116089976.0,1492065505779.0,40927507539.0,1532993013318.0,14920.65505779,15329.93013318,39853695676.0,167985303.0,5098224252.0,35766079228.0,97367657.0,519056194.0
2019-09-18,2019,9,788882659697.0,25994263645.0,814876923342.0,703182846082.0,14933243894.0,718116089976.0,1492065505779.0,40927507539.0,1532993013318.0,14920.65505779,15329.93013318,39853695676.0,167985303.0,5098224252.0,35766079228.0,97367657.0,519056194.0
2019-09-19,2019,9,788882659697.0,25994263645.0,814876923342.0,703182846082.0,14933243894.0,718116089976.0,1492065505779.0,40927507539.0,1532993013318.0,14920.65505779,15329.93013318,39853695676.0,167985303.0,5098224252.0,35766079228.0,97367657.0,519056194.0
2019-09-20,2019,9,788882659697.0,25994263645.0,814876923342.0,703182846082.0,14933243894.0,718116089976.0,1492065505779.0,40927507539.0,1532993013318.0,14920.65505779,15329.93013318,39853695676.0,167985303.0,5098224252.0,35766079228.0,97367657.0,519056194.0
2019-09-23,2019,9,788882659697.0,25994263645.0,814876923342.0,703182846082.0,14933243894.0,718116089976.0,1492065505779.0,40927507539.0,1532993013318.0,14920.65505779,15329.93013318,39853695676.0,167985303.0,5098224252.0,35766079228.0,97367657.0,519056194.0
2019-09-24,2019,9,788882659697.0,25994263645.0,814876923342.0,703182846082.0,14933243894.0,718116089976.0,1492065505779.0,40927507539.0,1532993013318.0,14920.65505779,15329.93013318,39853695676.0,167985303.0,5098224252.0,35766079228.0,97367657.0,519056194.0
2019-09-25,2019,9,788882659697.0,25994263645.0,814876923342.0,703182846082.0,14933243894.0,718116089976.0,1492065505779.0,40927507539.0,1532993013318.0,14920.65505779,15329.93013318,39853695676.0,167985303.0,5098224252.0,35766079228.0,97367657.0,519056194.0
2019-09-26,2019,9,788882659697.0,25994263645.0,814876923342.0,703182846082.0,14933243894.0,718116089976.0,1492065505779.0,40927507539.0,1532993013318.0,14920.65505779,15329.93013318,39853695676.0,167985303.0,5098224252.0,35766079228.0,97367657.0,519056194.0
2019-09-27,2019,9,788882659697.0,25994263645.0,814876923342.0,703182846082.0,14933243894.0,718116089976.0,1492065505779.0,40927507539.0,1532993013318.0,14920.65505779,15329.93013318,39853695676.0,167985303.0,5098224252.0,35766079228.0,97367657.0,519056194.0
2019-09-30,2019,9,750396440884.0,19757407656.0,770153848540.0,675074485766.0,10514421097.0,685588906863.0,1425470926650.0,30271828753.0,1455742755403.0,14254.7092665,14557.42755403,22917414714.0,98502098.0,4319869143.0,23492042747.0,97367657.0,519056194.0
2019-10-08,2019,10,750396440884.0,19757407656.0,770153848540.0,675074485766.0,10514421097.0,685588906863.0,1425470926650.0,30271828753.0,1455742755403.0,14254.7092665,14557.42755403,22917414714.0,98502098.0,4319869143.0,23492042747.0,97367657.0,519056194.0
2019-10-09,2019,10,750396440884.0,19757407656.0,770153848540.0,675074485766.0,10514421097.0,685588906863.0,1425470926650.0,30271828753.0,1455742755403.0,14254.7092665,14557.42755403,22917414714.0,98502098.0,4319869143.0,23492042747.0,97367657.0,519056194.0
2019-10-10,2019,10,750396440884.0,19757407656.0,770153848540.0,675074485766.0,10514421097.0,685588906863.0,1425470926650.0,30271828753.0,1455742755403.0,14254.7092665,14557.42755403,22917414714.0,98502098.0,4319869143.0,23492042747.0,97367657.0,519056194.0
2019-10-11,2019,10,750396440884.0,19757407656.0,770153848540.0,675074485766.0,10514421097.0,685588906863.0,1425470926650.0,30271828753.0,1455742755403.0,14254.7092665,14557.42755403,22917414714.0,98502098.0,4319869143.0,23492042747.0,97367657.0,519056194.0
2019-10-14,2019,10,750396440884.0,19757407656.0,770153848540.0,675074485766.0,10514421097.0,685588906863.0,1425470926650.0,30271828753.0,1455742755403.0,14254.7092665,14557.42755403,22917414714.0,98502098.0,4319869143.0,23492042747.0,97367657.0,519056194.0
2019-10-15,2019,10,750396440884.0,19757407656.0,770153848540.0,675074485766.0,10514421097.0,685588906863.0,1425470926650.0,30271828753.0,1455742755403.0,14254.7092665,14557.42755403,22917414714.0,98502098.0,4319869143.0,23492042747.0,97367657.0,519056194.0
2019-10-16,2019,10,750396440884.0,19757407656.0,770153848540.0,675074485766.0,10514421097.0,685588906863.0,1425470926650.0,30271828753.0,1455742755403.0,14254.7092665,14557.42755403,22917414714.0,98502098.0,4319869143.0,23492042747.0,97367657.0,519056194.0
2019-10-17,2019,10,750396440884.0,19757407656.0,770153848540.0,675074485766.0,10514421097.0,685588906863.0,1425470926650.0,30271828753.0,1455742755403.0,14254.7092665,14557.42755403,22917414714.0,98502098.0,4319869143.0,23492042747.0,97367657.0,519056194.0
2019-10-18,2019,10,750396440884.0,19757407656.0,770153848540.0,675074485766.0,10514421097.0,685588906863.0,1425470926650.0,30271828753.0,1455742755403.0,14254.7092665,14557.42755403,22917414714.0,98502098.0,4319869143.0,23492042747.0,97367657.0,519056194.0
2019-10-21,2019,10,750396440884.0,19757407656.0,770153848540.0,675074485766.0,10514421097.0,685588906863.0,1425470926650.0,30271828753.0,1455742755403.0,14254.7092665,14557.42755403,22917414714.0,98502098.0,4319869143.0,23492042747.0,97367657.0,519056194.0
2019-10-22,2019,10,750396440884.0,19757407656.0,770153848540.0,675074485766.0,10514421097.0,685588906863.0,1425470926650.0,30271828753.0,1455742755403.0,14254.7092665,14557.42755403,22917414714.0,98502098.0,4319869143.0,23492042747.0,97367657.0,519056194.0
2019-10-23,2019,10,750396440884.0,19757407656.0,770153848540.0,675074485766.0,10514421097.0,685588906863.0,1425470926650.0,30271828753.0,1455742755403.0,14254.7092665,14557.42755403,22917414714.0,98502098.0,4319869143.0,23492042747.0,97367657.0,519056194.0
2019-10-24,2019,10,750396440884.0,19757407656.0,770153848540.0,675074485766.0,10514421097.0,685588906863.0,1425470926650.0,30271828753.0,1455742755403.0,14254.7092665,14557.42755403,22917414714.0,98502098.0,4319869143.0,23492042747.0,97367657.0,519056194.0
2019-10-25,2019,10,750396440884.0,19757407656.0,770153848540.0,675074485766.0,10514421097.0,685588906863.0,1425470926650.0,30271828753.0,1455742755403.0,14254.7092665,14557.42755403,22917414714.0,98502098.0,4319869143.0,23492042747.0,97367657.0,519056194.0
2019-10-28,2019,10,750396440884.0,19757407656.0,770153848540.0,675074485766.0,10514421097.0,685588906863.0,1425470926650.0,30271828753.0,1455742755403.0,14254.7092665,14557.42755403,22917414714.0,98502098.0,4319869143.0,23492042747.0,97367657.0,519056194.0
2019-10-29,2019,10,750396440884.0,19757407656.0,770153848540.0,675074485766.0,10514421097.0,685588906863.0,1425470926650.0,30271828753.0,1455742755403.0,14254.7092665,14557.42755403,22917414714.0,98502098.0,4319869143.0,23492042747.0,97367657.0,519056194.0
2019-10-30,2019,10,750396440884.0,19757407656.0,770153848540.0,675074485766.0,10514421097.0,685588906863.0,1425470926650.0,30271828753.0,1455742755403.0,14254.7092665,14557.42755403,22917414714.0,98502098.0,4319869143.0,23492042747.0,97367657.0,519056194.0
2019-10-31,2019,10,727302602430.0,7956736185.0,735259338615.0,653053087510.0,3966662889.0,657019750399.0,1380355689940.0,11923399074.0,1392279089014.0,13803.5568994,13922.79089014,18834970669.0,56497637.0,2077489488.0,17206527191.0,97367657.0,519056194.0
2019-11-01,2019,11,727302602430.0,7956736185.0,735259338615.0,653053087510.0,3966662889.0,657019750399.0,1380355689940.0,11923399074.0,1392279089014.0,13803.5568994,13922.79089014,18834970669.0,56497637.0,2077489488.0,17206527191.0,97367657.0,519056194.0
2019-11-04,2019,11,727302602430.0,7956736185.0,735259338615.0,653053087510.0,3966662889.0,657019750399.0,1380355689940.0,11923399074.0,1392279089014.0,13803.5568994,13922.79089014,18834970669.0,56497637.0,2077489488.0,17206527191.0,97367657.0,519056194.0
2019-11-05,2019,11,727302602430.0,7956736185.0,735259338615.0,653053087510.0,3966662889.0,657019750399.0,1380355689940.0,11923399074.0,1392279089014.0,13803.5568994,13922.79089014,18834970669.0,56497637.0,2077489488.0,17206527191.0,97367657.0,519056194.0
2019-11-06,2019,11,727302602430.0,7956736185.0,735259338615.0,653053087510.0,3966662889.0,657019750399.0,1380355689940.0,11923399074.0,1392279089014.0,13803.5568994,13922.79089014,18834970669.0,56497637.0,2077489488.0,17206527191.0,97367657.0,519056194.0
2019-11-07,2019,11,727302602430.0,7956736185.0,735259338615.0,653053087510.0,3966662889.0,657019750399.0,1380355689940.0,11923399074.0,1392279089014.0,13803.5568994,13922.79089014,18834970669.0,56497637.0,2077489488.0,17206527191.0,97367657.0,519056194.0
2019-11-08,2019,11,727302602430.0,7956736185.0,735259338615.0,653053087510.0,3966662889.0,657019750399.0,1380355689940.0,11923399074.0,1392279089014.0,13803.5568994,13922.79089014,18834970669.0,56497637.0,2077489488.0,17206527191.0,97367657.0,519056194.0
2019-11-11,2019,11,727302602430.0,7956736185.0,735259338615.0,653053087510.0,3966662889.0,657019750399.0,1380355689940.0,11923399074.0,1392279089014.0,13803.5568994,13922.79089014,18834970669.0,56497637.0,2077489488.0,17206527191.0,97367657.0,519056194.0
2019-11-12,2019,11,727302602430.0,7956736185.0,735259338615.0,653053087510.0,3966662889.0,657019750399.0,1380355689940.0,11923399074.0,1392279089014.0,13803.5568994,13922.79089014,18834970669.0,56497637.0,2077489488.0,17206527191.0,97367657.0,519056194.0
2019-11-13,2019,11,727302602430.0,7956736185.0,735259338615.0,653053087510.0,3966662889.0,657019750399.0,1380355689940.0,11923399074.0,1392279089014.0,13803.5568994,13922.79089014,18834970669.0,56497637.0,2077489488.0,17206527191.0,97367657.0,519056194.0
2019-11-14,2019,11,727302602430.0,7956736185.0,735259338615.0,653053087510.0,3966662889.0,657019750399.0,1380355689940.0,11923399074.0,1392279089014.0,13803.5568994,13922.79089014,18834970669.0,56497637.0,2077489488.0,17206527191.0,97367657.0,519056194.0
2019-11-15,2019,11,727302602430.0,7956736185.0,735259338615.0,653053087510.0,3966662889.0,657019750399.0,1380355689940.0,11923399074.0,1392279089014.0,13803.5568994,13922.79089014,18834970669.0,56497637.0,2077489488.0,17206527191.0,97367657.0,519056194.0
2019-11-18,2019,11,727302602430.0,7956736185.0,735259338615.0,653053087510.0,3966662889.0,657019750399.0,1380355689940.0,11923399074.0,1392279089014.0,13803.5568994,13922.79089014,18834970669.0,56497637.0,2077489488.0,17206527191.0,97367657.0,519056194.0
2019-11-19,2019,11,727302602430.0,7956736185.0,735259338615.0,653053087510.0,3966662889.0,657019750399.0,1380355689940.0,11923399074.0,1392279089014.0,13803.5568994,13922.79089014,18834970669.0,56497637.0,2077489488.0,17206527191.0,97367657.0,519056194.0
2019-11-20,2019,11,727302602430.0,7956736185.0,735259338615.0,653053087510.0,3966662889.0,657019750399.0,1380355689940.0,11923399074.0,1392279089014.0,13803.5568994,13922.79089014,18834970669.0,56497637.0,2077489488.0,17206527191.0,97367657.0,519056194.0
2019-11-21,2019,11,727302602430.0,7956736185.0,735259338615.0,653053087510.0,3966662889.0,657019750399.0,1380355689940.0,11923399074.0,1392279089014.0,13803.5568994,13922.79089014,18834970669.0,56497637.0,2077489488.0,17206527191.0,97367657.0,519056194.0
2019-11-22,2019,11,727302602430.0,7956736185.0,735259338615.0,653053087510.0,3966662889.0,657019750399.0,1380355689940.0,11923399074.0,1392279089014.0,13803.5568994,13922.79089014,18834970669.0,56497637.0,2077489488.0,17206527191.0,97367657.0,519056194.0
2019-11-25,2019,11,727302602430.0,7956736185.0,735259338615.0,653053087510.0,3966662889.0,657019750399.0,1380355689940.0,11923399074.0,1392279089014.0,13803.5568994,13922.79089014,18834970669.0,56497637.0,2077489488.0,17206527191.0,97367657.0,519056194.0
2019-11-26,2019,11,727302602430.0,7956736185.0,735259338615.0,653053087510.0,3966662889.0,657019750399.0,1380355689940.0,11923399074.0,1392279089014.0,13803.5568994,13922.79089014,18834970669.0,56497637.0,2077489488.0,17206527191.0,97367657.0,519056194.0
2019-11-27,2019,11,727302602430.0,7956736185.0,735259338615.0,653053087510.0,3966662889.0,657019750399.0,1380355689940.0,11923399074.0,1392279089014.0,13803.5568994,13922.79089014,18834970669.0,56497637.0,2077489488.0,17206527191.0,97367657.0,519056194.0
2019-11-28,2019,11,727302602430.0,7956736185.0,735259338615.0,653053087510.0,3966662889.0,657019750399.0,1380355689940.0,11923399074.0,1392279089014.0,13803.5568994,13922.79089014,18834970669.0,56497637.0,2077489488.0,17206527191.0,97367657.0,519056194.0
2019-11-29,2019,11,727302602430.0,7956736185.0,735259338615.0,653053087510.0,3966662889.0,657019750399.0,1380355689940.0,11923399074.0,1392279089014.0,13803.5568994,13922.79089014,18834970669.0,56497637.0,2077489488.0,17206527191.0,97367657.0,519056194.0
2019-12-02,2019,12,727302602430.0,7956736185.0,735259338615.0,653053087510.0,3966662889.0,657019750399.0,1380355689940.0,11923399074.0,1392279089014.0,13803.5568994,13922.79089014,18834970669.0,56497637.0,2077489488.0,17206527191.0,97367657.0,519056194.0
2019-12-03,2019,12,727302602430.0,7956736185.0,735259338615.0,653053087510.0,3966662889.0,657019750399.0,1380355689940.0,11923399074.0,1392279089014.0,13803.5568994,13922.79089014,18834970669.0,56497637.0,2077489488.0,17206527191.0,97367657.0,519056194.0
2019-12-04,2019,12,727302602430.0,7956736185.0,735259338615.0,653053087510.0,3966662889.0,657019750399.0,1380355689940.0,11923399074.0,1392279089014.0,13803.5568994,13922.79089014,18834970669.0,56497637.0,2077489488.0,17206527191.0,97367657.0,519056194.0
2019-12-05,2019,12,727302602430.0,7956736185.0,735259338615.0,653053087510.0,3966662889.0,657019750399.0,1380355689940.0,11923399074.0,1392279089014.0,13803.5568994,13922.79089014,18834970669.0,56497637.0,2077489488.0,17206527191.0,97367657.0,519056194.0
2019-12-06,2019,12,727302602430.0,7956736185.0,735259338615.0,653053087510.0,3966662889.0,657019750399.0,1380355689940.0,11923399074.0,1392279089014.0,13803.5568994,13922.79089014,18834970669.0,56497637.0,2077489488.0,17206527191.0,97367657.0,519056194.0
2019-12-09,2019,12,727302602430.0,7956736185.0,735259338615.0,653053087510.0,3966662889.0,657019750399.0,1380355689940.0,11923399074.0,1392279089014.0,13803.5568994,13922.79089014,18834970669.0,56497637.0,2077489488.0,17206527191.0,97367657.0,519056194.0
2019-12-10,2019,12,727302602430.0,7956736185.0,735259338615.0,653053087510.0,3966662889.0,657019750399.0,1380355689940.0,11923399074.0,1392279089014.0,13803.5568994,13922.79089014,18834970669.0,56497637.0,2077489488.0,17206527191.0,97367657.0,519056194.0
2019-12-11,2019,12,727302602430.0,7956736185.0,735259338615.0,653053087510.0,3966662889.0,657019750399.0,1380355689940.0,11923399074.0,1392279089014.0,13803.5568994,13922.79089014,18834970669.0,56497637.0,2077489488.0,17206527191.0,97367657.0,519056194.0
2019-12-12,2019,12,727302602430.0,7956736185.0,735259338615.0,653053087510.0,3966662889.0,657019750399.0,1380355689940.0,11923399074.0,1392279089014.0,13803.5568994,13922.79089014,18834970669.0,56497637.0,2077489488.0,17206527191.0,97367657.0,519056194.0
2019-12-13,2019,12,727302602430.0,7956736185.0,735259338615.0,653053087510.0,3966662889.0,657019750399.0,1380355689940.0,11923399074.0,1392279089014.0,13803.5568994,13922.79089014,18834970669.0,56497637.0,2077489488.0,17206527191.0,97367657.0,519056194.0
2019-12-16,2019,12,727302602430.0,7956736185.0,735259338615.0,653053087510.0,3966662889.0,657019750399.0,1380355689940.0,11923399074.0,1392279089014.0,13803.5568994,13922.79089014,18834970669.0,56497637.0,2077489488.0,17206527191.0,97367657.0,519056194.0
2019-12-17,2019,12,727302602430.0,7956736185.0,735259338615.0,653053087510.0,3966662889.0,657019750399.0,1380355689940.0,11923399074.0,1392279089014.0,13803.5568994,13922.79089014,18834970669.0,56497637.0,2077489488.0,17206527191.0,97367657.0,519056194.0
2019-12-18,2019,12,727302602430.0,7956736185.0,735259338615.0,653053087510.0,3966662889.0,657019750399.0,1380355689940.0,11923399074.0,1392279089014.0,13803.5568994,13922.79089014,18834970669.0,56497637.0,2077489488.0,17206527191.0,97367657.0,519056194.0
2019-12-19,2019,12,727302602430.0,7956736185.0,735259338615.0,653053087510.0,3966662889.0,657019750399.0,1380355689940.0,11923399074.0,1392279089014.0,13803.5568994,13922.79089014,18834970669.0,56497637.0,2077489488.0,17206527191.0,97367657.0,519056194.0
2019-12-20,2019,12,727302602430.0,7956736185.0,735259338615.0,653053087510.0,3966662889.0,657019750399.0,1380355689940.0,11923399074.0,1392279089014.0,13803.5568994,13922.79089014,18834970669.0,56497637.0,2077489488.0,17206527191.0,97367657.0,519056194.0
2019-12-23,2019,12,727302602430.0,7956736185.0,735259338615.0,653053087510.0,3966662889.0,657019750399.0,1380355689940.0,11923399074.0,1392279089014.0,13803.5568994,13922.79089014,18834970669.0,56497637.0,2077489488.0,17206527191.0,97367657.0,519056194.0
2019-12-24,2019,12,727302602430.0,7956736185.0,735259338615.0,653053087510.0,3966662889.0,657019750399.0,1380355689940.0,11923399074.0,1392279089014.0,13803.5568994,13922.79089014,18834970669.0,56497637.0,2077489488.0,17206527191.0,97367657.0,519056194.0
2019-12-25,2019,12,727302602430.0,7956736185.0,735259338615.0,653053087510.0,3966662889.0,657019750399.0,1380355689940.0,11923399074.0,1392279089014.0,13803.5568994,13922.79089014,18834970669.0,56497637.0,2077489488.0,17206527191.0,97367657.0,519056194.0
2019-12-26,2019,12,727302602430.0,7956736185.0,735259338615.0,653053087510.0,3966662889.0,657019750399.0,1380355689940.0,11923399074.0,1392279089014.0,13803.5568994,13922.79089014,18834970669.0,56497637.0,2077489488.0,17206527191.0,97367657.0,519056194.0
2019-12-27,2019,12,727302602430.0,7956736185.0,735259338615.0,653053087510.0,3966662889.0,657019750399.0,1380355689940.0,11923399074.0,1392279089014.0,13803.5568994,13922.79089014,18834970669.0,56497637.0,2077489488.0,17206527191.0,97367657.0,519056194.0
2019-12-30,2019,12,727302602430.0,7956736185.0,735259338615.0,653053087510.0,3966662889.0,657019750399.0,1380355689940.0,11923399074.0,1392279089014.0,13803.5568994,13922.79089014,18834970669.0,56497637.0,2077489488.0,17206527191.0,97367657.0,519056194.0
2019-12-31,2019,12,945897197131.0,7191934389.0,953089131520.0,653053087510.0,3966662889.0,657019750399.0,945897197131.0,7191934389.0,953089131520.0,9458.97197131,9530.8913152,76090760232.0,74860008.0,1988679635.0,17206527191.0,97367657.0,519056194.0
2020-01-02,2020,1,945897197131.0,7191934389.0,953089131520.0,653053087510.0,3966662889.0,657019750399.0,945897197131.0,7191934389.0,953089131520.0,9458.97197131,9530.8913152,76090760232.0,74860008.0,1988679635.0,17206527191.0,97367657.0,519056194.0
2020-01-03,2020,1,945897197131.0,7191934389.0,953089131520.0,653053087510.0,3966662889.0,657019750399.0,945897197131.0,7191934389.0,953089131520.0,9458.97197131,9530.8913152,76090760232.0,74860008.0,1988679635.0,17206527191.0,97367657.0,519056194.0
2020-01-06,2020,1,945897197131.0,7191934389.0,953089131520.0,653053087510.0,3966662889.0,657019750399.0,945897197131.0,7191934389.0,953089131520.0,9458.97197131,9530.8913152,76090760232.0,74860008.0,1988679635.0,17206527191.0,97367657.0,519056194.0
2020-01-07,2020,1,945897197131.0,7191934389.0,953089131520.0,653053087510.0,3966662889.0,657019750399.0,945897197131.0,7191934389.0,953089131520.0,9458.97197131,9530.8913152,76090760232.0,74860008.0,1988679635.0,17206527191.0,97367657.0,519056194.0
2020-01-08,2020,1,945897197131.0,7191934389.0,953089131520.0,653053087510.0,3966662889.0,657019750399.0,945897197131.0,7191934389.0,953089131520.0,9458.97197131,9530.8913152,76090760232.0,74860008.0,1988679635.0,17206527191.0,97367657.0,519056194.0
2020-01-09,2020,1,945897197131.0,7191934389.0,953089131520.0,653053087510.0,3966662889.0,657019750399.0,945897197131.0,7191934389.0,953089131520.0,9458.97197131,9530.8913152,76090760232.0,74860008.0,1988679635.0,17206527191.0,97367657.0,519056194.0
2020-01-10,2020,1,945897197131.0,7191934389.0,953089131520.0,653053087510.0,3966662889.0,657019750399.0,945897197131.0,7191934389.0,953089131520.0,9458.97197131,9530.8913152,76090760232.0,74860008.0,1988679635.0,17206527191.0,97367657.0,519056194.0
2020-01-13,2020,1,945897197131.0,7191934389.0,953089131520.0,653053087510.0,3966662889.0,657019750399.0,945897197131.0,7191934389.0,953089131520.0,9458.97197131,9530.8913152,76090760232.0,74860008.0,1988679635.0,17206527191.0,97367657.0,519056194.0
2020-01-14,2020,1,945897197131.0,7191934389.0,953089131520.0,653053087510.0,3966662889.0,657019750399.0,945897197131.0,7191934389.0,953089131520.0,9458.97197131,9530.8913152,76090760232.0,74860008.0,1988679635.0,17206527191.0,97367657.0,519056194.0
2020-01-15,2020,1,945897197131.0,7191934389.0,953089131520.0,653053087510.0,3966662889.0,657019750399.0,945897197131.0,7191934389.0,953089131520.0,9458.97197131,9530.8913152,76090760232.0,74860008.0,1988679635.0,17206527191.0,97367657.0,519056194.0
2020-01-16,2020,1,945897197131.0,7191934389.0,953089131520.0,653053087510.0,3966662889.0,657019750399.0,945897197131.0,7191934389.0,953089131520.0,9458.97197131,9530.8913152,76090760232.0,74860008.0,1988679635.0,17206527191.0,97367657.0,519056194.0
2020-01-17,2020,1,945897197131.0,7191934389.0,953089131520.0,653053087510.0,3966662889.0,657019750399.0,945897197131.0,7191934389.0,953089131520.0,9458.97197131,9530.8913152,76090760232.0,74860008.0,1988679635.0,17206527191.0,97367657.0,519056194.0
2020-01-20,2020,1,945897197131.0,7191934389.0,953089131520.0,653053087510.0,3966662889.0,657019750399.0,945897197131.0,7191934389.0,953089131520.0,9458.97197131,9530.8913152,76090760232.0,74860008.0,1988679635.0,17206527191.0,97367657.0,519056194.0
2020-01-21,2020,1,945897197131.0,7191934389.0,953089131520.0,653053087510.0,3966662889.0,657019750399.0,945897197131.0,7191934389.0,953089131520.0,9458.97197131,9530.8913152,76090760232.0,74860008.0,1988679635.0,17206527191.0,97367657.0,519056194.0
2020-01-22,2020,1,945897197131.0,7191934389.0,953089131520.0,653053087510.0,3966662889.0,657019750399.0,945897197131.0,7191934389.0,953089131520.0,9458.97197131,9530.8913152,76090760232.0,74860008.0,1988679635.0,17206527191.0,97367657.0,519056194.0
2020-01-23,2020,1,945897197131.0,7191934389.0,953089131520.0,653053087510.0,3966662889.0,657019750399.0,945897197131.0,7191934389.0,953089131520.0,9458.97197131,9530.8913152,76090760232.0,74860008.0,1988679635.0,17206527191.0,97367657.0,519056194.0
2020-02-03,2020,2,945897197131.0,7191934389.0,953089131520.0,653053087510.0,3966662889.0,657019750399.0,945897197131.0,7191934389.0,953089131520.0,9458.97197131,9530.8913152,76090760232.0,74860008.0,1988679635.0,17206527191.0,97367657.0,519056194.0
2020-02-04,2020,2,945897197131.0,7191934389.0,953089131520.0,653053087510.0,3966662889.0,657019750399.0,945897197131.0,7191934389.0,953089131520.0,9458.97197131,9530.8913152,76090760232.0,74860008.0,1988679635.0,17206527191.0,97367657.0,519056194.0
2020-02-05,2020,2,945897197131.0,7191934389.0,953089131520.0,653053087510.0,3966662889.0,657019750399.0,945897197131.0,7191934389.0,953089131520.0,9458.97197131,9530.8913152,76090760232.0,74860008.0,1988679635.0,17206527191.0,97367657.0,519056194.0
2020-02-06,2020,2,945897197131.0,7191934389.0,953089131520.0,653053087510.0,3966662889.0,657019750399.0,945897197131.0,7191934389.0,953089131520.0,9458.97197131,9530.8913152,76090760232.0,74860008.0,1988679635.0,17206527191.0,97367657.0,519056194.0
2020-02-07,2020,2,945897197131.0,7191934389.0,953089131520.0,653053087510.0,3966662889.0,657019750399.0,945897197131.0,7191934389.0,953089131520.0,9458.97197131,9530.8913152,76090760232.0,74860008.0,1988679635.0,17206527191.0,97367657.0,519056194.0
2020-02-10,2020,2,945897197131.0,7191934389.0,953089131520.0,653053087510.0,3966662889.0,657019750399.0,945897197131.0,7191934389.0,953089131520.0,9458.97197131,9530.8913152,76090760232.0,74860008.0,1988679635.0,17206527191.0,97367657.0,519056194.0
2020-02-11,2020,2,945897197131.0,7191934389.0,953089131520.0,653053087510.0,3966662889.0,657019750399.0,945897197131.0,7191934389.0,953089131520.0,9458.97197131,9530.8913152,76090760232.0,74860008.0,1988679635.0,17206527191.0,97367657.0,519056194.0
2020-02-12,2020,2,945897197131.0,7191934389.0,953089131520.0,653053087510.0,3966662889.0,657019750399.0,945897197131.0,7191934389.0,953089131520.0,9458.97197131,9530.8913152,76090760232.0,74860008.0,1988679635.0,17206527191.0,97367657.0,519056194.0
2020-02-13,2020,2,945897197131.0,7191934389.0,953089131520.0,653053087510.0,3966662889.0,657019750399.0,945897197131.0,7191934389.0,953089131520.0,9458.97197131,9530.8913152,76090760232.0,74860008.0,1988679635.0,17206527191.0,97367657.0,519056194.0
2020-02-14,2020,2,945897197131.0,7191934389.0,953089131520.0,653053087510.0,3966662889.0,657019750399.0,945897197131.0,7191934389.0,953089131520.0,9458.97197131,9530.8913152,76090760232.0,74860008.0,1988679635.0,17206527191.0,97367657.0,519056194.0
2020-02-17,2020,2,945897197131.0,7191934389.0,953089131520.0,653053087510.0,3966662889.0,657019750399.0,945897197131.0,7191934389.0,953089131520.0,9458.97197131,9530.8913152,76090760232.0,74860008.0,1988679635.0,17206527191.0,97367657.0,519056194.0
2020-02-18,2020,2,945897197131.0,7191934389.0,953089131520.0,653053087510.0,3966662889.0,657019750399.0,945897197131.0,7191934389.0,953089131520.0,9458.97197131,9530.8913152,76090760232.0,74860008.0,1988679635.0,17206527191.0,97367657.0,519056194.0
2020-02-19,2020,2,945897197131.0,7191934389.0,953089131520.0,653053087510.0,3966662889.0,657019750399.0,945897197131.0,7191934389.0,953089131520.0,9458.97197131,9530.8913152,76090760232.0,74860008.0,1988679635.0,17206527191.0,97367657.0,519056194.0
2020-02-20,2020,2,945897197131.0,7191934389.0,953089131520.0,653053087510.0,3966662889.0,657019750399.0,945897197131.0,7191934389.0,953089131520.0,9458.97197131,9530.8913152,76090760232.0,74860008.0,1988679635.0,17206527191.0,97367657.0,519056194.0
2020-02-21,2020,2,945897197131.0,7191934389.0,953089131520.0,653053087510.0,3966662889.0,657019750399.0,945897197131.0,7191934389.0,953089131520.0,9458.97197131,9530.8913152,76090760232.0,74860008.0,1988679635.0,17206527191.0,97367657.0,519056194.0
2020-02-24,2020,2,945897197131.0,7191934389.0,953089131520.0,653053087510.0,3966662889.0,657019750399.0,945897197131.0,7191934389.0,953089131520.0,9458.97197131,9530.8913152,76090760232.0,74860008.0,1988679635.0,17206527191.0,97367657.0,519056194.0
2020-02-25,2020,2,945897197131.0,7191934389.0,953089131520.0,653053087510.0,3966662889.0,657019750399.0,945897197131.0,7191934389.0,953089131520.0,9458.97197131,9530.8913152,76090760232.0,74860008.0,1988679635.0,17206527191.0,97367657.0,519056194.0
2020-02-26,2020,2,945897197131.0,7191934389.0,953089131520.0,653053087510.0,3966662889.0,657019750399.0,945897197131.0,7191934389.0,953089131520.0,9458.97197131,9530.8913152,76090760232.0,74860008.0,1988679635.0,17206527191.0,97367657.0,519056194.0
2020-02-27,2020,2,945897197131.0,7191934389.0,953089131520.0,653053087510.0,3966662889.0,657019750399.0,945897197131.0,7191934389.0,953089131520.0,9458.97197131,9530.8913152,76090760232.0,74860008.0,1988679635.0,17206527191.0,97367657.0,519056194.0
2020-02-28,2020,2,945897197131.0,7191934389.0,953089131520.0,653053087510.0,3966662889.0,657019750399.0,945897197131.0,7191934389.0,953089131520.0,9458.97197131,9530.8913152,76090760232.0,74860008.0,1988679635.0,17206527191.0,97367657.0,519056194.0
2020-03-02,2020,3,945897197131.0,7191934389.0,953089131520.0,653053087510.0,3966662889.0,657019750399.0,945897197131.0,7191934389.0,953089131520.0,9458.97197131,9530.8913152,76090760232.0,74860008.0,1988679635.0,17206527191.0,97367657.0,519056194.0
2020-03-03,2020,3,945897197131.0,7191934389.0,953089131520.0,653053087510.0,3966662889.0,657019750399.0,945897197131.0,7191934389.0,953089131520.0,9458.97197131,9530.8913152,76090760232.0,74860008.0,1988679635.0,17206527191.0,97367657.0,519056194.0
2020-03-04,2020,3,945897197131.0,7191934389.0,953089131520.0,653053087510.0,3966662889.0,657019750399.0,945897197131.0,7191934389.0,953089131520.0,9458.97197131,9530.8913152,76090760232.0,74860008.0,1988679635.0,17206527191.0,97367657.0,519056194.0
2020-03-05,2020,3,945897197131.0,7191934389.0,953089131520.0,653053087510.0,3966662889.0,657019750399.0,945897197131.0,7191934389.0,953089131520.0,9458.97197131,9530.8913152,76090760232.0,74860008.0,1988679635.0,17206527191.0,97367657.0,519056194.0
2020-03-06,2020,3,945897197131.0,7191934389.0,953089131520.0,653053087510.0,3966662889.0,657019750399.0,945897197131.0,7191934389.0,953089131520.0,9458.97197131,9530.8913152,76090760232.0,74860008.0,1988679635.0,17206527191.0,97367657.0,519056194.0
2020-03-09,2020,3,945897197131.0,7191934389.0,953089131520.0,653053087510.0,3966662889.0,657019750399.0,945897197131.0,7191934389.0,953089131520.0,9458.97197131,9530.8913152,76090760232.0,74860008.0,1988679635.0,17206527191.0,97367657.0,519056194.0
2020-03-10,2020,3,945897197131.0,7191934389.0,953089131520.0,653053087510.0,3966662889.0,657019750399.0,945897197131.0,7191934389.0,953089131520.0,9458.97197131,9530.8913152,76090760232.0,74860008.0,1988679635.0,17206527191.0,97367657.0,519056194.0
2020-03-11,2020,3,945897197131.0,7191934389.0,953089131520.0,653053087510.0,3966662889.0,657019750399.0,945897197131.0,7191934389.0,953089131520.0,9458.97197131,9530.8913152,76090760232.0,74860008.0,1988679635.0,17206527191.0,97367657.0,519056194.0
2020-03-12,2020,3,945897197131.0,7191934389.0,953089131520.0,653053087510.0,3966662889.0,657019750399.0,945897197131.0,7191934389.0,953089131520.0,9458.97197131,9530.8913152,76090760232.0,74860008.0,1988679635.0,17206527191.0,97367657.0,519056194.0
2020-03-13,2020,3,945897197131.0,7191934389.0,953089131520.0,653053087510.0,3966662889.0,657019750399.0,945897197131.0,7191934389.0,953089131520.0,9458.97197131,9530.8913152,76090760232.0,74860008.0,1988679635.0,17206527191.0,97367657.0,519056194.0
2020-03-16,2020,3,945897197131.0,7191934389.0,953089131520.0,653053087510.0,3966662889.0,657019750399.0,945897197131.0,7191934389.0,953089131520.0,9458.97197131,9530.8913152,76090760232.0,74860008.0,1988679635.0,17206527191.0,97367657.0,519056194.0
2020-03-17,2020,3,945897197131.0,7191934389.0,953089131520.0,653053087510.0,3966662889.0,657019750399.0,945897197131.0,7191934389.0,953089131520.0,9458.97197131,9530.8913152,76090760232.0,74860008.0,1988679635.0,17206527191.0,97367657.0,519056194.0
2020-03-18,2020,3,945897197131.0,7191934389.0,953089131520.0,653053087510.0,3966662889.0,657019750399.0,945897197131.0,7191934389.0,953089131520.0,9458.97197131,9530.8913152,76090760232.0,74860008.0,1988679635.0,17206527191.0,97367657.0,519056194.0
2020-03-19,2020,3,945897197131.0,7191934389.0,953089131520.0,653053087510.0,3966662889.0,657019750399.0,945897197131.0,7191934389.0,953089131520.0,9458.97197131,9530.8913152,76090760232.0,74860008.0,1988679635.0,17206527191.0,97367657.0,519056194.0
2020-03-20,2020,3,945897197131.0,7191934389.0,953089131520.0,653053087510.0,3966662889.0,657019750399.0,945897197131.0,7191934389.0,953089131520.0,9458.97197131,9530.8913152,76090760232.0,74860008.0,1988679635.0,17206527191.0,97367657.0,519056194.0
2020-03-23,2020,3,945897197131.0,7191934389.0,953089131520.0,653053087510.0,3966662889.0,657019750399.0,945897197131.0,7191934389.0,953089131520.0,9458.97197131,9530.8913152,76090760232.0,74860008.0,1988679635.0,17206527191.0,97367657.0,519056194.0
2020-03-24,2020,3,945897197131.0,7191934389.0,953089131520.0,653053087510.0,3966662889.0,657019750399.0,945897197131.0,7191934389.0,953089131520.0,9458.97197131,9530.8913152,76090760232.0,74860008.0,1988679635.0,17206527191.0,97367657.0,519056194.0
2020-03-25,2020,3,945897197131.0,7191934389.0,953089131520.0,653053087510.0,3966662889.0,657019750399.0,945897197131.0,7191934389.0,953089131520.0,9458.97197131,9530.8913152,76090760232.0,74860008.0,1988679635.0,17206527191.0,97367657.0,519056194.0
2020-03-26,2020,3,945897197131.0,7191934389.0,953089131520.0,653053087510.0,3966662889.0,657019750399.0,945897197131.0,7191934389.0,953089131520.0,9458.97197131,9530.8913152,76090760232.0,74860008.0,1988679635.0,17206527191.0,97367657.0,519056194.0
2020-03-27,2020,3,945897197131.0,7191934389.0,953089131520.0,653053087510.0,3966662889.0,657019750399.0,945897197131.0,7191934389.0,953089131520.0,9458.97197131,9530.8913152,76090760232.0,74860008.0,1988679635.0,17206527191.0,97367657.0,519056194.0
2020-03-30,2020,3,945897197131.0,7191934389.0,953089131520.0,653053087510.0,3966662889.0,657019750399.0,945897197131.0,7191934389.0,953089131520.0,9458.97197131,9530.8913152,76090760232.0,74860008.0,1988679635.0,17206527191.0,97367657.0,519056194.0
2020-03-31,2020,3,916979946296.0,7752806362.0,924732752658.0,653053087510.0,3966662889.0,657019750399.0,916979946296.0,7752806362.0,924732752658.0,9169.79946296,9247.32752658,44123647919.0,49996551.0,2071120684.0,17206527191.0,97367657.0,519056194.0
2020-04-01,2020,4,916979946296.0,7752806362.0,924732752658.0,653053087510.0,3966662889.0,657019750399.0,916979946296.0,7752806362.0,924732752658.0,9169.79946296,9247.32752658,44123647919.0,49996551.0,2071120684.0,17206527191.0,97367657.0,519056194.0
2020-04-02,2020,4,916979946296.0,7752806362.0,924732752658.0,653053087510.0,3966662889.0,657019750399.0,916979946296.0,7752806362.0,924732752658.0,9169.79946296,9247.32752658,44123647919.0,49996551.0,2071120684.0,17206527191.0,97367657.0,519056194.0
2020-04-03,2020,4,916979946296.0,7752806362.0,924732752658.0,653053087510.0,3966662889.0,657019750399.0,916979946296.0,7752806362.0,924732752658.0,9169.79946296,9247.32752658,44123647919.0,49996551.0,2071120684.0,17206527191.0,97367657.0,519056194.0
2020-04-07,2020,4,916979946296.0,7752806362.0,924732752658.0,653053087510.0,3966662889.0,657019750399.0,916979946296.0,7752806362.0,924732752658.0,9169.79946296,9247.32752658,44123647919.0,49996551.0,2071120684.0,17206527191.0,97367657.0,519056194.0
2020-04-08,2020,4,916979946296.0,7752806362.0,924732752658.0,653053087510.0,3966662889.0,657019750399.0,916979946296.0,7752806362.0,924732752658.0,9169.79946296,9247.32752658,44123647919.0,49996551.0,2071120684.0,17206527191.0,97367657.0,519056194.0
2020-04-09,2020,4,916979946296.0,7752806362.0,924732752658.0,653053087510.0,3966662889.0,657019750399.0,916979946296.0,7752806362.0,924732752658.0,9169.79946296,9247.32752658,44123647919.0,49996551.0,2071120684.0,17206527191.0,97367657.0,519056194.0
2020-04-10,2020,4,916979946296.0,7752806362.0,924732752658.0,653053087510.0,3966662889.0,657019750399.0,916979946296.0,7752806362.0,924732752658.0,9169.79946296,9247.32752658,44123647919.0,49996551.0,2071120684.0,17206527191.0,97367657.0,519056194.0
2020-04-13,2020,4,916979946296.0,7752806362.0,924732752658.0,653053087510.0,3966662889.0,657019750399.0,916979946296.0,7752806362.0,924732752658.0,9169.79946296,9247.32752658,44123647919.0,49996551.0,2071120684.0,17206527191.0,97367657.0,519056194.0
2020-04-14,2020,4,916979946296.0,7752806362.0,924732752658.0,653053087510.0,3966662889.0,657019750399.0,916979946296.0,7752806362.0,924732752658.0,9169.79946296,9247.32752658,44123647919.0,49996551.0,2071120684.0,17206527191.0,97367657.0,519056194.0
2020-04-15,2020,4,916979946296.0,7752806362.0,924732752658.0,653053087510.0,3966662889.0,657019750399.0,916979946296.0,7752806362.0,924732752658.0,9169.79946296,9247.32752658,44123647919.0,49996551.0,2071120684.0,17206527191.0,97367657.0,519056194.0
2020-04-16,2020,4,916979946296.0,7752806362.0,924732752658.0,653053087510.0,3966662889.0,657019750399.0,916979946296.0,7752806362.0,924732752658.0,9169.79946296,9247.32752658,44123647919.0,49996551.0,2071120684.0,17206527191.0,97367657.0,519056194.0
2020-04-17,2020,4,916979946296.0,7752806362.0,924732752658.0,653053087510.0,3966662889.0,657019750399.0,916979946296.0,7752806362.0,924732752658.0,9169.79946296,9247.32752658,44123647919.0,49996551.0,2071120684.0,17206527191.0,97367657.0,519056194.0
2020-04-20,2020,4,916979946296.0,7752806362.0,924732752658.0,653053087510.0,3966662889.0,657019750399.0,916979946296.0,7752806362.0,924732752658.0,9169.79946296,9247.32752658,44123647919.0,49996551.0,2071120684.0,17206527191.0,97367657.0,519056194.0
2020-04-21,2020,4,916979946296.0,7752806362.0,924732752658.0,653053087510.0,3966662889.0,657019750399.0,916979946296.0,7752806362.0,924732752658.0,9169.79946296,9247.32752658,44123647919.0,49996551.0,2071120684.0,17206527191.0,97367657.0,519056194.0
2020-04-22,2020,4,916979946296.0,7752806362.0,924732752658.0,653053087510.0,3966662889.0,657019750399.0,916979946296.0,7752806362.0,924732752658.0,9169.79946296,9247.32752658,44123647919.0,49996551.0,2071120684.0,17206527191.0,97367657.0,519056194.0
2020-04-23,2020,4,916979946296.0,7752806362.0,924732752658.0,653053087510.0,3966662889.0,657019750399.0,916979946296.0,7752806362.0,924732752658.0,9169.79946296,9247.32752658,44123647919.0,49996551.0,2071120684.0,17206527191.0,97367657.0,519056194.0
2020-04-24,2020,4,916979946296.0,7752806362.0,924732752658.0,653053087510.0,3966662889.0,657019750399.0,916979946296.0,7752806362.0,924732752658.0,9169.79946296,9247.32752658,44123647919.0,49996551.0,2071120684.0,17206527191.0,97367657.0,519056194.0
2020-04-27,2020,4,916979946296.0,7752806362.0,924732752658.0,653053087510.0,3966662889.0,657019750399.0,916979946296.0,7752806362.0,924732752658.0,9169.79946296,9247.32752658,44123647919.0,49996551.0,2071120684.0,17206527191.0,97367657.0,519056194.0
2020-04-28,2020,4,916979946296.0,7752806362.0,924732752658.0,653053087510.0,3966662889.0,657019750399.0,916979946296.0,7752806362.0,924732752658.0,9169.79946296,9247.32752658,44123647919.0,49996551.0,2071120684.0,17206527191.0,97367657.0,519056194.0
2020-04-29,2020,4,916979946296.0,7752806362.0,924732752658.0,653053087510.0,3966662889.0,657019750399.0,916979946296.0,7752806362.0,924732752658.0,9169.79946296,9247.32752658,44123647919.0,49996551.0,2071120684.0,17206527191.0,97367657.0,519056194.0
2020-04-30,2020,4,907551168910.0,8359277707.0,915910446617.0,653053087510.0,3966662889.0,657019750399.0,907551168910.0,8359277707.0,915910446617.0,9075.5116891,9159.10446617,43849491785.0,59653955.0,2029650017.0,17206527191.0,97367657.0,519056194.0
2020-05-06,2020,5,907551168910.0,8359277707.0,915910446617.0,653053087510.0,3966662889.0,657019750399.0,907551168910.0,8359277707.0,915910446617.0,9075.5116891,9159.10446617,43849491785.0,59653955.0,2029650017.0,17206527191.0,97367657.0,519056194.0
2020-05-07,2020,5,907551168910.0,8359277707.0,915910446617.0,653053087510.0,3966662889.0,657019750399.0,907551168910.0,8359277707.0,915910446617.0,9075.5116891,9159.10446617,43849491785.0,59653955.0,2029650017.0,17206527191.0,97367657.0,519056194.0
2020-05-08,2020,5,907551168910.0,8359277707.0,915910446617.0,653053087510.0,3966662889.0,657019750399.0,907551168910.0,8359277707.0,915910446617.0,9075.5116891,9159.10446617,43849491785.0,59653955.0,2029650017.0,17206527191.0,97367657.0,519056194.0
2020-05-11,2020,5,907551168910.0,8359277707.0,915910446617.0,653053087510.0,3966662889.0,657019750399.0,907551168910.0,8359277707.0,915910446617.0,9075.5116891,9159.10446617,43849491785.0,59653955.0,2029650017.0,17206527191.0,97367657.0,519056194.0
2020-05-12,2020,5,907551168910.0,8359277707.0,915910446617.0,653053087510.0,3966662889.0,657019750399.0,907551168910.0,8359277707.0,915910446617.0,9075.5116891,9159.10446617,43849491785.0,59653955.0,2029650017.0,17206527191.0,97367657.0,519056194.0
2020-05-13,2020,5,907551168910.0,8359277707.0,915910446617.0,653053087510.0,3966662889.0,657019750399.0,907551168910.0,8359277707.0,915910446617.0,9075.5116891,9159.10446617,43849491785.0,59653955.0,2029650017.0,17206527191.0,97367657.0,519056194.0
2020-05-14,2020,5,907551168910.0,8359277707.0,915910446617.0,653053087510.0,3966662889.0,657019750399.0,907551168910.0,8359277707.0,915910446617.0,9075.5116891,9159.10446617,43849491785.0,59653955.0,2029650017.0,17206527191.0,97367657.0,519056194.0
2020-05-15,2020,5,907551168910.0,8359277707.0,915910446617.0,653053087510.0,3966662889.0,657019750399.0,907551168910.0,8359277707.0,915910446617.0,9075.5116891,9159.10446617,43849491785.0,59653955.0,2029650017.0,17206527191.0,97367657.0,519056194.0
2020-05-18,2020,5,907551168910.0,8359277707.0,915910446617.0,653053087510.0,3966662889.0,657019750399.0,907551168910.0,8359277707.0,915910446617.0,9075.5116891,9159.10446617,43849491785.0,59653955.0,2029650017.0,17206527191.0,97367657.0,519056194.0
2020-05-19,2020,5,907551168910.0,8359277707.0,915910446617.0,653053087510.0,3966662889.0,657019750399.0,907551168910.0,8359277707.0,915910446617.0,9075.5116891,9159.10446617,43849491785.0,59653955.0,2029650017.0,17206527191.0,97367657.0,519056194.0
2020-05-20,2020,5,907551168910.0,8359277707.0,915910446617.0,653053087510.0,3966662889.0,657019750399.0,907551168910.0,8359277707.0,915910446617.0,9075.5116891,9159.10446617,43849491785.0,59653955.0,2029650017.0,17206527191.0,97367657.0,519056194.0
2020-05-21,2020,5,907551168910.0,8359277707.0,915910446617.0,653053087510.0,3966662889.0,657019750399.0,907551168910.0,8359277707.0,915910446617.0,9075.5116891,9159.10446617,43849491785.0,59653955.0,2029650017.0,17206527191.0,97367657.0,519056194.0
2020-05-22,2020,5,907551168910.0,8359277707.0,915910446617.0,653053087510.0,3966662889.0,657019750399.0,907551168910.0,8359277707.0,915910446617.0,9075.5116891,9159.10446617,43849491785.0,59653955.0,2029650017.0,17206527191.0,97367657.0,519056194.0
2020-05-25,2020,5,907551168910.0,8359277707.0,915910446617.0,653053087510.0,3966662889.0,657019750399.0,907551168910.0,8359277707.0,915910446617.0,9075.5116891,9159.10446617,43849491785.0,59653955.0,2029650017.0,17206527191.0,97367657.0,519056194.0
2020-05-26,2020,5,907551168910.0,8359277707.0,915910446617.0,653053087510.0,3966662889.0,657019750399.0,907551168910.0,8359277707.0,915910446617.0,9075.5116891,9159.10446617,43849491785.0,59653955.0,2029650017.0,17206527191.0,97367657.0,519056194.0
2020-05-27,2020,5,907551168910.0,8359277707.0,915910446617.0,653053087510.0,3966662889.0,657019750399.0,907551168910.0,8359277707.0,915910446617.0,9075.5116891,9159.10446617,43849491785.0,59653955.0,2029650017.0,17206527191.0,97367657.0,519056194.0
2020-05-28,2020,5,907551168910.0,8359277707.0,915910446617.0,653053087510.0,3966662889.0,657019750399.0,907551168910.0,8359277707.0,915910446617.0,9075.5116891,9159.10446617,43849491785.0,59653955.0,2029650017.0,17206527191.0,97367657.0,519056194.0
2020-05-29,2020,5,907551168910.0,8359277707.0,915910446617.0,653053087510.0,3966662889.0,657019750399.0,907551168910.0,8359277707.0,915910446617.0,9075.5116891,9159.10446617,43849491785.0,59653955.0,2029650017.0,17206527191.0,97367657.0,519056194.0
2020-06-01,2020,6,907551168910.0,8359277707.0,915910446617.0,653053087510.0,3966662889.0,657019750399.0,907551168910.0,8359277707.0,915910446617.0,9075.5116891,9159.10446617,43849491785.0,59653955.0,2029650017.0,17206527191.0,97367657.0,519056194.0
2020-06-02,2020,6,907551168910.0,8359277707.0,915910446617.0,653053087510.0,3966662889.0,657019750399.0,907551168910.0,8359277707.0,915910446617.0,9075.5116891,9159.10446617,43849491785.0,59653955.0,2029650017.0,17206527191.0,97367657.0,519056194.0
2020-06-03,2020,6,907551168910.0,8359277707.0,915910446617.0,653053087510.0,3966662889.0,657019750399.0,907551168910.0,8359277707.0,915910446617.0,9075.5116891,9159.10446617,43849491785.0,59653955.0,2029650017.0,17206527191.0,97367657.0,519056194.0
2020-06-04,2020,6,907551168910.0,8359277707.0,915910446617.0,653053087510.0,3966662889.0,657019750399.0,907551168910.0,8359277707.0,915910446617.0,9075.5116891,9159.10446617,43849491785.0,59653955.0,2029650017.0,17206527191.0,97367657.0,519056194.0
2020-06-05,2020,6,907551168910.0,8359277707.0,915910446617.0,653053087510.0,3966662889.0,657019750399.0,907551168910.0,8359277707.0,915910446617.0,9075.5116891,9159.10446617,43849491785.0,59653955.0,2029650017.0,17206527191.0,97367657.0,519056194.0
2020-06-08,2020,6,907551168910.0,8359277707.0,915910446617.0,653053087510.0,3966662889.0,657019750399.0,907551168910.0,8359277707.0,915910446617.0,9075.5116891,9159.10446617,43849491785.0,59653955.0,2029650017.0,17206527191.0,97367657.0,519056194.0
2020-06-09,2020,6,907551168910.0,8359277707.0,915910446617.0,653053087510.0,3966662889.0,657019750399.0,907551168910.0,8359277707.0,915910446617.0,9075.5116891,9159.10446617,43849491785.0,59653955.0,2029650017.0,17206527191.0,97367657.0,519056194.0
2020-06-10,2020,6,907551168910.0,8359277707.0,915910446617.0,653053087510.0,3966662889.0,657019750399.0,907551168910.0,8359277707.0,915910446617.0,9075.5116891,9159.10446617,43849491785.0,59653955.0,2029650017.0,17206527191.0,97367657.0,519056194.0
2020-06-11,2020,6,907551168910.0,8359277707.0,915910446617.0,653053087510.0,3966662889.0,657019750399.0,907551168910.0,8359277707.0,915910446617.0,9075.5116891,9159.10446617,43849491785.0,59653955.0,2029650017.0,17206527191.0,97367657.0,519056194.0
2020-06-12,2020,6,907551168910.0,8359277707.0,915910446617.0,653053087510.0,3966662889.0,657019750399.0,907551168910.0,8359277707.0,915910446617.0,9075.5116891,9159.10446617,43849491785.0,59653955.0,2029650017.0,17206527191.0,97367657.0,519056194.0
2020-06-15,2020,6,907551168910.0,8359277707.0,915910446617.0,653053087510.0,3966662889.0,657019750399.0,907551168910.0,8359277707.0,915910446617.0,9075.5116891,9159.10446617,43849491785.0,59653955.0,2029650017.0,17206527191.0,97367657.0,519056194.0
2020-06-16,2020,6,907551168910.0,8359277707.0,915910446617.0,653053087510.0,3966662889.0,657019750399.0,907551168910.0,8359277707.0,915910446617.0,9075.5116891,9159.10446617,43849491785.0,59653955.0,2029650017.0,17206527191.0,97367657.0,519056194.0
2020-06-17,2020,6,907551168910.0,8359277707.0,915910446617.0,653053087510.0,3966662889.0,657019750399.0,907551168910.0,8359277707.0,915910446617.0,9075.5116891,9159.10446617,43849491785.0,59653955.0,2029650017.0,17206527191.0,97367657.0,519056194.0
2020-06-18,2020,6,907551168910.0,8359277707.0,915910446617.0,653053087510.0,3966662889.0,657019750399.0,907551168910.0,8359277707.0,915910446617.0,9075.5116891,9159.10446617,43849491785.0,59653955.0,2029650017.0,17206527191.0,97367657.0,519056194.0
2020-06-19,2020,6,907551168910.0,8359277707.0,915910446617.0,653053087510.0,3966662889.0,657019750399.0,907551168910.0,8359277707.0,915910446617.0,9075.5116891,9159.10446617,43849491785.0,59653955.0,2029650017.0,17206527191.0,97367657.0,519056194.0
2020-06-22,2020,6,907551168910.0,8359277707.0,915910446617.0,653053087510.0,3966662889.0,657019750399.0,907551168910.0,8359277707.0,915910446617.0,9075.5116891,9159.10446617,43849491785.0,59653955.0,2029650017.0,17206527191.0,97367657.0,519056194.0
2020-06-23,2020,6,907551168910.0,8359277707.0,915910446617.0,653053087510.0,3966662889.0,657019750399.0,907551168910.0,8359277707.0,915910446617.0,9075.5116891,9159.10446617,43849491785.0,59653955.0,2029650017.0,17206527191.0,97367657.0,519056194.0
2020-06-24,2020,6,907551168910.0,8359277707.0,915910446617.0,653053087510.0,3966662889.0,657019750399.0,907551168910.0,8359277707.0,915910446617.0,9075.5116891,9159.10446617,43849491785.0,59653955.0,2029650017.0,17206527191.0,97367657.0,519056194.0
2020-06-29,2020,6,907551168910.0,8359277707.0,915910446617.0,653053087510.0,3966662889.0,657019750399.0,907551168910.0,8359277707.0,915910446617.0,9075.5116891,9159.10446617,43849491785.0,59653955.0,2029650017.0,17206527191.0,97367657.0,519056194.0
2020-06-30,2020,6,1132570872138.0,10692466446.0,1143263338584.0,1088486218109.0,4793016420.0,1093279234529.0,2221057090247.0,15485482866.0,2236542573113.0,22210.57090247,22365.42573113,161262104033.0,92991183.0,2245093025.0,174167797048.0,97367657.0,519056194.0
2020-07-01,2020,7,1132570872138.0,10692466446.0,1143263338584.0,1088486218109.0,4793016420.0,1093279234529.0,2221057090247.0,15485482866.0,2236542573113.0,22210.57090247,22365.42573113,161262104033.0,92991183.0,2245093025.0,174167797048.0,97367657.0,519056194.0
2020-07-02,2020,7,1132570872138.0,10692466446.0,1143263338584.0,1088486218109.0,4793016420.0,1093279234529.0,2221057090247.0,15485482866.0,2236542573113.0,22210.57090247,22365.42573113,161262104033.0,92991183.0,2245093025.0,174167797048.0,97367657.0,519056194.0
2020-07-03,2020,7,1132570872138.0,10692466446.0,1143263338584.0,1088486218109.0,4793016420.0,1093279234529.0,2221057090247.0,15485482866.0,2236542573113.0,22210.57090247,22365.42573113,161262104033.0,92991183.0,2245093025.0,174167797048.0,97367657.0,519056194.0
2020-07-06,2020,7,1132570872138.0,10692466446.0,1143263338584.0,1088486218109.0,4793016420.0,1093279234529.0,2221057090247.0,15485482866.0,2236542573113.0,22210.57090247,22365.42573113,161262104033.0,92991183.0,2245093025.0,174167797048.0,97367657.0,519056194.0
2020-07-07,2020,7,1132570872138.0,10692466446.0,1143263338584.0,1088486218109.0,4793016420.0,1093279234529.0,2221057090247.0,15485482866.0,2236542573113.0,22210.57090247,22365.42573113,161262104033.0,92991183.0,2245093025.0,174167797048.0,97367657.0,519056194.0
2020-07-08,2020,7,1132570872138.0,10692466446.0,1143263338584.0,1088486218109.0,4793016420.0,1093279234529.0,2221057090247.0,15485482866.0,2236542573113.0,22210.57090247,22365.42573113,161262104033.0,92991183.0,2245093025.0,174167797048.0,97367657.0,519056194.0
2020-07-09,2020,7,1132570872138.0,10692466446.0,1143263338584.0,1088486218109.0,4793016420.0,1093279234529.0,2221057090247.0,15485482866.0,2236542573113.0,22210.57090247,22365.42573113,161262104033.0,92991183.0,2245093025.0,174167797048.0,97367657.0,519056194.0
2020-07-10,2020,7,1132570872138.0,10692466446.0,1143263338584.0,1088486218109.0,4793016420.0,1093279234529.0,2221057090247.0,15485482866.0,2236542573113.0,22210.57090247,22365.42573113,161262104033.0,92991183.0,2245093025.0,174167797048.0,97367657.0,519056194.0
2020-07-13,2020,7,1132570872138.0,10692466446.0,1143263338584.0,1088486218109.0,4793016420.0,1093279234529.0,2221057090247.0,15485482866.0,2236542573113.0,22210.57090247,22365.42573113,161262104033.0,92991183.0,2245093025.0,174167797048.0,97367657.0,519056194.0
2020-07-14,2020,7,1132570872138.0,10692466446.0,1143263338584.0,1088486218109.0,4793016420.0,1093279234529.0,2221057090247.0,15485482866.0,2236542573113.0,22210.57090247,22365.42573113,161262104033.0,92991183.0,2245093025.0,174167797048.0,97367657.0,519056194.0
2020-07-15,2020,7,1132570872138.0,10692466446.0,1143263338584.0,1088486218109.0,4793016420.0,1093279234529.0,2221057090247.0,15485482866.0,2236542573113.0,22210.57090247,22365.42573113,161262104033.0,92991183.0,2245093025.0,174167797048.0,97367657.0,519056194.0
2020-07-16,2020,7,1132570872138.0,10692466446.0,1143263338584.0,1088486218109.0,4793016420.0,1093279234529.0,2221057090247.0,15485482866.0,2236542573113.0,22210.57090247,22365.42573113,161262104033.0,92991183.0,2245093025.0,174167797048.0,97367657.0,519056194.0
2020-07-17,2020,7,1132570872138.0,10692466446.0,1143263338584.0,1088486218109.0,4793016420.0,1093279234529.0,2221057090247.0,15485482866.0,2236542573113.0,22210.57090247,22365.42573113,161262104033.0,92991183.0,2245093025.0,174167797048.0,97367657.0,519056194.0
2020-07-20,2020,7,1132570872138.0,10692466446.0,1143263338584.0,1088486218109.0,4793016420.0,1093279234529.0,2221057090247.0,15485482866.0,2236542573113.0,22210.57090247,22365.42573113,161262104033.0,92991183.0,2245093025.0,174167797048.0,97367657.0,519056194.0
2020-07-21,2020,7,1132570872138.0,10692466446.0,1143263338584.0,1088486218109.0,4793016420.0,1093279234529.0,2221057090247.0,15485482866.0,2236542573113.0,22210.57090247,22365.42573113,161262104033.0,92991183.0,2245093025.0,174167797048.0,97367657.0,519056194.0
2020-07-22,2020,7,1132570872138.0,10692466446.0,1143263338584.0,1088486218109.0,4793016420.0,1093279234529.0,2221057090247.0,15485482866.0,2236542573113.0,22210.57090247,22365.42573113,161262104033.0,92991183.0,2245093025.0,174167797048.0,97367657.0,519056194.0
2020-07-23,2020,7,1132570872138.0,10692466446.0,1143263338584.0,1088486218109.0,4793016420.0,1093279234529.0,2221057090247.0,15485482866.0,2236542573113.0,22210.57090247,22365.42573113,161262104033.0,92991183.0,2245093025.0,174167797048.0,97367657.0,519056194.0
2020-07-24,2020,7,1132570872138.0,10692466446.0,1143263338584.0,1088486218109.0,4793016420.0,1093279234529.0,2221057090247.0,15485482866.0,2236542573113.0,22210.57090247,22365.42573113,161262104033.0,92991183.0,2245093025.0,174167797048.0,97367657.0,519056194.0
2020-07-27,2020,7,1132570872138.0,10692466446.0,1143263338584.0,1088486218109.0,4793016420.0,1093279234529.0,2221057090247.0,15485482866.0,2236542573113.0,22210.57090247,22365.42573113,161262104033.0,92991183.0,2245093025.0,174167797048.0,97367657.0,519056194.0
2020-07-28,2020,7,1132570872138.0,10692466446.0,1143263338584.0,1088486218109.0,4793016420.0,1093279234529.0,2221057090247.0,15485482866.0,2236542573113.0,22210.57090247,22365.42573113,161262104033.0,92991183.0,2245093025.0,174167797048.0,97367657.0,519056194.0
2020-07-29,2020,7,1132570872138.0,10692466446.0,1143263338584.0,1088486218109.0,4793016420.0,1093279234529.0,2221057090247.0,15485482866.0,2236542573113.0,22210.57090247,22365.42573113,161262104033.0,92991183.0,2245093025.0,174167797048.0,97367657.0,519056194.0
2020-07-30,2020,7,1132570872138.0,10692466446.0,1143263338584.0,1088486218109.0,4793016420.0,1093279234529.0,2221057090247.0,15485482866.0,2236542573113.0,22210.57090247,22365.42573113,161262104033.0,92991183.0,2245093025.0,174167797048.0,97367657.0,519056194.0
2020-07-31,2020,7,1222028591866.0,11595049315.0,1233623641181.0,1183738100596.0,5171727934.0,1188909828530.0,2405766692462.0,16766777249.0,2422533469711.0,24057.66692462,24225.33469711,91899857188.0,98127688.0,2461805207.0,93689694592.0,97367657.0,519056194.0
2020-08-03,2020,8,1222028591866.0,11595049315.0,1233623641181.0,1183738100596.0,5171727934.0,1188909828530.0,2405766692462.0,16766777249.0,2422533469711.0,24057.66692462,24225.33469711,91899857188.0,98127688.0,2461805207.0,93689694592.0,97367657.0,519056194.0
2020-08-04,2020,8,1222028591866.0,11595049315.0,1233623641181.0,1183738100596.0,5171727934.0,1188909828530.0,2405766692462.0,16766777249.0,2422533469711.0,24057.66692462,24225.33469711,91899857188.0,98127688.0,2461805207.0,93689694592.0,97367657.0,519056194.0
2020-08-05,2020,8,1222028591866.0,11595049315.0,1233623641181.0,1183738100596.0,5171727934.0,1188909828530.0,2405766692462.0,16766777249.0,2422533469711.0,24057.66692462,24225.33469711,91899857188.0,98127688.0,2461805207.0,93689694592.0,97367657.0,519056194.0
2020-08-06,2020,8,1222028591866.0,11595049315.0,1233623641181.0,1183738100596.0,5171727934.0,1188909828530.0,2405766692462.0,16766777249.0,2422533469711.0,24057.66692462,24225.33469711,91899857188.0,98127688.0,2461805207.0,93689694592.0,97367657.0,519056194.0
2020-08-07,2020,8,1222028591866.0,11595049315.0,1233623641181.0,1183738100596.0,5171727934.0,1188909828530.0,2405766692462.0,16766777249.0,2422533469711.0,24057.66692462,24225.33469711,91899857188.0,98127688.0,2461805207.0,93689694592.0,97367657.0,519056194.0
2020-08-10,2020,8,1222028591866.0,11595049315.0,1233623641181.0,1183738100596.0,5171727934.0,1188909828530.0,2405766692462.0,16766777249.0,2422533469711.0,24057.66692462,24225.33469711,91899857188.0,98127688.0,2461805207.0,93689694592.0,97367657.0,519056194.0
2020-08-11,2020,8,1222028591866.0,11595049315.0,1233623641181.0,1183738100596.0,5171727934.0,1188909828530.0,2405766692462.0,16766777249.0,2422533469711.0,24057.66692462,24225.33469711,91899857188.0,98127688.0,2461805207.0,93689694592.0,97367657.0,519056194.0
2020-08-12,2020,8,1222028591866.0,11595049315.0,1233623641181.0,1183738100596.0,5171727934.0,1188909828530.0,2405766692462.0,16766777249.0,2422533469711.0,24057.66692462,24225.33469711,91899857188.0,98127688.0,2461805207.0,93689694592.0,97367657.0,519056194.0
2020-08-13,2020,8,1222028591866.0,11595049315.0,1233623641181.0,1183738100596.0,5171727934.0,1188909828530.0,2405766692462.0,16766777249.0,2422533469711.0,24057.66692462,24225.33469711,91899857188.0,98127688.0,2461805207.0,93689694592.0,97367657.0,519056194.0
2020-08-14,2020,8,1222028591866.0,11595049315.0,1233623641181.0,1183738100596.0,5171727934.0,1188909828530.0,2405766692462.0,16766777249.0,2422533469711.0,24057.66692462,24225.33469711,91899857188.0,98127688.0,2461805207.0,93689694592.0,97367657.0,519056194.0
2020-08-17,2020,8,1222028591866.0,11595049315.0,1233623641181.0,1183738100596.0,5171727934.0,1188909828530.0,2405766692462.0,16766777249.0,2422533469711.0,24057.66692462,24225.33469711,91899857188.0,98127688.0,2461805207.0,93689694592.0,97367657.0,519056194.0
2020-08-18,2020,8,1222028591866.0,11595049315.0,1233623641181.0,1183738100596.0,5171727934.0,1188909828530.0,2405766692462.0,16766777249.0,2422533469711.0,24057.66692462,24225.33469711,91899857188.0,98127688.0,2461805207.0,93689694592.0,97367657.0,519056194.0
2020-08-19,2020,8,1222028591866.0,11595049315.0,1233623641181.0,1183738100596.0,5171727934.0,1188909828530.0,2405766692462.0,16766777249.0,2422533469711.0,24057.66692462,24225.33469711,91899857188.0,98127688.0,2461805207.0,93689694592.0,97367657.0,519056194.0
2020-08-20,2020,8,1222028591866.0,11595049315.0,1233623641181.0,1183738100596.0,5171727934.0,1188909828530.0,2405766692462.0,16766777249.0,2422533469711.0,24057.66692462,24225.33469711,91899857188.0,98127688.0,2461805207.0,93689694592.0,97367657.0,519056194.0
2020-08-21,2020,8,1222028591866.0,11595049315.0,1233623641181.0,1183738100596.0,5171727934.0,1188909828530.0,2405766692462.0,16766777249.0,2422533469711.0,24057.66692462,24225.33469711,91899857188.0,98127688.0,2461805207.0,93689694592.0,97367657.0,519056194.0
2020-08-24,2020,8,1222028591866.0,11595049315.0,1233623641181.0,1183738100596.0,5171727934.0,1188909828530.0,2405766692462.0,16766777249.0,2422533469711.0,24057.66692462,24225.33469711,91899857188.0,98127688.0,2461805207.0,93689694592.0,97367657.0,519056194.0
2020-08-25,2020,8,1222028591866.0,11595049315.0,1233623641181.0,1183738100596.0,5171727934.0,1188909828530.0,2405766692462.0,16766777249.0,2422533469711.0,24057.66692462,24225.33469711,91899857188.0,98127688.0,2461805207.0,93689694592.0,97367657.0,519056194.0
2020-08-26,2020,8,1222028591866.0,11595049315.0,1233623641181.0,1183738100596.0,5171727934.0,1188909828530.0,2405766692462.0,16766777249.0,2422533469711.0,24057.66692462,24225.33469711,91899857188.0,98127688.0,2461805207.0,93689694592.0,97367657.0,519056194.0
2020-08-27,2020,8,1222028591866.0,11595049315.0,1233623641181.0,1183738100596.0,5171727934.0,1188909828530.0,2405766692462.0,16766777249.0,2422533469711.0,24057.66692462,24225.33469711,91899857188.0,98127688.0,2461805207.0,93689694592.0,97367657.0,519056194.0
2020-08-28,2020,8,1222028591866.0,11595049315.0,1233623641181.0,1183738100596.0,5171727934.0,1188909828530.0,2405766692462.0,16766777249.0,2422533469711.0,24057.66692462,24225.33469711,91899857188.0,98127688.0,2461805207.0,93689694592.0,97367657.0,519056194.0
2020-08-31,2020,8,1248727375910.0,11878288335.0,1260605664245.0,1212622841092.0,5672333520.0,1218295174612.0,2461350217002.0,17550621855.0,2478900838857.0,24613.50217002,24789.00838857,66747908998.0,54456020.0,2611693120.0,88273098655.0,97367657.0,519056194.0
2020-09-01,2020,9,1248727375910.0,11878288335.0,1260605664245.0,1212622841092.0,5672333520.0,1218295174612.0,2461350217002.0,17550621855.0,2478900838857.0,24613.50217002,24789.00838857,66747908998.0,54456020.0,2611693120.0,88273098655.0,97367657.0,519056194.0
2020-09-02,2020,9,1248727375910.0,11878288335.0,1260605664245.0,1212622841092.0,5672333520.0,1218295174612.0,2461350217002.0,17550621855.0,2478900838857.0,24613.50217002,24789.00838857,66747908998.0,54456020.0,2611693120.0,88273098655.0,97367657.0,519056194.0
2020-09-03,2020,9,1248727375910.0,11878288335.0,1260605664245.0,1212622841092.0,5672333520.0,1218295174612.0,2461350217002.0,17550621855.0,2478900838857.0,24613.50217002,24789.00838857,66747908998.0,54456020.0,2611693120.0,88273098655.0,97367657.0,519056194.0
2020-09-04,2020,9,1248727375910.0,11878288335.0,1260605664245.0,1212622841092.0,5672333520.0,1218295174612.0,2461350217002.0,17550621855.0,2478900838857.0,24613.50217002,24789.00838857,66747908998.0,54456020.0,2611693120.0,88273098655.0,97367657.0,519056194.0
2020-09-07,2020,9,1248727375910.0,11878288335.0,1260605664245.0,1212622841092.0,5672333520.0,1218295174612.0,2461350217002.0,17550621855.0,2478900838857.0,24613.50217002,24789.00838857,66747908998.0,54456020.0,2611693120.0,88273098655.0,97367657.0,519056194.0
2020-09-08,2020,9,1248727375910.0,11878288335.0,1260605664245.0,1212622841092.0,5672333520.0,1218295174612.0,2461350217002.0,17550621855.0,2478900838857.0,24613.50217002,24789.00838857,66747908998.0,54456020.0,2611693120.0,88273098655.0,97367657.0,519056194.0
2020-09-09,2020,9,1248727375910.0,11878288335.0,1260605664245.0,1212622841092.0,5672333520.0,1218295174612.0,2461350217002.0,17550621855.0,2478900838857.0,24613.50217002,24789.00838857,66747908998.0,54456020.0,2611693120.0,88273098655.0,97367657.0,519056194.0
2020-09-10,2020,9,1248727375910.0,11878288335.0,1260605664245.0,1212622841092.0,5672333520.0,1218295174612.0,2461350217002.0,17550621855.0,2478900838857.0,24613.50217002,24789.00838857,66747908998.0,54456020.0,2611693120.0,88273098655.0,97367657.0,519056194.0
2020-09-11,2020,9,1248727375910.0,11878288335.0,1260605664245.0,1212622841092.0,5672333520.0,1218295174612.0,2461350217002.0,17550621855.0,2478900838857.0,24613.50217002,24789.00838857,66747908998.0,54456020.0,2611693120.0,88273098655.0,97367657.0,519056194.0
2020-09-14,2020,9,1248727375910.0,11878288335.0,1260605664245.0,1212622841092.0,5672333520.0,1218295174612.0,2461350217002.0,17550621855.0,2478900838857.0,24613.50217002,24789.00838857,66747908998.0,54456020.0,2611693120.0,88273098655.0,97367657.0,519056194.0
2020-09-15,2020,9,1248727375910.0,11878288335.0,1260605664245.0,1212622841092.0,5672333520.0,1218295174612.0,2461350217002.0,17550621855.0,2478900838857.0,24613.50217002,24789.00838857,66747908998.0,54456020.0,2611693120.0,88273098655.0,97367657.0,519056194.0
2020-09-16,2020,9,1248727375910.0,11878288335.0,1260605664245.0,1212622841092.0,5672333520.0,1218295174612.0,2461350217002.0,17550621855.0,2478900838857.0,24613.50217002,24789.00838857,66747908998.0,54456020.0,2611693120.0,88273098655.0,97367657.0,519056194.0
2020-09-17,2020,9,1248727375910.0,11878288335.0,1260605664245.0,1212622841092.0,5672333520.0,1218295174612.0,2461350217002.0,17550621855.0,2478900838857.0,24613.50217002,24789.00838857,66747908998.0,54456020.0,2611693120.0,88273098655.0,97367657.0,519056194.0
2020-09-18,2020,9,1248727375910.0,11878288335.0,1260605664245.0,1212622841092.0,5672333520.0,1218295174612.0,2461350217002.0,17550621855.0,2478900838857.0,24613.50217002,24789.00838857,66747908998.0,54456020.0,2611693120.0,88273098655.0,97367657.0,519056194.0
2020-09-21,2020,9,1248727375910.0,11878288335.0,1260605664245.0,1212622841092.0,5672333520.0,1218295174612.0,2461350217002.0,17550621855.0,2478900838857.0,24613.50217002,24789.00838857,66747908998.0,54456020.0,2611693120.0,88273098655.0,97367657.0,519056194.0
2020-09-22,2020,9,1248727375910.0,11878288335.0,1260605664245.0,1212622841092.0,5672333520.0,1218295174612.0,2461350217002.0,17550621855.0,2478900838857.0,24613.50217002,24789.00838857,66747908998.0,54456020.0,2611693120.0,88273098655.0,97367657.0,519056194.0
2020-09-23,2020,9,1248727375910.0,11878288335.0,1260605664245.0,1212622841092.0,5672333520.0,1218295174612.0,2461350217002.0,17550621855.0,2478900838857.0,24613.50217002,24789.00838857,66747908998.0,54456020.0,2611693120.0,88273098655.0,97367657.0,519056194.0
2020-09-24,2020,9,1248727375910.0,11878288335.0,1260605664245.0,1212622841092.0,5672333520.0,1218295174612.0,2461350217002.0,17550621855.0,2478900838857.0,24613.50217002,24789.00838857,66747908998.0,54456020.0,2611693120.0,88273098655.0,97367657.0,519056194.0
2020-09-25,2020,9,1248727375910.0,11878288335.0,1260605664245.0,1212622841092.0,5672333520.0,1218295174612.0,2461350217002.0,17550621855.0,2478900838857.0,24613.50217002,24789.00838857,66747908998.0,54456020.0,2611693120.0,88273098655.0,97367657.0,519056194.0
2020-09-28,2020,9,1248727375910.0,11878288335.0,1260605664245.0,1212622841092.0,5672333520.0,1218295174612.0,2461350217002.0,17550621855.0,2478900838857.0,24613.50217002,24789.00838857,66747908998.0,54456020.0,2611693120.0,88273098655.0,97367657.0,519056194.0
2020-09-29,2020,9,1248727375910.0,11878288335.0,1260605664245.0,1212622841092.0,5672333520.0,1218295174612.0,2461350217002.0,17550621855.0,2478900838857.0,24613.50217002,24789.00838857,66747908998.0,54456020.0,2611693120.0,88273098655.0,97367657.0,519056194.0
2020-09-30,2020,9,1348708301293.0,11721800689.0,1360430101982.0,1343393917315.0,5788704011.0,1349182621326.0,2692102218608.0,17510504700.0,2709612723308.0,26921.02218608,27096.12723308,140810884907.0,59863627.0,2300804798.0,174877902734.0,97367657.0,519056194.0
2020-10-09,2020,10,1348708301293.0,11721800689.0,1360430101982.0,1343393917315.0,5788704011.0,1349182621326.0,2692102218608.0,17510504700.0,2709612723308.0,26921.02218608,27096.12723308,140810884907.0,59863627.0,2300804798.0,174877902734.0,97367657.0,519056194.0
2020-10-12,2020,10,1348708301293.0,11721800689.0,1360430101982.0,1343393917315.0,5788704011.0,1349182621326.0,2692102218608.0,17510504700.0,2709612723308.0,26921.02218608,27096.12723308,140810884907.0,59863627.0,2300804798.0,174877902734.0,97367657.0,519056194.0
2020-10-13,2020,10,1348708301293.0,11721800689.0,1360430101982.0,1343393917315.0,5788704011.0,1349182621326.0,2692102218608.0,17510504700.0,2709612723308.0,26921.02218608,27096.12723308,140810884907.0,59863627.0,2300804798.0,174877902734.0,97367657.0,519056194.0
2020-10-14,2020,10,1348708301293.0,11721800689.0,1360430101982.0,1343393917315.0,5788704011.0,1349182621326.0,2692102218608.0,17510504700.0,2709612723308.0,26921.02218608,27096.12723308,140810884907.0,59863627.0,2300804798.0,174877902734.0,97367657.0,519056194.0
2020-10-15,2020,10,1348708301293.0,11721800689.0,1360430101982.0,1343393917315.0,5788704011.0,1349182621326.0,2692102218608.0,17510504700.0,2709612723308.0,26921.02218608,27096.12723308,140810884907.0,59863627.0,2300804798.0,174877902734.0,97367657.0,519056194.0
2020-10-16,2020,10,1348708301293.0,11721800689.0,1360430101982.0,1343393917315.0,5788704011.0,1349182621326.0,2692102218608.0,17510504700.0,2709612723308.0,26921.02218608,27096.12723308,140810884907.0,59863627.0,2300804798.0,174877902734.0,97367657.0,519056194.0
2020-10-19,2020,10,1348708301293.0,11721800689.0,1360430101982.0,1343393917315.0,5788704011.0,1349182621326.0,2692102218608.0,17510504700.0,2709612723308.0,26921.02218608,27096.12723308,140810884907.0,59863627.0,2300804798.0,174877902734.0,97367657.0,519056194.0
2020-10-20,2020,10,1348708301293.0,11721800689.0,1360430101982.0,1343393917315.0,5788704011.0,1349182621326.0,2692102218608.0,17510504700.0,2709612723308.0,26921.02218608,27096.12723308,140810884907.0,59863627.0,2300804798.0,174877902734.0,97367657.0,519056194.0
2020-10-21,2020,10,1348708301293.0,11721800689.0,1360430101982.0,1343393917315.0,5788704011.0,1349182621326.0,2692102218608.0,17510504700.0,2709612723308.0,26921.02218608,27096.12723308,140810884907.0,59863627.0,2300804798.0,174877902734.0,97367657.0,519056194.0
2020-10-22,2020,10,1348708301293.0,11721800689.0,1360430101982.0,1343393917315.0,5788704011.0,1349182621326.0,2692102218608.0,17510504700.0,2709612723308.0,26921.02218608,27096.12723308,140810884907.0,59863627.0,2300804798.0,174877902734.0,97367657.0,519056194.0
2020-10-23,2020,10,1348708301293.0,11721800689.0,1360430101982.0,1343393917315.0,5788704011.0,1349182621326.0,2692102218608.0,17510504700.0,2709612723308.0,26921.02218608,27096.12723308,140810884907.0,59863627.0,2300804798.0,174877902734.0,97367657.0,519056194.0
2020-10-26,2020,10,1348708301293.0,11721800689.0,1360430101982.0,1343393917315.0,5788704011.0,1349182621326.0,2692102218608.0,17510504700.0,2709612723308.0,26921.02218608,27096.12723308,140810884907.0,59863627.0,2300804798.0,174877902734.0,97367657.0,519056194.0
2020-10-27,2020,10,1348708301293.0,11721800689.0,1360430101982.0,1343393917315.0,5788704011.0,1349182621326.0,2692102218608.0,17510504700.0,2709612723308.0,26921.02218608,27096.12723308,140810884907.0,59863627.0,2300804798.0,174877902734.0,97367657.0,519056194.0
2020-10-28,2020,10,1348708301293.0,11721800689.0,1360430101982.0,1343393917315.0,5788704011.0,1349182621326.0,2692102218608.0,17510504700.0,2709612723308.0,26921.02218608,27096.12723308,140810884907.0,59863627.0,2300804798.0,174877902734.0,97367657.0,519056194.0
2020-10-29,2020,10,1348708301293.0,11721800689.0,1360430101982.0,1343393917315.0,5788704011.0,1349182621326.0,2692102218608.0,17510504700.0,2709612723308.0,26921.02218608,27096.12723308,140810884907.0,59863627.0,2300804798.0,174877902734.0,97367657.0,519056194.0
2020-10-30,2020,10,1348708301293.0,11721800689.0,1360430101982.0,1343393917315.0,5788704011.0,1349182621326.0,2692102218608.0,17510504700.0,2709612723308.0,26921.02218608,27096.12723308,140810884907.0,59863627.0,2300804798.0,174877902734.0,97367657.0,519056194.0
2020-11-02,2020,11,1348708301293.0,11721800689.0,1360430101982.0,1343393917315.0,5788704011.0,1349182621326.0,2692102218608.0,17510504700.0,2709612723308.0,26921.02218608,27096.12723308,140810884907.0,59863627.0,2300804798.0,174877902734.0,97367657.0,519056194.0
2020-11-03,2020,11,1348708301293.0,11721800689.0,1360430101982.0,1343393917315.0,5788704011.0,1349182621326.0,2692102218608.0,17510504700.0,2709612723308.0,26921.02218608,27096.12723308,140810884907.0,59863627.0,2300804798.0,174877902734.0,97367657.0,519056194.0
2020-11-04,2020,11,1348708301293.0,11721800689.0,1360430101982.0,1343393917315.0,5788704011.0,1349182621326.0,2692102218608.0,17510504700.0,2709612723308.0,26921.02218608,27096.12723308,140810884907.0,59863627.0,2300804798.0,174877902734.0,97367657.0,519056194.0
2020-11-05,2020,11,1348708301293.0,11721800689.0,1360430101982.0,1343393917315.0,5788704011.0,1349182621326.0,2692102218608.0,17510504700.0,2709612723308.0,26921.02218608,27096.12723308,140810884907.0,59863627.0,2300804798.0,174877902734.0,97367657.0,519056194.0
2020-11-06,2020,11,1348708301293.0,11721800689.0,1360430101982.0,1343393917315.0,5788704011.0,1349182621326.0,2692102218608.0,17510504700.0,2709612723308.0,26921.02218608,27096.12723308,140810884907.0,59863627.0,2300804798.0,174877902734.0,97367657.0,519056194.0
2020-11-09,2020,11,1348708301293.0,11721800689.0,1360430101982.0,1343393917315.0,5788704011.0,1349182621326.0,2692102218608.0,17510504700.0,2709612723308.0,26921.02218608,27096.12723308,140810884907.0,59863627.0,2300804798.0,174877902734.0,97367657.0,519056194.0
2020-11-10,2020,11,1348708301293.0,11721800689.0,1360430101982.0,1343393917315.0,5788704011.0,1349182621326.0,2692102218608.0,17510504700.0,2709612723308.0,26921.02218608,27096.12723308,140810884907.0,59863627.0,2300804798.0,174877902734.0,97367657.0,519056194.0
2020-11-11,2020,11,1348708301293.0,11721800689.0,1360430101982.0,1343393917315.0,5788704011.0,1349182621326.0,2692102218608.0,17510504700.0,2709612723308.0,26921.02218608,27096.12723308,140810884907.0,59863627.0,2300804798.0,174877902734.0,97367657.0,519056194.0
2020-11-12,2020,11,1348708301293.0,11721800689.0,1360430101982.0,1343393917315.0,5788704011.0,1349182621326.0,2692102218608.0,17510504700.0,2709612723308.0,26921.02218608,27096.12723308,140810884907.0,59863627.0,2300804798.0,174877902734.0,97367657.0,519056194.0
2020-11-13,2020,11,1348708301293.0,11721800689.0,1360430101982.0,1343393917315.0,5788704011.0,1349182621326.0,2692102218608.0,17510504700.0,2709612723308.0,26921.02218608,27096.12723308,140810884907.0,59863627.0,2300804798.0,174877902734.0,97367657.0,519056194.0
2020-11-16,2020,11,1348708301293.0,11721800689.0,1360430101982.0,1343393917315.0,5788704011.0,1349182621326.0,2692102218608.0,17510504700.0,2709612723308.0,26921.02218608,27096.12723308,140810884907.0,59863627.0,2300804798.0,174877902734.0,97367657.0,519056194.0
2020-11-17,2020,11,1348708301293.0,11721800689.0,1360430101982.0,1343393917315.0,5788704011.0,1349182621326.0,2692102218608.0,17510504700.0,2709612723308.0,26921.02218608,27096.12723308,140810884907.0,59863627.0,2300804798.0,174877902734.0,97367657.0,519056194.0
2020-11-18,2020,11,1348708301293.0,11721800689.0,1360430101982.0,1343393917315.0,5788704011.0,1349182621326.0,2692102218608.0,17510504700.0,2709612723308.0,26921.02218608,27096.12723308,140810884907.0,59863627.0,2300804798.0,174877902734.0,97367657.0,519056194.0
2020-11-19,2020,11,1348708301293.0,11721800689.0,1360430101982.0,1343393917315.0,5788704011.0,1349182621326.0,2692102218608.0,17510504700.0,2709612723308.0,26921.02218608,27096.12723308,140810884907.0,59863627.0,2300804798.0,174877902734.0,97367657.0,519056194.0
2020-11-20,2020,11,1348708301293.0,11721800689.0,1360430101982.0,1343393917315.0,5788704011.0,1349182621326.0,2692102218608.0,17510504700.0,2709612723308.0,26921.02218608,27096.12723308,140810884907.0,59863627.0,2300804798.0,174877902734.0,97367657.0,519056194.0
2020-11-23,2020,11,1348708301293.0,11721800689.0,1360430101982.0,1343393917315.0,5788704011.0,1349182621326.0,2692102218608.0,17510504700.0,2709612723308.0,26921.02218608,27096.12723308,140810884907.0,59863627.0,2300804798.0,174877902734.0,97367657.0,519056194.0
2020-11-24,2020,11,1348708301293.0,11721800689.0,1360430101982.0,1343393917315.0,5788704011.0,1349182621326.0,2692102218608.0,17510504700.0,2709612723308.0,26921.02218608,27096.12723308,140810884907.0,59863627.0,2300804798.0,174877902734.0,97367657.0,519056194.0
2020-11-25,2020,11,1348708301293.0,11721800689.0,1360430101982.0,1343393917315.0,5788704011.0,1349182621326.0,2692102218608.0,17510504700.0,2709612723308.0,26921.02218608,27096.12723308,140810884907.0,59863627.0,2300804798.0,174877902734.0,97367657.0,519056194.0
2020-11-26,2020,11,1348708301293.0,11721800689.0,1360430101982.0,1343393917315.0,5788704011.0,1349182621326.0,2692102218608.0,17510504700.0,2709612723308.0,26921.02218608,27096.12723308,140810884907.0,59863627.0,2300804798.0,174877902734.0,97367657.0,519056194.0
2020-11-27,2020,11,1348708301293.0,11721800689.0,1360430101982.0,1343393917315.0,5788704011.0,1349182621326.0,2692102218608.0,17510504700.0,2709612723308.0,26921.02218608,27096.12723308,140810884907.0,59863627.0,2300804798.0,174877902734.0,97367657.0,519056194.0
2020-11-30,2020,11,1358906781144.0,13031982745.0,1371938763889.0,1319400216926.0,6822662152.0,1326222879078.0,2678306998070.0,19854644897.0,2698161642967.0,26783.0699807,26981.61642967,106739031774.0,54146385.0,2409684896.0,127330459163.0,97367657.0,519056194.0
2020-12-01,2020,12,1358906781144.0,13031982745.0,1371938763889.0,1319400216926.0,6822662152.0,1326222879078.0,2678306998070.0,19854644897.0,2698161642967.0,26783.0699807,26981.61642967,106739031774.0,54146385.0,2409684896.0,127330459163.0,97367657.0,519056194.0
2020-12-02,2020,12,1358906781144.0,13031982745.0,1371938763889.0,1319400216926.0,6822662152.0,1326222879078.0,2678306998070.0,19854644897.0,2698161642967.0,26783.0699807,26981.61642967,106739031774.0,54146385.0,2409684896.0,127330459163.0,97367657.0,519056194.0
2020-12-03,2020,12,1358906781144.0,13031982745.0,1371938763889.0,1319400216926.0,6822662152.0,1326222879078.0,2678306998070.0,19854644897.0,2698161642967.0,26783.0699807,26981.61642967,106739031774.0,54146385.0,2409684896.0,127330459163.0,97367657.0,519056194.0
2020-12-04,2020,12,1358906781144.0,13031982745.0,1371938763889.0,1319400216926.0,6822662152.0,1326222879078.0,2678306998070.0,19854644897.0,2698161642967.0,26783.0699807,26981.61642967,106739031774.0,54146385.0,2409684896.0,127330459163.0,97367657.0,519056194.0
2020-12-07,2020,12,1358906781144.0,13031982745.0,1371938763889.0,1319400216926.0,6822662152.0,1326222879078.0,2678306998070.0,19854644897.0,2698161642967.0,26783.0699807,26981.61642967,106739031774.0,54146385.0,2409684896.0,127330459163.0,97367657.0,519056194.0
2020-12-08,2020,12,1358906781144.0,13031982745.0,1371938763889.0,1319400216926.0,6822662152.0,1326222879078.0,2678306998070.0,19854644897.0,2698161642967.0,26783.0699807,26981.61642967,106739031774.0,54146385.0,2409684896.0,127330459163.0,97367657.0,519056194.0
2020-12-09,2020,12,1358906781144.0,13031982745.0,1371938763889.0,1319400216926.0,6822662152.0,1326222879078.0,2678306998070.0,19854644897.0,2698161642967.0,26783.0699807,26981.61642967,106739031774.0,54146385.0,2409684896.0,127330459163.0,97367657.0,519056194.0
2020-12-10,2020,12,1358906781144.0,13031982745.0,1371938763889.0,1319400216926.0,6822662152.0,1326222879078.0,2678306998070.0,19854644897.0,2698161642967.0,26783.0699807,26981.61642967,106739031774.0,54146385.0,2409684896.0,127330459163.0,97367657.0,519056194.0
2020-12-11,2020,12,1358906781144.0,13031982745.0,1371938763889.0,1319400216926.0,6822662152.0,1326222879078.0,2678306998070.0,19854644897.0,2698161642967.0,26783.0699807,26981.61642967,106739031774.0,54146385.0,2409684896.0,127330459163.0,97367657.0,519056194.0
2020-12-14,2020,12,1358906781144.0,13031982745.0,1371938763889.0,1319400216926.0,6822662152.0,1326222879078.0,2678306998070.0,19854644897.0,2698161642967.0,26783.0699807,26981.61642967,106739031774.0,54146385.0,2409684896.0,127330459163.0,97367657.0,519056194.0
2020-12-15,2020,12,1358906781144.0,13031982745.0,1371938763889.0,1319400216926.0,6822662152.0,1326222879078.0,2678306998070.0,19854644897.0,2698161642967.0,26783.0699807,26981.61642967,106739031774.0,54146385.0,2409684896.0,127330459163.0,97367657.0,519056194.0
2020-12-16,2020,12,1358906781144.0,13031982745.0,1371938763889.0,1319400216926.0,6822662152.0,1326222879078.0,2678306998070.0,19854644897.0,2698161642967.0,26783.0699807,26981.61642967,106739031774.0,54146385.0,2409684896.0,127330459163.0,97367657.0,519056194.0
2020-12-17,2020,12,1358906781144.0,13031982745.0,1371938763889.0,1319400216926.0,6822662152.0,1326222879078.0,2678306998070.0,19854644897.0,2698161642967.0,26783.0699807,26981.61642967,106739031774.0,54146385.0,2409684896.0,127330459163.0,97367657.0,519056194.0
2020-12-18,2020,12,1358906781144.0,13031982745.0,1371938763889.0,1319400216926.0,6822662152.0,1326222879078.0,2678306998070.0,19854644897.0,2698161642967.0,26783.0699807,26981.61642967,106739031774.0,54146385.0,2409684896.0,127330459163.0,97367657.0,519056194.0
2020-12-21,2020,12,1358906781144.0,13031982745.0,1371938763889.0,1319400216926.0,6822662152.0,1326222879078.0,2678306998070.0,19854644897.0,2698161642967.0,26783.0699807,26981.61642967,106739031774.0,54146385.0,2409684896.0,127330459163.0,97367657.0,519056194.0
2020-12-22,2020,12,1358906781144.0,13031982745.0,1371938763889.0,1319400216926.0,6822662152.0,1326222879078.0,2678306998070.0,19854644897.0,2698161642967.0,26783.0699807,26981.61642967,106739031774.0,54146385.0,2409684896.0,127330459163.0,97367657.0,519056194.0
2020-12-23,2020,12,1358906781144.0,13031982745.0,1371938763889.0,1319400216926.0,6822662152.0,1326222879078.0,2678306998070.0,19854644897.0,2698161642967.0,26783.0699807,26981.61642967,106739031774.0,54146385.0,2409684896.0,127330459163.0,97367657.0,519056194.0
2020-12-24,2020,12,1358906781144.0,13031982745.0,1371938763889.0,1319400216926.0,6822662152.0,1326222879078.0,2678306998070.0,19854644897.0,2698161642967.0,26783.0699807,26981.61642967,106739031774.0,54146385.0,2409684896.0,127330459163.0,97367657.0,519056194.0
2020-12-25,2020,12,1358906781144.0,13031982745.0,1371938763889.0,1319400216926.0,6822662152.0,1326222879078.0,2678306998070.0,19854644897.0,2698161642967.0,26783.0699807,26981.61642967,106739031774.0,54146385.0,2409684896.0,127330459163.0,97367657.0,519056194.0
2020-12-28,2020,12,1358906781144.0,13031982745.0,1371938763889.0,1319400216926.0,6822662152.0,1326222879078.0,2678306998070.0,19854644897.0,2698161642967.0,26783.0699807,26981.61642967,106739031774.0,54146385.0,2409684896.0,127330459163.0,97367657.0,519056194.0
2020-12-29,2020,12,1358906781144.0,13031982745.0,1371938763889.0,1319400216926.0,6822662152.0,1326222879078.0,2678306998070.0,19854644897.0,2698161642967.0,26783.0699807,26981.61642967,106739031774.0,54146385.0,2409684896.0,127330459163.0,97367657.0,519056194.0
2020-12-30,2020,12,1358906781144.0,13031982745.0,1371938763889.0,1319400216926.0,6822662152.0,1326222879078.0,2678306998070.0,19854644897.0,2698161642967.0,26783.0699807,26981.61642967,106739031774.0,54146385.0,2409684896.0,127330459163.0,97367657.0,519056194.0
2020-12-31,2020,12,1453703702150.0,13289861419.0,1466993563569.0,1399789016399.0,7162905868.0,1406951922267.0,2853492718549.0,20452767287.0,2873945485836.0,28534.92718549,28739.45485836,119593637005.0,56767471.0,2438672249.0,129179423282.0,97367657.0,519056194.0
2021-01-04,2021,1,1453703702150.0,13289861419.0,1466993563569.0,1399789016399.0,7162905868.0,1406951922267.0,2853492718549.0,20452767287.0,2873945485836.0,28534.92718549,28739.45485836,119593637005.0,56767471.0,2438672249.0,129179423282.0,97367657.0,519056194.0
2021-01-05,2021,1,1453703702150.0,13289861419.0,1466993563569.0,1399789016399.0,7162905868.0,1406951922267.0,2853492718549.0,20452767287.0,2873945485836.0,28534.92718549,28739.45485836,119593637005.0,56767471.0,2438672249.0,129179423282.0,97367657.0,519056194.0
2021-01-06,2021,1,1453703702150.0,13289861419.0,1466993563569.0,1399789016399.0,7162905868.0,1406951922267.0,2853492718549.0,20452767287.0,2873945485836.0,28534.92718549,28739.45485836,119593637005.0,56767471.0,2438672249.0,129179423282.0,97367657.0,519056194.0
2021-01-07,2021,1,1453703702150.0,13289861419.0,1466993563569.0,1399789016399.0,7162905868.0,1406951922267.0,2853492718549.0,20452767287.0,2873945485836.0,28534.92718549,28739.45485836,119593637005.0,56767471.0,2438672249.0,129179423282.0,97367657.0,519056194.0
2021-01-08,2021,1,1453703702150.0,13289861419.0,1466993563569.0,1399789016399.0,7162905868.0,1406951922267.0,2853492718549.0,20452767287.0,2873945485836.0,28534.92718549,28739.45485836,119593637005.0,56767471.0,2438672249.0,129179423282.0,97367657.0,519056194.0
2021-01-11,2021,1,1453703702150.0,13289861419.0,1466993563569.0,1399789016399.0,7162905868.0,1406951922267.0,2853492718549.0,20452767287.0,2873945485836.0,28534.92718549,28739.45485836,119593637005.0,56767471.0,2438672249.0,129179423282.0,97367657.0,519056194.0
2021-01-12,2021,1,1453703702150.0,13289861419.0,1466993563569.0,1399789016399.0,7162905868.0,1406951922267.0,2853492718549.0,20452767287.0,2873945485836.0,28534.92718549,28739.45485836,119593637005.0,56767471.0,2438672249.0,129179423282.0,97367657.0,519056194.0
2021-01-13,2021,1,1453703702150.0,13289861419.0,1466993563569.0,1399789016399.0,7162905868.0,1406951922267.0,2853492718549.0,20452767287.0,2873945485836.0,28534.92718549,28739.45485836,119593637005.0,56767471.0,2438672249.0,129179423282.0,97367657.0,519056194.0
2021-01-14,2021,1,1453703702150.0,13289861419.0,1466993563569.0,1399789016399.0,7162905868.0,1406951922267.0,2853492718549.0,20452767287.0,2873945485836.0,28534.92718549,28739.45485836,119593637005.0,56767471.0,2438672249.0,129179423282.0,97367657.0,519056194.0
2021-01-15,2021,1,1453703702150.0,13289861419.0,1466993563569.0,1399789016399.0,7162905868.0,1406951922267.0,2853492718549.0,20452767287.0,2873945485836.0,28534.92718549,28739.45485836,119593637005.0,56767471.0,2438672249.0,129179423282.0,97367657.0,519056194.0
2021-01-18,2021,1,1453703702150.0,13289861419.0,1466993563569.0,1399789016399.0,7162905868.0,1406951922267.0,2853492718549.0,20452767287.0,2873945485836.0,28534.92718549,28739.45485836,119593637005.0,56767471.0,2438672249.0,129179423282.0,97367657.0,519056194.0
2021-01-19,2021,1,1453703702150.0,13289861419.0,1466993563569.0,1399789016399.0,7162905868.0,1406951922267.0,2853492718549.0,20452767287.0,2873945485836.0,28534.92718549,28739.45485836,119593637005.0,56767471.0,2438672249.0,129179423282.0,97367657.0,519056194.0
2021-01-20,2021,1,1453703702150.0,13289861419.0,1466993563569.0,1399789016399.0,7162905868.0,1406951922267.0,2853492718549.0,20452767287.0,2873945485836.0,28534.92718549,28739.45485836,119593637005.0,56767471.0,2438672249.0,129179423282.0,97367657.0,519056194.0
2021-01-21,2021,1,1453703702150.0,13289861419.0,1466993563569.0,1399789016399.0,7162905868.0,1406951922267.0,2853492718549.0,20452767287.0,2873945485836.0,28534.92718549,28739.45485836,119593637005.0,56767471.0,2438672249.0,129179423282.0,97367657.0,519056194.0
2021-01-22,2021,1,1453703702150.0,13289861419.0,1466993563569.0,1399789016399.0,7162905868.0,1406951922267.0,2853492718549.0,20452767287.0,2873945485836.0,28534.92718549,28739.45485836,119593637005.0,56767471.0,2438672249.0,129179423282.0,97367657.0,519056194.0
2021-01-25,2021,1,1453703702150.0,13289861419.0,1466993563569.0,1399789016399.0,7162905868.0,1406951922267.0,2853492718549.0,20452767287.0,2873945485836.0,28534.92718549,28739.45485836,119593637005.0,56767471.0,2438672249.0,129179423282.0,97367657.0,519056194.0
2021-01-26,2021,1,1453703702150.0,13289861419.0,1466993563569.0,1399789016399.0,7162905868.0,1406951922267.0,2853492718549.0,20452767287.0,2873945485836.0,28534.92718549,28739.45485836,119593637005.0,56767471.0,2438672249.0,129179423282.0,97367657.0,519056194.0
2021-01-27,2021,1,1453703702150.0,13289861419.0,1466993563569.0,1399789016399.0,7162905868.0,1406951922267.0,2853492718549.0,20452767287.0,2873945485836.0,28534.92718549,28739.45485836,119593637005.0,56767471.0,2438672249.0,129179423282.0,97367657.0,519056194.0
2021-01-28,2021,1,1453703702150.0,13289861419.0,1466993563569.0,1399789016399.0,7162905868.0,1406951922267.0,2853492718549.0,20452767287.0,2873945485836.0,28534.92718549,28739.45485836,119593637005.0,56767471.0,2438672249.0,129179423282.0,97367657.0,519056194.0
2021-01-29,2021,1,1453703702150.0,13289861419.0,1466993563569.0,1399789016399.0,7162905868.0,1406951922267.0,2853492718549.0,20452767287.0,2873945485836.0,28534.92718549,28739.45485836,119593637005.0,56767471.0,2438672249.0,129179423282.0,97367657.0,519056194.0
2021-02-01,2021,2,1453703702150.0,13289861419.0,1466993563569.0,1399789016399.0,7162905868.0,1406951922267.0,2853492718549.0,20452767287.0,2873945485836.0,28534.92718549,28739.45485836,119593637005.0,56767471.0,2438672249.0,129179423282.0,97367657.0,519056194.0
2021-02-02,2021,2,1453703702150.0,13289861419.0,1466993563569.0,1399789016399.0,7162905868.0,1406951922267.0,2853492718549.0,20452767287.0,2873945485836.0,28534.92718549,28739.45485836,119593637005.0,56767471.0,2438672249.0,129179423282.0,97367657.0,519056194.0
2021-02-03,2021,2,1453703702150.0,13289861419.0,1466993563569.0,1399789016399.0,7162905868.0,1406951922267.0,2853492718549.0,20452767287.0,2873945485836.0,28534.92718549,28739.45485836,119593637005.0,56767471.0,2438672249.0,129179423282.0,97367657.0,519056194.0
2021-02-04,2021,2,1453703702150.0,13289861419.0,1466993563569.0,1399789016399.0,7162905868.0,1406951922267.0,2853492718549.0,20452767287.0,2873945485836.0,28534.92718549,28739.45485836,119593637005.0,56767471.0,2438672249.0,129179423282.0,97367657.0,519056194.0
2021-02-05,2021,2,1453703702150.0,13289861419.0,1466993563569.0,1399789016399.0,7162905868.0,1406951922267.0,2853492718549.0,20452767287.0,2873945485836.0,28534.92718549,28739.45485836,119593637005.0,56767471.0,2438672249.0,129179423282.0,97367657.0,519056194.0
2021-02-08,2021,2,1453703702150.0,13289861419.0,1466993563569.0,1399789016399.0,7162905868.0,1406951922267.0,2853492718549.0,20452767287.0,2873945485836.0,28534.92718549,28739.45485836,119593637005.0,56767471.0,2438672249.0,129179423282.0,97367657.0,519056194.0
2021-02-09,2021,2,1453703702150.0,13289861419.0,1466993563569.0,1399789016399.0,7162905868.0,1406951922267.0,2853492718549.0,20452767287.0,2873945485836.0,28534.92718549,28739.45485836,119593637005.0,56767471.0,2438672249.0,129179423282.0,97367657.0,519056194.0
2021-02-10,2021,2,1453703702150.0,13289861419.0,1466993563569.0,1399789016399.0,7162905868.0,1406951922267.0,2853492718549.0,20452767287.0,2873945485836.0,28534.92718549,28739.45485836,119593637005.0,56767471.0,2438672249.0,129179423282.0,97367657.0,519056194.0
2021-02-18,2021,2,1453703702150.0,13289861419.0,1466993563569.0,1399789016399.0,7162905868.0,1406951922267.0,2853492718549.0,20452767287.0,2873945485836.0,28534.92718549,28739.45485836,119593637005.0,56767471.0,2438672249.0,129179423282.0,97367657.0,519056194.0
2021-02-19,2021,2,1453703702150.0,13289861419.0,1466993563569.0,1399789016399.0,7162905868.0,1406951922267.0,2853492718549.0,20452767287.0,2873945485836.0,28534.92718549,28739.45485836,119593637005.0,56767471.0,2438672249.0,129179423282.0,97367657.0,519056194.0
2021-02-22,2021,2,1453703702150.0,13289861419.0,1466993563569.0,1399789016399.0,7162905868.0,1406951922267.0,2853492718549.0,20452767287.0,2873945485836.0,28534.92718549,28739.45485836,119593637005.0,56767471.0,2438672249.0,129179423282.0,97367657.0,519056194.0
2021-02-23,2021,2,1453703702150.0,13289861419.0,1466993563569.0,1399789016399.0,7162905868.0,1406951922267.0,2853492718549.0,20452767287.0,2873945485836.0,28534.92718549,28739.45485836,119593637005.0,56767471.0,2438672249.0,129179423282.0,97367657.0,519056194.0
2021-02-24,2021,2,1453703702150.0,13289861419.0,1466993563569.0,1399789016399.0,7162905868.0,1406951922267.0,2853492718549.0,20452767287.0,2873945485836.0,28534.92718549,28739.45485836,119593637005.0,56767471.0,2438672249.0,129179423282.0,97367657.0,519056194.0
2021-02-25,2021,2,1453703702150.0,13289861419.0,1466993563569.0,1399789016399.0,7162905868.0,1406951922267.0,2853492718549.0,20452767287.0,2873945485836.0,28534.92718549,28739.45485836,119593637005.0,56767471.0,2438672249.0,129179423282.0,97367657.0,519056194.0
2021-02-26,2021,2,1453703702150.0,13289861419.0,1466993563569.0,1399789016399.0,7162905868.0,1406951922267.0,2853492718549.0,20452767287.0,2873945485836.0,28534.92718549,28739.45485836,119593637005.0,56767471.0,2438672249.0,129179423282.0,97367657.0,519056194.0
2021-03-01,2021,3,1453703702150.0,13289861419.0,1466993563569.0,1399789016399.0,7162905868.0,1406951922267.0,2853492718549.0,20452767287.0,2873945485836.0,28534.92718549,28739.45485836,119593637005.0,56767471.0,2438672249.0,129179423282.0,97367657.0,519056194.0
2021-03-02,2021,3,1453703702150.0,13289861419.0,1466993563569.0,1399789016399.0,7162905868.0,1406951922267.0,2853492718549.0,20452767287.0,2873945485836.0,28534.92718549,28739.45485836,119593637005.0,56767471.0,2438672249.0,129179423282.0,97367657.0,519056194.0
2021-03-03,2021,3,1453703702150.0,13289861419.0,1466993563569.0,1399789016399.0,7162905868.0,1406951922267.0,2853492718549.0,20452767287.0,2873945485836.0,28534.92718549,28739.45485836,119593637005.0,56767471.0,2438672249.0,129179423282.0,97367657.0,519056194.0
2021-03-04,2021,3,1453703702150.0,13289861419.0,1466993563569.0,1399789016399.0,7162905868.0,1406951922267.0,2853492718549.0,20452767287.0,2873945485836.0,28534.92718549,28739.45485836,119593637005.0,56767471.0,2438672249.0,129179423282.0,97367657.0,519056194.0
2021-03-05,2021,3,1453703702150.0,13289861419.0,1466993563569.0,1399789016399.0,7162905868.0,1406951922267.0,2853492718549.0,20452767287.0,2873945485836.0,28534.92718549,28739.45485836,119593637005.0,56767471.0,2438672249.0,129179423282.0,97367657.0,519056194.0
2021-03-08,2021,3,1453703702150.0,13289861419.0,1466993563569.0,1399789016399.0,7162905868.0,1406951922267.0,2853492718549.0,20452767287.0,2873945485836.0,28534.92718549,28739.45485836,119593637005.0,56767471.0,2438672249.0,129179423282.0,97367657.0,519056194.0
2021-03-09,2021,3,1453703702150.0,13289861419.0,1466993563569.0,1399789016399.0,7162905868.0,1406951922267.0,2853492718549.0,20452767287.0,2873945485836.0,28534.92718549,28739.45485836,119593637005.0,56767471.0,2438672249.0,129179423282.0,97367657.0,519056194.0
2021-03-10,2021,3,1453703702150.0,13289861419.0,1466993563569.0,1399789016399.0,7162905868.0,1406951922267.0,2853492718549.0,20452767287.0,2873945485836.0,28534.92718549,28739.45485836,119593637005.0,56767471.0,2438672249.0,129179423282.0,97367657.0,519056194.0
2021-03-11,2021,3,1453703702150.0,13289861419.0,1466993563569.0,1399789016399.0,7162905868.0,1406951922267.0,2853492718549.0,20452767287.0,2873945485836.0,28534.92718549,28739.45485836,119593637005.0,56767471.0,2438672249.0,129179423282.0,97367657.0,519056194.0
2021-03-12,2021,3,1453703702150.0,13289861419.0,1466993563569.0,1399789016399.0,7162905868.0,1406951922267.0,2853492718549.0,20452767287.0,2873945485836.0,28534.92718549,28739.45485836,119593637005.0,56767471.0,2438672249.0,129179423282.0,97367657.0,519056194.0
2021-03-15,2021,3,1453703702150.0,13289861419.0,1466993563569.0,1399789016399.0,7162905868.0,1406951922267.0,2853492718549.0,20452767287.0,2873945485836.0,28534.92718549,28739.45485836,119593637005.0,56767471.0,2438672249.0,129179423282.0,97367657.0,519056194.0
2021-03-16,2021,3,1453703702150.0,13289861419.0,1466993563569.0,1399789016399.0,7162905868.0,1406951922267.0,2853492718549.0,20452767287.0,2873945485836.0,28534.92718549,28739.45485836,119593637005.0,56767471.0,2438672249.0,129179423282.0,97367657.0,519056194.0
2021-03-17,2021,3,1453703702150.0,13289861419.0,1466993563569.0,1399789016399.0,7162905868.0,1406951922267.0,2853492718549.0,20452767287.0,2873945485836.0,28534.92718549,28739.45485836,119593637005.0,56767471.0,2438672249.0,129179423282.0,97367657.0,519056194.0
2021-03-18,2021,3,1453703702150.0,13289861419.0,1466993563569.0,1399789016399.0,7162905868.0,1406951922267.0,2853492718549.0,20452767287.0,2873945485836.0,28534.92718549,28739.45485836,119593637005.0,56767471.0,2438672249.0,129179423282.0,97367657.0,519056194.0
2021-03-19,2021,3,1453703702150.0,13289861419.0,1466993563569.0,1399789016399.0,7162905868.0,1406951922267.0,2853492718549.0,20452767287.0,2873945485836.0,28534.92718549,28739.45485836,119593637005.0,56767471.0,2438672249.0,129179423282.0,97367657.0,519056194.0
2021-03-22,2021,3,1453703702150.0,13289861419.0,1466993563569.0,1399789016399.0,7162905868.0,1406951922267.0,2853492718549.0,20452767287.0,2873945485836.0,28534.92718549,28739.45485836,119593637005.0,56767471.0,2438672249.0,129179423282.0,97367657.0,519056194.0
2021-03-23,2021,3,1453703702150.0,13289861419.0,1466993563569.0,1399789016399.0,7162905868.0,1406951922267.0,2853492718549.0,20452767287.0,2873945485836.0,28534.92718549,28739.45485836,119593637005.0,56767471.0,2438672249.0,129179423282.0,97367657.0,519056194.0
2021-03-24,2021,3,1453703702150.0,13289861419.0,1466993563569.0,1399789016399.0,7162905868.0,1406951922267.0,2853492718549.0,20452767287.0,2873945485836.0,28534.92718549,28739.45485836,119593637005.0,56767471.0,2438672249.0,129179423282.0,97367657.0,519056194.0
2021-03-25,2021,3,1453703702150.0,13289861419.0,1466993563569.0,1399789016399.0,7162905868.0,1406951922267.0,2853492718549.0,20452767287.0,2873945485836.0,28534.92718549,28739.45485836,119593637005.0,56767471.0,2438672249.0,129179423282.0,97367657.0,519056194.0
2021-03-26,2021,3,1453703702150.0,13289861419.0,1466993563569.0,1399789016399.0,7162905868.0,1406951922267.0,2853492718549.0,20452767287.0,2873945485836.0,28534.92718549,28739.45485836,119593637005.0,56767471.0,2438672249.0,129179423282.0,97367657.0,519056194.0
2021-03-29,2021,3,1453703702150.0,13289861419.0,1466993563569.0,1399789016399.0,7162905868.0,1406951922267.0,2853492718549.0,20452767287.0,2873945485836.0,28534.92718549,28739.45485836,119593637005.0,56767471.0,2438672249.0,129179423282.0,97367657.0,519056194.0
2021-03-30,2021,3,1453703702150.0,13289861419.0,1466993563569.0,1399789016399.0,7162905868.0,1406951922267.0,2853492718549.0,20452767287.0,2873945485836.0,28534.92718549,28739.45485836,119593637005.0,56767471.0,2438672249.0,129179423282.0,97367657.0,519056194.0
2021-03-31,2021,3,1453703702150.0,13289861419.0,1466993563569.0,1399789016399.0,7162905868.0,1406951922267.0,2853492718549.0,20452767287.0,2873945485836.0,28534.92718549,28739.45485836,119593637005.0,56767471.0,2438672249.0,129179423282.0,97367657.0,519056194.0
2021-04-01,2021,4,1453703702150.0,13289861419.0,1466993563569.0,1399789016399.0,7162905868.0,1406951922267.0,2853492718549.0,20452767287.0,2873945485836.0,28534.92718549,28739.45485836,119593637005.0,56767471.0,2438672249.0,129179423282.0,97367657.0,519056194.0
2021-04-02,2021,4,1453703702150.0,13289861419.0,1466993563569.0,1399789016399.0,7162905868.0,1406951922267.0,2853492718549.0,20452767287.0,2873945485836.0,28534.92718549,28739.45485836,119593637005.0,56767471.0,2438672249.0,129179423282.0,97367657.0,519056194.0
2021-04-06,2021,4,1453703702150.0,13289861419.0,1466993563569.0,1399789016399.0,7162905868.0,1406951922267.0,2853492718549.0,20452767287.0,2873945485836.0,28534.92718549,28739.45485836,119593637005.0,56767471.0,2438672249.0,129179423282.0,97367657.0,519056194.0
2021-04-07,2021,4,1453703702150.0,13289861419.0,1466993563569.0,1399789016399.0,7162905868.0,1406951922267.0,2853492718549.0,20452767287.0,2873945485836.0,28534.92718549,28739.45485836,119593637005.0,56767471.0,2438672249.0,129179423282.0,97367657.0,519056194.0
2021-04-08,2021,4,1453703702150.0,13289861419.0,1466993563569.0,1399789016399.0,7162905868.0,1406951922267.0,2853492718549.0,20452767287.0,2873945485836.0,28534.92718549,28739.45485836,119593637005.0,56767471.0,2438672249.0,129179423282.0,97367657.0,519056194.0
2021-04-09,2021,4,1453703702150.0,13289861419.0,1466993563569.0,1399789016399.0,7162905868.0,1406951922267.0,2853492718549.0,20452767287.0,2873945485836.0,28534.92718549,28739.45485836,119593637005.0,56767471.0,2438672249.0,129179423282.0,97367657.0,519056194.0
2021-04-12,2021,4,1453703702150.0,13289861419.0,1466993563569.0,1399789016399.0,7162905868.0,1406951922267.0,2853492718549.0,20452767287.0,2873945485836.0,28534.92718549,28739.45485836,119593637005.0,56767471.0,2438672249.0,129179423282.0,97367657.0,519056194.0
2021-04-13,2021,4,1453703702150.0,13289861419.0,1466993563569.0,1399789016399.0,7162905868.0,1406951922267.0,2853492718549.0,20452767287.0,2873945485836.0,28534.92718549,28739.45485836,119593637005.0,56767471.0,2438672249.0,129179423282.0,97367657.0,519056194.0
2021-04-14,2021,4,1453703702150.0,13289861419.0,1466993563569.0,1399789016399.0,7162905868.0,1406951922267.0,2853492718549.0,20452767287.0,2873945485836.0,28534.92718549,28739.45485836,119593637005.0,56767471.0,2438672249.0,129179423282.0,97367657.0,519056194.0
2021-04-15,2021,4,1453703702150.0,13289861419.0,1466993563569.0,1399789016399.0,7162905868.0,1406951922267.0,2853492718549.0,20452767287.0,2873945485836.0,28534.92718549,28739.45485836,119593637005.0,56767471.0,2438672249.0,129179423282.0,97367657.0,519056194.0
2021-04-16,2021,4,1453703702150.0,13289861419.0,1466993563569.0,1399789016399.0,7162905868.0,1406951922267.0,2853492718549.0,20452767287.0,2873945485836.0,28534.92718549,28739.45485836,119593637005.0,56767471.0,2438672249.0,129179423282.0,97367657.0,519056194.0
2021-04-19,2021,4,1453703702150.0,13289861419.0,1466993563569.0,1399789016399.0,7162905868.0,1406951922267.0,2853492718549.0,20452767287.0,2873945485836.0,28534.92718549,28739.45485836,119593637005.0,56767471.0,2438672249.0,129179423282.0,97367657.0,519056194.0
2021-04-20,2021,4,1453703702150.0,13289861419.0,1466993563569.0,1399789016399.0,7162905868.0,1406951922267.0,2853492718549.0,20452767287.0,2873945485836.0,28534.92718549,28739.45485836,119593637005.0,56767471.0,2438672249.0,129179423282.0,97367657.0,519056194.0
2021-04-21,2021,4,1453703702150.0,13289861419.0,1466993563569.0,1399789016399.0,7162905868.0,1406951922267.0,2853492718549.0,20452767287.0,2873945485836.0,28534.92718549,28739.45485836,119593637005.0,56767471.0,2438672249.0,129179423282.0,97367657.0,519056194.0
2021-04-22,2021,4,1453703702150.0,13289861419.0,1466993563569.0,1399789016399.0,7162905868.0,1406951922267.0,2853492718549.0,20452767287.0,2873945485836.0,28534.92718549,28739.45485836,119593637005.0,56767471.0,2438672249.0,129179423282.0,97367657.0,519056194.0
2021-04-23,2021,4,1453703702150.0,13289861419.0,1466993563569.0,1399789016399.0,7162905868.0,1406951922267.0,2853492718549.0,20452767287.0,2873945485836.0,28534.92718549,28739.45485836,119593637005.0,56767471.0,2438672249.0,129179423282.0,97367657.0,519056194.0
2021-04-26,2021,4,1453703702150.0,13289861419.0,1466993563569.0,1399789016399.0,7162905868.0,1406951922267.0,2853492718549.0,20452767287.0,2873945485836.0,28534.92718549,28739.45485836,119593637005.0,56767471.0,2438672249.0,129179423282.0,97367657.0,519056194.0
2021-04-27,2021,4,1453703702150.0,13289861419.0,1466993563569.0,1399789016399.0,7162905868.0,1406951922267.0,2853492718549.0,20452767287.0,2873945485836.0,28534.92718549,28739.45485836,119593637005.0,56767471.0,2438672249.0,129179423282.0,97367657.0,519056194.0
2021-04-28,2021,4,1453703702150.0,13289861419.0,1466993563569.0,1399789016399.0,7162905868.0,1406951922267.0,2853492718549.0,20452767287.0,2873945485836.0,28534.92718549,28739.45485836,119593637005.0,56767471.0,2438672249.0,129179423282.0,97367657.0,519056194.0
2021-04-29,2021,4,1453703702150.0,13289861419.0,1466993563569.0,1399789016399.0,7162905868.0,1406951922267.0,2853492718549.0,20452767287.0,2873945485836.0,28534.92718549,28739.45485836,119593637005.0,56767471.0,2438672249.0,129179423282.0,97367657.0,519056194.0
2021-04-30,2021,4,1453703702150.0,13289861419.0,1466993563569.0,1399789016399.0,7162905868.0,1406951922267.0,2853492718549.0,20452767287.0,2873945485836.0,28534.92718549,28739.45485836,119593637005.0,56767471.0,2438672249.0,129179423282.0,97367657.0,519056194.0
2021-05-06,2021,5,1453703702150.0,13289861419.0,1466993563569.0,1399789016399.0,7162905868.0,1406951922267.0,2853492718549.0,20452767287.0,2873945485836.0,28534.92718549,28739.45485836,119593637005.0,56767471.0,2438672249.0,129179423282.0,97367657.0,519056194.0
2021-05-07,2021,5,1453703702150.0,13289861419.0,1466993563569.0,1399789016399.0,7162905868.0,1406951922267.0,2853492718549.0,20452767287.0,2873945485836.0,28534.92718549,28739.45485836,119593637005.0,56767471.0,2438672249.0,129179423282.0,97367657.0,519056194.0
2021-05-10,2021,5,1453703702150.0,13289861419.0,1466993563569.0,1399789016399.0,7162905868.0,1406951922267.0,2853492718549.0,20452767287.0,2873945485836.0,28534.92718549,28739.45485836,119593637005.0,56767471.0,2438672249.0,129179423282.0,97367657.0,519056194.0
2021-05-11,2021,5,1453703702150.0,13289861419.0,1466993563569.0,1399789016399.0,7162905868.0,1406951922267.0,2853492718549.0,20452767287.0,2873945485836.0,28534.92718549,28739.45485836,119593637005.0,56767471.0,2438672249.0,129179423282.0,97367657.0,519056194.0
2021-05-12,2021,5,1453703702150.0,13289861419.0,1466993563569.0,1399789016399.0,7162905868.0,1406951922267.0,2853492718549.0,20452767287.0,2873945485836.0,28534.92718549,28739.45485836,119593637005.0,56767471.0,2438672249.0,129179423282.0,97367657.0,519056194.0
2021-05-13,2021,5,1453703702150.0,13289861419.0,1466993563569.0,1399789016399.0,7162905868.0,1406951922267.0,2853492718549.0,20452767287.0,2873945485836.0,28534.92718549,28739.45485836,119593637005.0,56767471.0,2438672249.0,129179423282.0,97367657.0,519056194.0
2021-05-14,2021,5,1453703702150.0,13289861419.0,1466993563569.0,1399789016399.0,7162905868.0,1406951922267.0,2853492718549.0,20452767287.0,2873945485836.0,28534.92718549,28739.45485836,119593637005.0,56767471.0,2438672249.0,129179423282.0,97367657.0,519056194.0
2021-05-17,2021,5,1453703702150.0,13289861419.0,1466993563569.0,1399789016399.0,7162905868.0,1406951922267.0,2853492718549.0,20452767287.0,2873945485836.0,28534.92718549,28739.45485836,119593637005.0,56767471.0,2438672249.0,129179423282.0,97367657.0,519056194.0
2021-05-18,2021,5,1453703702150.0,13289861419.0,1466993563569.0,1399789016399.0,7162905868.0,1406951922267.0,2853492718549.0,20452767287.0,2873945485836.0,28534.92718549,28739.45485836,119593637005.0,56767471.0,2438672249.0,129179423282.0,97367657.0,519056194.0
2021-05-19,2021,5,1453703702150.0,13289861419.0,1466993563569.0,1399789016399.0,7162905868.0,1406951922267.0,2853492718549.0,20452767287.0,2873945485836.0,28534.92718549,28739.45485836,119593637005.0,56767471.0,2438672249.0,129179423282.0,97367657.0,519056194.0
2021-05-20,2021,5,1453703702150.0,13289861419.0,1466993563569.0,1399789016399.0,7162905868.0,1406951922267.0,2853492718549.0,20452767287.0,2873945485836.0,28534.92718549,28739.45485836,119593637005.0,56767471.0,2438672249.0,129179423282.0,97367657.0,519056194.0
2021-05-21,2021,5,1453703702150.0,13289861419.0,1466993563569.0,1399789016399.0,7162905868.0,1406951922267.0,2853492718549.0,20452767287.0,2873945485836.0,28534.92718549,28739.45485836,119593637005.0,56767471.0,2438672249.0,129179423282.0,97367657.0,519056194.0
2021-05-24,2021,5,1453703702150.0,13289861419.0,1466993563569.0,1399789016399.0,7162905868.0,1406951922267.0,2853492718549.0,20452767287.0,2873945485836.0,28534.92718549,28739.45485836,119593637005.0,56767471.0,2438672249.0,129179423282.0,97367657.0,519056194.0
2021-05-25,2021,5,1453703702150.0,13289861419.0,1466993563569.0,1399789016399.0,7162905868.0,1406951922267.0,2853492718549.0,20452767287.0,2873945485836.0,28534.92718549,28739.45485836,119593637005.0,56767471.0,2438672249.0,129179423282.0,97367657.0,519056194.0
2021-05-26,2021,5,1453703702150.0,13289861419.0,1466993563569.0,1399789016399.0,7162905868.0,1406951922267.0,2853492718549.0,20452767287.0,2873945485836.0,28534.92718549,28739.45485836,119593637005.0,56767471.0,2438672249.0,129179423282.0,97367657.0,519056194.0
2021-05-27,2021,5,1453703702150.0,13289861419.0,1466993563569.0,1399789016399.0,7162905868.0,1406951922267.0,2853492718549.0,20452767287.0,2873945485836.0,28534.92718549,28739.45485836,119593637005.0,56767471.0,2438672249.0,129179423282.0,97367657.0,519056194.0
2021-05-28,2021,5,1453703702150.0,13289861419.0,1466993563569.0,1399789016399.0,7162905868.0,1406951922267.0,2853492718549.0,20452767287.0,2873945485836.0,28534.92718549,28739.45485836,119593637005.0,56767471.0,2438672249.0,129179423282.0,97367657.0,519056194.0
2021-05-31,2021,5,1453703702150.0,13289861419.0,1466993563569.0,1399789016399.0,7162905868.0,1406951922267.0,2853492718549.0,20452767287.0,2873945485836.0,28534.92718549,28739.45485836,119593637005.0,56767471.0,2438672249.0,129179423282.0,97367657.0,519056194.0
2021-06-01,2021,6,1453703702150.0,13289861419.0,1466993563569.0,1399789016399.0,7162905868.0,1406951922267.0,2853492718549.0,20452767287.0,2873945485836.0,28534.92718549,28739.45485836,119593637005.0,56767471.0,2438672249.0,129179423282.0,97367657.0,519056194.0
2021-06-02,2021,6,1453703702150.0,13289861419.0,1466993563569.0,1399789016399.0,7162905868.0,1406951922267.0,2853492718549.0,20452767287.0,2873945485836.0,28534.92718549,28739.45485836,119593637005.0,56767471.0,2438672249.0,129179423282.0,97367657.0,519056194.0
2021-06-03,2021,6,1453703702150.0,13289861419.0,1466993563569.0,1399789016399.0,7162905868.0,1406951922267.0,2853492718549.0,20452767287.0,2873945485836.0,28534.92718549,28739.45485836,119593637005.0,56767471.0,2438672249.0,129179423282.0,97367657.0,519056194.0
2021-06-04,2021,6,1453703702150.0,13289861419.0,1466993563569.0,1399789016399.0,7162905868.0,1406951922267.0,2853492718549.0,20452767287.0,2873945485836.0,28534.92718549,28739.45485836,119593637005.0,56767471.0,2438672249.0,129179423282.0,97367657.0,519056194.0
2021-06-07,2021,6,1453703702150.0,13289861419.0,1466993563569.0,1399789016399.0,7162905868.0,1406951922267.0,2853492718549.0,20452767287.0,2873945485836.0,28534.92718549,28739.45485836,119593637005.0,56767471.0,2438672249.0,129179423282.0,97367657.0,519056194.0
2021-06-08,2021,6,1453703702150.0,13289861419.0,1466993563569.0,1399789016399.0,7162905868.0,1406951922267.0,2853492718549.0,20452767287.0,2873945485836.0,28534.92718549,28739.45485836,119593637005.0,56767471.0,2438672249.0,129179423282.0,97367657.0,519056194.0
2021-06-09,2021,6,1453703702150.0,13289861419.0,1466993563569.0,1399789016399.0,7162905868.0,1406951922267.0,2853492718549.0,20452767287.0,2873945485836.0,28534.92718549,28739.45485836,119593637005.0,56767471.0,2438672249.0,129179423282.0,97367657.0,519056194.0
2021-06-10,2021,6,1453703702150.0,13289861419.0,1466993563569.0,1399789016399.0,7162905868.0,1406951922267.0,2853492718549.0,20452767287.0,2873945485836.0,28534.92718549,28739.45485836,119593637005.0,56767471.0,2438672249.0,129179423282.0,97367657.0,519056194.0
2021-06-11,2021,6,1453703702150.0,13289861419.0,1466993563569.0,1399789016399.0,7162905868.0,1406951922267.0,2853492718549.0,20452767287.0,2873945485836.0,28534.92718549,28739.45485836,119593637005.0,56767471.0,2438672249.0,129179423282.0,97367657.0,519056194.0
2021-06-15,2021,6,1453703702150.0,13289861419.0,1466993563569.0,1399789016399.0,7162905868.0,1406951922267.0,2853492718549.0,20452767287.0,2873945485836.0,28534.92718549,28739.45485836,119593637005.0,56767471.0,2438672249.0,129179423282.0,97367657.0,519056194.0
2021-06-16,2021,6,1453703702150.0,13289861419.0,1466993563569.0,1399789016399.0,7162905868.0,1406951922267.0,2853492718549.0,20452767287.0,2873945485836.0,28534.92718549,28739.45485836,119593637005.0,56767471.0,2438672249.0,129179423282.0,97367657.0,519056194.0
2021-06-17,2021,6,1453703702150.0,13289861419.0,1466993563569.0,1399789016399.0,7162905868.0,1406951922267.0,2853492718549.0,20452767287.0,2873945485836.0,28534.92718549,28739.45485836,119593637005.0,56767471.0,2438672249.0,129179423282.0,97367657.0,519056194.0
2021-06-18,2021,6,1453703702150.0,13289861419.0,1466993563569.0,1399789016399.0,7162905868.0,1406951922267.0,2853492718549.0,20452767287.0,2873945485836.0,28534.92718549,28739.45485836,119593637005.0,56767471.0,2438672249.0,129179423282.0,97367657.0,519056194.0
2021-06-21,2021,6,1453703702150.0,13289861419.0,1466993563569.0,1399789016399.0,7162905868.0,1406951922267.0,2853492718549.0,20452767287.0,2873945485836.0,28534.92718549,28739.45485836,119593637005.0,56767471.0,2438672249.0,129179423282.0,97367657.0,519056194.0
2021-06-22,2021,6,1453703702150.0,13289861419.0,1466993563569.0,1399789016399.0,7162905868.0,1406951922267.0,2853492718549.0,20452767287.0,2873945485836.0,28534.92718549,28739.45485836,119593637005.0,56767471.0,2438672249.0,129179423282.0,97367657.0,519056194.0
2021-06-23,2021,6,1453703702150.0,13289861419.0,1466993563569.0,1399789016399.0,7162905868.0,1406951922267.0,2853492718549.0,20452767287.0,2873945485836.0,28534.92718549,28739.45485836,119593637005.0,56767471.0,2438672249.0,129179423282.0,97367657.0,519056194.0
2021-06-24,2021,6,1453703702150.0,13289861419.0,1466993563569.0,1399789016399.0,7162905868.0,1406951922267.0,2853492718549.0,20452767287.0,2873945485836.0,28534.92718549,28739.45485836,119593637005.0,56767471.0,2438672249.0,129179423282.0,97367657.0,519056194.0
2021-06-25,2021,6,1453703702150.0,13289861419.0,1466993563569.0,1399789016399.0,7162905868.0,1406951922267.0,2853492718549.0,20452767287.0,2873945485836.0,28534.92718549,28739.45485836,119593637005.0,56767471.0,2438672249.0,129179423282.0,97367657.0,519056194.0
2021-06-28,2021,6,1453703702150.0,13289861419.0,1466993563569.0,1399789016399.0,7162905868.0,1406951922267.0,2853492718549.0,20452767287.0,2873945485836.0,28534.92718549,28739.45485836,119593637005.0,56767471.0,2438672249.0,129179423282.0,97367657.0,519056194.0
2021-06-29,2021,6,1453703702150.0,13289861419.0,1466993563569.0,1399789016399.0,7162905868.0,1406951922267.0,2853492718549.0,20452767287.0,2873945485836.0,28534.92718549,28739.45485836,119593637005.0,56767471.0,2438672249.0,129179423282.0,97367657.0,519056194.0
2021-06-30,2021,6,1453703702150.0,13289861419.0,1466993563569.0,1399789016399.0,7162905868.0,1406951922267.0,2853492718549.0,20452767287.0,2873945485836.0,28534.92718549,28739.45485836,119593637005.0,56767471.0,2438672249.0,129179423282.0,97367657.0,519056194.0
2021-07-01,2021,7,1453703702150.0,13289861419.0,1466993563569.0,1399789016399.0,7162905868.0,1406951922267.0,2853492718549.0,20452767287.0,2873945485836.0,28534.92718549,28739.45485836,119593637005.0,56767471.0,2438672249.0,129179423282.0,97367657.0,519056194.0
2021-07-02,2021,7,1453703702150.0,13289861419.0,1466993563569.0,1399789016399.0,7162905868.0,1406951922267.0,2853492718549.0,20452767287.0,2873945485836.0,28534.92718549,28739.45485836,119593637005.0,56767471.0,2438672249.0,129179423282.0,97367657.0,519056194.0
2021-07-05,2021,7,1453703702150.0,13289861419.0,1466993563569.0,1399789016399.0,7162905868.0,1406951922267.0,2853492718549.0,20452767287.0,2873945485836.0,28534.92718549,28739.45485836,119593637005.0,56767471.0,2438672249.0,129179423282.0,97367657.0,519056194.0
2021-07-06,2021,7,1453703702150.0,13289861419.0,1466993563569.0,1399789016399.0,7162905868.0,1406951922267.0,2853492718549.0,20452767287.0,2873945485836.0,28534.92718549,28739.45485836,119593637005.0,56767471.0,2438672249.0,129179423282.0,97367657.0,519056194.0
2021-07-07,2021,7,1453703702150.0,13289861419.0,1466993563569.0,1399789016399.0,7162905868.0,1406951922267.0,2853492718549.0,20452767287.0,2873945485836.0,28534.92718549,28739.45485836,119593637005.0,56767471.0,2438672249.0,129179423282.0,97367657.0,519056194.0
2021-07-08,2021,7,1453703702150.0,13289861419.0,1466993563569.0,1399789016399.0,7162905868.0,1406951922267.0,2853492718549.0,20452767287.0,2873945485836.0,28534.92718549,28739.45485836,119593637005.0,56767471.0,2438672249.0,129179423282.0,97367657.0,519056194.0
2021-07-09,2021,7,1453703702150.0,13289861419.0,1466993563569.0,1399789016399.0,7162905868.0,1406951922267.0,2853492718549.0,20452767287.0,2873945485836.0,28534.92718549,28739.45485836,119593637005.0,56767471.0,2438672249.0,129179423282.0,97367657.0,519056194.0
2021-07-12,2021,7,1453703702150.0,13289861419.0,1466993563569.0,1399789016399.0,7162905868.0,1406951922267.0,2853492718549.0,20452767287.0,2873945485836.0,28534.92718549,28739.45485836,119593637005.0,56767471.0,2438672249.0,129179423282.0,97367657.0,519056194.0
2021-07-13,2021,7,1453703702150.0,13289861419.0,1466993563569.0,1399789016399.0,7162905868.0,1406951922267.0,2853492718549.0,20452767287.0,2873945485836.0,28534.92718549,28739.45485836,119593637005.0,56767471.0,2438672249.0,129179423282.0,97367657.0,519056194.0
2021-07-14,2021,7,1453703702150.0,13289861419.0,1466993563569.0,1399789016399.0,7162905868.0,1406951922267.0,2853492718549.0,20452767287.0,2873945485836.0,28534.92718549,28739.45485836,119593637005.0,56767471.0,2438672249.0,129179423282.0,97367657.0,519056194.0
2021-07-15,2021,7,1453703702150.0,13289861419.0,1466993563569.0,1399789016399.0,7162905868.0,1406951922267.0,2853492718549.0,20452767287.0,2873945485836.0,28534.92718549,28739.45485836,119593637005.0,56767471.0,2438672249.0,129179423282.0,97367657.0,519056194.0
2021-07-16,2021,7,1453703702150.0,13289861419.0,1466993563569.0,1399789016399.0,7162905868.0,1406951922267.0,2853492718549.0,20452767287.0,2873945485836.0,28534.92718549,28739.45485836,119593637005.0,56767471.0,2438672249.0,129179423282.0,97367657.0,519056194.0
2021-07-19,2021,7,1453703702150.0,13289861419.0,1466993563569.0,1399789016399.0,7162905868.0,1406951922267.0,2853492718549.0,20452767287.0,2873945485836.0,28534.92718549,28739.45485836,119593637005.0,56767471.0,2438672249.0,129179423282.0,97367657.0,519056194.0
2021-07-20,2021,7,1453703702150.0,13289861419.0,1466993563569.0,1399789016399.0,7162905868.0,1406951922267.0,2853492718549.0,20452767287.0,2873945485836.0,28534.92718549,28739.45485836,119593637005.0,56767471.0,2438672249.0,129179423282.0,97367657.0,519056194.0
2021-07-21,2021,7,1453703702150.0,13289861419.0,1466993563569.0,1399789016399.0,7162905868.0,1406951922267.0,2853492718549.0,20452767287.0,2873945485836.0,28534.92718549,28739.45485836,119593637005.0,56767471.0,2438672249.0,129179423282.0,97367657.0,519056194.0
2021-07-22,2021,7,1453703702150.0,13289861419.0,1466993563569.0,1399789016399.0,7162905868.0,1406951922267.0,2853492718549.0,20452767287.0,2873945485836.0,28534.92718549,28739.45485836,119593637005.0,56767471.0,2438672249.0,129179423282.0,97367657.0,519056194.0
2021-07-23,2021,7,1453703702150.0,13289861419.0,1466993563569.0,1399789016399.0,7162905868.0,1406951922267.0,2853492718549.0,20452767287.0,2873945485836.0,28534.92718549,28739.45485836,119593637005.0,56767471.0,2438672249.0,129179423282.0,97367657.0,519056194.0
2021-07-26,2021,7,1453703702150.0,13289861419.0,1466993563569.0,1399789016399.0,7162905868.0,1406951922267.0,2853492718549.0,20452767287.0,2873945485836.0,28534.92718549,28739.45485836,119593637005.0,56767471.0,2438672249.0,129179423282.0,97367657.0,519056194.0
2021-07-27,2021,7,1453703702150.0,13289861419.0,1466993563569.0,1399789016399.0,7162905868.0,1406951922267.0,2853492718549.0,20452767287.0,2873945485836.0,28534.92718549,28739.45485836,119593637005.0,56767471.0,2438672249.0,129179423282.0,97367657.0,519056194.0
2021-07-28,2021,7,1453703702150.0,13289861419.0,1466993563569.0,1399789016399.0,7162905868.0,1406951922267.0,2853492718549.0,20452767287.0,2873945485836.0,28534.92718549,28739.45485836,119593637005.0,56767471.0,2438672249.0,129179423282.0,97367657.0,519056194.0
2021-07-29,2021,7,1453703702150.0,13289861419.0,1466993563569.0,1399789016399.0,7162905868.0,1406951922267.0,2853492718549.0,20452767287.0,2873945485836.0,28534.92718549,28739.45485836,119593637005.0,56767471.0,2438672249.0,129179423282.0,97367657.0,519056194.0
2021-07-30,2021,7,1453703702150.0,13289861419.0,1466993563569.0,1399789016399.0,7162905868.0,1406951922267.0,2853492718549.0,20452767287.0,2873945485836.0,28534.92718549,28739.45485836,119593637005.0,56767471.0,2438672249.0,129179423282.0,97367657.0,519056194.0
2021-08-02,2021,8,1453703702150.0,13289861419.0,1466993563569.0,1399789016399.0,7162905868.0,1406951922267.0,2853492718549.0,20452767287.0,2873945485836.0,28534.92718549,28739.45485836,119593637005.0,56767471.0,2438672249.0,129179423282.0,97367657.0,519056194.0
2021-08-03,2021,8,1453703702150.0,13289861419.0,1466993563569.0,1399789016399.0,7162905868.0,1406951922267.0,2853492718549.0,20452767287.0,2873945485836.0,28534.92718549,28739.45485836,119593637005.0,56767471.0,2438672249.0,129179423282.0,97367657.0,519056194.0
2021-08-04,2021,8,1453703702150.0,13289861419.0,1466993563569.0,1399789016399.0,7162905868.0,1406951922267.0,2853492718549.0,20452767287.0,2873945485836.0,28534.92718549,28739.45485836,119593637005.0,56767471.0,2438672249.0,129179423282.0,97367657.0,519056194.0
2021-08-05,2021,8,1453703702150.0,13289861419.0,1466993563569.0,1399789016399.0,7162905868.0,1406951922267.0,2853492718549.0,20452767287.0,2873945485836.0,28534.92718549,28739.45485836,119593637005.0,56767471.0,2438672249.0,129179423282.0,97367657.0,519056194.0
2021-08-06,2021,8,1453703702150.0,13289861419.0,1466993563569.0,1399789016399.0,7162905868.0,1406951922267.0,2853492718549.0,20452767287.0,2873945485836.0,28534.92718549,28739.45485836,119593637005.0,56767471.0,2438672249.0,129179423282.0,97367657.0,519056194.0
2021-08-09,2021,8,1453703702150.0,13289861419.0,1466993563569.0,1399789016399.0,7162905868.0,1406951922267.0,2853492718549.0,20452767287.0,2873945485836.0,28534.92718549,28739.45485836,119593637005.0,56767471.0,2438672249.0,129179423282.0,97367657.0,519056194.0
2021-08-10,2021,8,1453703702150.0,13289861419.0,1466993563569.0,1399789016399.0,7162905868.0,1406951922267.0,2853492718549.0,20452767287.0,2873945485836.0,28534.92718549,28739.45485836,119593637005.0,56767471.0,2438672249.0,129179423282.0,97367657.0,519056194.0
2021-08-11,2021,8,1453703702150.0,13289861419.0,1466993563569.0,1399789016399.0,7162905868.0,1406951922267.0,2853492718549.0,20452767287.0,2873945485836.0,28534.92718549,28739.45485836,119593637005.0,56767471.0,2438672249.0,129179423282.0,97367657.0,519056194.0
2021-08-12,2021,8,1453703702150.0,13289861419.0,1466993563569.0,1399789016399.0,7162905868.0,1406951922267.0,2853492718549.0,20452767287.0,2873945485836.0,28534.92718549,28739.45485836,119593637005.0,56767471.0,2438672249.0,129179423282.0,97367657.0,519056194.0
2021-08-13,2021,8,1453703702150.0,13289861419.0,1466993563569.0,1399789016399.0,7162905868.0,1406951922267.0,2853492718549.0,20452767287.0,2873945485836.0,28534.92718549,28739.45485836,119593637005.0,56767471.0,2438672249.0,129179423282.0,97367657.0,519056194.0
2021-08-16,2021,8,1453703702150.0,13289861419.0,1466993563569.0,1399789016399.0,7162905868.0,1406951922267.0,2853492718549.0,20452767287.0,2873945485836.0,28534.92718549,28739.45485836,119593637005.0,56767471.0,2438672249.0,129179423282.0,97367657.0,519056194.0
2021-08-17,2021,8,1453703702150.0,13289861419.0,1466993563569.0,1399789016399.0,7162905868.0,1406951922267.0,2853492718549.0,20452767287.0,2873945485836.0,28534.92718549,28739.45485836,119593637005.0,56767471.0,2438672249.0,129179423282.0,97367657.0,519056194.0
2021-08-18,2021,8,1453703702150.0,13289861419.0,1466993563569.0,1399789016399.0,7162905868.0,1406951922267.0,2853492718549.0,20452767287.0,2873945485836.0,28534.92718549,28739.45485836,119593637005.0,56767471.0,2438672249.0,129179423282.0,97367657.0,519056194.0
2021-08-19,2021,8,1453703702150.0,13289861419.0,1466993563569.0,1399789016399.0,7162905868.0,1406951922267.0,2853492718549.0,20452767287.0,2873945485836.0,28534.92718549,28739.45485836,119593637005.0,56767471.0,2438672249.0,129179423282.0,97367657.0,519056194.0
2021-08-20,2021,8,1453703702150.0,13289861419.0,1466993563569.0,1399789016399.0,7162905868.0,1406951922267.0,2853492718549.0,20452767287.0,2873945485836.0,28534.92718549,28739.45485836,119593637005.0,56767471.0,2438672249.0,129179423282.0,97367657.0,519056194.0
2021-08-23,2021,8,1453703702150.0,13289861419.0,1466993563569.0,1399789016399.0,7162905868.0,1406951922267.0,2853492718549.0,20452767287.0,2873945485836.0,28534.92718549,28739.45485836,119593637005.0,56767471.0,2438672249.0,129179423282.0,97367657.0,519056194.0
2021-08-24,2021,8,1453703702150.0,13289861419.0,1466993563569.0,1399789016399.0,7162905868.0,1406951922267.0,2853492718549.0,20452767287.0,2873945485836.0,28534.92718549,28739.45485836,119593637005.0,56767471.0,2438672249.0,129179423282.0,97367657.0,519056194.0
2021-08-25,2021,8,1453703702150.0,13289861419.0,1466993563569.0,1399789016399.0,7162905868.0,1406951922267.0,2853492718549.0,20452767287.0,2873945485836.0,28534.92718549,28739.45485836,119593637005.0,56767471.0,2438672249.0,129179423282.0,97367657.0,519056194.0
2021-08-26,2021,8,1453703702150.0,13289861419.0,1466993563569.0,1399789016399.0,7162905868.0,1406951922267.0,2853492718549.0,20452767287.0,2873945485836.0,28534.92718549,28739.45485836,119593637005.0,56767471.0,2438672249.0,129179423282.0,97367657.0,519056194.0
2021-08-27,2021,8,1453703702150.0,13289861419.0,1466993563569.0,1399789016399.0,7162905868.0,1406951922267.0,2853492718549.0,20452767287.0,2873945485836.0,28534.92718549,28739.45485836,119593637005.0,56767471.0,2438672249.0,129179423282.0,97367657.0,519056194.0
2021-08-30,2021,8,1453703702150.0,13289861419.0,1466993563569.0,1399789016399.0,7162905868.0,1406951922267.0,2853492718549.0,20452767287.0,2873945485836.0,28534.92718549,28739.45485836,119593637005.0,56767471.0,2438672249.0,129179423282.0,97367657.0,519056194.0
2021-08-31,2021,8,1453703702150.0,13289861419.0,1466993563569.0,1399789016399.0,7162905868.0,1406951922267.0,2853492718549.0,20452767287.0,2873945485836.0,28534.92718549,28739.45485836,119593637005.0,56767471.0,2438672249.0,129179423282.0,97367657.0,519056194.0
2021-09-01,2021,9,1453703702150.0,13289861419.0,1466993563569.0,1399789016399.0,7162905868.0,1406951922267.0,2853492718549.0,20452767287.0,2873945485836.0,28534.92718549,28739.45485836,119593637005.0,56767471.0,2438672249.0,129179423282.0,97367657.0,519056194.0
2021-09-02,2021,9,1453703702150.0,13289861419.0,1466993563569.0,1399789016399.0,7162905868.0,1406951922267.0,2853492718549.0,20452767287.0,2873945485836.0,28534.92718549,28739.45485836,119593637005.0,56767471.0,2438672249.0,129179423282.0,97367657.0,519056194.0
2021-09-03,2021,9,1453703702150.0,13289861419.0,1466993563569.0,1399789016399.0,7162905868.0,1406951922267.0,2853492718549.0,20452767287.0,2873945485836.0,28534.92718549,28739.45485836,119593637005.0,56767471.0,2438672249.0,129179423282.0,97367657.0,519056194.0
2021-09-06,2021,9,1453703702150.0,13289861419.0,1466993563569.0,1399789016399.0,7162905868.0,1406951922267.0,2853492718549.0,20452767287.0,2873945485836.0,28534.92718549,28739.45485836,119593637005.0,56767471.0,2438672249.0,129179423282.0,97367657.0,519056194.0
2021-09-07,2021,9,1453703702150.0,13289861419.0,1466993563569.0,1399789016399.0,7162905868.0,1406951922267.0,2853492718549.0,20452767287.0,2873945485836.0,28534.92718549,28739.45485836,119593637005.0,56767471.0,2438672249.0,129179423282.0,97367657.0,519056194.0
2021-09-08,2021,9,1453703702150.0,13289861419.0,1466993563569.0,1399789016399.0,7162905868.0,1406951922267.0,2853492718549.0,20452767287.0,2873945485836.0,28534.92718549,28739.45485836,119593637005.0,56767471.0,2438672249.0,129179423282.0,97367657.0,519056194.0
2021-09-09,2021,9,1453703702150.0,13289861419.0,1466993563569.0,1399789016399.0,7162905868.0,1406951922267.0,2853492718549.0,20452767287.0,2873945485836.0,28534.92718549,28739.45485836,119593637005.0,56767471.0,2438672249.0,129179423282.0,97367657.0,519056194.0
2021-09-10,2021,9,1453703702150.0,13289861419.0,1466993563569.0,1399789016399.0,7162905868.0,1406951922267.0,2853492718549.0,20452767287.0,2873945485836.0,28534.92718549,28739.45485836,119593637005.0,56767471.0,2438672249.0,129179423282.0,97367657.0,519056194.0
2021-09-13,2021,9,1453703702150.0,13289861419.0,1466993563569.0,1399789016399.0,7162905868.0,1406951922267.0,2853492718549.0,20452767287.0,2873945485836.0,28534.92718549,28739.45485836,119593637005.0,56767471.0,2438672249.0,129179423282.0,97367657.0,519056194.0
2021-09-14,2021,9,1453703702150.0,13289861419.0,1466993563569.0,1399789016399.0,7162905868.0,1406951922267.0,2853492718549.0,20452767287.0,2873945485836.0,28534.92718549,28739.45485836,119593637005.0,56767471.0,2438672249.0,129179423282.0,97367657.0,519056194.0
2021-09-15,2021,9,1453703702150.0,13289861419.0,1466993563569.0,1399789016399.0,7162905868.0,1406951922267.0,2853492718549.0,20452767287.0,2873945485836.0,28534.92718549,28739.45485836,119593637005.0,56767471.0,2438672249.0,129179423282.0,97367657.0,519056194.0
2021-09-16,2021,9,1453703702150.0,13289861419.0,1466993563569.0,1399789016399.0,7162905868.0,1406951922267.0,2853492718549.0,20452767287.0,2873945485836.0,28534.92718549,28739.45485836,119593637005.0,56767471.0,2438672249.0,129179423282.0,97367657.0,519056194.0
2021-09-17,2021,9,1453703702150.0,13289861419.0,1466993563569.0,1399789016399.0,7162905868.0,1406951922267.0,2853492718549.0,20452767287.0,2873945485836.0,28534.92718549,28739.45485836,119593637005.0,56767471.0,2438672249.0,129179423282.0,97367657.0,519056194.0
2021-09-22,2021,9,1453703702150.0,13289861419.0,1466993563569.0,1399789016399.0,7162905868.0,1406951922267.0,2853492718549.0,20452767287.0,2873945485836.0,28534.92718549,28739.45485836,119593637005.0,56767471.0,2438672249.0,129179423282.0,97367657.0,519056194.0
2021-09-23,2021,9,1453703702150.0,13289861419.0,1466993563569.0,1399789016399.0,7162905868.0,1406951922267.0,2853492718549.0,20452767287.0,2873945485836.0,28534.92718549,28739.45485836,119593637005.0,56767471.0,2438672249.0,129179423282.0,97367657.0,519056194.0
2021-09-24,2021,9,1453703702150.0,13289861419.0,1466993563569.0,1399789016399.0,7162905868.0,1406951922267.0,2853492718549.0,20452767287.0,2873945485836.0,28534.92718549,28739.45485836,119593637005.0,56767471.0,2438672249.0,129179423282.0,97367657.0,519056194.0
2021-09-27,2021,9,1453703702150.0,13289861419.0,1466993563569.0,1399789016399.0,7162905868.0,1406951922267.0,2853492718549.0,20452767287.0,2873945485836.0,28534.92718549,28739.45485836,119593637005.0,56767471.0,2438672249.0,129179423282.0,97367657.0,519056194.0
2021-09-28,2021,9,1453703702150.0,13289861419.0,1466993563569.0,1399789016399.0,7162905868.0,1406951922267.0,2853492718549.0,20452767287.0,2873945485836.0,28534.92718549,28739.45485836,119593637005.0,56767471.0,2438672249.0,129179423282.0,97367657.0,519056194.0
2021-09-29,2021,9,1453703702150.0,13289861419.0,1466993563569.0,1399789016399.0,7162905868.0,1406951922267.0,2853492718549.0,20452767287.0,2873945485836.0,28534.92718549,28739.45485836,119593637005.0,56767471.0,2438672249.0,129179423282.0,97367657.0,519056194.0
2021-09-30,2021,9,1453703702150.0,13289861419.0,1466993563569.0,1399789016399.0,7162905868.0,1406951922267.0,2853492718549.0,20452767287.0,2873945485836.0,28534.92718549,28739.45485836,119593637005.0,56767471.0,2438672249.0,129179423282.0,97367657.0,519056194.0
2021-10-08,2021,10,1453703702150.0,13289861419.0,1466993563569.0,1399789016399.0,7162905868.0,1406951922267.0,2853492718549.0,20452767287.0,2873945485836.0,28534.92718549,28739.45485836,119593637005.0,56767471.0,2438672249.0,129179423282.0,97367657.0,519056194.0
2021-10-11,2021,10,1453703702150.0,13289861419.0,1466993563569.0,1399789016399.0,7162905868.0,1406951922267.0,2853492718549.0,20452767287.0,2873945485836.0,28534.92718549,28739.45485836,119593637005.0,56767471.0,2438672249.0,129179423282.0,97367657.0,519056194.0
2021-10-12,2021,10,1453703702150.0,13289861419.0,1466993563569.0,1399789016399.0,7162905868.0,1406951922267.0,2853492718549.0,20452767287.0,2873945485836.0,28534.92718549,28739.45485836,119593637005.0,56767471.0,2438672249.0,129179423282.0,97367657.0,519056194.0
2021-10-13,2021,10,1453703702150.0,13289861419.0,1466993563569.0,1399789016399.0,7162905868.0,1406951922267.0,2853492718549.0,20452767287.0,2873945485836.0,28534.92718549,28739.45485836,119593637005.0,56767471.0,2438672249.0,129179423282.0,97367657.0,519056194.0
2021-10-14,2021,10,1453703702150.0,13289861419.0,1466993563569.0,1399789016399.0,7162905868.0,1406951922267.0,2853492718549.0,20452767287.0,2873945485836.0,28534.92718549,28739.45485836,119593637005.0,56767471.0,2438672249.0,129179423282.0,97367657.0,519056194.0
2021-10-15,2021,10,1453703702150.0,13289861419.0,1466993563569.0,1399789016399.0,7162905868.0,1406951922267.0,2853492718549.0,20452767287.0,2873945485836.0,28534.92718549,28739.45485836,119593637005.0,56767471.0,2438672249.0,129179423282.0,97367657.0,519056194.0
2021-10-18,2021,10,1453703702150.0,13289861419.0,1466993563569.0,1399789016399.0,7162905868.0,1406951922267.0,2853492718549.0,20452767287.0,2873945485836.0,28534.92718549,28739.45485836,119593637005.0,56767471.0,2438672249.0,129179423282.0,97367657.0,519056194.0
2021-10-19,2021,10,1453703702150.0,13289861419.0,1466993563569.0,1399789016399.0,7162905868.0,1406951922267.0,2853492718549.0,20452767287.0,2873945485836.0,28534.92718549,28739.45485836,119593637005.0,56767471.0,2438672249.0,129179423282.0,97367657.0,519056194.0
2021-10-20,2021,10,1453703702150.0,13289861419.0,1466993563569.0,1399789016399.0,7162905868.0,1406951922267.0,2853492718549.0,20452767287.0,2873945485836.0,28534.92718549,28739.45485836,119593637005.0,56767471.0,2438672249.0,129179423282.0,97367657.0,519056194.0
2021-10-21,2021,10,1453703702150.0,13289861419.0,1466993563569.0,1399789016399.0,7162905868.0,1406951922267.0,2853492718549.0,20452767287.0,2873945485836.0,28534.92718549,28739.45485836,119593637005.0,56767471.0,2438672249.0,129179423282.0,97367657.0,519056194.0
2021-10-22,2021,10,1453703702150.0,13289861419.0,1466993563569.0,1399789016399.0,7162905868.0,1406951922267.0,2853492718549.0,20452767287.0,2873945485836.0,28534.92718549,28739.45485836,119593637005.0,56767471.0,2438672249.0,129179423282.0,97367657.0,519056194.0
2021-10-25,2021,10,1453703702150.0,13289861419.0,1466993563569.0,1399789016399.0,7162905868.0,1406951922267.0,2853492718549.0,20452767287.0,2873945485836.0,28534.92718549,28739.45485836,119593637005.0,56767471.0,2438672249.0,129179423282.0,97367657.0,519056194.0
2021-10-26,2021,10,1453703702150.0,13289861419.0,1466993563569.0,1399789016399.0,7162905868.0,1406951922267.0,2853492718549.0,20452767287.0,2873945485836.0,28534.92718549,28739.45485836,119593637005.0,56767471.0,2438672249.0,129179423282.0,97367657.0,519056194.0
2021-10-27,2021,10,1453703702150.0,13289861419.0,1466993563569.0,1399789016399.0,7162905868.0,1406951922267.0,2853492718549.0,20452767287.0,2873945485836.0,28534.92718549,28739.45485836,119593637005.0,56767471.0,2438672249.0,129179423282.0,97367657.0,519056194.0
2021-10-28,2021,10,1453703702150.0,13289861419.0,1466993563569.0,1399789016399.0,7162905868.0,1406951922267.0,2853492718549.0,20452767287.0,2873945485836.0,28534.92718549,28739.45485836,119593637005.0,56767471.0,2438672249.0,129179423282.0,97367657.0,519056194.0
2021-10-29,2021,10,1453703702150.0,13289861419.0,1466993563569.0,1399789016399.0,7162905868.0,1406951922267.0,2853492718549.0,20452767287.0,2873945485836.0,28534.92718549,28739.45485836,119593637005.0,56767471.0,2438672249.0,129179423282.0,97367657.0,519056194.0
2021-11-01,2021,11,1453703702150.0,13289861419.0,1466993563569.0,1399789016399.0,7162905868.0,1406951922267.0,2853492718549.0,20452767287.0,2873945485836.0,28534.92718549,28739.45485836,119593637005.0,56767471.0,2438672249.0,129179423282.0,97367657.0,519056194.0
2021-11-02,2021,11,1453703702150.0,13289861419.0,1466993563569.0,1399789016399.0,7162905868.0,1406951922267.0,2853492718549.0,20452767287.0,2873945485836.0,28534.92718549,28739.45485836,119593637005.0,56767471.0,2438672249.0,129179423282.0,97367657.0,519056194.0
2021-11-03,2021,11,1453703702150.0,13289861419.0,1466993563569.0,1399789016399.0,7162905868.0,1406951922267.0,2853492718549.0,20452767287.0,2873945485836.0,28534.92718549,28739.45485836,119593637005.0,56767471.0,2438672249.0,129179423282.0,97367657.0,519056194.0
2021-11-04,2021,11,1453703702150.0,13289861419.0,1466993563569.0,1399789016399.0,7162905868.0,1406951922267.0,2853492718549.0,20452767287.0,2873945485836.0,28534.92718549,28739.45485836,119593637005.0,56767471.0,2438672249.0,129179423282.0,97367657.0,519056194.0
2021-11-05,2021,11,1453703702150.0,13289861419.0,1466993563569.0,1399789016399.0,7162905868.0,1406951922267.0,2853492718549.0,20452767287.0,2873945485836.0,28534.92718549,28739.45485836,119593637005.0,56767471.0,2438672249.0,129179423282.0,97367657.0,519056194.0
2021-11-08,2021,11,1453703702150.0,13289861419.0,1466993563569.0,1399789016399.0,7162905868.0,1406951922267.0,2853492718549.0,20452767287.0,2873945485836.0,28534.92718549,28739.45485836,119593637005.0,56767471.0,2438672249.0,129179423282.0,97367657.0,519056194.0
2021-11-09,2021,11,1453703702150.0,13289861419.0,1466993563569.0,1399789016399.0,7162905868.0,1406951922267.0,2853492718549.0,20452767287.0,2873945485836.0,28534.92718549,28739.45485836,119593637005.0,56767471.0,2438672249.0,129179423282.0,97367657.0,519056194.0
2021-11-10,2021,11,1453703702150.0,13289861419.0,1466993563569.0,1399789016399.0,7162905868.0,1406951922267.0,2853492718549.0,20452767287.0,2873945485836.0,28534.92718549,28739.45485836,119593637005.0,56767471.0,2438672249.0,129179423282.0,97367657.0,519056194.0
2021-11-11,2021,11,1453703702150.0,13289861419.0,1466993563569.0,1399789016399.0,7162905868.0,1406951922267.0,2853492718549.0,20452767287.0,2873945485836.0,28534.92718549,28739.45485836,119593637005.0,56767471.0,2438672249.0,129179423282.0,97367657.0,519056194.0
2021-11-12,2021,11,1453703702150.0,13289861419.0,1466993563569.0,1399789016399.0,7162905868.0,1406951922267.0,2853492718549.0,20452767287.0,2873945485836.0,28534.92718549,28739.45485836,119593637005.0,56767471.0,2438672249.0,129179423282.0,97367657.0,519056194.0
2021-11-15,2021,11,1453703702150.0,13289861419.0,1466993563569.0,1399789016399.0,7162905868.0,1406951922267.0,2853492718549.0,20452767287.0,2873945485836.0,28534.92718549,28739.45485836,119593637005.0,56767471.0,2438672249.0,129179423282.0,97367657.0,519056194.0
2021-11-16,2021,11,1453703702150.0,13289861419.0,1466993563569.0,1399789016399.0,7162905868.0,1406951922267.0,2853492718549.0,20452767287.0,2873945485836.0,28534.92718549,28739.45485836,119593637005.0,56767471.0,2438672249.0,129179423282.0,97367657.0,519056194.0
2021-11-17,2021,11,1453703702150.0,13289861419.0,1466993563569.0,1399789016399.0,7162905868.0,1406951922267.0,2853492718549.0,20452767287.0,2873945485836.0,28534.92718549,28739.45485836,119593637005.0,56767471.0,2438672249.0,129179423282.0,97367657.0,519056194.0
2021-11-18,2021,11,1453703702150.0,13289861419.0,1466993563569.0,1399789016399.0,7162905868.0,1406951922267.0,2853492718549.0,20452767287.0,2873945485836.0,28534.92718549,28739.45485836,119593637005.0,56767471.0,2438672249.0,129179423282.0,97367657.0,519056194.0
2021-11-19,2021,11,1453703702150.0,13289861419.0,1466993563569.0,1399789016399.0,7162905868.0,1406951922267.0,2853492718549.0,20452767287.0,2873945485836.0,28534.92718549,28739.45485836,119593637005.0,56767471.0,2438672249.0,129179423282.0,97367657.0,519056194.0
2021-11-22,2021,11,1453703702150.0,13289861419.0,1466993563569.0,1399789016399.0,7162905868.0,1406951922267.0,2853492718549.0,20452767287.0,2873945485836.0,28534.92718549,28739.45485836,119593637005.0,56767471.0,2438672249.0,129179423282.0,97367657.0,519056194.0
2021-11-23,2021,11,1453703702150.0,13289861419.0,1466993563569.0,1399789016399.0,7162905868.0,1406951922267.0,2853492718549.0,20452767287.0,2873945485836.0,28534.92718549,28739.45485836,119593637005.0,56767471.0,2438672249.0,129179423282.0,97367657.0,519056194.0
2021-11-24,2021,11,1453703702150.0,13289861419.0,1466993563569.0,1399789016399.0,7162905868.0,1406951922267.0,2853492718549.0,20452767287.0,2873945485836.0,28534.92718549,28739.45485836,119593637005.0,56767471.0,2438672249.0,129179423282.0,97367657.0,519056194.0
2021-11-25,2021,11,1453703702150.0,13289861419.0,1466993563569.0,1399789016399.0,7162905868.0,1406951922267.0,2853492718549.0,20452767287.0,2873945485836.0,28534.92718549,28739.45485836,119593637005.0,56767471.0,2438672249.0,129179423282.0,97367657.0,519056194.0
2021-11-26,2021,11,1453703702150.0,13289861419.0,1466993563569.0,1399789016399.0,7162905868.0,1406951922267.0,2853492718549.0,20452767287.0,2873945485836.0,28534.92718549,28739.45485836,119593637005.0,56767471.0,2438672249.0,129179423282.0,97367657.0,519056194.0
2021-11-29,2021,11,1453703702150.0,13289861419.0,1466993563569.0,1399789016399.0,7162905868.0,1406951922267.0,2853492718549.0,20452767287.0,2873945485836.0,28534.92718549,28739.45485836,119593637005.0,56767471.0,2438672249.0,129179423282.0,97367657.0,519056194.0
2021-11-30,2021,11,1453703702150.0,13289861419.0,1466993563569.0,1399789016399.0,7162905868.0,1406951922267.0,2853492718549.0,20452767287.0,2873945485836.0,28534.92718549,28739.45485836,119593637005.0,56767471.0,2438672249.0,129179423282.0,97367657.0,519056194.0
2021-12-01,2021,12,1453703702150.0,13289861419.0,1466993563569.0,1399789016399.0,7162905868.0,1406951922267.0,2853492718549.0,20452767287.0,2873945485836.0,28534.92718549,28739.45485836,119593637005.0,56767471.0,2438672249.0,129179423282.0,97367657.0,519056194.0
2021-12-02,2021,12,1453703702150.0,13289861419.0,1466993563569.0,1399789016399.0,7162905868.0,1406951922267.0,2853492718549.0,20452767287.0,2873945485836.0,28534.92718549,28739.45485836,119593637005.0,56767471.0,2438672249.0,129179423282.0,97367657.0,519056194.0
2021-12-03,2021,12,1453703702150.0,13289861419.0,1466993563569.0,1399789016399.0,7162905868.0,1406951922267.0,2853492718549.0,20452767287.0,2873945485836.0,28534.92718549,28739.45485836,119593637005.0,56767471.0,2438672249.0,129179423282.0,97367657.0,519056194.0
2021-12-06,2021,12,1453703702150.0,13289861419.0,1466993563569.0,1399789016399.0,7162905868.0,1406951922267.0,2853492718549.0,20452767287.0,2873945485836.0,28534.92718549,28739.45485836,119593637005.0,56767471.0,2438672249.0,129179423282.0,97367657.0,519056194.0
2021-12-07,2021,12,1453703702150.0,13289861419.0,1466993563569.0,1399789016399.0,7162905868.0,1406951922267.0,2853492718549.0,20452767287.0,2873945485836.0,28534.92718549,28739.45485836,119593637005.0,56767471.0,2438672249.0,129179423282.0,97367657.0,519056194.0
2021-12-08,2021,12,1453703702150.0,13289861419.0,1466993563569.0,1399789016399.0,7162905868.0,1406951922267.0,2853492718549.0,20452767287.0,2873945485836.0,28534.92718549,28739.45485836,119593637005.0,56767471.0,2438672249.0,129179423282.0,97367657.0,519056194.0
2021-12-09,2021,12,1453703702150.0,13289861419.0,1466993563569.0,1399789016399.0,7162905868.0,1406951922267.0,2853492718549.0,20452767287.0,2873945485836.0,28534.92718549,28739.45485836,119593637005.0,56767471.0,2438672249.0,129179423282.0,97367657.0,519056194.0
2021-12-10,2021,12,1453703702150.0,13289861419.0,1466993563569.0,1399789016399.0,7162905868.0,1406951922267.0,2853492718549.0,20452767287.0,2873945485836.0,28534.92718549,28739.45485836,119593637005.0,56767471.0,2438672249.0,129179423282.0,97367657.0,519056194.0
2021-12-13,2021,12,1453703702150.0,13289861419.0,1466993563569.0,1399789016399.0,7162905868.0,1406951922267.0,2853492718549.0,20452767287.0,2873945485836.0,28534.92718549,28739.45485836,119593637005.0,56767471.0,2438672249.0,129179423282.0,97367657.0,519056194.0
2021-12-14,2021,12,1453703702150.0,13289861419.0,1466993563569.0,1399789016399.0,7162905868.0,1406951922267.0,2853492718549.0,20452767287.0,2873945485836.0,28534.92718549,28739.45485836,119593637005.0,56767471.0,2438672249.0,129179423282.0,97367657.0,519056194.0
2021-12-15,2021,12,1453703702150.0,13289861419.0,1466993563569.0,1399789016399.0,7162905868.0,1406951922267.0,2853492718549.0,20452767287.0,2873945485836.0,28534.92718549,28739.45485836,119593637005.0,56767471.0,2438672249.0,129179423282.0,97367657.0,519056194.0
2021-12-16,2021,12,1453703702150.0,13289861419.0,1466993563569.0,1399789016399.0,7162905868.0,1406951922267.0,2853492718549.0,20452767287.0,2873945485836.0,28534.92718549,28739.45485836,119593637005.0,56767471.0,2438672249.0,129179423282.0,97367657.0,519056194.0
2021-12-17,2021,12,1453703702150.0,13289861419.0,1466993563569.0,1399789016399.0,7162905868.0,1406951922267.0,2853492718549.0,20452767287.0,2873945485836.0,28534.92718549,28739.45485836,119593637005.0,56767471.0,2438672249.0,129179423282.0,97367657.0,519056194.0
2021-12-20,2021,12,1453703702150.0,13289861419.0,1466993563569.0,1399789016399.0,7162905868.0,1406951922267.0,2853492718549.0,20452767287.0,2873945485836.0,28534.92718549,28739.45485836,119593637005.0,56767471.0,2438672249.0,129179423282.0,97367657.0,519056194.0
2021-12-21,2021,12,1453703702150.0,13289861419.0,1466993563569.0,1399789016399.0,7162905868.0,1406951922267.0,2853492718549.0,20452767287.0,2873945485836.0,28534.92718549,28739.45485836,119593637005.0,56767471.0,2438672249.0,129179423282.0,97367657.0,519056194.0
2021-12-22,2021,12,1453703702150.0,13289861419.0,1466993563569.0,1399789016399.0,7162905868.0,1406951922267.0,2853492718549.0,20452767287.0,2873945485836.0,28534.92718549,28739.45485836,119593637005.0,56767471.0,2438672249.0,129179423282.0,97367657.0,519056194.0
2021-12-23,2021,12,1453703702150.0,13289861419.0,1466993563569.0,1399789016399.0,7162905868.0,1406951922267.0,2853492718549.0,20452767287.0,2873945485836.0,28534.92718549,28739.45485836,119593637005.0,56767471.0,2438672249.0,129179423282.0,97367657.0,519056194.0
2021-12-24,2021,12,1453703702150.0,13289861419.0,1466993563569.0,1399789016399.0,7162905868.0,1406951922267.0,2853492718549.0,20452767287.0,2873945485836.0,28534.92718549,28739.45485836,119593637005.0,56767471.0,2438672249.0,129179423282.0,97367657.0,519056194.0
2021-12-27,2021,12,1453703702150.0,13289861419.0,1466993563569.0,1399789016399.0,7162905868.0,1406951922267.0,2853492718549.0,20452767287.0,2873945485836.0,28534.92718549,28739.45485836,119593637005.0,56767471.0,2438672249.0,129179423282.0,97367657.0,519056194.0
2021-12-28,2021,12,1453703702150.0,13289861419.0,1466993563569.0,1399789016399.0,7162905868.0,1406951922267.0,2853492718549.0,20452767287.0,2873945485836.0,28534.92718549,28739.45485836,119593637005.0,56767471.0,2438672249.0,129179423282.0,97367657.0,519056194.0
2021-12-29,2021,12,1453703702150.0,13289861419.0,1466993563569.0,1399789016399.0,7162905868.0,1406951922267.0,2853492718549.0,20452767287.0,2873945485836.0,28534.92718549,28739.45485836,119593637005.0,56767471.0,2438672249.0,129179423282.0,97367657.0,519056194.0
2021-12-30,2021,12,1453703702150.0,13289861419.0,1466993563569.0,1399789016399.0,7162905868.0,1406951922267.0,2853492718549.0,20452767287.0,2873945485836.0,28534.92718549,28739.45485836,119593637005.0,56767471.0,2438672249.0,129179423282.0,97367657.0,519056194.0
2021-12-31,2021,12,1453703702150.0,13289861419.0,1466993563569.0,1399789016399.0,7162905868.0,1406951922267.0,2853492718549.0,20452767287.0,2873945485836.0,28534.92718549,28739.45485836,119593637005.0,56767471.0,2438672249.0,129179423282.0,97367657.0,519056194.0
2022-01-04,2022,1,1453703702150.0,13289861419.0,1466993563569.0,1399789016399.0,7162905868.0,1406951922267.0,2853492718549.0,20452767287.0,2873945485836.0,28534.92718549,28739.45485836,119593637005.0,56767471.0,2438672249.0,129179423282.0,97367657.0,519056194.0
2022-01-05,2022,1,1453703702150.0,13289861419.0,1466993563569.0,1399789016399.0,7162905868.0,1406951922267.0,2853492718549.0,20452767287.0,2873945485836.0,28534.92718549,28739.45485836,119593637005.0,56767471.0,2438672249.0,129179423282.0,97367657.0,519056194.0
2022-01-06,2022,1,1453703702150.0,13289861419.0,1466993563569.0,1399789016399.0,7162905868.0,1406951922267.0,2853492718549.0,20452767287.0,2873945485836.0,28534.92718549,28739.45485836,119593637005.0,56767471.0,2438672249.0,129179423282.0,97367657.0,519056194.0
2022-01-07,2022,1,1453703702150.0,13289861419.0,1466993563569.0,1399789016399.0,7162905868.0,1406951922267.0,2853492718549.0,20452767287.0,2873945485836.0,28534.92718549,28739.45485836,119593637005.0,56767471.0,2438672249.0,129179423282.0,97367657.0,519056194.0
2022-01-10,2022,1,1453703702150.0,13289861419.0,1466993563569.0,1399789016399.0,7162905868.0,1406951922267.0,2853492718549.0,20452767287.0,2873945485836.0,28534.92718549,28739.45485836,119593637005.0,56767471.0,2438672249.0,129179423282.0,97367657.0,519056194.0
2022-01-11,2022,1,1453703702150.0,13289861419.0,1466993563569.0,1399789016399.0,7162905868.0,1406951922267.0,2853492718549.0,20452767287.0,2873945485836.0,28534.92718549,28739.45485836,119593637005.0,56767471.0,2438672249.0,129179423282.0,97367657.0,519056194.0
2022-01-12,2022,1,1453703702150.0,13289861419.0,1466993563569.0,1399789016399.0,7162905868.0,1406951922267.0,2853492718549.0,20452767287.0,2873945485836.0,28534.92718549,28739.45485836,119593637005.0,56767471.0,2438672249.0,129179423282.0,97367657.0,519056194.0
2022-01-13,2022,1,1453703702150.0,13289861419.0,1466993563569.0,1399789016399.0,7162905868.0,1406951922267.0,2853492718549.0,20452767287.0,2873945485836.0,28534.92718549,28739.45485836,119593637005.0,56767471.0,2438672249.0,129179423282.0,97367657.0,519056194.0
2022-01-14,2022,1,1453703702150.0,13289861419.0,1466993563569.0,1399789016399.0,7162905868.0,1406951922267.0,2853492718549.0,20452767287.0,2873945485836.0,28534.92718549,28739.45485836,119593637005.0,56767471.0,2438672249.0,129179423282.0,97367657.0,519056194.0
2022-01-17,2022,1,1453703702150.0,13289861419.0,1466993563569.0,1399789016399.0,7162905868.0,1406951922267.0,2853492718549.0,20452767287.0,2873945485836.0,28534.92718549,28739.45485836,119593637005.0,56767471.0,2438672249.0,129179423282.0,97367657.0,519056194.0
2022-01-18,2022,1,1453703702150.0,13289861419.0,1466993563569.0,1399789016399.0,7162905868.0,1406951922267.0,2853492718549.0,20452767287.0,2873945485836.0,28534.92718549,28739.45485836,119593637005.0,56767471.0,2438672249.0,129179423282.0,97367657.0,519056194.0
2022-01-19,2022,1,1453703702150.0,13289861419.0,1466993563569.0,1399789016399.0,7162905868.0,1406951922267.0,2853492718549.0,20452767287.0,2873945485836.0,28534.92718549,28739.45485836,119593637005.0,56767471.0,2438672249.0,129179423282.0,97367657.0,519056194.0
2022-01-20,2022,1,1453703702150.0,13289861419.0,1466993563569.0,1399789016399.0,7162905868.0,1406951922267.0,2853492718549.0,20452767287.0,2873945485836.0,28534.92718549,28739.45485836,119593637005.0,56767471.0,2438672249.0,129179423282.0,97367657.0,519056194.0
2022-01-21,2022,1,1453703702150.0,13289861419.0,1466993563569.0,1399789016399.0,7162905868.0,1406951922267.0,2853492718549.0,20452767287.0,2873945485836.0,28534.92718549,28739.45485836,119593637005.0,56767471.0,2438672249.0,129179423282.0,97367657.0,519056194.0
2022-01-24,2022,1,1453703702150.0,13289861419.0,1466993563569.0,1399789016399.0,7162905868.0,1406951922267.0,2853492718549.0,20452767287.0,2873945485836.0,28534.92718549,28739.45485836,119593637005.0,56767471.0,2438672249.0,129179423282.0,97367657.0,519056194.0
2022-01-25,2022,1,1453703702150.0,13289861419.0,1466993563569.0,1399789016399.0,7162905868.0,1406951922267.0,2853492718549.0,20452767287.0,2873945485836.0,28534.92718549,28739.45485836,119593637005.0,56767471.0,2438672249.0,129179423282.0,97367657.0,519056194.0
2022-01-26,2022,1,1453703702150.0,13289861419.0,1466993563569.0,1399789016399.0,7162905868.0,1406951922267.0,2853492718549.0,20452767287.0,2873945485836.0,28534.92718549,28739.45485836,119593637005.0,56767471.0,2438672249.0,129179423282.0,97367657.0,519056194.0
2022-01-27,2022,1,1453703702150.0,13289861419.0,1466993563569.0,1399789016399.0,7162905868.0,1406951922267.0,2853492718549.0,20452767287.0,2873945485836.0,28534.92718549,28739.45485836,119593637005.0,56767471.0,2438672249.0,129179423282.0,97367657.0,519056194.0
2022-01-28,2022,1,1453703702150.0,13289861419.0,1466993563569.0,1399789016399.0,7162905868.0,1406951922267.0,2853492718549.0,20452767287.0,2873945485836.0,28534.92718549,28739.45485836,119593637005.0,56767471.0,2438672249.0,129179423282.0,97367657.0,519056194.0
2022-02-07,2022,2,1453703702150.0,13289861419.0,1466993563569.0,1399789016399.0,7162905868.0,1406951922267.0,2853492718549.0,20452767287.0,2873945485836.0,28534.92718549,28739.45485836,119593637005.0,56767471.0,2438672249.0,129179423282.0,97367657.0,519056194.0
2022-02-08,2022,2,1453703702150.0,13289861419.0,1466993563569.0,1399789016399.0,7162905868.0,1406951922267.0,2853492718549.0,20452767287.0,2873945485836.0,28534.92718549,28739.45485836,119593637005.0,56767471.0,2438672249.0,129179423282.0,97367657.0,519056194.0
2022-02-09,2022,2,1453703702150.0,13289861419.0,1466993563569.0,1399789016399.0,7162905868.0,1406951922267.0,2853492718549.0,20452767287.0,2873945485836.0,28534.92718549,28739.45485836,119593637005.0,56767471.0,2438672249.0,129179423282.0,97367657.0,519056194.0
2022-02-10,2022,2,1453703702150.0,13289861419.0,1466993563569.0,1399789016399.0,7162905868.0,1406951922267.0,2853492718549.0,20452767287.0,2873945485836.0,28534.92718549,28739.45485836,119593637005.0,56767471.0,2438672249.0,129179423282.0,97367657.0,519056194.0
2022-02-11,2022,2,1453703702150.0,13289861419.0,1466993563569.0,1399789016399.0,7162905868.0,1406951922267.0,2853492718549.0,20452767287.0,2873945485836.0,28534.92718549,28739.45485836,119593637005.0,56767471.0,2438672249.0,129179423282.0,97367657.0,519056194.0
2022-02-14,2022,2,1453703702150.0,13289861419.0,1466993563569.0,1399789016399.0,7162905868.0,1406951922267.0,2853492718549.0,20452767287.0,2873945485836.0,28534.92718549,28739.45485836,119593637005.0,56767471.0,2438672249.0,129179423282.0,97367657.0,519056194.0
2022-02-15,2022,2,1453703702150.0,13289861419.0,1466993563569.0,1399789016399.0,7162905868.0,1406951922267.0,2853492718549.0,20452767287.0,2873945485836.0,28534.92718549,28739.45485836,119593637005.0,56767471.0,2438672249.0,129179423282.0,97367657.0,519056194.0
2022-02-16,2022,2,1453703702150.0,13289861419.0,1466993563569.0,1399789016399.0,7162905868.0,1406951922267.0,2853492718549.0,20452767287.0,2873945485836.0,28534.92718549,28739.45485836,119593637005.0,56767471.0,2438672249.0,129179423282.0,97367657.0,519056194.0
2022-02-17,2022,2,1453703702150.0,13289861419.0,1466993563569.0,1399789016399.0,7162905868.0,1406951922267.0,2853492718549.0,20452767287.0,2873945485836.0,28534.92718549,28739.45485836,119593637005.0,56767471.0,2438672249.0,129179423282.0,97367657.0,519056194.0
2022-02-18,2022,2,1453703702150.0,13289861419.0,1466993563569.0,1399789016399.0,7162905868.0,1406951922267.0,2853492718549.0,20452767287.0,2873945485836.0,28534.92718549,28739.45485836,119593637005.0,56767471.0,2438672249.0,129179423282.0,97367657.0,519056194.0
2022-02-21,2022,2,1453703702150.0,13289861419.0,1466993563569.0,1399789016399.0,7162905868.0,1406951922267.0,2853492718549.0,20452767287.0,2873945485836.0,28534.92718549,28739.45485836,119593637005.0,56767471.0,2438672249.0,129179423282.0,97367657.0,519056194.0
2022-02-22,2022,2,1453703702150.0,13289861419.0,1466993563569.0,1399789016399.0,7162905868.0,1406951922267.0,2853492718549.0,20452767287.0,2873945485836.0,28534.92718549,28739.45485836,119593637005.0,56767471.0,2438672249.0,129179423282.0,97367657.0,519056194.0
2022-02-23,2022,2,1453703702150.0,13289861419.0,1466993563569.0,1399789016399.0,7162905868.0,1406951922267.0,2853492718549.0,20452767287.0,2873945485836.0,28534.92718549,28739.45485836,119593637005.0,56767471.0,2438672249.0,129179423282.0,97367657.0,519056194.0
2022-02-24,2022,2,1453703702150.0,13289861419.0,1466993563569.0,1399789016399.0,7162905868.0,1406951922267.0,2853492718549.0,20452767287.0,2873945485836.0,28534.92718549,28739.45485836,119593637005.0,56767471.0,2438672249.0,129179423282.0,97367657.0,519056194.0
2022-02-25,2022,2,1453703702150.0,13289861419.0,1466993563569.0,1399789016399.0,7162905868.0,1406951922267.0,2853492718549.0,20452767287.0,2873945485836.0,28534.92718549,28739.45485836,119593637005.0,56767471.0,2438672249.0,129179423282.0,97367657.0,519056194.0
2022-02-28,2022,2,1453703702150.0,13289861419.0,1466993563569.0,1399789016399.0,7162905868.0,1406951922267.0,2853492718549.0,20452767287.0,2873945485836.0,28534.92718549,28739.45485836,119593637005.0,56767471.0,2438672249.0,129179423282.0,97367657.0,519056194.0
2022-03-01,2022,3,1453703702150.0,13289861419.0,1466993563569.0,1399789016399.0,7162905868.0,1406951922267.0,2853492718549.0,20452767287.0,2873945485836.0,28534.92718549,28739.45485836,119593637005.0,56767471.0,2438672249.0,129179423282.0,97367657.0,519056194.0
2022-03-02,2022,3,1453703702150.0,13289861419.0,1466993563569.0,1399789016399.0,7162905868.0,1406951922267.0,2853492718549.0,20452767287.0,2873945485836.0,28534.92718549,28739.45485836,119593637005.0,56767471.0,2438672249.0,129179423282.0,97367657.0,519056194.0
2022-03-03,2022,3,1453703702150.0,13289861419.0,1466993563569.0,1399789016399.0,7162905868.0,1406951922267.0,2853492718549.0,20452767287.0,2873945485836.0,28534.92718549,28739.45485836,119593637005.0,56767471.0,2438672249.0,129179423282.0,97367657.0,519056194.0
2022-03-04,2022,3,1453703702150.0,13289861419.0,1466993563569.0,1399789016399.0,7162905868.0,1406951922267.0,2853492718549.0,20452767287.0,2873945485836.0,28534.92718549,28739.45485836,119593637005.0,56767471.0,2438672249.0,129179423282.0,97367657.0,519056194.0
2022-03-07,2022,3,1453703702150.0,13289861419.0,1466993563569.0,1399789016399.0,7162905868.0,1406951922267.0,2853492718549.0,20452767287.0,2873945485836.0,28534.92718549,28739.45485836,119593637005.0,56767471.0,2438672249.0,129179423282.0,97367657.0,519056194.0
2022-03-08,2022,3,1453703702150.0,13289861419.0,1466993563569.0,1399789016399.0,7162905868.0,1406951922267.0,2853492718549.0,20452767287.0,2873945485836.0,28534.92718549,28739.45485836,119593637005.0,56767471.0,2438672249.0,129179423282.0,97367657.0,519056194.0
2022-03-09,2022,3,1453703702150.0,13289861419.0,1466993563569.0,1399789016399.0,7162905868.0,1406951922267.0,2853492718549.0,20452767287.0,2873945485836.0,28534.92718549,28739.45485836,119593637005.0,56767471.0,2438672249.0,129179423282.0,97367657.0,519056194.0
2022-03-10,2022,3,1453703702150.0,13289861419.0,1466993563569.0,1399789016399.0,7162905868.0,1406951922267.0,2853492718549.0,20452767287.0,2873945485836.0,28534.92718549,28739.45485836,119593637005.0,56767471.0,2438672249.0,129179423282.0,97367657.0,519056194.0
2022-03-11,2022,3,1453703702150.0,13289861419.0,1466993563569.0,1399789016399.0,7162905868.0,1406951922267.0,2853492718549.0,20452767287.0,2873945485836.0,28534.92718549,28739.45485836,119593637005.0,56767471.0,2438672249.0,129179423282.0,97367657.0,519056194.0
2022-03-14,2022,3,1453703702150.0,13289861419.0,1466993563569.0,1399789016399.0,7162905868.0,1406951922267.0,2853492718549.0,20452767287.0,2873945485836.0,28534.92718549,28739.45485836,119593637005.0,56767471.0,2438672249.0,129179423282.0,97367657.0,519056194.0
2022-03-15,2022,3,1453703702150.0,13289861419.0,1466993563569.0,1399789016399.0,7162905868.0,1406951922267.0,2853492718549.0,20452767287.0,2873945485836.0,28534.92718549,28739.45485836,119593637005.0,56767471.0,2438672249.0,129179423282.0,97367657.0,519056194.0
2022-03-16,2022,3,1453703702150.0,13289861419.0,1466993563569.0,1399789016399.0,7162905868.0,1406951922267.0,2853492718549.0,20452767287.0,2873945485836.0,28534.92718549,28739.45485836,119593637005.0,56767471.0,2438672249.0,129179423282.0,97367657.0,519056194.0
2022-03-17,2022,3,1453703702150.0,13289861419.0,1466993563569.0,1399789016399.0,7162905868.0,1406951922267.0,2853492718549.0,20452767287.0,2873945485836.0,28534.92718549,28739.45485836,119593637005.0,56767471.0,2438672249.0,129179423282.0,97367657.0,519056194.0
2022-03-18,2022,3,1453703702150.0,13289861419.0,1466993563569.0,1399789016399.0,7162905868.0,1406951922267.0,2853492718549.0,20452767287.0,2873945485836.0,28534.92718549,28739.45485836,119593637005.0,56767471.0,2438672249.0,129179423282.0,97367657.0,519056194.0
2022-03-21,2022,3,1453703702150.0,13289861419.0,1466993563569.0,1399789016399.0,7162905868.0,1406951922267.0,2853492718549.0,20452767287.0,2873945485836.0,28534.92718549,28739.45485836,119593637005.0,56767471.0,2438672249.0,129179423282.0,97367657.0,519056194.0
2022-03-22,2022,3,1453703702150.0,13289861419.0,1466993563569.0,1399789016399.0,7162905868.0,1406951922267.0,2853492718549.0,20452767287.0,2873945485836.0,28534.92718549,28739.45485836,119593637005.0,56767471.0,2438672249.0,129179423282.0,97367657.0,519056194.0
2022-03-23,2022,3,1453703702150.0,13289861419.0,1466993563569.0,1399789016399.0,7162905868.0,1406951922267.0,2853492718549.0,20452767287.0,2873945485836.0,28534.92718549,28739.45485836,119593637005.0,56767471.0,2438672249.0,129179423282.0,97367657.0,519056194.0
2022-03-24,2022,3,1453703702150.0,13289861419.0,1466993563569.0,1399789016399.0,7162905868.0,1406951922267.0,2853492718549.0,20452767287.0,2873945485836.0,28534.92718549,28739.45485836,119593637005.0,56767471.0,2438672249.0,129179423282.0,97367657.0,519056194.0
2022-03-25,2022,3,1453703702150.0,13289861419.0,1466993563569.0,1399789016399.0,7162905868.0,1406951922267.0,2853492718549.0,20452767287.0,2873945485836.0,28534.92718549,28739.45485836,119593637005.0,56767471.0,2438672249.0,129179423282.0,97367657.0,519056194.0
2022-03-28,2022,3,1453703702150.0,13289861419.0,1466993563569.0,1399789016399.0,7162905868.0,1406951922267.0,2853492718549.0,20452767287.0,2873945485836.0,28534.92718549,28739.45485836,119593637005.0,56767471.0,2438672249.0,129179423282.0,97367657.0,519056194.0
2022-03-29,2022,3,1453703702150.0,13289861419.0,1466993563569.0,1399789016399.0,7162905868.0,1406951922267.0,2853492718549.0,20452767287.0,2873945485836.0,28534.92718549,28739.45485836,119593637005.0,56767471.0,2438672249.0,129179423282.0,97367657.0,519056194.0
2022-03-30,2022,3,1453703702150.0,13289861419.0,1466993563569.0,1399789016399.0,7162905868.0,1406951922267.0,2853492718549.0,20452767287.0,2873945485836.0,28534.92718549,28739.45485836,119593637005.0,56767471.0,2438672249.0,129179423282.0,97367657.0,519056194.0
2022-03-31,2022,3,1453703702150.0,13289861419.0,1466993563569.0,1399789016399.0,7162905868.0,1406951922267.0,2853492718549.0,20452767287.0,2873945485836.0,28534.92718549,28739.45485836,119593637005.0,56767471.0,2438672249.0,129179423282.0,97367657.0,519056194.0
2022-04-01,2022,4,1453703702150.0,13289861419.0,1466993563569.0,1399789016399.0,7162905868.0,1406951922267.0,2853492718549.0,20452767287.0,2873945485836.0,28534.92718549,28739.45485836,119593637005.0,56767471.0,2438672249.0,129179423282.0,97367657.0,519056194.0
2022-04-06,2022,4,1453703702150.0,13289861419.0,1466993563569.0,1399789016399.0,7162905868.0,1406951922267.0,2853492718549.0,20452767287.0,2873945485836.0,28534.92718549,28739.45485836,119593637005.0,56767471.0,2438672249.0,129179423282.0,97367657.0,519056194.0
2022-04-07,2022,4,1453703702150.0,13289861419.0,1466993563569.0,1399789016399.0,7162905868.0,1406951922267.0,2853492718549.0,20452767287.0,2873945485836.0,28534.92718549,28739.45485836,119593637005.0,56767471.0,2438672249.0,129179423282.0,97367657.0,519056194.0
2022-04-08,2022,4,1453703702150.0,13289861419.0,1466993563569.0,1399789016399.0,7162905868.0,1406951922267.0,2853492718549.0,20452767287.0,2873945485836.0,28534.92718549,28739.45485836,119593637005.0,56767471.0,2438672249.0,129179423282.0,97367657.0,519056194.0
2022-04-11,2022,4,1453703702150.0,13289861419.0,1466993563569.0,1399789016399.0,7162905868.0,1406951922267.0,2853492718549.0,20452767287.0,2873945485836.0,28534.92718549,28739.45485836,119593637005.0,56767471.0,2438672249.0,129179423282.0,97367657.0,519056194.0
2022-04-12,2022,4,1453703702150.0,13289861419.0,1466993563569.0,1399789016399.0,7162905868.0,1406951922267.0,2853492718549.0,20452767287.0,2873945485836.0,28534.92718549,28739.45485836,119593637005.0,56767471.0,2438672249.0,129179423282.0,97367657.0,519056194.0
2022-04-13,2022,4,1453703702150.0,13289861419.0,1466993563569.0,1399789016399.0,7162905868.0,1406951922267.0,2853492718549.0,20452767287.0,2873945485836.0,28534.92718549,28739.45485836,119593637005.0,56767471.0,2438672249.0,129179423282.0,97367657.0,519056194.0
2022-04-14,2022,4,1453703702150.0,13289861419.0,1466993563569.0,1399789016399.0,7162905868.0,1406951922267.0,2853492718549.0,20452767287.0,2873945485836.0,28534.92718549,28739.45485836,119593637005.0,56767471.0,2438672249.0,129179423282.0,97367657.0,519056194.0
2022-04-15,2022,4,1453703702150.0,13289861419.0,1466993563569.0,1399789016399.0,7162905868.0,1406951922267.0,2853492718549.0,20452767287.0,2873945485836.0,28534.92718549,28739.45485836,119593637005.0,56767471.0,2438672249.0,129179423282.0,97367657.0,519056194.0
2022-04-18,2022,4,1453703702150.0,13289861419.0,1466993563569.0,1399789016399.0,7162905868.0,1406951922267.0,2853492718549.0,20452767287.0,2873945485836.0,28534.92718549,28739.45485836,119593637005.0,56767471.0,2438672249.0,129179423282.0,97367657.0,519056194.0
2022-04-19,2022,4,1453703702150.0,13289861419.0,1466993563569.0,1399789016399.0,7162905868.0,1406951922267.0,2853492718549.0,20452767287.0,2873945485836.0,28534.92718549,28739.45485836,119593637005.0,56767471.0,2438672249.0,129179423282.0,97367657.0,519056194.0
2022-04-20,2022,4,1453703702150.0,13289861419.0,1466993563569.0,1399789016399.0,7162905868.0,1406951922267.0,2853492718549.0,20452767287.0,2873945485836.0,28534.92718549,28739.45485836,119593637005.0,56767471.0,2438672249.0,129179423282.0,97367657.0,519056194.0
2022-04-21,2022,4,1453703702150.0,13289861419.0,1466993563569.0,1399789016399.0,7162905868.0,1406951922267.0,2853492718549.0,20452767287.0,2873945485836.0,28534.92718549,28739.45485836,119593637005.0,56767471.0,2438672249.0,129179423282.0,97367657.0,519056194.0
2022-04-22,2022,4,1453703702150.0,13289861419.0,1466993563569.0,1399789016399.0,7162905868.0,1406951922267.0,2853492718549.0,20452767287.0,2873945485836.0,28534.92718549,28739.45485836,119593637005.0,56767471.0,2438672249.0,129179423282.0,97367657.0,519056194.0
2022-04-25,2022,4,1453703702150.0,13289861419.0,1466993563569.0,1399789016399.0,7162905868.0,1406951922267.0,2853492718549.0,20452767287.0,2873945485836.0,28534.92718549,28739.45485836,119593637005.0,56767471.0,2438672249.0,129179423282.0,97367657.0,519056194.0
2022-04-26,2022,4,1453703702150.0,13289861419.0,1466993563569.0,1399789016399.0,7162905868.0,1406951922267.0,2853492718549.0,20452767287.0,2873945485836.0,28534.92718549,28739.45485836,119593637005.0,56767471.0,2438672249.0,129179423282.0,97367657.0,519056194.0
2022-04-27,2022,4,1453703702150.0,13289861419.0,1466993563569.0,1399789016399.0,7162905868.0,1406951922267.0,2853492718549.0,20452767287.0,2873945485836.0,28534.92718549,28739.45485836,119593637005.0,56767471.0,2438672249.0,129179423282.0,97367657.0,519056194.0
2022-04-28,2022,4,1453703702150.0,13289861419.0,1466993563569.0,1399789016399.0,7162905868.0,1406951922267.0,2853492718549.0,20452767287.0,2873945485836.0,28534.92718549,28739.45485836,119593637005.0,56767471.0,2438672249.0,129179423282.0,97367657.0,519056194.0
2022-04-29,2022,4,1453703702150.0,13289861419.0,1466993563569.0,1399789016399.0,7162905868.0,1406951922267.0,2853492718549.0,20452767287.0,2873945485836.0,28534.92718549,28739.45485836,119593637005.0,56767471.0,2438672249.0,129179423282.0,97367657.0,519056194.0
2022-05-05,2022,5,1453703702150.0,13289861419.0,1466993563569.0,1399789016399.0,7162905868.0,1406951922267.0,2853492718549.0,20452767287.0,2873945485836.0,28534.92718549,28739.45485836,119593637005.0,56767471.0,2438672249.0,129179423282.0,97367657.0,519056194.0
2022-05-06,2022,5,1453703702150.0,13289861419.0,1466993563569.0,1399789016399.0,7162905868.0,1406951922267.0,2853492718549.0,20452767287.0,2873945485836.0,28534.92718549,28739.45485836,119593637005.0,56767471.0,2438672249.0,129179423282.0,97367657.0,519056194.0
2022-05-09,2022,5,1453703702150.0,13289861419.0,1466993563569.0,1399789016399.0,7162905868.0,1406951922267.0,2853492718549.0,20452767287.0,2873945485836.0,28534.92718549,28739.45485836,119593637005.0,56767471.0,2438672249.0,129179423282.0,97367657.0,519056194.0
2022-05-10,2022,5,1453703702150.0,13289861419.0,1466993563569.0,1399789016399.0,7162905868.0,1406951922267.0,2853492718549.0,20452767287.0,2873945485836.0,28534.92718549,28739.45485836,119593637005.0,56767471.0,2438672249.0,129179423282.0,97367657.0,519056194.0
2022-05-11,2022,5,1453703702150.0,13289861419.0,1466993563569.0,1399789016399.0,7162905868.0,1406951922267.0,2853492718549.0,20452767287.0,2873945485836.0,28534.92718549,28739.45485836,119593637005.0,56767471.0,2438672249.0,129179423282.0,97367657.0,519056194.0
2022-05-12,2022,5,1453703702150.0,13289861419.0,1466993563569.0,1399789016399.0,7162905868.0,1406951922267.0,2853492718549.0,20452767287.0,2873945485836.0,28534.92718549,28739.45485836,119593637005.0,56767471.0,2438672249.0,129179423282.0,97367657.0,519056194.0
2022-05-13,2022,5,1453703702150.0,13289861419.0,1466993563569.0,1399789016399.0,7162905868.0,1406951922267.0,2853492718549.0,20452767287.0,2873945485836.0,28534.92718549,28739.45485836,119593637005.0,56767471.0,2438672249.0,129179423282.0,97367657.0,519056194.0
2022-05-16,2022,5,1453703702150.0,13289861419.0,1466993563569.0,1399789016399.0,7162905868.0,1406951922267.0,2853492718549.0,20452767287.0,2873945485836.0,28534.92718549,28739.45485836,119593637005.0,56767471.0,2438672249.0,129179423282.0,97367657.0,519056194.0
2022-05-17,2022,5,1453703702150.0,13289861419.0,1466993563569.0,1399789016399.0,7162905868.0,1406951922267.0,2853492718549.0,20452767287.0,2873945485836.0,28534.92718549,28739.45485836,119593637005.0,56767471.0,2438672249.0,129179423282.0,97367657.0,519056194.0
2022-05-18,2022,5,1453703702150.0,13289861419.0,1466993563569.0,1399789016399.0,7162905868.0,1406951922267.0,2853492718549.0,20452767287.0,2873945485836.0,28534.92718549,28739.45485836,119593637005.0,56767471.0,2438672249.0,129179423282.0,97367657.0,519056194.0
2022-05-19,2022,5,1453703702150.0,13289861419.0,1466993563569.0,1399789016399.0,7162905868.0,1406951922267.0,2853492718549.0,20452767287.0,2873945485836.0,28534.92718549,28739.45485836,119593637005.0,56767471.0,2438672249.0,129179423282.0,97367657.0,519056194.0
2022-05-20,2022,5,1453703702150.0,13289861419.0,1466993563569.0,1399789016399.0,7162905868.0,1406951922267.0,2853492718549.0,20452767287.0,2873945485836.0,28534.92718549,28739.45485836,119593637005.0,56767471.0,2438672249.0,129179423282.0,97367657.0,519056194.0
2022-05-23,2022,5,1453703702150.0,13289861419.0,1466993563569.0,1399789016399.0,7162905868.0,1406951922267.0,2853492718549.0,20452767287.0,2873945485836.0,28534.92718549,28739.45485836,119593637005.0,56767471.0,2438672249.0,129179423282.0,97367657.0,519056194.0
2022-05-24,2022,5,1453703702150.0,13289861419.0,1466993563569.0,1399789016399.0,7162905868.0,1406951922267.0,2853492718549.0,20452767287.0,2873945485836.0,28534.92718549,28739.45485836,119593637005.0,56767471.0,2438672249.0,129179423282.0,97367657.0,519056194.0
2022-05-25,2022,5,1453703702150.0,13289861419.0,1466993563569.0,1399789016399.0,7162905868.0,1406951922267.0,2853492718549.0,20452767287.0,2873945485836.0,28534.92718549,28739.45485836,119593637005.0,56767471.0,2438672249.0,129179423282.0,97367657.0,519056194.0
2022-05-26,2022,5,1453703702150.0,13289861419.0,1466993563569.0,1399789016399.0,7162905868.0,1406951922267.0,2853492718549.0,20452767287.0,2873945485836.0,28534.92718549,28739.45485836,119593637005.0,56767471.0,2438672249.0,129179423282.0,97367657.0,519056194.0
2022-05-27,2022,5,1453703702150.0,13289861419.0,1466993563569.0,1399789016399.0,7162905868.0,1406951922267.0,2853492718549.0,20452767287.0,2873945485836.0,28534.92718549,28739.45485836,119593637005.0,56767471.0,2438672249.0,129179423282.0,97367657.0,519056194.0
2022-05-30,2022,5,1453703702150.0,13289861419.0,1466993563569.0,1399789016399.0,7162905868.0,1406951922267.0,2853492718549.0,20452767287.0,2873945485836.0,28534.92718549,28739.45485836,119593637005.0,56767471.0,2438672249.0,129179423282.0,97367657.0,519056194.0
2022-05-31,2022,5,1453703702150.0,13289861419.0,1466993563569.0,1399789016399.0,7162905868.0,1406951922267.0,2853492718549.0,20452767287.0,2873945485836.0,28534.92718549,28739.45485836,119593637005.0,56767471.0,2438672249.0,129179423282.0,97367657.0,519056194.0
2022-06-01,2022,6,1453703702150.0,13289861419.0,1466993563569.0,1399789016399.0,7162905868.0,1406951922267.0,2853492718549.0,20452767287.0,2873945485836.0,28534.92718549,28739.45485836,119593637005.0,56767471.0,2438672249.0,129179423282.0,97367657.0,519056194.0
2022-06-02,2022,6,1453703702150.0,13289861419.0,1466993563569.0,1399789016399.0,7162905868.0,1406951922267.0,2853492718549.0,20452767287.0,2873945485836.0,28534.92718549,28739.45485836,119593637005.0,56767471.0,2438672249.0,129179423282.0,97367657.0,519056194.0
2022-06-06,2022,6,1453703702150.0,13289861419.0,1466993563569.0,1399789016399.0,7162905868.0,1406951922267.0,2853492718549.0,20452767287.0,2873945485836.0,28534.92718549,28739.45485836,119593637005.0,56767471.0,2438672249.0,129179423282.0,97367657.0,519056194.0
2022-06-07,2022,6,1453703702150.0,13289861419.0,1466993563569.0,1399789016399.0,7162905868.0,1406951922267.0,2853492718549.0,20452767287.0,2873945485836.0,28534.92718549,28739.45485836,119593637005.0,56767471.0,2438672249.0,129179423282.0,97367657.0,519056194.0
2022-06-08,2022,6,1453703702150.0,13289861419.0,1466993563569.0,1399789016399.0,7162905868.0,1406951922267.0,2853492718549.0,20452767287.0,2873945485836.0,28534.92718549,28739.45485836,119593637005.0,56767471.0,2438672249.0,129179423282.0,97367657.0,519056194.0
2022-06-09,2022,6,1453703702150.0,13289861419.0,1466993563569.0,1399789016399.0,7162905868.0,1406951922267.0,2853492718549.0,20452767287.0,2873945485836.0,28534.92718549,28739.45485836,119593637005.0,56767471.0,2438672249.0,129179423282.0,97367657.0,519056194.0
2022-06-10,2022,6,1453703702150.0,13289861419.0,1466993563569.0,1399789016399.0,7162905868.0,1406951922267.0,2853492718549.0,20452767287.0,2873945485836.0,28534.92718549,28739.45485836,119593637005.0,56767471.0,2438672249.0,129179423282.0,97367657.0,519056194.0
2022-06-13,2022,6,1453703702150.0,13289861419.0,1466993563569.0,1399789016399.0,7162905868.0,1406951922267.0,2853492718549.0,20452767287.0,2873945485836.0,28534.92718549,28739.45485836,119593637005.0,56767471.0,2438672249.0,129179423282.0,97367657.0,519056194.0
2022-06-14,2022,6,1453703702150.0,13289861419.0,1466993563569.0,1399789016399.0,7162905868.0,1406951922267.0,2853492718549.0,20452767287.0,2873945485836.0,28534.92718549,28739.45485836,119593637005.0,56767471.0,2438672249.0,129179423282.0,97367657.0,519056194.0
2022-06-15,2022,6,1453703702150.0,13289861419.0,1466993563569.0,1399789016399.0,7162905868.0,1406951922267.0,2853492718549.0,20452767287.0,2873945485836.0,28534.92718549,28739.45485836,119593637005.0,56767471.0,2438672249.0,129179423282.0,97367657.0,519056194.0
2022-06-16,2022,6,1453703702150.0,13289861419.0,1466993563569.0,1399789016399.0,7162905868.0,1406951922267.0,2853492718549.0,20452767287.0,2873945485836.0,28534.92718549,28739.45485836,119593637005.0,56767471.0,2438672249.0,129179423282.0,97367657.0,519056194.0
2022-06-17,2022,6,1453703702150.0,13289861419.0,1466993563569.0,1399789016399.0,7162905868.0,1406951922267.0,2853492718549.0,20452767287.0,2873945485836.0,28534.92718549,28739.45485836,119593637005.0,56767471.0,2438672249.0,129179423282.0,97367657.0,519056194.0
2022-06-20,2022,6,1453703702150.0,13289861419.0,1466993563569.0,1399789016399.0,7162905868.0,1406951922267.0,2853492718549.0,20452767287.0,2873945485836.0,28534.92718549,28739.45485836,119593637005.0,56767471.0,2438672249.0,129179423282.0,97367657.0,519056194.0
2022-06-21,2022,6,1453703702150.0,13289861419.0,1466993563569.0,1399789016399.0,7162905868.0,1406951922267.0,2853492718549.0,20452767287.0,2873945485836.0,28534.92718549,28739.45485836,119593637005.0,56767471.0,2438672249.0,129179423282.0,97367657.0,519056194.0
2022-06-22,2022,6,1453703702150.0,13289861419.0,1466993563569.0,1399789016399.0,7162905868.0,1406951922267.0,2853492718549.0,20452767287.0,2873945485836.0,28534.92718549,28739.45485836,119593637005.0,56767471.0,2438672249.0,129179423282.0,97367657.0,519056194.0
2022-06-23,2022,6,1453703702150.0,13289861419.0,1466993563569.0,1399789016399.0,7162905868.0,1406951922267.0,2853492718549.0,20452767287.0,2873945485836.0,28534.92718549,28739.45485836,119593637005.0,56767471.0,2438672249.0,129179423282.0,97367657.0,519056194.0
2022-06-24,2022,6,1453703702150.0,13289861419.0,1466993563569.0,1399789016399.0,7162905868.0,1406951922267.0,2853492718549.0,20452767287.0,2873945485836.0,28534.92718549,28739.45485836,119593637005.0,56767471.0,2438672249.0,129179423282.0,97367657.0,519056194.0
2022-06-27,2022,6,1453703702150.0,13289861419.0,1466993563569.0,1399789016399.0,7162905868.0,1406951922267.0,2853492718549.0,20452767287.0,2873945485836.0,28534.92718549,28739.45485836,119593637005.0,56767471.0,2438672249.0,129179423282.0,97367657.0,519056194.0
2022-06-28,2022,6,1453703702150.0,13289861419.0,1466993563569.0,1399789016399.0,7162905868.0,1406951922267.0,2853492718549.0,20452767287.0,2873945485836.0,28534.92718549,28739.45485836,119593637005.0,56767471.0,2438672249.0,129179423282.0,97367657.0,519056194.0
2022-06-29,2022,6,1453703702150.0,13289861419.0,1466993563569.0,1399789016399.0,7162905868.0,1406951922267.0,2853492718549.0,20452767287.0,2873945485836.0,28534.92718549,28739.45485836,119593637005.0,56767471.0,2438672249.0,129179423282.0,97367657.0,519056194.0
2022-06-30,2022,6,1453703702150.0,13289861419.0,1466993563569.0,1399789016399.0,7162905868.0,1406951922267.0,2853492718549.0,20452767287.0,2873945485836.0,28534.92718549,28739.45485836,119593637005.0,56767471.0,2438672249.0,129179423282.0,97367657.0,519056194.0
2022-07-01,2022,7,1453703702150.0,13289861419.0,1466993563569.0,1399789016399.0,7162905868.0,1406951922267.0,2853492718549.0,20452767287.0,2873945485836.0,28534.92718549,28739.45485836,119593637005.0,56767471.0,2438672249.0,129179423282.0,97367657.0,519056194.0
2022-07-04,2022,7,1453703702150.0,13289861419.0,1466993563569.0,1399789016399.0,7162905868.0,1406951922267.0,2853492718549.0,20452767287.0,2873945485836.0,28534.92718549,28739.45485836,119593637005.0,56767471.0,2438672249.0,129179423282.0,97367657.0,519056194.0
2022-07-05,2022,7,1453703702150.0,13289861419.0,1466993563569.0,1399789016399.0,7162905868.0,1406951922267.0,2853492718549.0,20452767287.0,2873945485836.0,28534.92718549,28739.45485836,119593637005.0,56767471.0,2438672249.0,129179423282.0,97367657.0,519056194.0
2022-07-06,2022,7,1453703702150.0,13289861419.0,1466993563569.0,1399789016399.0,7162905868.0,1406951922267.0,2853492718549.0,20452767287.0,2873945485836.0,28534.92718549,28739.45485836,119593637005.0,56767471.0,2438672249.0,129179423282.0,97367657.0,519056194.0
2022-07-07,2022,7,1453703702150.0,13289861419.0,1466993563569.0,1399789016399.0,7162905868.0,1406951922267.0,2853492718549.0,20452767287.0,2873945485836.0,28534.92718549,28739.45485836,119593637005.0,56767471.0,2438672249.0,129179423282.0,97367657.0,519056194.0
2022-07-08,2022,7,1453703702150.0,13289861419.0,1466993563569.0,1399789016399.0,7162905868.0,1406951922267.0,2853492718549.0,20452767287.0,2873945485836.0,28534.92718549,28739.45485836,119593637005.0,56767471.0,2438672249.0,129179423282.0,97367657.0,519056194.0
2022-07-11,2022,7,1453703702150.0,13289861419.0,1466993563569.0,1399789016399.0,7162905868.0,1406951922267.0,2853492718549.0,20452767287.0,2873945485836.0,28534.92718549,28739.45485836,119593637005.0,56767471.0,2438672249.0,129179423282.0,97367657.0,519056194.0
2022-07-12,2022,7,1453703702150.0,13289861419.0,1466993563569.0,1399789016399.0,7162905868.0,1406951922267.0,2853492718549.0,20452767287.0,2873945485836.0,28534.92718549,28739.45485836,119593637005.0,56767471.0,2438672249.0,129179423282.0,97367657.0,519056194.0
2022-07-13,2022,7,1453703702150.0,13289861419.0,1466993563569.0,1399789016399.0,7162905868.0,1406951922267.0,2853492718549.0,20452767287.0,2873945485836.0,28534.92718549,28739.45485836,119593637005.0,56767471.0,2438672249.0,129179423282.0,97367657.0,519056194.0
2022-07-14,2022,7,1453703702150.0,13289861419.0,1466993563569.0,1399789016399.0,7162905868.0,1406951922267.0,2853492718549.0,20452767287.0,2873945485836.0,28534.92718549,28739.45485836,119593637005.0,56767471.0,2438672249.0,129179423282.0,97367657.0,519056194.0
2022-07-15,2022,7,1453703702150.0,13289861419.0,1466993563569.0,1399789016399.0,7162905868.0,1406951922267.0,2853492718549.0,20452767287.0,2873945485836.0,28534.92718549,28739.45485836,119593637005.0,56767471.0,2438672249.0,129179423282.0,97367657.0,519056194.0
2022-07-18,2022,7,1453703702150.0,13289861419.0,1466993563569.0,1399789016399.0,7162905868.0,1406951922267.0,2853492718549.0,20452767287.0,2873945485836.0,28534.92718549,28739.45485836,119593637005.0,56767471.0,2438672249.0,129179423282.0,97367657.0,519056194.0
2022-07-19,2022,7,1453703702150.0,13289861419.0,1466993563569.0,1399789016399.0,7162905868.0,1406951922267.0,2853492718549.0,20452767287.0,2873945485836.0,28534.92718549,28739.45485836,119593637005.0,56767471.0,2438672249.0,129179423282.0,97367657.0,519056194.0
2022-07-20,2022,7,1453703702150.0,13289861419.0,1466993563569.0,1399789016399.0,7162905868.0,1406951922267.0,2853492718549.0,20452767287.0,2873945485836.0,28534.92718549,28739.45485836,119593637005.0,56767471.0,2438672249.0,129179423282.0,97367657.0,519056194.0
2022-07-21,2022,7,1453703702150.0,13289861419.0,1466993563569.0,1399789016399.0,7162905868.0,1406951922267.0,2853492718549.0,20452767287.0,2873945485836.0,28534.92718549,28739.45485836,119593637005.0,56767471.0,2438672249.0,129179423282.0,97367657.0,519056194.0
2022-07-22,2022,7,1453703702150.0,13289861419.0,1466993563569.0,1399789016399.0,7162905868.0,1406951922267.0,2853492718549.0,20452767287.0,2873945485836.0,28534.92718549,28739.45485836,119593637005.0,56767471.0,2438672249.0,129179423282.0,97367657.0,519056194.0
2022-07-25,2022,7,1453703702150.0,13289861419.0,1466993563569.0,1399789016399.0,7162905868.0,1406951922267.0,2853492718549.0,20452767287.0,2873945485836.0,28534.92718549,28739.45485836,119593637005.0,56767471.0,2438672249.0,129179423282.0,97367657.0,519056194.0
2022-07-26,2022,7,1453703702150.0,13289861419.0,1466993563569.0,1399789016399.0,7162905868.0,1406951922267.0,2853492718549.0,20452767287.0,2873945485836.0,28534.92718549,28739.45485836,119593637005.0,56767471.0,2438672249.0,129179423282.0,97367657.0,519056194.0
2022-07-27,2022,7,1453703702150.0,13289861419.0,1466993563569.0,1399789016399.0,7162905868.0,1406951922267.0,2853492718549.0,20452767287.0,2873945485836.0,28534.92718549,28739.45485836,119593637005.0,56767471.0,2438672249.0,129179423282.0,97367657.0,519056194.0
2022-07-28,2022,7,1453703702150.0,13289861419.0,1466993563569.0,1399789016399.0,7162905868.0,1406951922267.0,2853492718549.0,20452767287.0,2873945485836.0,28534.92718549,28739.45485836,119593637005.0,56767471.0,2438672249.0,129179423282.0,97367657.0,519056194.0
2022-07-29,2022,7,1453703702150.0,13289861419.0,1466993563569.0,1399789016399.0,7162905868.0,1406951922267.0,2853492718549.0,20452767287.0,2873945485836.0,28534.92718549,28739.45485836,119593637005.0,56767471.0,2438672249.0,129179423282.0,97367657.0,519056194.0
2022-08-01,2022,8,1453703702150.0,13289861419.0,1466993563569.0,1399789016399.0,7162905868.0,1406951922267.0,2853492718549.0,20452767287.0,2873945485836.0,28534.92718549,28739.45485836,119593637005.0,56767471.0,2438672249.0,129179423282.0,97367657.0,519056194.0
2022-08-02,2022,8,1453703702150.0,13289861419.0,1466993563569.0,1399789016399.0,7162905868.0,1406951922267.0,2853492718549.0,20452767287.0,2873945485836.0,28534.92718549,28739.45485836,119593637005.0,56767471.0,2438672249.0,129179423282.0,97367657.0,519056194.0
2022-08-03,2022,8,1453703702150.0,13289861419.0,1466993563569.0,1399789016399.0,7162905868.0,1406951922267.0,2853492718549.0,20452767287.0,2873945485836.0,28534.92718549,28739.45485836,119593637005.0,56767471.0,2438672249.0,129179423282.0,97367657.0,519056194.0
2022-08-04,2022,8,1453703702150.0,13289861419.0,1466993563569.0,1399789016399.0,7162905868.0,1406951922267.0,2853492718549.0,20452767287.0,2873945485836.0,28534.92718549,28739.45485836,119593637005.0,56767471.0,2438672249.0,129179423282.0,97367657.0,519056194.0
2022-08-05,2022,8,1453703702150.0,13289861419.0,1466993563569.0,1399789016399.0,7162905868.0,1406951922267.0,2853492718549.0,20452767287.0,2873945485836.0,28534.92718549,28739.45485836,119593637005.0,56767471.0,2438672249.0,129179423282.0,97367657.0,519056194.0
2022-08-08,2022,8,1453703702150.0,13289861419.0,1466993563569.0,1399789016399.0,7162905868.0,1406951922267.0,2853492718549.0,20452767287.0,2873945485836.0,28534.92718549,28739.45485836,119593637005.0,56767471.0,2438672249.0,129179423282.0,97367657.0,519056194.0
2022-08-09,2022,8,1453703702150.0,13289861419.0,1466993563569.0,1399789016399.0,7162905868.0,1406951922267.0,2853492718549.0,20452767287.0,2873945485836.0,28534.92718549,28739.45485836,119593637005.0,56767471.0,2438672249.0,129179423282.0,97367657.0,519056194.0
2022-08-10,2022,8,1453703702150.0,13289861419.0,1466993563569.0,1399789016399.0,7162905868.0,1406951922267.0,2853492718549.0,20452767287.0,2873945485836.0,28534.92718549,28739.45485836,119593637005.0,56767471.0,2438672249.0,129179423282.0,97367657.0,519056194.0
2022-08-11,2022,8,1453703702150.0,13289861419.0,1466993563569.0,1399789016399.0,7162905868.0,1406951922267.0,2853492718549.0,20452767287.0,2873945485836.0,28534.92718549,28739.45485836,119593637005.0,56767471.0,2438672249.0,129179423282.0,97367657.0,519056194.0
2022-08-12,2022,8,1453703702150.0,13289861419.0,1466993563569.0,1399789016399.0,7162905868.0,1406951922267.0,2853492718549.0,20452767287.0,2873945485836.0,28534.92718549,28739.45485836,119593637005.0,56767471.0,2438672249.0,129179423282.0,97367657.0,519056194.0
2022-08-15,2022,8,1453703702150.0,13289861419.0,1466993563569.0,1399789016399.0,7162905868.0,1406951922267.0,2853492718549.0,20452767287.0,2873945485836.0,28534.92718549,28739.45485836,119593637005.0,56767471.0,2438672249.0,129179423282.0,97367657.0,519056194.0
2022-08-16,2022,8,1453703702150.0,13289861419.0,1466993563569.0,1399789016399.0,7162905868.0,1406951922267.0,2853492718549.0,20452767287.0,2873945485836.0,28534.92718549,28739.45485836,119593637005.0,56767471.0,2438672249.0,129179423282.0,97367657.0,519056194.0
2022-08-17,2022,8,1453703702150.0,13289861419.0,1466993563569.0,1399789016399.0,7162905868.0,1406951922267.0,2853492718549.0,20452767287.0,2873945485836.0,28534.92718549,28739.45485836,119593637005.0,56767471.0,2438672249.0,129179423282.0,97367657.0,519056194.0
2022-08-18,2022,8,1453703702150.0,13289861419.0,1466993563569.0,1399789016399.0,7162905868.0,1406951922267.0,2853492718549.0,20452767287.0,2873945485836.0,28534.92718549,28739.45485836,119593637005.0,56767471.0,2438672249.0,129179423282.0,97367657.0,519056194.0
2022-08-19,2022,8,1453703702150.0,13289861419.0,1466993563569.0,1399789016399.0,7162905868.0,1406951922267.0,2853492718549.0,20452767287.0,2873945485836.0,28534.92718549,28739.45485836,119593637005.0,56767471.0,2438672249.0,129179423282.0,97367657.0,519056194.0
2022-08-22,2022,8,1453703702150.0,13289861419.0,1466993563569.0,1399789016399.0,7162905868.0,1406951922267.0,2853492718549.0,20452767287.0,2873945485836.0,28534.92718549,28739.45485836,119593637005.0,56767471.0,2438672249.0,129179423282.0,97367657.0,519056194.0
2022-08-23,2022,8,1453703702150.0,13289861419.0,1466993563569.0,1399789016399.0,7162905868.0,1406951922267.0,2853492718549.0,20452767287.0,2873945485836.0,28534.92718549,28739.45485836,119593637005.0,56767471.0,2438672249.0,129179423282.0,97367657.0,519056194.0
2022-08-24,2022,8,1453703702150.0,13289861419.0,1466993563569.0,1399789016399.0,7162905868.0,1406951922267.0,2853492718549.0,20452767287.0,2873945485836.0,28534.92718549,28739.45485836,119593637005.0,56767471.0,2438672249.0,129179423282.0,97367657.0,519056194.0
2022-08-25,2022,8,1453703702150.0,13289861419.0,1466993563569.0,1399789016399.0,7162905868.0,1406951922267.0,2853492718549.0,20452767287.0,2873945485836.0,28534.92718549,28739.45485836,119593637005.0,56767471.0,2438672249.0,129179423282.0,97367657.0,519056194.0
2022-08-26,2022,8,1453703702150.0,13289861419.0,1466993563569.0,1399789016399.0,7162905868.0,1406951922267.0,2853492718549.0,20452767287.0,2873945485836.0,28534.92718549,28739.45485836,119593637005.0,56767471.0,2438672249.0,129179423282.0,97367657.0,519056194.0
2022-08-29,2022,8,1453703702150.0,13289861419.0,1466993563569.0,1399789016399.0,7162905868.0,1406951922267.0,2853492718549.0,20452767287.0,2873945485836.0,28534.92718549,28739.45485836,119593637005.0,56767471.0,2438672249.0,129179423282.0,97367657.0,519056194.0
2022-08-30,2022,8,1453703702150.0,13289861419.0,1466993563569.0,1399789016399.0,7162905868.0,1406951922267.0,2853492718549.0,20452767287.0,2873945485836.0,28534.92718549,28739.45485836,119593637005.0,56767471.0,2438672249.0,129179423282.0,97367657.0,519056194.0
2022-08-31,2022,8,1453703702150.0,13289861419.0,1466993563569.0,1399789016399.0,7162905868.0,1406951922267.0,2853492718549.0,20452767287.0,2873945485836.0,28534.92718549,28739.45485836,119593637005.0,56767471.0,2438672249.0,129179423282.0,97367657.0,519056194.0
2022-09-01,2022,9,1453703702150.0,13289861419.0,1466993563569.0,1399789016399.0,7162905868.0,1406951922267.0,2853492718549.0,20452767287.0,2873945485836.0,28534.92718549,28739.45485836,119593637005.0,56767471.0,2438672249.0,129179423282.0,97367657.0,519056194.0
2022-09-02,2022,9,1453703702150.0,13289861419.0,1466993563569.0,1399789016399.0,7162905868.0,1406951922267.0,2853492718549.0,20452767287.0,2873945485836.0,28534.92718549,28739.45485836,119593637005.0,56767471.0,2438672249.0,129179423282.0,97367657.0,519056194.0
2022-09-05,2022,9,1453703702150.0,13289861419.0,1466993563569.0,1399789016399.0,7162905868.0,1406951922267.0,2853492718549.0,20452767287.0,2873945485836.0,28534.92718549,28739.45485836,119593637005.0,56767471.0,2438672249.0,129179423282.0,97367657.0,519056194.0
2022-09-06,2022,9,1453703702150.0,13289861419.0,1466993563569.0,1399789016399.0,7162905868.0,1406951922267.0,2853492718549.0,20452767287.0,2873945485836.0,28534.92718549,28739.45485836,119593637005.0,56767471.0,2438672249.0,129179423282.0,97367657.0,519056194.0
2022-09-07,2022,9,1453703702150.0,13289861419.0,1466993563569.0,1399789016399.0,7162905868.0,1406951922267.0,2853492718549.0,20452767287.0,2873945485836.0,28534.92718549,28739.45485836,119593637005.0,56767471.0,2438672249.0,129179423282.0,97367657.0,519056194.0
2022-09-08,2022,9,1453703702150.0,13289861419.0,1466993563569.0,1399789016399.0,7162905868.0,1406951922267.0,2853492718549.0,20452767287.0,2873945485836.0,28534.92718549,28739.45485836,119593637005.0,56767471.0,2438672249.0,129179423282.0,97367657.0,519056194.0
2022-09-09,2022,9,1453703702150.0,13289861419.0,1466993563569.0,1399789016399.0,7162905868.0,1406951922267.0,2853492718549.0,20452767287.0,2873945485836.0,28534.92718549,28739.45485836,119593637005.0,56767471.0,2438672249.0,129179423282.0,97367657.0,519056194.0
2022-09-13,2022,9,1453703702150.0,13289861419.0,1466993563569.0,1399789016399.0,7162905868.0,1406951922267.0,2853492718549.0,20452767287.0,2873945485836.0,28534.92718549,28739.45485836,119593637005.0,56767471.0,2438672249.0,129179423282.0,97367657.0,519056194.0
2022-09-14,2022,9,1453703702150.0,13289861419.0,1466993563569.0,1399789016399.0,7162905868.0,1406951922267.0,2853492718549.0,20452767287.0,2873945485836.0,28534.92718549,28739.45485836,119593637005.0,56767471.0,2438672249.0,129179423282.0,97367657.0,519056194.0
2022-09-15,2022,9,1453703702150.0,13289861419.0,1466993563569.0,1399789016399.0,7162905868.0,1406951922267.0,2853492718549.0,20452767287.0,2873945485836.0,28534.92718549,28739.45485836,119593637005.0,56767471.0,2438672249.0,129179423282.0,97367657.0,519056194.0
2022-09-16,2022,9,1453703702150.0,13289861419.0,1466993563569.0,1399789016399.0,7162905868.0,1406951922267.0,2853492718549.0,20452767287.0,2873945485836.0,28534.92718549,28739.45485836,119593637005.0,56767471.0,2438672249.0,129179423282.0,97367657.0,519056194.0
2022-09-19,2022,9,1453703702150.0,13289861419.0,1466993563569.0,1399789016399.0,7162905868.0,1406951922267.0,2853492718549.0,20452767287.0,2873945485836.0,28534.92718549,28739.45485836,119593637005.0,56767471.0,2438672249.0,129179423282.0,97367657.0,519056194.0
2022-09-20,2022,9,1453703702150.0,13289861419.0,1466993563569.0,1399789016399.0,7162905868.0,1406951922267.0,2853492718549.0,20452767287.0,2873945485836.0,28534.92718549,28739.45485836,119593637005.0,56767471.0,2438672249.0,129179423282.0,97367657.0,519056194.0
2022-09-21,2022,9,1453703702150.0,13289861419.0,1466993563569.0,1399789016399.0,7162905868.0,1406951922267.0,2853492718549.0,20452767287.0,2873945485836.0,28534.92718549,28739.45485836,119593637005.0,56767471.0,2438672249.0,129179423282.0,97367657.0,519056194.0
2022-09-22,2022,9,1453703702150.0,13289861419.0,1466993563569.0,1399789016399.0,7162905868.0,1406951922267.0,2853492718549.0,20452767287.0,2873945485836.0,28534.92718549,28739.45485836,119593637005.0,56767471.0,2438672249.0,129179423282.0,97367657.0,519056194.0
2022-09-23,2022,9,1453703702150.0,13289861419.0,1466993563569.0,1399789016399.0,7162905868.0,1406951922267.0,2853492718549.0,20452767287.0,2873945485836.0,28534.92718549,28739.45485836,119593637005.0,56767471.0,2438672249.0,129179423282.0,97367657.0,519056194.0
2022-09-26,2022,9,1453703702150.0,13289861419.0,1466993563569.0,1399789016399.0,7162905868.0,1406951922267.0,2853492718549.0,20452767287.0,2873945485836.0,28534.92718549,28739.45485836,119593637005.0,56767471.0,2438672249.0,129179423282.0,97367657.0,519056194.0
2022-09-27,2022,9,1453703702150.0,13289861419.0,1466993563569.0,1399789016399.0,7162905868.0,1406951922267.0,2853492718549.0,20452767287.0,2873945485836.0,28534.92718549,28739.45485836,119593637005.0,56767471.0,2438672249.0,129179423282.0,97367657.0,519056194.0
2022-09-28,2022,9,1453703702150.0,13289861419.0,1466993563569.0,1399789016399.0,7162905868.0,1406951922267.0,2853492718549.0,20452767287.0,2873945485836.0,28534.92718549,28739.45485836,119593637005.0,56767471.0,2438672249.0,129179423282.0,97367657.0,519056194.0
2022-09-29,2022,9,1453703702150.0,13289861419.0,1466993563569.0,1399789016399.0,7162905868.0,1406951922267.0,2853492718549.0,20452767287.0,2873945485836.0,28534.92718549,28739.45485836,119593637005.0,56767471.0,2438672249.0,129179423282.0,97367657.0,519056194.0
2022-09-30,2022,9,1453703702150.0,13289861419.0,1466993563569.0,1399789016399.0,7162905868.0,1406951922267.0,2853492718549.0,20452767287.0,2873945485836.0,28534.92718549,28739.45485836,119593637005.0,56767471.0,2438672249.0,129179423282.0,97367657.0,519056194.0
2022-10-10,2022,10,1453703702150.0,13289861419.0,1466993563569.0,1399789016399.0,7162905868.0,1406951922267.0,2853492718549.0,20452767287.0,2873945485836.0,28534.92718549,28739.45485836,119593637005.0,56767471.0,2438672249.0,129179423282.0,97367657.0,519056194.0
2022-10-11,2022,10,1453703702150.0,13289861419.0,1466993563569.0,1399789016399.0,7162905868.0,1406951922267.0,2853492718549.0,20452767287.0,2873945485836.0,28534.92718549,28739.45485836,119593637005.0,56767471.0,2438672249.0,129179423282.0,97367657.0,519056194.0
2022-10-12,2022,10,1453703702150.0,13289861419.0,1466993563569.0,1399789016399.0,7162905868.0,1406951922267.0,2853492718549.0,20452767287.0,2873945485836.0,28534.92718549,28739.45485836,119593637005.0,56767471.0,2438672249.0,129179423282.0,97367657.0,519056194.0
2022-10-13,2022,10,1453703702150.0,13289861419.0,1466993563569.0,1399789016399.0,7162905868.0,1406951922267.0,2853492718549.0,20452767287.0,2873945485836.0,28534.92718549,28739.45485836,119593637005.0,56767471.0,2438672249.0,129179423282.0,97367657.0,519056194.0
2022-10-14,2022,10,1453703702150.0,13289861419.0,1466993563569.0,1399789016399.0,7162905868.0,1406951922267.0,2853492718549.0,20452767287.0,2873945485836.0,28534.92718549,28739.45485836,119593637005.0,56767471.0,2438672249.0,129179423282.0,97367657.0,519056194.0
2022-10-17,2022,10,1453703702150.0,13289861419.0,1466993563569.0,1399789016399.0,7162905868.0,1406951922267.0,2853492718549.0,20452767287.0,2873945485836.0,28534.92718549,28739.45485836,119593637005.0,56767471.0,2438672249.0,129179423282.0,97367657.0,519056194.0
2022-10-18,2022,10,1453703702150.0,13289861419.0,1466993563569.0,1399789016399.0,7162905868.0,1406951922267.0,2853492718549.0,20452767287.0,2873945485836.0,28534.92718549,28739.45485836,119593637005.0,56767471.0,2438672249.0,129179423282.0,97367657.0,519056194.0
2022-10-19,2022,10,1453703702150.0,13289861419.0,1466993563569.0,1399789016399.0,7162905868.0,1406951922267.0,2853492718549.0,20452767287.0,2873945485836.0,28534.92718549,28739.45485836,119593637005.0,56767471.0,2438672249.0,129179423282.0,97367657.0,519056194.0
2022-10-20,2022,10,1453703702150.0,13289861419.0,1466993563569.0,1399789016399.0,7162905868.0,1406951922267.0,2853492718549.0,20452767287.0,2873945485836.0,28534.92718549,28739.45485836,119593637005.0,56767471.0,2438672249.0,129179423282.0,97367657.0,519056194.0
2022-10-21,2022,10,1453703702150.0,13289861419.0,1466993563569.0,1399789016399.0,7162905868.0,1406951922267.0,2853492718549.0,20452767287.0,2873945485836.0,28534.92718549,28739.45485836,119593637005.0,56767471.0,2438672249.0,129179423282.0,97367657.0,519056194.0
2022-10-24,2022,10,1453703702150.0,13289861419.0,1466993563569.0,1399789016399.0,7162905868.0,1406951922267.0,2853492718549.0,20452767287.0,2873945485836.0,28534.92718549,28739.45485836,119593637005.0,56767471.0,2438672249.0,129179423282.0,97367657.0,519056194.0
2022-10-25,2022,10,1453703702150.0,13289861419.0,1466993563569.0,1399789016399.0,7162905868.0,1406951922267.0,2853492718549.0,20452767287.0,2873945485836.0,28534.92718549,28739.45485836,119593637005.0,56767471.0,2438672249.0,129179423282.0,97367657.0,519056194.0
2022-10-26,2022,10,1453703702150.0,13289861419.0,1466993563569.0,1399789016399.0,7162905868.0,1406951922267.0,2853492718549.0,20452767287.0,2873945485836.0,28534.92718549,28739.45485836,119593637005.0,56767471.0,2438672249.0,129179423282.0,97367657.0,519056194.0
2022-10-27,2022,10,1453703702150.0,13289861419.0,1466993563569.0,1399789016399.0,7162905868.0,1406951922267.0,2853492718549.0,20452767287.0,2873945485836.0,28534.92718549,28739.45485836,119593637005.0,56767471.0,2438672249.0,129179423282.0,97367657.0,519056194.0
2022-10-28,2022,10,1453703702150.0,13289861419.0,1466993563569.0,1399789016399.0,7162905868.0,1406951922267.0,2853492718549.0,20452767287.0,2873945485836.0,28534.92718549,28739.45485836,119593637005.0,56767471.0,2438672249.0,129179423282.0,97367657.0,519056194.0
2022-10-31,2022,10,1453703702150.0,13289861419.0,1466993563569.0,1399789016399.0,7162905868.0,1406951922267.0,2853492718549.0,20452767287.0,2873945485836.0,28534.92718549,28739.45485836,119593637005.0,56767471.0,2438672249.0,129179423282.0,97367657.0,519056194.0
2022-11-01,2022,11,1453703702150.0,13289861419.0,1466993563569.0,1399789016399.0,7162905868.0,1406951922267.0,2853492718549.0,20452767287.0,2873945485836.0,28534.92718549,28739.45485836,119593637005.0,56767471.0,2438672249.0,129179423282.0,97367657.0,519056194.0
2022-11-02,2022,11,1453703702150.0,13289861419.0,1466993563569.0,1399789016399.0,7162905868.0,1406951922267.0,2853492718549.0,20452767287.0,2873945485836.0,28534.92718549,28739.45485836,119593637005.0,56767471.0,2438672249.0,129179423282.0,97367657.0,519056194.0
2022-11-03,2022,11,1453703702150.0,13289861419.0,1466993563569.0,1399789016399.0,7162905868.0,1406951922267.0,2853492718549.0,20452767287.0,2873945485836.0,28534.92718549,28739.45485836,119593637005.0,56767471.0,2438672249.0,129179423282.0,97367657.0,519056194.0
2022-11-04,2022,11,1453703702150.0,13289861419.0,1466993563569.0,1399789016399.0,7162905868.0,1406951922267.0,2853492718549.0,20452767287.0,2873945485836.0,28534.92718549,28739.45485836,119593637005.0,56767471.0,2438672249.0,129179423282.0,97367657.0,519056194.0
2022-11-07,2022,11,1453703702150.0,13289861419.0,1466993563569.0,1399789016399.0,7162905868.0,1406951922267.0,2853492718549.0,20452767287.0,2873945485836.0,28534.92718549,28739.45485836,119593637005.0,56767471.0,2438672249.0,129179423282.0,97367657.0,519056194.0
2022-11-08,2022,11,1453703702150.0,13289861419.0,1466993563569.0,1399789016399.0,7162905868.0,1406951922267.0,2853492718549.0,20452767287.0,2873945485836.0,28534.92718549,28739.45485836,119593637005.0,56767471.0,2438672249.0,129179423282.0,97367657.0,519056194.0
2022-11-09,2022,11,1453703702150.0,13289861419.0,1466993563569.0,1399789016399.0,7162905868.0,1406951922267.0,2853492718549.0,20452767287.0,2873945485836.0,28534.92718549,28739.45485836,119593637005.0,56767471.0,2438672249.0,129179423282.0,97367657.0,519056194.0
2022-11-10,2022,11,1453703702150.0,13289861419.0,1466993563569.0,1399789016399.0,7162905868.0,1406951922267.0,2853492718549.0,20452767287.0,2873945485836.0,28534.92718549,28739.45485836,119593637005.0,56767471.0,2438672249.0,129179423282.0,97367657.0,519056194.0
2022-11-11,2022,11,1453703702150.0,13289861419.0,1466993563569.0,1399789016399.0,7162905868.0,1406951922267.0,2853492718549.0,20452767287.0,2873945485836.0,28534.92718549,28739.45485836,119593637005.0,56767471.0,2438672249.0,129179423282.0,97367657.0,519056194.0
2022-11-14,2022,11,1453703702150.0,13289861419.0,1466993563569.0,1399789016399.0,7162905868.0,1406951922267.0,2853492718549.0,20452767287.0,2873945485836.0,28534.92718549,28739.45485836,119593637005.0,56767471.0,2438672249.0,129179423282.0,97367657.0,519056194.0
2022-11-15,2022,11,1453703702150.0,13289861419.0,1466993563569.0,1399789016399.0,7162905868.0,1406951922267.0,2853492718549.0,20452767287.0,2873945485836.0,28534.92718549,28739.45485836,119593637005.0,56767471.0,2438672249.0,129179423282.0,97367657.0,519056194.0
2022-11-16,2022,11,1453703702150.0,13289861419.0,1466993563569.0,1399789016399.0,7162905868.0,1406951922267.0,2853492718549.0,20452767287.0,2873945485836.0,28534.92718549,28739.45485836,119593637005.0,56767471.0,2438672249.0,129179423282.0,97367657.0,519056194.0
2022-11-17,2022,11,1453703702150.0,13289861419.0,1466993563569.0,1399789016399.0,7162905868.0,1406951922267.0,2853492718549.0,20452767287.0,2873945485836.0,28534.92718549,28739.45485836,119593637005.0,56767471.0,2438672249.0,129179423282.0,97367657.0,519056194.0
2022-11-18,2022,11,1453703702150.0,13289861419.0,1466993563569.0,1399789016399.0,7162905868.0,1406951922267.0,2853492718549.0,20452767287.0,2873945485836.0,28534.92718549,28739.45485836,119593637005.0,56767471.0,2438672249.0,129179423282.0,97367657.0,519056194.0
2022-11-21,2022,11,1453703702150.0,13289861419.0,1466993563569.0,1399789016399.0,7162905868.0,1406951922267.0,2853492718549.0,20452767287.0,2873945485836.0,28534.92718549,28739.45485836,119593637005.0,56767471.0,2438672249.0,129179423282.0,97367657.0,519056194.0
2022-11-22,2022,11,1453703702150.0,13289861419.0,1466993563569.0,1399789016399.0,7162905868.0,1406951922267.0,2853492718549.0,20452767287.0,2873945485836.0,28534.92718549,28739.45485836,119593637005.0,56767471.0,2438672249.0,129179423282.0,97367657.0,519056194.0
2022-11-23,2022,11,1453703702150.0,13289861419.0,1466993563569.0,1399789016399.0,7162905868.0,1406951922267.0,2853492718549.0,20452767287.0,2873945485836.0,28534.92718549,28739.45485836,119593637005.0,56767471.0,2438672249.0,129179423282.0,97367657.0,519056194.0
2022-11-24,2022,11,1453703702150.0,13289861419.0,1466993563569.0,1399789016399.0,7162905868.0,1406951922267.0,2853492718549.0,20452767287.0,2873945485836.0,28534.92718549,28739.45485836,119593637005.0,56767471.0,2438672249.0,129179423282.0,97367657.0,519056194.0
2022-11-25,2022,11,1453703702150.0,13289861419.0,1466993563569.0,1399789016399.0,7162905868.0,1406951922267.0,2853492718549.0,20452767287.0,2873945485836.0,28534.92718549,28739.45485836,119593637005.0,56767471.0,2438672249.0,129179423282.0,97367657.0,519056194.0
2022-11-28,2022,11,1453703702150.0,13289861419.0,1466993563569.0,1399789016399.0,7162905868.0,1406951922267.0,2853492718549.0,20452767287.0,2873945485836.0,28534.92718549,28739.45485836,119593637005.0,56767471.0,2438672249.0,129179423282.0,97367657.0,519056194.0
2022-11-29,2022,11,1453703702150.0,13289861419.0,1466993563569.0,1399789016399.0,7162905868.0,1406951922267.0,2853492718549.0,20452767287.0,2873945485836.0,28534.92718549,28739.45485836,119593637005.0,56767471.0,2438672249.0,129179423282.0,97367657.0,519056194.0
2022-11-30,2022,11,1453703702150.0,13289861419.0,1466993563569.0,1399789016399.0,7162905868.0,1406951922267.0,2853492718549.0,20452767287.0,2873945485836.0,28534.92718549,28739.45485836,119593637005.0,56767471.0,2438672249.0,129179423282.0,97367657.0,519056194.0
2022-12-01,2022,12,1453703702150.0,13289861419.0,1466993563569.0,1399789016399.0,7162905868.0,1406951922267.0,2853492718549.0,20452767287.0,2873945485836.0,28534.92718549,28739.45485836,119593637005.0,56767471.0,2438672249.0,129179423282.0,97367657.0,519056194.0
2022-12-02,2022,12,1453703702150.0,13289861419.0,1466993563569.0,1399789016399.0,7162905868.0,1406951922267.0,2853492718549.0,20452767287.0,2873945485836.0,28534.92718549,28739.45485836,119593637005.0,56767471.0,2438672249.0,129179423282.0,97367657.0,519056194.0
2022-12-05,2022,12,1453703702150.0,13289861419.0,1466993563569.0,1399789016399.0,7162905868.0,1406951922267.0,2853492718549.0,20452767287.0,2873945485836.0,28534.92718549,28739.45485836,119593637005.0,56767471.0,2438672249.0,129179423282.0,97367657.0,519056194.0
2022-12-06,2022,12,1453703702150.0,13289861419.0,1466993563569.0,1399789016399.0,7162905868.0,1406951922267.0,2853492718549.0,20452767287.0,2873945485836.0,28534.92718549,28739.45485836,119593637005.0,56767471.0,2438672249.0,129179423282.0,97367657.0,519056194.0
2022-12-07,2022,12,1453703702150.0,13289861419.0,1466993563569.0,1399789016399.0,7162905868.0,1406951922267.0,2853492718549.0,20452767287.0,2873945485836.0,28534.92718549,28739.45485836,119593637005.0,56767471.0,2438672249.0,129179423282.0,97367657.0,519056194.0
2022-12-08,2022,12,1453703702150.0,13289861419.0,1466993563569.0,1399789016399.0,7162905868.0,1406951922267.0,2853492718549.0,20452767287.0,2873945485836.0,28534.92718549,28739.45485836,119593637005.0,56767471.0,2438672249.0,129179423282.0,97367657.0,519056194.0
2022-12-09,2022,12,1453703702150.0,13289861419.0,1466993563569.0,1399789016399.0,7162905868.0,1406951922267.0,2853492718549.0,20452767287.0,2873945485836.0,28534.92718549,28739.45485836,119593637005.0,56767471.0,2438672249.0,129179423282.0,97367657.0,519056194.0
2022-12-12,2022,12,1453703702150.0,13289861419.0,1466993563569.0,1399789016399.0,7162905868.0,1406951922267.0,2853492718549.0,20452767287.0,2873945485836.0,28534.92718549,28739.45485836,119593637005.0,56767471.0,2438672249.0,129179423282.0,97367657.0,519056194.0
2022-12-13,2022,12,1453703702150.0,13289861419.0,1466993563569.0,1399789016399.0,7162905868.0,1406951922267.0,2853492718549.0,20452767287.0,2873945485836.0,28534.92718549,28739.45485836,119593637005.0,56767471.0,2438672249.0,129179423282.0,97367657.0,519056194.0
2022-12-14,2022,12,1453703702150.0,13289861419.0,1466993563569.0,1399789016399.0,7162905868.0,1406951922267.0,2853492718549.0,20452767287.0,2873945485836.0,28534.92718549,28739.45485836,119593637005.0,56767471.0,2438672249.0,129179423282.0,97367657.0,519056194.0
2022-12-15,2022,12,1453703702150.0,13289861419.0,1466993563569.0,1399789016399.0,7162905868.0,1406951922267.0,2853492718549.0,20452767287.0,2873945485836.0,28534.92718549,28739.45485836,119593637005.0,56767471.0,2438672249.0,129179423282.0,97367657.0,519056194.0
2022-12-16,2022,12,1453703702150.0,13289861419.0,1466993563569.0,1399789016399.0,7162905868.0,1406951922267.0,2853492718549.0,20452767287.0,2873945485836.0,28534.92718549,28739.45485836,119593637005.0,56767471.0,2438672249.0,129179423282.0,97367657.0,519056194.0
2022-12-19,2022,12,1453703702150.0,13289861419.0,1466993563569.0,1399789016399.0,7162905868.0,1406951922267.0,2853492718549.0,20452767287.0,2873945485836.0,28534.92718549,28739.45485836,119593637005.0,56767471.0,2438672249.0,129179423282.0,97367657.0,519056194.0
2022-12-20,2022,12,1453703702150.0,13289861419.0,1466993563569.0,1399789016399.0,7162905868.0,1406951922267.0,2853492718549.0,20452767287.0,2873945485836.0,28534.92718549,28739.45485836,119593637005.0,56767471.0,2438672249.0,129179423282.0,97367657.0,519056194.0
2022-12-21,2022,12,1453703702150.0,13289861419.0,1466993563569.0,1399789016399.0,7162905868.0,1406951922267.0,2853492718549.0,20452767287.0,2873945485836.0,28534.92718549,28739.45485836,119593637005.0,56767471.0,2438672249.0,129179423282.0,97367657.0,519056194.0
2022-12-22,2022,12,1453703702150.0,13289861419.0,1466993563569.0,1399789016399.0,7162905868.0,1406951922267.0,2853492718549.0,20452767287.0,2873945485836.0,28534.92718549,28739.45485836,119593637005.0,56767471.0,2438672249.0,129179423282.0,97367657.0,519056194.0
2022-12-23,2022,12,1453703702150.0,13289861419.0,1466993563569.0,1399789016399.0,7162905868.0,1406951922267.0,2853492718549.0,20452767287.0,2873945485836.0,28534.92718549,28739.45485836,119593637005.0,56767471.0,2438672249.0,129179423282.0,97367657.0,519056194.0
2022-12-26,2022,12,1453703702150.0,13289861419.0,1466993563569.0,1399789016399.0,7162905868.0,1406951922267.0,2853492718549.0,20452767287.0,2873945485836.0,28534.92718549,28739.45485836,119593637005.0,56767471.0,2438672249.0,129179423282.0,97367657.0,519056194.0
2022-12-27,2022,12,1453703702150.0,13289861419.0,1466993563569.0,1399789016399.0,7162905868.0,1406951922267.0,2853492718549.0,20452767287.0,2873945485836.0,28534.92718549,28739.45485836,119593637005.0,56767471.0,2438672249.0,129179423282.0,97367657.0,519056194.0
2022-12-28,2022,12,1453703702150.0,13289861419.0,1466993563569.0,1399789016399.0,7162905868.0,1406951922267.0,2853492718549.0,20452767287.0,2873945485836.0,28534.92718549,28739.45485836,119593637005.0,56767471.0,2438672249.0,129179423282.0,97367657.0,519056194.0
2022-12-29,2022,12,1453703702150.0,13289861419.0,1466993563569.0,1399789016399.0,7162905868.0,1406951922267.0,2853492718549.0,20452767287.0,2873945485836.0,28534.92718549,28739.45485836,119593637005.0,56767471.0,2438672249.0,129179423282.0,97367657.0,519056194.0
2022-12-30,2022,12,1453703702150.0,13289861419.0,1466993563569.0,1399789016399.0,7162905868.0,1406951922267.0,2853492718549.0,20452767287.0,2873945485836.0,28534.92718549,28739.45485836,119593637005.0,56767471.0,2438672249.0,129179423282.0,97367657.0,519056194.0
2023-01-03,2023,1,1453703702150.0,13289861419.0,1466993563569.0,1399789016399.0,7162905868.0,1406951922267.0,2853492718549.0,20452767287.0,2873945485836.0,28534.92718549,28739.45485836,119593637005.0,56767471.0,2438672249.0,129179423282.0,97367657.0,519056194.0
2023-01-04,2023,1,1453703702150.0,13289861419.0,1466993563569.0,1399789016399.0,7162905868.0,1406951922267.0,2853492718549.0,20452767287.0,2873945485836.0,28534.92718549,28739.45485836,119593637005.0,56767471.0,2438672249.0,129179423282.0,97367657.0,519056194.0
2023-01-05,2023,1,1453703702150.0,13289861419.0,1466993563569.0,1399789016399.0,7162905868.0,1406951922267.0,2853492718549.0,20452767287.0,2873945485836.0,28534.92718549,28739.45485836,119593637005.0,56767471.0,2438672249.0,129179423282.0,97367657.0,519056194.0
2023-01-06,2023,1,1453703702150.0,13289861419.0,1466993563569.0,1399789016399.0,7162905868.0,1406951922267.0,2853492718549.0,20452767287.0,2873945485836.0,28534.92718549,28739.45485836,119593637005.0,56767471.0,2438672249.0,129179423282.0,97367657.0,519056194.0
2023-01-09,2023,1,1453703702150.0,13289861419.0,1466993563569.0,1399789016399.0,7162905868.0,1406951922267.0,2853492718549.0,20452767287.0,2873945485836.0,28534.92718549,28739.45485836,119593637005.0,56767471.0,2438672249.0,129179423282.0,97367657.0,519056194.0
2023-01-10,2023,1,1453703702150.0,13289861419.0,1466993563569.0,1399789016399.0,7162905868.0,1406951922267.0,2853492718549.0,20452767287.0,2873945485836.0,28534.92718549,28739.45485836,119593637005.0,56767471.0,2438672249.0,129179423282.0,97367657.0,519056194.0
2023-01-11,2023,1,1453703702150.0,13289861419.0,1466993563569.0,1399789016399.0,7162905868.0,1406951922267.0,2853492718549.0,20452767287.0,2873945485836.0,28534.92718549,28739.45485836,119593637005.0,56767471.0,2438672249.0,129179423282.0,97367657.0,519056194.0
2023-01-12,2023,1,1453703702150.0,13289861419.0,1466993563569.0,1399789016399.0,7162905868.0,1406951922267.0,2853492718549.0,20452767287.0,2873945485836.0,28534.92718549,28739.45485836,119593637005.0,56767471.0,2438672249.0,129179423282.0,97367657.0,519056194.0
2023-01-13,2023,1,1453703702150.0,13289861419.0,1466993563569.0,1399789016399.0,7162905868.0,1406951922267.0,2853492718549.0,20452767287.0,2873945485836.0,28534.92718549,28739.45485836,119593637005.0,56767471.0,2438672249.0,129179423282.0,97367657.0,519056194.0
2023-01-16,2023,1,1453703702150.0,13289861419.0,1466993563569.0,1399789016399.0,7162905868.0,1406951922267.0,2853492718549.0,20452767287.0,2873945485836.0,28534.92718549,28739.45485836,119593637005.0,56767471.0,2438672249.0,129179423282.0,97367657.0,519056194.0
2023-01-17,2023,1,1453703702150.0,13289861419.0,1466993563569.0,1399789016399.0,7162905868.0,1406951922267.0,2853492718549.0,20452767287.0,2873945485836.0,28534.92718549,28739.45485836,119593637005.0,56767471.0,2438672249.0,129179423282.0,97367657.0,519056194.0
2023-01-18,2023,1,1453703702150.0,13289861419.0,1466993563569.0,1399789016399.0,7162905868.0,1406951922267.0,2853492718549.0,20452767287.0,2873945485836.0,28534.92718549,28739.45485836,119593637005.0,56767471.0,2438672249.0,129179423282.0,97367657.0,519056194.0
2023-01-19,2023,1,1453703702150.0,13289861419.0,1466993563569.0,1399789016399.0,7162905868.0,1406951922267.0,2853492718549.0,20452767287.0,2873945485836.0,28534.92718549,28739.45485836,119593637005.0,56767471.0,2438672249.0,129179423282.0,97367657.0,519056194.0
2023-01-20,2023,1,1453703702150.0,13289861419.0,1466993563569.0,1399789016399.0,7162905868.0,1406951922267.0,2853492718549.0,20452767287.0,2873945485836.0,28534.92718549,28739.45485836,119593637005.0,56767471.0,2438672249.0,129179423282.0,97367657.0,519056194.0
2023-01-30,2023,1,1453703702150.0,13289861419.0,1466993563569.0,1399789016399.0,7162905868.0,1406951922267.0,2853492718549.0,20452767287.0,2873945485836.0,28534.92718549,28739.45485836,119593637005.0,56767471.0,2438672249.0,129179423282.0,97367657.0,519056194.0
2023-01-31,2023,1,1453703702150.0,13289861419.0,1466993563569.0,1399789016399.0,7162905868.0,1406951922267.0,2853492718549.0,20452767287.0,2873945485836.0,28534.92718549,28739.45485836,119593637005.0,56767471.0,2438672249.0,129179423282.0,97367657.0,519056194.0
2023-02-01,2023,2,1453703702150.0,13289861419.0,1466993563569.0,1399789016399.0,7162905868.0,1406951922267.0,2853492718549.0,20452767287.0,2873945485836.0,28534.92718549,28739.45485836,119593637005.0,56767471.0,2438672249.0,129179423282.0,97367657.0,519056194.0
2023-02-02,2023,2,1453703702150.0,13289861419.0,1466993563569.0,1399789016399.0,7162905868.0,1406951922267.0,2853492718549.0,20452767287.0,2873945485836.0,28534.92718549,28739.45485836,119593637005.0,56767471.0,2438672249.0,129179423282.0,97367657.0,519056194.0
2023-02-03,2023,2,1453703702150.0,13289861419.0,1466993563569.0,1399789016399.0,7162905868.0,1406951922267.0,2853492718549.0,20452767287.0,2873945485836.0,28534.92718549,28739.45485836,119593637005.0,56767471.0,2438672249.0,129179423282.0,97367657.0,519056194.0
2023-02-06,2023,2,1453703702150.0,13289861419.0,1466993563569.0,1399789016399.0,7162905868.0,1406951922267.0,2853492718549.0,20452767287.0,2873945485836.0,28534.92718549,28739.45485836,119593637005.0,56767471.0,2438672249.0,129179423282.0,97367657.0,519056194.0
2023-02-07,2023,2,1453703702150.0,13289861419.0,1466993563569.0,1399789016399.0,7162905868.0,1406951922267.0,2853492718549.0,20452767287.0,2873945485836.0,28534.92718549,28739.45485836,119593637005.0,56767471.0,2438672249.0,129179423282.0,97367657.0,519056194.0
2023-02-08,2023,2,1453703702150.0,13289861419.0,1466993563569.0,1399789016399.0,7162905868.0,1406951922267.0,2853492718549.0,20452767287.0,2873945485836.0,28534.92718549,28739.45485836,119593637005.0,56767471.0,2438672249.0,129179423282.0,97367657.0,519056194.0
2023-02-09,2023,2,1453703702150.0,13289861419.0,1466993563569.0,1399789016399.0,7162905868.0,1406951922267.0,2853492718549.0,20452767287.0,2873945485836.0,28534.92718549,28739.45485836,119593637005.0,56767471.0,2438672249.0,129179423282.0,97367657.0,519056194.0
2023-02-10,2023,2,1453703702150.0,13289861419.0,1466993563569.0,1399789016399.0,7162905868.0,1406951922267.0,2853492718549.0,20452767287.0,2873945485836.0,28534.92718549,28739.45485836,119593637005.0,56767471.0,2438672249.0,129179423282.0,97367657.0,519056194.0
2023-02-13,2023,2,1453703702150.0,13289861419.0,1466993563569.0,1399789016399.0,7162905868.0,1406951922267.0,2853492718549.0,20452767287.0,2873945485836.0,28534.92718549,28739.45485836,119593637005.0,56767471.0,2438672249.0,129179423282.0,97367657.0,519056194.0
2023-02-14,2023,2,1453703702150.0,13289861419.0,1466993563569.0,1399789016399.0,7162905868.0,1406951922267.0,2853492718549.0,20452767287.0,2873945485836.0,28534.92718549,28739.45485836,119593637005.0,56767471.0,2438672249.0,129179423282.0,97367657.0,519056194.0
2023-02-15,2023,2,1453703702150.0,13289861419.0,1466993563569.0,1399789016399.0,7162905868.0,1406951922267.0,2853492718549.0,20452767287.0,2873945485836.0,28534.92718549,28739.45485836,119593637005.0,56767471.0,2438672249.0,129179423282.0,97367657.0,519056194.0
2023-02-16,2023,2,1453703702150.0,13289861419.0,1466993563569.0,1399789016399.0,7162905868.0,1406951922267.0,2853492718549.0,20452767287.0,2873945485836.0,28534.92718549,28739.45485836,119593637005.0,56767471.0,2438672249.0,129179423282.0,97367657.0,519056194.0
2023-02-17,2023,2,1453703702150.0,13289861419.0,1466993563569.0,1399789016399.0,7162905868.0,1406951922267.0,2853492718549.0,20452767287.0,2873945485836.0,28534.92718549,28739.45485836,119593637005.0,56767471.0,2438672249.0,129179423282.0,97367657.0,519056194.0
2023-02-20,2023,2,1453703702150.0,13289861419.0,1466993563569.0,1399789016399.0,7162905868.0,1406951922267.0,2853492718549.0,20452767287.0,2873945485836.0,28534.92718549,28739.45485836,119593637005.0,56767471.0,2438672249.0,129179423282.0,97367657.0,519056194.0
2023-02-21,2023,2,1453703702150.0,13289861419.0,1466993563569.0,1399789016399.0,7162905868.0,1406951922267.0,2853492718549.0,20452767287.0,2873945485836.0,28534.92718549,28739.45485836,119593637005.0,56767471.0,2438672249.0,129179423282.0,97367657.0,519056194.0
2023-02-22,2023,2,1453703702150.0,13289861419.0,1466993563569.0,1399789016399.0,7162905868.0,1406951922267.0,2853492718549.0,20452767287.0,2873945485836.0,28534.92718549,28739.45485836,119593637005.0,56767471.0,2438672249.0,129179423282.0,97367657.0,519056194.0
2023-02-23,2023,2,1453703702150.0,13289861419.0,1466993563569.0,1399789016399.0,7162905868.0,1406951922267.0,2853492718549.0,20452767287.0,2873945485836.0,28534.92718549,28739.45485836,119593637005.0,56767471.0,2438672249.0,129179423282.0,97367657.0,519056194.0
2023-02-24,2023,2,1453703702150.0,13289861419.0,1466993563569.0,1399789016399.0,7162905868.0,1406951922267.0,2853492718549.0,20452767287.0,2873945485836.0,28534.92718549,28739.45485836,119593637005.0,56767471.0,2438672249.0,129179423282.0,97367657.0,519056194.0
2023-02-27,2023,2,1453703702150.0,13289861419.0,1466993563569.0,1399789016399.0,7162905868.0,1406951922267.0,2853492718549.0,20452767287.0,2873945485836.0,28534.92718549,28739.45485836,119593637005.0,56767471.0,2438672249.0,129179423282.0,97367657.0,519056194.0
2023-02-28,2023,2,1453703702150.0,13289861419.0,1466993563569.0,1399789016399.0,7162905868.0,1406951922267.0,2853492718549.0,20452767287.0,2873945485836.0,28534.92718549,28739.45485836,119593637005.0,56767471.0,2438672249.0,129179423282.0,97367657.0,519056194.0
2023-03-01,2023,3,1453703702150.0,13289861419.0,1466993563569.0,1399789016399.0,7162905868.0,1406951922267.0,2853492718549.0,20452767287.0,2873945485836.0,28534.92718549,28739.45485836,119593637005.0,56767471.0,2438672249.0,129179423282.0,97367657.0,519056194.0
2023-03-02,2023,3,1453703702150.0,13289861419.0,1466993563569.0,1399789016399.0,7162905868.0,1406951922267.0,2853492718549.0,20452767287.0,2873945485836.0,28534.92718549,28739.45485836,119593637005.0,56767471.0,2438672249.0,129179423282.0,97367657.0,519056194.0
2023-03-03,2023,3,1453703702150.0,13289861419.0,1466993563569.0,1399789016399.0,7162905868.0,1406951922267.0,2853492718549.0,20452767287.0,2873945485836.0,28534.92718549,28739.45485836,119593637005.0,56767471.0,2438672249.0,129179423282.0,97367657.0,519056194.0
2023-03-06,2023,3,1453703702150.0,13289861419.0,1466993563569.0,1399789016399.0,7162905868.0,1406951922267.0,2853492718549.0,20452767287.0,2873945485836.0,28534.92718549,28739.45485836,119593637005.0,56767471.0,2438672249.0,129179423282.0,97367657.0,519056194.0
2023-03-07,2023,3,1453703702150.0,13289861419.0,1466993563569.0,1399789016399.0,7162905868.0,1406951922267.0,2853492718549.0,20452767287.0,2873945485836.0,28534.92718549,28739.45485836,119593637005.0,56767471.0,2438672249.0,129179423282.0,97367657.0,519056194.0
2023-03-08,2023,3,1453703702150.0,13289861419.0,1466993563569.0,1399789016399.0,7162905868.0,1406951922267.0,2853492718549.0,20452767287.0,2873945485836.0,28534.92718549,28739.45485836,119593637005.0,56767471.0,2438672249.0,129179423282.0,97367657.0,519056194.0
2023-03-09,2023,3,1453703702150.0,13289861419.0,1466993563569.0,1399789016399.0,7162905868.0,1406951922267.0,2853492718549.0,20452767287.0,2873945485836.0,28534.92718549,28739.45485836,119593637005.0,56767471.0,2438672249.0,129179423282.0,97367657.0,519056194.0
2023-03-10,2023,3,1453703702150.0,13289861419.0,1466993563569.0,1399789016399.0,7162905868.0,1406951922267.0,2853492718549.0,20452767287.0,2873945485836.0,28534.92718549,28739.45485836,119593637005.0,56767471.0,2438672249.0,129179423282.0,97367657.0,519056194.0
2023-03-13,2023,3,1453703702150.0,13289861419.0,1466993563569.0,1399789016399.0,7162905868.0,1406951922267.0,2853492718549.0,20452767287.0,2873945485836.0,28534.92718549,28739.45485836,119593637005.0,56767471.0,2438672249.0,129179423282.0,97367657.0,519056194.0
2023-03-14,2023,3,1453703702150.0,13289861419.0,1466993563569.0,1399789016399.0,7162905868.0,1406951922267.0,2853492718549.0,20452767287.0,2873945485836.0,28534.92718549,28739.45485836,119593637005.0,56767471.0,2438672249.0,129179423282.0,97367657.0,519056194.0
2023-03-15,2023,3,1453703702150.0,13289861419.0,1466993563569.0,1399789016399.0,7162905868.0,1406951922267.0,2853492718549.0,20452767287.0,2873945485836.0,28534.92718549,28739.45485836,119593637005.0,56767471.0,2438672249.0,129179423282.0,97367657.0,519056194.0
2023-03-16,2023,3,1453703702150.0,13289861419.0,1466993563569.0,1399789016399.0,7162905868.0,1406951922267.0,2853492718549.0,20452767287.0,2873945485836.0,28534.92718549,28739.45485836,119593637005.0,56767471.0,2438672249.0,129179423282.0,97367657.0,519056194.0
2023-03-17,2023,3,1453703702150.0,13289861419.0,1466993563569.0,1399789016399.0,7162905868.0,1406951922267.0,2853492718549.0,20452767287.0,2873945485836.0,28534.92718549,28739.45485836,119593637005.0,56767471.0,2438672249.0,129179423282.0,97367657.0,519056194.0
2023-03-20,2023,3,1453703702150.0,13289861419.0,1466993563569.0,1399789016399.0,7162905868.0,1406951922267.0,2853492718549.0,20452767287.0,2873945485836.0,28534.92718549,28739.45485836,119593637005.0,56767471.0,2438672249.0,129179423282.0,97367657.0,519056194.0
2023-03-21,2023,3,1453703702150.0,13289861419.0,1466993563569.0,1399789016399.0,7162905868.0,1406951922267.0,2853492718549.0,20452767287.0,2873945485836.0,28534.92718549,28739.45485836,119593637005.0,56767471.0,2438672249.0,129179423282.0,97367657.0,519056194.0
2023-03-22,2023,3,1453703702150.0,13289861419.0,1466993563569.0,1399789016399.0,7162905868.0,1406951922267.0,2853492718549.0,20452767287.0,2873945485836.0,28534.92718549,28739.45485836,119593637005.0,56767471.0,2438672249.0,129179423282.0,97367657.0,519056194.0
2023-03-23,2023,3,1453703702150.0,13289861419.0,1466993563569.0,1399789016399.0,7162905868.0,1406951922267.0,2853492718549.0,20452767287.0,2873945485836.0,28534.92718549,28739.45485836,119593637005.0,56767471.0,2438672249.0,129179423282.0,97367657.0,519056194.0
2023-03-24,2023,3,1453703702150.0,13289861419.0,1466993563569.0,1399789016399.0,7162905868.0,1406951922267.0,2853492718549.0,20452767287.0,2873945485836.0,28534.92718549,28739.45485836,119593637005.0,56767471.0,2438672249.0,129179423282.0,97367657.0,519056194.0
2023-03-27,2023,3,1453703702150.0,13289861419.0,1466993563569.0,1399789016399.0,7162905868.0,1406951922267.0,2853492718549.0,20452767287.0,2873945485836.0,28534.92718549,28739.45485836,119593637005.0,56767471.0,2438672249.0,129179423282.0,97367657.0,519056194.0
2023-03-28,2023,3,1453703702150.0,13289861419.0,1466993563569.0,1399789016399.0,7162905868.0,1406951922267.0,2853492718549.0,20452767287.0,2873945485836.0,28534.92718549,28739.45485836,119593637005.0,56767471.0,2438672249.0,129179423282.0,97367657.0,519056194.0
2023-03-29,2023,3,1453703702150.0,13289861419.0,1466993563569.0,1399789016399.0,7162905868.0,1406951922267.0,2853492718549.0,20452767287.0,2873945485836.0,28534.92718549,28739.45485836,119593637005.0,56767471.0,2438672249.0,129179423282.0,97367657.0,519056194.0
2023-03-30,2023,3,1453703702150.0,13289861419.0,1466993563569.0,1399789016399.0,7162905868.0,1406951922267.0,2853492718549.0,20452767287.0,2873945485836.0,28534.92718549,28739.45485836,119593637005.0,56767471.0,2438672249.0,129179423282.0,97367657.0,519056194.0
2023-03-31,2023,3,1453703702150.0,13289861419.0,1466993563569.0,1399789016399.0,7162905868.0,1406951922267.0,2853492718549.0,20452767287.0,2873945485836.0,28534.92718549,28739.45485836,119593637005.0,56767471.0,2438672249.0,129179423282.0,97367657.0,519056194.0
2023-04-03,2023,4,1453703702150.0,13289861419.0,1466993563569.0,1399789016399.0,7162905868.0,1406951922267.0,2853492718549.0,20452767287.0,2873945485836.0,28534.92718549,28739.45485836,119593637005.0,56767471.0,2438672249.0,129179423282.0,97367657.0,519056194.0
2023-04-04,2023,4,1453703702150.0,13289861419.0,1466993563569.0,1399789016399.0,7162905868.0,1406951922267.0,2853492718549.0,20452767287.0,2873945485836.0,28534.92718549,28739.45485836,119593637005.0,56767471.0,2438672249.0,129179423282.0,97367657.0,519056194.0
2023-04-06,2023,4,1453703702150.0,13289861419.0,1466993563569.0,1399789016399.0,7162905868.0,1406951922267.0,2853492718549.0,20452767287.0,2873945485836.0,28534.92718549,28739.45485836,119593637005.0,56767471.0,2438672249.0,129179423282.0,97367657.0,519056194.0
2023-04-07,2023,4,1453703702150.0,13289861419.0,1466993563569.0,1399789016399.0,7162905868.0,1406951922267.0,2853492718549.0,20452767287.0,2873945485836.0,28534.92718549,28739.45485836,119593637005.0,56767471.0,2438672249.0,129179423282.0,97367657.0,519056194.0
2023-04-10,2023,4,1453703702150.0,13289861419.0,1466993563569.0,1399789016399.0,7162905868.0,1406951922267.0,2853492718549.0,20452767287.0,2873945485836.0,28534.92718549,28739.45485836,119593637005.0,56767471.0,2438672249.0,129179423282.0,97367657.0,519056194.0
2023-04-11,2023,4,1453703702150.0,13289861419.0,1466993563569.0,1399789016399.0,7162905868.0,1406951922267.0,2853492718549.0,20452767287.0,2873945485836.0,28534.92718549,28739.45485836,119593637005.0,56767471.0,2438672249.0,129179423282.0,97367657.0,519056194.0
2023-04-12,2023,4,1453703702150.0,13289861419.0,1466993563569.0,1399789016399.0,7162905868.0,1406951922267.0,2853492718549.0,20452767287.0,2873945485836.0,28534.92718549,28739.45485836,119593637005.0,56767471.0,2438672249.0,129179423282.0,97367657.0,519056194.0
2023-04-13,2023,4,1453703702150.0,13289861419.0,1466993563569.0,1399789016399.0,7162905868.0,1406951922267.0,2853492718549.0,20452767287.0,2873945485836.0,28534.92718549,28739.45485836,119593637005.0,56767471.0,2438672249.0,129179423282.0,97367657.0,519056194.0
2023-04-14,2023,4,1453703702150.0,13289861419.0,1466993563569.0,1399789016399.0,7162905868.0,1406951922267.0,2853492718549.0,20452767287.0,2873945485836.0,28534.92718549,28739.45485836,119593637005.0,56767471.0,2438672249.0,129179423282.0,97367657.0,519056194.0
2023-04-17,2023,4,1453703702150.0,13289861419.0,1466993563569.0,1399789016399.0,7162905868.0,1406951922267.0,2853492718549.0,20452767287.0,2873945485836.0,28534.92718549,28739.45485836,119593637005.0,56767471.0,2438672249.0,129179423282.0,97367657.0,519056194.0
2023-04-18,2023,4,1453703702150.0,13289861419.0,1466993563569.0,1399789016399.0,7162905868.0,1406951922267.0,2853492718549.0,20452767287.0,2873945485836.0,28534.92718549,28739.45485836,119593637005.0,56767471.0,2438672249.0,129179423282.0,97367657.0,519056194.0
2023-04-19,2023,4,1453703702150.0,13289861419.0,1466993563569.0,1399789016399.0,7162905868.0,1406951922267.0,2853492718549.0,20452767287.0,2873945485836.0,28534.92718549,28739.45485836,119593637005.0,56767471.0,2438672249.0,129179423282.0,97367657.0,519056194.0
2023-04-20,2023,4,1453703702150.0,13289861419.0,1466993563569.0,1399789016399.0,7162905868.0,1406951922267.0,2853492718549.0,20452767287.0,2873945485836.0,28534.92718549,28739.45485836,119593637005.0,56767471.0,2438672249.0,129179423282.0,97367657.0,519056194.0
2023-04-21,2023,4,1453703702150.0,13289861419.0,1466993563569.0,1399789016399.0,7162905868.0,1406951922267.0,2853492718549.0,20452767287.0,2873945485836.0,28534.92718549,28739.45485836,119593637005.0,56767471.0,2438672249.0,129179423282.0,97367657.0,519056194.0
2023-04-24,2023,4,1453703702150.0,13289861419.0,1466993563569.0,1399789016399.0,7162905868.0,1406951922267.0,2853492718549.0,20452767287.0,2873945485836.0,28534.92718549,28739.45485836,119593637005.0,56767471.0,2438672249.0,129179423282.0,97367657.0,519056194.0
2023-04-25,2023,4,1453703702150.0,13289861419.0,1466993563569.0,1399789016399.0,7162905868.0,1406951922267.0,2853492718549.0,20452767287.0,2873945485836.0,28534.92718549,28739.45485836,119593637005.0,56767471.0,2438672249.0,129179423282.0,97367657.0,519056194.0
2023-04-26,2023,4,1453703702150.0,13289861419.0,1466993563569.0,1399789016399.0,7162905868.0,1406951922267.0,2853492718549.0,20452767287.0,2873945485836.0,28534.92718549,28739.45485836,119593637005.0,56767471.0,2438672249.0,129179423282.0,97367657.0,519056194.0
2023-04-27,2023,4,1453703702150.0,13289861419.0,1466993563569.0,1399789016399.0,7162905868.0,1406951922267.0,2853492718549.0,20452767287.0,2873945485836.0,28534.92718549,28739.45485836,119593637005.0,56767471.0,2438672249.0,129179423282.0,97367657.0,519056194.0
2023-04-28,2023,4,1453703702150.0,13289861419.0,1466993563569.0,1399789016399.0,7162905868.0,1406951922267.0,2853492718549.0,20452767287.0,2873945485836.0,28534.92718549,28739.45485836,119593637005.0,56767471.0,2438672249.0,129179423282.0,97367657.0,519056194.0
2023-05-04,2023,5,1453703702150.0,13289861419.0,1466993563569.0,1399789016399.0,7162905868.0,1406951922267.0,2853492718549.0,20452767287.0,2873945485836.0,28534.92718549,28739.45485836,119593637005.0,56767471.0,2438672249.0,129179423282.0,97367657.0,519056194.0
2023-05-05,2023,5,1453703702150.0,13289861419.0,1466993563569.0,1399789016399.0,7162905868.0,1406951922267.0,2853492718549.0,20452767287.0,2873945485836.0,28534.92718549,28739.45485836,119593637005.0,56767471.0,2438672249.0,129179423282.0,97367657.0,519056194.0
2023-05-08,2023,5,1453703702150.0,13289861419.0,1466993563569.0,1399789016399.0,7162905868.0,1406951922267.0,2853492718549.0,20452767287.0,2873945485836.0,28534.92718549,28739.45485836,119593637005.0,56767471.0,2438672249.0,129179423282.0,97367657.0,519056194.0
2023-05-09,2023,5,1453703702150.0,13289861419.0,1466993563569.0,1399789016399.0,7162905868.0,1406951922267.0,2853492718549.0,20452767287.0,2873945485836.0,28534.92718549,28739.45485836,119593637005.0,56767471.0,2438672249.0,129179423282.0,97367657.0,519056194.0
2023-05-10,2023,5,1453703702150.0,13289861419.0,1466993563569.0,1399789016399.0,7162905868.0,1406951922267.0,2853492718549.0,20452767287.0,2873945485836.0,28534.92718549,28739.45485836,119593637005.0,56767471.0,2438672249.0,129179423282.0,97367657.0,519056194.0
2023-05-11,2023,5,1453703702150.0,13289861419.0,1466993563569.0,1399789016399.0,7162905868.0,1406951922267.0,2853492718549.0,20452767287.0,2873945485836.0,28534.92718549,28739.45485836,119593637005.0,56767471.0,2438672249.0,129179423282.0,97367657.0,519056194.0
2023-05-12,2023,5,1453703702150.0,13289861419.0,1466993563569.0,1399789016399.0,7162905868.0,1406951922267.0,2853492718549.0,20452767287.0,2873945485836.0,28534.92718549,28739.45485836,119593637005.0,56767471.0,2438672249.0,129179423282.0,97367657.0,519056194.0
2023-05-15,2023,5,1453703702150.0,13289861419.0,1466993563569.0,1399789016399.0,7162905868.0,1406951922267.0,2853492718549.0,20452767287.0,2873945485836.0,28534.92718549,28739.45485836,119593637005.0,56767471.0,2438672249.0,129179423282.0,97367657.0,519056194.0
2023-05-16,2023,5,1453703702150.0,13289861419.0,1466993563569.0,1399789016399.0,7162905868.0,1406951922267.0,2853492718549.0,20452767287.0,2873945485836.0,28534.92718549,28739.45485836,119593637005.0,56767471.0,2438672249.0,129179423282.0,97367657.0,519056194.0
2023-05-17,2023,5,1453703702150.0,13289861419.0,1466993563569.0,1399789016399.0,7162905868.0,1406951922267.0,2853492718549.0,20452767287.0,2873945485836.0,28534.92718549,28739.45485836,119593637005.0,56767471.0,2438672249.0,129179423282.0,97367657.0,519056194.0
2023-05-18,2023,5,1453703702150.0,13289861419.0,1466993563569.0,1399789016399.0,7162905868.0,1406951922267.0,2853492718549.0,20452767287.0,2873945485836.0,28534.92718549,28739.45485836,119593637005.0,56767471.0,2438672249.0,129179423282.0,97367657.0,519056194.0
2023-05-19,2023,5,1453703702150.0,13289861419.0,1466993563569.0,1399789016399.0,7162905868.0,1406951922267.0,2853492718549.0,20452767287.0,2873945485836.0,28534.92718549,28739.45485836,119593637005.0,56767471.0,2438672249.0,129179423282.0,97367657.0,519056194.0
2023-05-22,2023,5,1453703702150.0,13289861419.0,1466993563569.0,1399789016399.0,7162905868.0,1406951922267.0,2853492718549.0,20452767287.0,2873945485836.0,28534.92718549,28739.45485836,119593637005.0,56767471.0,2438672249.0,129179423282.0,97367657.0,519056194.0
2023-05-23,2023,5,1453703702150.0,13289861419.0,1466993563569.0,1399789016399.0,7162905868.0,1406951922267.0,2853492718549.0,20452767287.0,2873945485836.0,28534.92718549,28739.45485836,119593637005.0,56767471.0,2438672249.0,129179423282.0,97367657.0,519056194.0
2023-05-24,2023,5,1453703702150.0,13289861419.0,1466993563569.0,1399789016399.0,7162905868.0,1406951922267.0,2853492718549.0,20452767287.0,2873945485836.0,28534.92718549,28739.45485836,119593637005.0,56767471.0,2438672249.0,129179423282.0,97367657.0,519056194.0
2023-05-25,2023,5,1453703702150.0,13289861419.0,1466993563569.0,1399789016399.0,7162905868.0,1406951922267.0,2853492718549.0,20452767287.0,2873945485836.0,28534.92718549,28739.45485836,119593637005.0,56767471.0,2438672249.0,129179423282.0,97367657.0,519056194.0
2023-05-26,2023,5,1453703702150.0,13289861419.0,1466993563569.0,1399789016399.0,7162905868.0,1406951922267.0,2853492718549.0,20452767287.0,2873945485836.0,28534.92718549,28739.45485836,119593637005.0,56767471.0,2438672249.0,129179423282.0,97367657.0,519056194.0
2023-05-29,2023,5,1453703702150.0,13289861419.0,1466993563569.0,1399789016399.0,7162905868.0,1406951922267.0,2853492718549.0,20452767287.0,2873945485836.0,28534.92718549,28739.45485836,119593637005.0,56767471.0,2438672249.0,129179423282.0,97367657.0,519056194.0
2023-05-30,2023,5,1453703702150.0,13289861419.0,1466993563569.0,1399789016399.0,7162905868.0,1406951922267.0,2853492718549.0,20452767287.0,2873945485836.0,28534.92718549,28739.45485836,119593637005.0,56767471.0,2438672249.0,129179423282.0,97367657.0,519056194.0
2023-05-31,2023,5,1453703702150.0,13289861419.0,1466993563569.0,1399789016399.0,7162905868.0,1406951922267.0,2853492718549.0,20452767287.0,2873945485836.0,28534.92718549,28739.45485836,119593637005.0,56767471.0,2438672249.0,129179423282.0,97367657.0,519056194.0
2023-06-01,2023,6,1453703702150.0,13289861419.0,1466993563569.0,1399789016399.0,7162905868.0,1406951922267.0,2853492718549.0,20452767287.0,2873945485836.0,28534.92718549,28739.45485836,119593637005.0,56767471.0,2438672249.0,129179423282.0,97367657.0,519056194.0
2023-06-02,2023,6,1453703702150.0,13289861419.0,1466993563569.0,1399789016399.0,7162905868.0,1406951922267.0,2853492718549.0,20452767287.0,2873945485836.0,28534.92718549,28739.45485836,119593637005.0,56767471.0,2438672249.0,129179423282.0,97367657.0,519056194.0
2023-06-05,2023,6,1453703702150.0,13289861419.0,1466993563569.0,1399789016399.0,7162905868.0,1406951922267.0,2853492718549.0,20452767287.0,2873945485836.0,28534.92718549,28739.45485836,119593637005.0,56767471.0,2438672249.0,129179423282.0,97367657.0,519056194.0
2023-06-06,2023,6,1453703702150.0,13289861419.0,1466993563569.0,1399789016399.0,7162905868.0,1406951922267.0,2853492718549.0,20452767287.0,2873945485836.0,28534.92718549,28739.45485836,119593637005.0,56767471.0,2438672249.0,129179423282.0,97367657.0,519056194.0
2023-06-07,2023,6,1453703702150.0,13289861419.0,1466993563569.0,1399789016399.0,7162905868.0,1406951922267.0,2853492718549.0,20452767287.0,2873945485836.0,28534.92718549,28739.45485836,119593637005.0,56767471.0,2438672249.0,129179423282.0,97367657.0,519056194.0
2023-06-08,2023,6,1453703702150.0,13289861419.0,1466993563569.0,1399789016399.0,7162905868.0,1406951922267.0,2853492718549.0,20452767287.0,2873945485836.0,28534.92718549,28739.45485836,119593637005.0,56767471.0,2438672249.0,129179423282.0,97367657.0,519056194.0
2023-06-09,2023,6,1453703702150.0,13289861419.0,1466993563569.0,1399789016399.0,7162905868.0,1406951922267.0,2853492718549.0,20452767287.0,2873945485836.0,28534.92718549,28739.45485836,119593637005.0,56767471.0,2438672249.0,129179423282.0,97367657.0,519056194.0
2023-06-12,2023,6,1453703702150.0,13289861419.0,1466993563569.0,1399789016399.0,7162905868.0,1406951922267.0,2853492718549.0,20452767287.0,2873945485836.0,28534.92718549,28739.45485836,119593637005.0,56767471.0,2438672249.0,129179423282.0,97367657.0,519056194.0
2023-06-13,2023,6,1453703702150.0,13289861419.0,1466993563569.0,1399789016399.0,7162905868.0,1406951922267.0,2853492718549.0,20452767287.0,2873945485836.0,28534.92718549,28739.45485836,119593637005.0,56767471.0,2438672249.0,129179423282.0,97367657.0,519056194.0
2023-06-14,2023,6,1453703702150.0,13289861419.0,1466993563569.0,1399789016399.0,7162905868.0,1406951922267.0,2853492718549.0,20452767287.0,2873945485836.0,28534.92718549,28739.45485836,119593637005.0,56767471.0,2438672249.0,129179423282.0,97367657.0,519056194.0
2023-06-15,2023,6,1453703702150.0,13289861419.0,1466993563569.0,1399789016399.0,7162905868.0,1406951922267.0,2853492718549.0,20452767287.0,2873945485836.0,28534.92718549,28739.45485836,119593637005.0,56767471.0,2438672249.0,129179423282.0,97367657.0,519056194.0
2023-06-16,2023,6,1453703702150.0,13289861419.0,1466993563569.0,1399789016399.0,7162905868.0,1406951922267.0,2853492718549.0,20452767287.0,2873945485836.0,28534.92718549,28739.45485836,119593637005.0,56767471.0,2438672249.0,129179423282.0,97367657.0,519056194.0
2023-06-19,2023,6,1453703702150.0,13289861419.0,1466993563569.0,1399789016399.0,7162905868.0,1406951922267.0,2853492718549.0,20452767287.0,2873945485836.0,28534.92718549,28739.45485836,119593637005.0,56767471.0,2438672249.0,129179423282.0,97367657.0,519056194.0
2023-06-20,2023,6,1453703702150.0,13289861419.0,1466993563569.0,1399789016399.0,7162905868.0,1406951922267.0,2853492718549.0,20452767287.0,2873945485836.0,28534.92718549,28739.45485836,119593637005.0,56767471.0,2438672249.0,129179423282.0,97367657.0,519056194.0
2023-06-21,2023,6,1453703702150.0,13289861419.0,1466993563569.0,1399789016399.0,7162905868.0,1406951922267.0,2853492718549.0,20452767287.0,2873945485836.0,28534.92718549,28739.45485836,119593637005.0,56767471.0,2438672249.0,129179423282.0,97367657.0,519056194.0
2023-06-26,2023,6,1453703702150.0,13289861419.0,1466993563569.0,1399789016399.0,7162905868.0,1406951922267.0,2853492718549.0,20452767287.0,2873945485836.0,28534.92718549,28739.45485836,119593637005.0,56767471.0,2438672249.0,129179423282.0,97367657.0,519056194.0
2023-06-27,2023,6,1453703702150.0,13289861419.0,1466993563569.0,1399789016399.0,7162905868.0,1406951922267.0,2853492718549.0,20452767287.0,2873945485836.0,28534.92718549,28739.45485836,119593637005.0,56767471.0,2438672249.0,129179423282.0,97367657.0,519056194.0
2023-06-28,2023,6,1453703702150.0,13289861419.0,1466993563569.0,1399789016399.0,7162905868.0,1406951922267.0,2853492718549.0,20452767287.0,2873945485836.0,28534.92718549,28739.45485836,119593637005.0,56767471.0,2438672249.0,129179423282.0,97367657.0,519056194.0
2023-06-29,2023,6,1453703702150.0,13289861419.0,1466993563569.0,1399789016399.0,7162905868.0,1406951922267.0,2853492718549.0,20452767287.0,2873945485836.0,28534.92718549,28739.45485836,119593637005.0,56767471.0,2438672249.0,129179423282.0,97367657.0,519056194.0
2023-06-30,2023,6,1453703702150.0,13289861419.0,1466993563569.0,1399789016399.0,7162905868.0,1406951922267.0,2853492718549.0,20452767287.0,2873945485836.0,28534.92718549,28739.45485836,119593637005.0,56767471.0,2438672249.0,129179423282.0,97367657.0,519056194.0
2023-07-03,2023,7,1453703702150.0,13289861419.0,1466993563569.0,1399789016399.0,7162905868.0,1406951922267.0,2853492718549.0,20452767287.0,2873945485836.0,28534.92718549,28739.45485836,119593637005.0,56767471.0,2438672249.0,129179423282.0,97367657.0,519056194.0
2023-07-04,2023,7,1453703702150.0,13289861419.0,1466993563569.0,1399789016399.0,7162905868.0,1406951922267.0,2853492718549.0,20452767287.0,2873945485836.0,28534.92718549,28739.45485836,119593637005.0,56767471.0,2438672249.0,129179423282.0,97367657.0,519056194.0
2023-07-05,2023,7,1453703702150.0,13289861419.0,1466993563569.0,1399789016399.0,7162905868.0,1406951922267.0,2853492718549.0,20452767287.0,2873945485836.0,28534.92718549,28739.45485836,119593637005.0,56767471.0,2438672249.0,129179423282.0,97367657.0,519056194.0
2023-07-06,2023,7,1453703702150.0,13289861419.0,1466993563569.0,1399789016399.0,7162905868.0,1406951922267.0,2853492718549.0,20452767287.0,2873945485836.0,28534.92718549,28739.45485836,119593637005.0,56767471.0,2438672249.0,129179423282.0,97367657.0,519056194.0
2023-07-07,2023,7,1453703702150.0,13289861419.0,1466993563569.0,1399789016399.0,7162905868.0,1406951922267.0,2853492718549.0,20452767287.0,2873945485836.0,28534.92718549,28739.45485836,119593637005.0,56767471.0,2438672249.0,129179423282.0,97367657.0,519056194.0
2023-07-10,2023,7,1453703702150.0,13289861419.0,1466993563569.0,1399789016399.0,7162905868.0,1406951922267.0,2853492718549.0,20452767287.0,2873945485836.0,28534.92718549,28739.45485836,119593637005.0,56767471.0,2438672249.0,129179423282.0,97367657.0,519056194.0
2023-07-11,2023,7,1453703702150.0,13289861419.0,1466993563569.0,1399789016399.0,7162905868.0,1406951922267.0,2853492718549.0,20452767287.0,2873945485836.0,28534.92718549,28739.45485836,119593637005.0,56767471.0,2438672249.0,129179423282.0,97367657.0,519056194.0
2023-07-12,2023,7,1453703702150.0,13289861419.0,1466993563569.0,1399789016399.0,7162905868.0,1406951922267.0,2853492718549.0,20452767287.0,2873945485836.0,28534.92718549,28739.45485836,119593637005.0,56767471.0,2438672249.0,129179423282.0,97367657.0,519056194.0
2023-07-13,2023,7,1453703702150.0,13289861419.0,1466993563569.0,1399789016399.0,7162905868.0,1406951922267.0,2853492718549.0,20452767287.0,2873945485836.0,28534.92718549,28739.45485836,119593637005.0,56767471.0,2438672249.0,129179423282.0,97367657.0,519056194.0
2023-07-14,2023,7,1453703702150.0,13289861419.0,1466993563569.0,1399789016399.0,7162905868.0,1406951922267.0,2853492718549.0,20452767287.0,2873945485836.0,28534.92718549,28739.45485836,119593637005.0,56767471.0,2438672249.0,129179423282.0,97367657.0,519056194.0
2023-07-17,2023,7,1453703702150.0,13289861419.0,1466993563569.0,1399789016399.0,7162905868.0,1406951922267.0,2853492718549.0,20452767287.0,2873945485836.0,28534.92718549,28739.45485836,119593637005.0,56767471.0,2438672249.0,129179423282.0,97367657.0,519056194.0
2023-07-18,2023,7,1453703702150.0,13289861419.0,1466993563569.0,1399789016399.0,7162905868.0,1406951922267.0,2853492718549.0,20452767287.0,2873945485836.0,28534.92718549,28739.45485836,119593637005.0,56767471.0,2438672249.0,129179423282.0,97367657.0,519056194.0
2023-07-19,2023,7,1453703702150.0,13289861419.0,1466993563569.0,1399789016399.0,7162905868.0,1406951922267.0,2853492718549.0,20452767287.0,2873945485836.0,28534.92718549,28739.45485836,119593637005.0,56767471.0,2438672249.0,129179423282.0,97367657.0,519056194.0
2023-07-20,2023,7,1453703702150.0,13289861419.0,1466993563569.0,1399789016399.0,7162905868.0,1406951922267.0,2853492718549.0,20452767287.0,2873945485836.0,28534.92718549,28739.45485836,119593637005.0,56767471.0,2438672249.0,129179423282.0,97367657.0,519056194.0
2023-07-21,2023,7,1453703702150.0,13289861419.0,1466993563569.0,1399789016399.0,7162905868.0,1406951922267.0,2853492718549.0,20452767287.0,2873945485836.0,28534.92718549,28739.45485836,119593637005.0,56767471.0,2438672249.0,129179423282.0,97367657.0,519056194.0
2023-07-24,2023,7,1453703702150.0,13289861419.0,1466993563569.0,1399789016399.0,7162905868.0,1406951922267.0,2853492718549.0,20452767287.0,2873945485836.0,28534.92718549,28739.45485836,119593637005.0,56767471.0,2438672249.0,129179423282.0,97367657.0,519056194.0
2023-07-25,2023,7,1453703702150.0,13289861419.0,1466993563569.0,1399789016399.0,7162905868.0,1406951922267.0,2853492718549.0,20452767287.0,2873945485836.0,28534.92718549,28739.45485836,119593637005.0,56767471.0,2438672249.0,129179423282.0,97367657.0,519056194.0
2023-07-26,2023,7,1453703702150.0,13289861419.0,1466993563569.0,1399789016399.0,7162905868.0,1406951922267.0,2853492718549.0,20452767287.0,2873945485836.0,28534.92718549,28739.45485836,119593637005.0,56767471.0,2438672249.0,129179423282.0,97367657.0,519056194.0
2023-07-27,2023,7,1453703702150.0,13289861419.0,1466993563569.0,1399789016399.0,7162905868.0,1406951922267.0,2853492718549.0,20452767287.0,2873945485836.0,28534.92718549,28739.45485836,119593637005.0,56767471.0,2438672249.0,129179423282.0,97367657.0,519056194.0
2023-07-28,2023,7,1453703702150.0,13289861419.0,1466993563569.0,1399789016399.0,7162905868.0,1406951922267.0,2853492718549.0,20452767287.0,2873945485836.0,28534.92718549,28739.45485836,119593637005.0,56767471.0,2438672249.0,129179423282.0,97367657.0,519056194.0
2023-07-31,2023,7,1453703702150.0,13289861419.0,1466993563569.0,1399789016399.0,7162905868.0,1406951922267.0,2853492718549.0,20452767287.0,2873945485836.0,28534.92718549,28739.45485836,119593637005.0,56767471.0,2438672249.0,129179423282.0,97367657.0,519056194.0
2023-08-01,2023,8,1453703702150.0,13289861419.0,1466993563569.0,1399789016399.0,7162905868.0,1406951922267.0,2853492718549.0,20452767287.0,2873945485836.0,28534.92718549,28739.45485836,119593637005.0,56767471.0,2438672249.0,129179423282.0,97367657.0,519056194.0
2023-08-02,2023,8,1453703702150.0,13289861419.0,1466993563569.0,1399789016399.0,7162905868.0,1406951922267.0,2853492718549.0,20452767287.0,2873945485836.0,28534.92718549,28739.45485836,119593637005.0,56767471.0,2438672249.0,129179423282.0,97367657.0,519056194.0
2023-08-03,2023,8,1453703702150.0,13289861419.0,1466993563569.0,1399789016399.0,7162905868.0,1406951922267.0,2853492718549.0,20452767287.0,2873945485836.0,28534.92718549,28739.45485836,119593637005.0,56767471.0,2438672249.0,129179423282.0,97367657.0,519056194.0
2023-08-04,2023,8,1453703702150.0,13289861419.0,1466993563569.0,1399789016399.0,7162905868.0,1406951922267.0,2853492718549.0,20452767287.0,2873945485836.0,28534.92718549,28739.45485836,119593637005.0,56767471.0,2438672249.0,129179423282.0,97367657.0,519056194.0
2023-08-07,2023,8,1453703702150.0,13289861419.0,1466993563569.0,1399789016399.0,7162905868.0,1406951922267.0,2853492718549.0,20452767287.0,2873945485836.0,28534.92718549,28739.45485836,119593637005.0,56767471.0,2438672249.0,129179423282.0,97367657.0,519056194.0
2023-08-08,2023,8,1453703702150.0,13289861419.0,1466993563569.0,1399789016399.0,7162905868.0,1406951922267.0,2853492718549.0,20452767287.0,2873945485836.0,28534.92718549,28739.45485836,119593637005.0,56767471.0,2438672249.0,129179423282.0,97367657.0,519056194.0
2023-08-09,2023,8,1453703702150.0,13289861419.0,1466993563569.0,1399789016399.0,7162905868.0,1406951922267.0,2853492718549.0,20452767287.0,2873945485836.0,28534.92718549,28739.45485836,119593637005.0,56767471.0,2438672249.0,129179423282.0,97367657.0,519056194.0
2023-08-10,2023,8,1453703702150.0,13289861419.0,1466993563569.0,1399789016399.0,7162905868.0,1406951922267.0,2853492718549.0,20452767287.0,2873945485836.0,28534.92718549,28739.45485836,119593637005.0,56767471.0,2438672249.0,129179423282.0,97367657.0,519056194.0
2023-08-11,2023,8,1453703702150.0,13289861419.0,1466993563569.0,1399789016399.0,7162905868.0,1406951922267.0,2853492718549.0,20452767287.0,2873945485836.0,28534.92718549,28739.45485836,119593637005.0,56767471.0,2438672249.0,129179423282.0,97367657.0,519056194.0
2023-08-14,2023,8,1453703702150.0,13289861419.0,1466993563569.0,1399789016399.0,7162905868.0,1406951922267.0,2853492718549.0,20452767287.0,2873945485836.0,28534.92718549,28739.45485836,119593637005.0,56767471.0,2438672249.0,129179423282.0,97367657.0,519056194.0
2023-08-15,2023,8,1453703702150.0,13289861419.0,1466993563569.0,1399789016399.0,7162905868.0,1406951922267.0,2853492718549.0,20452767287.0,2873945485836.0,28534.92718549,28739.45485836,119593637005.0,56767471.0,2438672249.0,129179423282.0,97367657.0,519056194.0
2023-08-16,2023,8,1453703702150.0,13289861419.0,1466993563569.0,1399789016399.0,7162905868.0,1406951922267.0,2853492718549.0,20452767287.0,2873945485836.0,28534.92718549,28739.45485836,119593637005.0,56767471.0,2438672249.0,129179423282.0,97367657.0,519056194.0
2023-08-17,2023,8,1453703702150.0,13289861419.0,1466993563569.0,1399789016399.0,7162905868.0,1406951922267.0,2853492718549.0,20452767287.0,2873945485836.0,28534.92718549,28739.45485836,119593637005.0,56767471.0,2438672249.0,129179423282.0,97367657.0,519056194.0
2023-08-18,2023,8,1453703702150.0,13289861419.0,1466993563569.0,1399789016399.0,7162905868.0,1406951922267.0,2853492718549.0,20452767287.0,2873945485836.0,28534.92718549,28739.45485836,119593637005.0,56767471.0,2438672249.0,129179423282.0,97367657.0,519056194.0
2023-08-21,2023,8,1453703702150.0,13289861419.0,1466993563569.0,1399789016399.0,7162905868.0,1406951922267.0,2853492718549.0,20452767287.0,2873945485836.0,28534.92718549,28739.45485836,119593637005.0,56767471.0,2438672249.0,129179423282.0,97367657.0,519056194.0
2023-08-22,2023,8,1453703702150.0,13289861419.0,1466993563569.0,1399789016399.0,7162905868.0,1406951922267.0,2853492718549.0,20452767287.0,2873945485836.0,28534.92718549,28739.45485836,119593637005.0,56767471.0,2438672249.0,129179423282.0,97367657.0,519056194.0
2023-08-23,2023,8,1453703702150.0,13289861419.0,1466993563569.0,1399789016399.0,7162905868.0,1406951922267.0,2853492718549.0,20452767287.0,2873945485836.0,28534.92718549,28739.45485836,119593637005.0,56767471.0,2438672249.0,129179423282.0,97367657.0,519056194.0
2023-08-24,2023,8,1453703702150.0,13289861419.0,1466993563569.0,1399789016399.0,7162905868.0,1406951922267.0,2853492718549.0,20452767287.0,2873945485836.0,28534.92718549,28739.45485836,119593637005.0,56767471.0,2438672249.0,129179423282.0,97367657.0,519056194.0
2023-08-25,2023,8,1453703702150.0,13289861419.0,1466993563569.0,1399789016399.0,7162905868.0,1406951922267.0,2853492718549.0,20452767287.0,2873945485836.0,28534.92718549,28739.45485836,119593637005.0,56767471.0,2438672249.0,129179423282.0,97367657.0,519056194.0
2023-08-28,2023,8,1453703702150.0,13289861419.0,1466993563569.0,1399789016399.0,7162905868.0,1406951922267.0,2853492718549.0,20452767287.0,2873945485836.0,28534.92718549,28739.45485836,119593637005.0,56767471.0,2438672249.0,129179423282.0,97367657.0,519056194.0
2023-08-29,2023,8,1453703702150.0,13289861419.0,1466993563569.0,1399789016399.0,7162905868.0,1406951922267.0,2853492718549.0,20452767287.0,2873945485836.0,28534.92718549,28739.45485836,119593637005.0,56767471.0,2438672249.0,129179423282.0,97367657.0,519056194.0
2023-08-30,2023,8,1453703702150.0,13289861419.0,1466993563569.0,1399789016399.0,7162905868.0,1406951922267.0,2853492718549.0,20452767287.0,2873945485836.0,28534.92718549,28739.45485836,119593637005.0,56767471.0,2438672249.0,129179423282.0,97367657.0,519056194.0
2023-08-31,2023,8,1453703702150.0,13289861419.0,1466993563569.0,1399789016399.0,7162905868.0,1406951922267.0,2853492718549.0,20452767287.0,2873945485836.0,28534.92718549,28739.45485836,119593637005.0,56767471.0,2438672249.0,129179423282.0,97367657.0,519056194.0
2023-09-01,2023,9,1453703702150.0,13289861419.0,1466993563569.0,1399789016399.0,7162905868.0,1406951922267.0,2853492718549.0,20452767287.0,2873945485836.0,28534.92718549,28739.45485836,119593637005.0,56767471.0,2438672249.0,129179423282.0,97367657.0,519056194.0
2023-09-04,2023,9,1453703702150.0,13289861419.0,1466993563569.0,1399789016399.0,7162905868.0,1406951922267.0,2853492718549.0,20452767287.0,2873945485836.0,28534.92718549,28739.45485836,119593637005.0,56767471.0,2438672249.0,129179423282.0,97367657.0,519056194.0
2023-09-05,2023,9,1453703702150.0,13289861419.0,1466993563569.0,1399789016399.0,7162905868.0,1406951922267.0,2853492718549.0,20452767287.0,2873945485836.0,28534.92718549,28739.45485836,119593637005.0,56767471.0,2438672249.0,129179423282.0,97367657.0,519056194.0
2023-09-06,2023,9,1453703702150.0,13289861419.0,1466993563569.0,1399789016399.0,7162905868.0,1406951922267.0,2853492718549.0,20452767287.0,2873945485836.0,28534.92718549,28739.45485836,119593637005.0,56767471.0,2438672249.0,129179423282.0,97367657.0,519056194.0
2023-09-07,2023,9,1453703702150.0,13289861419.0,1466993563569.0,1399789016399.0,7162905868.0,1406951922267.0,2853492718549.0,20452767287.0,2873945485836.0,28534.92718549,28739.45485836,119593637005.0,56767471.0,2438672249.0,129179423282.0,97367657.0,519056194.0
2023-09-08,2023,9,1453703702150.0,13289861419.0,1466993563569.0,1399789016399.0,7162905868.0,1406951922267.0,2853492718549.0,20452767287.0,2873945485836.0,28534.92718549,28739.45485836,119593637005.0,56767471.0,2438672249.0,129179423282.0,97367657.0,519056194.0
2023-09-11,2023,9,1453703702150.0,13289861419.0,1466993563569.0,1399789016399.0,7162905868.0,1406951922267.0,2853492718549.0,20452767287.0,2873945485836.0,28534.92718549,28739.45485836,119593637005.0,56767471.0,2438672249.0,129179423282.0,97367657.0,519056194.0
2023-09-12,2023,9,1453703702150.0,13289861419.0,1466993563569.0,1399789016399.0,7162905868.0,1406951922267.0,2853492718549.0,20452767287.0,2873945485836.0,28534.92718549,28739.45485836,119593637005.0,56767471.0,2438672249.0,129179423282.0,97367657.0,519056194.0
2023-09-13,2023,9,1453703702150.0,13289861419.0,1466993563569.0,1399789016399.0,7162905868.0,1406951922267.0,2853492718549.0,20452767287.0,2873945485836.0,28534.92718549,28739.45485836,119593637005.0,56767471.0,2438672249.0,129179423282.0,97367657.0,519056194.0
2023-09-14,2023,9,1453703702150.0,13289861419.0,1466993563569.0,1399789016399.0,7162905868.0,1406951922267.0,2853492718549.0,20452767287.0,2873945485836.0,28534.92718549,28739.45485836,119593637005.0,56767471.0,2438672249.0,129179423282.0,97367657.0,519056194.0
2023-09-15,2023,9,1453703702150.0,13289861419.0,1466993563569.0,1399789016399.0,7162905868.0,1406951922267.0,2853492718549.0,20452767287.0,2873945485836.0,28534.92718549,28739.45485836,119593637005.0,56767471.0,2438672249.0,129179423282.0,97367657.0,519056194.0
2023-09-18,2023,9,1453703702150.0,13289861419.0,1466993563569.0,1399789016399.0,7162905868.0,1406951922267.0,2853492718549.0,20452767287.0,2873945485836.0,28534.92718549,28739.45485836,119593637005.0,56767471.0,2438672249.0,129179423282.0,97367657.0,519056194.0
2023-09-19,2023,9,1453703702150.0,13289861419.0,1466993563569.0,1399789016399.0,7162905868.0,1406951922267.0,2853492718549.0,20452767287.0,2873945485836.0,28534.92718549,28739.45485836,119593637005.0,56767471.0,2438672249.0,129179423282.0,97367657.0,519056194.0
2023-09-20,2023,9,1453703702150.0,13289861419.0,1466993563569.0,1399789016399.0,7162905868.0,1406951922267.0,2853492718549.0,20452767287.0,2873945485836.0,28534.92718549,28739.45485836,119593637005.0,56767471.0,2438672249.0,129179423282.0,97367657.0,519056194.0
2023-09-21,2023,9,1453703702150.0,13289861419.0,1466993563569.0,1399789016399.0,7162905868.0,1406951922267.0,2853492718549.0,20452767287.0,2873945485836.0,28534.92718549,28739.45485836,119593637005.0,56767471.0,2438672249.0,129179423282.0,97367657.0,519056194.0
2023-09-22,2023,9,1453703702150.0,13289861419.0,1466993563569.0,1399789016399.0,7162905868.0,1406951922267.0,2853492718549.0,20452767287.0,2873945485836.0,28534.92718549,28739.45485836,119593637005.0,56767471.0,2438672249.0,129179423282.0,97367657.0,519056194.0
2023-09-25,2023,9,1453703702150.0,13289861419.0,1466993563569.0,1399789016399.0,7162905868.0,1406951922267.0,2853492718549.0,20452767287.0,2873945485836.0,28534.92718549,28739.45485836,119593637005.0,56767471.0,2438672249.0,129179423282.0,97367657.0,519056194.0
2023-09-26,2023,9,1453703702150.0,13289861419.0,1466993563569.0,1399789016399.0,7162905868.0,1406951922267.0,2853492718549.0,20452767287.0,2873945485836.0,28534.92718549,28739.45485836,119593637005.0,56767471.0,2438672249.0,129179423282.0,97367657.0,519056194.0
2023-09-27,2023,9,1453703702150.0,13289861419.0,1466993563569.0,1399789016399.0,7162905868.0,1406951922267.0,2853492718549.0,20452767287.0,2873945485836.0,28534.92718549,28739.45485836,119593637005.0,56767471.0,2438672249.0,129179423282.0,97367657.0,519056194.0
2023-09-28,2023,9,1453703702150.0,13289861419.0,1466993563569.0,1399789016399.0,7162905868.0,1406951922267.0,2853492718549.0,20452767287.0,2873945485836.0,28534.92718549,28739.45485836,119593637005.0,56767471.0,2438672249.0,129179423282.0,97367657.0,519056194.0
2023-10-09,2023,10,1453703702150.0,13289861419.0,1466993563569.0,1399789016399.0,7162905868.0,1406951922267.0,2853492718549.0,20452767287.0,2873945485836.0,28534.92718549,28739.45485836,119593637005.0,56767471.0,2438672249.0,129179423282.0,97367657.0,519056194.0
2023-10-10,2023,10,1453703702150.0,13289861419.0,1466993563569.0,1399789016399.0,7162905868.0,1406951922267.0,2853492718549.0,20452767287.0,2873945485836.0,28534.92718549,28739.45485836,119593637005.0,56767471.0,2438672249.0,129179423282.0,97367657.0,519056194.0
2023-10-11,2023,10,1453703702150.0,13289861419.0,1466993563569.0,1399789016399.0,7162905868.0,1406951922267.0,2853492718549.0,20452767287.0,2873945485836.0,28534.92718549,28739.45485836,119593637005.0,56767471.0,2438672249.0,129179423282.0,97367657.0,519056194.0
2023-10-12,2023,10,1453703702150.0,13289861419.0,1466993563569.0,1399789016399.0,7162905868.0,1406951922267.0,2853492718549.0,20452767287.0,2873945485836.0,28534.92718549,28739.45485836,119593637005.0,56767471.0,2438672249.0,129179423282.0,97367657.0,519056194.0
2023-10-13,2023,10,1453703702150.0,13289861419.0,1466993563569.0,1399789016399.0,7162905868.0,1406951922267.0,2853492718549.0,20452767287.0,2873945485836.0,28534.92718549,28739.45485836,119593637005.0,56767471.0,2438672249.0,129179423282.0,97367657.0,519056194.0
2023-10-16,2023,10,1453703702150.0,13289861419.0,1466993563569.0,1399789016399.0,7162905868.0,1406951922267.0,2853492718549.0,20452767287.0,2873945485836.0,28534.92718549,28739.45485836,119593637005.0,56767471.0,2438672249.0,129179423282.0,97367657.0,519056194.0
2023-10-17,2023,10,1453703702150.0,13289861419.0,1466993563569.0,1399789016399.0,7162905868.0,1406951922267.0,2853492718549.0,20452767287.0,2873945485836.0,28534.92718549,28739.45485836,119593637005.0,56767471.0,2438672249.0,129179423282.0,97367657.0,519056194.0
2023-10-18,2023,10,1453703702150.0,13289861419.0,1466993563569.0,1399789016399.0,7162905868.0,1406951922267.0,2853492718549.0,20452767287.0,2873945485836.0,28534.92718549,28739.45485836,119593637005.0,56767471.0,2438672249.0,129179423282.0,97367657.0,519056194.0
2023-10-19,2023,10,1453703702150.0,13289861419.0,1466993563569.0,1399789016399.0,7162905868.0,1406951922267.0,2853492718549.0,20452767287.0,2873945485836.0,28534.92718549,28739.45485836,119593637005.0,56767471.0,2438672249.0,129179423282.0,97367657.0,519056194.0
2023-10-20,2023,10,1453703702150.0,13289861419.0,1466993563569.0,1399789016399.0,7162905868.0,1406951922267.0,2853492718549.0,20452767287.0,2873945485836.0,28534.92718549,28739.45485836,119593637005.0,56767471.0,2438672249.0,129179423282.0,97367657.0,519056194.0
2023-10-23,2023,10,1453703702150.0,13289861419.0,1466993563569.0,1399789016399.0,7162905868.0,1406951922267.0,2853492718549.0,20452767287.0,2873945485836.0,28534.92718549,28739.45485836,119593637005.0,56767471.0,2438672249.0,129179423282.0,97367657.0,519056194.0
2023-10-24,2023,10,1453703702150.0,13289861419.0,1466993563569.0,1399789016399.0,7162905868.0,1406951922267.0,2853492718549.0,20452767287.0,2873945485836.0,28534.92718549,28739.45485836,119593637005.0,56767471.0,2438672249.0,129179423282.0,97367657.0,519056194.0
2023-10-25,2023,10,1453703702150.0,13289861419.0,1466993563569.0,1399789016399.0,7162905868.0,1406951922267.0,2853492718549.0,20452767287.0,2873945485836.0,28534.92718549,28739.45485836,119593637005.0,56767471.0,2438672249.0,129179423282.0,97367657.0,519056194.0
2023-10-26,2023,10,1453703702150.0,13289861419.0,1466993563569.0,1399789016399.0,7162905868.0,1406951922267.0,2853492718549.0,20452767287.0,2873945485836.0,28534.92718549,28739.45485836,119593637005.0,56767471.0,2438672249.0,129179423282.0,97367657.0,519056194.0
2023-10-27,2023,10,1453703702150.0,13289861419.0,1466993563569.0,1399789016399.0,7162905868.0,1406951922267.0,2853492718549.0,20452767287.0,2873945485836.0,28534.92718549,28739.45485836,119593637005.0,56767471.0,2438672249.0,129179423282.0,97367657.0,519056194.0
2023-10-30,2023,10,1453703702150.0,13289861419.0,1466993563569.0,1399789016399.0,7162905868.0,1406951922267.0,2853492718549.0,20452767287.0,2873945485836.0,28534.92718549,28739.45485836,119593637005.0,56767471.0,2438672249.0,129179423282.0,97367657.0,519056194.0
2023-10-31,2023,10,1453703702150.0,13289861419.0,1466993563569.0,1399789016399.0,7162905868.0,1406951922267.0,2853492718549.0,20452767287.0,2873945485836.0,28534.92718549,28739.45485836,119593637005.0,56767471.0,2438672249.0,129179423282.0,97367657.0,519056194.0
2023-11-01,2023,11,1453703702150.0,13289861419.0,1466993563569.0,1399789016399.0,7162905868.0,1406951922267.0,2853492718549.0,20452767287.0,2873945485836.0,28534.92718549,28739.45485836,119593637005.0,56767471.0,2438672249.0,129179423282.0,97367657.0,519056194.0
2023-11-02,2023,11,1453703702150.0,13289861419.0,1466993563569.0,1399789016399.0,7162905868.0,1406951922267.0,2853492718549.0,20452767287.0,2873945485836.0,28534.92718549,28739.45485836,119593637005.0,56767471.0,2438672249.0,129179423282.0,97367657.0,519056194.0
2023-11-03,2023,11,1453703702150.0,13289861419.0,1466993563569.0,1399789016399.0,7162905868.0,1406951922267.0,2853492718549.0,20452767287.0,2873945485836.0,28534.92718549,28739.45485836,119593637005.0,56767471.0,2438672249.0,129179423282.0,97367657.0,519056194.0
2023-11-06,2023,11,1453703702150.0,13289861419.0,1466993563569.0,1399789016399.0,7162905868.0,1406951922267.0,2853492718549.0,20452767287.0,2873945485836.0,28534.92718549,28739.45485836,119593637005.0,56767471.0,2438672249.0,129179423282.0,97367657.0,519056194.0
2023-11-07,2023,11,1453703702150.0,13289861419.0,1466993563569.0,1399789016399.0,7162905868.0,1406951922267.0,2853492718549.0,20452767287.0,2873945485836.0,28534.92718549,28739.45485836,119593637005.0,56767471.0,2438672249.0,129179423282.0,97367657.0,519056194.0
2023-11-08,2023,11,1453703702150.0,13289861419.0,1466993563569.0,1399789016399.0,7162905868.0,1406951922267.0,2853492718549.0,20452767287.0,2873945485836.0,28534.92718549,28739.45485836,119593637005.0,56767471.0,2438672249.0,129179423282.0,97367657.0,519056194.0
2023-11-09,2023,11,1453703702150.0,13289861419.0,1466993563569.0,1399789016399.0,7162905868.0,1406951922267.0,2853492718549.0,20452767287.0,2873945485836.0,28534.92718549,28739.45485836,119593637005.0,56767471.0,2438672249.0,129179423282.0,97367657.0,519056194.0
2023-11-10,2023,11,1453703702150.0,13289861419.0,1466993563569.0,1399789016399.0,7162905868.0,1406951922267.0,2853492718549.0,20452767287.0,2873945485836.0,28534.92718549,28739.45485836,119593637005.0,56767471.0,2438672249.0,129179423282.0,97367657.0,519056194.0
2023-11-13,2023,11,1453703702150.0,13289861419.0,1466993563569.0,1399789016399.0,7162905868.0,1406951922267.0,2853492718549.0,20452767287.0,2873945485836.0,28534.92718549,28739.45485836,119593637005.0,56767471.0,2438672249.0,129179423282.0,97367657.0,519056194.0
2023-11-14,2023,11,1453703702150.0,13289861419.0,1466993563569.0,1399789016399.0,7162905868.0,1406951922267.0,2853492718549.0,20452767287.0,2873945485836.0,28534.92718549,28739.45485836,119593637005.0,56767471.0,2438672249.0,129179423282.0,97367657.0,519056194.0
2023-11-15,2023,11,1453703702150.0,13289861419.0,1466993563569.0,1399789016399.0,7162905868.0,1406951922267.0,2853492718549.0,20452767287.0,2873945485836.0,28534.92718549,28739.45485836,119593637005.0,56767471.0,2438672249.0,129179423282.0,97367657.0,519056194.0
2023-11-16,2023,11,1453703702150.0,13289861419.0,1466993563569.0,1399789016399.0,7162905868.0,1406951922267.0,2853492718549.0,20452767287.0,2873945485836.0,28534.92718549,28739.45485836,119593637005.0,56767471.0,2438672249.0,129179423282.0,97367657.0,519056194.0
2023-11-17,2023,11,1453703702150.0,13289861419.0,1466993563569.0,1399789016399.0,7162905868.0,1406951922267.0,2853492718549.0,20452767287.0,2873945485836.0,28534.92718549,28739.45485836,119593637005.0,56767471.0,2438672249.0,129179423282.0,97367657.0,519056194.0
2023-11-20,2023,11,1453703702150.0,13289861419.0,1466993563569.0,1399789016399.0,7162905868.0,1406951922267.0,2853492718549.0,20452767287.0,2873945485836.0,28534.92718549,28739.45485836,119593637005.0,56767471.0,2438672249.0,129179423282.0,97367657.0,519056194.0
2023-11-21,2023,11,1453703702150.0,13289861419.0,1466993563569.0,1399789016399.0,7162905868.0,1406951922267.0,2853492718549.0,20452767287.0,2873945485836.0,28534.92718549,28739.45485836,119593637005.0,56767471.0,2438672249.0,129179423282.0,97367657.0,519056194.0
2023-11-22,2023,11,1453703702150.0,13289861419.0,1466993563569.0,1399789016399.0,7162905868.0,1406951922267.0,2853492718549.0,20452767287.0,2873945485836.0,28534.92718549,28739.45485836,119593637005.0,56767471.0,2438672249.0,129179423282.0,97367657.0,519056194.0
2023-11-23,2023,11,1453703702150.0,13289861419.0,1466993563569.0,1399789016399.0,7162905868.0,1406951922267.0,2853492718549.0,20452767287.0,2873945485836.0,28534.92718549,28739.45485836,119593637005.0,56767471.0,2438672249.0,129179423282.0,97367657.0,519056194.0
2023-11-24,2023,11,1453703702150.0,13289861419.0,1466993563569.0,1399789016399.0,7162905868.0,1406951922267.0,2853492718549.0,20452767287.0,2873945485836.0,28534.92718549,28739.45485836,119593637005.0,56767471.0,2438672249.0,129179423282.0,97367657.0,519056194.0
2023-11-27,2023,11,1453703702150.0,13289861419.0,1466993563569.0,1399789016399.0,7162905868.0,1406951922267.0,2853492718549.0,20452767287.0,2873945485836.0,28534.92718549,28739.45485836,119593637005.0,56767471.0,2438672249.0,129179423282.0,97367657.0,519056194.0
2023-11-28,2023,11,1453703702150.0,13289861419.0,1466993563569.0,1399789016399.0,7162905868.0,1406951922267.0,2853492718549.0,20452767287.0,2873945485836.0,28534.92718549,28739.45485836,119593637005.0,56767471.0,2438672249.0,129179423282.0,97367657.0,519056194.0
2023-11-29,2023,11,1453703702150.0,13289861419.0,1466993563569.0,1399789016399.0,7162905868.0,1406951922267.0,2853492718549.0,20452767287.0,2873945485836.0,28534.92718549,28739.45485836,119593637005.0,56767471.0,2438672249.0,129179423282.0,97367657.0,519056194.0
2023-11-30,2023,11,1453703702150.0,13289861419.0,1466993563569.0,1399789016399.0,7162905868.0,1406951922267.0,2853492718549.0,20452767287.0,2873945485836.0,28534.92718549,28739.45485836,119593637005.0,56767471.0,2438672249.0,129179423282.0,97367657.0,519056194.0
2023-12-01,2023,12,1453703702150.0,13289861419.0,1466993563569.0,1399789016399.0,7162905868.0,1406951922267.0,2853492718549.0,20452767287.0,2873945485836.0,28534.92718549,28739.45485836,119593637005.0,56767471.0,2438672249.0,129179423282.0,97367657.0,519056194.0
2023-12-04,2023,12,1453703702150.0,13289861419.0,1466993563569.0,1399789016399.0,7162905868.0,1406951922267.0,2853492718549.0,20452767287.0,2873945485836.0,28534.92718549,28739.45485836,119593637005.0,56767471.0,2438672249.0,129179423282.0,97367657.0,519056194.0
2023-12-05,2023,12,1453703702150.0,13289861419.0,1466993563569.0,1399789016399.0,7162905868.0,1406951922267.0,2853492718549.0,20452767287.0,2873945485836.0,28534.92718549,28739.45485836,119593637005.0,56767471.0,2438672249.0,129179423282.0,97367657.0,519056194.0
2023-12-06,2023,12,1453703702150.0,13289861419.0,1466993563569.0,1399789016399.0,7162905868.0,1406951922267.0,2853492718549.0,20452767287.0,2873945485836.0,28534.92718549,28739.45485836,119593637005.0,56767471.0,2438672249.0,129179423282.0,97367657.0,519056194.0
2023-12-07,2023,12,1453703702150.0,13289861419.0,1466993563569.0,1399789016399.0,7162905868.0,1406951922267.0,2853492718549.0,20452767287.0,2873945485836.0,28534.92718549,28739.45485836,119593637005.0,56767471.0,2438672249.0,129179423282.0,97367657.0,519056194.0
2023-12-08,2023,12,1453703702150.0,13289861419.0,1466993563569.0,1399789016399.0,7162905868.0,1406951922267.0,2853492718549.0,20452767287.0,2873945485836.0,28534.92718549,28739.45485836,119593637005.0,56767471.0,2438672249.0,129179423282.0,97367657.0,519056194.0
2023-12-11,2023,12,1453703702150.0,13289861419.0,1466993563569.0,1399789016399.0,7162905868.0,1406951922267.0,2853492718549.0,20452767287.0,2873945485836.0,28534.92718549,28739.45485836,119593637005.0,56767471.0,2438672249.0,129179423282.0,97367657.0,519056194.0
2023-12-12,2023,12,1453703702150.0,13289861419.0,1466993563569.0,1399789016399.0,7162905868.0,1406951922267.0,2853492718549.0,20452767287.0,2873945485836.0,28534.92718549,28739.45485836,119593637005.0,56767471.0,2438672249.0,129179423282.0,97367657.0,519056194.0
2023-12-13,2023,12,1453703702150.0,13289861419.0,1466993563569.0,1399789016399.0,7162905868.0,1406951922267.0,2853492718549.0,20452767287.0,2873945485836.0,28534.92718549,28739.45485836,119593637005.0,56767471.0,2438672249.0,129179423282.0,97367657.0,519056194.0
2023-12-14,2023,12,1453703702150.0,13289861419.0,1466993563569.0,1399789016399.0,7162905868.0,1406951922267.0,2853492718549.0,20452767287.0,2873945485836.0,28534.92718549,28739.45485836,119593637005.0,56767471.0,2438672249.0,129179423282.0,97367657.0,519056194.0
2023-12-15,2023,12,1453703702150.0,13289861419.0,1466993563569.0,1399789016399.0,7162905868.0,1406951922267.0,2853492718549.0,20452767287.0,2873945485836.0,28534.92718549,28739.45485836,119593637005.0,56767471.0,2438672249.0,129179423282.0,97367657.0,519056194.0
2023-12-18,2023,12,1453703702150.0,13289861419.0,1466993563569.0,1399789016399.0,7162905868.0,1406951922267.0,2853492718549.0,20452767287.0,2873945485836.0,28534.92718549,28739.45485836,119593637005.0,56767471.0,2438672249.0,129179423282.0,97367657.0,519056194.0
2023-12-19,2023,12,1453703702150.0,13289861419.0,1466993563569.0,1399789016399.0,7162905868.0,1406951922267.0,2853492718549.0,20452767287.0,2873945485836.0,28534.92718549,28739.45485836,119593637005.0,56767471.0,2438672249.0,129179423282.0,97367657.0,519056194.0
2023-12-20,2023,12,1453703702150.0,13289861419.0,1466993563569.0,1399789016399.0,7162905868.0,1406951922267.0,2853492718549.0,20452767287.0,2873945485836.0,28534.92718549,28739.45485836,119593637005.0,56767471.0,2438672249.0,129179423282.0,97367657.0,519056194.0
2023-12-21,2023,12,1453703702150.0,13289861419.0,1466993563569.0,1399789016399.0,7162905868.0,1406951922267.0,2853492718549.0,20452767287.0,2873945485836.0,28534.92718549,28739.45485836,119593637005.0,56767471.0,2438672249.0,129179423282.0,97367657.0,519056194.0
2023-12-22,2023,12,1453703702150.0,13289861419.0,1466993563569.0,1399789016399.0,7162905868.0,1406951922267.0,2853492718549.0,20452767287.0,2873945485836.0,28534.92718549,28739.45485836,119593637005.0,56767471.0,2438672249.0,129179423282.0,97367657.0,519056194.0
2023-12-25,2023,12,1453703702150.0,13289861419.0,1466993563569.0,1399789016399.0,7162905868.0,1406951922267.0,2853492718549.0,20452767287.0,2873945485836.0,28534.92718549,28739.45485836,119593637005.0,56767471.0,2438672249.0,129179423282.0,97367657.0,519056194.0
2023-12-26,2023,12,1453703702150.0,13289861419.0,1466993563569.0,1399789016399.0,7162905868.0,1406951922267.0,2853492718549.0,20452767287.0,2873945485836.0,28534.92718549,28739.45485836,119593637005.0,56767471.0,2438672249.0,129179423282.0,97367657.0,519056194.0
2023-12-27,2023,12,1453703702150.0,13289861419.0,1466993563569.0,1399789016399.0,7162905868.0,1406951922267.0,2853492718549.0,20452767287.0,2873945485836.0,28534.92718549,28739.45485836,119593637005.0,56767471.0,2438672249.0,129179423282.0,97367657.0,519056194.0
2023-12-28,2023,12,1453703702150.0,13289861419.0,1466993563569.0,1399789016399.0,7162905868.0,1406951922267.0,2853492718549.0,20452767287.0,2873945485836.0,28534.92718549,28739.45485836,119593637005.0,56767471.0,2438672249.0,129179423282.0,97367657.0,519056194.0
2023-12-29,2023,12,1453703702150.0,13289861419.0,1466993563569.0,1399789016399.0,7162905868.0,1406951922267.0,2853492718549.0,20452767287.0,2873945485836.0,28534.92718549,28739.45485836,119593637005.0,56767471.0,2438672249.0,129179423282.0,97367657.0,519056194.0
2024-01-02,2024,1,1453703702150.0,13289861419.0,1466993563569.0,1399789016399.0,7162905868.0,1406951922267.0,2853492718549.0,20452767287.0,2873945485836.0,28534.92718549,28739.45485836,119593637005.0,56767471.0,2438672249.0,129179423282.0,97367657.0,519056194.0
2024-01-03,2024,1,1453703702150.0,13289861419.0,1466993563569.0,1399789016399.0,7162905868.0,1406951922267.0,2853492718549.0,20452767287.0,2873945485836.0,28534.92718549,28739.45485836,119593637005.0,56767471.0,2438672249.0,129179423282.0,97367657.0,519056194.0
2024-01-04,2024,1,1453703702150.0,13289861419.0,1466993563569.0,1399789016399.0,7162905868.0,1406951922267.0,2853492718549.0,20452767287.0,2873945485836.0,28534.92718549,28739.45485836,119593637005.0,56767471.0,2438672249.0,129179423282.0,97367657.0,519056194.0
2024-01-05,2024,1,1453703702150.0,13289861419.0,1466993563569.0,1399789016399.0,7162905868.0,1406951922267.0,2853492718549.0,20452767287.0,2873945485836.0,28534.92718549,28739.45485836,119593637005.0,56767471.0,2438672249.0,129179423282.0,97367657.0,519056194.0
2024-01-08,2024,1,1453703702150.0,13289861419.0,1466993563569.0,1399789016399.0,7162905868.0,1406951922267.0,2853492718549.0,20452767287.0,2873945485836.0,28534.92718549,28739.45485836,119593637005.0,56767471.0,2438672249.0,129179423282.0,97367657.0,519056194.0
2024-01-09,2024,1,1453703702150.0,13289861419.0,1466993563569.0,1399789016399.0,7162905868.0,1406951922267.0,2853492718549.0,20452767287.0,2873945485836.0,28534.92718549,28739.45485836,119593637005.0,56767471.0,2438672249.0,129179423282.0,97367657.0,519056194.0
2024-01-10,2024,1,1453703702150.0,13289861419.0,1466993563569.0,1399789016399.0,7162905868.0,1406951922267.0,2853492718549.0,20452767287.0,2873945485836.0,28534.92718549,28739.45485836,119593637005.0,56767471.0,2438672249.0,129179423282.0,97367657.0,519056194.0
2024-01-11,2024,1,1453703702150.0,13289861419.0,1466993563569.0,1399789016399.0,7162905868.0,1406951922267.0,2853492718549.0,20452767287.0,2873945485836.0,28534.92718549,28739.45485836,119593637005.0,56767471.0,2438672249.0,129179423282.0,97367657.0,519056194.0
2024-01-12,2024,1,1453703702150.0,13289861419.0,1466993563569.0,1399789016399.0,7162905868.0,1406951922267.0,2853492718549.0,20452767287.0,2873945485836.0,28534.92718549,28739.45485836,119593637005.0,56767471.0,2438672249.0,129179423282.0,97367657.0,519056194.0
2024-01-15,2024,1,1453703702150.0,13289861419.0,1466993563569.0,1399789016399.0,7162905868.0,1406951922267.0,2853492718549.0,20452767287.0,2873945485836.0,28534.92718549,28739.45485836,119593637005.0,56767471.0,2438672249.0,129179423282.0,97367657.0,519056194.0
2024-01-16,2024,1,1453703702150.0,13289861419.0,1466993563569.0,1399789016399.0,7162905868.0,1406951922267.0,2853492718549.0,20452767287.0,2873945485836.0,28534.92718549,28739.45485836,119593637005.0,56767471.0,2438672249.0,129179423282.0,97367657.0,519056194.0
2024-01-17,2024,1,1453703702150.0,13289861419.0,1466993563569.0,1399789016399.0,7162905868.0,1406951922267.0,2853492718549.0,20452767287.0,2873945485836.0,28534.92718549,28739.45485836,119593637005.0,56767471.0,2438672249.0,129179423282.0,97367657.0,519056194.0
2024-01-18,2024,1,1453703702150.0,13289861419.0,1466993563569.0,1399789016399.0,7162905868.0,1406951922267.0,2853492718549.0,20452767287.0,2873945485836.0,28534.92718549,28739.45485836,119593637005.0,56767471.0,2438672249.0,129179423282.0,97367657.0,519056194.0
2024-01-19,2024,1,1453703702150.0,13289861419.0,1466993563569.0,1399789016399.0,7162905868.0,1406951922267.0,2853492718549.0,20452767287.0,2873945485836.0,28534.92718549,28739.45485836,119593637005.0,56767471.0,2438672249.0,129179423282.0,97367657.0,519056194.0
2024-01-22,2024,1,1453703702150.0,13289861419.0,1466993563569.0,1399789016399.0,7162905868.0,1406951922267.0,2853492718549.0,20452767287.0,2873945485836.0,28534.92718549,28739.45485836,119593637005.0,56767471.0,2438672249.0,129179423282.0,97367657.0,519056194.0
2024-01-23,2024,1,1453703702150.0,13289861419.0,1466993563569.0,1399789016399.0,7162905868.0,1406951922267.0,2853492718549.0,20452767287.0,2873945485836.0,28534.92718549,28739.45485836,119593637005.0,56767471.0,2438672249.0,129179423282.0,97367657.0,519056194.0
2024-01-24,2024,1,1453703702150.0,13289861419.0,1466993563569.0,1399789016399.0,7162905868.0,1406951922267.0,2853492718549.0,20452767287.0,2873945485836.0,28534.92718549,28739.45485836,119593637005.0,56767471.0,2438672249.0,129179423282.0,97367657.0,519056194.0
2024-01-25,2024,1,1453703702150.0,13289861419.0,1466993563569.0,1399789016399.0,7162905868.0,1406951922267.0,2853492718549.0,20452767287.0,2873945485836.0,28534.92718549,28739.45485836,119593637005.0,56767471.0,2438672249.0,129179423282.0,97367657.0,519056194.0
2024-01-26,2024,1,1453703702150.0,13289861419.0,1466993563569.0,1399789016399.0,7162905868.0,1406951922267.0,2853492718549.0,20452767287.0,2873945485836.0,28534.92718549,28739.45485836,119593637005.0,56767471.0,2438672249.0,129179423282.0,97367657.0,519056194.0
2024-01-29,2024,1,1453703702150.0,13289861419.0,1466993563569.0,1399789016399.0,7162905868.0,1406951922267.0,2853492718549.0,20452767287.0,2873945485836.0,28534.92718549,28739.45485836,119593637005.0,56767471.0,2438672249.0,129179423282.0,97367657.0,519056194.0
2024-01-30,2024,1,1453703702150.0,13289861419.0,1466993563569.0,1399789016399.0,7162905868.0,1406951922267.0,2853492718549.0,20452767287.0,2873945485836.0,28534.92718549,28739.45485836,119593637005.0,56767471.0,2438672249.0,129179423282.0,97367657.0,519056194.0
2024-01-31,2024,1,1453703702150.0,13289861419.0,1466993563569.0,1399789016399.0,7162905868.0,1406951922267.0,2853492718549.0,20452767287.0,2873945485836.0,28534.92718549,28739.45485836,119593637005.0,56767471.0,2438672249.0,129179423282.0,97367657.0,519056194.0
2024-02-01,2024,2,1453703702150.0,13289861419.0,1466993563569.0,1399789016399.0,7162905868.0,1406951922267.0,2853492718549.0,20452767287.0,2873945485836.0,28534.92718549,28739.45485836,119593637005.0,56767471.0,2438672249.0,129179423282.0,97367657.0,519056194.0
2024-02-02,2024,2,1453703702150.0,13289861419.0,1466993563569.0,1399789016399.0,7162905868.0,1406951922267.0,2853492718549.0,20452767287.0,2873945485836.0,28534.92718549,28739.45485836,119593637005.0,56767471.0,2438672249.0,129179423282.0,97367657.0,519056194.0
2024-02-05,2024,2,1453703702150.0,13289861419.0,1466993563569.0,1399789016399.0,7162905868.0,1406951922267.0,2853492718549.0,20452767287.0,2873945485836.0,28534.92718549,28739.45485836,119593637005.0,56767471.0,2438672249.0,129179423282.0,97367657.0,519056194.0
2024-02-06,2024,2,1453703702150.0,13289861419.0,1466993563569.0,1399789016399.0,7162905868.0,1406951922267.0,2853492718549.0,20452767287.0,2873945485836.0,28534.92718549,28739.45485836,119593637005.0,56767471.0,2438672249.0,129179423282.0,97367657.0,519056194.0
2024-02-07,2024,2,1453703702150.0,13289861419.0,1466993563569.0,1399789016399.0,7162905868.0,1406951922267.0,2853492718549.0,20452767287.0,2873945485836.0,28534.92718549,28739.45485836,119593637005.0,56767471.0,2438672249.0,129179423282.0,97367657.0,519056194.0
2024-02-08,2024,2,1453703702150.0,13289861419.0,1466993563569.0,1399789016399.0,7162905868.0,1406951922267.0,2853492718549.0,20452767287.0,2873945485836.0,28534.92718549,28739.45485836,119593637005.0,56767471.0,2438672249.0,129179423282.0,97367657.0,519056194.0
2024-02-19,2024,2,1453703702150.0,13289861419.0,1466993563569.0,1399789016399.0,7162905868.0,1406951922267.0,2853492718549.0,20452767287.0,2873945485836.0,28534.92718549,28739.45485836,119593637005.0,56767471.0,2438672249.0,129179423282.0,97367657.0,519056194.0
2024-02-20,2024,2,1453703702150.0,13289861419.0,1466993563569.0,1399789016399.0,7162905868.0,1406951922267.0,2853492718549.0,20452767287.0,2873945485836.0,28534.92718549,28739.45485836,119593637005.0,56767471.0,2438672249.0,129179423282.0,97367657.0,519056194.0
2024-02-21,2024,2,1453703702150.0,13289861419.0,1466993563569.0,1399789016399.0,7162905868.0,1406951922267.0,2853492718549.0,20452767287.0,2873945485836.0,28534.92718549,28739.45485836,119593637005.0,56767471.0,2438672249.0,129179423282.0,97367657.0,519056194.0
2024-02-22,2024,2,1453703702150.0,13289861419.0,1466993563569.0,1399789016399.0,7162905868.0,1406951922267.0,2853492718549.0,20452767287.0,2873945485836.0,28534.92718549,28739.45485836,119593637005.0,56767471.0,2438672249.0,129179423282.0,97367657.0,519056194.0
2024-02-23,2024,2,1453703702150.0,13289861419.0,1466993563569.0,1399789016399.0,7162905868.0,1406951922267.0,2853492718549.0,20452767287.0,2873945485836.0,28534.92718549,28739.45485836,119593637005.0,56767471.0,2438672249.0,129179423282.0,97367657.0,519056194.0
2024-02-26,2024,2,1453703702150.0,13289861419.0,1466993563569.0,1399789016399.0,7162905868.0,1406951922267.0,2853492718549.0,20452767287.0,2873945485836.0,28534.92718549,28739.45485836,119593637005.0,56767471.0,2438672249.0,129179423282.0,97367657.0,519056194.0
2024-02-27,2024,2,1453703702150.0,13289861419.0,1466993563569.0,1399789016399.0,7162905868.0,1406951922267.0,2853492718549.0,20452767287.0,2873945485836.0,28534.92718549,28739.45485836,119593637005.0,56767471.0,2438672249.0,129179423282.0,97367657.0,519056194.0
2024-02-28,2024,2,1453703702150.0,13289861419.0,1466993563569.0,1399789016399.0,7162905868.0,1406951922267.0,2853492718549.0,20452767287.0,2873945485836.0,28534.92718549,28739.45485836,119593637005.0,56767471.0,2438672249.0,129179423282.0,97367657.0,519056194.0
2024-02-29,2024,2,1453703702150.0,13289861419.0,1466993563569.0,1399789016399.0,7162905868.0,1406951922267.0,2853492718549.0,20452767287.0,2873945485836.0,28534.92718549,28739.45485836,119593637005.0,56767471.0,2438672249.0,129179423282.0,97367657.0,519056194.0
2024-03-01,2024,3,1453703702150.0,13289861419.0,1466993563569.0,1399789016399.0,7162905868.0,1406951922267.0,2853492718549.0,20452767287.0,2873945485836.0,28534.92718549,28739.45485836,119593637005.0,56767471.0,2438672249.0,129179423282.0,97367657.0,519056194.0
2024-03-04,2024,3,1453703702150.0,13289861419.0,1466993563569.0,1399789016399.0,7162905868.0,1406951922267.0,2853492718549.0,20452767287.0,2873945485836.0,28534.92718549,28739.45485836,119593637005.0,56767471.0,2438672249.0,129179423282.0,97367657.0,519056194.0
2024-03-05,2024,3,1453703702150.0,13289861419.0,1466993563569.0,1399789016399.0,7162905868.0,1406951922267.0,2853492718549.0,20452767287.0,2873945485836.0,28534.92718549,28739.45485836,119593637005.0,56767471.0,2438672249.0,129179423282.0,97367657.0,519056194.0
2024-03-06,2024,3,1453703702150.0,13289861419.0,1466993563569.0,1399789016399.0,7162905868.0,1406951922267.0,2853492718549.0,20452767287.0,2873945485836.0,28534.92718549,28739.45485836,119593637005.0,56767471.0,2438672249.0,129179423282.0,97367657.0,519056194.0
2024-03-07,2024,3,1453703702150.0,13289861419.0,1466993563569.0,1399789016399.0,7162905868.0,1406951922267.0,2853492718549.0,20452767287.0,2873945485836.0,28534.92718549,28739.45485836,119593637005.0,56767471.0,2438672249.0,129179423282.0,97367657.0,519056194.0
2024-03-08,2024,3,1453703702150.0,13289861419.0,1466993563569.0,1399789016399.0,7162905868.0,1406951922267.0,2853492718549.0,20452767287.0,2873945485836.0,28534.92718549,28739.45485836,119593637005.0,56767471.0,2438672249.0,129179423282.0,97367657.0,519056194.0
2024-03-11,2024,3,1453703702150.0,13289861419.0,1466993563569.0,1399789016399.0,7162905868.0,1406951922267.0,2853492718549.0,20452767287.0,2873945485836.0,28534.92718549,28739.45485836,119593637005.0,56767471.0,2438672249.0,129179423282.0,97367657.0,519056194.0
2024-03-12,2024,3,1453703702150.0,13289861419.0,1466993563569.0,1399789016399.0,7162905868.0,1406951922267.0,2853492718549.0,20452767287.0,2873945485836.0,28534.92718549,28739.45485836,119593637005.0,56767471.0,2438672249.0,129179423282.0,97367657.0,519056194.0
2024-03-13,2024,3,1453703702150.0,13289861419.0,1466993563569.0,1399789016399.0,7162905868.0,1406951922267.0,2853492718549.0,20452767287.0,2873945485836.0,28534.92718549,28739.45485836,119593637005.0,56767471.0,2438672249.0,129179423282.0,97367657.0,519056194.0
2024-03-14,2024,3,1453703702150.0,13289861419.0,1466993563569.0,1399789016399.0,7162905868.0,1406951922267.0,2853492718549.0,20452767287.0,2873945485836.0,28534.92718549,28739.45485836,119593637005.0,56767471.0,2438672249.0,129179423282.0,97367657.0,519056194.0
2024-03-15,2024,3,1453703702150.0,13289861419.0,1466993563569.0,1399789016399.0,7162905868.0,1406951922267.0,2853492718549.0,20452767287.0,2873945485836.0,28534.92718549,28739.45485836,119593637005.0,56767471.0,2438672249.0,129179423282.0,97367657.0,519056194.0
2024-03-18,2024,3,1453703702150.0,13289861419.0,1466993563569.0,1399789016399.0,7162905868.0,1406951922267.0,2853492718549.0,20452767287.0,2873945485836.0,28534.92718549,28739.45485836,119593637005.0,56767471.0,2438672249.0,129179423282.0,97367657.0,519056194.0
2024-03-19,2024,3,1453703702150.0,13289861419.0,1466993563569.0,1399789016399.0,7162905868.0,1406951922267.0,2853492718549.0,20452767287.0,2873945485836.0,28534.92718549,28739.45485836,119593637005.0,56767471.0,2438672249.0,129179423282.0,97367657.0,519056194.0
2024-03-20,2024,3,1453703702150.0,13289861419.0,1466993563569.0,1399789016399.0,7162905868.0,1406951922267.0,2853492718549.0,20452767287.0,2873945485836.0,28534.92718549,28739.45485836,119593637005.0,56767471.0,2438672249.0,129179423282.0,97367657.0,519056194.0
2024-03-21,2024,3,1453703702150.0,13289861419.0,1466993563569.0,1399789016399.0,7162905868.0,1406951922267.0,2853492718549.0,20452767287.0,2873945485836.0,28534.92718549,28739.45485836,119593637005.0,56767471.0,2438672249.0,129179423282.0,97367657.0,519056194.0
2024-03-22,2024,3,1453703702150.0,13289861419.0,1466993563569.0,1399789016399.0,7162905868.0,1406951922267.0,2853492718549.0,20452767287.0,2873945485836.0,28534.92718549,28739.45485836,119593637005.0,56767471.0,2438672249.0,129179423282.0,97367657.0,519056194.0
2024-03-25,2024,3,1453703702150.0,13289861419.0,1466993563569.0,1399789016399.0,7162905868.0,1406951922267.0,2853492718549.0,20452767287.0,2873945485836.0,28534.92718549,28739.45485836,119593637005.0,56767471.0,2438672249.0,129179423282.0,97367657.0,519056194.0
2024-03-26,2024,3,1453703702150.0,13289861419.0,1466993563569.0,1399789016399.0,7162905868.0,1406951922267.0,2853492718549.0,20452767287.0,2873945485836.0,28534.92718549,28739.45485836,119593637005.0,56767471.0,2438672249.0,129179423282.0,97367657.0,519056194.0
2024-03-27,2024,3,1453703702150.0,13289861419.0,1466993563569.0,1399789016399.0,7162905868.0,1406951922267.0,2853492718549.0,20452767287.0,2873945485836.0,28534.92718549,28739.45485836,119593637005.0,56767471.0,2438672249.0,129179423282.0,97367657.0,519056194.0
2024-03-28,2024,3,1453703702150.0,13289861419.0,1466993563569.0,1399789016399.0,7162905868.0,1406951922267.0,2853492718549.0,20452767287.0,2873945485836.0,28534.92718549,28739.45485836,119593637005.0,56767471.0,2438672249.0,129179423282.0,97367657.0,519056194.0
2024-03-29,2024,3,1453703702150.0,13289861419.0,1466993563569.0,1399789016399.0,7162905868.0,1406951922267.0,2853492718549.0,20452767287.0,2873945485836.0,28534.92718549,28739.45485836,119593637005.0,56767471.0,2438672249.0,129179423282.0,97367657.0,519056194.0
2024-04-01,2024,4,1453703702150.0,13289861419.0,1466993563569.0,1399789016399.0,7162905868.0,1406951922267.0,2853492718549.0,20452767287.0,2873945485836.0,28534.92718549,28739.45485836,119593637005.0,56767471.0,2438672249.0,129179423282.0,97367657.0,519056194.0
2024-04-02,2024,4,1453703702150.0,13289861419.0,1466993563569.0,1399789016399.0,7162905868.0,1406951922267.0,2853492718549.0,20452767287.0,2873945485836.0,28534.92718549,28739.45485836,119593637005.0,56767471.0,2438672249.0,129179423282.0,97367657.0,519056194.0
2024-04-03,2024,4,1453703702150.0,13289861419.0,1466993563569.0,1399789016399.0,7162905868.0,1406951922267.0,2853492718549.0,20452767287.0,2873945485836.0,28534.92718549,28739.45485836,119593637005.0,56767471.0,2438672249.0,129179423282.0,97367657.0,519056194.0
2024-04-08,2024,4,1453703702150.0,13289861419.0,1466993563569.0,1399789016399.0,7162905868.0,1406951922267.0,2853492718549.0,20452767287.0,2873945485836.0,28534.92718549,28739.45485836,119593637005.0,56767471.0,2438672249.0,129179423282.0,97367657.0,519056194.0
2024-04-09,2024,4,1453703702150.0,13289861419.0,1466993563569.0,1399789016399.0,7162905868.0,1406951922267.0,2853492718549.0,20452767287.0,2873945485836.0,28534.92718549,28739.45485836,119593637005.0,56767471.0,2438672249.0,129179423282.0,97367657.0,519056194.0
2024-04-10,2024,4,1453703702150.0,13289861419.0,1466993563569.0,1399789016399.0,7162905868.0,1406951922267.0,2853492718549.0,20452767287.0,2873945485836.0,28534.92718549,28739.45485836,119593637005.0,56767471.0,2438672249.0,129179423282.0,97367657.0,519056194.0
2024-04-11,2024,4,1453703702150.0,13289861419.0,1466993563569.0,1399789016399.0,7162905868.0,1406951922267.0,2853492718549.0,20452767287.0,2873945485836.0,28534.92718549,28739.45485836,119593637005.0,56767471.0,2438672249.0,129179423282.0,97367657.0,519056194.0
2024-04-12,2024,4,1453703702150.0,13289861419.0,1466993563569.0,1399789016399.0,7162905868.0,1406951922267.0,2853492718549.0,20452767287.0,2873945485836.0,28534.92718549,28739.45485836,119593637005.0,56767471.0,2438672249.0,129179423282.0,97367657.0,519056194.0
2024-04-15,2024,4,1453703702150.0,13289861419.0,1466993563569.0,1399789016399.0,7162905868.0,1406951922267.0,2853492718549.0,20452767287.0,2873945485836.0,28534.92718549,28739.45485836,119593637005.0,56767471.0,2438672249.0,129179423282.0,97367657.0,519056194.0
2024-04-16,2024,4,1453703702150.0,13289861419.0,1466993563569.0,1399789016399.0,7162905868.0,1406951922267.0,2853492718549.0,20452767287.0,2873945485836.0,28534.92718549,28739.45485836,119593637005.0,56767471.0,2438672249.0,129179423282.0,97367657.0,519056194.0
2024-04-17,2024,4,1453703702150.0,13289861419.0,1466993563569.0,1399789016399.0,7162905868.0,1406951922267.0,2853492718549.0,20452767287.0,2873945485836.0,28534.92718549,28739.45485836,119593637005.0,56767471.0,2438672249.0,129179423282.0,97367657.0,519056194.0
2024-04-18,2024,4,1453703702150.0,13289861419.0,1466993563569.0,1399789016399.0,7162905868.0,1406951922267.0,2853492718549.0,20452767287.0,2873945485836.0,28534.92718549,28739.45485836,119593637005.0,56767471.0,2438672249.0,129179423282.0,97367657.0,519056194.0
2024-04-19,2024,4,1453703702150.0,13289861419.0,1466993563569.0,1399789016399.0,7162905868.0,1406951922267.0,2853492718549.0,20452767287.0,2873945485836.0,28534.92718549,28739.45485836,119593637005.0,56767471.0,2438672249.0,129179423282.0,97367657.0,519056194.0
2024-04-22,2024,4,1453703702150.0,13289861419.0,1466993563569.0,1399789016399.0,7162905868.0,1406951922267.0,2853492718549.0,20452767287.0,2873945485836.0,28534.92718549,28739.45485836,119593637005.0,56767471.0,2438672249.0,129179423282.0,97367657.0,519056194.0
2024-04-23,2024,4,1453703702150.0,13289861419.0,1466993563569.0,1399789016399.0,7162905868.0,1406951922267.0,2853492718549.0,20452767287.0,2873945485836.0,28534.92718549,28739.45485836,119593637005.0,56767471.0,2438672249.0,129179423282.0,97367657.0,519056194.0
2024-04-24,2024,4,1453703702150.0,13289861419.0,1466993563569.0,1399789016399.0,7162905868.0,1406951922267.0,2853492718549.0,20452767287.0,2873945485836.0,28534.92718549,28739.45485836,119593637005.0,56767471.0,2438672249.0,129179423282.0,97367657.0,519056194.0
2024-04-25,2024,4,1453703702150.0,13289861419.0,1466993563569.0,1399789016399.0,7162905868.0,1406951922267.0,2853492718549.0,20452767287.0,2873945485836.0,28534.92718549,28739.45485836,119593637005.0,56767471.0,2438672249.0,129179423282.0,97367657.0,519056194.0
2024-04-26,2024,4,1453703702150.0,13289861419.0,1466993563569.0,1399789016399.0,7162905868.0,1406951922267.0,2853492718549.0,20452767287.0,2873945485836.0,28534.92718549,28739.45485836,119593637005.0,56767471.0,2438672249.0,129179423282.0,97367657.0,519056194.0
2024-04-29,2024,4,1453703702150.0,13289861419.0,1466993563569.0,1399789016399.0,7162905868.0,1406951922267.0,2853492718549.0,20452767287.0,2873945485836.0,28534.92718549,28739.45485836,119593637005.0,56767471.0,2438672249.0,129179423282.0,97367657.0,519056194.0
2024-04-30,2024,4,1453703702150.0,13289861419.0,1466993563569.0,1399789016399.0,7162905868.0,1406951922267.0,2853492718549.0,20452767287.0,2873945485836.0,28534.92718549,28739.45485836,119593637005.0,56767471.0,2438672249.0,129179423282.0,97367657.0,519056194.0
2024-05-06,2024,5,1453703702150.0,13289861419.0,1466993563569.0,1399789016399.0,7162905868.0,1406951922267.0,2853492718549.0,20452767287.0,2873945485836.0,28534.92718549,28739.45485836,119593637005.0,56767471.0,2438672249.0,129179423282.0,97367657.0,519056194.0
2024-05-07,2024,5,1453703702150.0,13289861419.0,1466993563569.0,1399789016399.0,7162905868.0,1406951922267.0,2853492718549.0,20452767287.0,2873945485836.0,28534.92718549,28739.45485836,119593637005.0,56767471.0,2438672249.0,129179423282.0,97367657.0,519056194.0
2024-05-08,2024,5,1453703702150.0,13289861419.0,1466993563569.0,1399789016399.0,7162905868.0,1406951922267.0,2853492718549.0,20452767287.0,2873945485836.0,28534.92718549,28739.45485836,119593637005.0,56767471.0,2438672249.0,129179423282.0,97367657.0,519056194.0
2024-05-09,2024,5,1453703702150.0,13289861419.0,1466993563569.0,1399789016399.0,7162905868.0,1406951922267.0,2853492718549.0,20452767287.0,2873945485836.0,28534.92718549,28739.45485836,119593637005.0,56767471.0,2438672249.0,129179423282.0,97367657.0,519056194.0
2024-05-10,2024,5,1453703702150.0,13289861419.0,1466993563569.0,1399789016399.0,7162905868.0,1406951922267.0,2853492718549.0,20452767287.0,2873945485836.0,28534.92718549,28739.45485836,119593637005.0,56767471.0,2438672249.0,129179423282.0,97367657.0,519056194.0
2024-05-13,2024,5,1453703702150.0,13289861419.0,1466993563569.0,1399789016399.0,7162905868.0,1406951922267.0,2853492718549.0,20452767287.0,2873945485836.0,28534.92718549,28739.45485836,119593637005.0,56767471.0,2438672249.0,129179423282.0,97367657.0,519056194.0
2024-05-14,2024,5,1453703702150.0,13289861419.0,1466993563569.0,1399789016399.0,7162905868.0,1406951922267.0,2853492718549.0,20452767287.0,2873945485836.0,28534.92718549,28739.45485836,119593637005.0,56767471.0,2438672249.0,129179423282.0,97367657.0,519056194.0
2024-05-15,2024,5,1453703702150.0,13289861419.0,1466993563569.0,1399789016399.0,7162905868.0,1406951922267.0,2853492718549.0,20452767287.0,2873945485836.0,28534.92718549,28739.45485836,119593637005.0,56767471.0,2438672249.0,129179423282.0,97367657.0,519056194.0
2024-05-16,2024,5,1453703702150.0,13289861419.0,1466993563569.0,1399789016399.0,7162905868.0,1406951922267.0,2853492718549.0,20452767287.0,2873945485836.0,28534.92718549,28739.45485836,119593637005.0,56767471.0,2438672249.0,129179423282.0,97367657.0,519056194.0
2024-05-17,2024,5,1453703702150.0,13289861419.0,1466993563569.0,1399789016399.0,7162905868.0,1406951922267.0,2853492718549.0,20452767287.0,2873945485836.0,28534.92718549,28739.45485836,119593637005.0,56767471.0,2438672249.0,129179423282.0,97367657.0,519056194.0
2024-05-20,2024,5,1453703702150.0,13289861419.0,1466993563569.0,1399789016399.0,7162905868.0,1406951922267.0,2853492718549.0,20452767287.0,2873945485836.0,28534.92718549,28739.45485836,119593637005.0,56767471.0,2438672249.0,129179423282.0,97367657.0,519056194.0
2024-05-21,2024,5,1453703702150.0,13289861419.0,1466993563569.0,1399789016399.0,7162905868.0,1406951922267.0,2853492718549.0,20452767287.0,2873945485836.0,28534.92718549,28739.45485836,119593637005.0,56767471.0,2438672249.0,129179423282.0,97367657.0,519056194.0
2024-05-22,2024,5,1453703702150.0,13289861419.0,1466993563569.0,1399789016399.0,7162905868.0,1406951922267.0,2853492718549.0,20452767287.0,2873945485836.0,28534.92718549,28739.45485836,119593637005.0,56767471.0,2438672249.0,129179423282.0,97367657.0,519056194.0
2024-05-23,2024,5,1453703702150.0,13289861419.0,1466993563569.0,1399789016399.0,7162905868.0,1406951922267.0,2853492718549.0,20452767287.0,2873945485836.0,28534.92718549,28739.45485836,119593637005.0,56767471.0,2438672249.0,129179423282.0,97367657.0,519056194.0
2024-05-24,2024,5,1453703702150.0,13289861419.0,1466993563569.0,1399789016399.0,7162905868.0,1406951922267.0,2853492718549.0,20452767287.0,2873945485836.0,28534.92718549,28739.45485836,119593637005.0,56767471.0,2438672249.0,129179423282.0,97367657.0,519056194.0
2024-05-27,2024,5,1453703702150.0,13289861419.0,1466993563569.0,1399789016399.0,7162905868.0,1406951922267.0,2853492718549.0,20452767287.0,2873945485836.0,28534.92718549,28739.45485836,119593637005.0,56767471.0,2438672249.0,129179423282.0,97367657.0,519056194.0
2024-05-28,2024,5,1453703702150.0,13289861419.0,1466993563569.0,1399789016399.0,7162905868.0,1406951922267.0,2853492718549.0,20452767287.0,2873945485836.0,28534.92718549,28739.45485836,119593637005.0,56767471.0,2438672249.0,129179423282.0,97367657.0,519056194.0
2024-05-29,2024,5,1453703702150.0,13289861419.0,1466993563569.0,1399789016399.0,7162905868.0,1406951922267.0,2853492718549.0,20452767287.0,2873945485836.0,28534.92718549,28739.45485836,119593637005.0,56767471.0,2438672249.0,129179423282.0,97367657.0,519056194.0
2024-05-30,2024,5,1453703702150.0,13289861419.0,1466993563569.0,1399789016399.0,7162905868.0,1406951922267.0,2853492718549.0,20452767287.0,2873945485836.0,28534.92718549,28739.45485836,119593637005.0,56767471.0,2438672249.0,129179423282.0,97367657.0,519056194.0
2024-05-31,2024,5,1453703702150.0,13289861419.0,1466993563569.0,1399789016399.0,7162905868.0,1406951922267.0,2853492718549.0,20452767287.0,2873945485836.0,28534.92718549,28739.45485836,119593637005.0,56767471.0,2438672249.0,129179423282.0,97367657.0,519056194.0
2024-06-03,2024,6,1453703702150.0,13289861419.0,1466993563569.0,1399789016399.0,7162905868.0,1406951922267.0,2853492718549.0,20452767287.0,2873945485836.0,28534.92718549,28739.45485836,119593637005.0,56767471.0,2438672249.0,129179423282.0,97367657.0,519056194.0
2024-06-04,2024,6,1453703702150.0,13289861419.0,1466993563569.0,1399789016399.0,7162905868.0,1406951922267.0,2853492718549.0,20452767287.0,2873945485836.0,28534.92718549,28739.45485836,119593637005.0,56767471.0,2438672249.0,129179423282.0,97367657.0,519056194.0
2024-06-05,2024,6,1453703702150.0,13289861419.0,1466993563569.0,1399789016399.0,7162905868.0,1406951922267.0,2853492718549.0,20452767287.0,2873945485836.0,28534.92718549,28739.45485836,119593637005.0,56767471.0,2438672249.0,129179423282.0,97367657.0,519056194.0
2024-06-06,2024,6,1453703702150.0,13289861419.0,1466993563569.0,1399789016399.0,7162905868.0,1406951922267.0,2853492718549.0,20452767287.0,2873945485836.0,28534.92718549,28739.45485836,119593637005.0,56767471.0,2438672249.0,129179423282.0,97367657.0,519056194.0
2024-06-07,2024,6,1453703702150.0,13289861419.0,1466993563569.0,1399789016399.0,7162905868.0,1406951922267.0,2853492718549.0,20452767287.0,2873945485836.0,28534.92718549,28739.45485836,119593637005.0,56767471.0,2438672249.0,129179423282.0,97367657.0,519056194.0
2024-06-11,2024,6,1453703702150.0,13289861419.0,1466993563569.0,1399789016399.0,7162905868.0,1406951922267.0,2853492718549.0,20452767287.0,2873945485836.0,28534.92718549,28739.45485836,119593637005.0,56767471.0,2438672249.0,129179423282.0,97367657.0,519056194.0
2024-06-12,2024,6,1453703702150.0,13289861419.0,1466993563569.0,1399789016399.0,7162905868.0,1406951922267.0,2853492718549.0,20452767287.0,2873945485836.0,28534.92718549,28739.45485836,119593637005.0,56767471.0,2438672249.0,129179423282.0,97367657.0,519056194.0
2024-06-13,2024,6,1453703702150.0,13289861419.0,1466993563569.0,1399789016399.0,7162905868.0,1406951922267.0,2853492718549.0,20452767287.0,2873945485836.0,28534.92718549,28739.45485836,119593637005.0,56767471.0,2438672249.0,129179423282.0,97367657.0,519056194.0
2024-06-14,2024,6,1453703702150.0,13289861419.0,1466993563569.0,1399789016399.0,7162905868.0,1406951922267.0,2853492718549.0,20452767287.0,2873945485836.0,28534.92718549,28739.45485836,119593637005.0,56767471.0,2438672249.0,129179423282.0,97367657.0,519056194.0
2024-06-17,2024,6,1453703702150.0,13289861419.0,1466993563569.0,1399789016399.0,7162905868.0,1406951922267.0,2853492718549.0,20452767287.0,2873945485836.0,28534.92718549,28739.45485836,119593637005.0,56767471.0,2438672249.0,129179423282.0,97367657.0,519056194.0
2024-06-18,2024,6,1453703702150.0,13289861419.0,1466993563569.0,1399789016399.0,7162905868.0,1406951922267.0,2853492718549.0,20452767287.0,2873945485836.0,28534.92718549,28739.45485836,119593637005.0,56767471.0,2438672249.0,129179423282.0,97367657.0,519056194.0
2024-06-19,2024,6,1453703702150.0,13289861419.0,1466993563569.0,1399789016399.0,7162905868.0,1406951922267.0,2853492718549.0,20452767287.0,2873945485836.0,28534.92718549,28739.45485836,119593637005.0,56767471.0,2438672249.0,129179423282.0,97367657.0,519056194.0
2024-06-20,2024,6,1453703702150.0,13289861419.0,1466993563569.0,1399789016399.0,7162905868.0,1406951922267.0,2853492718549.0,20452767287.0,2873945485836.0,28534.92718549,28739.45485836,119593637005.0,56767471.0,2438672249.0,129179423282.0,97367657.0,519056194.0
2024-06-21,2024,6,1453703702150.0,13289861419.0,1466993563569.0,1399789016399.0,7162905868.0,1406951922267.0,2853492718549.0,20452767287.0,2873945485836.0,28534.92718549,28739.45485836,119593637005.0,56767471.0,2438672249.0,129179423282.0,97367657.0,519056194.0
2024-06-24,2024,6,1453703702150.0,13289861419.0,1466993563569.0,1399789016399.0,7162905868.0,1406951922267.0,2853492718549.0,20452767287.0,2873945485836.0,28534.92718549,28739.45485836,119593637005.0,56767471.0,2438672249.0,129179423282.0,97367657.0,519056194.0
2024-06-25,2024,6,1453703702150.0,13289861419.0,1466993563569.0,1399789016399.0,7162905868.0,1406951922267.0,2853492718549.0,20452767287.0,2873945485836.0,28534.92718549,28739.45485836,119593637005.0,56767471.0,2438672249.0,129179423282.0,97367657.0,519056194.0
2024-06-26,2024,6,1453703702150.0,13289861419.0,1466993563569.0,1399789016399.0,7162905868.0,1406951922267.0,2853492718549.0,20452767287.0,2873945485836.0,28534.92718549,28739.45485836,119593637005.0,56767471.0,2438672249.0,129179423282.0,97367657.0,519056194.0
2024-06-27,2024,6,1453703702150.0,13289861419.0,1466993563569.0,1399789016399.0,7162905868.0,1406951922267.0,2853492718549.0,20452767287.0,2873945485836.0,28534.92718549,28739.45485836,119593637005.0,56767471.0,2438672249.0,129179423282.0,97367657.0,519056194.0
2024-06-28,2024,6,1453703702150.0,13289861419.0,1466993563569.0,1399789016399.0,7162905868.0,1406951922267.0,2853492718549.0,20452767287.0,2873945485836.0,28534.92718549,28739.45485836,119593637005.0,56767471.0,2438672249.0,129179423282.0,97367657.0,519056194.0
2024-07-01,2024,7,1453703702150.0,13289861419.0,1466993563569.0,1399789016399.0,7162905868.0,1406951922267.0,2853492718549.0,20452767287.0,2873945485836.0,28534.92718549,28739.45485836,119593637005.0,56767471.0,2438672249.0,129179423282.0,97367657.0,519056194.0
2024-07-02,2024,7,1453703702150.0,13289861419.0,1466993563569.0,1399789016399.0,7162905868.0,1406951922267.0,2853492718549.0,20452767287.0,2873945485836.0,28534.92718549,28739.45485836,119593637005.0,56767471.0,2438672249.0,129179423282.0,97367657.0,519056194.0
2024-07-03,2024,7,1453703702150.0,13289861419.0,1466993563569.0,1399789016399.0,7162905868.0,1406951922267.0,2853492718549.0,20452767287.0,2873945485836.0,28534.92718549,28739.45485836,119593637005.0,56767471.0,2438672249.0,129179423282.0,97367657.0,519056194.0
2024-07-04,2024,7,1453703702150.0,13289861419.0,1466993563569.0,1399789016399.0,7162905868.0,1406951922267.0,2853492718549.0,20452767287.0,2873945485836.0,28534.92718549,28739.45485836,119593637005.0,56767471.0,2438672249.0,129179423282.0,97367657.0,519056194.0
2024-07-05,2024,7,1453703702150.0,13289861419.0,1466993563569.0,1399789016399.0,7162905868.0,1406951922267.0,2853492718549.0,20452767287.0,2873945485836.0,28534.92718549,28739.45485836,119593637005.0,56767471.0,2438672249.0,129179423282.0,97367657.0,519056194.0
2024-07-08,2024,7,1453703702150.0,13289861419.0,1466993563569.0,1399789016399.0,7162905868.0,1406951922267.0,2853492718549.0,20452767287.0,2873945485836.0,28534.92718549,28739.45485836,119593637005.0,56767471.0,2438672249.0,129179423282.0,97367657.0,519056194.0
2024-07-09,2024,7,1453703702150.0,13289861419.0,1466993563569.0,1399789016399.0,7162905868.0,1406951922267.0,2853492718549.0,20452767287.0,2873945485836.0,28534.92718549,28739.45485836,119593637005.0,56767471.0,2438672249.0,129179423282.0,97367657.0,519056194.0
2024-07-10,2024,7,1453703702150.0,13289861419.0,1466993563569.0,1399789016399.0,7162905868.0,1406951922267.0,2853492718549.0,20452767287.0,2873945485836.0,28534.92718549,28739.45485836,119593637005.0,56767471.0,2438672249.0,129179423282.0,97367657.0,519056194.0
2024-07-11,2024,7,1453703702150.0,13289861419.0,1466993563569.0,1399789016399.0,7162905868.0,1406951922267.0,2853492718549.0,20452767287.0,2873945485836.0,28534.92718549,28739.45485836,119593637005.0,56767471.0,2438672249.0,129179423282.0,97367657.0,519056194.0
2024-07-12,2024,7,1453703702150.0,13289861419.0,1466993563569.0,1399789016399.0,7162905868.0,1406951922267.0,2853492718549.0,20452767287.0,2873945485836.0,28534.92718549,28739.45485836,119593637005.0,56767471.0,2438672249.0,129179423282.0,97367657.0,519056194.0
2024-07-15,2024,7,1453703702150.0,13289861419.0,1466993563569.0,1399789016399.0,7162905868.0,1406951922267.0,2853492718549.0,20452767287.0,2873945485836.0,28534.92718549,28739.45485836,119593637005.0,56767471.0,2438672249.0,129179423282.0,97367657.0,519056194.0
2024-07-16,2024,7,1453703702150.0,13289861419.0,1466993563569.0,1399789016399.0,7162905868.0,1406951922267.0,2853492718549.0,20452767287.0,2873945485836.0,28534.92718549,28739.45485836,119593637005.0,56767471.0,2438672249.0,129179423282.0,97367657.0,519056194.0
2024-07-17,2024,7,1453703702150.0,13289861419.0,1466993563569.0,1399789016399.0,7162905868.0,1406951922267.0,2853492718549.0,20452767287.0,2873945485836.0,28534.92718549,28739.45485836,119593637005.0,56767471.0,2438672249.0,129179423282.0,97367657.0,519056194.0
2024-07-18,2024,7,1453703702150.0,13289861419.0,1466993563569.0,1399789016399.0,7162905868.0,1406951922267.0,2853492718549.0,20452767287.0,2873945485836.0,28534.92718549,28739.45485836,119593637005.0,56767471.0,2438672249.0,129179423282.0,97367657.0,519056194.0
2024-07-19,2024,7,1453703702150.0,13289861419.0,1466993563569.0,1399789016399.0,7162905868.0,1406951922267.0,2853492718549.0,20452767287.0,2873945485836.0,28534.92718549,28739.45485836,119593637005.0,56767471.0,2438672249.0,129179423282.0,97367657.0,519056194.0
2024-07-22,2024,7,1453703702150.0,13289861419.0,1466993563569.0,1399789016399.0,7162905868.0,1406951922267.0,2853492718549.0,20452767287.0,2873945485836.0,28534.92718549,28739.45485836,119593637005.0,56767471.0,2438672249.0,129179423282.0,97367657.0,519056194.0
2024-07-23,2024,7,1453703702150.0,13289861419.0,1466993563569.0,1399789016399.0,7162905868.0,1406951922267.0,2853492718549.0,20452767287.0,2873945485836.0,28534.92718549,28739.45485836,119593637005.0,56767471.0,2438672249.0,129179423282.0,97367657.0,519056194.0
2024-07-24,2024,7,1453703702150.0,13289861419.0,1466993563569.0,1399789016399.0,7162905868.0,1406951922267.0,2853492718549.0,20452767287.0,2873945485836.0,28534.92718549,28739.45485836,119593637005.0,56767471.0,2438672249.0,129179423282.0,97367657.0,519056194.0
2024-07-25,2024,7,1453703702150.0,13289861419.0,1466993563569.0,1399789016399.0,7162905868.0,1406951922267.0,2853492718549.0,20452767287.0,2873945485836.0,28534.92718549,28739.45485836,119593637005.0,56767471.0,2438672249.0,129179423282.0,97367657.0,519056194.0
2024-07-26,2024,7,1453703702150.0,13289861419.0,1466993563569.0,1399789016399.0,7162905868.0,1406951922267.0,2853492718549.0,20452767287.0,2873945485836.0,28534.92718549,28739.45485836,119593637005.0,56767471.0,2438672249.0,129179423282.0,97367657.0,519056194.0
2024-07-29,2024,7,1453703702150.0,13289861419.0,1466993563569.0,1399789016399.0,7162905868.0,1406951922267.0,2853492718549.0,20452767287.0,2873945485836.0,28534.92718549,28739.45485836,119593637005.0,56767471.0,2438672249.0,129179423282.0,97367657.0,519056194.0
2024-07-30,2024,7,1453703702150.0,13289861419.0,1466993563569.0,1399789016399.0,7162905868.0,1406951922267.0,2853492718549.0,20452767287.0,2873945485836.0,28534.92718549,28739.45485836,119593637005.0,56767471.0,2438672249.0,129179423282.0,97367657.0,519056194.0
2024-07-31,2024,7,1453703702150.0,13289861419.0,1466993563569.0,1399789016399.0,7162905868.0,1406951922267.0,2853492718549.0,20452767287.0,2873945485836.0,28534.92718549,28739.45485836,119593637005.0,56767471.0,2438672249.0,129179423282.0,97367657.0,519056194.0
2024-08-01,2024,8,1453703702150.0,13289861419.0,1466993563569.0,1399789016399.0,7162905868.0,1406951922267.0,2853492718549.0,20452767287.0,2873945485836.0,28534.92718549,28739.45485836,119593637005.0,56767471.0,2438672249.0,129179423282.0,97367657.0,519056194.0
2024-08-02,2024,8,1453703702150.0,13289861419.0,1466993563569.0,1399789016399.0,7162905868.0,1406951922267.0,2853492718549.0,20452767287.0,2873945485836.0,28534.92718549,28739.45485836,119593637005.0,56767471.0,2438672249.0,129179423282.0,97367657.0,519056194.0
2024-08-05,2024,8,1453703702150.0,13289861419.0,1466993563569.0,1399789016399.0,7162905868.0,1406951922267.0,2853492718549.0,20452767287.0,2873945485836.0,28534.92718549,28739.45485836,119593637005.0,56767471.0,2438672249.0,129179423282.0,97367657.0,519056194.0
2024-08-06,2024,8,1453703702150.0,13289861419.0,1466993563569.0,1399789016399.0,7162905868.0,1406951922267.0,2853492718549.0,20452767287.0,2873945485836.0,28534.92718549,28739.45485836,119593637005.0,56767471.0,2438672249.0,129179423282.0,97367657.0,519056194.0
2024-08-07,2024,8,1453703702150.0,13289861419.0,1466993563569.0,1399789016399.0,7162905868.0,1406951922267.0,2853492718549.0,20452767287.0,2873945485836.0,28534.92718549,28739.45485836,119593637005.0,56767471.0,2438672249.0,129179423282.0,97367657.0,519056194.0
2024-08-08,2024,8,1453703702150.0,13289861419.0,1466993563569.0,1399789016399.0,7162905868.0,1406951922267.0,2853492718549.0,20452767287.0,2873945485836.0,28534.92718549,28739.45485836,119593637005.0,56767471.0,2438672249.0,129179423282.0,97367657.0,519056194.0
2024-08-09,2024,8,1453703702150.0,13289861419.0,1466993563569.0,1399789016399.0,7162905868.0,1406951922267.0,2853492718549.0,20452767287.0,2873945485836.0,28534.92718549,28739.45485836,119593637005.0,56767471.0,2438672249.0,129179423282.0,97367657.0,519056194.0
2024-08-12,2024,8,1453703702150.0,13289861419.0,1466993563569.0,1399789016399.0,7162905868.0,1406951922267.0,2853492718549.0,20452767287.0,2873945485836.0,28534.92718549,28739.45485836,119593637005.0,56767471.0,2438672249.0,129179423282.0,97367657.0,519056194.0
2024-08-13,2024,8,1453703702150.0,13289861419.0,1466993563569.0,1399789016399.0,7162905868.0,1406951922267.0,2853492718549.0,20452767287.0,2873945485836.0,28534.92718549,28739.45485836,119593637005.0,56767471.0,2438672249.0,129179423282.0,97367657.0,519056194.0
2024-08-14,2024,8,1453703702150.0,13289861419.0,1466993563569.0,1399789016399.0,7162905868.0,1406951922267.0,2853492718549.0,20452767287.0,2873945485836.0,28534.92718549,28739.45485836,119593637005.0,56767471.0,2438672249.0,129179423282.0,97367657.0,519056194.0
2024-08-15,2024,8,1453703702150.0,13289861419.0,1466993563569.0,1399789016399.0,7162905868.0,1406951922267.0,2853492718549.0,20452767287.0,2873945485836.0,28534.92718549,28739.45485836,119593637005.0,56767471.0,2438672249.0,129179423282.0,97367657.0,519056194.0
2024-08-16,2024,8,1453703702150.0,13289861419.0,1466993563569.0,1399789016399.0,7162905868.0,1406951922267.0,2853492718549.0,20452767287.0,2873945485836.0,28534.92718549,28739.45485836,119593637005.0,56767471.0,2438672249.0,129179423282.0,97367657.0,519056194.0
2024-08-19,2024,8,1453703702150.0,13289861419.0,1466993563569.0,1399789016399.0,7162905868.0,1406951922267.0,2853492718549.0,20452767287.0,2873945485836.0,28534.92718549,28739.45485836,119593637005.0,56767471.0,2438672249.0,129179423282.0,97367657.0,519056194.0
2024-08-20,2024,8,1453703702150.0,13289861419.0,1466993563569.0,1399789016399.0,7162905868.0,1406951922267.0,2853492718549.0,20452767287.0,2873945485836.0,28534.92718549,28739.45485836,119593637005.0,56767471.0,2438672249.0,129179423282.0,97367657.0,519056194.0
2024-08-21,2024,8,1453703702150.0,13289861419.0,1466993563569.0,1399789016399.0,7162905868.0,1406951922267.0,2853492718549.0,20452767287.0,2873945485836.0,28534.92718549,28739.45485836,119593637005.0,56767471.0,2438672249.0,129179423282.0,97367657.0,519056194.0
2024-08-22,2024,8,1453703702150.0,13289861419.0,1466993563569.0,1399789016399.0,7162905868.0,1406951922267.0,2853492718549.0,20452767287.0,2873945485836.0,28534.92718549,28739.45485836,119593637005.0,56767471.0,2438672249.0,129179423282.0,97367657.0,519056194.0
2024-08-23,2024,8,1453703702150.0,13289861419.0,1466993563569.0,1399789016399.0,7162905868.0,1406951922267.0,2853492718549.0,20452767287.0,2873945485836.0,28534.92718549,28739.45485836,119593637005.0,56767471.0,2438672249.0,129179423282.0,97367657.0,519056194.0
2024-08-26,2024,8,1453703702150.0,13289861419.0,1466993563569.0,1399789016399.0,7162905868.0,1406951922267.0,2853492718549.0,20452767287.0,2873945485836.0,28534.92718549,28739.45485836,119593637005.0,56767471.0,2438672249.0,129179423282.0,97367657.0,519056194.0
2024-08-27,2024,8,1453703702150.0,13289861419.0,1466993563569.0,1399789016399.0,7162905868.0,1406951922267.0,2853492718549.0,20452767287.0,2873945485836.0,28534.92718549,28739.45485836,119593637005.0,56767471.0,2438672249.0,129179423282.0,97367657.0,519056194.0
2024-08-28,2024,8,1453703702150.0,13289861419.0,1466993563569.0,1399789016399.0,7162905868.0,1406951922267.0,2853492718549.0,20452767287.0,2873945485836.0,28534.92718549,28739.45485836,119593637005.0,56767471.0,2438672249.0,129179423282.0,97367657.0,519056194.0
2024-08-29,2024,8,1453703702150.0,13289861419.0,1466993563569.0,1399789016399.0,7162905868.0,1406951922267.0,2853492718549.0,20452767287.0,2873945485836.0,28534.92718549,28739.45485836,119593637005.0,56767471.0,2438672249.0,129179423282.0,97367657.0,519056194.0
2024-08-30,2024,8,1453703702150.0,13289861419.0,1466993563569.0,1399789016399.0,7162905868.0,1406951922267.0,2853492718549.0,20452767287.0,2873945485836.0,28534.92718549,28739.45485836,119593637005.0,56767471.0,2438672249.0,129179423282.0,97367657.0,519056194.0
2024-09-02,2024,9,1453703702150.0,13289861419.0,1466993563569.0,1399789016399.0,7162905868.0,1406951922267.0,2853492718549.0,20452767287.0,2873945485836.0,28534.92718549,28739.45485836,119593637005.0,56767471.0,2438672249.0,129179423282.0,97367657.0,519056194.0
2024-09-03,2024,9,1453703702150.0,13289861419.0,1466993563569.0,1399789016399.0,7162905868.0,1406951922267.0,2853492718549.0,20452767287.0,2873945485836.0,28534.92718549,28739.45485836,119593637005.0,56767471.0,2438672249.0,129179423282.0,97367657.0,519056194.0
2024-09-04,2024,9,1453703702150.0,13289861419.0,1466993563569.0,1399789016399.0,7162905868.0,1406951922267.0,2853492718549.0,20452767287.0,2873945485836.0,28534.92718549,28739.45485836,119593637005.0,56767471.0,2438672249.0,129179423282.0,97367657.0,519056194.0
2024-09-05,2024,9,1453703702150.0,13289861419.0,1466993563569.0,1399789016399.0,7162905868.0,1406951922267.0,2853492718549.0,20452767287.0,2873945485836.0,28534.92718549,28739.45485836,119593637005.0,56767471.0,2438672249.0,129179423282.0,97367657.0,519056194.0
2024-09-06,2024,9,1453703702150.0,13289861419.0,1466993563569.0,1399789016399.0,7162905868.0,1406951922267.0,2853492718549.0,20452767287.0,2873945485836.0,28534.92718549,28739.45485836,119593637005.0,56767471.0,2438672249.0,129179423282.0,97367657.0,519056194.0
2024-09-09,2024,9,1453703702150.0,13289861419.0,1466993563569.0,1399789016399.0,7162905868.0,1406951922267.0,2853492718549.0,20452767287.0,2873945485836.0,28534.92718549,28739.45485836,119593637005.0,56767471.0,2438672249.0,129179423282.0,97367657.0,519056194.0
2024-09-10,2024,9,1453703702150.0,13289861419.0,1466993563569.0,1399789016399.0,7162905868.0,1406951922267.0,2853492718549.0,20452767287.0,2873945485836.0,28534.92718549,28739.45485836,119593637005.0,56767471.0,2438672249.0,129179423282.0,97367657.0,519056194.0
2024-09-11,2024,9,1453703702150.0,13289861419.0,1466993563569.0,1399789016399.0,7162905868.0,1406951922267.0,2853492718549.0,20452767287.0,2873945485836.0,28534.92718549,28739.45485836,119593637005.0,56767471.0,2438672249.0,129179423282.0,97367657.0,519056194.0
2024-09-12,2024,9,1453703702150.0,13289861419.0,1466993563569.0,1399789016399.0,7162905868.0,1406951922267.0,2853492718549.0,20452767287.0,2873945485836.0,28534.92718549,28739.45485836,119593637005.0,56767471.0,2438672249.0,129179423282.0,97367657.0,519056194.0
2024-09-13,2024,9,1453703702150.0,13289861419.0,1466993563569.0,1399789016399.0,7162905868.0,1406951922267.0,2853492718549.0,20452767287.0,2873945485836.0,28534.92718549,28739.45485836,119593637005.0,56767471.0,2438672249.0,129179423282.0,97367657.0,519056194.0
2024-09-18,2024,9,1453703702150.0,13289861419.0,1466993563569.0,1399789016399.0,7162905868.0,1406951922267.0,2853492718549.0,20452767287.0,2873945485836.0,28534.92718549,28739.45485836,119593637005.0,56767471.0,2438672249.0,129179423282.0,97367657.0,519056194.0
2024-09-19,2024,9,1453703702150.0,13289861419.0,1466993563569.0,1399789016399.0,7162905868.0,1406951922267.0,2853492718549.0,20452767287.0,2873945485836.0,28534.92718549,28739.45485836,119593637005.0,56767471.0,2438672249.0,129179423282.0,97367657.0,519056194.0
2024-09-20,2024,9,1453703702150.0,13289861419.0,1466993563569.0,1399789016399.0,7162905868.0,1406951922267.0,2853492718549.0,20452767287.0,2873945485836.0,28534.92718549,28739.45485836,119593637005.0,56767471.0,2438672249.0,129179423282.0,97367657.0,519056194.0
2024-09-23,2024,9,1453703702150.0,13289861419.0,1466993563569.0,1399789016399.0,7162905868.0,1406951922267.0,2853492718549.0,20452767287.0,2873945485836.0,28534.92718549,28739.45485836,119593637005.0,56767471.0,2438672249.0,129179423282.0,97367657.0,519056194.0
2024-09-24,2024,9,1453703702150.0,13289861419.0,1466993563569.0,1399789016399.0,7162905868.0,1406951922267.0,2853492718549.0,20452767287.0,2873945485836.0,28534.92718549,28739.45485836,119593637005.0,56767471.0,2438672249.0,129179423282.0,97367657.0,519056194.0
2024-09-25,2024,9,1453703702150.0,13289861419.0,1466993563569.0,1399789016399.0,7162905868.0,1406951922267.0,2853492718549.0,20452767287.0,2873945485836.0,28534.92718549,28739.45485836,119593637005.0,56767471.0,2438672249.0,129179423282.0,97367657.0,519056194.0
2024-09-26,2024,9,1453703702150.0,13289861419.0,1466993563569.0,1399789016399.0,7162905868.0,1406951922267.0,2853492718549.0,20452767287.0,2873945485836.0,28534.92718549,28739.45485836,119593637005.0,56767471.0,2438672249.0,129179423282.0,97367657.0,519056194.0
2024-09-27,2024,9,1453703702150.0,13289861419.0,1466993563569.0,1399789016399.0,7162905868.0,1406951922267.0,2853492718549.0,20452767287.0,2873945485836.0,28534.92718549,28739.45485836,119593637005.0,56767471.0,2438672249.0,129179423282.0,97367657.0,519056194.0
2024-09-30,2024,9,1453703702150.0,13289861419.0,1466993563569.0,1399789016399.0,7162905868.0,1406951922267.0,2853492718549.0,20452767287.0,2873945485836.0,28534.92718549,28739.45485836,119593637005.0,56767471.0,2438672249.0,129179423282.0,97367657.0,519056194.0
2024-10-08,2024,10,1453703702150.0,13289861419.0,1466993563569.0,1399789016399.0,7162905868.0,1406951922267.0,2853492718549.0,20452767287.0,2873945485836.0,28534.92718549,28739.45485836,119593637005.0,56767471.0,2438672249.0,129179423282.0,97367657.0,519056194.0
2024-10-09,2024,10,1453703702150.0,13289861419.0,1466993563569.0,1399789016399.0,7162905868.0,1406951922267.0,2853492718549.0,20452767287.0,2873945485836.0,28534.92718549,28739.45485836,119593637005.0,56767471.0,2438672249.0,129179423282.0,97367657.0,519056194.0
2024-10-10,2024,10,1453703702150.0,13289861419.0,1466993563569.0,1399789016399.0,7162905868.0,1406951922267.0,2853492718549.0,20452767287.0,2873945485836.0,28534.92718549,28739.45485836,119593637005.0,56767471.0,2438672249.0,129179423282.0,97367657.0,519056194.0
2024-10-11,2024,10,1453703702150.0,13289861419.0,1466993563569.0,1399789016399.0,7162905868.0,1406951922267.0,2853492718549.0,20452767287.0,2873945485836.0,28534.92718549,28739.45485836,119593637005.0,56767471.0,2438672249.0,129179423282.0,97367657.0,519056194.0
2024-10-14,2024,10,1453703702150.0,13289861419.0,1466993563569.0,1399789016399.0,7162905868.0,1406951922267.0,2853492718549.0,20452767287.0,2873945485836.0,28534.92718549,28739.45485836,119593637005.0,56767471.0,2438672249.0,129179423282.0,97367657.0,519056194.0
2024-10-15,2024,10,1453703702150.0,13289861419.0,1466993563569.0,1399789016399.0,7162905868.0,1406951922267.0,2853492718549.0,20452767287.0,2873945485836.0,28534.92718549,28739.45485836,119593637005.0,56767471.0,2438672249.0,129179423282.0,97367657.0,519056194.0
2024-10-16,2024,10,1453703702150.0,13289861419.0,1466993563569.0,1399789016399.0,7162905868.0,1406951922267.0,2853492718549.0,20452767287.0,2873945485836.0,28534.92718549,28739.45485836,119593637005.0,56767471.0,2438672249.0,129179423282.0,97367657.0,519056194.0
2024-10-17,2024,10,1453703702150.0,13289861419.0,1466993563569.0,1399789016399.0,7162905868.0,1406951922267.0,2853492718549.0,20452767287.0,2873945485836.0,28534.92718549,28739.45485836,119593637005.0,56767471.0,2438672249.0,129179423282.0,97367657.0,519056194.0
2024-10-18,2024,10,1453703702150.0,13289861419.0,1466993563569.0,1399789016399.0,7162905868.0,1406951922267.0,2853492718549.0,20452767287.0,2873945485836.0,28534.92718549,28739.45485836,119593637005.0,56767471.0,2438672249.0,129179423282.0,97367657.0,519056194.0
2024-10-21,2024,10,1453703702150.0,13289861419.0,1466993563569.0,1399789016399.0,7162905868.0,1406951922267.0,2853492718549.0,20452767287.0,2873945485836.0,28534.92718549,28739.45485836,119593637005.0,56767471.0,2438672249.0,129179423282.0,97367657.0,519056194.0
2024-10-22,2024,10,1453703702150.0,13289861419.0,1466993563569.0,1399789016399.0,7162905868.0,1406951922267.0,2853492718549.0,20452767287.0,2873945485836.0,28534.92718549,28739.45485836,119593637005.0,56767471.0,2438672249.0,129179423282.0,97367657.0,519056194.0
2024-10-23,2024,10,1453703702150.0,13289861419.0,1466993563569.0,1399789016399.0,7162905868.0,1406951922267.0,2853492718549.0,20452767287.0,2873945485836.0,28534.92718549,28739.45485836,119593637005.0,56767471.0,2438672249.0,129179423282.0,97367657.0,519056194.0
2024-10-24,2024,10,1453703702150.0,13289861419.0,1466993563569.0,1399789016399.0,7162905868.0,1406951922267.0,2853492718549.0,20452767287.0,2873945485836.0,28534.92718549,28739.45485836,119593637005.0,56767471.0,2438672249.0,129179423282.0,97367657.0,519056194.0
2024-10-25,2024,10,1453703702150.0,13289861419.0,1466993563569.0,1399789016399.0,7162905868.0,1406951922267.0,2853492718549.0,20452767287.0,2873945485836.0,28534.92718549,28739.45485836,119593637005.0,56767471.0,2438672249.0,129179423282.0,97367657.0,519056194.0
2024-10-28,2024,10,1453703702150.0,13289861419.0,1466993563569.0,1399789016399.0,7162905868.0,1406951922267.0,2853492718549.0,20452767287.0,2873945485836.0,28534.92718549,28739.45485836,119593637005.0,56767471.0,2438672249.0,129179423282.0,97367657.0,519056194.0
2024-10-29,2024,10,1453703702150.0,13289861419.0,1466993563569.0,1399789016399.0,7162905868.0,1406951922267.0,2853492718549.0,20452767287.0,2873945485836.0,28534.92718549,28739.45485836,119593637005.0,56767471.0,2438672249.0,129179423282.0,97367657.0,519056194.0
2024-10-30,2024,10,1453703702150.0,13289861419.0,1466993563569.0,1399789016399.0,7162905868.0,1406951922267.0,2853492718549.0,20452767287.0,2873945485836.0,28534.92718549,28739.45485836,119593637005.0,56767471.0,2438672249.0,129179423282.0,97367657.0,519056194.0
2024-10-31,2024,10,1453703702150.0,13289861419.0,1466993563569.0,1399789016399.0,7162905868.0,1406951922267.0,2853492718549.0,20452767287.0,2873945485836.0,28534.92718549,28739.45485836,119593637005.0,56767471.0,2438672249.0,129179423282.0,97367657.0,519056194.0
2024-11-01,2024,11,1453703702150.0,13289861419.0,1466993563569.0,1399789016399.0,7162905868.0,1406951922267.0,2853492718549.0,20452767287.0,2873945485836.0,28534.92718549,28739.45485836,119593637005.0,56767471.0,2438672249.0,129179423282.0,97367657.0,519056194.0
2024-11-04,2024,11,1453703702150.0,13289861419.0,1466993563569.0,1399789016399.0,7162905868.0,1406951922267.0,2853492718549.0,20452767287.0,2873945485836.0,28534.92718549,28739.45485836,119593637005.0,56767471.0,2438672249.0,129179423282.0,97367657.0,519056194.0
2024-11-05,2024,11,1453703702150.0,13289861419.0,1466993563569.0,1399789016399.0,7162905868.0,1406951922267.0,2853492718549.0,20452767287.0,2873945485836.0,28534.92718549,28739.45485836,119593637005.0,56767471.0,2438672249.0,129179423282.0,97367657.0,519056194.0
2024-11-06,2024,11,1453703702150.0,13289861419.0,1466993563569.0,1399789016399.0,7162905868.0,1406951922267.0,2853492718549.0,20452767287.0,2873945485836.0,28534.92718549,28739.45485836,119593637005.0,56767471.0,2438672249.0,129179423282.0,97367657.0,519056194.0
2024-11-07,2024,11,1453703702150.0,13289861419.0,1466993563569.0,1399789016399.0,7162905868.0,1406951922267.0,2853492718549.0,20452767287.0,2873945485836.0,28534.92718549,28739.45485836,119593637005.0,56767471.0,2438672249.0,129179423282.0,97367657.0,519056194.0
2024-11-08,2024,11,1453703702150.0,13289861419.0,1466993563569.0,1399789016399.0,7162905868.0,1406951922267.0,2853492718549.0,20452767287.0,2873945485836.0,28534.92718549,28739.45485836,119593637005.0,56767471.0,2438672249.0,129179423282.0,97367657.0,519056194.0
2024-11-11,2024,11,1453703702150.0,13289861419.0,1466993563569.0,1399789016399.0,7162905868.0,1406951922267.0,2853492718549.0,20452767287.0,2873945485836.0,28534.92718549,28739.45485836,119593637005.0,56767471.0,2438672249.0,129179423282.0,97367657.0,519056194.0
2024-11-12,2024,11,1453703702150.0,13289861419.0,1466993563569.0,1399789016399.0,7162905868.0,1406951922267.0,2853492718549.0,20452767287.0,2873945485836.0,28534.92718549,28739.45485836,119593637005.0,56767471.0,2438672249.0,129179423282.0,97367657.0,519056194.0
2024-11-13,2024,11,1453703702150.0,13289861419.0,1466993563569.0,1399789016399.0,7162905868.0,1406951922267.0,2853492718549.0,20452767287.0,2873945485836.0,28534.92718549,28739.45485836,119593637005.0,56767471.0,2438672249.0,129179423282.0,97367657.0,519056194.0
2024-11-14,2024,11,1453703702150.0,13289861419.0,1466993563569.0,1399789016399.0,7162905868.0,1406951922267.0,2853492718549.0,20452767287.0,2873945485836.0,28534.92718549,28739.45485836,119593637005.0,56767471.0,2438672249.0,129179423282.0,97367657.0,519056194.0
2024-11-15,2024,11,1453703702150.0,13289861419.0,1466993563569.0,1399789016399.0,7162905868.0,1406951922267.0,2853492718549.0,20452767287.0,2873945485836.0,28534.92718549,28739.45485836,119593637005.0,56767471.0,2438672249.0,129179423282.0,97367657.0,519056194.0
2024-11-18,2024,11,1453703702150.0,13289861419.0,1466993563569.0,1399789016399.0,7162905868.0,1406951922267.0,2853492718549.0,20452767287.0,2873945485836.0,28534.92718549,28739.45485836,119593637005.0,56767471.0,2438672249.0,129179423282.0,97367657.0,519056194.0
2024-11-19,2024,11,1453703702150.0,13289861419.0,1466993563569.0,1399789016399.0,7162905868.0,1406951922267.0,2853492718549.0,20452767287.0,2873945485836.0,28534.92718549,28739.45485836,119593637005.0,56767471.0,2438672249.0,129179423282.0,97367657.0,519056194.0
2024-11-20,2024,11,1453703702150.0,13289861419.0,1466993563569.0,1399789016399.0,7162905868.0,1406951922267.0,2853492718549.0,20452767287.0,2873945485836.0,28534.92718549,28739.45485836,119593637005.0,56767471.0,2438672249.0,129179423282.0,97367657.0,519056194.0
2024-11-21,2024,11,1453703702150.0,13289861419.0,1466993563569.0,1399789016399.0,7162905868.0,1406951922267.0,2853492718549.0,20452767287.0,2873945485836.0,28534.92718549,28739.45485836,119593637005.0,56767471.0,2438672249.0,129179423282.0,97367657.0,519056194.0
2024-11-22,2024,11,1453703702150.0,13289861419.0,1466993563569.0,1399789016399.0,7162905868.0,1406951922267.0,2853492718549.0,20452767287.0,2873945485836.0,28534.92718549,28739.45485836,119593637005.0,56767471.0,2438672249.0,129179423282.0,97367657.0,519056194.0
2024-11-25,2024,11,1453703702150.0,13289861419.0,1466993563569.0,1399789016399.0,7162905868.0,1406951922267.0,2853492718549.0,20452767287.0,2873945485836.0,28534.92718549,28739.45485836,119593637005.0,56767471.0,2438672249.0,129179423282.0,97367657.0,519056194.0
2024-11-26,2024,11,1453703702150.0,13289861419.0,1466993563569.0,1399789016399.0,7162905868.0,1406951922267.0,2853492718549.0,20452767287.0,2873945485836.0,28534.92718549,28739.45485836,119593637005.0,56767471.0,2438672249.0,129179423282.0,97367657.0,519056194.0
2024-11-27,2024,11,1453703702150.0,13289861419.0,1466993563569.0,1399789016399.0,7162905868.0,1406951922267.0,2853492718549.0,20452767287.0,2873945485836.0,28534.92718549,28739.45485836,119593637005.0,56767471.0,2438672249.0,129179423282.0,97367657.0,519056194.0
2024-11-28,2024,11,1453703702150.0,13289861419.0,1466993563569.0,1399789016399.0,7162905868.0,1406951922267.0,2853492718549.0,20452767287.0,2873945485836.0,28534.92718549,28739.45485836,119593637005.0,56767471.0,2438672249.0,129179423282.0,97367657.0,519056194.0
2024-11-29,2024,11,1453703702150.0,13289861419.0,1466993563569.0,1399789016399.0,7162905868.0,1406951922267.0,2853492718549.0,20452767287.0,2873945485836.0,28534.92718549,28739.45485836,119593637005.0,56767471.0,2438672249.0,129179423282.0,97367657.0,519056194.0
2024-12-02,2024,12,1453703702150.0,13289861419.0,1466993563569.0,1399789016399.0,7162905868.0,1406951922267.0,2853492718549.0,20452767287.0,2873945485836.0,28534.92718549,28739.45485836,119593637005.0,56767471.0,2438672249.0,129179423282.0,97367657.0,519056194.0
2024-12-03,2024,12,1453703702150.0,13289861419.0,1466993563569.0,1399789016399.0,7162905868.0,1406951922267.0,2853492718549.0,20452767287.0,2873945485836.0,28534.92718549,28739.45485836,119593637005.0,56767471.0,2438672249.0,129179423282.0,97367657.0,519056194.0
2024-12-04,2024,12,1453703702150.0,13289861419.0,1466993563569.0,1399789016399.0,7162905868.0,1406951922267.0,2853492718549.0,20452767287.0,2873945485836.0,28534.92718549,28739.45485836,119593637005.0,56767471.0,2438672249.0,129179423282.0,97367657.0,519056194.0
2024-12-05,2024,12,1453703702150.0,13289861419.0,1466993563569.0,1399789016399.0,7162905868.0,1406951922267.0,2853492718549.0,20452767287.0,2873945485836.0,28534.92718549,28739.45485836,119593637005.0,56767471.0,2438672249.0,129179423282.0,97367657.0,519056194.0
2024-12-06,2024,12,1453703702150.0,13289861419.0,1466993563569.0,1399789016399.0,7162905868.0,1406951922267.0,2853492718549.0,20452767287.0,2873945485836.0,28534.92718549,28739.45485836,119593637005.0,56767471.0,2438672249.0,129179423282.0,97367657.0,519056194.0
2024-12-09,2024,12,1453703702150.0,13289861419.0,1466993563569.0,1399789016399.0,7162905868.0,1406951922267.0,2853492718549.0,20452767287.0,2873945485836.0,28534.92718549,28739.45485836,119593637005.0,56767471.0,2438672249.0,129179423282.0,97367657.0,519056194.0
2024-12-10,2024,12,1453703702150.0,13289861419.0,1466993563569.0,1399789016399.0,7162905868.0,1406951922267.0,2853492718549.0,20452767287.0,2873945485836.0,28534.92718549,28739.45485836,119593637005.0,56767471.0,2438672249.0,129179423282.0,97367657.0,519056194.0
2024-12-11,2024,12,1453703702150.0,13289861419.0,1466993563569.0,1399789016399.0,7162905868.0,1406951922267.0,2853492718549.0,20452767287.0,2873945485836.0,28534.92718549,28739.45485836,119593637005.0,56767471.0,2438672249.0,129179423282.0,97367657.0,519056194.0
2024-12-12,2024,12,1453703702150.0,13289861419.0,1466993563569.0,1399789016399.0,7162905868.0,1406951922267.0,2853492718549.0,20452767287.0,2873945485836.0,28534.92718549,28739.45485836,119593637005.0,56767471.0,2438672249.0,129179423282.0,97367657.0,519056194.0
2024-12-13,2024,12,1453703702150.0,13289861419.0,1466993563569.0,1399789016399.0,7162905868.0,1406951922267.0,2853492718549.0,20452767287.0,2873945485836.0,28534.92718549,28739.45485836,119593637005.0,56767471.0,2438672249.0,129179423282.0,97367657.0,519056194.0
2024-12-16,2024,12,1453703702150.0,13289861419.0,1466993563569.0,1399789016399.0,7162905868.0,1406951922267.0,2853492718549.0,20452767287.0,2873945485836.0,28534.92718549,28739.45485836,119593637005.0,56767471.0,2438672249.0,129179423282.0,97367657.0,519056194.0
2024-12-17,2024,12,1453703702150.0,13289861419.0,1466993563569.0,1399789016399.0,7162905868.0,1406951922267.0,2853492718549.0,20452767287.0,2873945485836.0,28534.92718549,28739.45485836,119593637005.0,56767471.0,2438672249.0,129179423282.0,97367657.0,519056194.0
2024-12-18,2024,12,1453703702150.0,13289861419.0,1466993563569.0,1399789016399.0,7162905868.0,1406951922267.0,2853492718549.0,20452767287.0,2873945485836.0,28534.92718549,28739.45485836,119593637005.0,56767471.0,2438672249.0,129179423282.0,97367657.0,519056194.0
2024-12-19,2024,12,1453703702150.0,13289861419.0,1466993563569.0,1399789016399.0,7162905868.0,1406951922267.0,2853492718549.0,20452767287.0,2873945485836.0,28534.92718549,28739.45485836,119593637005.0,56767471.0,2438672249.0,129179423282.0,97367657.0,519056194.0
2024-12-20,2024,12,1453703702150.0,13289861419.0,1466993563569.0,1399789016399.0,7162905868.0,1406951922267.0,2853492718549.0,20452767287.0,2873945485836.0,28534.92718549,28739.45485836,119593637005.0,56767471.0,2438672249.0,129179423282.0,97367657.0,519056194.0
2024-12-23,2024,12,1453703702150.0,13289861419.0,1466993563569.0,1399789016399.0,7162905868.0,1406951922267.0,2853492718549.0,20452767287.0,2873945485836.0,28534.92718549,28739.45485836,119593637005.0,56767471.0,2438672249.0,129179423282.0,97367657.0,519056194.0
2024-12-24,2024,12,1453703702150.0,13289861419.0,1466993563569.0,1399789016399.0,7162905868.0,1406951922267.0,2853492718549.0,20452767287.0,2873945485836.0,28534.92718549,28739.45485836,119593637005.0,56767471.0,2438672249.0,129179423282.0,97367657.0,519056194.0
2024-12-25,2024,12,1453703702150.0,13289861419.0,1466993563569.0,1399789016399.0,7162905868.0,1406951922267.0,2853492718549.0,20452767287.0,2873945485836.0,28534.92718549,28739.45485836,119593637005.0,56767471.0,2438672249.0,129179423282.0,97367657.0,519056194.0
2024-12-26,2024,12,1453703702150.0,13289861419.0,1466993563569.0,1399789016399.0,7162905868.0,1406951922267.0,2853492718549.0,20452767287.0,2873945485836.0,28534.92718549,28739.45485836,119593637005.0,56767471.0,2438672249.0,129179423282.0,97367657.0,519056194.0
2024-12-27,2024,12,1453703702150.0,13289861419.0,1466993563569.0,1399789016399.0,7162905868.0,1406951922267.0,2853492718549.0,20452767287.0,2873945485836.0,28534.92718549,28739.45485836,119593637005.0,56767471.0,2438672249.0,129179423282.0,97367657.0,519056194.0
2024-12-30,2024,12,1453703702150.0,13289861419.0,1466993563569.0,1399789016399.0,7162905868.0,1406951922267.0,2853492718549.0,20452767287.0,2873945485836.0,28534.92718549,28739.45485836,119593637005.0,56767471.0,2438672249.0,129179423282.0,97367657.0,519056194.0
2024-12-31,2024,12,1453703702150.0,13289861419.0,1466993563569.0,1399789016399.0,7162905868.0,1406951922267.0,2853492718549.0,20452767287.0,2873945485836.0,28534.92718549,28739.45485836,119593637005.0,56767471.0,2438672249.0,129179423282.0,97367657.0,519056194.0
2025-01-02,2025,1,1453703702150.0,13289861419.0,1466993563569.0,1399789016399.0,7162905868.0,1406951922267.0,2853492718549.0,20452767287.0,2873945485836.0,28534.92718549,28739.45485836,119593637005.0,56767471.0,2438672249.0,129179423282.0,97367657.0,519056194.0
2025-01-03,2025,1,1453703702150.0,13289861419.0,1466993563569.0,1399789016399.0,7162905868.0,1406951922267.0,2853492718549.0,20452767287.0,2873945485836.0,28534.92718549,28739.45485836,119593637005.0,56767471.0,2438672249.0,129179423282.0,97367657.0,519056194.0
2025-01-06,2025,1,1453703702150.0,13289861419.0,1466993563569.0,1399789016399.0,7162905868.0,1406951922267.0,2853492718549.0,20452767287.0,2873945485836.0,28534.92718549,28739.45485836,119593637005.0,56767471.0,2438672249.0,129179423282.0,97367657.0,519056194.0
2025-01-07,2025,1,1453703702150.0,13289861419.0,1466993563569.0,1399789016399.0,7162905868.0,1406951922267.0,2853492718549.0,20452767287.0,2873945485836.0,28534.92718549,28739.45485836,119593637005.0,56767471.0,2438672249.0,129179423282.0,97367657.0,519056194.0
2025-01-08,2025,1,1453703702150.0,13289861419.0,1466993563569.0,1399789016399.0,7162905868.0,1406951922267.0,2853492718549.0,20452767287.0,2873945485836.0,28534.92718549,28739.45485836,119593637005.0,56767471.0,2438672249.0,129179423282.0,97367657.0,519056194.0
2025-01-09,2025,1,1453703702150.0,13289861419.0,1466993563569.0,1399789016399.0,7162905868.0,1406951922267.0,2853492718549.0,20452767287.0,2873945485836.0,28534.92718549,28739.45485836,119593637005.0,56767471.0,2438672249.0,129179423282.0,97367657.0,519056194.0
2025-01-10,2025,1,1453703702150.0,13289861419.0,1466993563569.0,1399789016399.0,7162905868.0,1406951922267.0,2853492718549.0,20452767287.0,2873945485836.0,28534.92718549,28739.45485836,119593637005.0,56767471.0,2438672249.0,129179423282.0,97367657.0,519056194.0
2025-01-13,2025,1,1453703702150.0,13289861419.0,1466993563569.0,1399789016399.0,7162905868.0,1406951922267.0,2853492718549.0,20452767287.0,2873945485836.0,28534.92718549,28739.45485836,119593637005.0,56767471.0,2438672249.0,129179423282.0,97367657.0,519056194.0
2025-01-14,2025,1,1453703702150.0,13289861419.0,1466993563569.0,1399789016399.0,7162905868.0,1406951922267.0,2853492718549.0,20452767287.0,2873945485836.0,28534.92718549,28739.45485836,119593637005.0,56767471.0,2438672249.0,129179423282.0,97367657.0,519056194.0
2025-01-15,2025,1,1453703702150.0,13289861419.0,1466993563569.0,1399789016399.0,7162905868.0,1406951922267.0,2853492718549.0,20452767287.0,2873945485836.0,28534.92718549,28739.45485836,119593637005.0,56767471.0,2438672249.0,129179423282.0,97367657.0,519056194.0
2025-01-16,2025,1,1453703702150.0,13289861419.0,1466993563569.0,1399789016399.0,7162905868.0,1406951922267.0,2853492718549.0,20452767287.0,2873945485836.0,28534.92718549,28739.45485836,119593637005.0,56767471.0,2438672249.0,129179423282.0,97367657.0,519056194.0
2025-01-17,2025,1,1453703702150.0,13289861419.0,1466993563569.0,1399789016399.0,7162905868.0,1406951922267.0,2853492718549.0,20452767287.0,2873945485836.0,28534.92718549,28739.45485836,119593637005.0,56767471.0,2438672249.0,129179423282.0,97367657.0,519056194.0
2025-01-20,2025,1,1453703702150.0,13289861419.0,1466993563569.0,1399789016399.0,7162905868.0,1406951922267.0,2853492718549.0,20452767287.0,2873945485836.0,28534.92718549,28739.45485836,119593637005.0,56767471.0,2438672249.0,129179423282.0,97367657.0,519056194.0
2025-01-21,2025,1,1453703702150.0,13289861419.0,1466993563569.0,1399789016399.0,7162905868.0,1406951922267.0,2853492718549.0,20452767287.0,2873945485836.0,28534.92718549,28739.45485836,119593637005.0,56767471.0,2438672249.0,129179423282.0,97367657.0,519056194.0
2025-01-22,2025,1,1453703702150.0,13289861419.0,1466993563569.0,1399789016399.0,7162905868.0,1406951922267.0,2853492718549.0,20452767287.0,2873945485836.0,28534.92718549,28739.45485836,119593637005.0,56767471.0,2438672249.0,129179423282.0,97367657.0,519056194.0
2025-01-23,2025,1,1453703702150.0,13289861419.0,1466993563569.0,1399789016399.0,7162905868.0,1406951922267.0,2853492718549.0,20452767287.0,2873945485836.0,28534.92718549,28739.45485836,119593637005.0,56767471.0,2438672249.0,129179423282.0,97367657.0,519056194.0
2025-01-24,2025,1,1453703702150.0,13289861419.0,1466993563569.0,1399789016399.0,7162905868.0,1406951922267.0,2853492718549.0,20452767287.0,2873945485836.0,28534.92718549,28739.45485836,119593637005.0,56767471.0,2438672249.0,129179423282.0,97367657.0,519056194.0
2025-01-27,2025,1,1453703702150.0,13289861419.0,1466993563569.0,1399789016399.0,7162905868.0,1406951922267.0,2853492718549.0,20452767287.0,2873945485836.0,28534.92718549,28739.45485836,119593637005.0,56767471.0,2438672249.0,129179423282.0,97367657.0,519056194.0
2025-02-05,2025,2,1453703702150.0,13289861419.0,1466993563569.0,1399789016399.0,7162905868.0,1406951922267.0,2853492718549.0,20452767287.0,2873945485836.0,28534.92718549,28739.45485836,119593637005.0,56767471.0,2438672249.0,129179423282.0,97367657.0,519056194.0
2025-02-06,2025,2,1453703702150.0,13289861419.0,1466993563569.0,1399789016399.0,7162905868.0,1406951922267.0,2853492718549.0,20452767287.0,2873945485836.0,28534.92718549,28739.45485836,119593637005.0,56767471.0,2438672249.0,129179423282.0,97367657.0,519056194.0
2025-02-07,2025,2,1453703702150.0,13289861419.0,1466993563569.0,1399789016399.0,7162905868.0,1406951922267.0,2853492718549.0,20452767287.0,2873945485836.0,28534.92718549,28739.45485836,119593637005.0,56767471.0,2438672249.0,129179423282.0,97367657.0,519056194.0
2025-02-10,2025,2,1453703702150.0,13289861419.0,1466993563569.0,1399789016399.0,7162905868.0,1406951922267.0,2853492718549.0,20452767287.0,2873945485836.0,28534.92718549,28739.45485836,119593637005.0,56767471.0,2438672249.0,129179423282.0,97367657.0,519056194.0
2025-02-11,2025,2,1453703702150.0,13289861419.0,1466993563569.0,1399789016399.0,7162905868.0,1406951922267.0,2853492718549.0,20452767287.0,2873945485836.0,28534.92718549,28739.45485836,119593637005.0,56767471.0,2438672249.0,129179423282.0,97367657.0,519056194.0
2025-02-12,2025,2,1453703702150.0,13289861419.0,1466993563569.0,1399789016399.0,7162905868.0,1406951922267.0,2853492718549.0,20452767287.0,2873945485836.0,28534.92718549,28739.45485836,119593637005.0,56767471.0,2438672249.0,129179423282.0,97367657.0,519056194.0
2025-02-13,2025,2,1453703702150.0,13289861419.0,1466993563569.0,1399789016399.0,7162905868.0,1406951922267.0,2853492718549.0,20452767287.0,2873945485836.0,28534.92718549,28739.45485836,119593637005.0,56767471.0,2438672249.0,129179423282.0,97367657.0,519056194.0
2025-02-14,2025,2,1453703702150.0,13289861419.0,1466993563569.0,1399789016399.0,7162905868.0,1406951922267.0,2853492718549.0,20452767287.0,2873945485836.0,28534.92718549,28739.45485836,119593637005.0,56767471.0,2438672249.0,129179423282.0,97367657.0,519056194.0
2025-02-17,2025,2,1453703702150.0,13289861419.0,1466993563569.0,1399789016399.0,7162905868.0,1406951922267.0,2853492718549.0,20452767287.0,2873945485836.0,28534.92718549,28739.45485836,119593637005.0,56767471.0,2438672249.0,129179423282.0,97367657.0,519056194.0
2025-02-18,2025,2,1453703702150.0,13289861419.0,1466993563569.0,1399789016399.0,7162905868.0,1406951922267.0,2853492718549.0,20452767287.0,2873945485836.0,28534.92718549,28739.45485836,119593637005.0,56767471.0,2438672249.0,129179423282.0,97367657.0,519056194.0
2025-02-19,2025,2,1453703702150.0,13289861419.0,1466993563569.0,1399789016399.0,7162905868.0,1406951922267.0,2853492718549.0,20452767287.0,2873945485836.0,28534.92718549,28739.45485836,119593637005.0,56767471.0,2438672249.0,129179423282.0,97367657.0,519056194.0
2025-02-20,2025,2,1453703702150.0,13289861419.0,1466993563569.0,1399789016399.0,7162905868.0,1406951922267.0,2853492718549.0,20452767287.0,2873945485836.0,28534.92718549,28739.45485836,119593637005.0,56767471.0,2438672249.0,129179423282.0,97367657.0,519056194.0
2025-02-21,2025,2,1453703702150.0,13289861419.0,1466993563569.0,1399789016399.0,7162905868.0,1406951922267.0,2853492718549.0,20452767287.0,2873945485836.0,28534.92718549,28739.45485836,119593637005.0,56767471.0,2438672249.0,129179423282.0,97367657.0,519056194.0
2025-02-24,2025,2,1453703702150.0,13289861419.0,1466993563569.0,1399789016399.0,7162905868.0,1406951922267.0,2853492718549.0,20452767287.0,2873945485836.0,28534.92718549,28739.45485836,119593637005.0,56767471.0,2438672249.0,129179423282.0,97367657.0,519056194.0
2025-02-25,2025,2,1453703702150.0,13289861419.0,1466993563569.0,1399789016399.0,7162905868.0,1406951922267.0,2853492718549.0,20452767287.0,2873945485836.0,28534.92718549,28739.45485836,119593637005.0,56767471.0,2438672249.0,129179423282.0,97367657.0,519056194.0
2025-02-26,2025,2,1453703702150.0,13289861419.0,1466993563569.0,1399789016399.0,7162905868.0,1406951922267.0,2853492718549.0,20452767287.0,2873945485836.0,28534.92718549,28739.45485836,119593637005.0,56767471.0,2438672249.0,129179423282.0,97367657.0,519056194.0
2025-02-27,2025,2,1453703702150.0,13289861419.0,1466993563569.0,1399789016399.0,7162905868.0,1406951922267.0,2853492718549.0,20452767287.0,2873945485836.0,28534.92718549,28739.45485836,119593637005.0,56767471.0,2438672249.0,129179423282.0,97367657.0,519056194.0
2025-02-28,2025,2,1453703702150.0,13289861419.0,1466993563569.0,1399789016399.0,7162905868.0,1406951922267.0,2853492718549.0,20452767287.0,2873945485836.0,28534.92718549,28739.45485836,119593637005.0,56767471.0,2438672249.0,129179423282.0,97367657.0,519056194.0
2025-03-03,2025,3,1453703702150.0,13289861419.0,1466993563569.0,1399789016399.0,7162905868.0,1406951922267.0,2853492718549.0,20452767287.0,2873945485836.0,28534.92718549,28739.45485836,119593637005.0,56767471.0,2438672249.0,129179423282.0,97367657.0,519056194.0
2025-03-04,2025,3,1453703702150.0,13289861419.0,1466993563569.0,1399789016399.0,7162905868.0,1406951922267.0,2853492718549.0,20452767287.0,2873945485836.0,28534.92718549,28739.45485836,119593637005.0,56767471.0,2438672249.0,129179423282.0,97367657.0,519056194.0
2025-03-05,2025,3,1453703702150.0,13289861419.0,1466993563569.0,1399789016399.0,7162905868.0,1406951922267.0,2853492718549.0,20452767287.0,2873945485836.0,28534.92718549,28739.45485836,119593637005.0,56767471.0,2438672249.0,129179423282.0,97367657.0,519056194.0
2025-03-06,2025,3,1453703702150.0,13289861419.0,1466993563569.0,1399789016399.0,7162905868.0,1406951922267.0,2853492718549.0,20452767287.0,2873945485836.0,28534.92718549,28739.45485836,119593637005.0,56767471.0,2438672249.0,129179423282.0,97367657.0,519056194.0
2025-03-07,2025,3,1453703702150.0,13289861419.0,1466993563569.0,1399789016399.0,7162905868.0,1406951922267.0,2853492718549.0,20452767287.0,2873945485836.0,28534.92718549,28739.45485836,119593637005.0,56767471.0,2438672249.0,129179423282.0,97367657.0,519056194.0
2025-03-10,2025,3,1453703702150.0,13289861419.0,1466993563569.0,1399789016399.0,7162905868.0,1406951922267.0,2853492718549.0,20452767287.0,2873945485836.0,28534.92718549,28739.45485836,119593637005.0,56767471.0,2438672249.0,129179423282.0,97367657.0,519056194.0
2025-03-11,2025,3,1453703702150.0,13289861419.0,1466993563569.0,1399789016399.0,7162905868.0,1406951922267.0,2853492718549.0,20452767287.0,2873945485836.0,28534.92718549,28739.45485836,119593637005.0,56767471.0,2438672249.0,129179423282.0,97367657.0,519056194.0
2025-03-12,2025,3,1453703702150.0,13289861419.0,1466993563569.0,1399789016399.0,7162905868.0,1406951922267.0,2853492718549.0,20452767287.0,2873945485836.0,28534.92718549,28739.45485836,119593637005.0,56767471.0,2438672249.0,129179423282.0,97367657.0,519056194.0
2025-03-13,2025,3,1453703702150.0,13289861419.0,1466993563569.0,1399789016399.0,7162905868.0,1406951922267.0,2853492718549.0,20452767287.0,2873945485836.0,28534.92718549,28739.45485836,119593637005.0,56767471.0,2438672249.0,129179423282.0,97367657.0,519056194.0
2025-03-14,2025,3,1453703702150.0,13289861419.0,1466993563569.0,1399789016399.0,7162905868.0,1406951922267.0,2853492718549.0,20452767287.0,2873945485836.0,28534.92718549,28739.45485836,119593637005.0,56767471.0,2438672249.0,129179423282.0,97367657.0,519056194.0
2025-03-17,2025,3,1453703702150.0,13289861419.0,1466993563569.0,1399789016399.0,7162905868.0,1406951922267.0,2853492718549.0,20452767287.0,2873945485836.0,28534.92718549,28739.45485836,119593637005.0,56767471.0,2438672249.0,129179423282.0,97367657.0,519056194.0
2025-03-18,2025,3,1453703702150.0,13289861419.0,1466993563569.0,1399789016399.0,7162905868.0,1406951922267.0,2853492718549.0,20452767287.0,2873945485836.0,28534.92718549,28739.45485836,119593637005.0,56767471.0,2438672249.0,129179423282.0,97367657.0,519056194.0
2025-03-19,2025,3,1453703702150.0,13289861419.0,1466993563569.0,1399789016399.0,7162905868.0,1406951922267.0,2853492718549.0,20452767287.0,2873945485836.0,28534.92718549,28739.45485836,119593637005.0,56767471.0,2438672249.0,129179423282.0,97367657.0,519056194.0
2025-03-20,2025,3,1453703702150.0,13289861419.0,1466993563569.0,1399789016399.0,7162905868.0,1406951922267.0,2853492718549.0,20452767287.0,2873945485836.0,28534.92718549,28739.45485836,119593637005.0,56767471.0,2438672249.0,129179423282.0,97367657.0,519056194.0
2025-03-21,2025,3,1453703702150.0,13289861419.0,1466993563569.0,1399789016399.0,7162905868.0,1406951922267.0,2853492718549.0,20452767287.0,2873945485836.0,28534.92718549,28739.45485836,119593637005.0,56767471.0,2438672249.0,129179423282.0,97367657.0,519056194.0
2025-03-24,2025,3,1453703702150.0,13289861419.0,1466993563569.0,1399789016399.0,7162905868.0,1406951922267.0,2853492718549.0,20452767287.0,2873945485836.0,28534.92718549,28739.45485836,119593637005.0,56767471.0,2438672249.0,129179423282.0,97367657.0,519056194.0
2025-03-25,2025,3,1453703702150.0,13289861419.0,1466993563569.0,1399789016399.0,7162905868.0,1406951922267.0,2853492718549.0,20452767287.0,2873945485836.0,28534.92718549,28739.45485836,119593637005.0,56767471.0,2438672249.0,129179423282.0,97367657.0,519056194.0
2025-03-26,2025,3,1453703702150.0,13289861419.0,1466993563569.0,1399789016399.0,7162905868.0,1406951922267.0,2853492718549.0,20452767287.0,2873945485836.0,28534.92718549,28739.45485836,119593637005.0,56767471.0,2438672249.0,129179423282.0,97367657.0,519056194.0
2025-03-27,2025,3,1453703702150.0,13289861419.0,1466993563569.0,1399789016399.0,7162905868.0,1406951922267.0,2853492718549.0,20452767287.0,2873945485836.0,28534.92718549,28739.45485836,119593637005.0,56767471.0,2438672249.0,129179423282.0,97367657.0,519056194.0
2025-03-28,2025,3,1453703702150.0,13289861419.0,1466993563569.0,1399789016399.0,7162905868.0,1406951922267.0,2853492718549.0,20452767287.0,2873945485836.0,28534.92718549,28739.45485836,119593637005.0,56767471.0,2438672249.0,129179423282.0,97367657.0,519056194.0
2025-03-31,2025,3,1453703702150.0,13289861419.0,1466993563569.0,1399789016399.0,7162905868.0,1406951922267.0,2853492718549.0,20452767287.0,2873945485836.0,28534.92718549,28739.45485836,119593637005.0,56767471.0,2438672249.0,129179423282.0,97367657.0,519056194.0
2025-04-01,2025,4,1453703702150.0,13289861419.0,1466993563569.0,1399789016399.0,7162905868.0,1406951922267.0,2853492718549.0,20452767287.0,2873945485836.0,28534.92718549,28739.45485836,119593637005.0,56767471.0,2438672249.0,129179423282.0,97367657.0,519056194.0
2025-04-02,2025,4,1453703702150.0,13289861419.0,1466993563569.0,1399789016399.0,7162905868.0,1406951922267.0,2853492718549.0,20452767287.0,2873945485836.0,28534.92718549,28739.45485836,119593637005.0,56767471.0,2438672249.0,129179423282.0,97367657.0,519056194.0
2025-04-03,2025,4,1453703702150.0,13289861419.0,1466993563569.0,1399789016399.0,7162905868.0,1406951922267.0,2853492718549.0,20452767287.0,2873945485836.0,28534.92718549,28739.45485836,119593637005.0,56767471.0,2438672249.0,129179423282.0,97367657.0,519056194.0
2025-04-07,2025,4,1453703702150.0,13289861419.0,1466993563569.0,1399789016399.0,7162905868.0,1406951922267.0,2853492718549.0,20452767287.0,2873945485836.0,28534.92718549,28739.45485836,119593637005.0,56767471.0,2438672249.0,129179423282.0,97367657.0,519056194.0
2025-04-08,2025,4,1453703702150.0,13289861419.0,1466993563569.0,1399789016399.0,7162905868.0,1406951922267.0,2853492718549.0,20452767287.0,2873945485836.0,28534.92718549,28739.45485836,119593637005.0,56767471.0,2438672249.0,129179423282.0,97367657.0,519056194.0
2025-04-09,2025,4,1453703702150.0,13289861419.0,1466993563569.0,1399789016399.0,7162905868.0,1406951922267.0,2853492718549.0,20452767287.0,2873945485836.0,28534.92718549,28739.45485836,119593637005.0,56767471.0,2438672249.0,129179423282.0,97367657.0,519056194.0
2025-04-10,2025,4,1453703702150.0,13289861419.0,1466993563569.0,1399789016399.0,7162905868.0,1406951922267.0,2853492718549.0,20452767287.0,2873945485836.0,28534.92718549,28739.45485836,119593637005.0,56767471.0,2438672249.0,129179423282.0,97367657.0,519056194.0
2025-04-11,2025,4,1453703702150.0,13289861419.0,1466993563569.0,1399789016399.0,7162905868.0,1406951922267.0,2853492718549.0,20452767287.0,2873945485836.0,28534.92718549,28739.45485836,119593637005.0,56767471.0,2438672249.0,129179423282.0,97367657.0,519056194.0
2025-04-14,2025,4,1453703702150.0,13289861419.0,1466993563569.0,1399789016399.0,7162905868.0,1406951922267.0,2853492718549.0,20452767287.0,2873945485836.0,28534.92718549,28739.45485836,119593637005.0,56767471.0,2438672249.0,129179423282.0,97367657.0,519056194.0
2025-04-15,2025,4,1453703702150.0,13289861419.0,1466993563569.0,1399789016399.0,7162905868.0,1406951922267.0,2853492718549.0,20452767287.0,2873945485836.0,28534.92718549,28739.45485836,119593637005.0,56767471.0,2438672249.0,129179423282.0,97367657.0,519056194.0
2025-04-16,2025,4,1453703702150.0,13289861419.0,1466993563569.0,1399789016399.0,7162905868.0,1406951922267.0,2853492718549.0,20452767287.0,2873945485836.0,28534.92718549,28739.45485836,119593637005.0,56767471.0,2438672249.0,129179423282.0,97367657.0,519056194.0
2025-04-17,2025,4,1453703702150.0,13289861419.0,1466993563569.0,1399789016399.0,7162905868.0,1406951922267.0,2853492718549.0,20452767287.0,2873945485836.0,28534.92718549,28739.45485836,119593637005.0,56767471.0,2438672249.0,129179423282.0,97367657.0,519056194.0
2025-04-18,2025,4,1453703702150.0,13289861419.0,1466993563569.0,1399789016399.0,7162905868.0,1406951922267.0,2853492718549.0,20452767287.0,2873945485836.0,28534.92718549,28739.45485836,119593637005.0,56767471.0,2438672249.0,129179423282.0,97367657.0,519056194.0
2025-04-21,2025,4,1453703702150.0,13289861419.0,1466993563569.0,1399789016399.0,7162905868.0,1406951922267.0,2853492718549.0,20452767287.0,2873945485836.0,28534.92718549,28739.45485836,119593637005.0,56767471.0,2438672249.0,129179423282.0,97367657.0,519056194.0
2025-04-22,2025,4,1453703702150.0,13289861419.0,1466993563569.0,1399789016399.0,7162905868.0,1406951922267.0,2853492718549.0,20452767287.0,2873945485836.0,28534.92718549,28739.45485836,119593637005.0,56767471.0,2438672249.0,129179423282.0,97367657.0,519056194.0
2025-04-23,2025,4,1453703702150.0,13289861419.0,1466993563569.0,1399789016399.0,7162905868.0,1406951922267.0,2853492718549.0,20452767287.0,2873945485836.0,28534.92718549,28739.45485836,119593637005.0,56767471.0,2438672249.0,129179423282.0,97367657.0,519056194.0
2025-04-24,2025,4,1453703702150.0,13289861419.0,1466993563569.0,1399789016399.0,7162905868.0,1406951922267.0,2853492718549.0,20452767287.0,2873945485836.0,28534.92718549,28739.45485836,119593637005.0,56767471.0,2438672249.0,129179423282.0,97367657.0,519056194.0
2025-04-25,2025,4,1453703702150.0,13289861419.0,1466993563569.0,1399789016399.0,7162905868.0,1406951922267.0,2853492718549.0,20452767287.0,2873945485836.0,28534.92718549,28739.45485836,119593637005.0,56767471.0,2438672249.0,129179423282.0,97367657.0,519056194.0
2025-04-28,2025,4,1453703702150.0,13289861419.0,1466993563569.0,1399789016399.0,7162905868.0,1406951922267.0,2853492718549.0,20452767287.0,2873945485836.0,28534.92718549,28739.45485836,119593637005.0,56767471.0,2438672249.0,129179423282.0,97367657.0,519056194.0
2025-04-29,2025,4,1453703702150.0,13289861419.0,1466993563569.0,1399789016399.0,7162905868.0,1406951922267.0,2853492718549.0,20452767287.0,2873945485836.0,28534.92718549,28739.45485836,119593637005.0,56767471.0,2438672249.0,129179423282.0,97367657.0,519056194.0
2025-04-30,2025,4,1453703702150.0,13289861419.0,1466993563569.0,1399789016399.0,7162905868.0,1406951922267.0,2853492718549.0,20452767287.0,2873945485836.0,28534.92718549,28739.45485836,119593637005.0,56767471.0,2438672249.0,129179423282.0,97367657.0,519056194.0
2025-05-06,2025,5,1453703702150.0,13289861419.0,1466993563569.0,1399789016399.0,7162905868.0,1406951922267.0,2853492718549.0,20452767287.0,2873945485836.0,28534.92718549,28739.45485836,119593637005.0,56767471.0,2438672249.0,129179423282.0,97367657.0,519056194.0
2025-05-07,2025,5,1453703702150.0,13289861419.0,1466993563569.0,1399789016399.0,7162905868.0,1406951922267.0,2853492718549.0,20452767287.0,2873945485836.0,28534.92718549,28739.45485836,119593637005.0,56767471.0,2438672249.0,129179423282.0,97367657.0,519056194.0
2025-05-08,2025,5,1453703702150.0,13289861419.0,1466993563569.0,1399789016399.0,7162905868.0,1406951922267.0,2853492718549.0,20452767287.0,2873945485836.0,28534.92718549,28739.45485836,119593637005.0,56767471.0,2438672249.0,129179423282.0,97367657.0,519056194.0
2025-05-09,2025,5,1453703702150.0,13289861419.0,1466993563569.0,1399789016399.0,7162905868.0,1406951922267.0,2853492718549.0,20452767287.0,2873945485836.0,28534.92718549,28739.45485836,119593637005.0,56767471.0,2438672249.0,129179423282.0,97367657.0,519056194.0
2025-05-12,2025,5,1453703702150.0,13289861419.0,1466993563569.0,1399789016399.0,7162905868.0,1406951922267.0,2853492718549.0,20452767287.0,2873945485836.0,28534.92718549,28739.45485836,119593637005.0,56767471.0,2438672249.0,129179423282.0,97367657.0,519056194.0
2025-05-13,2025,5,1453703702150.0,13289861419.0,1466993563569.0,1399789016399.0,7162905868.0,1406951922267.0,2853492718549.0,20452767287.0,2873945485836.0,28534.92718549,28739.45485836,119593637005.0,56767471.0,2438672249.0,129179423282.0,97367657.0,519056194.0
2025-05-14,2025,5,1453703702150.0,13289861419.0,1466993563569.0,1399789016399.0,7162905868.0,1406951922267.0,2853492718549.0,20452767287.0,2873945485836.0,28534.92718549,28739.45485836,119593637005.0,56767471.0,2438672249.0,129179423282.0,97367657.0,519056194.0
2025-05-15,2025,5,1453703702150.0,13289861419.0,1466993563569.0,1399789016399.0,7162905868.0,1406951922267.0,2853492718549.0,20452767287.0,2873945485836.0,28534.92718549,28739.45485836,119593637005.0,56767471.0,2438672249.0,129179423282.0,97367657.0,519056194.0
2025-05-16,2025,5,1453703702150.0,13289861419.0,1466993563569.0,1399789016399.0,7162905868.0,1406951922267.0,2853492718549.0,20452767287.0,2873945485836.0,28534.92718549,28739.45485836,119593637005.0,56767471.0,2438672249.0,129179423282.0,97367657.0,519056194.0
2025-05-19,2025,5,1453703702150.0,13289861419.0,1466993563569.0,1399789016399.0,7162905868.0,1406951922267.0,2853492718549.0,20452767287.0,2873945485836.0,28534.92718549,28739.45485836,119593637005.0,56767471.0,2438672249.0,129179423282.0,97367657.0,519056194.0
2025-05-20,2025,5,1453703702150.0,13289861419.0,1466993563569.0,1399789016399.0,7162905868.0,1406951922267.0,2853492718549.0,20452767287.0,2873945485836.0,28534.92718549,28739.45485836,119593637005.0,56767471.0,2438672249.0,129179423282.0,97367657.0,519056194.0
2025-05-21,2025,5,1453703702150.0,13289861419.0,1466993563569.0,1399789016399.0,7162905868.0,1406951922267.0,2853492718549.0,20452767287.0,2873945485836.0,28534.92718549,28739.45485836,119593637005.0,56767471.0,2438672249.0,129179423282.0,97367657.0,519056194.0
2025-05-22,2025,5,1453703702150.0,13289861419.0,1466993563569.0,1399789016399.0,7162905868.0,1406951922267.0,2853492718549.0,20452767287.0,2873945485836.0,28534.92718549,28739.45485836,119593637005.0,56767471.0,2438672249.0,129179423282.0,97367657.0,519056194.0
2025-05-23,2025,5,1453703702150.0,13289861419.0,1466993563569.0,1399789016399.0,7162905868.0,1406951922267.0,2853492718549.0,20452767287.0,2873945485836.0,28534.92718549,28739.45485836,119593637005.0,56767471.0,2438672249.0,129179423282.0,97367657.0,519056194.0
2025-05-26,2025,5,1453703702150.0,13289861419.0,1466993563569.0,1399789016399.0,7162905868.0,1406951922267.0,2853492718549.0,20452767287.0,2873945485836.0,28534.92718549,28739.45485836,119593637005.0,56767471.0,2438672249.0,129179423282.0,97367657.0,519056194.0
2025-05-27,2025,5,1453703702150.0,13289861419.0,1466993563569.0,1399789016399.0,7162905868.0,1406951922267.0,2853492718549.0,20452767287.0,2873945485836.0,28534.92718549,28739.45485836,119593637005.0,56767471.0,2438672249.0,129179423282.0,97367657.0,519056194.0
2025-05-28,2025,5,1453703702150.0,13289861419.0,1466993563569.0,1399789016399.0,7162905868.0,1406951922267.0,2853492718549.0,20452767287.0,2873945485836.0,28534.92718549,28739.45485836,119593637005.0,56767471.0,2438672249.0,129179423282.0,97367657.0,519056194.0
2025-05-29,2025,5,1453703702150.0,13289861419.0,1466993563569.0,1399789016399.0,7162905868.0,1406951922267.0,2853492718549.0,20452767287.0,2873945485836.0,28534.92718549,28739.45485836,119593637005.0,56767471.0,2438672249.0,129179423282.0,97367657.0,519056194.0
2025-05-30,2025,5,1453703702150.0,13289861419.0,1466993563569.0,1399789016399.0,7162905868.0,1406951922267.0,2853492718549.0,20452767287.0,2873945485836.0,28534.92718549,28739.45485836,119593637005.0,56767471.0,2438672249.0,129179423282.0,97367657.0,519056194.0
2025-06-03,2025,6,1453703702150.0,13289861419.0,1466993563569.0,1399789016399.0,7162905868.0,1406951922267.0,2853492718549.0,20452767287.0,2873945485836.0,28534.92718549,28739.45485836,119593637005.0,56767471.0,2438672249.0,129179423282.0,97367657.0,519056194.0
2025-06-04,2025,6,1453703702150.0,13289861419.0,1466993563569.0,1399789016399.0,7162905868.0,1406951922267.0,2853492718549.0,20452767287.0,2873945485836.0,28534.92718549,28739.45485836,119593637005.0,56767471.0,2438672249.0,129179423282.0,97367657.0,519056194.0
2025-06-05,2025,6,1453703702150.0,13289861419.0,1466993563569.0,1399789016399.0,7162905868.0,1406951922267.0,2853492718549.0,20452767287.0,2873945485836.0,28534.92718549,28739.45485836,119593637005.0,56767471.0,2438672249.0,129179423282.0,97367657.0,519056194.0
2025-06-06,2025,6,1453703702150.0,13289861419.0,1466993563569.0,1399789016399.0,7162905868.0,1406951922267.0,2853492718549.0,20452767287.0,2873945485836.0,28534.92718549,28739.45485836,119593637005.0,56767471.0,2438672249.0,129179423282.0,97367657.0,519056194.0
2025-06-09,2025,6,1453703702150.0,13289861419.0,1466993563569.0,1399789016399.0,7162905868.0,1406951922267.0,2853492718549.0,20452767287.0,2873945485836.0,28534.92718549,28739.45485836,119593637005.0,56767471.0,2438672249.0,129179423282.0,97367657.0,519056194.0
2025-06-10,2025,6,1453703702150.0,13289861419.0,1466993563569.0,1399789016399.0,7162905868.0,1406951922267.0,2853492718549.0,20452767287.0,2873945485836.0,28534.92718549,28739.45485836,119593637005.0,56767471.0,2438672249.0,129179423282.0,97367657.0,519056194.0
2025-06-11,2025,6,1453703702150.0,13289861419.0,1466993563569.0,1399789016399.0,7162905868.0,1406951922267.0,2853492718549.0,20452767287.0,2873945485836.0,28534.92718549,28739.45485836,119593637005.0,56767471.0,2438672249.0,129179423282.0,97367657.0,519056194.0
2025-06-12,2025,6,1453703702150.0,13289861419.0,1466993563569.0,1399789016399.0,7162905868.0,1406951922267.0,2853492718549.0,20452767287.0,2873945485836.0,28534.92718549,28739.45485836,119593637005.0,56767471.0,2438672249.0,129179423282.0,97367657.0,519056194.0
2025-06-13,2025,6,1453703702150.0,13289861419.0,1466993563569.0,1399789016399.0,7162905868.0,1406951922267.0,2853492718549.0,20452767287.0,2873945485836.0,28534.92718549,28739.45485836,119593637005.0,56767471.0,2438672249.0,129179423282.0,97367657.0,519056194.0
2025-06-16,2025,6,1453703702150.0,13289861419.0,1466993563569.0,1399789016399.0,7162905868.0,1406951922267.0,2853492718549.0,20452767287.0,2873945485836.0,28534.92718549,28739.45485836,119593637005.0,56767471.0,2438672249.0,129179423282.0,97367657.0,519056194.0
2025-06-17,2025,6,1453703702150.0,13289861419.0,1466993563569.0,1399789016399.0,7162905868.0,1406951922267.0,2853492718549.0,20452767287.0,2873945485836.0,28534.92718549,28739.45485836,119593637005.0,56767471.0,2438672249.0,129179423282.0,97367657.0,519056194.0
2025-06-18,2025,6,1453703702150.0,13289861419.0,1466993563569.0,1399789016399.0,7162905868.0,1406951922267.0,2853492718549.0,20452767287.0,2873945485836.0,28534.92718549,28739.45485836,119593637005.0,56767471.0,2438672249.0,129179423282.0,97367657.0,519056194.0
2025-06-19,2025,6,1453703702150.0,13289861419.0,1466993563569.0,1399789016399.0,7162905868.0,1406951922267.0,2853492718549.0,20452767287.0,2873945485836.0,28534.92718549,28739.45485836,119593637005.0,56767471.0,2438672249.0,129179423282.0,97367657.0,519056194.0
2025-06-20,2025,6,1453703702150.0,13289861419.0,1466993563569.0,1399789016399.0,7162905868.0,1406951922267.0,2853492718549.0,20452767287.0,2873945485836.0,28534.92718549,28739.45485836,119593637005.0,56767471.0,2438672249.0,129179423282.0,97367657.0,519056194.0
2025-06-23,2025,6,1453703702150.0,13289861419.0,1466993563569.0,1399789016399.0,7162905868.0,1406951922267.0,2853492718549.0,20452767287.0,2873945485836.0,28534.92718549,28739.45485836,119593637005.0,56767471.0,2438672249.0,129179423282.0,97367657.0,519056194.0
2025-06-24,2025,6,1453703702150.0,13289861419.0,1466993563569.0,1399789016399.0,7162905868.0,1406951922267.0,2853492718549.0,20452767287.0,2873945485836.0,28534.92718549,28739.45485836,119593637005.0,56767471.0,2438672249.0,129179423282.0,97367657.0,519056194.0
2025-06-25,2025,6,1453703702150.0,13289861419.0,1466993563569.0,1399789016399.0,7162905868.0,1406951922267.0,2853492718549.0,20452767287.0,2873945485836.0,28534.92718549,28739.45485836,119593637005.0,56767471.0,2438672249.0,129179423282.0,97367657.0,519056194.0
2025-06-26,2025,6,1453703702150.0,13289861419.0,1466993563569.0,1399789016399.0,7162905868.0,1406951922267.0,2853492718549.0,20452767287.0,2873945485836.0,28534.92718549,28739.45485836,119593637005.0,56767471.0,2438672249.0,129179423282.0,97367657.0,519056194.0
2025-06-27,2025,6,1453703702150.0,13289861419.0,1466993563569.0,1399789016399.0,7162905868.0,1406951922267.0,2853492718549.0,20452767287.0,2873945485836.0,28534.92718549,28739.45485836,119593637005.0,56767471.0,2438672249.0,129179423282.0,97367657.0,519056194.0
2025-06-30,2025,6,1453703702150.0,13289861419.0,1466993563569.0,1399789016399.0,7162905868.0,1406951922267.0,2853492718549.0,20452767287.0,2873945485836.0,28534.92718549,28739.45485836,119593637005.0,56767471.0,2438672249.0,129179423282.0,97367657.0,519056194.0
2025-07-01,2025,7,1453703702150.0,13289861419.0,1466993563569.0,1399789016399.0,7162905868.0,1406951922267.0,2853492718549.0,20452767287.0,2873945485836.0,28534.92718549,28739.45485836,119593637005.0,56767471.0,2438672249.0,129179423282.0,97367657.0,519056194.0
2025-07-02,2025,7,1453703702150.0,13289861419.0,1466993563569.0,1399789016399.0,7162905868.0,1406951922267.0,2853492718549.0,20452767287.0,2873945485836.0,28534.92718549,28739.45485836,119593637005.0,56767471.0,2438672249.0,129179423282.0,97367657.0,519056194.0
2025-07-03,2025,7,1453703702150.0,13289861419.0,1466993563569.0,1399789016399.0,7162905868.0,1406951922267.0,2853492718549.0,20452767287.0,2873945485836.0,28534.92718549,28739.45485836,119593637005.0,56767471.0,2438672249.0,129179423282.0,97367657.0,519056194.0
2025-07-04,2025,7,1453703702150.0,13289861419.0,1466993563569.0,1399789016399.0,7162905868.0,1406951922267.0,2853492718549.0,20452767287.0,2873945485836.0,28534.92718549,28739.45485836,119593637005.0,56767471.0,2438672249.0,129179423282.0,97367657.0,519056194.0
2025-07-07,2025,7,1453703702150.0,13289861419.0,1466993563569.0,1399789016399.0,7162905868.0,1406951922267.0,2853492718549.0,20452767287.0,2873945485836.0,28534.92718549,28739.45485836,119593637005.0,56767471.0,2438672249.0,129179423282.0,97367657.0,519056194.0
2025-07-08,2025,7,1453703702150.0,13289861419.0,1466993563569.0,1399789016399.0,7162905868.0,1406951922267.0,2853492718549.0,20452767287.0,2873945485836.0,28534.92718549,28739.45485836,119593637005.0,56767471.0,2438672249.0,129179423282.0,97367657.0,519056194.0
2025-07-09,2025,7,1453703702150.0,13289861419.0,1466993563569.0,1399789016399.0,7162905868.0,1406951922267.0,2853492718549.0,20452767287.0,2873945485836.0,28534.92718549,28739.45485836,119593637005.0,56767471.0,2438672249.0,129179423282.0,97367657.0,519056194.0
2025-07-10,2025,7,1453703702150.0,13289861419.0,1466993563569.0,1399789016399.0,7162905868.0,1406951922267.0,2853492718549.0,20452767287.0,2873945485836.0,28534.92718549,28739.45485836,119593637005.0,56767471.0,2438672249.0,129179423282.0,97367657.0,519056194.0
2025-07-11,2025,7,1453703702150.0,13289861419.0,1466993563569.0,1399789016399.0,7162905868.0,1406951922267.0,2853492718549.0,20452767287.0,2873945485836.0,28534.92718549,28739.45485836,119593637005.0,56767471.0,2438672249.0,129179423282.0,97367657.0,519056194.0
2025-07-14,2025,7,1453703702150.0,13289861419.0,1466993563569.0,1399789016399.0,7162905868.0,1406951922267.0,2853492718549.0,20452767287.0,2873945485836.0,28534.92718549,28739.45485836,119593637005.0,56767471.0,2438672249.0,129179423282.0,97367657.0,519056194.0
2025-07-15,2025,7,1453703702150.0,13289861419.0,1466993563569.0,1399789016399.0,7162905868.0,1406951922267.0,2853492718549.0,20452767287.0,2873945485836.0,28534.92718549,28739.45485836,119593637005.0,56767471.0,2438672249.0,129179423282.0,97367657.0,519056194.0
2025-07-16,2025,7,1453703702150.0,13289861419.0,1466993563569.0,1399789016399.0,7162905868.0,1406951922267.0,2853492718549.0,20452767287.0,2873945485836.0,28534.92718549,28739.45485836,119593637005.0,56767471.0,2438672249.0,129179423282.0,97367657.0,519056194.0
2025-07-17,2025,7,1453703702150.0,13289861419.0,1466993563569.0,1399789016399.0,7162905868.0,1406951922267.0,2853492718549.0,20452767287.0,2873945485836.0,28534.92718549,28739.45485836,119593637005.0,56767471.0,2438672249.0,129179423282.0,97367657.0,519056194.0
2025-07-18,2025,7,1453703702150.0,13289861419.0,1466993563569.0,1399789016399.0,7162905868.0,1406951922267.0,2853492718549.0,20452767287.0,2873945485836.0,28534.92718549,28739.45485836,119593637005.0,56767471.0,2438672249.0,129179423282.0,97367657.0,519056194.0
2025-07-21,2025,7,1453703702150.0,13289861419.0,1466993563569.0,1399789016399.0,7162905868.0,1406951922267.0,2853492718549.0,20452767287.0,2873945485836.0,28534.92718549,28739.45485836,119593637005.0,56767471.0,2438672249.0,129179423282.0,97367657.0,519056194.0
2025-07-22,2025,7,1453703702150.0,13289861419.0,1466993563569.0,1399789016399.0,7162905868.0,1406951922267.0,2853492718549.0,20452767287.0,2873945485836.0,28534.92718549,28739.45485836,119593637005.0,56767471.0,2438672249.0,129179423282.0,97367657.0,519056194.0
2025-07-23,2025,7,1453703702150.0,13289861419.0,1466993563569.0,1399789016399.0,7162905868.0,1406951922267.0,2853492718549.0,20452767287.0,2873945485836.0,28534.92718549,28739.45485836,119593637005.0,56767471.0,2438672249.0,129179423282.0,97367657.0,519056194.0
2025-07-24,2025,7,1453703702150.0,13289861419.0,1466993563569.0,1399789016399.0,7162905868.0,1406951922267.0,2853492718549.0,20452767287.0,2873945485836.0,28534.92718549,28739.45485836,119593637005.0,56767471.0,2438672249.0,129179423282.0,97367657.0,519056194.0
2025-07-25,2025,7,1453703702150.0,13289861419.0,1466993563569.0,1399789016399.0,7162905868.0,1406951922267.0,2853492718549.0,20452767287.0,2873945485836.0,28534.92718549,28739.45485836,119593637005.0,56767471.0,2438672249.0,129179423282.0,97367657.0,519056194.0
2025-07-28,2025,7,1453703702150.0,13289861419.0,1466993563569.0,1399789016399.0,7162905868.0,1406951922267.0,2853492718549.0,20452767287.0,2873945485836.0,28534.92718549,28739.45485836,119593637005.0,56767471.0,2438672249.0,129179423282.0,97367657.0,519056194.0
2025-07-29,2025,7,1453703702150.0,13289861419.0,1466993563569.0,1399789016399.0,7162905868.0,1406951922267.0,2853492718549.0,20452767287.0,2873945485836.0,28534.92718549,28739.45485836,119593637005.0,56767471.0,2438672249.0,129179423282.0,97367657.0,519056194.0
2025-07-30,2025,7,1453703702150.0,13289861419.0,1466993563569.0,1399789016399.0,7162905868.0,1406951922267.0,2853492718549.0,20452767287.0,2873945485836.0,28534.92718549,28739.45485836,119593637005.0,56767471.0,2438672249.0,129179423282.0,97367657.0,519056194.0
2025-07-31,2025,7,1453703702150.0,13289861419.0,1466993563569.0,1399789016399.0,7162905868.0,1406951922267.0,2853492718549.0,20452767287.0,2873945485836.0,28534.92718549,28739.45485836,119593637005.0,56767471.0,2438672249.0,129179423282.0,97367657.0,519056194.0
2025-08-01,2025,8,1453703702150.0,13289861419.0,1466993563569.0,1399789016399.0,7162905868.0,1406951922267.0,2853492718549.0,20452767287.0,2873945485836.0,28534.92718549,28739.45485836,119593637005.0,56767471.0,2438672249.0,129179423282.0,97367657.0,519056194.0
2025-08-04,2025,8,1453703702150.0,13289861419.0,1466993563569.0,1399789016399.0,7162905868.0,1406951922267.0,2853492718549.0,20452767287.0,2873945485836.0,28534.92718549,28739.45485836,119593637005.0,56767471.0,2438672249.0,129179423282.0,97367657.0,519056194.0
2025-08-05,2025,8,1453703702150.0,13289861419.0,1466993563569.0,1399789016399.0,7162905868.0,1406951922267.0,2853492718549.0,20452767287.0,2873945485836.0,28534.92718549,28739.45485836,119593637005.0,56767471.0,2438672249.0,129179423282.0,97367657.0,519056194.0
2025-08-06,2025,8,1453703702150.0,13289861419.0,1466993563569.0,1399789016399.0,7162905868.0,1406951922267.0,2853492718549.0,20452767287.0,2873945485836.0,28534.92718549,28739.45485836,119593637005.0,56767471.0,2438672249.0,129179423282.0,97367657.0,519056194.0
2025-08-07,2025,8,1453703702150.0,13289861419.0,1466993563569.0,1399789016399.0,7162905868.0,1406951922267.0,2853492718549.0,20452767287.0,2873945485836.0,28534.92718549,28739.45485836,119593637005.0,56767471.0,2438672249.0,129179423282.0,97367657.0,519056194.0
2025-08-08,2025,8,1453703702150.0,13289861419.0,1466993563569.0,1399789016399.0,7162905868.0,1406951922267.0,2853492718549.0,20452767287.0,2873945485836.0,28534.92718549,28739.45485836,119593637005.0,56767471.0,2438672249.0,129179423282.0,97367657.0,519056194.0
2025-08-11,2025,8,1453703702150.0,13289861419.0,1466993563569.0,1399789016399.0,7162905868.0,1406951922267.0,2853492718549.0,20452767287.0,2873945485836.0,28534.92718549,28739.45485836,119593637005.0,56767471.0,2438672249.0,129179423282.0,97367657.0,519056194.0
2025-08-12,2025,8,1453703702150.0,13289861419.0,1466993563569.0,1399789016399.0,7162905868.0,1406951922267.0,2853492718549.0,20452767287.0,2873945485836.0,28534.92718549,28739.45485836,119593637005.0,56767471.0,2438672249.0,129179423282.0,97367657.0,519056194.0
2025-08-13,2025,8,1453703702150.0,13289861419.0,1466993563569.0,1399789016399.0,7162905868.0,1406951922267.0,2853492718549.0,20452767287.0,2873945485836.0,28534.92718549,28739.45485836,119593637005.0,56767471.0,2438672249.0,129179423282.0,97367657.0,519056194.0
2025-08-14,2025,8,1453703702150.0,13289861419.0,1466993563569.0,1399789016399.0,7162905868.0,1406951922267.0,2853492718549.0,20452767287.0,2873945485836.0,28534.92718549,28739.45485836,119593637005.0,56767471.0,2438672249.0,129179423282.0,97367657.0,519056194.0
2025-08-15,2025,8,1453703702150.0,13289861419.0,1466993563569.0,1399789016399.0,7162905868.0,1406951922267.0,2853492718549.0,20452767287.0,2873945485836.0,28534.92718549,28739.45485836,119593637005.0,56767471.0,2438672249.0,129179423282.0,97367657.0,519056194.0
2025-08-18,2025,8,1453703702150.0,13289861419.0,1466993563569.0,1399789016399.0,7162905868.0,1406951922267.0,2853492718549.0,20452767287.0,2873945485836.0,28534.92718549,28739.45485836,119593637005.0,56767471.0,2438672249.0,129179423282.0,97367657.0,519056194.0
2025-08-19,2025,8,1453703702150.0,13289861419.0,1466993563569.0,1399789016399.0,7162905868.0,1406951922267.0,2853492718549.0,20452767287.0,2873945485836.0,28534.92718549,28739.45485836,119593637005.0,56767471.0,2438672249.0,129179423282.0,97367657.0,519056194.0
2025-08-20,2025,8,1453703702150.0,13289861419.0,1466993563569.0,1399789016399.0,7162905868.0,1406951922267.0,2853492718549.0,20452767287.0,2873945485836.0,28534.92718549,28739.45485836,119593637005.0,56767471.0,2438672249.0,129179423282.0,97367657.0,519056194.0
2025-08-21,2025,8,1453703702150.0,13289861419.0,1466993563569.0,1399789016399.0,7162905868.0,1406951922267.0,2853492718549.0,20452767287.0,2873945485836.0,28534.92718549,28739.45485836,119593637005.0,56767471.0,2438672249.0,129179423282.0,97367657.0,519056194.0
2025-08-22,2025,8,1453703702150.0,13289861419.0,1466993563569.0,1399789016399.0,7162905868.0,1406951922267.0,2853492718549.0,20452767287.0,2873945485836.0,28534.92718549,28739.45485836,119593637005.0,56767471.0,2438672249.0,129179423282.0,97367657.0,519056194.0
2025-08-25,2025,8,1453703702150.0,13289861419.0,1466993563569.0,1399789016399.0,7162905868.0,1406951922267.0,2853492718549.0,20452767287.0,2873945485836.0,28534.92718549,28739.45485836,119593637005.0,56767471.0,2438672249.0,129179423282.0,97367657.0,519056194.0
2025-08-26,2025,8,1453703702150.0,13289861419.0,1466993563569.0,1399789016399.0,7162905868.0,1406951922267.0,2853492718549.0,20452767287.0,2873945485836.0,28534.92718549,28739.45485836,119593637005.0,56767471.0,2438672249.0,129179423282.0,97367657.0,519056194.0
2025-08-27,2025,8,1453703702150.0,13289861419.0,1466993563569.0,1399789016399.0,7162905868.0,1406951922267.0,2853492718549.0,20452767287.0,2873945485836.0,28534.92718549,28739.45485836,119593637005.0,56767471.0,2438672249.0,129179423282.0,97367657.0,519056194.0
2025-08-28,2025,8,1453703702150.0,13289861419.0,1466993563569.0,1399789016399.0,7162905868.0,1406951922267.0,2853492718549.0,20452767287.0,2873945485836.0,28534.92718549,28739.45485836,119593637005.0,56767471.0,2438672249.0,129179423282.0,97367657.0,519056194.0
2025-08-29,2025,8,1453703702150.0,13289861419.0,1466993563569.0,1399789016399.0,7162905868.0,1406951922267.0,2853492718549.0,20452767287.0,2873945485836.0,28534.92718549,28739.45485836,119593637005.0,56767471.0,2438672249.0,129179423282.0,97367657.0,519056194.0
2025-09-01,2025,9,1453703702150.0,13289861419.0,1466993563569.0,1399789016399.0,7162905868.0,1406951922267.0,2853492718549.0,20452767287.0,2873945485836.0,28534.92718549,28739.45485836,119593637005.0,56767471.0,2438672249.0,129179423282.0,97367657.0,519056194.0
2025-09-02,2025,9,1453703702150.0,13289861419.0,1466993563569.0,1399789016399.0,7162905868.0,1406951922267.0,2853492718549.0,20452767287.0,2873945485836.0,28534.92718549,28739.45485836,119593637005.0,56767471.0,2438672249.0,129179423282.0,97367657.0,519056194.0
2025-09-03,2025,9,1453703702150.0,13289861419.0,1466993563569.0,1399789016399.0,7162905868.0,1406951922267.0,2853492718549.0,20452767287.0,2873945485836.0,28534.92718549,28739.45485836,119593637005.0,56767471.0,2438672249.0,129179423282.0,97367657.0,519056194.0
2025-09-04,2025,9,1453703702150.0,13289861419.0,1466993563569.0,1399789016399.0,7162905868.0,1406951922267.0,2853492718549.0,20452767287.0,2873945485836.0,28534.92718549,28739.45485836,119593637005.0,56767471.0,2438672249.0,129179423282.0,97367657.0,519056194.0
2025-09-05,2025,9,1453703702150.0,13289861419.0,1466993563569.0,1399789016399.0,7162905868.0,1406951922267.0,2853492718549.0,20452767287.0,2873945485836.0,28534.92718549,28739.45485836,119593637005.0,56767471.0,2438672249.0,129179423282.0,97367657.0,519056194.0
2025-09-08,2025,9,1453703702150.0,13289861419.0,1466993563569.0,1399789016399.0,7162905868.0,1406951922267.0,2853492718549.0,20452767287.0,2873945485836.0,28534.92718549,28739.45485836,119593637005.0,56767471.0,2438672249.0,129179423282.0,97367657.0,519056194.0
2025-09-09,2025,9,1453703702150.0,13289861419.0,1466993563569.0,1399789016399.0,7162905868.0,1406951922267.0,2853492718549.0,20452767287.0,2873945485836.0,28534.92718549,28739.45485836,119593637005.0,56767471.0,2438672249.0,129179423282.0,97367657.0,519056194.0
2025-09-10,2025,9,1453703702150.0,13289861419.0,1466993563569.0,1399789016399.0,7162905868.0,1406951922267.0,2853492718549.0,20452767287.0,2873945485836.0,28534.92718549,28739.45485836,119593637005.0,56767471.0,2438672249.0,129179423282.0,97367657.0,519056194.0
2025-09-11,2025,9,1453703702150.0,13289861419.0,1466993563569.0,1399789016399.0,7162905868.0,1406951922267.0,2853492718549.0,20452767287.0,2873945485836.0,28534.92718549,28739.45485836,119593637005.0,56767471.0,2438672249.0,129179423282.0,97367657.0,519056194.0
2025-09-12,2025,9,1453703702150.0,13289861419.0,1466993563569.0,1399789016399.0,7162905868.0,1406951922267.0,2853492718549.0,20452767287.0,2873945485836.0,28534.92718549,28739.45485836,119593637005.0,56767471.0,2438672249.0,129179423282.0,97367657.0,519056194.0
2025-09-15,2025,9,1453703702150.0,13289861419.0,1466993563569.0,1399789016399.0,7162905868.0,1406951922267.0,2853492718549.0,20452767287.0,2873945485836.0,28534.92718549,28739.45485836,119593637005.0,56767471.0,2438672249.0,129179423282.0,97367657.0,519056194.0
2025-09-16,2025,9,1453703702150.0,13289861419.0,1466993563569.0,1399789016399.0,7162905868.0,1406951922267.0,2853492718549.0,20452767287.0,2873945485836.0,28534.92718549,28739.45485836,119593637005.0,56767471.0,2438672249.0,129179423282.0,97367657.0,519056194.0
2025-09-17,2025,9,1453703702150.0,13289861419.0,1466993563569.0,1399789016399.0,7162905868.0,1406951922267.0,2853492718549.0,20452767287.0,2873945485836.0,28534.92718549,28739.45485836,119593637005.0,56767471.0,2438672249.0,129179423282.0,97367657.0,519056194.0
2025-09-18,2025,9,1453703702150.0,13289861419.0,1466993563569.0,1399789016399.0,7162905868.0,1406951922267.0,2853492718549.0,20452767287.0,2873945485836.0,28534.92718549,28739.45485836,119593637005.0,56767471.0,2438672249.0,129179423282.0,97367657.0,519056194.0
2025-09-19,2025,9,1453703702150.0,13289861419.0,1466993563569.0,1399789016399.0,7162905868.0,1406951922267.0,2853492718549.0,20452767287.0,2873945485836.0,28534.92718549,28739.45485836,119593637005.0,56767471.0,2438672249.0,129179423282.0,97367657.0,519056194.0
2025-09-22,2025,9,1453703702150.0,13289861419.0,1466993563569.0,1399789016399.0,7162905868.0,1406951922267.0,2853492718549.0,20452767287.0,2873945485836.0,28534.92718549,28739.45485836,119593637005.0,56767471.0,2438672249.0,129179423282.0,97367657.0,519056194.0
2025-09-23,2025,9,1453703702150.0,13289861419.0,1466993563569.0,1399789016399.0,7162905868.0,1406951922267.0,2853492718549.0,20452767287.0,2873945485836.0,28534.92718549,28739.45485836,119593637005.0,56767471.0,2438672249.0,129179423282.0,97367657.0,519056194.0
2025-09-24,2025,9,1453703702150.0,13289861419.0,1466993563569.0,1399789016399.0,7162905868.0,1406951922267.0,2853492718549.0,20452767287.0,2873945485836.0,28534.92718549,28739.45485836,119593637005.0,56767471.0,2438672249.0,129179423282.0,97367657.0,519056194.0
2025-09-25,2025,9,1453703702150.0,13289861419.0,1466993563569.0,1399789016399.0,7162905868.0,1406951922267.0,2853492718549.0,20452767287.0,2873945485836.0,28534.92718549,28739.45485836,119593637005.0,56767471.0,2438672249.0,129179423282.0,97367657.0,519056194.0
2025-09-26,2025,9,1453703702150.0,13289861419.0,1466993563569.0,1399789016399.0,7162905868.0,1406951922267.0,2853492718549.0,20452767287.0,2873945485836.0,28534.92718549,28739.45485836,119593637005.0,56767471.0,2438672249.0,129179423282.0,97367657.0,519056194.0
2025-09-29,2025,9,1453703702150.0,13289861419.0,1466993563569.0,1399789016399.0,7162905868.0,1406951922267.0,2853492718549.0,20452767287.0,2873945485836.0,28534.92718549,28739.45485836,119593637005.0,56767471.0,2438672249.0,129179423282.0,97367657.0,519056194.0
2025-09-30,2025,9,1453703702150.0,13289861419.0,1466993563569.0,1399789016399.0,7162905868.0,1406951922267.0,2853492718549.0,20452767287.0,2873945485836.0,28534.92718549,28739.45485836,119593637005.0,56767471.0,2438672249.0,129179423282.0,97367657.0,519056194.0
2025-10-09,2025,10,1453703702150.0,13289861419.0,1466993563569.0,1399789016399.0,7162905868.0,1406951922267.0,2853492718549.0,20452767287.0,2873945485836.0,28534.92718549,28739.45485836,119593637005.0,56767471.0,2438672249.0,129179423282.0,97367657.0,519056194.0
2025-10-10,2025,10,1453703702150.0,13289861419.0,1466993563569.0,1399789016399.0,7162905868.0,1406951922267.0,2853492718549.0,20452767287.0,2873945485836.0,28534.92718549,28739.45485836,119593637005.0,56767471.0,2438672249.0,129179423282.0,97367657.0,519056194.0
2025-10-13,2025,10,1453703702150.0,13289861419.0,1466993563569.0,1399789016399.0,7162905868.0,1406951922267.0,2853492718549.0,20452767287.0,2873945485836.0,28534.92718549,28739.45485836,119593637005.0,56767471.0,2438672249.0,129179423282.0,97367657.0,519056194.0
2025-10-14,2025,10,1453703702150.0,13289861419.0,1466993563569.0,1399789016399.0,7162905868.0,1406951922267.0,2853492718549.0,20452767287.0,2873945485836.0,28534.92718549,28739.45485836,119593637005.0,56767471.0,2438672249.0,129179423282.0,97367657.0,519056194.0
2025-10-15,2025,10,1453703702150.0,13289861419.0,1466993563569.0,1399789016399.0,7162905868.0,1406951922267.0,2853492718549.0,20452767287.0,2873945485836.0,28534.92718549,28739.45485836,119593637005.0,56767471.0,2438672249.0,129179423282.0,97367657.0,519056194.0
2025-10-16,2025,10,1453703702150.0,13289861419.0,1466993563569.0,1399789016399.0,7162905868.0,1406951922267.0,2853492718549.0,20452767287.0,2873945485836.0,28534.92718549,28739.45485836,119593637005.0,56767471.0,2438672249.0,129179423282.0,97367657.0,519056194.0
2025-10-17,2025,10,1453703702150.0,13289861419.0,1466993563569.0,1399789016399.0,7162905868.0,1406951922267.0,2853492718549.0,20452767287.0,2873945485836.0,28534.92718549,28739.45485836,119593637005.0,56767471.0,2438672249.0,129179423282.0,97367657.0,519056194.0
2025-10-20,2025,10,1453703702150.0,13289861419.0,1466993563569.0,1399789016399.0,7162905868.0,1406951922267.0,2853492718549.0,20452767287.0,2873945485836.0,28534.92718549,28739.45485836,119593637005.0,56767471.0,2438672249.0,129179423282.0,97367657.0,519056194.0
2025-10-21,2025,10,1453703702150.0,13289861419.0,1466993563569.0,1399789016399.0,7162905868.0,1406951922267.0,2853492718549.0,20452767287.0,2873945485836.0,28534.92718549,28739.45485836,119593637005.0,56767471.0,2438672249.0,129179423282.0,97367657.0,519056194.0
2025-10-22,2025,10,1453703702150.0,13289861419.0,1466993563569.0,1399789016399.0,7162905868.0,1406951922267.0,2853492718549.0,20452767287.0,2873945485836.0,28534.92718549,28739.45485836,119593637005.0,56767471.0,2438672249.0,129179423282.0,97367657.0,519056194.0
2025-10-23,2025,10,1453703702150.0,13289861419.0,1466993563569.0,1399789016399.0,7162905868.0,1406951922267.0,2853492718549.0,20452767287.0,2873945485836.0,28534.92718549,28739.45485836,119593637005.0,56767471.0,2438672249.0,129179423282.0,97367657.0,519056194.0
2025-10-24,2025,10,1453703702150.0,13289861419.0,1466993563569.0,1399789016399.0,7162905868.0,1406951922267.0,2853492718549.0,20452767287.0,2873945485836.0,28534.92718549,28739.45485836,119593637005.0,56767471.0,2438672249.0,129179423282.0,97367657.0,519056194.0
2025-10-27,2025,10,1453703702150.0,13289861419.0,1466993563569.0,1399789016399.0,7162905868.0,1406951922267.0,2853492718549.0,20452767287.0,2873945485836.0,28534.92718549,28739.45485836,119593637005.0,56767471.0,2438672249.0,129179423282.0,97367657.0,519056194.0
2025-10-28,2025,10,1453703702150.0,13289861419.0,1466993563569.0,1399789016399.0,7162905868.0,1406951922267.0,2853492718549.0,20452767287.0,2873945485836.0,28534.92718549,28739.45485836,119593637005.0,56767471.0,2438672249.0,129179423282.0,97367657.0,519056194.0
2025-10-29,2025,10,1453703702150.0,13289861419.0,1466993563569.0,1399789016399.0,7162905868.0,1406951922267.0,2853492718549.0,20452767287.0,2873945485836.0,28534.92718549,28739.45485836,119593637005.0,56767471.0,2438672249.0,129179423282.0,97367657.0,519056194.0
2025-10-30,2025,10,1453703702150.0,13289861419.0,1466993563569.0,1399789016399.0,7162905868.0,1406951922267.0,2853492718549.0,20452767287.0,2873945485836.0,28534.92718549,28739.45485836,119593637005.0,56767471.0,2438672249.0,129179423282.0,97367657.0,519056194.0
2025-10-31,2025,10,1453703702150.0,13289861419.0,1466993563569.0,1399789016399.0,7162905868.0,1406951922267.0,2853492718549.0,20452767287.0,2873945485836.0,28534.92718549,28739.45485836,119593637005.0,56767471.0,2438672249.0,129179423282.0,97367657.0,519056194.0
2025-11-03,2025,11,1453703702150.0,13289861419.0,1466993563569.0,1399789016399.0,7162905868.0,1406951922267.0,2853492718549.0,20452767287.0,2873945485836.0,28534.92718549,28739.45485836,119593637005.0,56767471.0,2438672249.0,129179423282.0,97367657.0,519056194.0
2025-11-04,2025,11,1453703702150.0,13289861419.0,1466993563569.0,1399789016399.0,7162905868.0,1406951922267.0,2853492718549.0,20452767287.0,2873945485836.0,28534.92718549,28739.45485836,119593637005.0,56767471.0,2438672249.0,129179423282.0,97367657.0,519056194.0
2025-11-05,2025,11,1453703702150.0,13289861419.0,1466993563569.0,1399789016399.0,7162905868.0,1406951922267.0,2853492718549.0,20452767287.0,2873945485836.0,28534.92718549,28739.45485836,119593637005.0,56767471.0,2438672249.0,129179423282.0,97367657.0,519056194.0
2025-11-06,2025,11,1453703702150.0,13289861419.0,1466993563569.0,1399789016399.0,7162905868.0,1406951922267.0,2853492718549.0,20452767287.0,2873945485836.0,28534.92718549,28739.45485836,119593637005.0,56767471.0,2438672249.0,129179423282.0,97367657.0,519056194.0
2025-11-07,2025,11,1453703702150.0,13289861419.0,1466993563569.0,1399789016399.0,7162905868.0,1406951922267.0,2853492718549.0,20452767287.0,2873945485836.0,28534.92718549,28739.45485836,119593637005.0,56767471.0,2438672249.0,129179423282.0,97367657.0,519056194.0
2025-11-10,2025,11,1453703702150.0,13289861419.0,1466993563569.0,1399789016399.0,7162905868.0,1406951922267.0,2853492718549.0,20452767287.0,2873945485836.0,28534.92718549,28739.45485836,119593637005.0,56767471.0,2438672249.0,129179423282.0,97367657.0,519056194.0
2025-11-11,2025,11,1453703702150.0,13289861419.0,1466993563569.0,1399789016399.0,7162905868.0,1406951922267.0,2853492718549.0,20452767287.0,2873945485836.0,28534.92718549,28739.45485836,119593637005.0,56767471.0,2438672249.0,129179423282.0,97367657.0,519056194.0
2025-11-12,2025,11,1453703702150.0,13289861419.0,1466993563569.0,1399789016399.0,7162905868.0,1406951922267.0,2853492718549.0,20452767287.0,2873945485836.0,28534.92718549,28739.45485836,119593637005.0,56767471.0,2438672249.0,129179423282.0,97367657.0,519056194.0
2025-11-13,2025,11,1453703702150.0,13289861419.0,1466993563569.0,1399789016399.0,7162905868.0,1406951922267.0,2853492718549.0,20452767287.0,2873945485836.0,28534.92718549,28739.45485836,119593637005.0,56767471.0,2438672249.0,129179423282.0,97367657.0,519056194.0
2025-11-14,2025,11,1453703702150.0,13289861419.0,1466993563569.0,1399789016399.0,7162905868.0,1406951922267.0,2853492718549.0,20452767287.0,2873945485836.0,28534.92718549,28739.45485836,119593637005.0,56767471.0,2438672249.0,129179423282.0,97367657.0,519056194.0
2025-11-17,2025,11,1453703702150.0,13289861419.0,1466993563569.0,1399789016399.0,7162905868.0,1406951922267.0,2853492718549.0,20452767287.0,2873945485836.0,28534.92718549,28739.45485836,119593637005.0,56767471.0,2438672249.0,129179423282.0,97367657.0,519056194.0
2025-11-18,2025,11,1453703702150.0,13289861419.0,1466993563569.0,1399789016399.0,7162905868.0,1406951922267.0,2853492718549.0,20452767287.0,2873945485836.0,28534.92718549,28739.45485836,119593637005.0,56767471.0,2438672249.0,129179423282.0,97367657.0,519056194.0
2025-11-19,2025,11,1453703702150.0,13289861419.0,1466993563569.0,1399789016399.0,7162905868.0,1406951922267.0,2853492718549.0,20452767287.0,2873945485836.0,28534.92718549,28739.45485836,119593637005.0,56767471.0,2438672249.0,129179423282.0,97367657.0,519056194.0
2025-11-20,2025,11,1453703702150.0,13289861419.0,1466993563569.0,1399789016399.0,7162905868.0,1406951922267.0,2853492718549.0,20452767287.0,2873945485836.0,28534.92718549,28739.45485836,119593637005.0,56767471.0,2438672249.0,129179423282.0,97367657.0,519056194.0
2025-11-21,2025,11,1453703702150.0,13289861419.0,1466993563569.0,1399789016399.0,7162905868.0,1406951922267.0,2853492718549.0,20452767287.0,2873945485836.0,28534.92718549,28739.45485836,119593637005.0,56767471.0,2438672249.0,129179423282.0,97367657.0,519056194.0
2025-11-24,2025,11,1453703702150.0,13289861419.0,1466993563569.0,1399789016399.0,7162905868.0,1406951922267.0,2853492718549.0,20452767287.0,2873945485836.0,28534.92718549,28739.45485836,119593637005.0,56767471.0,2438672249.0,129179423282.0,97367657.0,519056194.0
2025-11-25,2025,11,1453703702150.0,13289861419.0,1466993563569.0,1399789016399.0,7162905868.0,1406951922267.0,2853492718549.0,20452767287.0,2873945485836.0,28534.92718549,28739.45485836,119593637005.0,56767471.0,2438672249.0,129179423282.0,97367657.0,519056194.0
2025-11-26,2025,11,1453703702150.0,13289861419.0,1466993563569.0,1399789016399.0,7162905868.0,1406951922267.0,2853492718549.0,20452767287.0,2873945485836.0,28534.92718549,28739.45485836,119593637005.0,56767471.0,2438672249.0,129179423282.0,97367657.0,519056194.0
2025-11-27,2025,11,1453703702150.0,13289861419.0,1466993563569.0,1399789016399.0,7162905868.0,1406951922267.0,2853492718549.0,20452767287.0,2873945485836.0,28534.92718549,28739.45485836,119593637005.0,56767471.0,2438672249.0,129179423282.0,97367657.0,519056194.0
2025-11-28,2025,11,1453703702150.0,13289861419.0,1466993563569.0,1399789016399.0,7162905868.0,1406951922267.0,2853492718549.0,20452767287.0,2873945485836.0,28534.92718549,28739.45485836,119593637005.0,56767471.0,2438672249.0,129179423282.0,97367657.0,519056194.0
2025-12-01,2025,12,1453703702150.0,13289861419.0,1466993563569.0,1399789016399.0,7162905868.0,1406951922267.0,2853492718549.0,20452767287.0,2873945485836.0,28534.92718549,28739.45485836,119593637005.0,56767471.0,2438672249.0,129179423282.0,97367657.0,519056194.0
2025-12-02,2025,12,1453703702150.0,13289861419.0,1466993563569.0,1399789016399.0,7162905868.0,1406951922267.0,2853492718549.0,20452767287.0,2873945485836.0,28534.92718549,28739.45485836,119593637005.0,56767471.0,2438672249.0,129179423282.0,97367657.0,519056194.0
2025-12-03,2025,12,1453703702150.0,13289861419.0,1466993563569.0,1399789016399.0,7162905868.0,1406951922267.0,2853492718549.0,20452767287.0,2873945485836.0,28534.92718549,28739.45485836,119593637005.0,56767471.0,2438672249.0,129179423282.0,97367657.0,519056194.0
2025-12-04,2025,12,1453703702150.0,13289861419.0,1466993563569.0,1399789016399.0,7162905868.0,1406951922267.0,2853492718549.0,20452767287.0,2873945485836.0,28534.92718549,28739.45485836,119593637005.0,56767471.0,2438672249.0,129179423282.0,97367657.0,519056194.0
2025-12-05,2025,12,1453703702150.0,13289861419.0,1466993563569.0,1399789016399.0,7162905868.0,1406951922267.0,2853492718549.0,20452767287.0,2873945485836.0,28534.92718549,28739.45485836,119593637005.0,56767471.0,2438672249.0,129179423282.0,97367657.0,519056194.0
2025-12-08,2025,12,1453703702150.0,13289861419.0,1466993563569.0,1399789016399.0,7162905868.0,1406951922267.0,2853492718549.0,20452767287.0,2873945485836.0,28534.92718549,28739.45485836,119593637005.0,56767471.0,2438672249.0,129179423282.0,97367657.0,519056194.0
2025-12-09,2025,12,1453703702150.0,13289861419.0,1466993563569.0,1399789016399.0,7162905868.0,1406951922267.0,2853492718549.0,20452767287.0,2873945485836.0,28534.92718549,28739.45485836,119593637005.0,56767471.0,2438672249.0,129179423282.0,97367657.0,519056194.0
2025-12-10,2025,12,1453703702150.0,13289861419.0,1466993563569.0,1399789016399.0,7162905868.0,1406951922267.0,2853492718549.0,20452767287.0,2873945485836.0,28534.92718549,28739.45485836,119593637005.0,56767471.0,2438672249.0,129179423282.0,97367657.0,519056194.0
2025-12-11,2025,12,1453703702150.0,13289861419.0,1466993563569.0,1399789016399.0,7162905868.0,1406951922267.0,2853492718549.0,20452767287.0,2873945485836.0,28534.92718549,28739.45485836,119593637005.0,56767471.0,2438672249.0,129179423282.0,97367657.0,519056194.0
2025-12-12,2025,12,1453703702150.0,13289861419.0,1466993563569.0,1399789016399.0,7162905868.0,1406951922267.0,2853492718549.0,20452767287.0,2873945485836.0,28534.92718549,28739.45485836,119593637005.0,56767471.0,2438672249.0,129179423282.0,97367657.0,519056194.0
2025-12-15,2025,12,1453703702150.0,13289861419.0,1466993563569.0,1399789016399.0,7162905868.0,1406951922267.0,2853492718549.0,20452767287.0,2873945485836.0,28534.92718549,28739.45485836,119593637005.0,56767471.0,2438672249.0,129179423282.0,97367657.0,519056194.0
2025-12-16,2025,12,1453703702150.0,13289861419.0,1466993563569.0,1399789016399.0,7162905868.0,1406951922267.0,2853492718549.0,20452767287.0,2873945485836.0,28534.92718549,28739.45485836,119593637005.0,56767471.0,2438672249.0,129179423282.0,97367657.0,519056194.0
2025-12-17,2025,12,1453703702150.0,13289861419.0,1466993563569.0,1399789016399.0,7162905868.0,1406951922267.0,2853492718549.0,20452767287.0,2873945485836.0,28534.92718549,28739.45485836,119593637005.0,56767471.0,2438672249.0,129179423282.0,97367657.0,519056194.0
2025-12-18,2025,12,1453703702150.0,13289861419.0,1466993563569.0,1399789016399.0,7162905868.0,1406951922267.0,2853492718549.0,20452767287.0,2873945485836.0,28534.92718549,28739.45485836,119593637005.0,56767471.0,2438672249.0,129179423282.0,97367657.0,519056194.0
2025-12-19,2025,12,1453703702150.0,13289861419.0,1466993563569.0,1399789016399.0,7162905868.0,1406951922267.0,2853492718549.0,20452767287.0,2873945485836.0,28534.92718549,28739.45485836,119593637005.0,56767471.0,2438672249.0,129179423282.0,97367657.0,519056194.0
2025-12-22,2025,12,1453703702150.0,13289861419.0,1466993563569.0,1399789016399.0,7162905868.0,1406951922267.0,2853492718549.0,20452767287.0,2873945485836.0,28534.92718549,28739.45485836,119593637005.0,56767471.0,2438672249.0,129179423282.0,97367657.0,519056194.0
2025-12-23,2025,12,1453703702150.0,13289861419.0,1466993563569.0,1399789016399.0,7162905868.0,1406951922267.0,2853492718549.0,20452767287.0,2873945485836.0,28534.92718549,28739.45485836,119593637005.0,56767471.0,2438672249.0,129179423282.0,97367657.0,519056194.0
2025-12-24,2025,12,1453703702150.0,13289861419.0,1466993563569.0,1399789016399.0,7162905868.0,1406951922267.0,2853492718549.0,20452767287.0,2873945485836.0,28534.92718549,28739.45485836,119593637005.0,56767471.0,2438672249.0,129179423282.0,97367657.0,519056194.0
2025-12-25,2025,12,1453703702150.0,13289861419.0,1466993563569.0,1399789016399.0,7162905868.0,1406951922267.0,2853492718549.0,20452767287.0,2873945485836.0,28534.92718549,28739.45485836,119593637005.0,56767471.0,2438672249.0,129179423282.0,97367657.0,519056194.0
2025-12-26,2025,12,1453703702150.0,13289861419.0,1466993563569.0,1399789016399.0,7162905868.0,1406951922267.0,2853492718549.0,20452767287.0,2873945485836.0,28534.92718549,28739.45485836,119593637005.0,56767471.0,2438672249.0,129179423282.0,97367657.0,519056194.0
2025-12-29,2025,12,1453703702150.0,13289861419.0,1466993563569.0,1399789016399.0,7162905868.0,1406951922267.0,2853492718549.0,20452767287.0,2873945485836.0,28534.92718549,28739.45485836,119593637005.0,56767471.0,2438672249.0,129179423282.0,97367657.0,519056194.0
2025-12-30,2025,12,1453703702150.0,13289861419.0,1466993563569.0,1399789016399.0,7162905868.0,1406951922267.0,2853492718549.0,20452767287.0,2873945485836.0,28534.92718549,28739.45485836,119593637005.0,56767471.0,2438672249.0,129179423282.0,97367657.0,519056194.0
2025-12-31,2025,12,1453703702150.0,13289861419.0,1466993563569.0,1399789016399.0,7162905868.0,1406951922267.0,2853492718549.0,20452767287.0,2873945485836.0,28534.92718549,28739.45485836,119593637005.0,56767471.0,2438672249.0,129179423282.0,97367657.0,519056194.0
2026-01-05,2026,1,1453703702150.0,13289861419.0,1466993563569.0,1399789016399.0,7162905868.0,1406951922267.0,2853492718549.0,20452767287.0,2873945485836.0,28534.92718549,28739.45485836,119593637005.0,56767471.0,2438672249.0,129179423282.0,97367657.0,519056194.0
2026-01-06,2026,1,1453703702150.0,13289861419.0,1466993563569.0,1399789016399.0,7162905868.0,1406951922267.0,2853492718549.0,20452767287.0,2873945485836.0,28534.92718549,28739.45485836,119593637005.0,56767471.0,2438672249.0,129179423282.0,97367657.0,519056194.0
2026-01-07,2026,1,1453703702150.0,13289861419.0,1466993563569.0,1399789016399.0,7162905868.0,1406951922267.0,2853492718549.0,20452767287.0,2873945485836.0,28534.92718549,28739.45485836,119593637005.0,56767471.0,2438672249.0,129179423282.0,97367657.0,519056194.0
2026-01-08,2026,1,1453703702150.0,13289861419.0,1466993563569.0,1399789016399.0,7162905868.0,1406951922267.0,2853492718549.0,20452767287.0,2873945485836.0,28534.92718549,28739.45485836,119593637005.0,56767471.0,2438672249.0,129179423282.0,97367657.0,519056194.0
2026-01-09,2026,1,1453703702150.0,13289861419.0,1466993563569.0,1399789016399.0,7162905868.0,1406951922267.0,2853492718549.0,20452767287.0,2873945485836.0,28534.92718549,28739.45485836,119593637005.0,56767471.0,2438672249.0,129179423282.0,97367657.0,519056194.0
2026-01-12,2026,1,1453703702150.0,13289861419.0,1466993563569.0,1399789016399.0,7162905868.0,1406951922267.0,2853492718549.0,20452767287.0,2873945485836.0,28534.92718549,28739.45485836,119593637005.0,56767471.0,2438672249.0,129179423282.0,97367657.0,519056194.0
2026-01-13,2026,1,1453703702150.0,13289861419.0,1466993563569.0,1399789016399.0,7162905868.0,1406951922267.0,2853492718549.0,20452767287.0,2873945485836.0,28534.92718549,28739.45485836,119593637005.0,56767471.0,2438672249.0,129179423282.0,97367657.0,519056194.0
2026-01-14,2026,1,1453703702150.0,13289861419.0,1466993563569.0,1399789016399.0,7162905868.0,1406951922267.0,2853492718549.0,20452767287.0,2873945485836.0,28534.92718549,28739.45485836,119593637005.0,56767471.0,2438672249.0,129179423282.0,97367657.0,519056194.0
2026-01-15,2026,1,1453703702150.0,13289861419.0,1466993563569.0,1399789016399.0,7162905868.0,1406951922267.0,2853492718549.0,20452767287.0,2873945485836.0,28534.92718549,28739.45485836,119593637005.0,56767471.0,2438672249.0,129179423282.0,97367657.0,519056194.0
2026-01-16,2026,1,1453703702150.0,13289861419.0,1466993563569.0,1399789016399.0,7162905868.0,1406951922267.0,2853492718549.0,20452767287.0,2873945485836.0,28534.92718549,28739.45485836,119593637005.0,56767471.0,2438672249.0,129179423282.0,97367657.0,519056194.0
2026-01-19,2026,1,1453703702150.0,13289861419.0,1466993563569.0,1399789016399.0,7162905868.0,1406951922267.0,2853492718549.0,20452767287.0,2873945485836.0,28534.92718549,28739.45485836,119593637005.0,56767471.0,2438672249.0,129179423282.0,97367657.0,519056194.0
2026-01-20,2026,1,1453703702150.0,13289861419.0,1466993563569.0,1399789016399.0,7162905868.0,1406951922267.0,2853492718549.0,20452767287.0,2873945485836.0,28534.92718549,28739.45485836,119593637005.0,56767471.0,2438672249.0,129179423282.0,97367657.0,519056194.0
2026-01-21,2026,1,1453703702150.0,13289861419.0,1466993563569.0,1399789016399.0,7162905868.0,1406951922267.0,2853492718549.0,20452767287.0,2873945485836.0,28534.92718549,28739.45485836,119593637005.0,56767471.0,2438672249.0,129179423282.0,97367657.0,519056194.0
2026-01-22,2026,1,1453703702150.0,13289861419.0,1466993563569.0,1399789016399.0,7162905868.0,1406951922267.0,2853492718549.0,20452767287.0,2873945485836.0,28534.92718549,28739.45485836,119593637005.0,56767471.0,2438672249.0,129179423282.0,97367657.0,519056194.0
2026-01-23,2026,1,1453703702150.0,13289861419.0,1466993563569.0,1399789016399.0,7162905868.0,1406951922267.0,2853492718549.0,20452767287.0,2873945485836.0,28534.92718549,28739.45485836,119593637005.0,56767471.0,2438672249.0,129179423282.0,97367657.0,519056194.0
2026-01-26,2026,1,1453703702150.0,13289861419.0,1466993563569.0,1399789016399.0,7162905868.0,1406951922267.0,2853492718549.0,20452767287.0,2873945485836.0,28534.92718549,28739.45485836,119593637005.0,56767471.0,2438672249.0,129179423282.0,97367657.0,519056194.0
2026-01-27,2026,1,1453703702150.0,13289861419.0,1466993563569.0,1399789016399.0,7162905868.0,1406951922267.0,2853492718549.0,20452767287.0,2873945485836.0,28534.92718549,28739.45485836,119593637005.0,56767471.0,2438672249.0,129179423282.0,97367657.0,519056194.0
2026-01-28,2026,1,1453703702150.0,13289861419.0,1466993563569.0,1399789016399.0,7162905868.0,1406951922267.0,2853492718549.0,20452767287.0,2873945485836.0,28534.92718549,28739.45485836,119593637005.0,56767471.0,2438672249.0,129179423282.0,97367657.0,519056194.0
2026-01-29,2026,1,1453703702150.0,13289861419.0,1466993563569.0,1399789016399.0,7162905868.0,1406951922267.0,2853492718549.0,20452767287.0,2873945485836.0,28534.92718549,28739.45485836,119593637005.0,56767471.0,2438672249.0,129179423282.0,97367657.0,519056194.0
2026-01-30,2026,1,1453703702150.0,13289861419.0,1466993563569.0,1399789016399.0,7162905868.0,1406951922267.0,2853492718549.0,20452767287.0,2873945485836.0,28534.92718549,28739.45485836,119593637005.0,56767471.0,2438672249.0,129179423282.0,97367657.0,519056194.0
2026-02-02,2026,2,1453703702150.0,13289861419.0,1466993563569.0,1399789016399.0,7162905868.0,1406951922267.0,2853492718549.0,20452767287.0,2873945485836.0,28534.92718549,28739.45485836,119593637005.0,56767471.0,2438672249.0,129179423282.0,97367657.0,519056194.0
2026-02-03,2026,2,1453703702150.0,13289861419.0,1466993563569.0,1399789016399.0,7162905868.0,1406951922267.0,2853492718549.0,20452767287.0,2873945485836.0,28534.92718549,28739.45485836,119593637005.0,56767471.0,2438672249.0,129179423282.0,97367657.0,519056194.0
2026-02-04,2026,2,1453703702150.0,13289861419.0,1466993563569.0,1399789016399.0,7162905868.0,1406951922267.0,2853492718549.0,20452767287.0,2873945485836.0,28534.92718549,28739.45485836,119593637005.0,56767471.0,2438672249.0,129179423282.0,97367657.0,519056194.0
2026-02-05,2026,2,1453703702150.0,13289861419.0,1466993563569.0,1399789016399.0,7162905868.0,1406951922267.0,2853492718549.0,20452767287.0,2873945485836.0,28534.92718549,28739.45485836,119593637005.0,56767471.0,2438672249.0,129179423282.0,97367657.0,519056194.0
2026-02-06,2026,2,1453703702150.0,13289861419.0,1466993563569.0,1399789016399.0,7162905868.0,1406951922267.0,2853492718549.0,20452767287.0,2873945485836.0,28534.92718549,28739.45485836,119593637005.0,56767471.0,2438672249.0,129179423282.0,97367657.0,519056194.0
2026-02-09,2026,2,1453703702150.0,13289861419.0,1466993563569.0,1399789016399.0,7162905868.0,1406951922267.0,2853492718549.0,20452767287.0,2873945485836.0,28534.92718549,28739.45485836,119593637005.0,56767471.0,2438672249.0,129179423282.0,97367657.0,519056194.0
2026-02-10,2026,2,1453703702150.0,13289861419.0,1466993563569.0,1399789016399.0,7162905868.0,1406951922267.0,2853492718549.0,20452767287.0,2873945485836.0,28534.92718549,28739.45485836,119593637005.0,56767471.0,2438672249.0,129179423282.0,97367657.0,519056194.0
2026-02-11,2026,2,1453703702150.0,13289861419.0,1466993563569.0,1399789016399.0,7162905868.0,1406951922267.0,2853492718549.0,20452767287.0,2873945485836.0,28534.92718549,28739.45485836,119593637005.0,56767471.0,2438672249.0,129179423282.0,97367657.0,519056194.0
2026-02-12,2026,2,1453703702150.0,13289861419.0,1466993563569.0,1399789016399.0,7162905868.0,1406951922267.0,2853492718549.0,20452767287.0,2873945485836.0,28534.92718549,28739.45485836,119593637005.0,56767471.0,2438672249.0,129179423282.0,97367657.0,519056194.0
2026-02-13,2026,2,1453703702150.0,13289861419.0,1466993563569.0,1399789016399.0,7162905868.0,1406951922267.0,2853492718549.0,20452767287.0,2873945485836.0,28534.92718549,28739.45485836,119593637005.0,56767471.0,2438672249.0,129179423282.0,97367657.0,519056194.0
2026-02-24,2026,2,1453703702150.0,13289861419.0,1466993563569.0,1399789016399.0,7162905868.0,1406951922267.0,2853492718549.0,20452767287.0,2873945485836.0,28534.92718549,28739.45485836,119593637005.0,56767471.0,2438672249.0,129179423282.0,97367657.0,519056194.0
2026-02-25,2026,2,1453703702150.0,13289861419.0,1466993563569.0,1399789016399.0,7162905868.0,1406951922267.0,2853492718549.0,20452767287.0,2873945485836.0,28534.92718549,28739.45485836,119593637005.0,56767471.0,2438672249.0,129179423282.0,97367657.0,519056194.0
2026-02-26,2026,2,1453703702150.0,13289861419.0,1466993563569.0,1399789016399.0,7162905868.0,1406951922267.0,2853492718549.0,20452767287.0,2873945485836.0,28534.92718549,28739.45485836,119593637005.0,56767471.0,2438672249.0,129179423282.0,97367657.0,519056194.0
2026-02-27,2026,2,1453703702150.0,13289861419.0,1466993563569.0,1399789016399.0,7162905868.0,1406951922267.0,2853492718549.0,20452767287.0,2873945485836.0,28534.92718549,28739.45485836,119593637005.0,56767471.0,2438672249.0,129179423282.0,97367657.0,519056194.0
2026-03-02,2026,3,1453703702150.0,13289861419.0,1466993563569.0,1399789016399.0,7162905868.0,1406951922267.0,2853492718549.0,20452767287.0,2873945485836.0,28534.92718549,28739.45485836,119593637005.0,56767471.0,2438672249.0,129179423282.0,97367657.0,519056194.0
2026-03-03,2026,3,1453703702150.0,13289861419.0,1466993563569.0,1399789016399.0,7162905868.0,1406951922267.0,2853492718549.0,20452767287.0,2873945485836.0,28534.92718549,28739.45485836,119593637005.0,56767471.0,2438672249.0,129179423282.0,97367657.0,519056194.0
2026-03-04,2026,3,1453703702150.0,13289861419.0,1466993563569.0,1399789016399.0,7162905868.0,1406951922267.0,2853492718549.0,20452767287.0,2873945485836.0,28534.92718549,28739.45485836,119593637005.0,56767471.0,2438672249.0,129179423282.0,97367657.0,519056194.0
2026-03-05,2026,3,1453703702150.0,13289861419.0,1466993563569.0,1399789016399.0,7162905868.0,1406951922267.0,2853492718549.0,20452767287.0,2873945485836.0,28534.92718549,28739.45485836,119593637005.0,56767471.0,2438672249.0,129179423282.0,97367657.0,519056194.0
2026-03-06,2026,3,1453703702150.0,13289861419.0,1466993563569.0,1399789016399.0,7162905868.0,1406951922267.0,2853492718549.0,20452767287.0,2873945485836.0,28534.92718549,28739.45485836,119593637005.0,56767471.0,2438672249.0,129179423282.0,97367657.0,519056194.0
2026-03-09,2026,3,1453703702150.0,13289861419.0,1466993563569.0,1399789016399.0,7162905868.0,1406951922267.0,2853492718549.0,20452767287.0,2873945485836.0,28534.92718549,28739.45485836,119593637005.0,56767471.0,2438672249.0,129179423282.0,97367657.0,519056194.0
2026-03-10,2026,3,1453703702150.0,13289861419.0,1466993563569.0,1399789016399.0,7162905868.0,1406951922267.0,2853492718549.0,20452767287.0,2873945485836.0,28534.92718549,28739.45485836,119593637005.0,56767471.0,2438672249.0,129179423282.0,97367657.0,519056194.0
2026-03-11,2026,3,1453703702150.0,13289861419.0,1466993563569.0,1399789016399.0,7162905868.0,1406951922267.0,2853492718549.0,20452767287.0,2873945485836.0,28534.92718549,28739.45485836,119593637005.0,56767471.0,2438672249.0,129179423282.0,97367657.0,519056194.0
2026-03-12,2026,3,1453703702150.0,13289861419.0,1466993563569.0,1399789016399.0,7162905868.0,1406951922267.0,2853492718549.0,20452767287.0,2873945485836.0,28534.92718549,28739.45485836,119593637005.0,56767471.0,2438672249.0,129179423282.0,97367657.0,519056194.0
2026-03-13,2026,3,1453703702150.0,13289861419.0,1466993563569.0,1399789016399.0,7162905868.0,1406951922267.0,2853492718549.0,20452767287.0,2873945485836.0,28534.92718549,28739.45485836,119593637005.0,56767471.0,2438672249.0,129179423282.0,97367657.0,519056194.0
2026-03-16,2026,3,1453703702150.0,13289861419.0,1466993563569.0,1399789016399.0,7162905868.0,1406951922267.0,2853492718549.0,20452767287.0,2873945485836.0,28534.92718549,28739.45485836,119593637005.0,56767471.0,2438672249.0,129179423282.0,97367657.0,519056194.0
2026-03-17,2026,3,1453703702150.0,13289861419.0,1466993563569.0,1399789016399.0,7162905868.0,1406951922267.0,2853492718549.0,20452767287.0,2873945485836.0,28534.92718549,28739.45485836,119593637005.0,56767471.0,2438672249.0,129179423282.0,97367657.0,519056194.0
2026-03-18,2026,3,1453703702150.0,13289861419.0,1466993563569.0,1399789016399.0,7162905868.0,1406951922267.0,2853492718549.0,20452767287.0,2873945485836.0,28534.92718549,28739.45485836,119593637005.0,56767471.0,2438672249.0,129179423282.0,97367657.0,519056194.0
2026-03-19,2026,3,1453703702150.0,13289861419.0,1466993563569.0,1399789016399.0,7162905868.0,1406951922267.0,2853492718549.0,20452767287.0,2873945485836.0,28534.92718549,28739.45485836,119593637005.0,56767471.0,2438672249.0,129179423282.0,97367657.0,519056194.0
2026-03-20,2026,3,1453703702150.0,13289861419.0,1466993563569.0,1399789016399.0,7162905868.0,1406951922267.0,2853492718549.0,20452767287.0,2873945485836.0,28534.92718549,28739.45485836,119593637005.0,56767471.0,2438672249.0,129179423282.0,97367657.0,519056194.0
2026-03-23,2026,3,1453703702150.0,13289861419.0,1466993563569.0,1399789016399.0,7162905868.0,1406951922267.0,2853492718549.0,20452767287.0,2873945485836.0,28534.92718549,28739.45485836,119593637005.0,56767471.0,2438672249.0,129179423282.0,97367657.0,519056194.0
2026-03-24,2026,3,1453703702150.0,13289861419.0,1466993563569.0,1399789016399.0,7162905868.0,1406951922267.0,2853492718549.0,20452767287.0,2873945485836.0,28534.92718549,28739.45485836,119593637005.0,56767471.0,2438672249.0,129179423282.0,97367657.0,519056194.0
2026-03-25,2026,3,1453703702150.0,13289861419.0,1466993563569.0,1399789016399.0,7162905868.0,1406951922267.0,2853492718549.0,20452767287.0,2873945485836.0,28534.92718549,28739.45485836,119593637005.0,56767471.0,2438672249.0,129179423282.0,97367657.0,519056194.0
2026-03-26,2026,3,1453703702150.0,13289861419.0,1466993563569.0,1399789016399.0,7162905868.0,1406951922267.0,2853492718549.0,20452767287.0,2873945485836.0,28534.92718549,28739.45485836,119593637005.0,56767471.0,2438672249.0,129179423282.0,97367657.0,519056194.0
2026-03-27,2026,3,1453703702150.0,13289861419.0,1466993563569.0,1399789016399.0,7162905868.0,1406951922267.0,2853492718549.0,20452767287.0,2873945485836.0,28534.92718549,28739.45485836,119593637005.0,56767471.0,2438672249.0,129179423282.0,97367657.0,519056194.0
2026-03-30,2026,3,1453703702150.0,13289861419.0,1466993563569.0,1399789016399.0,7162905868.0,1406951922267.0,2853492718549.0,20452767287.0,2873945485836.0,28534.92718549,28739.45485836,119593637005.0,56767471.0,2438672249.0,129179423282.0,97367657.0,519056194.0
2026-03-31,2026,3,1453703702150.0,13289861419.0,1466993563569.0,1399789016399.0,7162905868.0,1406951922267.0,2853492718549.0,20452767287.0,2873945485836.0,28534.92718549,28739.45485836,119593637005.0,56767471.0,2438672249.0,129179423282.0,97367657.0,519056194.0
2026-04-01,2026,4,1453703702150.0,13289861419.0,1466993563569.0,1399789016399.0,7162905868.0,1406951922267.0,2853492718549.0,20452767287.0,2873945485836.0,28534.92718549,28739.45485836,119593637005.0,56767471.0,2438672249.0,129179423282.0,97367657.0,519056194.0
2026-04-02,2026,4,1453703702150.0,13289861419.0,1466993563569.0,1399789016399.0,7162905868.0,1406951922267.0,2853492718549.0,20452767287.0,2873945485836.0,28534.92718549,28739.45485836,119593637005.0,56767471.0,2438672249.0,129179423282.0,97367657.0,519056194.0
2026-04-03,2026,4,1453703702150.0,13289861419.0,1466993563569.0,1399789016399.0,7162905868.0,1406951922267.0,2853492718549.0,20452767287.0,2873945485836.0,28534.92718549,28739.45485836,119593637005.0,56767471.0,2438672249.0,129179423282.0,97367657.0,519056194.0
2026-04-07,2026,4,1453703702150.0,13289861419.0,1466993563569.0,1399789016399.0,7162905868.0,1406951922267.0,2853492718549.0,20452767287.0,2873945485836.0,28534.92718549,28739.45485836,119593637005.0,56767471.0,2438672249.0,129179423282.0,97367657.0,519056194.0
2026-04-08,2026,4,1453703702150.0,13289861419.0,1466993563569.0,1399789016399.0,7162905868.0,1406951922267.0,2853492718549.0,20452767287.0,2873945485836.0,28534.92718549,28739.45485836,119593637005.0,56767471.0,2438672249.0,129179423282.0,97367657.0,519056194.0
2026-04-09,2026,4,1453703702150.0,13289861419.0,1466993563569.0,1399789016399.0,7162905868.0,1406951922267.0,2853492718549.0,20452767287.0,2873945485836.0,28534.92718549,28739.45485836,119593637005.0,56767471.0,2438672249.0,129179423282.0,97367657.0,519056194.0
2026-04-10,2026,4,1453703702150.0,13289861419.0,1466993563569.0,1399789016399.0,7162905868.0,1406951922267.0,2853492718549.0,20452767287.0,2873945485836.0,28534.92718549,28739.45485836,119593637005.0,56767471.0,2438672249.0,129179423282.0,97367657.0,519056194.0
2026-04-13,2026,4,1453703702150.0,13289861419.0,1466993563569.0,1399789016399.0,7162905868.0,1406951922267.0,2853492718549.0,20452767287.0,2873945485836.0,28534.92718549,28739.45485836,119593637005.0,56767471.0,2438672249.0,129179423282.0,97367657.0,519056194.0
2026-04-14,2026,4,1453703702150.0,13289861419.0,1466993563569.0,1399789016399.0,7162905868.0,1406951922267.0,2853492718549.0,20452767287.0,2873945485836.0,28534.92718549,28739.45485836,119593637005.0,56767471.0,2438672249.0,129179423282.0,97367657.0,519056194.0
2026-04-15,2026,4,1453703702150.0,13289861419.0,1466993563569.0,1399789016399.0,7162905868.0,1406951922267.0,2853492718549.0,20452767287.0,2873945485836.0,28534.92718549,28739.45485836,119593637005.0,56767471.0,2438672249.0,129179423282.0,97367657.0,519056194.0
2026-04-16,2026,4,1453703702150.0,13289861419.0,1466993563569.0,1399789016399.0,7162905868.0,1406951922267.0,2853492718549.0,20452767287.0,2873945485836.0,28534.92718549,28739.45485836,119593637005.0,56767471.0,2438672249.0,129179423282.0,97367657.0,519056194.0
2026-04-17,2026,4,1453703702150.0,13289861419.0,1466993563569.0,1399789016399.0,7162905868.0,1406951922267.0,2853492718549.0,20452767287.0,2873945485836.0,28534.92718549,28739.45485836,119593637005.0,56767471.0,2438672249.0,129179423282.0,97367657.0,519056194.0
2026-04-20,2026,4,1453703702150.0,13289861419.0,1466993563569.0,1399789016399.0,7162905868.0,1406951922267.0,2853492718549.0,20452767287.0,2873945485836.0,28534.92718549,28739.45485836,119593637005.0,56767471.0,2438672249.0,129179423282.0,97367657.0,519056194.0
2026-04-21,2026,4,1453703702150.0,13289861419.0,1466993563569.0,1399789016399.0,7162905868.0,1406951922267.0,2853492718549.0,20452767287.0,2873945485836.0,28534.92718549,28739.45485836,119593637005.0,56767471.0,2438672249.0,129179423282.0,97367657.0,519056194.0
2026-04-22,2026,4,1453703702150.0,13289861419.0,1466993563569.0,1399789016399.0,7162905868.0,1406951922267.0,2853492718549.0,20452767287.0,2873945485836.0,28534.92718549,28739.45485836,119593637005.0,56767471.0,2438672249.0,129179423282.0,97367657.0,519056194.0
2026-04-23,2026,4,1453703702150.0,13289861419.0,1466993563569.0,1399789016399.0,7162905868.0,1406951922267.0,2853492718549.0,20452767287.0,2873945485836.0,28534.92718549,28739.45485836,119593637005.0,56767471.0,2438672249.0,129179423282.0,97367657.0,519056194.0
2026-04-24,2026,4,1453703702150.0,13289861419.0,1466993563569.0,1399789016399.0,7162905868.0,1406951922267.0,2853492718549.0,20452767287.0,2873945485836.0,28534.92718549,28739.45485836,119593637005.0,56767471.0,2438672249.0,129179423282.0,97367657.0,519056194.0
2026-04-27,2026,4,1453703702150.0,13289861419.0,1466993563569.0,1399789016399.0,7162905868.0,1406951922267.0,2853492718549.0,20452767287.0,2873945485836.0,28534.92718549,28739.45485836,119593637005.0,56767471.0,2438672249.0,129179423282.0,97367657.0,519056194.0
2026-04-28,2026,4,1453703702150.0,13289861419.0,1466993563569.0,1399789016399.0,7162905868.0,1406951922267.0,2853492718549.0,20452767287.0,2873945485836.0,28534.92718549,28739.45485836,119593637005.0,56767471.0,2438672249.0,129179423282.0,97367657.0,519056194.0
2026-04-29,2026,4,1453703702150.0,13289861419.0,1466993563569.0,1399789016399.0,7162905868.0,1406951922267.0,2853492718549.0,20452767287.0,2873945485836.0,28534.92718549,28739.45485836,119593637005.0,56767471.0,2438672249.0,129179423282.0,97367657.0,519056194.0
2026-04-30,2026,4,1453703702150.0,13289861419.0,1466993563569.0,1399789016399.0,7162905868.0,1406951922267.0,2853492718549.0,20452767287.0,2873945485836.0,28534.92718549,28739.45485836,119593637005.0,56767471.0,2438672249.0,129179423282.0,97367657.0,519056194.0
2026-05-06,2026,5,1453703702150.0,13289861419.0,1466993563569.0,1399789016399.0,7162905868.0,1406951922267.0,2853492718549.0,20452767287.0,2873945485836.0,28534.92718549,28739.45485836,119593637005.0,56767471.0,2438672249.0,129179423282.0,97367657.0,519056194.0
2026-05-07,2026,5,1453703702150.0,13289861419.0,1466993563569.0,1399789016399.0,7162905868.0,1406951922267.0,2853492718549.0,20452767287.0,2873945485836.0,28534.92718549,28739.45485836,119593637005.0,56767471.0,2438672249.0,129179423282.0,97367657.0,519056194.0
2026-05-08,2026,5,1453703702150.0,13289861419.0,1466993563569.0,1399789016399.0,7162905868.0,1406951922267.0,2853492718549.0,20452767287.0,2873945485836.0,28534.92718549,28739.45485836,119593637005.0,56767471.0,2438672249.0,129179423282.0,97367657.0,519056194.0
2026-05-11,2026,5,1453703702150.0,13289861419.0,1466993563569.0,1399789016399.0,7162905868.0,1406951922267.0,2853492718549.0,20452767287.0,2873945485836.0,28534.92718549,28739.45485836,119593637005.0,56767471.0,2438672249.0,129179423282.0,97367657.0,519056194.0
2026-05-12,2026,5,1453703702150.0,13289861419.0,1466993563569.0,1399789016399.0,7162905868.0,1406951922267.0,2853492718549.0,20452767287.0,2873945485836.0,28534.92718549,28739.45485836,119593637005.0,56767471.0,2438672249.0,129179423282.0,97367657.0,519056194.0
2026-05-13,2026,5,1453703702150.0,13289861419.0,1466993563569.0,1399789016399.0,7162905868.0,1406951922267.0,2853492718549.0,20452767287.0,2873945485836.0,28534.92718549,28739.45485836,119593637005.0,56767471.0,2438672249.0,129179423282.0,97367657.0,519056194.0
2026-05-14,2026,5,1453703702150.0,13289861419.0,1466993563569.0,1399789016399.0,7162905868.0,1406951922267.0,2853492718549.0,20452767287.0,2873945485836.0,28534.92718549,28739.45485836,119593637005.0,56767471.0,2438672249.0,129179423282.0,97367657.0,519056194.0
2026-05-15,2026,5,1453703702150.0,13289861419.0,1466993563569.0,1399789016399.0,7162905868.0,1406951922267.0,2853492718549.0,20452767287.0,2873945485836.0,28534.92718549,28739.45485836,119593637005.0,56767471.0,2438672249.0,129179423282.0,97367657.0,519056194.0
2026-05-18,2026,5,1453703702150.0,13289861419.0,1466993563569.0,1399789016399.0,7162905868.0,1406951922267.0,2853492718549.0,20452767287.0,2873945485836.0,28534.92718549,28739.45485836,119593637005.0,56767471.0,2438672249.0,129179423282.0,97367657.0,519056194.0
2026-05-19,2026,5,1453703702150.0,13289861419.0,1466993563569.0,1399789016399.0,7162905868.0,1406951922267.0,2853492718549.0,20452767287.0,2873945485836.0,28534.92718549,28739.45485836,119593637005.0,56767471.0,2438672249.0,129179423282.0,97367657.0,519056194.0
2026-05-20,2026,5,1453703702150.0,13289861419.0,1466993563569.0,1399789016399.0,7162905868.0,1406951922267.0,2853492718549.0,20452767287.0,2873945485836.0,28534.92718549,28739.45485836,119593637005.0,56767471.0,2438672249.0,129179423282.0,97367657.0,519056194.0
2026-05-21,2026,5,1453703702150.0,13289861419.0,1466993563569.0,1399789016399.0,7162905868.0,1406951922267.0,2853492718549.0,20452767287.0,2873945485836.0,28534.92718549,28739.45485836,119593637005.0,56767471.0,2438672249.0,129179423282.0,97367657.0,519056194.0
2026-05-22,2026,5,1453703702150.0,13289861419.0,1466993563569.0,1399789016399.0,7162905868.0,1406951922267.0,2853492718549.0,20452767287.0,2873945485836.0,28534.92718549,28739.45485836,119593637005.0,56767471.0,2438672249.0,129179423282.0,97367657.0,519056194.0
2026-05-25,2026,5,1453703702150.0,13289861419.0,1466993563569.0,1399789016399.0,7162905868.0,1406951922267.0,2853492718549.0,20452767287.0,2873945485836.0,28534.92718549,28739.45485836,119593637005.0,56767471.0,2438672249.0,129179423282.0,97367657.0,519056194.0
2026-05-26,2026,5,1453703702150.0,13289861419.0,1466993563569.0,1399789016399.0,7162905868.0,1406951922267.0,2853492718549.0,20452767287.0,2873945485836.0,28534.92718549,28739.45485836,119593637005.0,56767471.0,2438672249.0,129179423282.0,97367657.0,519056194.0
2026-05-27,2026,5,1453703702150.0,13289861419.0,1466993563569.0,1399789016399.0,7162905868.0,1406951922267.0,2853492718549.0,20452767287.0,2873945485836.0,28534.92718549,28739.45485836,119593637005.0,56767471.0,2438672249.0,129179423282.0,97367657.0,519056194.0
2026-05-28,2026,5,1453703702150.0,13289861419.0,1466993563569.0,1399789016399.0,7162905868.0,1406951922267.0,2853492718549.0,20452767287.0,2873945485836.0,28534.92718549,28739.45485836,119593637005.0,56767471.0,2438672249.0,129179423282.0,97367657.0,519056194.0
2026-05-29,2026,5,1453703702150.0,13289861419.0,1466993563569.0,1399789016399.0,7162905868.0,1406951922267.0,2853492718549.0,20452767287.0,2873945485836.0,28534.92718549,28739.45485836,119593637005.0,56767471.0,2438672249.0,129179423282.0,97367657.0,519056194.0
2026-06-01,2026,6,1453703702150.0,13289861419.0,1466993563569.0,1399789016399.0,7162905868.0,1406951922267.0,2853492718549.0,20452767287.0,2873945485836.0,28534.92718549,28739.45485836,119593637005.0,56767471.0,2438672249.0,129179423282.0,97367657.0,519056194.0
2026-06-02,2026,6,1453703702150.0,13289861419.0,1466993563569.0,1399789016399.0,7162905868.0,1406951922267.0,2853492718549.0,20452767287.0,2873945485836.0,28534.92718549,28739.45485836,119593637005.0,56767471.0,2438672249.0,129179423282.0,97367657.0,519056194.0
2026-06-03,2026,6,1453703702150.0,13289861419.0,1466993563569.0,1399789016399.0,7162905868.0,1406951922267.0,2853492718549.0,20452767287.0,2873945485836.0,28534.92718549,28739.45485836,119593637005.0,56767471.0,2438672249.0,129179423282.0,97367657.0,519056194.0
2026-06-04,2026,6,1453703702150.0,13289861419.0,1466993563569.0,1399789016399.0,7162905868.0,1406951922267.0,2853492718549.0,20452767287.0,2873945485836.0,28534.92718549,28739.45485836,119593637005.0,56767471.0,2438672249.0,129179423282.0,97367657.0,519056194.0
2026-06-05,2026,6,1453703702150.0,13289861419.0,1466993563569.0,1399789016399.0,7162905868.0,1406951922267.0,2853492718549.0,20452767287.0,2873945485836.0,28534.92718549,28739.45485836,119593637005.0,56767471.0,2438672249.0,129179423282.0,97367657.0,519056194.0
2026-06-08,2026,6,1453703702150.0,13289861419.0,1466993563569.0,1399789016399.0,7162905868.0,1406951922267.0,2853492718549.0,20452767287.0,2873945485836.0,28534.92718549,28739.45485836,119593637005.0,56767471.0,2438672249.0,129179423282.0,97367657.0,519056194.0
2026-06-09,2026,6,1453703702150.0,13289861419.0,1466993563569.0,1399789016399.0,7162905868.0,1406951922267.0,2853492718549.0,20452767287.0,2873945485836.0,28534.92718549,28739.45485836,119593637005.0,56767471.0,2438672249.0,129179423282.0,97367657.0,519056194.0
2026-06-10,2026,6,1453703702150.0,13289861419.0,1466993563569.0,1399789016399.0,7162905868.0,1406951922267.0,2853492718549.0,20452767287.0,2873945485836.0,28534.92718549,28739.45485836,119593637005.0,56767471.0,2438672249.0,129179423282.0,97367657.0,519056194.0
2026-06-11,2026,6,1453703702150.0,13289861419.0,1466993563569.0,1399789016399.0,7162905868.0,1406951922267.0,2853492718549.0,20452767287.0,2873945485836.0,28534.92718549,28739.45485836,119593637005.0,56767471.0,2438672249.0,129179423282.0,97367657.0,519056194.0
2026-06-12,2026,6,1453703702150.0,13289861419.0,1466993563569.0,1399789016399.0,7162905868.0,1406951922267.0,2853492718549.0,20452767287.0,2873945485836.0,28534.92718549,28739.45485836,119593637005.0,56767471.0,2438672249.0,129179423282.0,97367657.0,519056194.0
2026-06-15,2026,6,1453703702150.0,13289861419.0,1466993563569.0,1399789016399.0,7162905868.0,1406951922267.0,2853492718549.0,20452767287.0,2873945485836.0,28534.92718549,28739.45485836,119593637005.0,56767471.0,2438672249.0,129179423282.0,97367657.0,519056194.0
2026-06-16,2026,6,1453703702150.0,13289861419.0,1466993563569.0,1399789016399.0,7162905868.0,1406951922267.0,2853492718549.0,20452767287.0,2873945485836.0,28534.92718549,28739.45485836,119593637005.0,56767471.0,2438672249.0,129179423282.0,97367657.0,519056194.0
2026-06-17,2026,6,1453703702150.0,13289861419.0,1466993563569.0,1399789016399.0,7162905868.0,1406951922267.0,2853492718549.0,20452767287.0,2873945485836.0,28534.92718549,28739.45485836,119593637005.0,56767471.0,2438672249.0,129179423282.0,97367657.0,519056194.0
2026-06-18,2026,6,1453703702150.0,13289861419.0,1466993563569.0,1399789016399.0,7162905868.0,1406951922267.0,2853492718549.0,20452767287.0,2873945485836.0,28534.92718549,28739.45485836,119593637005.0,56767471.0,2438672249.0,129179423282.0,97367657.0,519056194.0
2026-06-22,2026,6,1453703702150.0,13289861419.0,1466993563569.0,1399789016399.0,7162905868.0,1406951922267.0,2853492718549.0,20452767287.0,2873945485836.0,28534.92718549,28739.45485836,119593637005.0,56767471.0,2438672249.0,129179423282.0,97367657.0,519056194.0
2026-06-23,2026,6,1453703702150.0,13289861419.0,1466993563569.0,1399789016399.0,7162905868.0,1406951922267.0,2853492718549.0,20452767287.0,2873945485836.0,28534.92718549,28739.45485836,119593637005.0,56767471.0,2438672249.0,129179423282.0,97367657.0,519056194.0
2026-06-24,2026,6,1453703702150.0,13289861419.0,1466993563569.0,1399789016399.0,7162905868.0,1406951922267.0,2853492718549.0,20452767287.0,2873945485836.0,28534.92718549,28739.45485836,119593637005.0,56767471.0,2438672249.0,129179423282.0,97367657.0,519056194.0
2026-06-25,2026,6,1453703702150.0,13289861419.0,1466993563569.0,1399789016399.0,7162905868.0,1406951922267.0,2853492718549.0,20452767287.0,2873945485836.0,28534.92718549,28739.45485836,119593637005.0,56767471.0,2438672249.0,129179423282.0,97367657.0,519056194.0
2026-06-26,2026,6,1453703702150.0,13289861419.0,1466993563569.0,1399789016399.0,7162905868.0,1406951922267.0,2853492718549.0,20452767287.0,2873945485836.0,28534.92718549,28739.45485836,119593637005.0,56767471.0,2438672249.0,129179423282.0,97367657.0,519056194.0
2026-06-29,2026,6,1453703702150.0,13289861419.0,1466993563569.0,1399789016399.0,7162905868.0,1406951922267.0,2853492718549.0,20452767287.0,2873945485836.0,28534.92718549,28739.45485836,119593637005.0,56767471.0,2438672249.0,129179423282.0,97367657.0,519056194.0
2026-06-30,2026,6,1453703702150.0,13289861419.0,1466993563569.0,1399789016399.0,7162905868.0,1406951922267.0,2853492718549.0,20452767287.0,2873945485836.0,28534.92718549,28739.45485836,119593637005.0,56767471.0,2438672249.0,129179423282.0,97367657.0,519056194.0
2026-07-01,2026,7,1453703702150.0,13289861419.0,1466993563569.0,1399789016399.0,7162905868.0,1406951922267.0,2853492718549.0,20452767287.0,2873945485836.0,28534.92718549,28739.45485836,119593637005.0,56767471.0,2438672249.0,129179423282.0,97367657.0,519056194.0
2026-07-02,2026,7,1453703702150.0,13289861419.0,1466993563569.0,1399789016399.0,7162905868.0,1406951922267.0,2853492718549.0,20452767287.0,2873945485836.0,28534.92718549,28739.45485836,119593637005.0,56767471.0,2438672249.0,129179423282.0,97367657.0,519056194.0
2026-07-03,2026,7,1453703702150.0,13289861419.0,1466993563569.0,1399789016399.0,7162905868.0,1406951922267.0,2853492718549.0,20452767287.0,2873945485836.0,28534.92718549,28739.45485836,119593637005.0,56767471.0,2438672249.0,129179423282.0,97367657.0,519056194.0
2026-07-06,2026,7,1453703702150.0,13289861419.0,1466993563569.0,1399789016399.0,7162905868.0,1406951922267.0,2853492718549.0,20452767287.0,2873945485836.0,28534.92718549,28739.45485836,119593637005.0,56767471.0,2438672249.0,129179423282.0,97367657.0,519056194.0
2026-07-07,2026,7,1453703702150.0,13289861419.0,1466993563569.0,1399789016399.0,7162905868.0,1406951922267.0,2853492718549.0,20452767287.0,2873945485836.0,28534.92718549,28739.45485836,119593637005.0,56767471.0,2438672249.0,129179423282.0,97367657.0,519056194.0
2026-07-08,2026,7,1453703702150.0,13289861419.0,1466993563569.0,1399789016399.0,7162905868.0,1406951922267.0,2853492718549.0,20452767287.0,2873945485836.0,28534.92718549,28739.45485836,119593637005.0,56767471.0,2438672249.0,129179423282.0,97367657.0,519056194.0
2026-07-09,2026,7,1453703702150.0,13289861419.0,1466993563569.0,1399789016399.0,7162905868.0,1406951922267.0,2853492718549.0,20452767287.0,2873945485836.0,28534.92718549,28739.45485836,119593637005.0,56767471.0,2438672249.0,129179423282.0,97367657.0,519056194.0
2026-07-10,2026,7,1453703702150.0,13289861419.0,1466993563569.0,1399789016399.0,7162905868.0,1406951922267.0,2853492718549.0,20452767287.0,2873945485836.0,28534.92718549,28739.45485836,119593637005.0,56767471.0,2438672249.0,129179423282.0,97367657.0,519056194.0
