date,year,month,volatility_20d
2015-01-05,2015,1,
2015-01-06,2015,1,
2015-01-07,2015,1,
2015-01-08,2015,1,
2015-01-09,2015,1,
2015-01-12,2015,1,
2015-01-13,2015,1,
2015-01-14,2015,1,
2015-01-15,2015,1,
2015-01-16,2015,1,
2015-01-19,2015,1,53.79185249134522
2015-01-20,2015,1,53.97331699989459
2015-01-21,2015,1,56.92875099778932
2015-01-22,2015,1,54.54209265790958
2015-01-23,2015,1,52.49406942797751
2015-01-26,2015,1,50.80525882309917
2015-01-27,2015,1,49.20650621626392
2015-01-28,2015,1,47.95881825261918
2015-01-29,2015,1,46.62210074919592
2015-01-30,2015,1,45.43664308166858
2015-02-02,2015,2,44.73415817727629
2015-02-03,2015,2,45.81673376895651
2015-02-04,2015,2,45.89981473994592
2015-02-05,2015,2,45.50541235458172
2015-02-06,2015,2,45.68190997997378
2015-02-09,2015,2,45.98954635700122
2015-02-10,2015,2,46.69704247260927
2015-02-11,2015,2,46.78287229928536
2015-02-12,2015,2,45.53241328360899
2015-02-13,2015,2,45.46198537248588
2015-02-16,2015,2,27.284690400022036
2015-02-17,2015,2,26.00234037245907
2015-02-25,2015,2,20.924067408624808
2015-02-26,2015,2,23.59655700046878
2015-02-27,2015,2,23.552492677276256
2015-03-02,2015,3,23.47025660360703
2015-03-03,2015,3,25.191021994297152
2015-03-04,2015,3,24.72509707104909
2015-03-05,2015,3,24.61585732983116
2015-03-06,2015,3,24.285549511648192
2015-03-09,2015,3,23.523001682410705
2015-03-10,2015,3,22.429355986412084
2015-03-11,2015,3,21.92019842111469
2015-03-12,2015,3,22.00513953002443
2015-03-13,2015,3,20.903686294870827
2015-03-16,2015,3,21.989402118954825
2015-03-17,2015,3,21.475237212325972
2015-03-18,2015,3,22.81870770313802
2015-03-19,2015,3,23.148045490135008
2015-03-20,2015,3,23.358442444080264
2015-03-23,2015,3,23.90483445562281
2015-03-24,2015,3,24.02131090544183
2015-03-25,2015,3,23.147641680088668
2015-03-26,2015,3,21.476873283089017
2015-03-27,2015,3,21.344292787584028
2015-03-30,2015,3,23.33751795321063
2015-03-31,2015,3,20.78272509139774
2015-04-01,2015,4,21.02893649074585
2015-04-02,2015,4,20.44608850880632
2015-04-03,2015,4,19.89554233702929
2015-04-07,2015,4,19.76562918129026
2015-04-08,2015,4,18.83109932983974
2015-04-09,2015,4,19.585362135799635
2015-04-10,2015,4,19.975644796159266
2015-04-13,2015,4,20.05952774261404
2015-04-14,2015,4,19.57706734966961
2015-04-15,2015,4,20.46180528494461
2015-04-16,2015,4,21.310850280932844
2015-04-17,2015,4,20.91490515920611
2015-04-20,2015,4,23.55489477184788
2015-04-21,2015,4,23.62728280960532
2015-04-22,2015,4,24.372308392646328
2015-04-23,2015,4,24.02047352887168
2015-04-24,2015,4,24.276124357939675
2015-04-27,2015,4,24.612151847956664
2015-04-28,2015,4,24.40726245976349
2015-04-29,2015,4,23.426756671586705
2015-04-30,2015,4,23.50372216342368
2015-05-04,2015,5,23.2841636876176
2015-05-05,2015,5,28.123398779695
2015-05-06,2015,5,28.22957708348084
2015-05-07,2015,5,29.136055012767194
2015-05-08,2015,5,29.25603127650449
2015-05-11,2015,5,30.292319594550627
2015-05-12,2015,5,30.0645597971129
2015-05-13,2015,5,30.40350996511401
2015-05-14,2015,5,30.171097374667735
2015-05-15,2015,5,29.05062270674841
2015-05-18,2015,5,28.531694447093376
2015-05-19,2015,5,29.855219501658325
2015-05-20,2015,5,29.056880404263
2015-05-21,2015,5,28.359582463216334
2015-05-22,2015,5,29.219380062025675
2015-05-25,2015,5,30.86519759348509
2015-05-26,2015,5,30.51613920873706
2015-05-27,2015,5,29.90140298825376
2015-05-28,2015,5,39.4196747859284
2015-05-29,2015,5,39.4031684785306
2015-06-01,2015,6,43.39306284754515
2015-06-02,2015,6,40.73349083740928
2015-06-03,2015,6,40.62458518995187
2015-06-04,2015,6,39.66735920649935
2015-06-05,2015,6,39.61582727838161
2015-06-08,2015,6,38.9959944177685
2015-06-09,2015,6,39.29074042763817
2015-06-10,2015,6,38.97947071061024
2015-06-11,2015,6,38.91708650326227
2015-06-12,2015,6,37.81585026016767
2015-06-15,2015,6,39.116062267574414
2015-06-16,2015,6,39.333571481118426
2015-06-17,2015,6,39.53651447759094
2015-06-18,2015,6,41.88754031982974
2015-06-19,2015,6,46.768376993185846
2015-06-23,2015,6,47.159143787878186
2015-06-24,2015,6,47.58929546711917
2015-06-25,2015,6,49.0267281384672
2015-06-26,2015,6,50.232886825513454
2015-06-29,2015,6,51.5297617875307
2015-06-30,2015,6,54.91882196129894
2015-07-01,2015,7,57.95337311999409
2015-07-02,2015,7,58.096089819476425
2015-07-03,2015,7,58.83208890303473
2015-07-06,2015,7,60.351384051439375
2015-07-07,2015,7,59.77359840888845
2015-07-08,2015,7,66.81041805585897
2015-07-09,2015,7,79.06532456566087
2015-07-10,2015,7,88.86441999285546
2015-07-13,2015,7,88.95786262852468
2015-07-14,2015,7,88.86780745404603
2015-07-15,2015,7,89.87601212530126
2015-07-16,2015,7,90.2297466731696
2015-07-17,2015,7,91.26492478693716
2015-07-20,2015,7,88.82285608093413
2015-07-21,2015,7,87.7358840438897
2015-07-22,2015,7,87.16708409177907
2015-07-23,2015,7,87.17502159976165
2015-07-24,2015,7,83.32150547149989
2015-07-27,2015,7,89.49838801085374
2015-07-28,2015,7,85.2040824006826
2015-07-29,2015,7,83.63327237714206
2015-07-30,2015,7,84.17825285153982
2015-07-31,2015,7,82.54817419410678
2015-08-03,2015,8,81.94738093163474
2015-08-04,2015,8,81.49965052029135
2015-08-05,2015,8,72.61200592751024
2015-08-06,2015,8,63.97904566121291
2015-08-07,2015,8,53.12331078027756
2015-08-10,2015,8,56.06857119150968
2015-08-11,2015,8,55.81483313355747
2015-08-12,2015,8,52.75903212168309
2015-08-13,2015,8,52.36039302223243
2015-08-14,2015,8,50.277433264072776
2015-08-17,2015,8,50.27743804953266
2015-08-18,2015,8,55.6875647371576
2015-08-19,2015,8,56.51614496640723
2015-08-20,2015,8,55.8998003466076
2015-08-21,2015,8,57.86635778531348
2015-08-24,2015,8,58.17702677100692
2015-08-25,2015,8,64.03479332266613
2015-08-26,2015,8,63.24793400111916
2015-08-27,2015,8,67.85735034200948
2015-08-28,2015,8,70.30175295898407
2015-08-31,2015,8,70.2825864297992
2015-09-01,2015,9,68.2500680642493
2015-09-02,2015,9,68.04184198707233
2015-09-07,2015,9,68.33096200962625
2015-09-08,2015,9,68.71440935810585
2015-09-09,2015,9,66.21683001283701
2015-09-10,2015,9,66.28999241623391
2015-09-11,2015,9,66.39672993849327
2015-09-14,2015,9,66.53774410962535
2015-09-15,2015,9,66.78838248834603
2015-09-16,2015,9,70.69242181836798
2015-09-17,2015,9,67.28842748268309
2015-09-18,2015,9,66.42230479978373
2015-09-21,2015,9,66.70685475537276
2015-09-22,2015,9,64.77059214296837
2015-09-23,2015,9,54.44182032472322
2015-09-24,2015,9,43.75650261766677
2015-09-25,2015,9,43.93445157257102
2015-09-28,2015,9,38.10274515831901
2015-09-29,2015,9,34.889643789794654
2015-09-30,2015,9,35.0600763895538
2015-10-08,2015,10,37.60440538077056
2015-10-09,2015,10,37.86831334014715
2015-10-12,2015,10,39.35551511255298
2015-10-13,2015,10,38.52431852311207
2015-10-14,2015,10,38.235700650257
2015-10-15,2015,10,38.600985219160094
2015-10-16,2015,10,38.80176426000367
2015-10-19,2015,10,36.139251163616734
2015-10-20,2015,10,33.86724242972692
2015-10-21,2015,10,31.41374461091085
2015-10-22,2015,10,30.45042405483798
2015-10-23,2015,10,30.743660108328317
2015-10-26,2015,10,30.37907810395446
2015-10-27,2015,10,30.384229281343668
2015-10-28,2015,10,29.77390938303696
2015-10-29,2015,10,29.75153521360193
2015-10-30,2015,10,28.20657404213215
2015-11-02,2015,11,29.254713629509787
2015-11-03,2015,11,28.297405576592823
2015-11-04,2015,11,34.47463761496648
2015-11-05,2015,11,32.95796205094743
2015-11-06,2015,11,33.48496660983731
2015-11-09,2015,11,30.90280149271688
2015-11-10,2015,11,30.712162178555968
2015-11-11,2015,11,30.21926261488954
2015-11-12,2015,11,29.797090169623907
2015-11-13,2015,11,29.952152175041714
2015-11-16,2015,11,29.915007284689636
2015-11-17,2015,11,29.783334984050157
2015-11-18,2015,11,27.576544673655707
2015-11-19,2015,11,27.691088140374497
2015-11-20,2015,11,27.27703179106113
2015-11-23,2015,11,27.41123024420165
2015-11-24,2015,11,27.409271725590667
2015-11-25,2015,11,26.39396182904721
2015-11-26,2015,11,26.54806905930733
2015-11-27,2015,11,33.449745004012826
2015-11-30,2015,11,32.82428592211905
2015-12-01,2015,12,32.71717106870059
2015-12-02,2015,12,29.05578442375759
2015-12-03,2015,12,28.543385869138
2015-12-04,2015,12,27.951834257616788
2015-12-07,2015,12,27.63778742682195
2015-12-08,2015,12,28.0233091350558
2015-12-09,2015,12,28.054920484926843
2015-12-10,2015,12,27.89993926524856
2015-12-11,2015,12,27.77850686890302
2015-12-14,2015,12,29.98148914606169
2015-12-15,2015,12,30.135313803213556
2015-12-16,2015,12,29.993702475534263
2015-12-17,2015,12,30.26934918366439
2015-12-18,2015,12,30.28177286055464
2015-12-21,2015,12,31.574823401741337
2015-12-22,2015,12,31.573449943852093
2015-12-23,2015,12,31.54734053110426
2015-12-24,2015,12,31.837282385604688
2015-12-25,2015,12,24.32148830055305
2015-12-28,2015,12,27.144501917507704
2015-12-29,2015,12,27.188941692258133
2015-12-30,2015,12,22.617446951557376
2015-12-31,2015,12,22.841103091291227
2016-01-04,2016,1,31.728542059998937
2016-01-05,2016,1,31.68196742401935
2016-01-06,2016,1,31.96673331165964
2016-01-07,2016,1,33.26493401277131
2016-01-08,2016,1,33.953163697012286
2016-01-11,2016,1,37.956847864177
2016-01-12,2016,1,35.81587535033583
2016-01-13,2016,1,35.88679768456255
2016-01-14,2016,1,36.818868404903554
2016-01-15,2016,1,36.40991868567286
2016-01-18,2016,1,36.28638468325752
2016-01-19,2016,1,36.621938904212186
2016-01-20,2016,1,37.046688841766645
2016-01-21,2016,1,37.428530758717685
2016-01-22,2016,1,38.199263891727135
2016-01-25,2016,1,38.13043774735981
2016-01-26,2016,1,40.94476868998267
2016-01-27,2016,1,40.169698166967336
2016-01-28,2016,1,39.98129475322217
2016-01-29,2016,1,42.73251181324248
2016-02-01,2016,2,38.05525514783447
2016-02-02,2016,2,39.557774518247406
2016-02-03,2016,2,38.566396794950734
2016-02-04,2016,2,38.75677509894449
2016-02-05,2016,2,38.42357422768744
2016-02-15,2016,2,34.65134060274707
2016-02-16,2016,2,36.3619634264816
2016-02-17,2016,2,36.4573361753115
2016-02-18,2016,2,35.75998017792244
2016-02-19,2016,2,34.39200495918398
2016-02-22,2016,2,35.3097371130978
2016-02-23,2016,2,33.595516444960616
2016-02-24,2016,2,32.32594340806089
2016-02-25,2016,2,38.20370455079876
2016-02-26,2016,2,38.19909013845543
2016-02-29,2016,2,38.81553119186806
2016-03-01,2016,3,34.25895582711534
2016-03-02,2016,3,37.52238138055903
2016-03-03,2016,3,36.48132295694192
2016-03-04,2016,3,35.45145520746105
2016-03-07,2016,3,35.11696031081176
2016-03-08,2016,3,34.55781700317944
2016-03-09,2016,3,35.02057364812052
2016-03-10,2016,3,35.156634166113484
2016-03-11,2016,3,34.87384605821396
2016-03-14,2016,3,35.5703423979413
2016-03-15,2016,3,34.2599042869234
2016-03-16,2016,3,34.148503774694284
2016-03-17,2016,3,34.58752192994752
2016-03-18,2016,3,34.83448010762519
2016-03-21,2016,3,34.93458616369061
2016-03-22,2016,3,34.900269116386234
2016-03-23,2016,3,34.8489046695353
2016-03-24,2016,3,25.76424363358337
2016-03-25,2016,3,25.693506387372167
2016-03-28,2016,3,24.10985252943269
2016-03-29,2016,3,23.95644842645297
2016-03-30,2016,3,20.528581727069504
2016-03-31,2016,3,20.51518581058089
2016-04-01,2016,4,20.21403520068202
2016-04-05,2016,4,20.29054149244588
2016-04-06,2016,4,20.233471708127357
2016-04-07,2016,4,19.962111803383028
2016-04-08,2016,4,19.49939953207118
2016-04-11,2016,4,19.6164728729717
2016-04-12,2016,4,18.45413862340809
2016-04-13,2016,4,18.68271773156849
2016-04-14,2016,4,18.64157341451687
2016-04-15,2016,4,17.97974958094121
2016-04-18,2016,4,18.30007637045085
2016-04-19,2016,4,16.49663769861299
2016-04-20,2016,4,17.458144020002784
2016-04-21,2016,4,17.485468575916567
2016-04-22,2016,4,16.71434504096791
2016-04-25,2016,4,16.673469526398296
2016-04-26,2016,4,16.453761775595808
2016-04-27,2016,4,16.25695766146287
2016-04-28,2016,4,12.756100845129067
2016-04-29,2016,4,12.751823367198272
2016-05-03,2016,5,14.593587096716677
2016-05-04,2016,5,14.18270683817062
2016-05-05,2016,5,14.178427675691394
2016-05-06,2016,5,15.727889725052885
2016-05-09,2016,5,16.99502073942927
2016-05-10,2016,5,16.31942140178953
2016-05-11,2016,5,16.468309667490935
2016-05-12,2016,5,15.670454777736731
2016-05-13,2016,5,15.497385596595144
2016-05-16,2016,5,15.631106086868463
2016-05-17,2016,5,15.048898762416668
2016-05-18,2016,5,15.068361035071243
2016-05-19,2016,5,14.010135499033485
2016-05-20,2016,5,14.262731397956363
2016-05-23,2016,5,14.14958457964272
2016-05-24,2016,5,14.241062853279312
2016-05-25,2016,5,13.99169368697753
2016-05-26,2016,5,13.96142051708485
2016-05-27,2016,5,13.980349438724636
2016-05-30,2016,5,14.001317262843584
2016-05-31,2016,5,17.678844230732842
2016-06-01,2016,6,17.68787935000941
2016-06-02,2016,6,17.695722289380367
2016-06-03,2016,6,16.12328041800964
2016-06-06,2016,6,14.26176907516988
2016-06-07,2016,6,14.240225682923068
2016-06-08,2016,6,14.261386968473092
2016-06-13,2016,6,18.741025998349823
2016-06-14,2016,6,18.758531618738463
2016-06-15,2016,6,19.292915980962604
2016-06-16,2016,6,19.428153803131178
2016-06-17,2016,6,19.29065345894032
2016-06-20,2016,6,19.26129149620333
2016-06-21,2016,6,19.18457762877169
2016-06-22,2016,6,19.279977029246893
2016-06-23,2016,6,19.16398076936652
2016-06-24,2016,6,19.599109323799468
2016-06-27,2016,6,20.060197094934257
2016-06-28,2016,6,20.107325837898077
2016-06-29,2016,6,20.133902236756114
2016-06-30,2016,6,15.825061285271987
2016-07-01,2016,7,15.75816955373173
2016-07-04,2016,7,16.839335174839455
2016-07-05,2016,7,16.363288097299336
2016-07-06,2016,7,16.259473415158197
2016-07-07,2016,7,16.255761237238836
2016-07-08,2016,7,16.324222851981467
2016-07-11,2016,7,10.401797377761577
2016-07-12,2016,7,13.16037445488329
2016-07-13,2016,7,12.669177050314572
2016-07-14,2016,7,12.325940213617226
2016-07-15,2016,7,12.34554758024568
2016-07-18,2016,7,12.545856503183176
2016-07-19,2016,7,12.747496895996106
2016-07-20,2016,7,12.80692395856319
2016-07-21,2016,7,12.666343547094764
2016-07-22,2016,7,12.425598026174216
2016-07-25,2016,7,11.934834428847475
2016-07-26,2016,7,12.472618823977156
2016-07-27,2016,7,14.524080234547284
2016-07-28,2016,7,14.529942648466951
2016-07-29,2016,7,14.612722424024488
2016-08-01,2016,8,13.833645911033472
2016-08-02,2016,8,13.83338521988733
2016-08-03,2016,8,13.728701447173524
2016-08-04,2016,8,13.764747742656104
2016-08-05,2016,8,13.747350681772597
2016-08-08,2016,8,14.005497020464349
2016-08-09,2016,8,10.751706922319308
2016-08-10,2016,8,10.76154116568565
2016-08-11,2016,8,10.758199445216638
2016-08-12,2016,8,12.521724827384508
2016-08-15,2016,8,16.129899189349146
2016-08-16,2016,8,16.016802587195254
2016-08-17,2016,8,16.02417428979497
2016-08-18,2016,8,16.02317774531866
2016-08-19,2016,8,15.577519639087168
2016-08-22,2016,8,15.899502132746177
2016-08-23,2016,8,15.364911121823068
2016-08-24,2016,8,13.68904090945482
2016-08-25,2016,8,13.925101789603591
2016-08-26,2016,8,13.843990269585351
2016-08-29,2016,8,13.362968268746044
2016-08-30,2016,8,13.383214125772533
2016-08-31,2016,8,13.396643522820789
2016-09-01,2016,9,14.152315693447632
2016-09-02,2016,9,14.16387260401347
2016-09-05,2016,9,13.9477373483539
2016-09-06,2016,9,14.143743261445572
2016-09-07,2016,9,14.047190402508315
2016-09-08,2016,9,14.054481069220207
2016-09-09,2016,9,12.900157669425733
2016-09-12,2016,9,9.679019704100403
2016-09-13,2016,9,9.694094187739982
2016-09-14,2016,9,9.811322137047645
2016-09-19,2016,9,10.24636924115291
2016-09-20,2016,9,10.24619277903296
2016-09-21,2016,9,10.20819540523648
2016-09-22,2016,9,10.55119107662144
2016-09-23,2016,9,10.494612212070988
2016-09-26,2016,9,11.870198811752626
2016-09-27,2016,9,12.083345252450856
2016-09-28,2016,9,12.083387261547909
2016-09-29,2016,9,12.10563533306698
2016-09-30,2016,9,12.04953124616905
2016-10-10,2016,10,12.248698527871207
2016-10-11,2016,10,12.172623277325874
2016-10-12,2016,10,12.175787334310622
2016-10-13,2016,10,11.727067273173022
2016-10-14,2016,10,11.79028465974844
2016-10-17,2016,10,12.186735718372075
2016-10-18,2016,10,12.972851156234212
2016-10-19,2016,10,10.675500313787689
2016-10-20,2016,10,10.705805240885876
2016-10-21,2016,10,10.477657434099283
2016-10-24,2016,10,11.01845541874422
2016-10-25,2016,10,11.079545526758922
2016-10-26,2016,10,11.158798565364975
2016-10-27,2016,10,11.01623884869592
2016-10-28,2016,10,10.984597459868008
2016-10-31,2016,10,8.879747141472691
2016-11-01,2016,11,8.939456756552977
2016-11-02,2016,11,9.371765240286251
2016-11-03,2016,11,9.570422502883256
2016-11-04,2016,11,9.704770033349185
2016-11-07,2016,11,8.93664536903962
2016-11-08,2016,11,9.06344850632384
2016-11-09,2016,11,9.145379848008504
2016-11-10,2016,11,9.722578032628665
2016-11-11,2016,11,10.053792538313076
2016-11-14,2016,11,9.203818481976372
2016-11-15,2016,11,8.403105113915696
2016-11-16,2016,11,8.379848048635294
2016-11-17,2016,11,8.305978623937394
2016-11-18,2016,11,8.402890846719213
2016-11-21,2016,11,7.500235030441996
2016-11-22,2016,11,8.027678980737793
2016-11-23,2016,11,7.85066792131794
2016-11-24,2016,11,7.761423772073342
2016-11-25,2016,11,8.264800150843273
2016-11-28,2016,11,8.096133945696835
2016-11-29,2016,11,8.199068805240247
2016-11-30,2016,11,8.604845570810213
2016-12-01,2016,12,8.757836767352916
2016-12-02,2016,12,9.861669609771315
2016-12-05,2016,12,12.732736875645973
2016-12-06,2016,12,12.704787392631475
2016-12-07,2016,12,12.61270882969504
2016-12-08,2016,12,12.202584629166358
2016-12-09,2016,12,12.002842912988198
2016-12-12,2016,12,15.471072102480868
2016-12-13,2016,12,15.473585884419553
2016-12-14,2016,12,15.648009342770855
2016-12-15,2016,12,16.049412281353458
2016-12-16,2016,12,16.036755692533784
2016-12-19,2016,12,15.89882137803986
2016-12-20,2016,12,15.410681850228256
2016-12-21,2016,12,16.08186737796287
2016-12-22,2016,12,15.98255053137886
2016-12-23,2016,12,15.309484991162822
2016-12-26,2016,12,15.253715829787389
2016-12-27,2016,12,14.715710769421564
2016-12-28,2016,12,14.591582788242322
2016-12-29,2016,12,13.872637060554984
2016-12-30,2016,12,13.706484632265289
2017-01-03,2017,1,13.136712598520448
2017-01-04,2017,1,13.6630344103366
2017-01-05,2017,1,13.493008670017804
2017-01-06,2017,1,13.427652681728194
2017-01-09,2017,1,13.290766238054722
2017-01-10,2017,1,9.661967873135776
2017-01-11,2017,1,9.940771966048636
2017-01-12,2017,1,9.811980601057591
2017-01-13,2017,1,9.039306885361825
2017-01-16,2017,1,9.04422604485561
2017-01-17,2017,1,9.011525955771708
2017-01-18,2017,1,8.874585340471086
2017-01-19,2017,1,8.071775413194421
2017-01-20,2017,1,8.612305917634174
2017-01-23,2017,1,9.963988657276955
2017-01-24,2017,1,9.87731500748678
2017-01-25,2017,1,9.925609069676671
2017-01-26,2017,1,9.81337297848919
2017-02-03,2017,2,10.074769387049672
2017-02-06,2017,2,10.072719968605224
2017-02-07,2017,2,9.178167499086005
2017-02-08,2017,2,8.933327187056827
2017-02-09,2017,2,9.034711964545426
2017-02-10,2017,2,9.17938312967044
2017-02-13,2017,2,9.286758614932028
2017-02-14,2017,2,9.23210952676888
2017-02-15,2017,2,8.902534204669541
2017-02-16,2017,2,8.745245925163122
2017-02-17,2017,2,9.06849381398028
2017-02-20,2017,2,10.610519626546488
2017-02-21,2017,2,10.619657292886863
2017-02-22,2017,2,10.46765529874465
2017-02-23,2017,2,10.51828551830541
2017-02-24,2017,2,10.17514369485604
2017-02-27,2017,2,8.737094435460097
2017-02-28,2017,2,8.734828760283197
2017-03-01,2017,3,8.71021697302588
2017-03-02,2017,3,8.77994176677483
2017-03-03,2017,3,8.597063097046167
2017-03-06,2017,3,8.705871753325743
2017-03-07,2017,3,8.63845772427809
2017-03-08,2017,3,8.384532914761737
2017-03-09,2017,3,9.033487086028964
2017-03-10,2017,3,8.847560087610724
2017-03-13,2017,3,9.469815574145796
2017-03-14,2017,3,9.514040012776794
2017-03-15,2017,3,9.421866795003856
2017-03-16,2017,3,9.532602007204847
2017-03-17,2017,3,10.184226395163206
2017-03-20,2017,3,8.238366409506561
2017-03-21,2017,3,8.650943759203248
2017-03-22,2017,3,8.75267035240099
2017-03-23,2017,3,8.71458245447262
2017-03-24,2017,3,9.364323997082025
2017-03-27,2017,3,9.05931836511701
2017-03-28,2017,3,9.077423117543052
2017-03-29,2017,3,9.110417078685495
2017-03-30,2017,3,9.67105438671719
2017-03-31,2017,3,9.907530779232362
2017-04-05,2017,4,11.346162427498824
2017-04-06,2017,4,11.370680485434322
2017-04-07,2017,4,11.377064524308537
2017-04-10,2017,4,10.849744226452543
2017-04-11,2017,4,10.858322617668492
2017-04-12,2017,4,10.392842336736276
2017-04-13,2017,4,10.38711992427826
2017-04-14,2017,4,10.87725623439297
2017-04-17,2017,4,10.74555623593166
2017-04-18,2017,4,9.9541946713452
2017-04-19,2017,4,10.368574166840668
2017-04-20,2017,4,10.251007629930292
2017-04-21,2017,4,10.075425555303092
2017-04-24,2017,4,10.727854150985188
2017-04-25,2017,4,10.164214325928892
2017-04-26,2017,4,10.117982849922504
2017-04-27,2017,4,10.117022077724153
2017-04-28,2017,4,10.174667306729896
2017-05-02,2017,5,9.604351939137292
2017-05-03,2017,5,9.34760409948756
2017-05-04,2017,5,6.856021159500991
2017-05-05,2017,5,7.0616125003389305
2017-05-08,2017,5,7.279643896434722
2017-05-09,2017,5,7.3755812353004515
2017-05-10,2017,5,7.159565711643108
2017-05-11,2017,5,7.642572914563891
2017-05-12,2017,5,8.21741966765287
2017-05-15,2017,5,8.129751684747294
2017-05-16,2017,5,9.311010301075973
2017-05-17,2017,5,9.548505843836177
2017-05-18,2017,5,9.289815615247608
2017-05-19,2017,5,9.053928053239645
2017-05-22,2017,5,9.05426933492667
2017-05-23,2017,5,8.427374968765426
2017-05-24,2017,5,8.340054835089695
2017-05-25,2017,5,11.306249492809489
2017-05-26,2017,5,11.340458367155987
2017-05-31,2017,5,11.220110665478163
2017-06-01,2017,6,11.196233356885756
2017-06-02,2017,6,11.057380639540089
2017-06-05,2017,6,11.265650787921857
2017-06-06,2017,6,11.142371538626676
2017-06-07,2017,6,11.21479970826117
2017-06-08,2017,6,11.284928256839494
2017-06-09,2017,6,11.039270999076374
2017-06-12,2017,6,11.199674739818636
2017-06-13,2017,6,11.065134203678973
2017-06-14,2017,6,11.977838316280549
2017-06-15,2017,6,11.58661388625224
2017-06-16,2017,6,11.246420401483338
2017-06-19,2017,6,11.482498358287478
2017-06-20,2017,6,11.654879269758334
2017-06-21,2017,6,12.195683456750231
2017-06-22,2017,6,12.198338419974764
2017-06-23,2017,6,12.39231078257925
2017-06-26,2017,6,10.978584709338092
2017-06-27,2017,6,10.88461387214052
2017-06-28,2017,6,11.392682124702148
2017-06-29,2017,6,11.458211390401022
2017-06-30,2017,6,11.405021899418314
2017-07-03,2017,7,11.186004870308652
2017-07-04,2017,7,11.680372032302646
2017-07-05,2017,7,11.574047752705296
2017-07-06,2017,7,11.45734052660476
2017-07-07,2017,7,11.352613278554935
2017-07-10,2017,7,11.28806879034688
2017-07-11,2017,7,11.53531659553371
2017-07-12,2017,7,11.059786508948058
2017-07-13,2017,7,11.245623544215649
2017-07-14,2017,7,11.209727008083515
2017-07-17,2017,7,12.219891082915051
2017-07-18,2017,7,12.09395647146843
2017-07-19,2017,7,13.325425101559846
2017-07-20,2017,7,13.340819101978031
2017-07-21,2017,7,13.324224487795124
2017-07-24,2017,7,12.804136408746158
2017-07-25,2017,7,13.207441521315458
2017-07-26,2017,7,13.11913258602764
2017-07-27,2017,7,13.01365304103502
2017-07-28,2017,7,13.00904887989944
2017-07-31,2017,7,12.86171315289802
2017-08-01,2017,8,12.490840523699088
2017-08-02,2017,8,11.88497566768159
2017-08-03,2017,8,12.576286229547035
2017-08-04,2017,8,12.838965317807178
2017-08-07,2017,8,12.962263279706397
2017-08-08,2017,8,12.713533034256704
2017-08-09,2017,8,12.473750022219264
2017-08-10,2017,8,12.045426873665978
2017-08-11,2017,8,13.67719263968676
2017-08-14,2017,8,13.54465242328251
2017-08-15,2017,8,13.56451117014
2017-08-16,2017,8,11.3111880332101
2017-08-17,2017,8,11.538632283657636
2017-08-18,2017,8,11.40390699268727
2017-08-21,2017,8,11.361115841449609
2017-08-22,2017,8,11.008726657760596
2017-08-23,2017,8,10.79873680813795
2017-08-24,2017,8,10.977447729296872
2017-08-25,2017,8,12.49049374527095
2017-08-28,2017,8,12.99072929954948
2017-08-29,2017,8,12.818644160021424
2017-08-30,2017,8,12.834481839370346
2017-08-31,2017,8,12.228239285975665
2017-09-01,2017,9,11.909095217693975
2017-09-04,2017,9,11.819156946549818
2017-09-05,2017,9,11.828117833460446
2017-09-06,2017,9,11.920429398814946
2017-09-07,2017,9,12.040139575307649
2017-09-08,2017,9,9.339510776652473
2017-09-11,2017,9,8.562747504401852
2017-09-12,2017,9,8.561643771127684
2017-09-13,2017,9,8.474311714865506
2017-09-14,2017,9,8.393761924972345
2017-09-15,2017,9,8.386534945476543
2017-09-18,2017,9,8.371204688936103
2017-09-19,2017,9,8.826200390241404
2017-09-20,2017,9,8.900694477822313
2017-09-21,2017,9,8.581245152751663
2017-09-22,2017,9,6.301166679476625
2017-09-25,2017,9,4.999442148531339
2017-09-26,2017,9,4.9642958864703575
2017-09-27,2017,9,4.965083362091683
2017-09-28,2017,9,4.955043988628118
2017-09-29,2017,9,5.074354880360533
2017-10-09,2017,10,6.167862309104889
2017-10-10,2017,10,6.068914468168181
2017-10-11,2017,10,6.038115774158354
2017-10-12,2017,10,5.846703068733159
2017-10-13,2017,10,5.793948717305519
2017-10-16,2017,10,6.041503367267938
2017-10-17,2017,10,6.0391463134588
2017-10-18,2017,10,6.305643622466197
2017-10-19,2017,10,6.253859442296483
2017-10-20,2017,10,6.281680325934194
2017-10-23,2017,10,6.2401730824740405
2017-10-24,2017,10,5.862721390960263
2017-10-25,2017,10,5.791007165251204
2017-10-26,2017,10,6.085778924597141
2017-10-27,2017,10,5.891608959916952
2017-10-30,2017,10,5.93616471389452
2017-10-31,2017,10,6.0042336210801786
2017-11-01,2017,11,6.324955336359679
2017-11-02,2017,11,6.323188170215592
2017-11-03,2017,11,6.527337356819171
2017-11-06,2017,11,6.262709764290116
2017-11-07,2017,11,6.883779364216476
2017-11-08,2017,11,7.019221709215596
2017-11-09,2017,11,7.260177461253294
2017-11-10,2017,11,7.665172395559548
2017-11-13,2017,11,7.347621422669374
2017-11-14,2017,11,8.145586020148375
2017-11-15,2017,11,8.6758545056019
2017-11-16,2017,11,8.938406154768316
2017-11-17,2017,11,8.889781953972967
2017-11-20,2017,11,9.108578333609554
2017-11-21,2017,11,10.90552078268751
2017-11-22,2017,11,10.974108259249132
2017-11-23,2017,11,16.38834935028721
2017-11-24,2017,11,16.325974448363016
2017-11-27,2017,11,17.33119540590844
2017-11-28,2017,11,17.393205252818287
2017-11-29,2017,11,17.33927366387326
2017-11-30,2017,11,17.860485933901685
2017-12-01,2017,12,17.831722658709868
2017-12-04,2017,12,17.604469701140967
2017-12-05,2017,12,17.379877589107227
2017-12-06,2017,12,17.565274255343198
2017-12-07,2017,12,17.699300741172806
2017-12-08,2017,12,17.760465746529505
2017-12-11,2017,12,18.835446001300458
2017-12-12,2017,12,19.444114265149626
2017-12-13,2017,12,19.508627732087728
2017-12-14,2017,12,19.18003236253328
2017-12-15,2017,12,19.642261198946283
2017-12-18,2017,12,19.33092380927612
2017-12-19,2017,12,18.46700866121192
2017-12-20,2017,12,18.44947448215752
2017-12-21,2017,12,15.595075656603832
2017-12-22,2017,12,15.660361158322736
2017-12-25,2017,12,14.645025272588343
2017-12-26,2017,12,14.585329630885196
2017-12-27,2017,12,15.722124039686191
2017-12-28,2017,12,15.586416425097536
2017-12-29,2017,12,15.623033993653006
2018-01-02,2018,1,16.400409196758574
2018-01-03,2018,1,16.367710712280243
2018-01-04,2018,1,16.083674228630322
2018-01-05,2018,1,15.392692271649874
2018-01-08,2018,1,15.14976934388898
2018-01-09,2018,1,14.338067727868722
2018-01-10,2018,1,12.85507366525908
2018-01-11,2018,1,12.791129312475295
2018-01-12,2018,1,12.699588020680656
2018-01-15,2018,1,11.425333335176648
2018-01-16,2018,1,11.650816045067907
2018-01-17,2018,1,11.264640131561588
2018-01-18,2018,1,11.195698201880148
2018-01-19,2018,1,10.65016972421297
2018-01-22,2018,1,10.871350169823916
2018-01-23,2018,1,10.55684292379251
2018-01-24,2018,1,10.607000195357868
2018-01-25,2018,1,8.42834681798556
2018-01-26,2018,1,8.218208251766395
2018-01-29,2018,1,11.53053619667138
2018-01-30,2018,1,11.48942827175432
2018-01-31,2018,1,11.416916604079605
2018-02-01,2018,2,11.772374026286272
2018-02-02,2018,2,11.877054451245623
2018-02-05,2018,2,11.837203719535353
2018-02-06,2018,2,15.322717713907949
2018-02-07,2018,2,17.128544227022697
2018-02-08,2018,2,17.23958960043485
2018-02-09,2018,2,22.78540996076528
2018-02-12,2018,2,23.824544807092117
2018-02-13,2018,2,24.000092454124523
2018-02-14,2018,2,24.46552263909232
2018-02-22,2018,2,25.74795917161852
2018-02-23,2018,2,25.846744671661725
2018-02-26,2018,2,25.854456901704705
2018-02-27,2018,2,26.13743544966377
2018-02-28,2018,2,26.175830637120445
2018-03-01,2018,3,26.4738324442418
2018-03-02,2018,3,26.292891797254885
2018-03-05,2018,3,25.712201758449837
2018-03-06,2018,3,26.36337375298185
2018-03-07,2018,3,26.37234542866177
2018-03-08,2018,3,26.69650021516513
2018-03-09,2018,3,26.747962865902643
2018-03-12,2018,3,26.79798291877401
2018-03-13,2018,3,25.163768423757745
2018-03-14,2018,3,23.693455007746824
2018-03-15,2018,3,23.59483444553657
2018-03-16,2018,3,16.492525970470055
2018-03-19,2018,3,15.963678970906262
2018-03-20,2018,3,15.573410035555227
2018-03-21,2018,3,15.523512108662066
2018-03-22,2018,3,14.05667876447145
2018-03-23,2018,3,17.281970104346378
2018-03-26,2018,3,16.37073360988602
2018-03-27,2018,3,16.326783092916745
2018-03-28,2018,3,17.36607855391152
2018-03-29,2018,3,18.573407146305136
2018-03-30,2018,3,18.48345313695999
2018-04-02,2018,4,18.49318503146372
2018-04-03,2018,4,17.488442017743218
2018-04-04,2018,4,17.36956948183903
2018-04-09,2018,4,16.798007706070994
2018-04-10,2018,4,18.257556590761855
2018-04-11,2018,4,18.205486531863052
2018-04-12,2018,4,18.19060138844677
2018-04-13,2018,4,18.26242831191368
2018-04-16,2018,4,18.45751684376581
2018-04-17,2018,4,18.70123902590903
2018-04-18,2018,4,18.521066377004
2018-04-19,2018,4,19.57943250341
2018-04-20,2018,4,20.051706850204827
2018-04-23,2018,4,20.148183895264506
2018-04-24,2018,4,19.293651075754337
2018-04-25,2018,4,19.33756834438389
2018-04-26,2018,4,20.12925997354232
2018-04-27,2018,4,18.99134441511468
2018-05-02,2018,5,17.67554619454599
2018-05-03,2018,5,17.878208870057367
2018-05-04,2018,5,17.9061589147623
2018-05-07,2018,5,18.840235342783345
2018-05-08,2018,5,19.39619750777308
2018-05-09,2018,5,19.42901653753835
2018-05-10,2018,5,18.25174735090785
2018-05-11,2018,5,18.344844921701867
2018-05-14,2018,5,18.26161829694675
2018-05-15,2018,5,18.09858739177438
2018-05-16,2018,5,17.359710264773046
2018-05-17,2018,5,16.731949339558028
2018-05-18,2018,5,17.06220845455539
2018-05-21,2018,5,16.49274496455234
2018-05-22,2018,5,15.398417496350966
2018-05-23,2018,5,16.26996770275785
2018-05-24,2018,5,14.776226010639014
2018-05-25,2018,5,14.646299977762474
2018-05-28,2018,5,12.786872361238622
2018-05-29,2018,5,13.318817388526966
2018-05-30,2018,5,14.970645349934788
2018-05-31,2018,5,16.588748375401604
2018-06-01,2018,6,16.688323189411587
2018-06-04,2018,6,16.014994382484467
2018-06-05,2018,6,15.584122681877574
2018-06-06,2018,6,15.567320600461642
2018-06-07,2018,6,15.342139439326877
2018-06-08,2018,6,15.888204772520693
2018-06-11,2018,6,15.52865107197548
2018-06-12,2018,6,15.952313984488534
2018-06-13,2018,6,16.086156834266347
2018-06-14,2018,6,15.866121346525924
2018-06-15,2018,6,15.244424812171877
2018-06-19,2018,6,18.979444722716675
2018-06-20,2018,6,19.01719379324148
2018-06-21,2018,6,18.7616608073726
2018-06-22,2018,6,18.84035498716918
2018-06-25,2018,6,19.28705527635491
2018-06-26,2018,6,19.103934774359143
2018-06-27,2018,6,20.29410617006107
2018-06-28,2018,6,19.57557050570979
2018-06-29,2018,6,20.65015044802218
2018-07-02,2018,7,22.19900251961775
2018-07-03,2018,7,21.55100715816471
2018-07-04,2018,7,21.00678800538085
2018-07-05,2018,7,20.955010785628037
2018-07-06,2018,7,21.53273103589593
2018-07-09,2018,7,24.676337100518374
2018-07-10,2018,7,24.67406963162429
2018-07-11,2018,7,24.48830249914049
2018-07-12,2018,7,26.509256917006823
2018-07-13,2018,7,26.57308678476131
2018-07-16,2018,7,26.56702194658048
2018-07-17,2018,7,23.96931201070136
2018-07-18,2018,7,23.97291553842419
2018-07-19,2018,7,23.886038929236967
2018-07-20,2018,7,24.95450862737232
2018-07-23,2018,7,24.602492790029302
2018-07-24,2018,7,25.1597596724324
2018-07-25,2018,7,23.38191466638323
2018-07-26,2018,7,23.851373955890423
2018-07-27,2018,7,22.09812936243141
2018-07-30,2018,7,19.794719376287237
2018-07-31,2018,7,19.69384364740021
2018-08-01,2018,8,21.106340510471117
2018-08-02,2018,8,22.516348778476804
2018-08-03,2018,8,22.912914409577887
2018-08-06,2018,8,20.326454009165047
2018-08-07,2018,8,22.944145036458067
2018-08-08,2018,8,22.77721957963203
2018-08-09,2018,8,22.761659765860333
2018-08-10,2018,8,22.762185595763174
2018-08-13,2018,8,22.76387613946413
2018-08-14,2018,8,22.714588396627526
2018-08-15,2018,8,24.128309054879413
2018-08-16,2018,8,24.125838509106217
2018-08-17,2018,8,23.186111618083565
2018-08-20,2018,8,23.47524778363368
2018-08-21,2018,8,23.316043959984917
2018-08-22,2018,8,23.29375313793133
2018-08-23,2018,8,23.139318020891768
2018-08-24,2018,8,23.1909743445847
2018-08-27,2018,8,25.154074188638447
2018-08-28,2018,8,25.09569709399279
2018-08-29,2018,8,23.87923511103065
2018-08-30,2018,8,22.755137310272787
2018-08-31,2018,8,22.335892951140767
2018-09-03,2018,9,21.99524601890496
2018-09-04,2018,9,20.04630473596536
2018-09-05,2018,9,20.74732460936833
2018-09-06,2018,9,18.831333405838176
2018-09-07,2018,9,19.03529151208096
2018-09-10,2018,9,19.54651775080461
2018-09-11,2018,9,19.53760775238537
2018-09-12,2018,9,17.894966748659908
2018-09-13,2018,9,18.351585487958523
2018-09-14,2018,9,17.51161028878031
2018-09-17,2018,9,17.38496192305958
2018-09-18,2018,9,17.683887796203244
2018-09-19,2018,9,18.36625112924022
2018-09-20,2018,9,18.33776295981673
2018-09-21,2018,9,21.46482945971975
2018-09-25,2018,9,19.90699350960292
2018-09-26,2018,9,20.27344044878189
2018-09-27,2018,9,20.28933160535847
2018-09-28,2018,9,20.204035613702523
2018-10-08,2018,10,26.559577671409595
2018-10-09,2018,10,26.57005892580605
2018-10-10,2018,10,26.15648288721436
2018-10-11,2018,10,31.03316367668868
2018-10-12,2018,10,31.819852121997812
2018-10-15,2018,10,32.0165744594734
2018-10-16,2018,10,31.745225592882008
2018-10-17,2018,10,31.792853129557447
2018-10-18,2018,10,32.576107809301966
2018-10-19,2018,10,33.75093233537466
2018-10-22,2018,10,38.87340781948957
2018-10-23,2018,10,40.65549899741496
2018-10-24,2018,10,40.0137253598741
2018-10-25,2018,10,39.71489037264456
2018-10-26,2018,10,39.83008842483677
2018-10-29,2018,10,38.96798731467265
2018-10-30,2018,10,39.36620784120875
2018-10-31,2018,10,39.400249827066126
2018-11-01,2018,11,39.59541990577131
2018-11-02,2018,11,42.50668914442086
2018-11-05,2018,11,39.194401377578814
2018-11-06,2018,11,39.24789538539882
2018-11-07,2018,11,39.34403108863733
2018-11-08,2018,11,34.521811476939135
2018-11-09,2018,11,34.269316198939485
2018-11-12,2018,11,34.0222030225424
2018-11-13,2018,11,34.0262733052676
2018-11-14,2018,11,34.402087268632364
2018-11-15,2018,11,33.46575915854674
2018-11-16,2018,11,32.4254136496727
2018-11-19,2018,11,26.66586197158385
2018-11-20,2018,11,24.94712265540772
2018-11-21,2018,11,24.94515151639742
2018-11-22,2018,11,24.91813283523967
2018-11-23,2018,11,26.38819374299855
2018-11-26,2018,11,23.977621303343277
2018-11-27,2018,11,23.641368086128704
2018-11-28,2018,11,23.885202612242352
2018-11-29,2018,11,24.02601394957761
2018-11-30,2018,11,18.716175248386307
2018-12-03,2018,12,20.67174136659286
2018-12-04,2018,12,20.53709713472837
2018-12-05,2018,12,20.372887667922747
2018-12-06,2018,12,21.68239129057145
2018-12-07,2018,12,21.21469754867038
2018-12-10,2018,12,21.053602915265863
2018-12-11,2018,12,20.721478492731475
2018-12-12,2018,12,20.36030747271217
2018-12-13,2018,12,20.74116608005972
2018-12-14,2018,12,21.569027689873856
2018-12-17,2018,12,21.069000800327117
2018-12-18,2018,12,20.13003940888167
2018-12-19,2018,12,20.35894150846841
2018-12-20,2018,12,20.447738525063635
2018-12-21,2018,12,18.85558484813195
2018-12-24,2018,12,18.872058004574463
2018-12-25,2018,12,18.94432589694263
2018-12-26,2018,12,17.910941190984328
2018-12-27,2018,12,17.709036966235878
2018-12-28,2018,12,17.17053117640564
2019-01-02,2019,1,13.824875842897823
2019-01-03,2019,1,13.744960705961043
2019-01-04,2019,1,17.46020565989901
2019-01-07,2019,1,16.438913555679118
2019-01-08,2019,1,16.455282466133536
2019-01-09,2019,1,16.53751704020287
2019-01-10,2019,1,16.444922560754147
2019-01-11,2019,1,16.651446504067984
2019-01-14,2019,1,15.386779934873385
2019-01-15,2019,1,16.06308210206863
2019-01-16,2019,1,17.283120170042256
2019-01-17,2019,1,16.86721355092244
2019-01-18,2019,1,17.691316210574442
2019-01-21,2019,1,17.539154459627095
2019-01-22,2019,1,17.548797132035197
2019-01-23,2019,1,17.58367245983851
2019-01-24,2019,1,17.553796917367567
2019-01-25,2019,1,17.485959805379814
2019-01-28,2019,1,17.455850010740374
2019-01-29,2019,1,17.475051479003298
2019-01-30,2019,1,16.780696027991482
2019-01-31,2019,1,16.92446082811962
2019-02-01,2019,2,15.590614913633852
2019-02-11,2019,2,16.089174917539133
2019-02-12,2019,2,16.112420462396056
2019-02-13,2019,2,17.209239095022415
2019-02-14,2019,2,17.204082654479013
2019-02-15,2019,2,18.63012098391753
2019-02-18,2019,2,20.266029700353627
2019-02-19,2019,2,19.71627606246621
2019-02-20,2019,2,17.899322462211906
2019-02-21,2019,2,17.638474174510304
2019-02-22,2019,2,18.79585667311104
2019-02-25,2019,2,29.80029102975928
2019-02-26,2019,2,30.931120610325824
2019-02-27,2019,2,31.08042040689783
2019-02-28,2019,2,31.282719555202547
2019-03-01,2019,3,31.614328564158296
2019-03-04,2019,3,31.419703017929308
2019-03-05,2019,3,31.3767312422815
2019-03-06,2019,3,30.848178527539925
2019-03-07,2019,3,31.709036217381925
2019-03-08,2019,3,35.080518005390395
2019-03-11,2019,3,35.06803431682866
2019-03-12,2019,3,35.066178069578015
2019-03-13,2019,3,34.861310391266976
2019-03-14,2019,3,35.10404917259213
2019-03-15,2019,3,34.346686142000955
2019-03-18,2019,3,34.50950503347965
2019-03-19,2019,3,34.70083588211275
2019-03-20,2019,3,34.743792289841856
2019-03-21,2019,3,34.705822260997884
2019-03-22,2019,3,33.8109240047798
2019-03-25,2019,3,24.75693185771222
2019-03-26,2019,3,23.675746638196067
2019-03-27,2019,3,23.761918685258237
2019-03-28,2019,3,23.77556990216585
2019-03-29,2019,3,26.91022483806152
2019-04-01,2019,4,28.09174919815157
2019-04-02,2019,4,28.04435977334278
2019-04-03,2019,4,28.285577337630254
2019-04-04,2019,4,28.00417250637902
2019-04-08,2019,4,24.42794377468668
2019-04-09,2019,4,24.23120097841739
2019-04-10,2019,4,24.24235759197414
2019-04-11,2019,4,25.19248846566637
2019-04-12,2019,4,25.007711800046533
2019-04-15,2019,4,25.00661110974197
2019-04-16,2019,4,24.938715782806085
2019-04-17,2019,4,24.733626384931743
2019-04-18,2019,4,24.770914568220924
2019-04-19,2019,4,25.08604027648905
2019-04-22,2019,4,27.09742362954105
2019-04-23,2019,4,25.17889999380367
2019-04-24,2019,4,24.6408392661411
2019-04-25,2019,4,26.10603210146761
2019-04-26,2019,4,26.702616421113703
2019-04-29,2019,4,22.50353977237529
2019-04-30,2019,4,20.40561882588826
2019-05-06,2019,5,28.59368518633918
2019-05-07,2019,5,28.30472028166549
2019-05-08,2019,5,27.85940660370681
2019-05-09,2019,5,28.04652713531009
2019-05-10,2019,5,30.73313131550236
2019-05-13,2019,5,31.0490029574611
2019-05-14,2019,5,30.721417185756668
2019-05-15,2019,5,32.08312017595459
2019-05-16,2019,5,32.18946757022731
2019-05-17,2019,5,30.40313802929161
2019-05-20,2019,5,30.444154241595527
2019-05-21,2019,5,31.107799507031498
2019-05-22,2019,5,30.235545085414795
2019-05-23,2019,5,29.643911955756288
2019-05-24,2019,5,29.72633180220333
2019-05-27,2019,5,30.274185532239905
2019-05-28,2019,5,29.84879964336402
2019-05-29,2019,5,29.63285074011154
2019-05-30,2019,5,29.541569427670005
2019-05-31,2019,5,29.517345581845163
2019-06-03,2019,6,21.599782333175792
2019-06-04,2019,6,21.4963664604784
2019-06-05,2019,6,21.05677107195741
2019-06-06,2019,6,20.672112835690697
2019-06-10,2019,6,17.73956213391568
2019-06-11,2019,6,20.049033315220875
2019-06-12,2019,6,20.172556810089063
2019-06-13,2019,6,18.672255493431084
2019-06-14,2019,6,18.67839462356356
2019-06-17,2019,6,16.813887497864044
2019-06-18,2019,6,16.27127766743617
2019-06-19,2019,6,16.491934517765237
2019-06-20,2019,6,19.121900726447965
2019-06-21,2019,6,17.815116164384914
2019-06-24,2019,6,17.816860711324324
2019-06-25,2019,6,18.167852301697064
2019-06-26,2019,6,18.166359487049284
2019-06-27,2019,6,18.408867284500705
2019-06-28,2019,6,18.40211481622176
2019-07-01,2019,7,19.68893517214612
2019-07-02,2019,7,19.700246285401228
2019-07-03,2019,7,19.63596261328402
2019-07-04,2019,7,19.89125710828165
2019-07-05,2019,7,19.315106699098735
2019-07-08,2019,7,21.40102766620833
2019-07-09,2019,7,18.66481645599068
2019-07-10,2019,7,18.37841363963429
2019-07-11,2019,7,18.338224614176134
2019-07-12,2019,7,18.2261108851564
2019-07-15,2019,7,18.2185301442108
2019-07-16,2019,7,18.37804975119441
2019-07-17,2019,7,17.82967907072128
2019-07-18,2019,7,14.78965761700394
2019-07-19,2019,7,15.259731751213945
2019-07-22,2019,7,15.5066802742202
2019-07-23,2019,7,15.082220592528076
2019-07-24,2019,7,15.3284464679929
2019-07-25,2019,7,15.16942236924374
2019-07-26,2019,7,15.167043695165342
2019-07-29,2019,7,12.26662009867738
2019-07-30,2019,7,12.385272865245597
2019-07-31,2019,7,12.290804632680128
2019-08-01,2019,8,12.50093605659624
2019-08-02,2019,8,13.35334000203485
2019-08-05,2019,8,12.266543365589405
2019-08-06,2019,8,12.69258111638234
2019-08-07,2019,8,12.784211651829764
2019-08-08,2019,8,14.082645505898157
2019-08-09,2019,8,13.807771627221276
2019-08-12,2019,8,15.11272492675992
2019-08-13,2019,8,15.295540080097156
2019-08-14,2019,8,15.416097155836123
2019-08-15,2019,8,15.405754437303216
2019-08-16,2019,8,14.951289075848514
2019-08-19,2019,8,17.157936223613135
2019-08-20,2019,8,17.215217989031252
2019-08-21,2019,8,16.954459818951907
2019-08-22,2019,8,16.620855493945353
2019-08-23,2019,8,16.833862588274357
2019-08-26,2019,8,17.256083995093718
2019-08-27,2019,8,17.621508091387792
2019-08-28,2019,8,17.48007331067957
2019-08-29,2019,8,17.195324676564365
2019-08-30,2019,8,16.24057447499547
2019-09-02,2019,9,15.11734029431385
2019-09-03,2019,9,14.369151276880077
2019-09-04,2019,9,14.319056100087796
2019-09-05,2019,9,13.89719631473078
2019-09-06,2019,9,13.273864529964108
2019-09-09,2019,9,12.531779190860478
2019-09-10,2019,9,11.940686995536968
2019-09-11,2019,9,12.578848993693292
2019-09-12,2019,9,12.813327765829
2019-09-16,2019,9,13.059481558546532
2019-09-17,2019,9,12.797045021099784
2019-09-18,2019,9,12.678934779962066
2019-09-19,2019,9,12.705615784567003
2019-09-20,2019,9,12.706076907818852
2019-09-23,2019,9,13.085381967781856
2019-09-24,2019,9,12.276168282308454
2019-09-25,2019,9,12.167540000197938
2019-09-26,2019,9,12.39861761056656
2019-09-27,2019,9,12.342853929935044
2019-09-30,2019,9,13.133829564879893
2019-10-08,2019,10,12.71252494540352
2019-10-09,2019,10,12.74961142984819
2019-10-10,2019,10,12.17860488845569
2019-10-11,2019,10,12.515284361646524
2019-10-14,2019,10,12.554920549104548
2019-10-15,2019,10,12.504755842589669
2019-10-16,2019,10,12.526402200319934
2019-10-17,2019,10,12.28814715237682
2019-10-18,2019,10,12.670191681807808
2019-10-21,2019,10,12.705022744091956
2019-10-22,2019,10,11.065986886244762
2019-10-23,2019,10,11.104737182471103
2019-10-24,2019,10,10.955674114974368
2019-10-25,2019,10,11.190166794977117
2019-10-28,2019,10,10.929546333154889
2019-10-29,2019,10,11.003742675165295
2019-10-30,2019,10,10.981201204011894
2019-10-31,2019,10,10.66718472632801
2019-11-01,2019,11,12.819950246882811
2019-11-04,2019,11,11.80529940099515
2019-11-05,2019,11,11.771476937366316
2019-11-06,2019,11,11.978572006072232
2019-11-07,2019,11,11.809043964337258
2019-11-08,2019,11,11.24435740136868
2019-11-11,2019,11,12.511650103162134
2019-11-12,2019,11,12.473967837091186
2019-11-13,2019,11,12.421658619038077
2019-11-14,2019,11,12.410271553069691
2019-11-15,2019,11,11.366537034244653
2019-11-18,2019,11,11.610859781303652
2019-11-19,2019,11,12.057915599223282
2019-11-20,2019,11,12.502169281830728
2019-11-21,2019,11,12.649258491152054
2019-11-22,2019,11,12.998928424228632
2019-11-25,2019,11,13.09739394864371
2019-11-26,2019,11,13.078505578282144
2019-11-27,2019,11,12.883555533937704
2019-11-28,2019,11,12.892790597800202
2019-11-29,2019,11,10.876102248671032
2019-12-02,2019,12,10.813012239448442
2019-12-03,2019,12,10.681187832041548
2019-12-04,2019,12,10.676314921632232
2019-12-05,2019,12,11.112729484970531
2019-12-06,2019,12,11.366831592440244
2019-12-09,2019,12,9.786864669530978
2019-12-10,2019,12,9.782962998589472
2019-12-11,2019,12,10.991450276510092
2019-12-12,2019,12,11.000698593067256
2019-12-13,2019,12,13.211822718862493
2019-12-16,2019,12,13.013231048321504
2019-12-17,2019,12,13.698890536294275
2019-12-18,2019,12,13.214418961062332
2019-12-19,2019,12,13.074040687326184
2019-12-20,2019,12,12.37425137717212
2019-12-23,2019,12,13.164263703342757
2019-12-24,2019,12,13.275170519126242
2019-12-25,2019,12,13.25745554224716
2019-12-26,2019,12,13.42440479175994
2019-12-27,2019,12,12.67677410460889
2019-12-30,2019,12,13.46354258657326
2019-12-31,2019,12,13.48730383611545
2020-01-02,2020,1,13.975513312847225
2020-01-03,2020,1,13.996295323149704
2020-01-06,2020,1,14.101350071031376
2020-01-07,2020,1,14.0998314239805
2020-01-08,2020,1,14.76592689600998
2020-01-09,2020,1,13.760103618954572
2020-01-10,2020,1,13.639245618619317
2020-01-13,2020,1,12.439164528551531
2020-01-14,2020,1,12.697144009183203
2020-01-15,2020,1,12.199048113346818
2020-01-16,2020,1,12.099950079270846
2020-01-17,2020,1,12.040924820196413
2020-01-20,2020,1,12.156171284829105
2020-01-21,2020,1,13.115366301849951
2020-01-22,2020,1,13.06527512254047
2020-01-23,2020,1,17.207070854009874
2020-02-03,2020,2,34.341504014874
2020-02-04,2020,2,36.49570429836616
2020-02-05,2020,2,36.24022028566848
2020-02-06,2020,2,37.37753487821537
2020-02-07,2020,2,36.947040122605465
2020-02-10,2020,2,37.01512291328076
2020-02-11,2020,2,37.31658523708782
2020-02-12,2020,2,37.294512023580126
2020-02-13,2020,2,37.20153011479137
2020-02-14,2020,2,37.055061513323935
2020-02-17,2020,2,38.01001263767829
2020-02-18,2020,2,37.79558895510777
2020-02-19,2020,2,37.78868406312789
2020-02-20,2020,2,38.64261302611898
2020-02-21,2020,2,38.65610025049644
2020-02-24,2020,2,38.76378408506497
2020-02-25,2020,2,38.66798256528824
2020-02-26,2020,2,38.22976548787511
2020-02-27,2020,2,38.20725305515404
2020-02-28,2020,2,38.64583545606636
2020-03-02,2020,3,25.397137408837967
2020-03-03,2020,3,23.71121872569602
2020-03-04,2020,3,23.642454943658507
2020-03-05,2020,3,23.670383512215743
2020-03-06,2020,3,24.93144749825169
2020-03-09,2020,3,27.824130569775942
2020-03-10,2020,3,28.61227026399673
2020-03-11,2020,3,29.2503418648898
2020-03-12,2020,3,29.760797105318616
2020-03-13,2020,3,30.113137549751336
2020-03-16,2020,3,32.14513976386623
2020-03-17,2020,3,32.18194715670188
2020-03-18,2020,3,32.431802649452216
2020-03-19,2020,3,30.761588822411312
2020-03-20,2020,3,31.392842808399784
2020-03-23,2020,3,32.73899100509052
2020-03-24,2020,3,34.57506519768387
2020-03-25,2020,3,36.42324986457686
2020-03-26,2020,3,36.38554650697132
2020-03-27,2020,3,34.82775610077861
2020-03-30,2020,3,31.638715899139967
2020-03-31,2020,3,31.671926536973544
2020-04-01,2020,4,31.436841341498532
2020-04-02,2020,4,30.363520386350483
2020-04-03,2020,4,29.98105407412261
2020-04-07,2020,4,29.79300424866611
2020-04-08,2020,4,28.34128997541756
2020-04-09,2020,4,28.031241015117097
2020-04-10,2020,4,27.619753591208237
2020-04-13,2020,4,27.24588963701125
2020-04-14,2020,4,23.463198459384
2020-04-15,2020,4,23.314125314600776
2020-04-16,2020,4,22.320616076464862
2020-04-17,2020,4,21.98989224290773
2020-04-20,2020,4,21.661872184315136
2020-04-21,2020,4,18.055062820155435
2020-04-22,2020,4,16.525003391334774
2020-04-23,2020,4,14.098167630954498
2020-04-24,2020,4,14.276690413628687
2020-04-27,2020,4,14.272957850649965
2020-04-28,2020,4,13.790491065741929
2020-04-29,2020,4,13.818833086120511
2020-04-30,2020,4,14.47990675400573
2020-05-06,2020,5,13.94165095868987
2020-05-07,2020,5,13.585716887357252
2020-05-08,2020,5,11.872994415180653
2020-05-11,2020,5,11.744877767653511
2020-05-12,2020,5,11.779352653384333
2020-05-13,2020,5,11.605807818231249
2020-05-14,2020,5,11.898823951184331
2020-05-15,2020,5,10.891510218433783
2020-05-18,2020,5,10.57892904327556
2020-05-19,2020,5,10.75621268120985
2020-05-20,2020,5,10.639831656286452
2020-05-21,2020,5,10.953506780679716
2020-05-22,2020,5,13.107832830935854
2020-05-25,2020,5,12.704128347699706
2020-05-26,2020,5,13.394110451918817
2020-05-27,2020,5,13.127601944015366
2020-05-28,2020,5,13.055988608096028
2020-05-29,2020,5,12.953234257523954
2020-06-01,2020,6,15.836532404211312
2020-06-02,2020,6,15.057475127389772
2020-06-03,2020,6,15.050523917480854
2020-06-04,2020,6,15.02019199914391
2020-06-05,2020,6,14.689568427380506
2020-06-08,2020,6,14.728099749639224
2020-06-09,2020,6,14.856809406968296
2020-06-10,2020,6,14.90504360668428
2020-06-11,2020,6,14.976084729741975
2020-06-12,2020,6,14.816871750398022
2020-06-15,2020,6,15.801447546309394
2020-06-16,2020,6,16.53046267203681
2020-06-17,2020,6,16.42260678221646
2020-06-18,2020,6,16.299313544559755
2020-06-19,2020,6,14.029005767869393
2020-06-22,2020,6,14.01636504091918
2020-06-23,2020,6,13.675281211460078
2020-06-24,2020,6,13.45789398269346
2020-06-29,2020,6,14.169424794015193
2020-06-30,2020,6,14.493818297285827
2020-07-01,2020,7,13.741540399213145
2020-07-02,2020,7,15.327685996165735
2020-07-03,2020,7,16.10731808423119
2020-07-06,2020,7,28.75767364831917
2020-07-07,2020,7,29.557847543793407
2020-07-08,2020,7,29.561887863078
2020-07-09,2020,7,29.633345576258087
2020-07-10,2020,7,30.941303857843284
2020-07-13,2020,7,30.47987986045449
2020-07-14,2020,7,31.11478119384097
2020-07-15,2020,7,30.89815065239842
2020-07-16,2020,7,36.87961664555133
2020-07-17,2020,7,36.84715192243754
2020-07-20,2020,7,37.48978882259302
2020-07-21,2020,7,37.4912997866278
2020-07-22,2020,7,37.43185239580163
2020-07-23,2020,7,37.72019274673607
2020-07-24,2020,7,41.97495485403093
2020-07-27,2020,7,41.67307172112281
2020-07-28,2020,7,41.60992844751072
2020-07-29,2020,7,41.99759563340668
2020-07-30,2020,7,41.71851489831543
2020-07-31,2020,7,41.328187193265066
2020-08-03,2020,8,32.53834657818878
2020-08-04,2020,8,32.29378287906533
2020-08-05,2020,8,31.98525265381994
2020-08-06,2020,8,31.522222374568592
2020-08-07,2020,8,31.064665593759923
2020-08-10,2020,8,30.10688804027636
2020-08-11,2020,8,30.144858782229296
2020-08-12,2020,8,29.947979556822457
2020-08-13,2020,8,24.33169931460227
2020-08-14,2020,8,24.95340058223927
2020-08-17,2020,8,24.27568171897132
2020-08-18,2020,8,24.29791027319052
2020-08-19,2020,8,24.735275853752984
2020-08-20,2020,8,24.958949564574624
2020-08-21,2020,8,18.791475051302324
2020-08-24,2020,8,18.7946939941705
2020-08-25,2020,8,18.69796336437657
2020-08-26,2020,8,16.560904719064133
2020-08-27,2020,8,16.503685836972334
2020-08-28,2020,8,18.40296014509937
2020-08-31,2020,8,17.983925067262703
2020-09-01,2020,9,18.127633625496863
2020-09-02,2020,9,18.13701104888037
2020-09-03,2020,9,18.149131126781345
2020-09-04,2020,9,18.255946100215134
2020-09-07,2020,9,19.65179046445491
2020-09-08,2020,9,19.41811669576988
2020-09-09,2020,9,21.041782864370276
2020-09-10,2020,9,21.022890142729626
2020-09-11,2020,9,19.950257440173043
2020-09-14,2020,9,18.449759610126375
2020-09-15,2020,9,18.72988135390453
2020-09-16,2020,9,18.04488484105822
2020-09-17,2020,9,17.786189373725325
2020-09-18,2020,9,19.88742502896889
2020-09-21,2020,9,20.18087611784005
2020-09-22,2020,9,20.55905714889592
2020-09-23,2020,9,20.1829338791919
2020-09-24,2020,9,20.701005744568253
2020-09-25,2020,9,18.279680439425857
2020-09-28,2020,9,18.222284388720706
2020-09-29,2020,9,17.983036441822637
2020-09-30,2020,9,17.972161808851375
2020-10-09,2020,10,19.67092634595186
2020-10-12,2020,10,22.44240907952677
2020-10-13,2020,10,21.06330855229003
2020-10-14,2020,10,21.158620322229783
2020-10-15,2020,10,19.126240539164
2020-10-16,2020,10,19.212088783271888
2020-10-19,2020,10,19.32757150686992
2020-10-20,2020,10,19.341624456655737
2020-10-21,2020,10,19.215880810594427
2020-10-22,2020,10,19.10975210903284
2020-10-23,2020,10,19.485087094541168
2020-10-26,2020,10,17.35262918886945
2020-10-27,2020,10,16.904994490593484
2020-10-28,2020,10,16.510016804499926
2020-10-29,2020,10,16.744567205078393
2020-10-30,2020,10,17.10600707624192
2020-11-02,2020,11,17.178635958088513
2020-11-03,2020,11,17.477269607883834
2020-11-04,2020,11,17.591020316102593
2020-11-05,2020,11,18.08008628010752
2020-11-06,2020,11,16.970430636144965
2020-11-09,2020,11,14.682560869260266
2020-11-10,2020,11,14.874811131556164
2020-11-11,2020,11,15.19967442641694
2020-11-12,2020,11,15.157727976095387
2020-11-13,2020,11,15.633761584753344
2020-11-16,2020,11,15.783202902584106
2020-11-17,2020,11,15.72798247414438
2020-11-18,2020,11,15.754941683946722
2020-11-19,2020,11,15.877249471837452
2020-11-20,2020,11,15.0923870145889
2020-11-23,2020,11,14.953009581180526
2020-11-24,2020,11,15.340171627945873
2020-11-25,2020,11,16.091189917695722
2020-11-26,2020,11,15.856417769452516
2020-11-27,2020,11,14.551534674890162
2020-11-30,2020,11,14.78178559599012
2020-12-01,2020,12,16.106451400872427
2020-12-02,2020,12,16.116160501818257
2020-12-03,2020,12,15.393307650111405
2020-12-04,2020,12,15.384286070401892
2020-12-07,2020,12,14.302523553373875
2020-12-08,2020,12,14.203630727735876
2020-12-09,2020,12,14.45642845978691
2020-12-10,2020,12,14.47886939444312
2020-12-11,2020,12,14.572142223181036
2020-12-14,2020,12,14.40791086044318
2020-12-15,2020,12,14.416133221413666
2020-12-16,2020,12,14.40600905085187
2020-12-17,2020,12,14.941427807207717
2020-12-18,2020,12,15.103569553531855
2020-12-21,2020,12,14.872208500897695
2020-12-22,2020,12,15.699470434633453
2020-12-23,2020,12,15.249815650573414
2020-12-24,2020,12,15.253006984255409
2020-12-25,2020,12,14.699339948603852
2020-12-28,2020,12,14.565192775850022
2020-12-29,2020,12,12.306287583049444
2020-12-30,2020,12,13.081898152124788
2020-12-31,2020,12,14.968736233745831
2021-01-04,2021,1,15.193455111366966
2021-01-05,2021,1,15.756968361403215
2021-01-06,2021,1,15.693598958923316
2021-01-07,2021,1,15.714714222439378
2021-01-08,2021,1,15.940137102910397
2021-01-11,2021,1,15.958218797500004
2021-01-12,2021,1,18.02047081303721
2021-01-13,2021,1,18.353679840684386
2021-01-14,2021,1,20.251084305176885
2021-01-15,2021,1,20.14382471447565
2021-01-18,2021,1,19.96130924355876
2021-01-19,2021,1,20.85562100429759
2021-01-20,2021,1,19.713210806331965
2021-01-21,2021,1,20.20700659391347
2021-01-22,2021,1,20.19134433860501
2021-01-25,2021,1,20.31506113058324
2021-01-26,2021,1,22.344244886747777
2021-01-27,2021,1,22.213319107181317
2021-01-28,2021,1,24.13925544029481
2021-01-29,2021,1,23.24575944047553
2021-02-01,2021,2,23.40333164730371
2021-02-02,2021,2,23.05960156423243
2021-02-03,2021,2,22.85016673692773
2021-02-04,2021,2,21.433900278882017
2021-02-05,2021,2,21.398300928492688
2021-02-08,2021,2,21.55231691418581
2021-02-09,2021,2,20.854533866885
2021-02-10,2021,2,21.939266470972136
2021-02-18,2021,2,20.96135683294549
2021-02-19,2021,2,20.90606154316647
2021-02-22,2021,2,24.899481177680247
2021-02-23,2021,2,24.35729072532379
2021-02-24,2021,2,26.19445551509844
2021-02-25,2021,2,25.646728352097917
2021-02-26,2021,2,27.314092363375465
2021-03-01,2021,3,27.691888782991303
2021-03-02,2021,3,27.049606570906576
2021-03-03,2021,3,28.04701877989133
2021-03-04,2021,3,28.801670793391597
2021-03-05,2021,3,28.738410764748807
2021-03-08,2021,3,30.83108429266279
2021-03-09,2021,3,30.63831230290096
2021-03-10,2021,3,30.77899146283943
2021-03-11,2021,3,32.59918235633686
2021-03-12,2021,3,32.62108999389205
2021-03-15,2021,3,32.55838852109684
2021-03-16,2021,3,30.96923834824137
2021-03-17,2021,3,29.714474421215357
2021-03-18,2021,3,30.132468407253725
2021-03-19,2021,3,30.75230829136873
2021-03-22,2021,3,29.48184103000515
2021-03-23,2021,3,29.50379708076544
2021-03-24,2021,3,28.69272047115538
2021-03-25,2021,3,28.25751375754645
2021-03-26,2021,3,28.45120206325613
2021-03-29,2021,3,27.58670708485667
2021-03-30,2021,3,27.67878222938493
2021-03-31,2021,3,26.464399437129416
2021-04-01,2021,4,25.019832306278435
2021-04-02,2021,4,25.307844948137813
2021-04-06,2021,4,21.909253176418257
2021-04-07,2021,4,20.74872011958426
2021-04-08,2021,4,20.7226798498324
2021-04-09,2021,4,19.196959854324863
2021-04-12,2021,4,19.94725040971167
2021-04-13,2021,4,18.773443794554563
2021-04-14,2021,4,18.72955790156237
2021-04-15,2021,4,18.68522087824679
2021-04-16,2021,4,18.452040987057337
2021-04-19,2021,4,18.26182541377348
2021-04-20,2021,4,17.855109751431993
2021-04-21,2021,4,17.52750001168255
2021-04-22,2021,4,16.492248469884238
2021-04-23,2021,4,16.728008557856956
2021-04-26,2021,4,15.90650224387415
2021-04-27,2021,4,15.915053720685728
2021-04-28,2021,4,15.834912475572912
2021-04-29,2021,4,15.835508530507076
2021-04-30,2021,4,15.647740387072906
2021-05-06,2021,5,15.909749452220993
2021-05-07,2021,5,16.326584942289607
2021-05-10,2021,5,16.19631720873812
2021-05-11,2021,5,16.308921434685242
2021-05-12,2021,5,15.71265933771066
2021-05-13,2021,5,15.004764664679264
2021-05-14,2021,5,17.341979251392058
2021-05-17,2021,5,17.6623773758403
2021-05-18,2021,5,17.438397024421104
2021-05-19,2021,5,17.53022692600031
2021-05-20,2021,5,15.24409097468987
2021-05-21,2021,5,15.775530918366758
2021-05-24,2021,5,15.859882154852992
2021-05-25,2021,5,19.2859401900495
2021-05-26,2021,5,19.082454565257983
2021-05-27,2021,5,18.320343865476207
2021-05-28,2021,5,18.423189882730025
2021-05-31,2021,5,18.329065684815102
2021-06-01,2021,6,18.147492835412717
2021-06-02,2021,6,18.09905592669838
2021-06-03,2021,6,17.612821527816212
2021-06-04,2021,6,16.85755549511167
2021-06-07,2021,6,16.883720142669326
2021-06-08,2021,6,17.28348646534142
2021-06-09,2021,6,17.221235235415854
2021-06-10,2021,6,16.591772765520822
2021-06-11,2021,6,14.855916537944392
2021-06-15,2021,6,14.904158158099008
2021-06-16,2021,6,15.67188973370076
2021-06-17,2021,6,15.685711514652112
2021-06-18,2021,6,15.651009154835217
2021-06-21,2021,6,15.203556888459232
2021-06-22,2021,6,15.18598295519118
2021-06-23,2021,6,9.81399178105366
2021-06-24,2021,6,9.898739107217327
2021-06-25,2021,6,11.48109454831266
2021-06-28,2021,6,11.483104320028556
2021-06-29,2021,6,11.9702869976668
2021-06-30,2021,6,12.196479460091004
2021-07-01,2021,7,11.894156478977184
2021-07-02,2021,7,14.980924810741532
2021-07-05,2021,7,14.7475399939799
2021-07-06,2021,7,14.78554397527029
2021-07-07,2021,7,15.150606374823932
2021-07-08,2021,7,15.380022262659717
2021-07-09,2021,7,15.159652871491604
2021-07-12,2021,7,15.761999708365698
2021-07-13,2021,7,15.281944223200414
2021-07-14,2021,7,14.980132243932568
2021-07-15,2021,7,15.660182547187624
2021-07-16,2021,7,16.111552633460768
2021-07-19,2021,7,16.15641239074648
2021-07-20,2021,7,16.103279107133773
2021-07-21,2021,7,16.184829973234464
2021-07-22,2021,7,16.166321444776578
2021-07-23,2021,7,15.477315857535116
2021-07-26,2021,7,19.3301787725286
2021-07-27,2021,7,22.30259982880715
2021-07-28,2021,7,22.11510230901323
2021-07-29,2021,7,23.46814443619262
2021-07-30,2021,7,21.82846317874512
2021-08-02,2021,8,23.850249151706738
2021-08-03,2021,8,23.83919992644635
2021-08-04,2021,8,23.747115559304653
2021-08-05,2021,8,23.661599957621025
2021-08-06,2021,8,23.63816702343689
2021-08-09,2021,8,23.46708009127581
2021-08-10,2021,8,23.842850044992907
2021-08-11,2021,8,23.604755509648744
2021-08-12,2021,8,23.11178976188282
2021-08-13,2021,8,22.95272370412317
2021-08-16,2021,8,22.86254918854889
2021-08-17,2021,8,24.032375798561407
2021-08-18,2021,8,24.239563960384007
2021-08-19,2021,8,24.25824951324176
2021-08-20,2021,8,24.76197301296192
2021-08-23,2021,8,22.682484157042293
2021-08-24,2021,8,19.07970257413373
2021-08-25,2021,8,19.08409271260293
2021-08-26,2021,8,19.149092510156905
2021-08-27,2021,8,18.99974390088889
2021-08-30,2021,8,16.678904748977143
2021-08-31,2021,8,16.671836240520445
2021-09-01,2021,9,17.216390203460566
2021-09-02,2021,9,17.11043302986135
2021-09-03,2021,9,17.174999147527345
2021-09-06,2021,9,17.845535058983742
2021-09-07,2021,9,17.964366624548926
2021-09-08,2021,9,17.927086269968008
2021-09-09,2021,9,17.785782361163506
2021-09-10,2021,9,17.985467955284445
2021-09-13,2021,9,18.11018882890786
2021-09-14,2021,9,16.807220278505465
2021-09-15,2021,9,16.868968983627173
2021-09-16,2021,9,17.179044524482627
2021-09-17,2021,9,16.021397559710834
2021-09-22,2021,9,15.36096079788992
2021-09-23,2021,9,15.0163676571701
2021-09-24,2021,9,14.98599027374289
2021-09-27,2021,9,13.782561613350088
2021-09-28,2021,9,13.79471430287959
2021-09-29,2021,9,13.957093765164306
2021-09-30,2021,9,13.97846248608391
2021-10-08,2021,10,13.98366102314734
2021-10-11,2021,10,13.97714516767702
2021-10-12,2021,10,14.366592968135294
2021-10-13,2021,10,13.603031315550776
2021-10-14,2021,10,12.892290333102055
2021-10-15,2021,10,12.975567541286834
2021-10-18,2021,10,13.575361078878132
2021-10-19,2021,10,13.552774205038212
2021-10-20,2021,10,13.474262377874124
2021-10-21,2021,10,12.777296402510926
2021-10-22,2021,10,12.320103006724963
2021-10-25,2021,10,11.453614065587669
2021-10-26,2021,10,11.332924750593683
2021-10-27,2021,10,12.119437339272825
2021-10-28,2021,10,12.084396349368356
2021-10-29,2021,10,12.27865152330622
2021-11-01,2021,11,12.13653953521581
2021-11-02,2021,11,12.689387048832575
2021-11-03,2021,11,12.552026345803055
2021-11-04,2021,11,12.995098573386407
2021-11-05,2021,11,11.885808435569317
2021-11-08,2021,11,11.88363294194877
2021-11-09,2021,11,11.335268640229208
2021-11-10,2021,11,10.56885280121856
2021-11-11,2021,11,12.119058761083872
2021-11-12,2021,11,11.980551982338817
2021-11-15,2021,11,11.230643646554556
2021-11-16,2021,11,10.679348877381576
2021-11-17,2021,11,10.63930656009592
2021-11-18,2021,11,10.916625649810731
2021-11-19,2021,11,11.442205376183948
2021-11-22,2021,11,11.410010089889118
2021-11-23,2021,11,11.37271724646863
2021-11-24,2021,11,10.371886352575142
2021-11-25,2021,11,10.348512734896923
2021-11-26,2021,11,10.52376544647699
2021-11-29,2021,11,10.480100542042535
2021-11-30,2021,11,9.86738336687876
2021-12-01,2021,12,9.787805701745036
2021-12-02,2021,12,9.186996721042274
2021-12-03,2021,12,9.641886363120284
2021-12-06,2021,12,9.64580615204525
2021-12-07,2021,12,9.8011545805091
2021-12-08,2021,12,10.633688097298885
2021-12-09,2021,12,10.670364606293557
2021-12-10,2021,12,10.777346877779436
2021-12-13,2021,12,10.723561575334523
2021-12-14,2021,12,11.053339252666222
2021-12-15,2021,12,11.67090871381686
2021-12-16,2021,12,11.116792045473083
2021-12-17,2021,12,11.951309971674748
2021-12-20,2021,12,13.12996025230602
2021-12-21,2021,12,13.22311284820474
2021-12-22,2021,12,13.199257441630694
2021-12-23,2021,12,13.398096844111167
2021-12-24,2021,12,13.125886188199685
2021-12-27,2021,12,13.103199815732284
2021-12-28,2021,12,13.08478275856607
2021-12-29,2021,12,14.04407850420927
2021-12-30,2021,12,14.245637005982845
2021-12-31,2021,12,13.9123269066762
2022-01-04,2022,1,13.975429620205942
2022-01-05,2022,1,14.21838392461922
2022-01-06,2022,1,13.54733306956632
2022-01-07,2022,1,11.822671384629157
2022-01-10,2022,1,11.96407224426816
2022-01-11,2022,1,12.06170311471109
2022-01-12,2022,1,12.907952978021866
2022-01-13,2022,1,13.693515951752378
2022-01-14,2022,1,13.57250517567398
2022-01-17,2022,1,13.498448958364891
2022-01-18,2022,1,13.17454699518069
2022-01-19,2022,1,14.795347414500826
2022-01-20,2022,1,15.191059959974575
2022-01-21,2022,1,14.895756082472625
2022-01-24,2022,1,14.902697264546754
2022-01-25,2022,1,16.453318526085493
2022-01-26,2022,1,16.478102965954545
2022-01-27,2022,1,16.846954568701197
2022-01-28,2022,1,16.854935078471556
2022-02-07,2022,2,18.207921293366645
2022-02-08,2022,2,18.210030690551505
2022-02-09,2022,2,18.601089564597647
2022-02-10,2022,2,18.34292025357913
2022-02-11,2022,2,18.32741135062628
2022-02-14,2022,2,18.38008845372759
2022-02-15,2022,2,18.82181376626188
2022-02-16,2022,2,18.357597941856884
2022-02-17,2022,2,17.74974047200502
2022-02-18,2022,2,17.74289086081619
2022-02-21,2022,2,17.34777447506075
2022-02-22,2022,2,17.17945451206031
2022-02-23,2022,2,16.539284359980826
2022-02-24,2022,2,17.13578328401231
2022-02-25,2022,2,17.474181687958353
2022-02-28,2022,2,17.495436026070045
2022-03-01,2022,3,16.19022490771982
2022-03-02,2022,3,16.18762851959877
2022-03-03,2022,3,15.206933906776737
2022-03-04,2022,3,14.747505437872409
2022-03-07,2022,3,17.44669874102313
2022-03-08,2022,3,18.32572583558852
2022-03-09,2022,3,17.83385193563549
2022-03-10,2022,3,19.045108306186965
2022-03-11,2022,3,19.32727629814269
2022-03-14,2022,3,21.84306184595878
2022-03-15,2022,3,26.126294358332014
2022-03-16,2022,3,31.52921226000264
2022-03-17,2022,3,32.71427502026639
2022-03-18,2022,3,32.772376488778
2022-03-21,2022,3,32.78635948307266
2022-03-22,2022,3,32.62828670701665
2022-03-23,2022,3,32.40709284215959
2022-03-24,2022,3,31.95692951255527
2022-03-25,2022,3,32.119581427761155
2022-03-28,2022,3,32.0539098417102
2022-03-29,2022,3,31.68528144783313
2022-03-30,2022,3,34.02620510976987
2022-03-31,2022,3,34.038623994695286
2022-04-01,2022,4,34.34243727329475
2022-04-06,2022,4,32.39285978652405
2022-04-07,2022,4,31.9851845931476
2022-04-08,2022,4,31.901339182210982
2022-04-11,2022,4,33.31432889163175
2022-04-12,2022,4,33.87611126587293
2022-04-13,2022,4,31.95316427557412
2022-04-14,2022,4,26.73623064028329
2022-04-15,2022,4,21.95904136706704
2022-04-18,2022,4,20.73712069597374
2022-04-19,2022,4,20.641839043440253
2022-04-20,2022,4,21.36591099231643
2022-04-21,2022,4,21.9718781390076
2022-04-22,2022,4,21.823535215043417
2022-04-25,2022,4,27.063519957228294
2022-04-26,2022,4,26.65623103197351
2022-04-27,2022,4,29.06460791981261
2022-04-28,2022,4,29.26049474642611
2022-04-29,2022,4,28.66944043926424
2022-05-05,2022,5,28.62109721267125
2022-05-06,2022,5,29.06842960133552
2022-05-09,2022,5,29.094457098922437
2022-05-10,2022,5,29.49267287730336
2022-05-11,2022,5,29.939555522395388
2022-05-12,2022,5,28.056629507562132
2022-05-13,2022,5,27.421621890592046
2022-05-16,2022,5,27.42465696067498
2022-05-17,2022,5,27.541346385058525
2022-05-18,2022,5,27.5387789546911
2022-05-19,2022,5,27.565969379522304
2022-05-20,2022,5,28.66533819487178
2022-05-23,2022,5,28.15183829873899
2022-05-24,2022,5,28.45534818752979
2022-05-25,2022,5,28.485165502565277
2022-05-26,2022,5,22.12047547756813
2022-05-27,2022,5,21.78651347089042
2022-05-30,2022,5,19.71765898112209
2022-05-31,2022,5,20.284086905061045
2022-06-01,2022,6,18.344179607862436
2022-06-02,2022,6,18.27032719043117
2022-06-06,2022,6,16.781685302230386
2022-06-07,2022,6,16.235060319929513
2022-06-08,2022,6,16.144961973249984
2022-06-09,2022,6,16.19780214897668
2022-06-10,2022,6,16.381324621984618
2022-06-13,2022,6,17.233542547913398
2022-06-14,2022,6,16.932943761867257
2022-06-15,2022,6,16.87754147363053
2022-06-16,2022,6,17.059945369403682
2022-06-17,2022,6,17.52656128498963
2022-06-20,2022,6,16.341462367265926
2022-06-21,2022,6,15.884560544109924
2022-06-22,2022,6,14.37834821823063
2022-06-23,2022,6,15.156880807195636
2022-06-24,2022,6,15.297041288843536
2022-06-27,2022,6,15.399195065513604
2022-06-28,2022,6,15.554455904065073
2022-06-29,2022,6,16.308510144665604
2022-06-30,2022,6,16.326836941718938
2022-07-01,2022,7,16.578268352196655
2022-07-04,2022,7,15.58096768502996
2022-07-05,2022,7,15.714536828278378
2022-07-06,2022,7,16.621235538364683
2022-07-07,2022,7,16.13061332532991
2022-07-08,2022,7,15.69131207551176
2022-07-11,2022,7,16.365971969783313
2022-07-12,2022,7,16.535050250977378
2022-07-13,2022,7,16.095131392992485
2022-07-14,2022,7,15.872721264591384
2022-07-15,2022,7,16.00754656221406
2022-07-18,2022,7,16.385629316139934
2022-07-19,2022,7,16.485578292832827
2022-07-20,2022,7,15.955054204311326
2022-07-21,2022,7,15.06867833102643
2022-07-22,2022,7,14.4226404934947
2022-07-25,2022,7,13.697206681038953
2022-07-26,2022,7,13.144931983024572
2022-07-27,2022,7,12.69275837420385
2022-07-28,2022,7,11.748718546138068
2022-07-29,2022,7,12.405735546150188
2022-08-01,2022,8,12.227897680274078
2022-08-02,2022,8,13.128527677393476
2022-08-03,2022,8,12.941297638784544
2022-08-04,2022,8,13.309159101104449
2022-08-05,2022,8,14.952257020215558
2022-08-08,2022,8,13.98133625806331
2022-08-09,2022,8,13.848355446155391
2022-08-10,2022,8,14.153775358326822
2022-08-11,2022,8,16.39917907725078
2022-08-12,2022,8,15.578139044699364
2022-08-15,2022,8,15.020114946212445
2022-08-16,2022,8,14.955200996080675
2022-08-17,2022,8,15.377563673034595
2022-08-18,2022,8,15.2425551966511
2022-08-19,2022,8,15.409915277714918
2022-08-22,2022,8,15.568028549142014
2022-08-23,2022,8,15.363665658266362
2022-08-24,2022,8,16.493674560977972
2022-08-25,2022,8,16.874289428114945
2022-08-26,2022,8,16.198933462311075
2022-08-29,2022,8,16.208878826319946
2022-08-30,2022,8,15.118887892864286
2022-08-31,2022,8,14.598387876456542
2022-09-01,2022,9,14.63004483322824
2022-09-02,2022,9,13.408991539367252
2022-09-05,2022,9,13.397903062294567
2022-09-06,2022,9,13.700668901434709
2022-09-07,2022,9,13.26319126441256
2022-09-08,2022,9,10.551958025531858
2022-09-09,2022,9,11.968947180578136
2022-09-13,2022,9,12.062234402823082
2022-09-14,2022,9,12.588764768697487
2022-09-15,2022,9,12.172268462694342
2022-09-16,2022,9,13.910630201370504
2022-09-19,2022,9,13.82118816187077
2022-09-20,2022,9,13.46182577905595
2022-09-21,2022,9,13.559634187920995
2022-09-22,2022,9,12.4575623485394
2022-09-23,2022,9,11.728852691587146
2022-09-26,2022,9,11.764452663276591
2022-09-27,2022,9,13.039015856462203
2022-09-28,2022,9,13.686105225951442
2022-09-29,2022,9,13.693993429973888
2022-09-30,2022,9,13.627774600929246
2022-10-10,2022,10,14.959714577953084
2022-10-11,2022,10,14.951501258416052
2022-10-12,2022,10,16.155107579221085
2022-10-13,2022,10,16.137909215251618
2022-10-14,2022,10,18.734097762662028
2022-10-17,2022,10,17.716785259635802
2022-10-18,2022,10,17.560018439981455
2022-10-19,2022,10,17.856546310154794
2022-10-20,2022,10,17.74331447965214
2022-10-21,2022,10,16.35410360246531
2022-10-24,2022,10,18.3270378084644
2022-10-25,2022,10,18.262463667613197
2022-10-26,2022,10,18.64655501696629
2022-10-27,2022,10,18.637212002712797
2022-10-28,2022,10,19.957845628458248
2022-10-31,2022,10,20.08507821429332
2022-11-01,2022,11,24.61810771803531
2022-11-02,2022,11,24.61983745848794
2022-11-03,2022,11,24.697780840260496
2022-11-04,2022,11,27.82217014333325
2022-11-07,2022,11,26.78783336925745
2022-11-08,2022,11,26.890499702379817
2022-11-09,2022,11,26.470016963538267
2022-11-10,2022,11,26.37540377047344
2022-11-11,2022,11,26.76196858403574
2022-11-14,2022,11,26.76461455832021
2022-11-15,2022,11,27.6817390015524
2022-11-16,2022,11,27.23239190185332
2022-11-17,2022,11,27.260229407883585
2022-11-18,2022,11,27.19628958322444
2022-11-21,2022,11,25.588295250337417
2022-11-22,2022,11,25.50250467265901
2022-11-23,2022,11,25.419757882946985
2022-11-24,2022,11,25.328458054195245
2022-11-25,2022,11,23.54246421280578
2022-11-28,2022,11,23.61636696692524
2022-11-29,2022,11,22.125806700472687
2022-11-30,2022,11,22.00461448636648
2022-12-01,2022,12,21.87266032888557
2022-12-02,2022,12,18.76514791841565
2022-12-05,2022,12,19.66648173561189
2022-12-06,2022,12,19.45430284550608
2022-12-07,2022,12,18.94776027916911
2022-12-08,2022,12,18.66876176318258
2022-12-09,2022,12,16.799135318388757
2022-12-12,2022,12,17.419006449557617
2022-12-13,2022,12,16.23569316781933
2022-12-14,2022,12,15.9298560986775
2022-12-15,2022,12,15.79799696991642
2022-12-16,2022,12,15.68691980730375
2022-12-19,2022,12,16.337355812723402
2022-12-20,2022,12,17.484267505462686
2022-12-21,2022,12,17.494319623190798
2022-12-22,2022,12,17.375716064577055
2022-12-23,2022,12,17.34410858089834
2022-12-26,2022,12,16.70821325305733
2022-12-27,2022,12,13.386527151945971
2022-12-28,2022,12,13.454433062953678
2022-12-29,2022,12,12.827928718206088
2022-12-30,2022,12,12.754677623215889
2023-01-03,2023,1,10.923861017967765
2023-01-04,2023,1,10.688292415341976
2023-01-05,2023,1,12.75868214894178
2023-01-06,2023,1,12.80997368035554
2023-01-09,2023,1,12.642554098178923
2023-01-10,2023,1,12.01790543610949
2023-01-11,2023,1,11.951005561179675
2023-01-12,2023,1,11.938440734607228
2023-01-13,2023,1,12.957720400261168
2023-01-16,2023,1,12.97330273638412
2023-01-17,2023,1,11.573228772668555
2023-01-18,2023,1,9.566945584429767
2023-01-19,2023,1,9.55420607272979
2023-01-20,2023,1,9.57306373700031
2023-01-30,2023,1,9.327371616130286
2023-01-31,2023,1,10.710849459016542
2023-02-01,2023,2,10.326744083502636
2023-02-02,2023,2,10.258082695563465
2023-02-03,2023,2,11.115348292255034
2023-02-06,2023,2,12.536917655807777
2023-02-07,2023,2,12.53391745093488
2023-02-08,2023,2,12.710261852852415
2023-02-09,2023,2,11.799227596674193
2023-02-10,2023,2,12.007072406020944
2023-02-13,2023,2,12.117602420943202
2023-02-14,2023,2,12.12519221345537
2023-02-15,2023,2,12.421982760162
2023-02-16,2023,2,12.70001453341893
2023-02-17,2023,2,12.34478602838194
2023-02-20,2023,2,15.7317825139328
2023-02-21,2023,2,15.734164532110398
2023-02-22,2023,2,16.09485656468513
2023-02-23,2023,2,15.876190376014064
2023-02-24,2023,2,15.9949494979137
2023-02-27,2023,2,15.784045580595492
2023-02-28,2023,2,15.667017164977462
2023-03-01,2023,3,16.074995451029412
2023-03-02,2023,3,16.06496660626774
2023-03-03,2023,3,15.686996947973835
2023-03-06,2023,3,15.02033476068008
2023-03-07,2023,3,15.807533898986254
2023-03-08,2023,3,15.801685168737697
2023-03-09,2023,3,14.94415158057712
2023-03-10,2023,3,15.509568867187143
2023-03-13,2023,3,15.82015907361031
2023-03-14,2023,3,15.839442864770314
2023-03-15,2023,3,15.746744137590284
2023-03-16,2023,3,16.03113100193348
2023-03-17,2023,3,15.531506249488844
2023-03-20,2023,3,11.879484437976444
2023-03-21,2023,3,12.749456341106365
2023-03-22,2023,3,12.610808740086538
2023-03-23,2023,3,13.178506226069114
2023-03-24,2023,3,12.774178091796331
2023-03-27,2023,3,12.83764797697367
2023-03-28,2023,3,12.583449540348518
2023-03-29,2023,3,11.633389543588294
2023-03-30,2023,3,12.4204678346434
2023-03-31,2023,3,12.430353115884458
2023-04-03,2023,4,12.603295790065614
2023-04-04,2023,4,11.620944395016808
2023-04-06,2023,4,11.57131147608304
2023-04-07,2023,4,11.710547533525224
2023-04-10,2023,4,10.486602251671744
2023-04-11,2023,4,9.97689382745606
2023-04-12,2023,4,9.632537386190505
2023-04-13,2023,4,9.981012891799088
2023-04-14,2023,4,8.880349186592843
2023-04-17,2023,4,9.960935147049522
2023-04-18,2023,4,9.516536439893883
2023-04-19,2023,4,9.718813035515414
2023-04-20,2023,4,9.863129726820793
2023-04-21,2023,4,11.501753291926804
2023-04-24,2023,4,12.349142189553756
2023-04-25,2023,4,12.328053399815657
2023-04-26,2023,4,12.33276671574924
2023-04-27,2023,4,12.777986431433202
2023-04-28,2023,4,12.672402121957033
2023-05-04,2023,5,12.634647828726592
2023-05-05,2023,5,12.359199465350306
2023-05-08,2023,5,12.939542291453368
2023-05-09,2023,5,13.234786426462884
2023-05-10,2023,5,13.103820393317758
2023-05-11,2023,5,13.080816745301766
2023-05-12,2023,5,13.689272940947916
2023-05-15,2023,5,15.10716614101442
2023-05-16,2023,5,15.03965143797647
2023-05-17,2023,5,14.986471933382298
2023-05-18,2023,5,13.674407693245223
2023-05-19,2023,5,13.595266514500809
2023-05-22,2023,5,13.692417142121275
2023-05-23,2023,5,14.385370353636809
2023-05-24,2023,5,13.854222424072224
2023-05-25,2023,5,13.293669510701678
2023-05-26,2023,5,13.280865441832637
2023-05-29,2023,5,13.314539920596562
2023-05-30,2023,5,12.789213259598952
2023-05-31,2023,5,12.27392158236628
2023-06-01,2023,6,12.360403797927663
2023-06-02,2023,6,13.678298319346569
2023-06-05,2023,6,12.803571638611231
2023-06-06,2023,6,12.869932288193349
2023-06-07,2023,6,12.7335844486626
2023-06-08,2023,6,13.303764707973578
2023-06-09,2023,6,12.823073778097136
2023-06-12,2023,6,11.165373293103306
2023-06-13,2023,6,11.604270289093185
2023-06-14,2023,6,11.424159425642154
2023-06-15,2023,6,13.039064330288856
2023-06-16,2023,6,13.446479207806158
2023-06-19,2023,6,13.61888654086112
2023-06-20,2023,6,12.567019422781014
2023-06-21,2023,6,12.624972599805009
2023-06-26,2023,6,13.27456587251841
2023-06-27,2023,6,13.485261160554687
2023-06-28,2023,6,13.394359059278546
2023-06-29,2023,6,13.520402752118832
2023-06-30,2023,6,13.15418530977199
2023-07-03,2023,7,13.673582437389465
2023-07-04,2023,7,12.873606382706216
2023-07-05,2023,7,13.023676962950864
2023-07-06,2023,7,12.789227843539674
2023-07-07,2023,7,12.776277491451784
2023-07-10,2023,7,12.532383574744015
2023-07-11,2023,7,12.65467458430548
2023-07-12,2023,7,12.817101916953582
2023-07-13,2023,7,13.772121760839063
2023-07-14,2023,7,13.778256832943216
2023-07-17,2023,7,12.7175099942479
2023-07-18,2023,7,12.206394427680005
2023-07-19,2023,7,11.939469405531216
2023-07-20,2023,7,12.172224658319417
2023-07-21,2023,7,11.114400379023328
2023-07-24,2023,7,10.422747184469197
2023-07-25,2023,7,14.415885375047024
2023-07-26,2023,7,14.475629962620149
2023-07-27,2023,7,14.334462091854263
2023-07-28,2023,7,16.397643484134143
2023-07-31,2023,7,16.049445622645454
2023-08-01,2023,8,16.21067289436202
2023-08-02,2023,8,16.229795871060333
2023-08-03,2023,8,16.069479065493717
2023-08-04,2023,8,15.96817833069423
2023-08-07,2023,8,16.382524703860422
2023-08-08,2023,8,16.428251109431358
2023-08-09,2023,8,16.304985760587325
2023-08-10,2023,8,15.40971213870106
2023-08-11,2023,8,17.728196382928925
2023-08-14,2023,8,17.715121246844475
2023-08-15,2023,8,17.710036075354875
2023-08-16,2023,8,17.921492908334717
2023-08-17,2023,8,17.774880128185718
2023-08-18,2023,8,18.367242257100912
2023-08-21,2023,8,18.905152372479268
2023-08-22,2023,8,15.57306662886412
2023-08-23,2023,8,16.18016779411361
2023-08-24,2023,8,16.46928283523732
2023-08-25,2023,8,13.191017290364616
2023-08-28,2023,8,14.38265374623019
2023-08-29,2023,8,14.704937122381963
2023-08-30,2023,8,14.624165895508998
2023-08-31,2023,8,14.039122666379752
2023-09-01,2023,9,14.105793566707886
2023-09-04,2023,9,15.333831920735935
2023-09-05,2023,9,15.429304808226323
2023-09-06,2023,9,15.431099753008809
2023-09-07,2023,9,15.92215433724548
2023-09-08,2023,9,13.963888113524384
2023-09-11,2023,9,14.188740424189866
2023-09-12,2023,9,14.188964516980814
2023-09-13,2023,9,14.125029462667044
2023-09-14,2023,9,14.031319829427682
2023-09-15,2023,9,13.41710108012664
2023-09-18,2023,9,12.61657156764068
2023-09-19,2023,9,12.419629616986668
2023-09-20,2023,9,11.403010402745954
2023-09-21,2023,9,11.640245880985804
2023-09-22,2023,9,13.739474154139357
2023-09-25,2023,9,13.02033996038698
2023-09-26,2023,9,12.907866870657331
2023-09-27,2023,9,12.976105833074635
2023-09-28,2023,9,12.934540921163537
2023-10-09,2023,10,12.680380860800966
2023-10-10,2023,10,11.238135222366756
2023-10-11,2023,10,11.227579283449792
2023-10-12,2023,10,11.964176040848876
2023-10-13,2023,10,11.462723172419013
2023-10-16,2023,10,11.94948037995866
2023-10-17,2023,10,11.630126103526324
2023-10-18,2023,10,11.810631272082048
2023-10-19,2023,10,13.52193679581478
2023-10-20,2023,10,13.52324561632757
2023-10-23,2023,10,13.78669118183897
2023-10-24,2023,10,13.67444527119847
2023-10-25,2023,10,14.031282965020983
2023-10-26,2023,10,14.20993510813936
2023-10-27,2023,10,15.28371959025619
2023-10-30,2023,10,13.247002731218496
2023-10-31,2023,10,13.106251433441331
2023-11-01,2023,11,13.042739086694944
2023-11-02,2023,11,12.97981608021158
2023-11-03,2023,11,13.411379124716476
2023-11-06,2023,11,14.36308289920892
2023-11-07,2023,11,14.186002590166616
2023-11-08,2023,11,14.177771935028431
2023-11-09,2023,11,13.6594706965806
2023-11-10,2023,11,13.522616361004005
2023-11-13,2023,11,12.95033566414651
2023-11-14,2023,11,12.87491671336042
2023-11-15,2023,11,12.87521780490516
2023-11-16,2023,11,10.93162484590226
2023-11-17,2023,11,10.761407133165726
2023-11-20,2023,11,9.908440910922968
2023-11-21,2023,11,9.908457752162835
2023-11-22,2023,11,10.653619928624003
2023-11-23,2023,11,10.730051164791565
2023-11-24,2023,11,9.596265126648037
2023-11-27,2023,11,9.663484174347774
2023-11-28,2023,11,9.679092484189608
2023-11-29,2023,11,9.968260344688646
2023-11-30,2023,11,9.90880123270259
2023-12-01,2023,12,9.42166108476465
2023-12-04,2023,12,7.855196040852276
2023-12-05,2023,12,9.75850304572857
2023-12-06,2023,12,9.898607923031683
2023-12-07,2023,12,9.79763922186574
2023-12-08,2023,12,9.833771322376098
2023-12-11,2023,12,10.408288950614338
2023-12-12,2023,12,10.506699536342218
2023-12-13,2023,12,11.115639209724362
2023-12-14,2023,12,10.867164792022638
2023-12-15,2023,12,10.8556782083225
2023-12-18,2023,12,10.612110453713344
2023-12-19,2023,12,10.568162206498364
2023-12-20,2023,12,10.441112680294538
2023-12-21,2023,12,10.957581108561888
2023-12-22,2023,12,11.006407534752851
2023-12-25,2023,12,11.070341781538785
2023-12-26,2023,12,11.057655186409518
2023-12-27,2023,12,11.07535913255398
2023-12-28,2023,12,14.598062377165183
2023-12-29,2023,12,14.61612634284334
2024-01-02,2024,1,15.136269556389063
2024-01-03,2024,1,13.64276054785585
2024-01-04,2024,1,13.954975044654333
2024-01-05,2024,1,14.02363115644231
2024-01-08,2024,1,14.712086713433164
2024-01-09,2024,1,14.44835452478089
2024-01-10,2024,1,14.398268681979545
2024-01-11,2024,1,13.588418138800792
2024-01-12,2024,1,13.548750412363583
2024-01-15,2024,1,13.543381474113144
2024-01-16,2024,1,13.743412258453368
2024-01-17,2024,1,15.767493432870683
2024-01-18,2024,1,15.66442448605439
2024-01-19,2024,1,15.220422567168798
2024-01-22,2024,1,16.601075056884667
2024-01-23,2024,1,16.855875219529338
2024-01-24,2024,1,18.0392007470619
2024-01-25,2024,1,19.18080277152605
2024-01-26,2024,1,16.61825854061277
2024-01-29,2024,1,16.66404440276703
2024-01-30,2024,1,17.02810593468671
2024-01-31,2024,1,17.07039745652386
2024-02-01,2024,2,16.95928441434098
2024-02-02,2024,2,17.099960972104586
2024-02-05,2024,2,16.913924333550973
2024-02-06,2024,2,20.801520885759874
2024-02-07,2024,2,20.996063248469888
2024-02-08,2024,2,21.03040757597581
2024-02-19,2024,2,21.17131863521666
2024-02-20,2024,2,21.18249182178126
2024-02-21,2024,2,21.61421050428597
2024-02-22,2024,2,19.81900201222276
2024-02-23,2024,2,19.4777695556247
2024-02-26,2024,2,20.038630257233624
2024-02-27,2024,2,18.21269147330254
2024-02-28,2024,2,18.892980965656623
2024-02-29,2024,2,18.90631901439972
2024-03-01,2024,3,18.288087921387653
2024-03-04,2024,3,18.25876397508876
2024-03-05,2024,3,17.779131931218338
2024-03-06,2024,3,16.29747119198384
2024-03-07,2024,3,16.202991143073746
2024-03-08,2024,3,16.074637174522874
2024-03-11,2024,3,15.463943286296317
2024-03-12,2024,3,15.543935059092489
2024-03-13,2024,3,12.513011757565836
2024-03-14,2024,3,12.626340254365845
2024-03-15,2024,3,12.560179857358197
2024-03-18,2024,3,12.598881907603444
2024-03-19,2024,3,13.02357340814915
2024-03-20,2024,3,12.277229789707588
2024-03-21,2024,3,12.108997779418925
2024-03-22,2024,3,12.625867906268978
2024-03-25,2024,3,12.187594129852222
2024-03-26,2024,3,11.539332756228328
2024-03-27,2024,3,11.594567310117297
2024-03-28,2024,3,10.246695274753364
2024-03-29,2024,3,9.995270550828668
2024-04-01,2024,4,11.570911234788802
2024-04-02,2024,4,11.31622060508665
2024-04-03,2024,4,11.315357188194158
2024-04-08,2024,4,11.539708720210182
2024-04-09,2024,4,11.509805257799352
2024-04-10,2024,4,10.566592519222867
2024-04-11,2024,4,10.524330965373844
2024-04-12,2024,4,10.675600357651222
2024-04-15,2024,4,13.269268509358096
2024-04-16,2024,4,13.591015673468638
2024-04-17,2024,4,14.078605140682294
2024-04-18,2024,4,13.92137990105303
2024-04-19,2024,4,14.18370352670262
2024-04-22,2024,4,14.19296225749446
2024-04-23,2024,4,14.083858371588583
2024-04-24,2024,4,14.049665053095126
2024-04-25,2024,4,14.041632198499174
2024-04-26,2024,4,14.314267485128124
2024-04-29,2024,4,14.778312583112308
2024-04-30,2024,4,14.906222744908304
2024-05-06,2024,5,14.580511706873969
2024-05-07,2024,5,14.494389791892672
2024-05-08,2024,5,14.74825677479575
2024-05-09,2024,5,14.65074737604095
2024-05-10,2024,5,14.600975861075058
2024-05-13,2024,5,14.227582018716866
2024-05-14,2024,5,14.252984244851763
2024-05-15,2024,5,14.17170635549186
2024-05-16,2024,5,12.328265265550698
2024-05-17,2024,5,12.161604067454991
2024-05-20,2024,5,11.482080973188696
2024-05-21,2024,5,11.623888518971528
2024-05-22,2024,5,11.07384802158767
2024-05-23,2024,5,11.81369086118154
2024-05-24,2024,5,12.305930703709953
2024-05-27,2024,5,12.517571784273937
2024-05-28,2024,5,12.825979269361898
2024-05-29,2024,5,11.87790062264274
2024-05-30,2024,5,11.15694417896443
2024-05-31,2024,5,11.102542111823372
2024-06-03,2024,6,9.80884208050981
2024-06-04,2024,6,10.185646476542535
2024-06-05,2024,6,9.876650101983431
2024-06-06,2024,6,9.154400835131774
2024-06-07,2024,6,9.351185133574374
2024-06-11,2024,6,9.579024421575385
2024-06-12,2024,6,9.579224937152484
2024-06-13,2024,6,9.381603639775305
2024-06-14,2024,6,9.567355142871028
2024-06-17,2024,6,8.381427029564605
2024-06-18,2024,6,8.446206647762892
2024-06-19,2024,6,8.437276063135572
2024-06-20,2024,6,8.463539960979661
2024-06-21,2024,6,7.935455319736534
2024-06-24,2024,6,7.210930144486369
2024-06-25,2024,6,6.382774778026019
2024-06-26,2024,6,6.805679255221703
2024-06-27,2024,6,6.90462656365116
2024-06-28,2024,6,6.98813045496937
2024-07-01,2024,7,7.193993717832068
2024-07-02,2024,7,7.131889123944199
2024-07-03,2024,7,6.43235753497086
2024-07-04,2024,7,6.464303601427544
2024-07-05,2024,7,6.5222681986801225
2024-07-08,2024,7,6.57419771110529
2024-07-09,2024,7,7.716318316391371
2024-07-10,2024,7,7.727626027621763
2024-07-11,2024,7,9.206828806891442
2024-07-12,2024,7,9.016096396127582
2024-07-15,2024,7,9.0123587706564
2024-07-16,2024,7,9.314505679812534
2024-07-17,2024,7,9.268232036871
2024-07-18,2024,7,9.13025939641744
2024-07-19,2024,7,9.290615973260392
2024-07-22,2024,7,9.632020353163398
2024-07-23,2024,7,11.894312967088176
2024-07-24,2024,7,11.917825860945392
2024-07-25,2024,7,11.936683289958063
2024-07-26,2024,7,12.0239808327346
2024-07-29,2024,7,12.074252354326322
2024-07-30,2024,7,12.260405906100209
2024-07-31,2024,7,14.788063094765198
2024-08-01,2024,8,14.93799354840194
2024-08-02,2024,8,15.302573443582752
2024-08-05,2024,8,15.636421228137664
2024-08-06,2024,8,15.07898916803841
2024-08-07,2024,8,15.07609216023879
2024-08-08,2024,8,14.153987490621809
2024-08-09,2024,8,14.076869719457711
2024-08-12,2024,8,14.008991204139967
2024-08-13,2024,8,13.666407113379869
2024-08-14,2024,8,13.698982025332024
2024-08-15,2024,8,14.264653752232112
2024-08-16,2024,8,13.93301915095492
2024-08-19,2024,8,13.901976379176409
2024-08-20,2024,8,12.336317653104466
2024-08-21,2024,8,12.255316556382072
2024-08-22,2024,8,12.155053489960546
2024-08-23,2024,8,12.143688629854775
2024-08-26,2024,8,12.028720217651433
2024-08-27,2024,8,11.93691640843592
2024-08-28,2024,8,8.321050742883381
2024-08-29,2024,8,8.122193374848953
2024-08-30,2024,8,9.19223635537498
2024-09-02,2024,9,10.364169350029284
2024-09-03,2024,9,10.493215671679256
2024-09-04,2024,9,10.659335424849733
2024-09-05,2024,9,10.691193881675408
2024-09-06,2024,9,10.975394394376924
2024-09-09,2024,9,11.65780256470543
2024-09-10,2024,9,11.612863852696478
2024-09-11,2024,9,11.456531396893066
2024-09-12,2024,9,10.38136322247448
2024-09-13,2024,9,10.343406681972132
2024-09-18,2024,9,10.376142449701671
2024-09-19,2024,9,11.052884269931262
2024-09-20,2024,9,11.14192418437042
2024-09-23,2024,9,11.244248684047488
2024-09-24,2024,9,19.59044400352572
2024-09-25,2024,9,20.136984860290617
2024-09-26,2024,9,25.86785283115734
2024-09-27,2024,9,32.97219543925284
2024-09-30,2024,9,44.821353862787305
2024-10-08,2024,10,46.08125661961747
2024-10-09,2024,10,57.79773757543475
2024-10-10,2024,10,57.779860662418415
2024-10-11,2024,10,59.015132189043065
2024-10-14,2024,10,58.98280035982406
2024-10-15,2024,10,60.12413673169874
2024-10-16,2024,10,59.87005958271
2024-10-17,2024,10,60.23398417809373
2024-10-18,2024,10,61.01026799253852
2024-10-21,2024,10,60.91428599480465
2024-10-22,2024,10,60.659041625881386
2024-10-23,2024,10,60.64749679799676
2024-10-24,2024,10,61.18155246513002
2024-10-25,2024,10,61.12173745412026
2024-10-28,2024,10,61.14674600793379
2024-10-29,2024,10,60.24341732918228
2024-10-30,2024,10,60.58194749262852
2024-10-31,2024,10,58.70223667209804
2024-11-01,2024,11,54.56960987461742
2024-11-04,2024,11,42.734172125814176
2024-11-05,2024,11,40.84475965908695
2024-11-06,2024,11,25.60020651981299
2024-11-07,2024,11,27.594346715151826
2024-11-08,2024,11,26.066555830760347
2024-11-11,2024,11,25.626906991314694
2024-11-12,2024,11,23.76359178501694
2024-11-13,2024,11,23.52157814047609
2024-11-14,2024,11,24.098210567211517
2024-11-15,2024,11,20.959380538678733
2024-11-18,2024,11,21.0271032823334
2024-11-19,2024,11,20.99394265246396
2024-11-20,2024,11,20.97172519737128
2024-11-21,2024,11,20.55853786401262
2024-11-22,2024,11,23.02513637451329
2024-11-25,2024,11,23.06066708018771
2024-11-26,2024,11,22.922679166083512
2024-11-27,2024,11,23.426818186540583
2024-11-28,2024,11,23.58111278024547
2024-11-29,2024,11,23.8915280811313
2024-12-02,2024,12,23.5604974515956
2024-12-03,2024,12,21.487918423186983
2024-12-04,2024,12,21.45715022734167
2024-12-05,2024,12,17.17749615284178
2024-12-06,2024,12,17.583745939684036
2024-12-09,2024,12,17.414838717547617
2024-12-10,2024,12,17.385201721991177
2024-12-11,2024,12,17.180517609385976
2024-12-12,2024,12,16.625857294285254
2024-12-13,2024,12,17.679028064025378
2024-12-16,2024,12,17.74110935876128
2024-12-17,2024,12,17.669071672925654
2024-12-18,2024,12,17.720813137455917
2024-12-19,2024,12,17.724415213162175
2024-12-20,2024,12,14.101741538386426
2024-12-23,2024,12,13.89646682832652
2024-12-24,2024,12,14.322208199992788
2024-12-25,2024,12,13.266702654165329
2024-12-26,2024,12,12.901553535536197
2024-12-27,2024,12,12.444572049786265
2024-12-30,2024,12,12.28364372177845
2024-12-31,2024,12,13.585955768373651
2025-01-02,2025,1,16.77608573535654
2025-01-03,2025,1,17.07576911633978
2025-01-06,2025,1,16.244909176633964
2025-01-07,2025,1,16.587056108370785
2025-01-08,2025,1,16.183830819412925
2025-01-09,2025,1,16.184873438959233
2025-01-10,2025,1,15.702308150535304
2025-01-13,2025,1,13.836105971383247
2025-01-14,2025,1,17.03913355452865
2025-01-15,2025,1,17.057168188860867
2025-01-16,2025,1,16.941197755676402
2025-01-17,2025,1,17.00026782677863
2025-01-20,2025,1,17.14430258753867
2025-01-21,2025,1,17.149400198537585
2025-01-22,2025,1,16.66200336283639
2025-01-23,2025,1,16.728150498557955
2025-01-24,2025,1,17.11343180981155
2025-01-27,2025,1,17.16740046835166
2025-02-05,2025,2,17.0177143699298
2025-02-06,2025,2,16.95700790092567
2025-02-07,2025,2,14.489786094673809
2025-02-10,2025,2,13.865855192024274
2025-02-11,2025,2,13.858934369343674
2025-02-12,2025,2,14.019311354911297
2025-02-13,2025,2,14.05262491184826
2025-02-14,2025,2,14.123363229171137
2025-02-17,2025,2,13.227806814328972
2025-02-18,2025,2,13.495098110561282
2025-02-19,2025,2,10.464951394327867
2025-02-20,2025,2,10.236276285277764
2025-02-21,2025,2,11.022973295725352
2025-02-24,2025,2,11.19246625036769
2025-02-25,2025,2,11.93441333676338
2025-02-26,2025,2,12.180692208229567
2025-02-27,2025,2,11.489432434579484
2025-02-28,2025,2,13.546590642314056
2025-03-03,2025,3,13.377104193304964
2025-03-04,2025,3,13.188623466825108
2025-03-05,2025,3,13.038688701285045
2025-03-06,2025,3,13.286870287275246
2025-03-07,2025,3,12.459801637749166
2025-03-10,2025,3,12.566090772049382
2025-03-11,2025,3,12.48436528878584
2025-03-12,2025,3,12.084889124479588
2025-03-13,2025,3,12.188660039483423
2025-03-14,2025,3,14.93966270513524
2025-03-17,2025,3,14.997607985423898
2025-03-18,2025,3,14.711561986193932
2025-03-19,2025,3,14.633824487302588
2025-03-20,2025,3,14.92199875739458
2025-03-21,2025,3,15.276429616969708
2025-03-24,2025,3,15.34713599753244
2025-03-25,2025,3,14.913148147747012
2025-03-26,2025,3,14.664003694070775
2025-03-27,2025,3,14.673712492122911
2025-03-28,2025,3,13.265383875593953
2025-03-31,2025,3,13.394856442506336
2025-04-01,2025,4,13.39068789421759
2025-04-02,2025,4,13.30125135173557
2025-04-03,2025,4,12.329118836514
2025-04-07,2025,4,26.362395602395384
2025-04-08,2025,4,26.813067120685147
2025-04-09,2025,4,27.133897782598837
2025-04-10,2025,4,28.05207948491797
2025-04-11,2025,4,28.092684223130394
2025-04-14,2025,4,26.266339894241508
2025-04-15,2025,4,26.302594965374237
2025-04-16,2025,4,26.30622072696984
2025-04-17,2025,4,26.29222817550337
2025-04-18,2025,4,26.29009666538589
2025-04-21,2025,4,25.79314350042833
2025-04-22,2025,4,25.718662225673967
2025-04-23,2025,4,25.725568711082317
2025-04-24,2025,4,25.71824124466379
2025-04-25,2025,4,25.657718391052185
2025-04-28,2025,4,25.632971152823224
2025-04-29,2025,4,25.57974327406952
2025-04-30,2025,4,25.57874628571571
2025-05-06,2025,5,25.871465344538336
2025-05-07,2025,5,25.93524619439202
2025-05-08,2025,5,7.601920946473097
2025-05-09,2025,5,7.408643162547346
2025-05-12,2025,5,7.645846385629304
2025-05-13,2025,5,5.652422995362764
2025-05-14,2025,5,6.802374809939687
2025-05-15,2025,5,7.848976853847954
2025-05-16,2025,5,8.290088071753043
2025-05-19,2025,5,8.367306024277891
2025-05-20,2025,5,8.44834143603564
2025-05-21,2025,5,8.480618096162495
2025-05-22,2025,5,8.509601017967256
2025-05-23,2025,5,9.092333463959127
2025-05-26,2025,5,9.397225575575868
2025-05-27,2025,5,9.663520140834342
2025-05-28,2025,5,9.681825790160332
2025-05-29,2025,5,9.816389812317732
2025-05-30,2025,5,9.81475449829068
2025-06-03,2025,6,9.808122525765906
2025-06-04,2025,6,9.37912600506409
2025-06-05,2025,6,9.197295481120022
2025-06-06,2025,6,8.996125522367937
2025-06-09,2025,6,8.99295560447181
2025-06-10,2025,6,8.306352075192617
2025-06-11,2025,6,8.805646189000907
2025-06-12,2025,6,7.443309683136662
2025-06-13,2025,6,7.199692147131604
2025-06-16,2025,6,7.004333019371371
2025-06-17,2025,6,6.982211686317129
2025-06-18,2025,6,10.08076271859664
2025-06-19,2025,6,10.149838410372611
2025-06-20,2025,6,10.200683875126211
2025-06-23,2025,6,10.137487605018972
2025-06-24,2025,6,10.970800193924866
2025-06-25,2025,6,12.320543387316938
2025-06-26,2025,6,12.409563299388209
2025-06-27,2025,6,12.42587192731228
2025-06-30,2025,6,12.52068272047954
2025-07-01,2025,7,12.52347849765928
2025-07-02,2025,7,12.442581349948547
2025-07-03,2025,7,12.573430909507929
2025-07-04,2025,7,12.646336789993008
2025-07-07,2025,7,12.754393110290565
2025-07-08,2025,7,12.862367361528682
2025-07-09,2025,7,12.596709766106216
2025-07-10,2025,7,12.693277783023232
2025-07-11,2025,7,12.427539889904642
2025-07-14,2025,7,12.429182590982569
2025-07-15,2025,7,12.42583333327862
2025-07-16,2025,7,9.309351767644957
2025-07-17,2025,7,8.742178176694402
2025-07-18,2025,7,8.856643178409849
2025-07-21,2025,7,8.914716335635047
2025-07-22,2025,7,8.800590326181162
2025-07-23,2025,7,7.359840295897034
2025-07-24,2025,7,7.094340590430233
2025-07-25,2025,7,7.005054872655118
2025-07-28,2025,7,6.971718701836831
2025-07-29,2025,7,6.9924302093303625
2025-07-30,2025,7,7.083645685953162
2025-07-31,2025,7,10.223207316473175
2025-08-01,2025,8,10.470812374052684
2025-08-04,2025,8,10.306692893257258
2025-08-05,2025,8,10.225204406613972
2025-08-06,2025,8,10.190104549085149
2025-08-07,2025,8,10.145987709047636
2025-08-08,2025,8,10.21399879353205
2025-08-11,2025,8,10.260483048188746
2025-08-12,2025,8,10.373463038390916
2025-08-13,2025,8,10.499429739129184
2025-08-14,2025,8,10.35985504601576
2025-08-15,2025,8,10.508652649027336
2025-08-18,2025,8,10.59240494038812
2025-08-19,2025,8,10.371430726454784
2025-08-20,2025,8,11.244363136020908
2025-08-21,2025,8,11.144607347530808
2025-08-22,2025,8,13.12872908934309
2025-08-25,2025,8,14.295951747449642
2025-08-26,2025,8,14.664373632400812
2025-08-27,2025,8,15.95903250358915
2025-08-28,2025,8,14.85169773095349
2025-08-29,2025,8,14.445089688450304
2025-09-01,2025,9,14.46293963065701
2025-09-02,2025,9,14.948012241335402
2025-09-03,2025,9,15.704211811458965
2025-09-04,2025,9,17.927882091416418
2025-09-05,2025,9,18.994072802831887
2025-09-08,2025,9,19.04943355943444
2025-09-09,2025,9,19.357087556257767
2025-09-10,2025,9,19.27827557492297
2025-09-11,2025,9,20.917478563112383
2025-09-12,2025,9,21.33477574300474
2025-09-15,2025,9,21.299767822485283
2025-09-16,2025,9,21.161334148467997
2025-09-17,2025,9,20.87282571851349
2025-09-18,2025,9,21.62958579002202
2025-09-19,2025,9,20.21956983079721
2025-09-22,2025,9,19.12603047459358
2025-09-23,2025,9,18.998277026141626
2025-09-24,2025,9,18.27045096701695
2025-09-25,2025,9,17.294129661213628
2025-09-26,2025,9,17.456123254495083
2025-09-29,2025,9,18.34063195216268
2025-09-30,2025,9,18.163163463685358
2025-10-09,2025,10,18.36860427196118
2025-10-10,2025,10,18.317757643585814
2025-10-13,2025,10,17.09412106001026
2025-10-14,2025,10,17.579001435535847
2025-10-15,2025,10,17.876902054669397
2025-10-16,2025,10,17.88186675168098
2025-10-17,2025,10,17.04771819725731
2025-10-20,2025,10,16.82376762680672
2025-10-21,2025,10,17.627493066288356
2025-10-22,2025,10,17.65975604685135
2025-10-23,2025,10,17.54239703080161
2025-10-24,2025,10,17.237960001704973
2025-10-27,2025,10,17.586280226590105
2025-10-28,2025,10,17.77568666710614
2025-10-29,2025,10,18.149305608074872
2025-10-30,2025,10,18.364017693472604
2025-10-31,2025,10,19.062397517622827
2025-11-03,2025,11,18.686340832995977
2025-11-04,2025,11,17.993300647773665
2025-11-05,2025,11,17.97173578652345
2025-11-06,2025,11,17.854153971699745
2025-11-07,2025,11,16.236908003639172
2025-11-10,2025,11,16.056947817168123
2025-11-11,2025,11,15.979230130569649
2025-11-12,2025,11,15.356063887014589
2025-11-13,2025,11,15.680785345993012
2025-11-14,2025,11,14.731219417024043
2025-11-17,2025,11,14.961708894296477
2025-11-18,2025,11,14.125142694598006
2025-11-19,2025,11,14.125020151785566
2025-11-20,2025,11,14.1382549245625
2025-11-21,2025,11,15.638328154101638
2025-11-24,2025,11,14.758714473167233
2025-11-25,2025,11,15.290498847632549
2025-11-26,2025,11,14.64971579807094
2025-11-27,2025,11,14.507921652259393
2025-11-28,2025,11,13.90423378069492
2025-12-01,2025,12,14.571852084908569
2025-12-02,2025,12,14.44765113596979
2025-12-03,2025,12,14.492118537396378
2025-12-04,2025,12,13.340073463019875
2025-12-05,2025,12,13.830882999808706
2025-12-08,2025,12,14.088925463278434
2025-12-09,2025,12,13.838244289324276
2025-12-10,2025,12,13.835656321171705
2025-12-11,2025,12,13.44122355907427
2025-12-12,2025,12,12.695136865867052
2025-12-15,2025,12,12.648223062819891
2025-12-16,2025,12,12.978943948713248
2025-12-17,2025,12,14.392444856552924
2025-12-18,2025,12,14.50061431454836
2025-12-19,2025,12,11.474643946440716
2025-12-22,2025,12,11.724715118971403
2025-12-23,2025,12,11.440722478540124
2025-12-24,2025,12,11.33107505006115
2025-12-25,2025,12,11.299518860059257
2025-12-26,2025,12,11.31886977068545
2025-12-29,2025,12,10.909548067213562
2025-12-30,2025,12,10.73358462030852
2025-12-31,2025,12,10.712432937145596
2026-01-05,2026,1,12.470880497417856
2026-01-06,2026,1,13.16051921208137
2026-01-07,2026,1,13.190377780088753
2026-01-08,2026,1,13.407924105392944
2026-01-09,2026,1,13.39789236667023
2026-01-12,2026,1,13.004818455719189
2026-01-13,2026,1,13.12510189869998
2026-01-14,2026,1,13.15568777297571
2026-01-15,2026,1,12.345891183103642
2026-01-16,2026,1,11.269927395764642
2026-01-19,2026,1,14.474666390087403
2026-01-20,2026,1,14.47057231859172
2026-01-21,2026,1,14.122136645509586
2026-01-22,2026,1,14.102221750076032
2026-01-23,2026,1,14.1283147211131
2026-01-26,2026,1,14.124142235288032
2026-01-27,2026,1,14.032591932380686
2026-01-28,2026,1,14.029022413352788
2026-01-29,2026,1,14.407042715109757
2026-01-30,2026,1,14.958681874371486
2026-02-02,2026,2,15.235920921892776
2026-02-03,2026,2,14.99797070791464
2026-02-04,2026,2,15.56507380668749
2026-02-05,2026,2,15.489144905233038
2026-02-06,2026,2,15.375359749224328
2026-02-09,2026,2,16.603737741721517
2026-02-10,2026,2,16.628725531242154
2026-02-11,2026,2,16.545860966863245
2026-02-12,2026,2,16.523247225822086
2026-02-13,2026,2,16.92144371635383
2026-02-24,2026,2,15.034871449197968
2026-02-25,2026,2,15.218743369685924
2026-02-26,2026,2,15.263113481006718
2026-02-27,2026,2,15.281503116807746
2026-03-02,2026,3,15.201794865997032
2026-03-03,2026,3,15.902195390583207
2026-03-04,2026,3,16.684843690233606
2026-03-05,2026,3,17.046211416453804
2026-03-06,2026,3,16.708850330714466
2026-03-09,2026,3,16.430336964307656
2026-03-10,2026,3,14.624206887467937
2026-03-11,2026,3,13.945788381543569
2026-03-12,2026,3,13.626380132708537
2026-03-13,2026,3,13.518596814965338
2026-03-16,2026,3,13.304148244652165
2026-03-17,2026,3,12.048423030693469
2026-03-18,2026,3,12.123321290514834
2026-03-19,2026,3,12.943752441351494
2026-03-20,2026,3,12.981637280309036
2026-03-23,2026,3,16.54671700833769
2026-03-24,2026,3,16.693676655461196
2026-03-25,2026,3,17.442732531373387
2026-03-26,2026,3,17.81206288929153
2026-03-27,2026,3,17.98837941496842
2026-03-30,2026,3,17.883311234115006
2026-03-31,2026,3,17.60037122881587
2026-04-01,2026,4,18.10163041479346
2026-04-02,2026,4,17.949046375540732
2026-04-03,2026,4,17.987733144815554
2026-04-07,2026,4,17.85358098181935
2026-04-08,2026,4,21.73693400089332
2026-04-09,2026,4,21.67387302881426
2026-04-10,2026,4,22.44578674660806
2026-04-13,2026,4,22.431585943961387
2026-04-14,2026,4,22.907469799949745
2026-04-15,2026,4,22.786116214397687
2026-04-16,2026,4,23.07131549948444
2026-04-17,2026,4,22.454846648032312
2026-04-20,2026,4,22.35458866047771
2026-04-21,2026,4,18.39616579190536
2026-04-22,2026,4,18.24870546386649
2026-04-23,2026,4,17.884806810914117
2026-04-24,2026,4,17.178173860244826
2026-04-27,2026,4,17.208872052744567
2026-04-28,2026,4,17.237918670694114
2026-04-29,2026,4,16.913085317166296
2026-04-30,2026,4,16.33638318533651
2026-05-06,2026,5,15.943166238133944
2026-05-07,2026,5,15.287494489207754
2026-05-08,2026,5,15.540453165525806
2026-05-11,2026,5,11.625504451535814
2026-05-12,2026,5,11.104479639624705
2026-05-13,2026,5,10.61361865671745
2026-05-14,2026,5,12.587444163113148
2026-05-15,2026,5,13.202906971608092
2026-05-18,2026,5,13.298170561575978
2026-05-19,2026,5,12.853317584569352
2026-05-20,2026,5,12.816479530439487
2026-05-21,2026,5,13.677505131877146
2026-05-22,2026,5,14.192352754129049
2026-05-25,2026,5,14.94745233546876
2026-05-26,2026,5,15.023776464545907
2026-05-27,2026,5,15.298863432542824
2026-05-28,2026,5,15.298863432542824
2026-05-29,2026,5,15.276449576061609
2026-06-01,2026,6,15.52449344818498
2026-06-02,2026,6,16.24126581090726
2026-06-03,2026,6,15.71618585057789
2026-06-04,2026,6,15.928236858119451
2026-06-05,2026,6,16.951226477835938
2026-06-08,2026,6,17.307744222836718
2026-06-09,2026,6,18.796130295292222
2026-06-10,2026,6,18.389555445769695
2026-06-11,2026,6,17.850978788299585
2026-06-12,2026,6,18.22674433339094
2026-06-15,2026,6,19.64750156654136
2026-06-16,2026,6,19.6398781975248
2026-06-17,2026,6,19.9141681133152
2026-06-18,2026,6,19.266895895186156
2026-06-22,2026,6,20.24456912952555
2026-06-23,2026,6,22.513843192042767
2026-06-24,2026,6,22.442211028806305
2026-06-25,2026,6,22.937260913321563
2026-06-26,2026,6,25.174901476055112
2026-06-29,2026,6,25.44891025831556
2026-06-30,2026,6,25.375407790094183
2026-07-01,2026,7,25.375407790094183
2026-07-02,2026,7,25.375407790094183
2026-07-03,2026,7,25.375407790094183
2026-07-06,2026,7,25.375407790094183
2026-07-07,2026,7,25.375407790094183
2026-07-08,2026,7,25.375407790094183
2026-07-09,2026,7,25.375407790094183
2026-07-10,2026,7,25.375407790094183
