date,val_score,macro_score,sent_score,trend_score,total_score,market_state
2015-01-05,12.5,12.2,13.01,15.0,52.71,震荡
2015-01-06,12.5,12.2,13.01,13.98,51.69,震荡
2015-01-07,12.5,12.38,13.21,14.26,52.36,震荡
2015-01-08,12.5,12.67,13.21,9.51,47.9,震荡
2015-01-09,12.5,12.68,13.13,8.87,47.19,震荡
2015-01-12,12.5,12.6,14.12,9.11,48.33,震荡
2015-01-13,12.5,12.63,13.96,9.44,48.53,震荡
2015-01-14,12.5,12.43,13.73,9.53,48.2,震荡
2015-01-15,12.5,12.23,13.77,17.56,56.05,震荡
2015-01-16,12.5,12.33,14.93,19.69,59.46,震荡
2015-01-19,12.5,12.04,14.72,0.0,39.26,下行
2015-01-20,12.5,11.9,11.81,0.0,36.21,下行
2015-01-21,12.5,11.93,11.08,13.12,48.63,震荡
2015-01-22,12.5,11.93,10.44,13.72,48.59,震荡
2015-01-23,12.5,11.89,9.97,15.15,49.51,震荡
2015-01-26,12.5,11.94,10.04,17.82,52.3,震荡
2015-01-27,12.5,12.02,12.62,14.8,51.94,震荡
2015-01-28,12.5,12.13,13.16,10.27,48.06,震荡
2015-01-29,12.5,12.37,12.89,7.55,45.32,震荡
2015-01-30,12.5,12.46,12.13,4.46,41.54,下行
2015-02-02,12.5,12.39,11.16,0.0,36.06,下行
2015-02-03,12.5,12.29,10.5,7.03,42.32,下行
2015-02-04,12.5,12.15,10.11,4.85,39.61,下行
2015-02-05,12.5,12.28,10.09,2.4,37.28,下行
2015-02-06,12.5,12.22,10.4,0.0,35.12,下行
2015-02-09,12.5,12.26,11.0,3.33,39.08,下行
2015-02-10,12.5,12.14,11.74,9.72,46.1,震荡
2015-02-11,12.5,12.21,13.21,12.1,50.02,震荡
2015-02-12,12.5,12.03,13.83,14.16,52.52,震荡
2015-02-13,12.5,12.03,13.22,16.97,54.71,震荡
2015-02-16,12.5,11.88,10.09,18.66,53.13,震荡
2015-02-17,12.5,11.98,8.7,20.76,53.94,震荡
2015-02-25,12.5,11.84,5.0,16.39,45.73,震荡
2015-02-26,12.5,12.06,6.75,25.25,56.57,震荡
2015-02-27,12.5,12.13,7.91,24.65,57.18,震荡
2015-03-02,12.5,12.06,11.21,27.12,62.88,震荡偏强
2015-03-03,12.5,12.03,13.58,18.89,57.0,震荡
2015-03-04,12.5,12.2,15.0,21.34,61.05,震荡偏强
2015-03-05,12.5,12.04,15.0,18.63,58.17,震荡
2015-03-06,12.5,12.15,15.0,16.51,56.16,震荡
2015-03-09,12.5,12.16,15.0,21.58,61.24,震荡偏强
2015-03-10,12.5,12.21,15.0,19.04,58.75,震荡
2015-03-11,12.5,12.34,15.0,18.9,58.74,震荡
2015-03-12,12.5,12.14,15.0,23.4,63.04,震荡偏强
2015-03-13,12.5,12.17,15.0,23.77,63.44,震荡偏强
2015-03-16,12.5,12.27,15.0,29.81,69.58,震荡偏强
2015-03-17,12.5,12.52,15.0,30.0,70.02,震荡偏强
2015-03-18,12.5,12.59,14.18,30.0,69.27,震荡偏强
2015-03-19,12.5,12.64,13.96,30.0,69.1,震荡偏强
2015-03-20,12.5,12.56,13.82,30.0,68.89,震荡偏强
2015-03-23,12.5,12.7,15.0,30.0,70.2,震荡偏强
2015-03-24,12.5,12.58,15.0,30.0,70.08,震荡偏强
2015-03-25,12.5,12.53,15.0,30.0,70.03,震荡偏强
2015-03-26,12.5,12.63,15.0,30.0,70.13,震荡偏强
2015-03-27,12.5,12.8,15.0,30.0,70.3,震荡偏强
2015-03-30,12.5,12.81,15.0,30.0,70.31,震荡偏强
2015-03-31,12.5,12.82,15.0,30.0,70.32,震荡偏强
2015-04-01,12.5,13.01,15.0,30.0,70.51,震荡偏强
2015-04-02,12.5,12.75,15.0,30.0,70.26,震荡偏强
2015-04-03,12.5,12.63,15.0,30.0,70.13,震荡偏强
2015-04-07,12.5,12.82,15.0,30.0,70.32,震荡偏强
2015-04-08,12.5,12.93,15.0,30.0,70.43,震荡偏强
2015-04-09,12.5,13.48,15.0,30.0,70.98,震荡偏强
2015-04-10,12.5,13.82,15.0,30.0,71.32,震荡偏强
2015-04-13,12.5,13.7,15.0,30.0,71.2,震荡偏强
2015-04-14,12.5,14.21,15.0,30.0,71.71,震荡偏强
2015-04-15,12.5,14.24,15.0,30.0,71.74,震荡偏强
2015-04-16,12.5,14.24,15.0,30.0,71.74,震荡偏强
2015-04-17,12.5,14.04,15.0,30.0,71.54,震荡偏强
2015-04-20,12.5,13.66,14.96,30.0,71.12,震荡偏强
2015-04-21,12.5,13.45,12.66,30.0,68.61,震荡偏强
2015-04-22,12.5,13.49,11.82,30.0,67.81,震荡偏强
2015-04-23,12.5,13.39,11.81,30.0,67.7,震荡偏强
2015-04-24,12.5,13.36,11.88,30.0,67.73,震荡偏强
2015-04-27,12.5,13.62,13.2,30.0,69.31,震荡偏强
2015-04-28,12.5,13.69,15.0,30.0,71.19,震荡偏强
2015-04-29,12.5,13.67,14.81,30.0,70.98,震荡偏强
2015-04-30,12.5,13.84,14.17,30.0,70.51,震荡偏强
2015-05-04,12.5,13.89,13.42,30.0,69.81,震荡偏强
2015-05-05,12.5,14.13,14.3,17.7,58.62,震荡
2015-05-06,12.5,14.2,13.36,13.52,53.58,震荡
2015-05-07,12.5,14.65,14.08,7.7,48.93,震荡
2015-05-08,12.5,14.7,13.9,11.28,52.39,震荡
2015-05-11,12.5,14.39,12.3,19.9,59.08,震荡
2015-05-12,12.5,14.64,11.26,22.33,60.74,震荡偏强
2015-05-13,12.5,15.28,11.44,18.56,57.77,震荡
2015-05-14,12.5,15.78,11.34,16.85,56.48,震荡
2015-05-15,12.5,16.25,11.5,11.05,51.3,震荡
2015-05-18,12.5,16.73,12.89,8.97,51.09,震荡
2015-05-19,12.5,16.62,13.45,18.39,60.96,震荡偏强
2015-05-20,12.5,16.22,14.25,19.32,62.29,震荡偏强
2015-05-21,12.5,16.44,14.71,25.16,68.81,震荡偏强
2015-05-22,12.5,16.44,15.0,30.0,73.94,震荡偏强
2015-05-25,12.5,16.6,14.44,30.0,73.54,震荡偏强
2015-05-26,12.5,17.14,14.0,30.0,73.64,震荡偏强
2015-05-27,12.5,17.88,13.45,30.0,73.82,震荡偏强
2015-05-28,12.5,17.88,12.58,19.25,62.21,震荡偏强
2015-05-29,12.5,17.88,12.12,19.19,61.68,震荡偏强
2015-06-01,12.5,17.88,12.83,30.0,73.2,震荡偏强
2015-06-02,12.5,17.88,13.68,30.0,74.06,震荡偏强
2015-06-03,12.5,17.88,14.16,30.0,74.53,震荡偏强
2015-06-04,12.5,17.88,14.49,30.0,74.87,震荡偏强
2015-06-05,12.5,17.88,14.65,30.0,75.03,上行
2015-06-08,12.5,17.88,14.3,30.0,74.68,震荡偏强
2015-06-09,12.5,17.88,13.16,30.0,73.53,震荡偏强
2015-06-10,12.5,17.88,12.25,30.0,72.62,震荡偏强
2015-06-11,12.5,17.88,12.0,29.98,72.36,震荡偏强
2015-06-12,12.5,17.88,11.97,30.0,72.35,震荡偏强
2015-06-15,12.5,18.25,12.81,20.66,64.22,震荡偏强
2015-06-16,12.5,18.25,13.03,11.67,55.45,震荡
2015-06-17,12.5,18.25,12.79,14.98,58.52,震荡
2015-06-18,12.5,18.25,12.77,2.96,46.48,震荡
2015-06-19,12.5,18.25,12.61,0.0,43.36,下行
2015-06-23,12.5,18.25,11.61,0.0,42.36,下行
2015-06-24,12.5,18.25,10.5,3.41,44.66,下行
2015-06-25,12.5,18.25,8.47,0.0,39.22,下行
2015-06-26,12.5,18.25,6.74,0.0,37.49,下行
2015-06-29,12.5,18.25,5.0,0.0,35.75,下行
2015-06-30,12.5,18.25,5.0,0.0,35.75,下行
2015-07-01,12.5,18.25,5.0,0.0,35.75,下行
2015-07-02,12.5,18.25,5.0,0.0,35.75,下行
2015-07-03,12.5,18.25,5.0,0.0,35.75,下行
2015-07-06,12.5,18.25,5.0,0.0,35.75,下行
2015-07-07,12.5,18.25,5.0,0.0,35.75,下行
2015-07-08,12.5,18.25,5.0,0.0,35.75,下行
2015-07-09,12.5,17.43,5.0,0.0,34.93,下行
2015-07-10,12.5,17.55,5.0,0.0,35.05,下行
2015-07-13,12.5,17.58,5.0,3.8,38.87,下行
2015-07-14,12.5,17.31,5.0,1.65,36.46,下行
2015-07-15,12.5,17.49,5.0,0.0,34.99,下行
2015-07-16,12.5,17.63,7.53,0.62,38.28,下行
2015-07-17,12.5,17.4,8.67,14.73,53.3,震荡
2015-07-20,12.5,17.33,9.13,15.36,54.31,震荡
2015-07-21,12.5,17.22,9.11,19.23,58.07,震荡
2015-07-22,12.5,17.51,9.61,20.27,59.89,震荡
2015-07-23,12.5,17.48,11.21,30.0,71.19,震荡偏强
2015-07-24,12.5,17.5,12.64,23.95,66.59,震荡偏强
2015-07-27,12.5,17.41,12.06,0.0,41.97,下行
2015-07-28,12.5,17.51,10.21,0.32,40.54,下行
2015-07-29,12.5,17.41,6.25,11.54,47.71,震荡
2015-07-30,12.5,17.56,5.31,2.27,37.65,下行
2015-07-31,12.5,17.46,5.0,2.51,37.47,下行
2015-08-03,12.5,17.61,5.0,3.21,38.32,下行
2015-08-04,12.5,17.39,5.0,14.07,48.96,震荡
2015-08-05,12.5,17.36,5.0,5.78,40.64,下行
2015-08-06,12.5,17.55,5.64,2.36,38.06,下行
2015-08-07,12.5,17.6,5.45,9.16,44.71,下行
2015-08-10,12.5,17.65,8.41,24.0,62.55,震荡偏强
2015-08-11,12.5,17.77,13.33,20.56,64.16,震荡偏强
2015-08-12,12.5,16.92,13.15,17.01,59.58,震荡
2015-08-13,12.5,16.8,13.53,20.81,63.64,震荡偏强
2015-08-14,12.5,16.79,14.88,20.44,64.61,震荡偏强
2015-08-17,12.5,16.72,14.6,21.26,65.09,震荡偏强
2015-08-18,12.5,16.98,13.9,1.62,45.0,下行
2015-08-19,12.5,16.92,11.33,9.24,49.99,震荡
2015-08-20,12.5,16.98,10.47,3.5,43.45,下行
2015-08-21,12.5,16.88,8.88,0.0,38.26,下行
2015-08-24,12.5,16.83,6.29,0.0,35.63,下行
2015-08-25,12.5,16.54,5.0,0.0,34.04,下行
2015-08-26,12.5,16.43,5.0,0.0,33.93,下行
2015-08-27,12.5,16.33,5.0,0.0,33.83,下行
2015-08-28,12.5,16.05,5.0,0.0,33.55,下行
2015-08-31,12.5,15.98,5.0,0.0,33.48,下行
2015-09-01,12.5,15.62,5.0,0.0,33.12,下行
2015-09-02,12.5,15.37,5.0,0.0,32.87,下行
2015-09-07,12.5,15.37,5.0,0.0,32.87,下行
2015-09-08,12.5,15.51,5.0,0.0,33.01,下行
2015-09-09,12.5,15.59,5.0,2.27,35.36,下行
2015-09-10,12.5,15.49,5.0,0.02,33.02,下行
2015-09-11,12.5,15.46,7.25,3.32,38.53,下行
2015-09-14,12.5,15.52,12.35,0.0,40.37,下行
2015-09-15,12.5,15.37,7.75,0.0,35.62,下行
2015-09-16,12.5,14.05,5.85,10.29,42.68,下行
2015-09-17,12.5,14.03,5.0,6.9,38.43,下行
2015-09-18,12.5,14.1,5.32,9.59,41.51,下行
2015-09-21,12.5,13.99,5.35,17.13,48.97,震荡
2015-09-22,12.5,13.95,8.37,20.68,55.5,震荡
2015-09-23,12.5,14.03,10.62,13.49,50.64,震荡
2015-09-24,12.5,13.87,10.19,14.53,51.08,震荡
2015-09-25,12.5,13.83,9.88,7.25,43.45,下行
2015-09-28,12.5,13.81,8.77,8.94,44.02,下行
2015-09-29,12.5,13.62,8.71,4.14,38.97,下行
2015-09-30,12.5,13.34,7.84,6.89,40.58,下行
2015-10-08,12.5,13.47,6.47,17.61,50.05,震荡
2015-10-09,12.5,13.59,8.11,21.39,55.59,震荡
2015-10-12,12.5,13.1,9.59,30.0,65.19,震荡偏强
2015-10-13,12.5,13.08,12.08,30.0,67.65,震荡偏强
2015-10-14,12.5,12.85,13.4,26.75,65.5,震荡偏强
2015-10-15,12.5,12.48,15.0,30.0,69.98,震荡偏强
2015-10-16,12.5,12.98,15.0,30.0,70.48,震荡偏强
2015-10-19,12.5,12.95,15.0,30.0,70.45,震荡偏强
2015-10-20,12.5,13.03,13.92,30.0,69.45,震荡偏强
2015-10-21,12.5,12.69,14.59,26.8,66.58,震荡偏强
2015-10-22,12.5,13.09,13.15,29.42,68.16,震荡偏强
2015-10-23,12.5,13.05,13.32,30.0,68.87,震荡偏强
2015-10-26,12.5,12.95,13.89,30.0,69.34,震荡偏强
2015-10-27,12.5,12.95,13.94,30.0,69.39,震荡偏强
2015-10-28,12.5,12.96,13.47,24.46,63.38,震荡偏强
2015-10-29,12.5,12.97,14.08,23.7,63.25,震荡偏强
2015-10-30,12.5,13.46,13.38,22.28,61.62,震荡偏强
2015-11-02,12.5,13.5,12.23,16.0,54.23,震荡
2015-11-03,12.5,13.36,10.65,12.43,48.94,震荡
2015-11-04,12.5,13.39,10.12,28.13,64.13,震荡偏强
2015-11-05,12.5,13.6,12.34,30.0,68.44,震荡偏强
2015-11-06,12.5,13.45,13.42,30.0,69.37,震荡偏强
2015-11-09,12.5,13.46,14.91,30.0,70.87,震荡偏强
2015-11-10,12.5,13.56,15.0,30.0,71.06,震荡偏强
2015-11-11,12.5,13.44,15.0,30.0,70.94,震荡偏强
2015-11-12,12.5,12.92,15.0,28.78,69.2,震荡偏强
2015-11-13,12.5,13.07,15.0,24.88,65.45,震荡偏强
2015-11-16,12.5,12.95,15.0,25.67,66.12,震荡偏强
2015-11-17,12.5,12.91,15.0,23.8,64.21,震荡偏强
2015-11-18,12.5,12.85,15.0,20.09,60.44,震荡偏强
2015-11-19,12.5,12.91,13.96,23.59,62.97,震荡偏强
2015-11-20,12.5,12.81,13.95,21.92,61.19,震荡偏强
2015-11-23,12.5,12.79,14.69,19.73,59.71,震荡
2015-11-24,12.5,12.78,13.23,19.29,57.8,震荡
2015-11-25,12.5,12.74,11.88,20.1,57.23,震荡
2015-11-26,12.5,12.49,11.97,17.75,54.71,震荡
2015-11-27,12.5,12.26,10.67,1.31,36.74,下行
2015-11-30,12.5,12.4,7.97,1.07,33.94,下行
2015-12-01,12.5,12.25,8.19,2.76,35.7,下行
2015-12-02,12.5,12.5,8.19,14.77,47.96,震荡
2015-12-03,12.5,12.51,7.68,15.26,47.95,震荡
2015-12-04,12.5,12.72,7.34,10.07,42.63,下行
2015-12-07,12.5,12.78,7.49,11.33,44.1,下行
2015-12-08,12.5,12.78,7.51,7.68,40.47,下行
2015-12-09,12.5,12.72,6.7,8.84,40.76,下行
2015-12-10,12.5,12.72,6.92,8.92,41.06,下行
2015-12-11,12.5,12.78,7.23,8.04,40.54,下行
2015-12-14,12.5,12.05,8.88,17.21,50.65,震荡
2015-12-15,12.5,12.2,10.17,14.63,49.5,震荡
2015-12-16,12.5,12.09,11.11,14.88,50.58,震荡
2015-12-17,12.5,12.15,11.51,20.61,56.76,震荡
2015-12-18,12.5,12.17,11.62,21.74,58.02,震荡
2015-12-21,12.5,12.04,11.73,29.28,65.55,震荡偏强
2015-12-22,12.5,12.04,11.33,29.19,65.06,震荡偏强
2015-12-23,12.5,12.06,11.88,28.41,64.86,震荡偏强
2015-12-24,12.5,11.9,12.64,24.4,61.45,震荡偏强
2015-12-25,12.5,11.71,13.18,24.82,62.2,震荡偏强
2015-12-28,12.5,11.8,13.11,14.84,52.25,震荡
2015-12-29,12.5,11.8,10.47,16.91,51.67,震荡
2015-12-30,12.5,11.96,9.68,16.76,50.89,震荡
2015-12-31,12.5,12.04,8.81,14.16,47.5,震荡
2016-01-04,12.5,11.98,6.96,0.0,31.44,下行
2016-01-05,12.5,12.07,5.94,0.0,30.52,下行
2016-01-06,12.5,11.98,5.86,0.53,30.87,下行
2016-01-07,12.5,11.88,5.34,0.0,29.73,极寒
2016-01-08,12.5,11.72,5.0,0.0,29.22,极寒
2016-01-11,12.5,11.71,5.0,0.0,29.21,极寒
2016-01-12,12.5,11.67,5.0,0.0,29.17,极寒
2016-01-13,25.0,12.04,5.0,0.0,42.04,下行
2016-01-14,25.0,11.83,5.0,0.0,41.83,下行
2016-01-15,25.0,12.02,5.0,0.0,42.02,下行
2016-01-18,25.0,11.79,5.0,0.0,41.79,下行
2016-01-19,25.0,12.03,5.0,0.0,42.03,下行
2016-01-20,25.0,12.11,5.47,0.0,42.58,下行
2016-01-21,25.0,11.99,6.84,0.0,43.83,下行
2016-01-22,25.0,11.86,6.96,0.0,43.82,下行
2016-01-25,25.0,11.92,8.15,0.0,45.07,震荡
2016-01-26,25.0,12.23,7.83,0.0,45.07,震荡
2016-01-27,25.0,12.28,5.53,0.0,42.81,下行
2016-01-28,25.0,12.44,5.0,0.0,42.44,下行
2016-01-29,25.0,12.29,5.0,0.0,42.29,下行
2016-02-01,25.0,12.14,5.0,0.0,42.14,下行
2016-02-02,25.0,12.4,5.0,0.0,42.4,下行
2016-02-03,25.0,12.61,5.0,0.0,42.61,下行
2016-02-04,25.0,12.67,6.02,4.46,48.15,震荡
2016-02-05,25.0,12.56,7.26,3.2,48.02,震荡
2016-02-15,25.0,12.51,5.88,3.5,46.89,震荡
2016-02-16,25.0,12.23,7.28,12.79,57.3,震荡
2016-02-17,25.0,12.16,7.88,16.63,61.66,震荡偏强
2016-02-18,25.0,12.45,8.63,17.31,63.39,震荡偏强
2016-02-19,25.0,12.51,9.38,17.16,64.05,震荡偏强
2016-02-22,25.0,11.39,11.39,23.76,71.54,震荡偏强
2016-02-23,25.0,11.34,11.4,22.3,70.03,震荡偏强
2016-02-24,25.0,11.41,10.69,24.93,72.03,震荡偏强
2016-02-25,25.0,11.64,10.77,5.99,53.4,震荡
2016-02-26,25.0,11.57,8.94,9.66,55.17,震荡
2016-02-29,25.0,11.44,8.4,3.97,48.8,震荡
2016-03-01,25.0,11.48,6.12,9.54,52.15,震荡
2016-03-02,25.0,11.68,5.87,22.06,64.62,震荡偏强
2016-03-03,25.0,11.91,6.11,20.37,63.39,震荡偏强
2016-03-04,25.0,12.08,7.83,23.31,68.23,震荡偏强
2016-03-07,25.0,12.3,6.99,24.65,68.94,震荡偏强
2016-03-08,25.0,12.43,9.42,22.88,69.73,震荡偏强
2016-03-09,25.0,12.43,9.49,17.8,64.72,震荡偏强
2016-03-10,25.0,12.09,8.49,13.62,59.2,震荡
2016-03-11,25.0,11.94,7.96,12.79,57.68,震荡
2016-03-14,25.0,11.95,9.08,18.61,64.64,震荡偏强
2016-03-15,25.0,12.51,9.39,17.46,64.37,震荡偏强
2016-03-16,25.0,12.54,8.99,19.34,65.87,震荡偏强
2016-03-17,25.0,12.52,8.51,23.9,69.93,震荡偏强
2016-03-18,25.0,12.65,10.06,27.6,75.32,上行
2016-03-21,25.0,11.36,11.4,30.0,77.76,上行
2016-03-22,25.0,11.22,12.68,30.0,78.91,上行
2016-03-23,25.0,11.05,13.89,30.0,79.94,上行
2016-03-24,25.0,11.38,15.0,24.65,76.03,上行
2016-03-25,25.0,11.39,14.22,24.65,75.26,上行
2016-03-28,25.0,11.56,13.36,20.3,70.22,震荡偏强
2016-03-29,25.0,11.59,11.33,16.76,64.68,震荡偏强
2016-03-30,25.0,11.46,10.64,24.22,71.33,震荡偏强
2016-03-31,25.0,11.48,10.53,22.82,69.82,震荡偏强
2016-04-01,25.0,11.46,10.67,23.09,70.23,震荡偏强
2016-04-05,25.0,11.42,9.8,25.33,71.55,震荡偏强
2016-04-06,25.0,11.59,11.09,24.01,71.69,震荡偏强
2016-04-07,25.0,11.47,11.59,19.44,67.5,震荡偏强
2016-04-08,25.0,11.5,11.01,16.05,63.56,震荡偏强
2016-04-11,25.0,11.43,10.42,18.35,65.19,震荡偏强
2016-04-12,25.0,11.32,11.8,17.29,65.4,震荡偏强
2016-04-13,25.0,15.69,9.95,20.21,70.86,震荡偏强
2016-04-14,25.0,15.55,10.57,20.45,71.56,震荡偏强
2016-04-15,25.0,15.55,10.96,20.06,71.58,震荡偏强
2016-04-18,25.0,15.4,11.05,15.53,66.97,震荡偏强
2016-04-19,25.0,15.46,10.28,15.98,66.72,震荡偏强
2016-04-20,25.0,15.52,10.79,10.98,62.29,震荡偏强
2016-04-21,25.0,15.51,8.38,9.9,58.79,震荡
2016-04-22,25.0,15.44,7.65,11.24,59.34,震荡
2016-04-25,25.0,15.3,7.57,10.44,58.32,震荡
2016-04-26,25.0,14.76,7.56,12.05,59.37,震荡
2016-04-27,25.0,14.8,7.36,10.51,57.67,震荡
2016-04-28,25.0,14.96,8.56,10.59,59.11,震荡
2016-04-29,25.0,14.83,8.91,10.48,59.22,震荡
2016-05-03,25.0,14.6,8.54,16.23,64.37,震荡偏强
2016-05-04,25.0,14.84,9.71,15.33,64.89,震荡偏强
2016-05-05,25.0,14.53,9.94,15.54,65.01,震荡偏强
2016-05-06,25.0,14.39,10.48,9.03,58.9,震荡
2016-05-09,25.0,14.31,9.24,3.53,52.08,震荡
2016-05-10,25.0,14.17,9.42,3.93,52.52,震荡
2016-05-11,25.0,14.56,7.74,5.68,52.98,震荡
2016-05-12,25.0,14.76,7.06,7.48,54.3,震荡
2016-05-13,25.0,14.96,6.42,7.3,53.69,震荡
2016-05-16,25.0,15.07,7.09,9.28,56.44,震荡
2016-05-17,25.0,14.66,7.93,9.45,57.03,震荡
2016-05-18,25.0,14.7,8.45,8.3,56.45,震荡
2016-05-19,25.0,14.68,8.2,8.24,56.12,震荡
2016-05-20,25.0,14.66,8.62,10.53,58.82,震荡
2016-05-23,25.0,14.69,8.99,11.42,60.1,震荡偏强
2016-05-24,25.0,14.78,8.82,10.04,58.64,震荡
2016-05-25,25.0,14.49,9.0,10.39,58.89,震荡
2016-05-26,25.0,14.55,9.67,10.87,60.08,震荡偏强
2016-05-27,25.0,14.48,9.6,11.52,60.6,震荡偏强
2016-05-30,25.0,14.42,9.47,12.15,61.04,震荡偏强
2016-05-31,25.0,14.59,9.28,22.75,71.62,震荡偏强
2016-06-01,25.0,14.68,10.27,21.71,71.67,震荡偏强
2016-06-02,25.0,14.52,10.79,22.21,72.52,震荡偏强
2016-06-03,25.0,14.4,11.44,25.47,76.3,上行
2016-06-06,25.0,14.26,11.66,23.06,73.97,震荡偏强
2016-06-07,25.0,14.21,12.21,22.48,73.9,震荡偏强
2016-06-08,25.0,14.27,11.37,21.6,72.24,震荡偏强
2016-06-13,25.0,14.22,10.61,11.62,61.45,震荡偏强
2016-06-14,25.0,14.16,9.48,12.84,61.47,震荡偏强
2016-06-15,25.0,14.02,9.44,16.61,65.07,震荡偏强
2016-06-16,25.0,14.02,10.03,14.66,63.71,震荡偏强
2016-06-17,25.0,14.0,9.76,15.64,64.4,震荡偏强
2016-06-20,25.0,13.97,9.9,15.43,64.31,震荡偏强
2016-06-21,25.0,13.93,10.62,14.58,64.13,震荡偏强
2016-06-22,25.0,13.89,10.68,16.16,65.73,震荡偏强
2016-06-23,25.0,13.98,10.06,14.91,63.96,震荡偏强
2016-06-24,25.0,14.03,10.1,11.6,60.73,震荡偏强
2016-06-27,25.0,13.66,10.13,15.02,63.8,震荡偏强
2016-06-28,25.0,13.4,10.77,16.16,65.33,震荡偏强
2016-06-29,25.0,13.54,11.37,17.05,66.96,震荡偏强
2016-06-30,25.0,13.5,11.51,17.57,67.58,震荡偏强
2016-07-01,25.0,13.57,11.68,17.27,67.52,震荡偏强
2016-07-04,22.23,13.57,11.62,22.09,69.51,震荡偏强
2016-07-05,21.87,13.78,11.77,22.74,70.15,震荡偏强
2016-07-06,21.42,14.04,11.74,23.98,71.18,震荡偏强
2016-07-07,21.65,14.0,11.64,24.06,71.35,震荡偏强
2016-07-08,23.56,13.84,11.94,22.65,72.0,震荡偏强
2016-07-11,22.27,13.85,11.79,22.6,70.52,震荡偏强
2016-07-12,18.88,13.98,10.99,29.23,73.08,震荡偏强
2016-07-13,18.62,14.02,11.16,28.9,72.7,震荡偏强
2016-07-14,18.93,13.86,11.02,27.37,71.19,震荡偏强
2016-07-15,18.58,13.59,10.77,26.74,69.68,震荡偏强
2016-07-18,18.98,13.41,11.01,24.68,68.08,震荡偏强
2016-07-19,19.38,13.53,11.28,22.21,66.39,震荡偏强
2016-07-20,20.02,13.44,11.25,20.81,65.53,震荡偏强
2016-07-21,19.26,13.47,11.15,21.61,65.49,震荡偏强
2016-07-22,20.39,13.58,11.07,18.03,63.07,震荡偏强
2016-07-25,19.64,13.57,10.95,17.24,61.4,震荡偏强
2016-07-26,17.74,13.64,10.68,20.3,62.35,震荡偏强
2016-07-27,19.84,13.53,10.36,14.22,57.96,震荡
2016-07-28,20.15,13.69,8.93,14.57,57.34,震荡
2016-07-29,20.13,13.67,8.4,13.13,55.32,震荡
2016-08-01,20.84,13.59,8.13,10.58,53.14,震荡
2016-08-02,20.01,13.67,7.49,11.24,52.41,震荡
2016-08-03,19.43,13.61,7.18,11.59,51.81,震荡
2016-08-04,19.09,13.76,8.48,12.46,53.78,震荡
2016-08-05,19.07,13.96,9.11,13.49,55.63,震荡
2016-08-08,17.46,13.92,9.35,15.71,56.44,震荡
2016-08-09,16.41,13.86,10.16,17.14,57.57,震荡
2016-08-10,16.71,13.72,10.6,16.37,57.4,震荡
2016-08-11,16.7,13.69,11.01,16.13,57.53,震荡
2016-08-12,14.87,13.39,10.86,21.33,60.45,震荡偏强
2016-08-15,10.92,13.19,10.91,29.73,64.75,震荡偏强
2016-08-16,12.42,13.15,11.82,28.14,65.53,震荡偏强
2016-08-17,12.66,13.57,12.6,26.74,65.56,震荡偏强
2016-08-18,13.44,13.72,12.55,25.72,65.43,震荡偏强
2016-08-19,12.97,13.71,12.99,24.68,64.36,震荡偏强
2016-08-22,14.37,13.73,13.28,21.95,63.33,震荡偏强
2016-08-23,13.43,13.48,12.15,21.76,60.82,震荡偏强
2016-08-24,14.59,13.76,11.09,19.91,59.35,震荡
2016-08-25,14.74,13.8,10.86,17.82,57.23,震荡
2016-08-26,13.27,13.55,10.39,16.98,54.19,震荡
2016-08-29,11.88,13.3,10.16,16.28,51.62,震荡
2016-08-30,11.73,13.4,10.23,16.91,52.27,震荡
2016-08-31,11.04,13.78,10.19,17.48,52.5,震荡
2016-09-01,12.35,13.81,10.27,13.81,50.24,震荡
2016-09-02,11.59,13.73,10.19,14.67,50.18,震荡
2016-09-05,11.44,13.66,10.05,14.91,50.05,震荡
2016-09-06,10.68,13.7,9.84,17.04,51.26,震荡
2016-09-07,10.68,13.67,10.52,16.72,51.59,震荡
2016-09-08,10.69,13.91,10.31,15.78,50.69,震荡
2016-09-09,12.12,13.74,10.53,14.12,50.51,震荡
2016-09-12,15.73,15.48,10.53,8.76,50.5,震荡
2016-09-13,15.95,15.42,10.11,9.28,50.76,震荡
2016-09-14,16.91,15.35,9.27,8.08,49.61,震荡
2016-09-19,16.3,15.31,8.53,10.41,50.56,震荡
2016-09-20,16.52,15.35,8.69,10.52,51.08,震荡
2016-09-21,16.21,15.4,9.16,11.98,52.75,震荡
2016-09-22,14.87,15.42,9.61,14.16,54.07,震荡
2016-09-23,15.23,15.53,9.59,13.64,54.0,震荡
2016-09-26,17.66,15.52,9.85,8.99,52.02,震荡
2016-09-27,16.99,15.41,9.47,10.78,52.64,震荡
2016-09-28,17.49,15.36,9.3,10.61,52.76,震荡
2016-09-29,16.74,15.48,9.01,12.24,53.47,震荡
2016-09-30,16.44,15.42,8.86,13.43,54.15,震荡
2016-10-10,14.03,15.43,7.76,16.81,54.04,震荡
2016-10-11,12.94,15.16,8.96,17.53,54.58,震荡
2016-10-12,13.88,15.21,9.59,16.88,55.56,震荡
2016-10-13,13.87,15.36,10.28,17.08,56.59,震荡
2016-10-14,13.37,15.37,10.97,18.14,57.86,震荡
2016-10-17,15.38,15.39,12.5,15.63,58.91,震荡
2016-10-18,11.21,15.28,11.58,19.43,57.49,震荡
2016-10-19,11.5,15.54,11.66,18.97,57.67,震荡
2016-10-20,11.14,15.4,11.34,18.26,56.14,震荡
2016-10-21,10.07,15.35,11.13,19.36,55.91,震荡
2016-10-24,6.95,15.2,10.97,22.51,55.64,震荡
2016-10-25,7.88,15.18,11.46,21.21,55.74,震荡
2016-10-26,9.03,15.45,11.22,19.92,55.63,震荡
2016-10-27,10.31,15.45,11.29,19.21,56.26,震荡
2016-10-28,14.76,15.33,11.3,18.48,59.87,震荡
2016-10-31,16.86,15.37,10.84,17.36,60.43,震荡偏强
2016-11-01,15.24,15.61,10.31,18.71,59.87,震荡
2016-11-02,17.47,15.46,10.25,16.23,59.42,震荡
2016-11-03,15.09,15.55,9.93,18.06,58.63,震荡
2016-11-04,15.92,15.72,10.53,16.69,58.86,震荡
2016-11-07,15.56,15.78,11.01,16.73,59.08,震荡
2016-11-08,14.31,15.81,11.12,18.04,59.28,震荡
2016-11-09,16.03,15.9,10.94,16.64,59.51,震荡
2016-11-10,11.88,15.91,11.4,19.32,58.5,震荡
2016-11-11,9.67,16.09,11.28,21.46,58.49,震荡
2016-11-14,8.16,16.15,11.51,21.24,57.06,震荡
2016-11-15,8.65,16.51,12.1,20.43,57.69,震荡
2016-11-16,8.66,16.24,12.46,20.05,57.4,震荡
2016-11-17,8.06,16.42,12.46,20.22,57.16,震荡
2016-11-18,10.38,16.52,11.88,18.78,57.56,震荡
2016-11-21,6.85,19.2,11.63,19.89,57.57,震荡
2016-11-22,5.23,19.14,11.41,22.46,58.24,震荡
2016-11-23,4.91,19.22,11.57,22.43,58.13,震荡
2016-11-24,4.45,19.05,11.15,22.68,57.33,震荡
2016-11-25,3.79,18.98,11.15,25.24,59.17,震荡
2016-11-28,3.21,18.85,11.29,25.7,59.05,震荡
2016-11-29,2.22,18.78,11.48,27.16,59.65,震荡
2016-11-30,3.85,18.78,11.11,23.43,57.17,震荡
2016-12-01,2.66,18.84,11.67,25.41,58.58,震荡
2016-12-02,3.69,18.88,11.35,21.19,55.11,震荡
2016-12-05,4.97,18.74,10.97,14.6,49.28,震荡
2016-12-06,5.98,18.97,9.94,13.74,48.63,震荡
2016-12-07,5.27,19.48,9.63,14.62,49.0,震荡
2016-12-08,5.61,19.22,9.28,14.94,49.05,震荡
2016-12-09,4.11,18.67,9.5,16.32,48.6,震荡
2016-12-12,4.19,18.31,9.66,8.45,40.61,下行
2016-12-13,4.54,20.63,8.62,8.13,41.92,下行
2016-12-14,5.87,20.7,8.44,6.3,41.32,下行
2016-12-15,10.47,20.39,8.32,3.39,42.57,下行
2016-12-16,9.95,20.05,8.6,3.74,42.35,下行
2016-12-19,11.33,19.1,8.54,3.34,42.31,下行
2016-12-20,13.67,19.09,9.66,1.91,44.33,下行
2016-12-21,9.38,19.0,9.96,5.65,43.98,下行
2016-12-22,9.06,19.02,9.93,5.78,43.8,下行
2016-12-23,12.24,18.46,9.52,4.38,44.61,下行
2016-12-26,10.5,19.0,9.34,6.36,45.2,震荡
2016-12-27,12.31,18.91,9.58,7.02,47.82,震荡
2016-12-28,13.66,19.35,9.52,6.48,49.01,震荡
2016-12-29,13.85,19.06,9.53,7.83,50.28,震荡
2016-12-30,12.18,19.16,9.58,9.09,50.01,震荡
2017-01-03,7.9,19.26,9.29,12.95,49.39,震荡
2017-01-04,6.12,19.38,9.14,15.97,50.61,震荡
2017-01-05,6.07,19.8,8.96,15.84,50.67,震荡
2017-01-06,6.34,19.84,8.77,15.44,50.39,震荡
2017-01-09,5.34,19.81,8.47,17.1,50.72,震荡
2017-01-10,6.11,19.75,9.36,16.54,51.76,震荡
2017-01-11,7.07,19.96,9.19,14.65,50.86,震荡
2017-01-12,8.34,19.99,9.09,13.43,50.84,震荡
2017-01-13,7.03,18.88,9.02,14.05,48.97,震荡
2017-01-16,6.16,19.07,8.65,13.8,47.68,震荡
2017-01-17,6.05,19.68,6.75,14.28,46.76,震荡
2017-01-18,4.75,19.51,6.74,16.06,47.06,震荡
2017-01-19,5.95,19.67,6.62,15.05,47.29,震荡
2017-01-20,3.54,19.5,6.62,17.51,47.17,震荡
2017-01-23,3.37,19.53,6.94,12.74,42.58,下行
2017-01-24,3.08,19.46,8.53,12.98,44.04,下行
2017-01-25,2.6,19.71,8.21,13.85,44.37,下行
2017-01-26,1.69,19.98,8.15,14.94,44.77,下行
2017-02-03,2.88,19.9,6.87,13.12,42.78,下行
2017-02-06,2.53,20.06,7.83,12.99,43.42,下行
2017-02-07,2.98,20.04,8.66,12.62,44.3,下行
2017-02-08,2.45,19.68,9.21,14.85,46.19,震荡
2017-02-09,1.19,19.57,9.95,16.02,46.72,震荡
2017-02-10,0.72,19.34,11.95,17.59,49.6,震荡
2017-02-13,0.0,19.47,11.2,19.14,49.81,震荡
2017-02-14,0.0,19.42,11.25,19.39,50.05,震荡
2017-02-15,0.0,19.31,11.39,18.16,48.86,震荡
2017-02-16,0.0,19.47,11.33,19.18,49.98,震荡
2017-02-17,0.71,19.23,11.25,17.21,48.4,震荡
2017-02-20,0.0,19.19,11.28,21.7,52.17,震荡
2017-02-21,0.0,18.69,11.22,21.34,51.26,震荡
2017-02-22,0.0,18.98,11.18,21.83,51.99,震荡
2017-02-23,0.0,19.01,11.1,20.14,50.24,震荡
2017-02-24,0.0,19.02,11.09,19.64,49.75,震荡
2017-02-27,0.0,18.93,11.22,16.92,47.07,震荡
2017-02-28,0.0,18.78,10.97,16.99,46.75,震荡
2017-03-01,0.0,18.77,11.07,17.01,46.85,震荡
2017-03-02,1.03,18.96,10.97,15.74,46.71,震荡
2017-03-03,1.65,18.95,10.74,14.35,45.69,震荡
2017-03-06,1.25,18.86,10.47,15.51,46.09,震荡
2017-03-07,0.39,18.99,10.55,15.57,45.5,震荡
2017-03-08,0.77,18.84,10.36,15.63,45.6,震荡
2017-03-09,2.38,18.98,10.29,12.82,44.47,下行
2017-03-10,2.51,19.06,10.1,13.04,44.72,下行
2017-03-13,0.3,19.15,5.0,16.14,40.6,下行
2017-03-14,0.0,19.23,5.0,15.38,39.61,下行
2017-03-15,0.0,18.87,10.01,15.75,44.64,下行
2017-03-16,0.0,18.75,10.06,17.4,46.21,震荡
2017-03-17,1.79,19.53,10.78,13.92,46.02,震荡
2017-03-20,1.81,19.49,5.0,14.24,40.55,下行
2017-03-21,0.0,19.64,15.0,16.37,51.01,震荡
2017-03-22,2.37,19.23,11.24,14.97,47.81,震荡
2017-03-23,1.87,19.18,11.31,15.9,48.26,震荡
2017-03-24,0.0,19.05,10.62,18.67,48.34,震荡
2017-03-27,2.2,18.83,10.98,17.13,49.14,震荡
2017-03-28,3.31,18.76,10.84,16.59,49.5,震荡
2017-03-29,3.44,18.99,10.75,15.92,49.1,震荡
2017-03-30,5.12,19.03,10.57,13.09,47.81,震荡
2017-03-31,2.85,19.27,10.33,15.13,47.57,震荡
2017-04-05,0.0,19.18,15.0,19.77,53.95,震荡
2017-04-06,0.0,18.95,9.67,19.16,47.78,震荡
2017-04-07,0.0,18.93,9.69,19.48,48.11,震荡
2017-04-10,0.0,18.76,9.4,18.33,46.5,震荡
2017-04-11,0.0,18.86,10.03,18.7,47.6,震荡
2017-04-12,0.0,18.87,11.44,17.4,47.71,震荡
2017-04-13,0.0,18.96,11.06,18.24,48.26,震荡
2017-04-14,0.0,19.65,11.31,15.62,46.57,震荡
2017-04-17,0.0,19.65,11.23,14.61,45.48,震荡
2017-04-18,0.0,19.83,10.94,13.81,44.57,下行
2017-04-19,2.53,19.54,10.2,11.49,43.76,下行
2017-04-20,1.6,19.5,9.66,13.16,43.93,下行
2017-04-21,0.0,19.53,8.99,13.37,41.88,下行
2017-04-24,0.75,19.72,8.46,10.32,39.25,下行
2017-04-25,2.16,19.87,7.7,11.51,41.24,下行
2017-04-26,0.0,19.54,7.66,12.34,39.54,下行
2017-04-27,0.0,19.18,7.9,12.61,39.7,下行
2017-04-28,6.97,19.14,8.24,11.62,45.97,震荡
2017-05-02,11.29,19.26,8.52,11.2,50.27,震荡
2017-05-03,12.72,18.88,9.3,9.93,50.82,震荡
2017-05-04,13.33,18.78,9.61,9.29,51.01,震荡
2017-05-05,15.19,18.51,9.9,7.95,51.55,震荡
2017-05-08,16.67,18.48,9.23,6.14,50.52,震荡
2017-05-09,17.64,18.39,9.32,7.07,52.42,震荡
2017-05-10,18.45,18.43,8.91,6.77,52.57,震荡
2017-05-11,15.17,18.45,8.22,8.9,50.74,震荡
2017-05-12,10.92,18.05,7.15,11.84,47.97,震荡
2017-05-15,10.38,17.77,7.19,13.47,48.8,震荡
2017-05-16,9.3,17.8,7.46,17.16,51.72,震荡
2017-05-17,9.3,17.82,7.98,15.37,50.48,震荡
2017-05-18,11.74,15.15,8.65,14.24,49.78,震荡
2017-05-19,11.74,15.08,9.63,15.01,51.47,震荡
2017-05-22,10.61,15.07,9.92,15.52,51.11,震荡
2017-05-23,7.66,15.1,10.12,16.85,49.73,震荡
2017-05-24,7.88,15.26,9.26,16.92,49.32,震荡
2017-05-25,4.35,15.39,9.09,23.13,51.96,震荡
2017-05-26,4.15,15.54,8.99,22.41,51.09,震荡
2017-05-31,3.31,15.6,8.53,22.32,49.77,震荡
2017-06-01,1.57,15.66,8.7,22.7,48.63,震荡
2017-06-02,3.4,15.66,8.66,21.56,49.27,震荡
2017-06-05,6.02,15.66,8.51,19.23,49.41,震荡
2017-06-06,4.59,15.6,8.65,21.07,49.91,震荡
2017-06-07,1.48,15.67,9.31,24.4,50.87,震荡
2017-06-08,0.0,15.53,9.59,25.6,50.72,震荡
2017-06-09,0.0,15.41,10.26,26.38,52.04,震荡
2017-06-12,0.0,15.42,10.3,24.76,50.47,震荡
2017-06-13,0.0,15.4,10.4,24.44,50.25,震荡
2017-06-14,0.0,15.33,10.81,20.64,46.78,震荡
2017-06-15,0.0,14.99,10.45,19.15,44.59,下行
2017-06-16,0.0,15.21,10.72,18.11,44.04,下行
2017-06-19,0.0,15.3,10.54,20.76,46.61,震荡
2017-06-20,0.0,15.13,10.54,19.13,44.79,下行
2017-06-21,0.0,15.2,10.25,22.09,47.54,震荡
2017-06-22,0.0,15.49,10.38,21.6,47.47,震荡
2017-06-23,0.0,15.43,10.08,23.58,49.1,震荡
2017-06-26,0.0,15.41,10.16,26.52,52.09,震荡
2017-06-27,0.0,15.44,10.54,25.79,51.77,震荡
2017-06-28,0.0,15.69,10.79,22.91,49.39,震荡
2017-06-29,0.0,15.77,10.98,23.92,50.67,震荡
2017-06-30,0.0,15.89,11.02,22.58,49.49,震荡
2017-07-03,0.0,15.83,10.99,20.38,47.21,震荡
2017-07-04,0.0,16.04,10.58,17.27,43.89,下行
2017-07-05,0.0,16.13,10.53,20.56,47.22,震荡
2017-07-06,0.0,16.0,10.39,19.82,46.21,震荡
2017-07-07,0.0,16.07,10.35,19.27,45.69,震荡
2017-07-10,0.0,16.16,10.51,19.16,45.83,震荡
2017-07-11,0.0,16.15,10.65,21.1,47.9,震荡
2017-07-12,0.0,16.11,10.46,18.7,45.27,震荡
2017-07-13,0.0,17.88,10.41,21.03,49.32,震荡
2017-07-14,0.0,17.84,10.42,22.14,50.4,震荡
2017-07-17,0.0,17.83,10.1,17.43,45.36,震荡
2017-07-18,0.0,17.89,9.23,17.0,44.12,下行
2017-07-19,0.0,17.93,9.2,22.54,49.67,震荡
2017-07-20,0.0,17.93,9.34,23.21,50.48,震荡
2017-07-21,0.0,17.99,9.4,21.11,48.5,震荡
2017-07-24,0.0,18.02,9.74,22.19,49.95,震荡
2017-07-25,0.0,18.0,10.97,19.53,48.49,震荡
2017-07-26,0.0,18.08,11.38,17.49,46.96,震荡
2017-07-27,0.0,18.16,11.36,18.09,47.61,震荡
2017-07-28,0.0,18.1,11.61,18.84,48.55,震荡
2017-07-31,0.0,18.17,11.42,19.47,49.06,震荡
2017-08-01,0.0,18.29,11.35,21.13,50.78,震荡
2017-08-02,0.0,18.33,11.12,20.58,50.03,震荡
2017-08-03,0.0,18.47,11.25,17.14,46.85,震荡
2017-08-04,0.0,18.46,11.28,14.98,44.73,下行
2017-08-07,0.0,18.84,11.26,16.43,46.52,震荡
2017-08-08,0.0,18.83,10.98,16.23,46.05,震荡
2017-08-09,0.0,18.71,10.74,15.64,45.09,震荡
2017-08-10,0.0,18.7,10.77,14.84,44.31,下行
2017-08-11,0.0,18.67,10.38,9.33,38.38,下行
2017-08-14,0.0,17.54,10.29,12.82,40.65,下行
2017-08-15,0.0,17.5,10.5,13.42,41.42,下行
2017-08-16,0.0,17.25,10.88,13.07,41.2,下行
2017-08-17,0.0,17.44,10.71,15.47,43.62,下行
2017-08-18,0.0,17.4,11.02,15.63,44.05,下行
2017-08-21,0.0,17.36,11.25,16.92,45.53,震荡
2017-08-22,0.0,17.52,11.06,17.27,45.85,震荡
2017-08-23,0.0,17.54,11.0,17.82,46.36,震荡
2017-08-24,0.0,17.49,10.82,16.1,44.42,下行
2017-08-25,0.0,17.42,10.62,21.01,49.05,震荡
2017-08-28,0.0,17.32,10.73,24.03,52.08,震荡
2017-08-29,0.0,17.36,11.09,23.1,51.55,震荡
2017-08-30,0.0,17.15,11.24,22.49,50.88,震荡
2017-08-31,0.0,17.06,11.39,21.53,49.98,震荡
2017-09-01,0.0,17.06,11.93,21.4,50.39,震荡
2017-09-04,0.0,17.16,12.19,22.01,51.36,震荡
2017-09-05,0.0,17.18,12.05,22.57,51.81,震荡
2017-09-06,0.0,17.24,12.01,21.13,50.38,震荡
2017-09-07,0.0,16.73,12.33,19.34,48.39,震荡
2017-09-08,0.0,16.66,11.97,18.3,46.92,震荡
2017-09-11,0.0,16.75,11.88,18.2,46.82,震荡
2017-09-12,0.0,17.91,12.12,18.41,48.44,震荡
2017-09-13,0.0,17.93,12.25,18.04,48.22,震荡
2017-09-14,0.0,17.98,12.07,16.6,46.64,震荡
2017-09-15,0.0,17.77,5.0,16.61,39.38,下行
2017-09-18,0.0,17.78,11.85,17.33,46.96,震荡
2017-09-19,0.0,17.9,11.57,15.08,44.54,下行
2017-09-20,0.0,17.77,11.39,16.11,45.27,震荡
2017-09-21,0.0,17.71,11.61,15.76,45.07,震荡
2017-09-22,0.0,17.71,15.0,14.78,47.48,震荡
2017-09-25,0.0,17.7,10.82,13.64,42.16,下行
2017-09-26,0.0,17.6,10.0,13.85,41.46,下行
2017-09-27,0.0,17.82,9.62,14.11,41.55,下行
2017-09-28,0.0,17.78,8.95,14.56,41.3,下行
2017-09-29,0.0,17.7,8.96,15.51,42.17,下行
2017-10-09,0.0,17.79,7.78,18.51,44.08,下行
2017-10-10,0.0,17.91,9.68,18.77,46.37,震荡
2017-10-11,0.0,17.9,10.45,19.7,48.05,震荡
2017-10-12,0.0,18.1,10.75,20.65,49.49,震荡
2017-10-13,0.0,18.16,11.03,20.86,50.05,震荡
2017-10-16,0.0,18.21,12.53,19.45,50.2,震荡
2017-10-17,0.0,18.36,10.95,19.02,48.33,震荡
2017-10-18,0.0,18.51,10.22,20.5,49.23,震荡
2017-10-19,0.0,18.5,9.68,19.29,47.46,震荡
2017-10-20,0.0,19.56,9.33,18.8,47.68,震荡
2017-10-23,0.0,19.6,9.24,19.39,48.24,震荡
2017-10-24,0.0,19.59,9.49,20.85,49.93,震荡
2017-10-25,0.0,19.57,9.24,21.33,50.13,震荡
2017-10-26,0.0,19.79,9.78,22.92,52.48,震荡
2017-10-27,0.0,19.73,10.86,23.69,54.28,震荡
2017-10-30,0.0,20.0,11.06,21.61,52.68,震荡
2017-10-31,0.0,20.27,10.71,20.69,51.67,震荡
2017-11-01,0.0,20.1,11.24,19.0,50.34,震荡
2017-11-02,0.0,19.84,11.6,18.9,50.34,震荡
2017-11-03,0.0,19.81,10.76,17.54,48.11,震荡
2017-11-06,0.0,19.91,10.31,19.71,49.93,震荡
2017-11-07,0.0,19.74,10.93,22.04,52.71,震荡
2017-11-08,0.0,19.78,11.3,20.81,51.88,震荡
2017-11-09,0.0,19.66,11.24,22.49,53.4,震荡
2017-11-10,0.0,19.99,11.67,24.51,56.17,震荡
2017-11-13,0.0,19.95,12.31,24.36,56.61,震荡
2017-11-14,0.0,20.32,12.55,21.3,54.18,震荡
2017-11-15,0.0,20.24,12.37,18.61,51.22,震荡
2017-11-16,0.0,20.24,11.98,20.8,53.01,震荡
2017-11-17,0.0,20.08,11.86,20.47,52.41,震荡
2017-11-20,0.0,18.53,10.48,22.11,51.12,震荡
2017-11-21,0.0,18.65,9.7,27.16,55.51,震荡
2017-11-22,0.0,18.64,10.03,26.14,54.81,震荡
2017-11-23,0.0,18.76,10.17,15.95,44.89,下行
2017-11-24,0.0,18.74,9.68,15.99,44.41,下行
2017-11-27,0.0,18.39,10.18,11.06,39.63,下行
2017-11-28,0.0,18.32,9.68,12.28,40.28,下行
2017-11-29,0.0,18.34,9.14,11.8,39.28,下行
2017-11-30,0.0,18.11,9.08,8.4,35.6,下行
2017-12-01,0.0,18.13,9.23,8.57,35.93,下行
2017-12-04,0.0,18.08,9.69,9.83,37.6,下行
2017-12-05,0.0,18.18,9.99,11.71,39.88,下行
2017-12-06,0.0,18.03,8.51,9.62,36.16,下行
2017-12-07,0.0,17.7,8.36,6.71,32.77,下行
2017-12-08,0.0,17.86,8.52,9.96,36.34,下行
2017-12-11,0.0,17.87,8.74,15.04,41.66,下行
2017-12-12,0.0,17.96,9.02,10.65,37.63,下行
2017-12-13,0.0,18.71,10.46,12.89,42.05,下行
2017-12-14,0.0,18.54,10.7,12.25,41.48,下行
2017-12-15,0.0,18.51,10.89,8.83,38.23,下行
2017-12-18,0.0,18.41,10.53,9.54,38.48,下行
2017-12-19,0.0,18.42,10.43,14.17,43.02,下行
2017-12-20,0.0,18.52,10.43,14.3,43.25,下行
2017-12-21,0.0,18.27,10.05,18.08,46.41,震荡
2017-12-22,0.0,18.28,9.93,16.88,45.09,震荡
2017-12-25,0.0,18.11,10.18,15.49,43.78,下行
2017-12-26,0.0,18.1,10.36,16.42,44.88,下行
2017-12-27,0.0,18.15,10.48,11.68,40.32,下行
2017-12-28,0.0,18.2,10.72,14.38,43.3,下行
2017-12-29,0.0,18.12,10.94,15.27,44.33,下行
2018-01-02,0.0,18.22,10.52,19.45,48.2,震荡
2018-01-03,0.0,18.8,10.59,20.85,50.25,震荡
2018-01-04,0.0,18.91,10.51,21.42,50.85,震荡
2018-01-05,0.0,19.28,10.57,21.98,51.83,震荡
2018-01-08,0.0,19.52,10.21,22.68,52.41,震荡
2018-01-09,0.0,19.59,11.28,24.76,55.63,震荡
2018-01-10,0.0,19.59,11.28,25.34,56.21,震荡
2018-01-11,0.0,19.67,11.56,24.31,55.54,震荡
2018-01-12,0.0,19.84,11.63,25.26,56.73,震荡
2018-01-15,0.0,18.92,11.44,23.78,54.14,震荡
2018-01-16,0.0,19.09,11.08,25.83,56.0,震荡
2018-01-17,0.0,19.09,11.25,24.09,54.44,震荡
2018-01-18,0.0,19.0,10.98,25.17,55.15,震荡
2018-01-19,0.0,19.17,11.39,25.23,55.79,震荡
2018-01-22,0.0,19.2,11.7,28.09,58.98,震荡
2018-01-23,0.0,19.24,12.0,26.81,58.05,震荡
2018-01-24,0.0,19.12,11.98,25.93,57.03,震荡
2018-01-25,0.0,19.34,12.2,22.72,54.26,震荡
2018-01-26,0.0,19.28,11.54,23.11,53.92,震荡
2018-01-29,0.0,19.18,11.22,16.48,46.88,震荡
2018-01-30,0.0,19.31,11.07,12.97,43.36,下行
2018-01-31,0.0,19.17,10.6,13.49,43.25,下行
2018-02-01,0.0,19.4,9.81,11.15,40.36,下行
2018-02-02,0.0,19.53,8.63,12.69,40.84,下行
2018-02-05,0.0,19.44,7.98,12.2,39.63,下行
2018-02-06,0.0,19.26,7.49,4.16,30.91,下行
2018-02-07,0.0,19.04,5.96,0.0,25.0,极寒
2018-02-08,0.0,19.31,5.8,0.0,25.11,极寒
2018-02-09,1.0,19.21,6.59,0.0,26.8,极寒
2018-02-12,0.0,19.24,5.7,0.0,24.94,极寒
2018-02-13,0.0,18.04,5.17,0.0,23.21,极寒
2018-02-14,0.0,17.97,5.8,0.0,23.78,极寒
2018-02-22,0.0,18.11,5.0,5.03,28.14,极寒
2018-02-23,0.0,18.04,5.83,7.54,31.42,下行
2018-02-26,0.0,18.22,7.58,12.24,38.04,下行
2018-02-27,0.0,18.57,8.81,9.14,36.52,下行
2018-02-28,0.0,18.67,9.79,7.48,35.95,下行
2018-03-01,0.0,18.84,11.39,10.72,40.94,下行
2018-03-02,0.0,18.82,11.1,10.05,39.98,下行
2018-03-05,0.0,18.82,10.99,10.43,40.24,下行
2018-03-06,0.0,18.71,10.44,15.53,44.68,下行
2018-03-07,0.0,18.52,10.69,13.95,43.15,下行
2018-03-08,0.0,18.64,10.45,17.58,46.67,震荡
2018-03-09,0.0,18.57,10.22,20.39,49.19,震荡
2018-03-12,0.0,18.56,10.25,21.81,50.62,震荡
2018-03-13,0.0,18.35,10.81,18.78,47.94,震荡
2018-03-14,0.0,18.23,10.5,17.66,46.39,震荡
2018-03-15,0.0,18.17,10.77,19.58,48.52,震荡
2018-03-16,0.0,18.01,10.82,15.4,44.23,下行
2018-03-19,0.0,18.16,10.61,16.33,45.1,震荡
2018-03-20,0.0,18.1,10.23,15.66,43.99,下行
2018-03-21,0.0,17.95,10.27,13.79,42.01,下行
2018-03-22,0.0,14.12,10.29,11.26,35.67,下行
2018-03-23,2.96,14.1,10.21,3.09,30.37,下行
2018-03-26,4.2,13.98,8.84,2.62,29.64,极寒
2018-03-27,3.58,14.26,9.1,5.76,32.7,下行
2018-03-28,5.85,14.15,9.3,0.55,29.84,极寒
2018-03-29,4.23,14.12,9.05,6.3,33.7,下行
2018-03-30,4.64,14.16,9.22,6.31,34.33,下行
2018-04-02,5.32,14.08,10.65,5.81,35.86,下行
2018-04-03,6.19,14.23,10.54,4.71,35.69,下行
2018-04-04,6.79,14.26,10.26,4.66,35.97,下行
2018-04-09,6.68,14.28,9.67,5.87,36.5,下行
2018-04-10,3.39,14.4,9.77,12.21,39.78,下行
2018-04-11,3.05,14.51,9.92,13.3,40.79,下行
2018-04-12,4.79,14.55,9.67,10.89,39.9,下行
2018-04-13,5.89,14.75,9.72,9.59,39.95,下行
2018-04-16,10.04,19.36,10.19,6.01,45.61,震荡
2018-04-17,14.49,19.23,10.02,2.84,46.58,震荡
2018-04-18,12.54,19.33,9.85,4.62,46.34,震荡
2018-04-19,9.19,19.71,9.77,9.7,48.37,震荡
2018-04-20,13.47,19.44,9.57,6.26,48.74,震荡
2018-04-23,13.12,19.38,9.19,8.44,50.13,震荡
2018-04-24,7.07,19.28,9.15,14.79,50.29,震荡
2018-04-25,9.36,19.61,9.26,13.2,51.43,震荡
2018-04-26,14.94,19.9,9.38,7.9,52.12,震荡
2018-04-27,16.17,20.0,9.46,8.82,54.45,震荡
2018-05-02,18.4,20.01,9.25,10.29,57.95,震荡
2018-05-03,17.2,19.9,9.07,12.43,58.61,震荡
2018-05-04,18.08,19.86,9.12,11.46,58.52,震荡
2018-05-07,15.84,19.95,8.77,16.36,60.92,震荡偏强
2018-05-08,13.23,20.17,9.13,20.16,62.69,震荡偏强
2018-05-09,13.38,20.54,10.02,19.23,63.17,震荡偏强
2018-05-10,11.5,20.61,10.31,21.4,63.83,震荡偏强
2018-05-11,12.31,20.58,10.64,19.83,63.36,震荡偏强
2018-05-14,9.52,20.55,10.49,22.45,63.01,震荡偏强
2018-05-15,8.53,20.48,10.33,23.4,62.74,震荡偏强
2018-05-16,12.39,20.55,10.29,20.54,63.76,震荡偏强
2018-05-17,14.44,20.44,10.1,17.51,62.5,震荡偏强
2018-05-18,8.96,19.54,10.06,20.24,58.8,震荡
2018-05-21,8.1,19.6,10.26,21.29,59.25,震荡
2018-05-22,9.77,19.18,10.51,19.44,58.9,震荡
2018-05-23,15.38,19.0,10.8,15.12,60.31,震荡偏强
2018-05-24,16.89,18.84,10.95,12.81,59.48,震荡
2018-05-25,17.41,18.78,10.93,12.15,59.27,震荡
2018-05-28,17.22,18.59,10.76,13.67,60.24,震荡偏强
2018-05-29,17.93,18.48,10.47,10.7,57.58,震荡
2018-05-30,24.32,18.39,9.95,5.24,57.91,震荡
2018-05-31,19.19,18.3,9.29,11.1,57.88,震荡
2018-06-01,20.84,18.39,9.05,9.05,57.33,震荡
2018-06-04,18.84,18.15,8.95,11.99,57.94,震荡
2018-06-05,17.45,18.25,8.64,14.62,58.96,震荡
2018-06-06,17.78,18.29,8.79,14.2,59.06,震荡
2018-06-07,17.58,18.11,9.2,14.34,59.23,震荡
2018-06-08,21.83,18.17,9.27,10.7,59.97,震荡
2018-06-11,17.46,18.12,9.37,11.9,56.85,震荡
2018-06-12,15.7,18.11,9.46,15.22,58.49,震荡
2018-06-13,17.19,19.94,9.43,12.53,59.09,震荡
2018-06-14,17.52,19.87,9.21,12.02,58.62,震荡
2018-06-15,17.88,19.79,9.18,12.01,58.87,震荡
2018-06-19,25.0,19.74,8.67,2.81,56.22,震荡
2018-06-20,25.0,19.49,6.62,3.76,54.87,震荡
2018-06-21,25.0,19.55,6.0,2.26,52.82,震荡
2018-06-22,25.0,19.34,5.53,4.24,54.1,震荡
2018-06-25,25.0,19.26,5.03,1.04,50.33,震荡
2018-06-26,25.0,19.37,5.68,0.0,50.05,震荡
2018-06-27,25.0,19.47,7.91,0.0,52.37,震荡
2018-06-28,25.0,19.28,8.4,0.0,52.68,震荡
2018-06-29,25.0,19.49,8.94,1.65,55.09,震荡
2018-07-02,25.0,19.42,9.34,0.0,53.76,震荡
2018-07-03,25.0,19.48,9.33,0.0,53.81,震荡
2018-07-04,25.0,19.98,9.46,0.0,54.44,震荡
2018-07-05,25.0,20.33,9.02,0.0,54.34,震荡
2018-07-06,25.0,20.34,8.71,0.0,54.05,震荡
2018-07-09,25.0,20.59,8.47,7.56,61.63,震荡偏强
2018-07-10,25.0,20.55,8.51,9.53,63.58,震荡偏强
2018-07-11,25.0,20.53,8.28,6.24,60.05,震荡偏强
2018-07-12,25.0,20.41,8.37,14.39,68.17,震荡偏强
2018-07-13,25.0,20.48,9.15,15.97,70.6,震荡偏强
2018-07-16,25.0,18.74,9.13,15.81,68.67,震荡偏强
2018-07-17,25.0,18.94,9.34,14.58,67.86,震荡偏强
2018-07-18,25.0,18.97,9.49,13.93,67.38,震荡偏强
2018-07-19,25.0,18.78,9.9,14.69,68.37,震荡偏强
2018-07-20,25.0,18.65,9.44,20.83,73.92,震荡偏强
2018-07-23,25.0,19.01,9.57,22.87,76.45,上行
2018-07-24,25.0,19.08,9.38,28.15,81.61,上行
2018-07-25,25.0,19.4,9.27,27.3,80.96,上行
2018-07-26,25.0,19.63,9.48,22.62,76.73,上行
2018-07-27,25.0,19.62,9.9,21.66,76.18,上行
2018-07-30,25.0,20.02,9.87,19.43,74.32,震荡偏强
2018-07-31,25.0,20.2,10.0,19.91,75.11,上行
2018-08-01,25.0,20.17,9.96,12.66,67.79,震荡偏强
2018-08-02,25.0,20.16,5.0,5.8,55.97,震荡
2018-08-03,25.0,20.38,5.0,1.83,52.2,震荡
2018-08-06,25.0,20.53,5.0,0.0,50.53,震荡
2018-08-07,25.0,20.82,5.0,7.74,58.56,震荡
2018-08-08,25.0,21.27,5.0,3.75,55.02,震荡
2018-08-09,25.0,21.32,8.64,10.97,65.94,震荡偏强
2018-08-10,25.0,20.95,8.83,11.78,66.56,震荡偏强
2018-08-13,25.0,19.83,15.0,10.79,70.62,震荡偏强
2018-08-14,25.0,19.54,15.0,9.77,69.31,震荡偏强
2018-08-15,25.0,19.3,15.0,3.27,62.56,震荡偏强
2018-08-16,25.0,19.34,15.0,2.66,62.0,震荡偏强
2018-08-17,25.0,19.39,15.0,0.0,59.39,震荡
2018-08-20,25.0,19.24,9.73,3.41,57.38,震荡
2018-08-21,25.0,19.12,9.4,9.47,62.99,震荡偏强
2018-08-22,25.0,18.48,9.02,10.08,62.58,震荡偏强
2018-08-23,25.0,18.6,8.85,11.85,64.3,震荡偏强
2018-08-24,25.0,18.86,8.89,13.14,65.89,震荡偏强
2018-08-27,25.0,19.15,9.0,21.02,74.17,震荡偏强
2018-08-28,25.0,18.99,9.23,20.64,73.86,震荡偏强
2018-08-29,25.0,18.67,9.47,19.69,72.84,震荡偏强
2018-08-30,25.0,18.68,9.71,16.7,70.08,震荡偏强
2018-08-31,25.0,18.69,9.59,14.31,67.58,震荡偏强
2018-09-03,25.0,18.69,9.45,13.47,66.61,震荡偏强
2018-09-04,25.0,18.66,9.37,17.1,70.13,震荡偏强
2018-09-05,25.0,18.61,9.47,10.94,64.03,震荡偏强
2018-09-06,25.0,18.64,9.35,8.96,61.95,震荡偏强
2018-09-07,25.0,18.67,9.45,11.43,64.54,震荡偏强
2018-09-10,25.0,18.8,9.52,7.83,61.14,震荡偏强
2018-09-11,25.0,18.89,9.23,7.4,60.52,震荡偏强
2018-09-12,25.0,19.3,9.05,5.74,59.09,震荡
2018-09-13,25.0,19.21,9.15,9.03,62.4,震荡偏强
2018-09-14,25.0,19.29,9.11,9.41,62.81,震荡偏强
2018-09-17,25.0,19.19,9.02,6.86,60.08,震荡偏强
2018-09-18,25.0,19.25,9.13,12.67,66.05,震荡偏强
2018-09-19,25.0,19.33,9.3,16.66,70.29,震荡偏强
2018-09-20,25.0,18.68,8.96,16.5,69.15,震荡偏强
2018-09-21,25.0,18.7,8.71,25.52,77.93,上行
2018-09-25,25.0,18.56,8.71,22.51,74.78,震荡偏强
2018-09-26,25.0,18.65,9.04,25.79,78.49,上行
2018-09-27,25.0,18.59,8.85,24.35,76.79,上行
2018-09-28,25.0,18.5,8.84,27.13,79.48,上行
2018-10-08,25.0,18.55,8.14,12.49,64.18,震荡偏强
2018-10-09,25.0,18.86,9.18,13.27,66.31,震荡偏强
2018-10-10,25.0,18.96,9.1,13.43,66.49,震荡偏强
2018-10-11,25.0,19.05,9.23,0.0,53.28,震荡
2018-10-12,25.0,19.1,7.81,4.52,56.44,震荡
2018-10-15,25.0,19.34,7.26,0.99,52.6,震荡
2018-10-16,25.0,19.36,6.12,0.0,50.48,震荡
2018-10-17,25.0,19.21,5.06,1.13,50.41,震荡
2018-10-18,25.0,19.16,5.0,0.0,49.16,震荡
2018-10-19,25.0,19.01,5.6,3.11,52.72,震荡
2018-10-22,25.0,19.26,6.49,18.08,68.84,震荡偏强
2018-10-23,25.0,17.67,7.26,8.01,57.94,震荡
2018-10-24,25.0,17.56,8.43,8.86,59.85,震荡
2018-10-25,25.0,17.53,9.03,10.84,62.4,震荡偏强
2018-10-26,25.0,17.55,9.58,8.51,60.64,震荡偏强
2018-10-29,25.0,17.61,9.98,1.22,53.81,震荡
2018-10-30,25.0,17.6,9.9,5.85,58.35,震荡
2018-10-31,25.0,17.72,9.55,10.52,62.8,震荡偏强
2018-11-01,25.0,17.61,9.43,13.76,65.81,震荡偏强
2018-11-02,25.0,17.52,9.52,26.96,79.0,上行
2018-11-05,25.0,17.85,9.43,23.07,75.35,上行
2018-11-06,25.0,17.8,9.56,21.35,73.71,震荡偏强
2018-11-07,25.0,17.82,9.94,19.19,71.94,震荡偏强
2018-11-08,25.0,17.84,10.04,18.47,71.35,震荡偏强
2018-11-09,25.0,18.08,9.98,14.68,67.74,震荡偏强
2018-11-12,25.0,18.18,10.23,17.66,71.06,震荡偏强
2018-11-13,25.0,18.4,10.38,20.19,73.97,震荡偏强
2018-11-14,25.0,18.47,10.41,16.1,69.98,震荡偏强
2018-11-15,25.0,18.42,10.63,19.16,73.22,震荡偏强
2018-11-16,25.0,18.41,11.0,19.5,73.91,震荡偏强
2018-11-19,25.0,15.91,10.91,22.92,74.74,震荡偏强
2018-11-20,25.0,15.98,10.93,16.05,67.96,震荡偏强
2018-11-21,25.0,15.91,11.03,16.17,68.11,震荡偏强
2018-11-22,25.0,16.0,10.83,15.31,67.13,震荡偏强
2018-11-23,25.0,16.17,10.59,7.7,59.46,震荡
2018-11-26,25.0,16.1,10.02,7.9,59.01,震荡
2018-11-27,25.0,16.24,9.53,7.54,58.31,震荡
2018-11-28,25.0,16.24,9.26,11.82,62.32,震荡偏强
2018-11-29,25.0,16.2,9.16,9.0,59.35,震荡
2018-11-30,25.0,16.05,8.78,12.61,62.45,震荡偏强
2018-12-03,25.0,15.97,9.18,20.34,70.49,震荡偏强
2018-12-04,25.0,15.78,9.44,20.68,70.91,震荡偏强
2018-12-05,25.0,15.64,9.45,19.13,69.23,震荡偏强
2018-12-06,25.0,15.73,9.53,13.1,63.35,震荡偏强
2018-12-07,25.0,15.85,10.0,12.42,63.27,震荡偏强
2018-12-10,25.0,15.97,10.12,9.93,61.02,震荡偏强
2018-12-11,25.0,15.69,10.04,11.49,62.22,震荡偏强
2018-12-12,25.0,15.77,9.95,12.64,63.36,震荡偏强
2018-12-13,25.0,15.09,9.86,17.78,67.74,震荡偏强
2018-12-14,25.0,15.47,9.77,12.91,63.15,震荡偏强
2018-12-17,25.0,15.45,9.42,13.12,62.98,震荡偏强
2018-12-18,25.0,15.48,9.44,9.84,59.76,震荡
2018-12-19,25.0,15.44,9.51,7.36,57.3,震荡
2018-12-20,25.0,14.05,9.33,5.86,54.25,震荡
2018-12-21,25.0,14.04,9.45,2.66,51.15,震荡
2018-12-24,25.0,14.21,9.73,3.74,52.67,震荡
2018-12-25,25.0,14.25,9.65,2.45,51.35,震荡
2018-12-26,25.0,13.97,9.5,1.65,50.11,震荡
2018-12-27,25.0,14.16,9.68,1.66,50.51,震荡
2018-12-28,25.0,14.2,9.42,3.11,51.74,震荡
2019-01-02,25.0,14.23,8.86,0.51,48.6,震荡
2019-01-03,25.0,14.54,8.94,1.9,50.39,震荡
2019-01-04,25.0,14.28,9.1,10.23,58.61,震荡
2019-01-07,25.0,14.46,9.38,12.11,60.95,震荡偏强
2019-01-08,25.0,14.72,9.77,12.71,62.21,震荡偏强
2019-01-09,25.0,14.83,10.7,15.28,65.81,震荡偏强
2019-01-10,25.0,14.62,11.17,15.98,66.76,震荡偏强
2019-01-11,25.0,14.58,11.34,18.54,69.46,震荡偏强
2019-01-14,25.0,14.37,11.35,16.69,67.42,震荡偏强
2019-01-15,25.0,14.46,11.12,22.57,73.15,震荡偏强
2019-01-16,25.0,12.2,11.64,17.34,66.18,震荡偏强
2019-01-17,25.0,12.27,11.68,16.04,64.99,震荡偏强
2019-01-18,25.0,12.49,11.85,21.18,70.52,震荡偏强
2019-01-21,25.0,12.54,12.49,22.55,72.58,震荡偏强
2019-01-22,25.0,12.19,12.71,18.42,68.32,震荡偏强
2019-01-23,25.0,12.39,12.79,17.45,67.63,震荡偏强
2019-01-24,25.0,12.38,13.24,19.36,69.97,震荡偏强
2019-01-25,25.0,12.5,13.57,21.06,72.14,震荡偏强
2019-01-28,25.0,12.61,13.65,20.06,71.32,震荡偏强
2019-01-29,25.0,11.89,13.89,20.75,71.53,震荡偏强
2019-01-30,25.0,11.85,13.5,17.98,68.34,震荡偏强
2019-01-31,25.0,11.95,13.06,19.95,69.97,震荡偏强
2019-02-01,25.0,11.97,12.43,24.21,73.61,震荡偏强
2019-02-11,25.0,12.06,11.62,27.53,76.2,上行
2019-02-12,25.0,11.99,12.65,28.73,78.37,上行
2019-02-13,25.0,12.05,13.5,30.0,80.56,上行
2019-02-14,25.0,12.09,14.75,30.0,81.84,上行
2019-02-15,25.0,12.06,15.99,26.84,79.88,上行
2019-02-18,25.0,12.09,18.11,30.0,85.2,上行
2019-02-19,25.0,12.29,18.13,30.0,85.42,上行
2019-02-20,25.0,12.77,18.44,30.0,86.21,上行
2019-02-21,25.0,13.13,18.28,29.74,86.15,上行
2019-02-22,25.0,12.98,18.3,30.0,86.27,上行
2019-02-25,20.03,13.09,18.51,30.0,81.62,上行
2019-02-26,22.12,13.1,20.0,30.0,85.23,上行
2019-02-27,21.49,13.06,20.0,30.0,84.55,上行
2019-02-28,22.13,12.9,20.0,30.0,85.03,上行
2019-03-01,17.59,12.76,20.0,30.0,80.35,上行
2019-03-04,14.78,12.85,20.0,30.0,77.63,上行
2019-03-05,14.13,13.1,19.09,30.0,76.33,上行
2019-03-06,11.64,13.02,19.52,30.0,74.18,震荡偏强
2019-03-07,14.16,12.93,19.92,30.0,77.02,上行
2019-03-08,23.03,12.63,20.0,22.51,78.18,上行
2019-03-11,20.75,12.53,20.0,24.85,78.13,上行
2019-03-12,19.27,12.46,20.0,25.16,76.89,上行
2019-03-13,21.47,12.43,19.86,21.98,75.74,上行
2019-03-14,22.59,12.38,18.77,18.54,72.27,震荡偏强
2019-03-15,20.69,12.34,16.88,20.92,70.83,震荡偏强
2019-03-18,14.36,12.24,16.04,28.57,71.22,震荡偏强
2019-03-19,15.03,12.33,15.09,24.64,67.09,震荡偏强
2019-03-20,15.61,12.42,14.33,23.04,65.4,震荡偏强
2019-03-21,15.6,12.53,13.88,21.6,63.61,震荡偏强
2019-03-22,15.97,11.36,14.77,20.76,62.86,震荡偏强
2019-03-25,21.82,11.23,14.23,13.34,60.63,震荡偏强
2019-03-26,23.3,10.9,13.28,10.2,57.69,震荡
2019-03-27,22.02,10.99,12.37,12.53,57.91,震荡
2019-03-28,21.74,11.06,11.65,11.52,55.97,震荡
2019-03-29,13.35,10.97,10.24,23.11,57.67,震荡
2019-04-01,7.94,11.05,11.39,30.0,60.38,震荡偏强
2019-04-02,8.09,11.57,11.48,29.08,60.22,震荡偏强
2019-04-03,4.2,11.7,12.07,30.0,57.97,震荡
2019-04-04,1.32,12.12,12.86,30.0,56.3,震荡
2019-04-08,1.39,12.19,13.19,30.0,56.77,震荡
2019-04-09,1.4,11.43,14.17,30.0,57.0,震荡
2019-04-10,1.29,11.4,13.79,30.0,56.47,震荡
2019-04-11,6.83,10.44,13.02,24.46,54.75,震荡
2019-04-12,7.25,10.33,12.05,22.21,51.84,震荡
2019-04-15,8.58,15.6,11.27,19.41,54.86,震荡
2019-04-16,0.77,15.68,9.54,27.73,53.72,震荡
2019-04-17,0.27,15.71,9.88,25.99,51.85,震荡
2019-04-18,1.21,15.74,9.89,24.51,51.35,震荡
2019-04-19,0.17,15.69,10.06,27.91,53.83,震荡
2019-04-22,5.37,15.81,10.48,19.36,51.02,震荡
2019-04-23,6.72,15.88,10.62,17.78,51.0,震荡
2019-04-24,6.37,15.68,10.08,17.01,49.14,震荡
2019-04-25,10.86,15.97,9.45,10.01,46.29,震荡
2019-04-26,15.32,15.89,8.5,5.37,45.09,震荡
2019-04-29,16.15,15.81,8.02,6.4,46.38,震荡
2019-04-30,19.05,16.07,6.03,6.82,47.98,震荡
2019-05-06,25.0,16.01,4.49,0.0,45.5,震荡
2019-05-07,25.0,16.01,2.5,0.0,43.5,下行
2019-05-08,25.0,15.78,2.19,0.0,42.98,下行
2019-05-09,25.0,15.62,2.09,0.0,42.71,下行
2019-05-10,25.0,15.67,2.64,0.0,43.31,下行
2019-05-13,25.0,15.49,3.49,0.0,43.98,下行
2019-05-14,25.0,15.41,4.0,0.0,44.42,下行
2019-05-15,25.0,15.46,4.23,3.16,47.85,震荡
2019-05-16,25.0,15.22,4.42,5.41,50.04,震荡
2019-05-17,25.0,13.63,4.63,0.47,43.72,下行
2019-05-20,25.0,13.61,3.93,0.0,42.54,下行
2019-05-21,25.0,13.64,4.28,4.14,47.06,震荡
2019-05-22,25.0,13.76,4.53,5.26,48.55,震荡
2019-05-23,25.0,13.98,4.28,2.29,45.54,震荡
2019-05-24,25.0,14.09,3.96,4.4,47.44,震荡
2019-05-27,25.0,14.25,4.13,9.38,52.76,震荡
2019-05-28,25.0,14.32,4.69,11.89,55.89,震荡
2019-05-29,25.0,14.21,4.32,12.97,56.5,震荡
2019-05-30,25.0,14.3,4.55,13.8,57.65,震荡
2019-05-31,25.0,14.33,4.79,13.4,57.52,震荡
2019-06-03,25.0,14.27,4.88,14.19,58.34,震荡
2019-06-04,25.0,14.23,4.16,11.88,55.28,震荡
2019-06-05,25.0,14.06,3.95,11.47,54.48,震荡
2019-06-06,25.0,14.03,4.23,9.07,52.33,震荡
2019-06-10,25.0,14.12,4.33,13.3,56.75,震荡
2019-06-11,24.88,14.09,6.09,22.31,67.38,震荡偏强
2019-06-12,25.0,14.23,7.78,19.73,66.73,震荡偏强
2019-06-13,25.0,13.48,9.58,19.24,67.3,震荡偏强
2019-06-14,25.0,13.37,10.01,17.67,66.06,震荡偏强
2019-06-17,24.32,13.37,10.32,17.81,65.81,震荡偏强
2019-06-18,24.02,10.82,10.95,18.15,63.95,震荡偏强
2019-06-19,22.86,10.92,10.97,22.25,67.0,震荡偏强
2019-06-20,18.51,11.0,11.63,30.0,71.14,震荡偏强
2019-06-21,18.07,11.13,12.74,29.69,71.64,震荡偏强
2019-06-24,17.44,11.13,14.3,29.04,71.91,震荡偏强
2019-06-25,19.81,11.13,14.68,25.09,70.72,震荡偏强
2019-06-26,20.03,11.06,14.84,24.47,70.41,震荡偏强
2019-06-27,18.25,11.16,14.15,27.0,70.56,震荡偏强
2019-06-28,19.05,11.24,14.63,26.04,70.96,震荡偏强
2019-07-01,12.61,11.1,14.69,30.0,68.4,震荡偏强
2019-07-02,12.81,11.03,15.26,30.0,69.1,震荡偏强
2019-07-03,15.15,10.83,14.96,27.49,68.43,震荡偏强
2019-07-04,16.03,10.91,15.16,24.18,66.28,震荡偏强
2019-07-05,15.12,10.82,14.89,24.32,65.15,震荡偏强
2019-07-08,20.92,10.92,15.12,16.36,63.32,震荡偏强
2019-07-09,21.73,10.91,13.26,15.28,61.18,震荡偏强
2019-07-10,22.41,10.77,12.03,14.87,60.08,震荡偏强
2019-07-11,22.28,11.28,11.39,14.43,59.38,震荡
2019-07-12,20.94,11.31,11.26,16.13,59.65,震荡
2019-07-15,20.31,11.03,11.56,16.46,59.36,震荡
2019-07-16,21.46,11.23,11.76,14.54,58.99,震荡
2019-07-17,21.71,11.19,11.73,13.64,58.27,震荡
2019-07-18,22.8,11.21,11.59,11.78,57.38,震荡
2019-07-19,21.67,11.1,11.23,14.84,58.84,震荡
2019-07-22,22.67,11.14,11.12,12.6,57.53,震荡
2019-07-23,22.44,11.01,10.8,13.21,57.46,震荡
2019-07-24,20.74,11.07,11.0,15.41,58.23,震荡
2019-07-25,19.55,11.22,11.35,17.94,60.06,震荡偏强
2019-07-26,19.35,11.17,11.47,18.12,60.11,震荡偏强
2019-07-29,19.57,11.22,10.98,17.84,59.61,震荡
2019-07-30,18.61,11.33,11.16,19.38,60.48,震荡偏强
2019-07-31,20.0,11.27,11.41,17.33,60.02,震荡偏强
2019-08-01,22.12,11.23,11.22,14.69,59.28,震荡
2019-08-02,23.88,11.19,10.96,10.57,56.6,震荡
2019-08-05,25.0,10.87,10.06,5.8,51.73,震荡
2019-08-06,25.0,10.77,9.85,3.24,48.86,震荡
2019-08-07,25.0,10.97,9.31,1.93,47.22,震荡
2019-08-08,25.0,10.93,8.84,6.52,51.29,震荡
2019-08-09,25.0,10.87,8.67,4.85,49.38,震荡
2019-08-12,25.0,11.85,8.61,9.91,55.37,震荡
2019-08-13,25.0,11.83,9.08,7.89,53.8,震荡
2019-08-14,25.0,11.6,9.33,9.41,55.34,震荡
2019-08-15,25.0,11.81,9.76,10.86,57.42,震荡
2019-08-16,25.0,11.72,9.63,12.49,58.83,震荡
2019-08-19,23.85,11.82,9.35,19.48,64.5,震荡偏强
2019-08-20,24.23,11.79,11.22,18.21,65.45,震荡偏强
2019-08-21,24.55,11.9,11.57,18.25,66.27,震荡偏强
2019-08-22,24.37,12.06,11.82,19.11,67.36,震荡偏强
2019-08-23,23.73,12.04,12.26,21.39,69.42,震荡偏强
2019-08-26,25.0,12.18,12.49,18.27,67.94,震荡偏强
2019-08-27,23.6,12.1,11.28,21.64,68.62,震荡偏强
2019-08-28,24.55,11.95,11.93,20.83,69.26,震荡偏强
2019-08-29,25.0,12.06,11.83,19.99,68.88,震荡偏强
2019-08-30,25.0,11.79,11.94,20.54,69.27,震荡偏强
2019-09-02,24.46,12.08,13.29,23.26,73.09,震荡偏强
2019-09-03,24.21,12.14,14.32,22.72,73.38,震荡偏强
2019-09-04,22.77,12.14,14.68,25.41,75.01,上行
2019-09-05,21.53,11.93,15.58,27.22,76.26,上行
2019-09-06,20.48,11.73,16.64,28.01,76.86,上行
2019-09-09,19.08,11.8,17.05,28.12,76.05,上行
2019-09-10,19.92,11.92,17.72,26.05,75.61,上行
2019-09-11,21.04,11.9,17.94,22.78,73.66,震荡偏强
2019-09-12,18.55,11.21,17.91,24.81,72.47,震荡偏强
2019-09-16,19.22,11.5,16.68,22.73,70.13,震荡偏强
2019-09-17,22.43,11.6,17.45,16.79,68.26,震荡偏强
2019-09-18,22.04,11.7,16.31,17.61,67.65,震荡偏强
2019-09-19,21.57,11.78,15.91,18.5,67.76,震荡偏强
2019-09-20,21.13,11.63,15.91,18.4,67.07,震荡偏强
2019-09-23,22.75,11.57,16.12,15.44,65.87,震荡偏强
2019-09-24,22.44,11.61,15.56,15.18,64.79,震荡偏强
2019-09-25,23.3,11.7,15.48,12.91,63.39,震荡偏强
2019-09-26,24.21,11.72,14.97,10.7,61.59,震荡偏强
2019-09-27,23.74,11.83,14.07,11.14,60.77,震荡偏强
2019-09-30,25.0,11.89,13.79,7.55,58.23,震荡
2019-10-08,24.58,11.76,12.43,9.48,58.25,震荡
2019-10-09,23.87,11.59,13.07,10.32,58.85,震荡
2019-10-10,22.86,11.77,13.62,12.53,60.79,震荡偏强
2019-10-11,21.48,11.93,14.52,16.21,64.15,震荡偏强
2019-10-14,18.55,12.07,14.71,18.45,63.77,震荡偏强
2019-10-15,19.48,12.04,15.98,17.62,65.11,震荡偏强
2019-10-16,20.82,12.04,15.25,16.72,64.83,震荡偏强
2019-10-17,20.59,11.92,15.19,17.2,64.91,震荡偏强
2019-10-18,22.84,11.85,14.81,13.21,62.7,震荡偏强
2019-10-21,22.11,12.04,14.19,14.21,62.54,震荡偏强
2019-10-22,21.67,13.31,13.7,15.34,64.02,震荡偏强
2019-10-23,22.6,13.32,14.03,13.87,63.82,震荡偏强
2019-10-24,22.43,13.34,13.44,14.43,63.63,震荡偏强
2019-10-25,22.34,13.44,13.31,16.37,65.46,震荡偏强
2019-10-28,21.88,13.5,12.36,18.01,65.76,震荡偏强
2019-10-29,23.15,13.86,13.36,16.98,67.35,震荡偏强
2019-10-30,24.97,13.79,13.13,14.95,66.85,震荡偏强
2019-10-31,25.0,13.65,13.28,14.66,66.59,震荡偏强
2019-11-01,24.02,13.56,13.43,20.39,71.4,震荡偏强
2019-11-04,22.93,13.5,14.17,20.71,71.31,震荡偏强
2019-11-05,21.86,13.53,14.27,21.81,71.45,震荡偏强
2019-11-06,22.3,13.22,14.89,19.98,70.39,震荡偏强
2019-11-07,22.29,13.28,15.22,19.91,70.71,震荡偏强
2019-11-08,23.31,13.49,15.6,18.51,70.9,震荡偏强
2019-11-11,25.0,13.54,15.31,13.63,67.48,震荡偏强
2019-11-12,25.0,13.33,14.65,13.38,66.36,震荡偏强
2019-11-13,25.0,13.38,14.04,13.24,65.67,震荡偏强
2019-11-14,25.0,13.19,13.7,13.57,65.47,震荡偏强
2019-11-15,25.0,13.49,13.73,12.1,64.31,震荡偏强
2019-11-18,25.0,13.16,13.85,14.09,66.1,震荡偏强
2019-11-19,25.0,11.27,14.07,16.89,67.23,震荡偏强
2019-11-20,25.0,11.23,14.69,13.67,64.59,震荡偏强
2019-11-21,25.0,11.32,14.81,12.12,63.25,震荡偏强
2019-11-22,25.0,11.43,14.68,9.17,60.28,震荡偏强
2019-11-25,25.0,11.48,14.59,11.46,62.53,震荡偏强
2019-11-26,25.0,11.51,14.72,12.03,63.26,震荡偏强
2019-11-27,25.0,11.36,14.38,11.62,62.36,震荡偏强
2019-11-28,25.0,11.41,14.51,11.22,62.15,震荡偏强
2019-11-29,25.0,11.4,14.31,8.49,59.19,震荡
2019-12-02,25.0,11.43,14.62,9.63,60.68,震荡偏强
2019-12-03,25.0,11.53,14.78,11.4,62.71,震荡偏强
2019-12-04,25.0,11.42,15.31,12.05,63.78,震荡偏强
2019-12-05,25.0,11.52,15.22,14.66,66.4,震荡偏强
2019-12-06,25.0,11.56,15.62,16.75,68.93,震荡偏强
2019-12-09,25.0,11.34,15.76,15.81,67.91,震荡偏强
2019-12-10,25.0,11.45,15.99,16.06,68.49,震荡偏强
2019-12-11,25.0,11.36,16.01,12.02,64.4,震荡偏强
2019-12-12,25.0,11.28,16.12,11.46,63.86,震荡偏强
2019-12-13,22.47,14.74,15.98,17.39,70.57,震荡偏强
2019-12-16,19.73,14.84,15.93,18.27,68.76,震荡偏强
2019-12-17,16.06,14.78,16.51,22.87,70.22,震荡偏强
2019-12-18,16.51,15.0,17.14,21.5,70.15,震荡偏强
2019-12-19,16.82,15.11,17.71,20.7,70.35,震荡偏强
2019-12-20,17.3,15.27,17.97,19.98,70.51,震荡偏强
2019-12-23,20.52,15.3,17.73,15.92,69.47,震荡偏强
2019-12-24,19.49,15.65,16.91,17.35,69.4,震荡偏强
2019-12-25,19.75,15.69,16.04,17.67,69.15,震荡偏强
2019-12-26,17.35,15.69,15.5,19.52,68.05,震荡偏强
2019-12-27,17.32,15.64,15.43,18.72,67.1,震荡偏强
2019-12-30,13.95,15.83,15.52,22.4,67.7,震荡偏强
2019-12-31,13.32,15.97,15.97,23.27,68.52,震荡偏强
2020-01-02,9.92,15.97,15.94,26.34,68.17,震荡偏强
2020-01-03,10.08,15.7,16.3,24.82,66.9,震荡偏强
2020-01-06,11.08,15.62,16.1,23.02,65.83,震荡偏强
2020-01-07,9.55,15.79,17.35,24.64,67.32,震荡偏强
2020-01-08,12.82,15.89,17.17,20.98,66.86,震荡偏强
2020-01-09,10.55,15.78,17.42,23.27,67.02,震荡偏强
2020-01-10,10.29,15.62,17.16,22.18,65.25,震荡偏强
2020-01-13,8.6,15.42,16.9,24.61,65.53,震荡偏强
2020-01-14,9.1,15.4,16.38,22.51,63.4,震荡偏强
2020-01-15,10.6,15.5,16.2,19.75,62.05,震荡偏强
2020-01-16,12.29,15.5,16.19,18.87,62.85,震荡偏强
2020-01-17,12.11,15.47,15.9,18.75,62.22,震荡偏强
2020-01-20,10.44,15.39,15.78,20.33,61.95,震荡偏强
2020-01-21,14.69,15.48,15.6,14.26,60.03,震荡偏强
2020-01-22,13.55,15.29,15.23,14.8,58.87,震荡
2020-01-23,20.51,15.24,14.95,5.83,56.53,震荡
2020-02-03,25.0,15.01,13.05,0.0,53.06,震荡
2020-02-04,25.0,14.87,12.15,0.0,52.02,震荡
2020-02-05,25.0,14.82,11.64,0.0,51.46,震荡
2020-02-06,25.0,14.82,11.87,2.38,54.06,震荡
2020-02-07,25.0,14.87,12.78,2.63,55.28,震荡
2020-02-10,25.0,14.77,14.89,4.45,59.1,震荡
2020-02-11,24.33,14.78,16.76,8.21,64.08,震荡偏强
2020-02-12,23.25,15.04,16.65,10.97,65.91,震荡偏强
2020-02-13,24.3,15.17,17.0,10.01,66.47,震荡偏强
2020-02-14,23.17,15.09,16.32,12.69,67.28,震荡偏强
2020-02-17,18.64,15.25,15.61,19.56,69.07,震荡偏强
2020-02-18,19.96,15.44,16.48,18.3,70.19,震荡偏强
2020-02-19,19.93,15.43,16.37,18.93,70.66,震荡偏强
2020-02-20,14.69,15.43,15.92,25.85,71.89,震荡偏强
2020-02-21,13.58,14.38,17.04,26.91,71.91,震荡偏强
2020-02-24,15.0,14.44,17.31,24.58,71.34,震荡偏强
2020-02-25,17.4,14.44,16.17,24.28,72.29,震荡偏强
2020-02-26,19.4,14.39,15.24,21.85,70.88,震荡偏强
2020-02-27,19.38,14.22,15.28,22.11,70.99,震荡偏强
2020-02-28,25.0,14.07,13.71,11.93,64.71,震荡偏强
2020-03-02,21.22,14.05,11.6,21.12,68.0,震荡偏强
2020-03-03,20.25,14.09,9.76,19.74,63.84,震荡偏强
2020-03-04,18.98,14.12,8.86,20.79,62.75,震荡偏强
2020-03-05,12.87,13.77,8.81,26.92,62.37,震荡偏强
2020-03-06,17.4,13.87,9.34,20.17,60.78,震荡偏强
2020-03-09,24.57,13.79,10.96,10.15,59.46,震荡
2020-03-10,20.77,13.63,8.7,16.16,59.26,震荡
2020-03-11,23.04,13.92,8.82,11.06,56.84,震荡
2020-03-12,25.0,14.08,7.49,6.42,52.99,震荡
2020-03-13,25.0,14.17,5.29,2.38,46.83,震荡
2020-03-16,25.0,6.78,3.95,0.0,35.72,下行
2020-03-17,25.0,6.55,2.68,0.0,34.22,下行
2020-03-18,25.0,6.7,2.29,0.0,33.99,下行
2020-03-19,25.0,6.7,1.7,0.0,33.4,下行
2020-03-20,25.0,6.89,2.36,0.0,34.26,下行
2020-03-23,25.0,6.73,2.64,0.0,34.38,下行
2020-03-24,25.0,6.7,3.28,0.0,34.98,下行
2020-03-25,25.0,7.09,3.14,1.45,36.68,下行
2020-03-26,25.0,7.35,4.11,1.11,37.57,下行
2020-03-27,25.0,7.52,3.41,3.3,39.22,下行
2020-03-30,25.0,7.49,3.38,2.18,38.05,下行
2020-03-31,25.0,7.73,3.94,3.94,40.6,下行
2020-04-01,25.0,7.9,3.78,5.89,42.57,下行
2020-04-02,25.0,7.66,3.18,11.72,47.56,震荡
2020-04-03,25.0,7.83,3.69,11.31,47.84,震荡
2020-04-07,25.0,7.77,3.54,18.82,55.13,震荡
2020-04-08,25.0,8.86,5.53,18.89,58.27,震荡
2020-04-09,25.0,9.58,5.07,20.74,60.39,震荡偏强
2020-04-10,25.0,9.42,6.11,20.53,61.05,震荡偏强
2020-04-13,25.0,9.2,5.78,19.42,59.4,震荡
2020-04-14,25.0,24.19,7.54,24.14,80.87,上行
2020-04-15,25.0,24.53,9.43,21.97,80.93,上行
2020-04-16,25.0,24.76,10.58,21.5,81.83,上行
2020-04-17,25.0,24.73,11.62,23.32,84.67,上行
2020-04-20,25.0,24.91,13.96,23.82,87.69,上行
2020-04-21,25.0,25.0,14.25,19.5,83.75,上行
2020-04-22,25.0,25.0,14.79,21.34,86.12,上行
2020-04-23,25.0,25.0,14.86,20.3,85.16,上行
2020-04-24,25.0,25.0,14.48,17.32,81.8,上行
2020-04-27,25.0,25.0,14.48,18.24,82.72,上行
2020-04-28,25.0,25.0,13.98,19.49,83.46,上行
2020-04-29,25.0,25.0,13.6,20.34,83.94,上行
2020-04-30,21.47,25.0,12.81,23.9,83.18,上行
2020-05-06,20.65,25.0,11.8,23.9,81.35,上行
2020-05-07,21.62,25.0,13.34,22.48,82.44,上行
2020-05-08,19.38,25.0,13.99,25.08,83.46,上行
2020-05-11,19.1,25.0,13.79,23.8,81.69,上行
2020-05-12,19.63,25.0,15.44,23.04,83.11,上行
2020-05-13,19.02,25.0,16.97,22.98,83.97,上行
2020-05-14,21.68,25.0,16.4,19.71,82.79,上行
2020-05-15,22.05,25.0,16.15,17.85,81.06,上行
2020-05-18,21.61,25.0,14.61,18.27,79.49,上行
2020-05-19,19.55,20.5,14.1,19.89,74.05,震荡偏强
2020-05-20,20.68,20.5,14.19,18.24,73.61,震荡偏强
2020-05-21,21.84,20.5,13.15,15.97,71.47,震荡偏强
2020-05-22,25.0,20.5,13.11,9.26,67.87,震荡偏强
2020-05-25,25.0,20.5,12.58,9.46,67.54,震荡偏强
2020-05-26,24.98,20.5,12.56,12.85,70.9,震荡偏强
2020-05-27,25.0,20.5,12.79,11.26,69.54,震荡偏强
2020-05-28,25.0,19.79,12.6,11.48,68.87,震荡偏强
2020-05-29,24.85,19.67,12.53,12.58,69.64,震荡偏强
2020-06-01,18.65,19.51,13.23,19.97,71.35,震荡偏强
2020-06-02,17.81,19.64,15.18,20.54,73.17,震荡偏强
2020-06-03,17.54,18.94,15.37,20.23,72.08,震荡偏强
2020-06-04,18.07,18.15,15.96,20.11,72.28,震荡偏强
2020-06-05,16.83,17.81,16.6,21.68,72.92,震荡偏强
2020-06-08,15.69,17.77,16.73,22.83,73.02,震荡偏强
2020-06-09,13.69,17.68,16.07,24.49,71.92,震荡偏强
2020-06-10,14.72,17.78,15.93,23.46,71.89,震荡偏强
2020-06-11,17.46,17.53,15.88,20.32,71.19,震荡偏强
2020-06-12,17.15,17.34,15.98,20.65,71.11,震荡偏强
2020-06-15,17.44,17.33,16.03,16.15,66.94,震荡偏强
2020-06-16,13.85,17.47,15.46,20.58,67.35,震荡偏强
2020-06-17,13.82,16.79,16.03,20.51,67.15,震荡偏强
2020-06-18,11.92,16.7,15.76,22.28,66.66,震荡偏强
2020-06-19,8.59,16.57,16.28,25.08,66.53,震荡偏强
2020-06-22,8.57,16.66,17.04,24.25,66.51,震荡偏强
2020-06-23,7.96,16.61,17.65,24.65,66.87,震荡偏强
2020-06-24,6.22,16.49,17.37,26.11,66.19,震荡偏强
2020-06-29,8.06,16.66,16.5,22.36,63.58,震荡偏强
2020-06-30,5.87,16.85,16.75,24.88,64.34,震荡偏强
2020-07-01,1.14,16.94,17.94,30.0,66.02,震荡偏强
2020-07-02,0.0,16.82,16.94,30.0,63.76,震荡偏强
2020-07-03,0.0,17.02,18.79,30.0,65.8,震荡偏强
2020-07-06,0.0,17.1,20.0,30.0,67.1,震荡偏强
2020-07-07,0.0,16.61,20.0,30.0,66.61,震荡偏强
2020-07-08,0.0,16.9,20.0,30.0,66.9,震荡偏强
2020-07-09,0.0,16.71,20.0,30.0,66.71,震荡偏强
2020-07-10,0.0,16.93,20.0,30.0,66.93,震荡偏强
2020-07-13,0.0,16.59,20.0,30.0,66.59,震荡偏强
2020-07-14,0.0,16.22,20.0,30.0,66.22,震荡偏强
2020-07-15,0.0,17.24,20.0,30.0,67.24,震荡偏强
2020-07-16,0.0,17.32,20.0,22.05,59.37,震荡
2020-07-17,0.0,17.32,19.23,23.33,59.88,震荡
2020-07-20,0.0,17.59,17.52,29.14,64.25,震荡偏强
2020-07-21,0.0,17.58,16.02,27.74,61.34,震荡偏强
2020-07-22,0.0,17.5,13.29,28.88,59.67,震荡
2020-07-23,0.0,17.75,13.93,25.02,56.69,震荡
2020-07-24,0.0,17.73,14.57,9.98,42.28,下行
2020-07-27,0.0,17.48,11.87,10.35,39.7,下行
2020-07-28,0.0,17.53,11.26,11.21,39.99,下行
2020-07-29,0.0,17.55,11.24,18.13,46.92,震荡
2020-07-30,0.0,17.56,12.7,14.8,45.05,震荡
2020-07-31,0.0,17.42,10.27,16.15,43.84,下行
2020-08-03,0.0,17.52,10.69,20.77,48.99,震荡
2020-08-04,0.0,17.19,10.75,20.73,48.66,震荡
2020-08-05,0.0,16.94,10.09,20.75,47.77,震荡
2020-08-06,0.0,16.81,9.58,19.8,46.18,震荡
2020-08-07,0.0,16.69,8.89,16.82,42.39,下行
2020-08-10,0.0,16.64,7.72,18.17,42.52,下行
2020-08-11,0.0,16.49,6.42,15.53,38.45,下行
2020-08-12,0.0,17.28,6.88,13.76,37.92,下行
2020-08-13,0.0,16.99,5.89,12.39,35.26,下行
2020-08-14,0.0,17.03,6.15,17.61,40.78,下行
2020-08-17,0.0,17.1,6.79,23.39,47.29,震荡
2020-08-18,0.0,17.15,8.77,22.53,48.45,震荡
2020-08-19,0.0,17.32,9.81,17.72,44.85,下行
2020-08-20,0.0,17.22,8.99,14.57,40.78,下行
2020-08-21,0.0,17.15,8.78,16.37,42.3,下行
2020-08-24,0.0,17.08,10.92,17.53,45.53,震荡
2020-08-25,0.0,17.08,10.52,17.45,45.05,震荡
2020-08-26,0.0,17.05,10.37,13.7,41.12,下行
2020-08-27,0.0,16.98,9.03,15.69,41.7,下行
2020-08-28,0.0,16.83,9.91,22.55,49.29,震荡
2020-08-31,0.0,16.8,11.03,19.7,47.54,震荡
2020-09-01,0.0,16.56,10.45,21.58,48.58,震荡
2020-09-02,0.0,16.69,10.5,21.1,48.28,震荡
2020-09-03,0.0,16.68,11.18,19.62,47.48,震荡
2020-09-04,0.0,16.5,11.16,15.99,43.65,下行
2020-09-07,0.0,16.5,10.28,10.1,36.88,下行
2020-09-08,0.0,16.48,8.82,11.52,36.83,下行
2020-09-09,0.0,16.45,8.76,4.78,29.99,极寒
2020-09-10,0.0,16.48,7.52,5.14,29.15,极寒
2020-09-11,0.0,16.98,7.06,7.67,31.71,下行
2020-09-14,0.0,16.75,6.63,9.86,33.24,下行
2020-09-15,0.0,16.81,6.18,12.43,35.42,下行
2020-09-16,0.0,16.84,6.96,10.91,34.72,下行
2020-09-17,0.0,17.14,8.03,9.26,34.43,下行
2020-09-18,0.0,17.14,9.33,16.76,43.23,下行
2020-09-21,0.0,17.15,10.55,13.49,41.19,下行
2020-09-22,0.0,17.27,9.59,10.29,37.15,下行
2020-09-23,0.0,17.08,9.05,11.33,37.45,下行
2020-09-24,0.0,17.05,9.19,6.98,33.22,下行
2020-09-25,0.0,16.94,7.68,8.03,32.65,下行
2020-09-28,0.0,17.11,6.36,9.36,32.82,下行
2020-09-29,0.0,16.83,6.62,10.83,34.27,下行
2020-09-30,0.0,16.88,6.34,10.74,33.96,下行
2020-10-09,0.0,16.96,5.19,17.13,39.28,下行
2020-10-12,0.0,16.59,7.44,26.37,50.41,震荡
2020-10-13,0.0,16.7,10.84,26.83,54.37,震荡
2020-10-14,0.0,16.77,13.8,24.9,55.46,震荡
2020-10-15,0.0,16.66,13.81,23.41,53.88,震荡
2020-10-16,0.0,16.71,15.62,21.86,54.19,震荡
2020-10-19,0.0,16.65,14.33,19.46,50.43,震荡
2020-10-20,0.0,16.5,12.9,20.9,50.31,震荡
2020-10-21,0.0,18.31,12.64,20.93,51.88,震荡
2020-10-22,0.0,18.49,11.13,19.53,49.15,震荡
2020-10-23,0.0,18.72,10.62,15.7,45.04,震荡
2020-10-26,0.0,18.61,9.76,13.63,42.0,下行
2020-10-27,0.0,18.54,8.24,14.48,41.26,下行
2020-10-28,0.0,18.45,8.17,16.67,43.29,下行
2020-10-29,0.0,18.5,8.68,19.0,46.18,震荡
2020-10-30,0.0,18.57,9.4,12.92,40.88,下行
2020-11-02,0.0,18.51,10.31,14.22,43.03,下行
2020-11-03,0.0,18.49,11.08,16.82,46.39,震荡
2020-11-04,0.0,18.52,11.86,18.45,48.83,震荡
2020-11-05,0.0,18.44,11.91,22.22,52.57,震荡
2020-11-06,0.0,18.48,13.47,21.67,53.62,震荡
2020-11-09,0.0,18.31,13.25,27.16,58.73,震荡
2020-11-10,0.0,18.41,14.55,25.11,58.07,震荡
2020-11-11,0.0,18.45,12.59,21.91,52.95,震荡
2020-11-12,0.0,18.44,12.1,21.4,51.94,震荡
2020-11-13,0.0,18.41,11.64,18.05,48.09,震荡
2020-11-16,0.0,18.38,11.13,20.84,50.34,震荡
2020-11-17,0.0,18.36,11.3,19.93,49.59,震荡
2020-11-18,0.0,18.33,11.39,19.19,48.91,震荡
2020-11-19,0.0,18.28,12.4,21.28,51.97,震荡
2020-11-20,0.0,17.74,12.62,21.49,51.85,震荡
2020-11-23,0.0,17.4,13.15,24.02,54.57,震荡
2020-11-24,0.0,17.38,14.62,21.21,53.21,震荡
2020-11-25,0.0,17.37,15.12,16.91,49.39,震荡
2020-11-26,0.0,17.43,14.8,16.92,49.15,震荡
2020-11-27,0.0,17.56,15.1,20.3,52.96,震荡
2020-11-30,0.0,17.67,15.44,18.04,51.14,震荡
2020-12-01,0.0,17.93,15.06,23.77,56.76,震荡
2020-12-02,0.0,17.97,15.31,22.32,55.6,震荡
2020-12-03,0.0,17.85,15.77,21.65,55.28,震荡
2020-12-04,0.0,17.84,15.9,21.73,55.47,震荡
2020-12-07,0.0,17.78,16.04,18.96,52.78,震荡
2020-12-08,0.0,17.75,14.51,17.83,50.09,震荡
2020-12-09,0.0,17.82,15.1,14.11,47.03,震荡
2020-12-10,0.0,17.98,14.67,13.4,46.05,震荡
2020-12-11,0.0,18.2,14.75,9.97,42.91,下行
2020-12-14,0.0,20.43,14.47,12.51,47.42,震荡
2020-12-15,0.0,20.57,14.54,13.26,48.36,震荡
2020-12-16,0.0,20.78,14.66,13.66,49.1,震荡
2020-12-17,0.0,21.07,15.18,17.6,53.84,震荡
2020-12-18,0.0,20.97,15.51,15.72,52.2,震荡
2020-12-21,0.0,21.03,16.01,18.28,55.32,震荡
2020-12-22,0.0,21.16,16.19,13.73,51.07,震荡
2020-12-23,0.0,21.09,16.1,15.88,53.06,震荡
2020-12-24,0.0,21.22,16.34,15.61,53.17,震荡
2020-12-25,0.0,21.23,16.09,17.92,55.25,震荡
2020-12-28,0.0,21.14,16.08,18.45,55.68,震荡
2020-12-29,0.0,21.1,15.85,17.59,54.54,震荡
2020-12-30,0.0,21.07,14.46,21.24,56.77,震荡
2020-12-31,0.0,21.14,15.53,27.2,63.87,震荡偏强
2021-01-04,0.0,21.14,15.6,29.37,66.11,震荡偏强
2021-01-05,0.0,21.07,16.58,30.0,67.65,震荡偏强
2021-01-06,0.0,21.09,16.75,30.0,67.84,震荡偏强
2021-01-07,0.0,21.18,16.96,30.0,68.14,震荡偏强
2021-01-08,0.0,21.61,17.04,30.0,68.65,震荡偏强
2021-01-11,0.0,21.84,18.31,30.0,70.15,震荡偏强
2021-01-12,0.0,21.9,16.83,30.0,68.73,震荡偏强
2021-01-13,0.0,21.62,16.74,30.0,68.36,震荡偏强
2021-01-14,0.0,21.74,16.38,28.58,66.71,震荡偏强
2021-01-15,0.0,21.35,15.58,26.35,63.27,震荡偏强
2021-01-18,0.0,21.09,15.45,24.32,60.86,震荡偏强
2021-01-19,0.0,20.78,15.93,19.18,55.89,震荡
2021-01-20,0.0,20.87,15.4,19.62,55.9,震荡
2021-01-21,0.0,21.22,15.74,23.46,60.42,震荡偏强
2021-01-22,0.0,21.27,16.6,22.23,60.1,震荡偏强
2021-01-25,0.0,21.11,16.69,24.41,62.2,震荡偏强
2021-01-26,0.0,21.05,16.56,16.76,54.37,震荡
2021-01-27,0.0,20.77,15.9,16.19,52.85,震荡
2021-01-28,0.0,20.76,15.44,8.22,44.43,下行
2021-01-29,0.0,20.69,13.37,6.04,40.11,下行
2021-02-01,0.0,20.34,12.47,9.27,42.08,下行
2021-02-02,0.0,20.73,12.36,13.46,46.55,震荡
2021-02-03,0.0,20.93,13.59,13.12,47.65,震荡
2021-02-04,0.0,20.64,13.54,12.86,47.05,震荡
2021-02-05,0.0,20.63,13.4,13.54,47.57,震荡
2021-02-08,0.0,20.57,13.25,17.34,51.16,震荡
2021-02-09,0.0,20.74,13.6,24.78,59.12,震荡
2021-02-10,0.0,20.83,13.43,30.0,64.27,震荡偏强
2021-02-18,0.0,20.85,11.82,27.62,60.29,震荡偏强
2021-02-19,0.0,20.9,13.92,28.59,63.41,震荡偏强
2021-02-22,0.0,18.79,15.76,17.18,51.73,震荡
2021-02-23,0.0,19.04,16.38,16.0,51.43,震荡
2021-02-24,0.0,19.01,16.1,8.17,43.28,下行
2021-02-25,0.0,19.1,16.91,11.15,47.16,震荡
2021-02-26,0.0,19.07,14.74,3.71,37.52,下行
2021-03-01,0.0,19.0,13.33,9.09,41.42,下行
2021-03-02,0.0,18.84,13.39,5.78,38.01,下行
2021-03-03,0.0,18.8,13.23,11.66,43.69,下行
2021-03-04,0.0,18.6,14.51,2.83,35.94,下行
2021-03-05,0.0,18.49,13.92,1.91,34.32,下行
2021-03-08,0.0,18.52,13.92,0.0,32.44,下行
2021-03-09,0.0,18.52,11.97,0.0,30.48,下行
2021-03-10,0.0,18.36,11.07,0.0,29.43,极寒
2021-03-11,0.0,18.14,10.75,0.0,28.89,极寒
2021-03-12,0.0,18.15,11.66,0.37,30.17,下行
2021-03-15,0.0,18.21,11.15,0.0,29.36,极寒
2021-03-16,0.0,18.33,11.09,0.0,29.41,极寒
2021-03-17,0.0,18.32,12.01,2.72,33.05,下行
2021-03-18,0.0,18.44,12.62,6.7,37.76,下行
2021-03-19,0.0,18.42,11.99,0.97,31.38,下行
2021-03-22,0.0,15.83,10.53,5.72,32.07,下行
2021-03-23,0.0,15.78,11.78,4.7,32.26,下行
2021-03-24,0.0,15.68,10.92,1.67,28.26,极寒
2021-03-25,0.0,15.76,11.3,2.96,30.03,下行
2021-03-26,0.0,15.79,11.4,9.89,37.09,下行
2021-03-29,0.0,15.76,12.93,11.56,40.25,下行
2021-03-30,0.0,15.77,11.66,14.92,42.35,下行
2021-03-31,0.0,15.78,12.97,13.93,42.68,下行
2021-04-01,0.0,15.92,11.41,18.12,45.44,震荡
2021-04-02,0.0,15.87,11.55,21.34,48.77,震荡
2021-04-06,0.0,15.99,10.56,19.52,46.07,震荡
2021-04-07,0.0,15.92,10.83,17.09,43.84,下行
2021-04-08,0.0,15.78,10.56,17.42,43.76,下行
2021-04-09,0.0,15.8,9.94,13.48,39.22,下行
2021-04-12,0.0,15.77,9.04,9.05,33.85,下行
2021-04-13,0.0,20.64,9.3,8.9,38.85,下行
2021-04-14,0.0,20.69,9.07,10.86,40.61,下行
2021-04-15,0.0,20.6,8.88,9.63,39.11,下行
2021-04-16,0.0,20.72,8.69,11.09,40.5,下行
2021-04-19,0.0,20.72,9.19,18.33,48.24,震荡
2021-04-20,0.0,20.71,11.92,17.77,50.4,震荡
2021-04-21,0.0,20.84,11.62,18.23,50.69,震荡
2021-04-22,0.0,20.99,12.17,17.52,50.68,震荡
2021-04-23,0.0,21.05,11.67,19.92,52.63,震荡
2021-04-26,0.0,21.08,12.07,15.99,49.15,震荡
2021-04-27,0.0,21.19,11.35,16.63,49.16,震荡
2021-04-28,0.0,21.25,11.99,18.76,52.0,震荡
2021-04-29,0.0,21.32,11.86,21.11,54.29,震荡
2021-04-30,0.56,21.38,12.89,18.4,53.23,震荡
2021-05-06,0.93,21.34,12.78,14.73,49.78,震荡
2021-05-07,1.96,21.34,13.89,11.51,48.7,震荡
2021-05-10,1.92,21.54,14.39,11.74,49.6,震荡
2021-05-11,1.58,21.63,14.62,13.53,51.36,震荡
2021-05-12,0.76,21.72,14.86,15.32,52.67,震荡
2021-05-13,2.0,21.51,16.05,11.92,51.48,震荡
2021-05-14,0.21,21.41,15.42,18.86,55.89,震荡
2021-05-17,0.0,21.45,15.89,21.82,59.16,震荡
2021-05-18,0.0,21.39,15.62,21.21,58.21,震荡
2021-05-19,0.0,18.37,16.11,19.75,54.23,震荡
2021-05-20,0.0,18.4,15.66,20.27,54.33,震荡
2021-05-21,0.39,18.37,13.95,16.87,49.58,震荡
2021-05-24,0.1,18.39,13.53,18.31,50.33,震荡
2021-05-25,0.0,18.17,13.78,27.22,59.16,震荡
2021-05-26,0.0,18.08,15.69,26.7,60.48,震荡偏强
2021-05-27,0.0,17.99,15.71,26.99,60.7,震荡偏强
2021-05-28,0.0,17.97,16.09,25.38,59.44,震荡
2021-05-31,0.0,17.94,16.43,25.1,59.46,震荡
2021-06-01,0.0,17.54,16.76,25.04,59.34,震荡
2021-06-02,0.0,17.56,17.09,22.03,56.68,震荡
2021-06-03,0.0,17.6,16.64,19.07,53.3,震荡
2021-06-04,0.0,17.59,16.18,20.11,53.87,震荡
2021-06-07,0.0,17.63,15.83,18.91,52.37,震荡
2021-06-08,0.0,17.53,15.56,15.86,48.95,震荡
2021-06-09,0.0,17.52,14.98,15.75,48.25,震荡
2021-06-10,0.0,17.31,15.11,16.86,49.28,震荡
2021-06-11,0.0,17.34,15.53,13.75,46.62,震荡
2021-06-15,0.0,17.48,15.36,10.4,43.24,下行
2021-06-16,0.0,17.4,15.26,6.58,39.24,下行
2021-06-17,0.0,17.46,14.95,7.36,39.77,下行
2021-06-18,0.0,17.16,15.32,7.82,40.3,下行
2021-06-21,0.0,17.16,15.14,7.46,39.76,下行
2021-06-22,0.0,17.09,15.88,9.0,41.97,下行
2021-06-23,0.0,17.03,15.79,11.2,44.02,下行
2021-06-24,0.0,17.19,15.17,12.34,44.69,下行
2021-06-25,0.0,17.28,14.27,17.2,48.76,震荡
2021-06-28,0.0,17.36,14.12,17.87,49.35,震荡
2021-06-29,0.0,17.39,13.89,15.09,46.37,震荡
2021-06-30,0.0,17.33,12.69,17.14,47.16,震荡
2021-07-01,0.0,17.36,12.21,17.16,46.74,震荡
2021-07-02,0.0,17.44,11.46,9.47,38.37,下行
2021-07-05,0.0,17.44,10.01,10.37,37.83,下行
2021-07-06,0.0,17.55,10.22,11.24,39.01,下行
2021-07-07,0.0,17.59,10.48,14.49,42.56,下行
2021-07-08,0.0,17.38,11.18,12.29,40.85,下行
2021-07-09,0.0,17.4,11.56,11.41,40.37,下行
2021-07-12,0.0,17.48,11.31,15.53,44.31,下行
2021-07-13,0.0,17.43,11.97,16.41,45.81,震荡
2021-07-14,0.0,16.89,13.03,13.02,42.95,下行
2021-07-15,0.0,17.04,11.3,16.71,45.05,震荡
2021-07-16,0.0,17.12,12.17,13.67,42.96,下行
2021-07-19,0.0,17.11,11.51,14.77,43.4,下行
2021-07-20,0.0,17.14,11.53,13.96,42.63,下行
2021-07-21,0.0,17.08,11.93,16.14,45.15,震荡
2021-07-22,0.0,17.06,12.09,16.37,45.53,震荡
2021-07-23,0.0,17.09,12.84,13.69,43.62,下行
2021-07-26,3.43,17.15,11.05,4.38,36.01,下行
2021-07-27,7.24,17.15,10.11,0.0,34.5,下行
2021-07-28,6.68,17.2,9.26,0.0,33.14,下行
2021-07-29,5.18,17.04,8.94,3.32,34.48,下行
2021-07-30,6.27,16.82,9.64,2.0,34.72,下行
2021-08-02,3.65,16.77,10.82,9.49,40.74,下行
2021-08-03,4.13,16.79,11.56,9.99,42.47,下行
2021-08-04,3.33,16.74,12.27,13.01,45.36,震荡
2021-08-05,3.81,16.53,13.92,11.6,45.87,震荡
2021-08-06,4.76,16.49,13.69,11.0,45.94,震荡
2021-08-09,3.31,16.53,13.75,14.66,48.24,震荡
2021-08-10,2.67,16.47,13.63,18.31,51.09,震荡
2021-08-11,2.86,16.52,13.75,16.89,50.02,震荡
2021-08-12,3.33,14.63,14.33,15.47,47.75,震荡
2021-08-13,3.68,14.57,13.2,14.27,45.72,震荡
2021-08-16,4.06,14.66,13.24,14.57,46.53,震荡
2021-08-17,6.51,14.73,13.08,8.64,42.96,下行
2021-08-18,5.33,14.71,12.08,12.55,44.66,下行
2021-08-19,5.88,14.71,11.97,11.36,43.92,下行
2021-08-20,8.44,14.69,9.81,6.89,39.83,下行
2021-08-23,6.75,14.68,9.15,11.47,42.04,下行
2021-08-24,5.67,14.78,11.5,14.16,46.12,震荡
2021-08-25,5.67,14.72,13.51,14.55,48.45,震荡
2021-08-26,8.25,14.73,13.02,9.49,45.49,震荡
2021-08-27,9.31,14.8,12.84,10.19,47.14,震荡
2021-08-30,14.4,14.79,13.29,9.44,51.92,震荡
2021-08-31,17.7,14.74,12.33,9.66,54.43,震荡
2021-09-01,14.66,14.69,12.32,14.16,55.83,震荡
2021-09-02,14.43,14.66,12.39,14.11,55.59,震荡
2021-09-03,15.37,14.68,13.31,12.7,56.07,震荡
2021-09-06,12.82,14.7,13.91,17.93,59.35,震荡
2021-09-07,10.65,14.58,14.1,21.87,61.21,震荡偏强
2021-09-08,11.37,14.62,15.22,20.7,61.91,震荡偏强
2021-09-09,10.68,14.64,15.75,20.59,61.66,震荡偏强
2021-09-10,9.02,14.69,16.27,23.34,63.32,震荡偏强
2021-09-13,9.05,13.59,17.29,21.55,61.48,震荡偏强
2021-09-14,12.74,13.56,16.22,17.27,59.79,震荡
2021-09-15,13.95,13.52,15.06,14.1,56.64,震荡
2021-09-16,16.01,13.54,14.52,10.82,54.88,震荡
2021-09-17,14.5,13.45,14.05,12.89,54.9,震荡
2021-09-22,15.67,13.61,13.59,10.93,53.79,震荡
2021-09-23,14.56,13.49,12.91,12.78,53.74,震荡
2021-09-24,15.43,13.5,12.36,13.32,54.62,震荡
2021-09-27,14.3,13.62,11.67,15.02,54.6,震荡
2021-09-28,13.85,13.68,11.67,14.31,53.52,震荡
2021-09-29,16.2,13.61,12.42,12.2,54.42,震荡
2021-09-30,14.9,13.62,11.08,12.88,52.48,震荡
2021-10-08,13.08,13.78,9.09,16.99,52.94,震荡
2021-10-11,12.63,13.81,9.26,16.75,52.45,震荡
2021-10-12,14.14,13.89,9.74,13.51,51.27,震荡
2021-10-13,13.13,13.92,8.77,16.86,52.69,震荡
2021-10-14,13.64,13.75,9.05,15.49,51.92,震荡
2021-10-15,13.06,13.73,9.58,17.05,53.42,震荡
2021-10-18,14.4,13.77,9.13,13.83,51.13,震荡
2021-10-19,13.0,13.77,8.25,16.96,51.98,震荡
2021-10-20,13.53,13.63,8.83,16.37,52.36,震荡
2021-10-21,12.95,13.68,9.92,17.68,54.23,震荡
2021-10-22,12.34,11.87,11.18,19.4,54.79,震荡
2021-10-25,11.76,12.02,12.12,19.92,55.82,震荡
2021-10-26,12.66,12.02,12.52,18.57,55.77,震荡
2021-10-27,14.96,11.98,12.74,14.36,54.05,震荡
2021-10-28,16.99,11.98,12.37,13.02,54.36,震荡
2021-10-29,14.38,11.92,12.66,14.8,53.77,震荡
2021-11-01,18.21,11.92,12.94,13.83,56.9,震荡
2021-11-02,20.11,11.81,12.7,10.82,55.45,震荡
2021-11-03,21.09,11.75,11.97,9.7,54.52,震荡
2021-11-04,19.4,11.87,11.93,12.52,55.72,震荡
2021-11-05,20.43,11.85,13.02,11.74,57.04,震荡
2021-11-08,20.22,11.81,12.84,11.76,56.63,震荡
2021-11-09,20.19,11.87,12.68,11.74,56.49,震荡
2021-11-10,21.36,11.82,13.14,10.58,56.89,震荡
2021-11-11,19.08,11.86,12.42,15.45,58.81,震荡
2021-11-12,19.43,11.99,13.38,15.44,60.23,震荡偏强
2021-11-15,19.69,12.02,14.02,15.02,60.74,震荡偏强
2021-11-16,19.55,11.98,14.93,14.89,61.35,震荡偏强
2021-11-17,19.32,12.01,14.57,14.89,60.79,震荡偏强
2021-11-18,20.82,12.04,14.24,12.5,59.61,震荡
2021-11-19,19.0,10.47,12.62,16.03,58.12,震荡
2021-11-22,17.99,10.51,12.19,17.03,57.73,震荡
2021-11-23,17.7,10.34,12.86,17.36,58.27,震荡
2021-11-24,17.44,10.32,13.7,17.95,59.4,震荡
2021-11-25,18.63,10.23,14.18,16.71,59.74,震荡
2021-11-26,19.79,10.24,13.68,14.3,58.0,震荡
2021-11-29,20.19,10.14,12.58,13.98,56.89,震荡
2021-11-30,20.79,10.06,12.33,12.9,56.08,震荡
2021-12-01,19.79,9.98,11.7,13.59,55.06,震荡
2021-12-02,19.26,10.0,11.83,14.21,55.31,震荡
2021-12-03,17.41,10.1,11.53,16.77,55.81,震荡
2021-12-06,17.73,10.06,12.66,16.3,56.74,震荡
2021-12-07,16.64,9.98,12.56,17.74,56.93,震荡
2021-12-08,14.51,9.97,13.25,21.53,59.26,震荡
2021-12-09,12.08,9.99,14.37,26.03,62.46,震荡偏强
2021-12-10,13.11,9.99,14.8,24.58,62.48,震荡偏强
2021-12-13,1.92,13.37,14.9,24.77,54.96,震荡
2021-12-14,2.82,13.47,15.31,22.4,54.0,震荡
2021-12-15,3.43,13.6,15.6,19.27,51.9,震荡
2021-12-16,2.95,13.69,15.42,20.31,52.38,震荡
2021-12-17,4.17,13.69,15.42,15.76,49.02,震荡
2021-12-20,6.01,13.7,14.98,11.35,46.04,震荡
2021-12-21,5.33,13.55,14.48,12.62,45.99,震荡
2021-12-22,5.49,13.49,14.4,12.85,46.21,震荡
2021-12-23,4.14,13.48,14.47,14.99,47.09,震荡
2021-12-24,5.3,13.5,14.55,13.44,46.79,震荡
2021-12-27,5.46,13.46,14.46,13.46,46.85,震荡
2021-12-28,4.17,13.52,14.84,14.67,47.19,震荡
2021-12-29,6.36,13.49,15.06,10.57,45.47,震荡
2021-12-30,5.78,13.67,14.88,12.53,46.86,震荡
2021-12-31,5.33,13.81,14.96,13.16,47.25,震荡
2022-01-04,5.85,13.9,15.01,12.04,46.8,震荡
2022-01-05,6.75,14.05,15.0,9.42,45.21,震荡
2022-01-06,8.04,14.06,14.52,6.62,43.25,下行
2022-01-07,7.54,14.01,14.65,8.09,44.29,下行
2022-01-10,6.94,14.02,13.1,9.55,43.61,下行
2022-01-11,8.41,14.09,13.21,7.7,43.41,下行
2022-01-12,7.28,14.26,12.02,11.44,44.99,下行
2022-01-13,9.36,15.0,12.57,7.26,44.19,下行
2022-01-14,11.74,14.78,12.23,5.52,44.26,下行
2022-01-17,10.5,14.81,12.3,8.59,46.19,震荡
2022-01-18,8.52,14.95,13.33,11.61,48.41,震荡
2022-01-19,9.68,15.09,13.6,6.06,44.43,下行
2022-01-20,8.36,15.34,13.61,8.86,46.18,震荡
2022-01-21,9.92,15.4,13.95,7.49,46.76,震荡
2022-01-24,9.76,15.66,13.45,8.24,47.11,震荡
2022-01-25,13.95,15.64,12.9,2.69,45.18,震荡
2022-01-26,12.63,15.54,12.36,5.25,45.77,震荡
2022-01-27,15.37,15.45,12.27,1.24,44.33,下行
2022-01-28,17.38,15.65,11.29,0.0,44.32,下行
2022-02-07,13.95,15.7,8.28,3.75,41.68,下行
2022-02-08,13.93,15.66,8.9,3.54,42.03,下行
2022-02-09,12.84,15.52,9.46,6.9,44.71,下行
2022-02-10,13.11,15.5,9.87,6.98,45.47,震荡
2022-02-11,13.66,15.46,11.68,5.64,46.45,震荡
2022-02-14,15.78,15.41,12.18,3.65,47.02,震荡
2022-02-15,14.32,15.45,11.16,7.18,48.11,震荡
2022-02-16,13.66,15.47,11.36,9.48,49.97,震荡
2022-02-17,13.56,15.48,10.33,10.81,50.18,震荡
2022-02-18,12.76,15.54,10.69,12.82,51.82,震荡
2022-02-21,13.34,15.56,11.31,12.39,52.6,震荡
2022-02-22,15.46,14.79,11.05,9.52,50.82,震荡
2022-02-23,13.93,14.58,10.07,13.15,51.73,震荡
2022-02-24,17.12,14.46,10.21,8.57,50.36,震荡
2022-02-25,16.17,14.49,8.16,11.54,50.36,震荡
2022-02-28,15.54,14.63,8.08,12.62,50.86,震荡
2022-03-01,13.98,14.67,7.68,15.33,51.65,震荡
2022-03-02,15.4,14.77,8.39,13.47,52.03,震荡
2022-03-03,16.01,14.76,7.81,11.84,50.42,震荡
2022-03-04,18.36,14.68,9.51,8.7,51.25,震荡
2022-03-07,23.95,14.64,10.49,0.0,49.08,震荡
2022-03-08,25.0,14.69,9.05,0.0,48.74,震荡
2022-03-09,25.0,14.97,7.9,0.0,47.87,震荡
2022-03-10,25.0,14.92,6.2,0.0,46.12,震荡
2022-03-11,25.0,14.9,5.48,2.03,47.41,震荡
2022-03-14,25.0,14.62,5.01,0.0,44.63,下行
2022-03-15,25.0,14.65,3.97,0.0,43.62,下行
2022-03-16,25.0,14.61,3.27,0.0,42.89,下行
2022-03-17,25.0,14.36,3.6,2.46,45.42,震荡
2022-03-18,25.0,14.32,3.48,5.63,48.42,震荡
2022-03-21,25.0,14.87,3.36,6.46,49.69,震荡
2022-03-22,25.0,14.87,3.77,7.25,50.89,震荡
2022-03-23,25.0,14.84,4.67,10.13,54.63,震荡
2022-03-24,25.0,14.82,4.83,9.23,53.87,震荡
2022-03-25,25.0,14.73,4.92,5.22,49.87,震荡
2022-03-28,25.0,14.74,5.0,4.92,49.65,震荡
2022-03-29,25.0,14.62,4.57,5.29,49.48,震荡
2022-03-30,25.0,14.53,4.43,15.09,59.05,震荡
2022-03-31,25.0,14.6,4.79,14.05,58.44,震荡
2022-04-01,25.0,14.77,4.6,18.47,62.84,震荡偏强
2022-04-06,25.0,14.93,4.6,17.94,62.47,震荡偏强
2022-04-07,25.0,14.92,5.36,14.45,59.73,震荡
2022-04-08,25.0,14.91,6.02,16.41,62.34,震荡偏强
2022-04-11,25.0,14.9,6.47,7.65,54.01,震荡
2022-04-12,25.0,14.74,6.0,13.14,58.88,震荡
2022-04-13,25.0,14.68,8.08,10.97,58.74,震荡
2022-04-14,25.0,12.16,8.74,13.37,59.27,震荡
2022-04-15,25.0,12.32,10.59,13.1,61.01,震荡偏强
2022-04-18,25.0,12.42,10.35,11.92,59.69,震荡
2022-04-19,25.0,12.47,10.35,10.43,58.25,震荡
2022-04-20,25.0,12.48,9.27,6.08,52.83,震荡
2022-04-21,25.0,12.35,9.8,2.07,49.23,震荡
2022-04-22,25.0,12.38,9.26,3.71,50.35,震荡
2022-04-25,25.0,12.39,9.68,0.0,47.07,震荡
2022-04-26,25.0,12.39,7.48,0.0,44.87,下行
2022-04-27,25.0,12.39,6.53,0.0,43.92,下行
2022-04-28,25.0,12.34,6.46,1.58,45.38,震荡
2022-04-29,25.0,12.16,6.43,9.74,53.34,震荡
2022-05-05,25.0,12.24,5.59,9.42,52.25,震荡
2022-05-06,25.0,12.18,6.89,3.58,47.65,震荡
2022-05-09,25.0,12.12,7.98,2.58,47.68,震荡
2022-05-10,25.0,12.19,8.99,6.97,53.15,震荡
2022-05-11,25.0,12.32,9.02,12.04,58.37,震荡
2022-05-12,25.0,12.31,10.36,11.1,58.76,震荡
2022-05-13,25.0,12.31,10.19,14.12,61.62,震荡偏强
2022-05-16,25.0,12.4,9.51,12.5,59.41,震荡
2022-05-17,25.0,12.54,8.71,16.88,63.13,震荡偏强
2022-05-18,25.0,12.61,9.13,16.56,63.31,震荡偏强
2022-05-19,25.0,12.53,8.64,17.88,64.05,震荡偏强
2022-05-20,25.0,6.82,9.15,24.46,65.43,震荡偏强
2022-05-23,25.0,6.79,10.67,22.1,64.56,震荡偏强
2022-05-24,25.0,6.81,10.91,15.99,58.71,震荡
2022-05-25,25.0,6.74,9.59,17.38,58.71,震荡
2022-05-26,25.0,6.66,9.35,17.45,58.46,震荡
2022-05-27,25.0,6.59,9.78,17.37,58.75,震荡
2022-05-30,25.0,6.54,9.82,18.59,59.94,震荡
2022-05-31,25.0,6.59,9.8,22.74,64.13,震荡偏强
2022-06-01,25.0,6.5,11.51,22.03,65.04,震荡偏强
2022-06-02,25.0,6.53,10.85,22.5,64.87,震荡偏强
2022-06-06,25.0,6.52,11.03,27.59,70.14,震荡偏强
2022-06-07,25.0,6.38,13.42,26.83,71.63,震荡偏强
2022-06-08,25.0,6.33,14.27,28.76,74.36,震荡偏强
2022-06-09,25.0,6.41,15.62,25.39,72.42,震荡偏强
2022-06-10,25.0,6.46,15.89,28.54,75.89,上行
2022-06-13,25.0,6.41,16.25,23.89,71.55,震荡偏强
2022-06-14,24.93,6.44,16.16,25.74,73.28,震荡偏强
2022-06-15,22.44,6.46,16.3,28.25,73.45,震荡偏强
2022-06-16,24.45,6.49,16.4,25.24,72.58,震荡偏强
2022-06-17,21.78,12.49,16.78,28.59,79.64,上行
2022-06-20,21.75,12.61,16.76,29.12,80.24,上行
2022-06-21,21.46,12.58,16.71,27.87,78.62,上行
2022-06-22,24.64,12.48,16.28,23.06,76.46,上行
2022-06-23,20.7,12.48,16.26,27.02,76.45,上行
2022-06-24,18.63,12.53,16.25,28.87,76.29,上行
2022-06-27,17.23,12.59,16.25,30.0,76.07,上行
2022-06-28,15.67,12.5,16.31,30.0,74.49,震荡偏强
2022-06-29,17.55,12.47,16.91,27.2,74.13,震荡偏强
2022-06-30,15.7,12.77,16.47,29.15,74.08,震荡偏强
2022-07-01,16.55,12.77,16.5,26.66,72.48,震荡偏强
2022-07-04,15.36,12.9,16.32,27.35,71.92,震荡偏强
2022-07-05,15.62,12.72,16.35,25.49,70.18,震荡偏强
2022-07-06,18.03,12.54,16.06,20.63,67.26,震荡偏强
2022-07-07,17.47,12.57,15.93,20.75,66.72,震荡偏强
2022-07-08,18.45,12.7,15.58,19.73,66.45,震荡偏强
2022-07-11,22.31,12.65,14.45,13.89,63.3,震荡偏强
2022-07-12,24.37,12.74,15.02,11.04,63.18,震荡偏强
2022-07-13,24.34,12.75,13.72,11.27,62.09,震荡偏强
2022-07-14,25.0,15.05,11.69,11.0,62.74,震荡偏强
2022-07-15,25.0,15.11,10.95,6.67,57.73,震荡
2022-07-18,25.0,15.13,9.03,9.8,58.96,震荡
2022-07-19,25.0,15.09,10.82,8.37,59.28,震荡
2022-07-20,25.0,15.07,10.37,9.05,59.49,震荡
2022-07-21,25.0,15.06,11.36,6.26,57.68,震荡
2022-07-22,25.0,15.08,9.64,6.87,56.59,震荡
2022-07-25,25.0,15.15,9.06,6.27,55.48,震荡
2022-07-26,25.0,15.19,7.5,8.96,56.65,震荡
2022-07-27,25.0,15.33,7.6,7.93,55.85,震荡
2022-07-28,25.0,15.36,7.5,8.9,56.76,震荡
2022-07-29,25.0,15.24,8.07,5.76,54.07,震荡
2022-08-01,25.0,15.37,7.94,7.95,56.26,震荡
2022-08-02,25.0,15.49,8.04,4.19,52.72,震荡
2022-08-03,25.0,15.58,7.06,2.16,49.81,震荡
2022-08-04,25.0,15.71,6.65,5.39,52.74,震荡
2022-08-05,25.0,15.68,6.43,10.78,57.89,震荡
2022-08-08,25.0,15.71,6.94,10.43,58.09,震荡
2022-08-09,25.0,15.61,6.98,11.41,59.0,震荡
2022-08-10,25.0,15.27,8.35,8.91,57.53,震荡
2022-08-11,25.0,15.11,8.77,15.49,64.37,震荡偏强
2022-08-12,25.0,10.5,10.15,15.71,61.36,震荡偏强
2022-08-15,25.0,10.52,11.0,15.34,61.85,震荡偏强
2022-08-16,25.0,10.76,10.77,14.93,61.46,震荡偏强
2022-08-17,25.0,10.46,11.75,18.03,65.23,震荡偏强
2022-08-18,25.0,10.37,12.13,15.57,63.08,震荡偏强
2022-08-19,25.0,10.35,11.96,13.73,61.04,震荡偏强
2022-08-22,25.0,10.33,11.89,15.77,62.99,震荡偏强
2022-08-23,25.0,10.22,12.5,15.05,62.78,震荡偏强
2022-08-24,25.0,10.26,10.87,10.04,56.17,震荡
2022-08-25,25.0,10.26,9.84,12.95,58.05,震荡
2022-08-26,25.0,10.33,9.34,12.68,57.35,震荡
2022-08-29,25.0,10.37,10.15,11.21,56.73,震荡
2022-08-30,25.0,10.47,10.01,10.66,56.14,震荡
2022-08-31,25.0,10.52,9.38,10.59,55.49,震荡
2022-09-01,25.0,10.59,10.07,8.32,53.98,震荡
2022-09-02,25.0,10.58,10.21,7.15,52.93,震荡
2022-09-05,25.0,10.72,9.67,7.43,52.82,震荡
2022-09-06,25.0,10.89,9.07,9.86,54.82,震荡
2022-09-07,25.0,10.85,9.13,10.6,55.58,震荡
2022-09-08,25.0,10.82,10.34,9.85,56.01,震荡
2022-09-09,25.0,10.83,9.14,14.36,59.34,震荡
2022-09-13,25.0,12.31,9.89,15.63,62.83,震荡偏强
2022-09-14,25.0,12.35,10.25,12.7,60.29,震荡偏强
2022-09-15,25.0,12.44,9.85,10.69,57.98,震荡
2022-09-16,25.0,12.41,8.11,5.02,50.53,震荡
2022-09-19,25.0,12.32,7.79,4.99,50.1,震荡
2022-09-20,25.0,12.4,8.11,6.0,51.51,震荡
2022-09-21,25.0,12.42,7.61,4.73,49.76,震荡
2022-09-22,25.0,12.32,8.28,3.36,48.97,震荡
2022-09-23,25.0,12.49,8.88,3.68,50.05,震荡
2022-09-26,25.0,12.67,8.58,2.82,49.06,震荡
2022-09-27,25.0,12.7,8.28,7.23,53.22,震荡
2022-09-28,25.0,12.57,8.24,3.97,49.78,震荡
2022-09-29,25.0,12.8,7.75,4.93,50.48,震荡
2022-09-30,25.0,12.66,7.09,3.85,48.6,震荡
2022-10-10,25.0,12.74,6.37,0.0,44.11,下行
2022-10-11,25.0,12.9,7.18,0.0,45.08,震荡
2022-10-12,25.0,12.93,7.84,5.44,51.22,震荡
2022-10-13,25.0,12.81,8.59,4.06,50.46,震荡
2022-10-14,25.0,12.78,8.58,11.47,57.82,震荡
2022-10-17,25.0,12.72,10.68,12.36,60.76,震荡偏强
2022-10-18,25.0,12.72,9.08,12.88,59.68,震荡
2022-10-19,25.0,12.7,8.55,9.46,55.7,震荡
2022-10-20,25.0,12.74,7.81,9.54,55.09,震荡
2022-10-21,25.0,15.4,7.61,8.59,56.6,震荡
2022-10-24,25.0,15.36,6.81,2.08,49.25,震荡
2022-10-25,25.0,15.29,5.3,1.96,47.55,震荡
2022-10-26,25.0,15.31,5.02,5.06,50.39,震荡
2022-10-27,25.0,15.26,5.75,3.94,49.94,震荡
2022-10-28,25.0,15.25,6.05,0.0,46.3,震荡
2022-10-31,25.0,15.11,5.28,0.0,45.38,震荡
2022-11-01,25.0,14.98,4.58,8.4,52.95,震荡
2022-11-02,25.0,15.02,4.99,11.71,56.72,震荡
2022-11-03,25.0,15.14,4.79,10.06,54.98,震荡
2022-11-04,25.0,15.11,5.08,20.3,65.49,震荡偏强
2022-11-07,25.0,15.16,6.09,20.12,66.38,震荡偏强
2022-11-08,25.0,15.03,6.21,18.19,64.43,震荡偏强
2022-11-09,25.0,14.8,6.06,15.31,61.18,震荡偏强
2022-11-10,25.0,14.78,6.03,13.9,59.71,震荡
2022-11-11,25.0,14.75,5.95,21.94,67.64,震荡偏强
2022-11-14,25.0,14.77,6.23,22.31,68.31,震荡偏强
2022-11-15,25.0,14.52,8.04,28.17,75.73,上行
2022-11-16,25.0,14.34,9.39,25.61,74.34,震荡偏强
2022-11-17,25.0,14.2,10.02,24.03,73.25,震荡偏强
2022-11-18,25.0,14.17,10.93,22.73,72.83,震荡偏强
2022-11-21,25.0,11.01,12.22,19.58,67.81,震荡偏强
2022-11-22,25.0,11.01,14.13,18.85,68.99,震荡偏强
2022-11-23,25.0,11.15,13.26,18.61,68.03,震荡偏强
2022-11-24,25.0,11.22,13.01,16.68,65.92,震荡偏强
2022-11-25,25.0,11.31,12.86,17.42,66.59,震荡偏强
2022-11-28,25.0,11.45,13.71,12.98,63.14,震荡偏强
2022-11-29,25.0,11.49,13.79,21.27,71.55,震荡偏强
2022-11-30,25.0,11.35,14.43,20.81,71.6,震荡偏强
2022-12-01,25.0,11.33,14.4,23.33,74.06,震荡偏强
2022-12-02,25.0,11.33,14.44,21.15,71.91,震荡偏强
2022-12-05,25.0,11.4,14.63,25.99,77.02,上行
2022-12-06,25.0,11.47,15.22,26.9,78.6,上行
2022-12-07,25.0,11.25,15.08,24.99,76.33,上行
2022-12-08,25.0,11.04,15.42,24.6,76.06,上行
2022-12-09,25.0,11.05,15.36,26.38,77.79,上行
2022-12-12,25.0,10.92,15.51,22.5,73.93,震荡偏强
2022-12-13,25.0,6.37,15.31,21.34,68.03,震荡偏强
2022-12-14,25.0,6.01,14.5,21.64,67.15,震荡偏强
2022-12-15,25.0,6.24,14.25,20.97,66.46,震荡偏强
2022-12-16,25.0,6.34,14.78,20.69,66.81,震荡偏强
2022-12-19,25.0,6.39,14.5,15.79,61.68,震荡偏强
2022-12-20,25.0,6.44,14.07,10.76,56.27,震荡
2022-12-21,25.0,6.51,14.23,10.32,56.05,震荡
2022-12-22,25.0,6.42,14.16,10.6,56.18,震荡
2022-12-23,25.0,6.49,13.75,9.65,54.88,震荡
2022-12-26,25.0,6.5,13.33,9.93,54.75,震荡
2022-12-27,25.0,6.47,14.24,13.33,59.04,震荡
2022-12-28,25.0,6.46,13.85,12.26,57.57,震荡
2022-12-29,25.0,6.29,13.8,11.48,56.58,震荡
2022-12-30,25.0,6.57,12.91,12.68,57.16,震荡
2023-01-03,25.0,6.55,12.39,13.71,57.66,震荡
2023-01-04,25.0,6.65,11.77,14.37,57.79,震荡
2023-01-05,25.0,6.76,11.89,19.99,63.64,震荡偏强
2023-01-06,25.0,6.76,13.47,21.12,66.35,震荡偏强
2023-01-09,25.0,6.6,13.84,22.97,68.4,震荡偏强
2023-01-10,25.0,6.52,15.34,23.19,70.05,震荡偏强
2023-01-11,25.0,6.39,15.13,22.91,69.43,震荡偏强
2023-01-12,25.0,6.6,15.0,23.11,69.71,震荡偏强
2023-01-13,25.0,6.73,14.73,27.27,73.73,震荡偏强
2023-01-16,25.0,6.81,14.67,26.7,73.18,震荡偏强
2023-01-17,25.0,6.67,14.5,25.7,71.87,震荡偏强
2023-01-18,25.0,6.67,14.35,24.12,70.14,震荡偏强
2023-01-19,25.0,6.64,14.21,25.19,71.04,震荡偏强
2023-01-20,25.0,6.66,14.2,25.82,71.69,震荡偏强
2023-01-30,25.0,6.71,13.2,26.4,71.3,震荡偏强
2023-01-31,25.0,6.52,14.46,22.01,67.98,震荡偏强
2023-02-01,25.0,6.52,14.91,23.38,69.81,震荡偏强
2023-02-02,25.0,6.51,15.85,21.71,69.08,震荡偏强
2023-02-03,25.0,6.52,16.36,17.76,65.65,震荡偏强
2023-02-06,25.0,6.5,17.68,13.07,62.25,震荡偏强
2023-02-07,25.0,6.41,16.74,13.29,61.45,震荡偏强
2023-02-08,25.0,6.38,16.85,11.62,59.85,震荡
2023-02-09,25.0,6.31,16.29,15.2,62.8,震荡偏强
2023-02-10,25.0,6.36,16.23,13.24,60.83,震荡偏强
2023-02-13,25.0,6.42,15.97,15.33,62.72,震荡偏强
2023-02-14,25.0,6.38,16.0,15.74,63.12,震荡偏强
2023-02-15,25.0,6.38,15.83,13.56,60.78,震荡偏强
2023-02-16,25.0,6.37,16.0,11.44,58.81,震荡
2023-02-17,25.0,6.35,15.47,7.64,54.46,震荡
2023-02-20,25.0,6.3,15.33,15.3,61.93,震荡偏强
2023-02-21,25.0,14.08,15.42,15.66,70.17,震荡偏强
2023-02-22,25.0,14.05,15.31,12.87,67.23,震荡偏强
2023-02-23,25.0,14.11,15.24,13.08,67.43,震荡偏强
2023-02-24,25.0,14.06,15.47,10.68,65.21,震荡偏强
2023-02-27,25.0,14.01,14.74,10.16,63.92,震荡偏强
2023-02-28,25.0,13.99,12.15,12.38,63.52,震荡偏强
2023-03-01,25.0,13.96,10.89,16.21,66.07,震荡偏强
2023-03-02,25.0,14.07,10.99,16.09,66.14,震荡偏强
2023-03-03,25.0,14.11,10.8,16.79,66.71,震荡偏强
2023-03-06,25.0,14.13,11.51,14.89,65.53,震荡偏强
2023-03-07,25.0,14.11,12.0,10.9,62.01,震荡偏强
2023-03-08,25.0,14.15,12.1,9.89,61.14,震荡偏强
2023-03-09,25.0,14.16,11.93,9.56,60.65,震荡偏强
2023-03-10,25.0,14.13,10.48,6.03,55.64,震荡
2023-03-13,25.0,14.09,9.96,9.73,58.79,震荡
2023-03-14,25.0,14.09,9.92,8.49,57.5,震荡
2023-03-15,25.0,21.22,10.28,8.91,65.41,震荡偏强
2023-03-16,25.0,21.22,10.74,6.06,63.02,震荡偏强
2023-03-17,25.0,21.2,9.84,7.89,63.93,震荡偏强
2023-03-20,25.0,21.31,10.79,6.98,64.08,震荡偏强
2023-03-21,25.0,21.41,10.36,10.78,67.54,震荡偏强
2023-03-22,25.0,21.39,10.68,12.51,69.58,震荡偏强
2023-03-23,25.0,21.35,11.48,15.59,73.42,震荡偏强
2023-03-24,25.0,21.38,12.64,15.35,74.36,震荡偏强
2023-03-27,25.0,21.4,13.27,13.93,73.59,震荡偏强
2023-03-28,25.0,21.32,13.75,13.61,73.68,震荡偏强
2023-03-29,25.0,21.27,13.8,14.06,74.13,震荡偏强
2023-03-30,25.0,21.29,13.17,17.57,77.02,上行
2023-03-31,25.0,21.33,13.2,18.59,78.12,上行
2023-04-03,25.0,21.41,12.82,20.92,80.15,上行
2023-04-04,23.82,21.4,13.1,22.19,80.52,上行
2023-04-06,24.14,21.36,12.76,21.06,79.32,上行
2023-04-07,22.66,21.33,13.09,22.84,79.93,上行
2023-04-10,23.27,21.25,13.12,21.18,78.82,上行
2023-04-11,23.74,21.24,13.51,20.1,78.59,上行
2023-04-12,22.53,21.08,12.81,19.4,75.82,上行
2023-04-13,24.11,20.72,12.73,17.22,74.79,震荡偏强
2023-04-14,21.53,20.78,11.8,18.21,72.33,震荡偏强
2023-04-17,16.2,20.76,12.45,22.02,71.43,震荡偏强
2023-04-18,13.74,20.84,12.19,21.7,68.47,震荡偏强
2023-04-19,15.9,20.8,12.28,18.73,67.72,震荡偏强
2023-04-20,15.88,20.81,11.44,17.14,65.26,震荡偏强
2023-04-21,21.5,20.8,12.19,11.77,66.26,震荡偏强
2023-04-24,23.65,20.76,10.27,8.18,62.86,震荡偏强
2023-04-25,24.84,20.7,9.7,6.94,62.18,震荡偏强
2023-04-26,25.0,20.69,8.63,6.44,60.76,震荡偏强
2023-04-27,25.0,20.72,8.21,9.06,62.99,震荡偏强
2023-04-28,23.91,20.84,7.01,12.0,63.76,震荡偏强
2023-05-04,21.19,20.78,6.72,12.09,60.78,震荡偏强
2023-05-05,21.9,20.75,6.99,11.17,60.81,震荡偏强
2023-05-08,15.09,20.83,7.25,14.66,57.84,震荡
2023-05-09,18.18,20.78,8.57,12.33,59.86,震荡
2023-05-10,22.84,20.75,9.56,10.5,63.66,震荡偏强
2023-05-11,24.45,20.8,11.14,10.57,66.95,震荡偏强
2023-05-12,25.0,20.83,10.81,7.36,64.0,震荡偏强
2023-05-15,23.76,20.87,10.58,12.39,67.59,震荡偏强
2023-05-16,25.0,20.81,11.18,11.43,68.43,震荡偏强
2023-05-17,25.0,20.72,10.74,9.91,66.36,震荡偏强
2023-05-18,25.0,20.74,10.26,10.55,66.54,震荡偏强
2023-05-19,25.0,10.58,10.18,10.87,56.63,震荡
2023-05-22,25.0,10.71,9.86,12.95,58.52,震荡
2023-05-23,25.0,10.88,10.07,9.39,55.34,震荡
2023-05-24,25.0,10.97,8.63,6.04,50.63,震荡
2023-05-25,25.0,10.89,8.94,5.85,50.68,震荡
2023-05-26,25.0,10.89,8.05,6.63,50.57,震荡
2023-05-29,25.0,11.0,7.78,5.85,49.63,震荡
2023-05-30,25.0,10.94,8.04,6.7,50.68,震荡
2023-05-31,25.0,11.07,8.43,4.78,49.27,震荡
2023-06-01,25.0,11.16,7.93,6.18,50.28,震荡
2023-06-02,25.0,11.22,8.01,10.78,55.01,震荡
2023-06-05,25.0,11.2,8.53,10.19,54.92,震荡
2023-06-06,25.0,11.36,8.2,8.14,52.7,震荡
2023-06-07,25.0,11.53,7.52,7.94,51.99,震荡
2023-06-08,25.0,11.47,7.1,11.0,54.58,震荡
2023-06-09,25.0,11.31,7.17,12.58,56.06,震荡
2023-06-12,25.0,11.3,7.19,13.45,56.94,震荡
2023-06-13,25.0,11.17,6.55,16.1,58.81,震荡
2023-06-14,25.0,11.07,7.33,16.38,59.78,震荡
2023-06-15,25.0,9.5,6.98,21.47,62.95,震荡偏强
2023-06-16,25.0,9.48,8.33,24.2,67.02,震荡偏强
2023-06-19,25.0,9.38,9.64,21.93,65.95,震荡偏强
2023-06-20,25.0,9.53,9.34,21.25,65.12,震荡偏强
2023-06-21,25.0,9.54,10.49,16.85,61.88,震荡偏强
2023-06-26,25.0,9.57,10.08,13.44,58.09,震荡
2023-06-27,25.0,9.6,10.87,15.38,60.85,震荡偏强
2023-06-28,25.0,9.52,11.54,15.84,61.9,震荡偏强
2023-06-29,25.0,9.53,10.26,14.36,59.15,震荡
2023-06-30,25.0,9.56,9.33,15.83,59.72,震荡
2023-07-03,25.0,9.6,10.59,18.86,64.05,震荡偏强
2023-07-04,25.0,9.65,11.56,19.12,65.34,震荡偏强
2023-07-05,25.0,9.75,10.78,16.8,62.33,震荡偏强
2023-07-06,25.0,9.71,10.88,14.36,59.96,震荡
2023-07-07,25.0,9.75,10.81,13.23,58.8,震荡
2023-07-10,25.0,9.83,10.05,14.25,59.13,震荡
2023-07-11,25.0,9.78,9.7,16.0,60.48,震荡偏强
2023-07-12,25.0,9.7,10.01,14.37,59.08,震荡
2023-07-13,25.0,9.61,10.03,18.92,63.56,震荡偏强
2023-07-14,25.0,9.61,11.3,18.47,64.39,震荡偏强
2023-07-17,25.0,10.42,11.88,16.39,63.69,震荡偏强
2023-07-18,25.0,10.42,11.11,16.17,62.7,震荡偏强
2023-07-19,25.0,10.39,9.11,16.14,60.64,震荡偏强
2023-07-20,25.0,10.4,9.01,14.2,58.6,震荡
2023-07-21,25.0,10.4,8.49,14.34,58.22,震荡
2023-07-24,25.0,10.36,8.81,12.92,57.08,震荡
2023-07-25,25.0,10.24,7.98,21.08,64.29,震荡偏强
2023-07-26,25.0,10.35,10.27,20.0,65.62,震荡偏强
2023-07-27,25.0,10.3,10.63,19.25,65.18,震荡偏强
2023-07-28,25.0,10.39,12.07,25.87,73.33,震荡偏强
2023-07-31,24.67,10.4,13.63,26.47,75.17,上行
2023-08-01,25.0,10.38,14.8,24.57,74.75,震荡偏强
2023-08-02,25.0,10.45,15.28,21.86,72.59,震荡偏强
2023-08-03,25.0,10.47,15.56,23.84,74.86,震荡偏强
2023-08-04,24.7,10.57,15.88,24.55,75.69,上行
2023-08-07,25.0,10.53,16.1,21.51,73.14,震荡偏强
2023-08-08,25.0,10.44,15.91,19.85,71.19,震荡偏强
2023-08-09,25.0,10.45,15.37,18.68,69.5,震荡偏强
2023-08-10,25.0,10.44,14.79,18.71,68.94,震荡偏强
2023-08-11,25.0,10.39,12.91,11.58,59.88,震荡
2023-08-14,25.0,11.48,11.01,9.56,57.05,震荡
2023-08-15,25.0,11.4,10.07,9.26,55.73,震荡
2023-08-16,25.0,11.25,9.95,7.1,53.3,震荡
2023-08-17,25.0,11.22,10.01,8.03,54.26,震荡
2023-08-18,25.0,11.16,10.07,4.41,50.64,震荡
2023-08-21,25.0,11.18,8.67,0.76,45.62,震荡
2023-08-22,25.0,11.08,8.56,3.08,47.72,震荡
2023-08-23,25.0,11.14,6.18,0.0,42.32,下行
2023-08-24,25.0,11.07,4.98,2.07,43.12,下行
2023-08-25,25.0,11.11,4.68,2.57,43.37,下行
2023-08-28,25.0,11.01,3.97,7.51,47.49,震荡
2023-08-29,25.0,10.92,4.62,9.97,50.51,震荡
2023-08-30,25.0,10.76,4.9,10.56,51.22,震荡
2023-08-31,25.0,10.94,5.31,9.99,51.24,震荡
2023-09-01,25.0,10.93,5.21,12.64,53.78,震荡
2023-09-04,25.0,10.93,5.59,17.67,59.19,震荡
2023-09-05,25.0,10.98,5.3,16.18,57.46,震荡
2023-09-06,25.0,11.03,4.98,16.02,57.03,震荡
2023-09-07,25.0,10.85,5.05,12.74,53.64,震荡
2023-09-08,25.0,10.76,4.95,11.65,52.36,震荡
2023-09-11,25.0,10.78,5.02,14.16,54.97,震荡
2023-09-12,25.0,12.17,6.44,14.11,57.72,震荡
2023-09-13,25.0,12.2,6.85,12.48,56.53,震荡
2023-09-14,25.0,12.32,6.92,12.62,56.86,震荡
2023-09-15,25.0,12.3,7.28,11.54,56.12,震荡
2023-09-18,25.0,12.38,7.61,12.56,57.55,震荡
2023-09-19,25.0,12.25,6.08,12.28,55.61,震荡
2023-09-20,25.0,12.2,5.54,10.83,53.57,震荡
2023-09-21,25.0,12.23,5.27,8.28,50.78,震荡
2023-09-22,25.0,12.28,0.0,14.03,51.31,震荡
2023-09-25,25.0,12.33,0.3,12.02,49.65,震荡
2023-09-26,25.0,12.31,0.32,10.73,48.36,震荡
2023-09-27,25.0,12.18,0.0,11.82,49.0,震荡
2023-09-28,25.0,12.22,0.19,11.01,48.42,震荡
2023-10-09,25.0,12.37,10.12,10.64,58.13,震荡
2023-10-10,25.0,12.17,10.0,9.26,56.44,震荡
2023-10-11,25.0,11.94,10.0,10.51,57.45,震荡
2023-10-12,25.0,11.77,10.0,13.8,60.57,震荡偏强
2023-10-13,25.0,11.9,10.0,11.39,58.29,震荡
2023-10-16,25.0,11.86,7.04,8.43,52.33,震荡
2023-10-17,25.0,11.69,6.41,9.9,53.0,震荡
2023-10-18,25.0,11.59,5.97,8.28,50.84,震荡
2023-10-19,25.0,11.54,5.39,2.93,44.86,下行
2023-10-20,25.0,11.49,4.94,2.34,43.77,下行
2023-10-23,25.0,13.45,4.72,0.22,43.38,下行
2023-10-24,25.0,13.54,4.39,1.58,44.51,下行
2023-10-25,25.0,13.62,4.56,4.08,47.26,震荡
2023-10-26,25.0,13.87,4.75,5.9,49.52,震荡
2023-10-27,25.0,13.76,4.83,10.71,54.3,震荡
2023-10-30,25.0,13.78,5.16,12.67,56.62,震荡
2023-10-31,25.0,13.86,5.87,12.61,57.33,震荡
2023-11-01,25.0,13.8,5.79,12.95,57.55,震荡
2023-11-02,25.0,13.61,5.86,12.18,56.65,震荡
2023-11-03,25.0,13.6,5.59,14.93,59.12,震荡
2023-11-06,25.0,13.52,6.53,19.1,64.14,震荡偏强
2023-11-07,25.0,13.44,7.79,18.35,64.58,震荡偏强
2023-11-08,25.0,13.26,8.13,17.67,64.06,震荡偏强
2023-11-09,25.0,13.33,8.13,18.29,64.75,震荡偏强
2023-11-10,25.0,13.24,7.71,16.4,62.35,震荡偏强
2023-11-13,25.0,13.34,8.08,16.17,62.59,震荡偏强
2023-11-14,25.0,13.4,8.29,16.4,63.09,震荡偏强
2023-11-15,25.0,13.46,8.39,18.47,65.32,震荡偏强
2023-11-16,25.0,13.68,8.74,15.33,62.75,震荡偏强
2023-11-17,25.0,13.7,9.69,14.71,63.1,震荡偏强
2023-11-20,25.0,11.03,9.56,15.2,60.78,震荡偏强
2023-11-21,25.0,10.92,9.99,15.19,61.11,震荡偏强
2023-11-22,25.0,10.79,10.13,11.81,57.73,震荡
2023-11-23,25.0,10.75,9.56,13.18,58.49,震荡
2023-11-24,25.0,10.71,10.05,11.25,57.01,震荡
2023-11-27,25.0,10.62,8.67,9.57,53.85,震荡
2023-11-28,25.0,10.55,8.54,10.13,54.23,震荡
2023-11-29,25.0,10.64,9.33,8.25,53.23,震荡
2023-11-30,25.0,10.54,9.17,8.83,53.54,震荡
2023-12-01,25.0,10.57,9.48,8.1,53.15,震荡
2023-12-04,25.0,10.6,8.53,6.83,50.96,震荡
2023-12-05,25.0,10.39,7.78,2.28,45.46,震荡
2023-12-06,25.0,10.38,7.34,3.56,46.29,震荡
2023-12-07,25.0,10.26,7.87,3.73,46.85,震荡
2023-12-08,25.0,10.43,8.16,5.1,48.69,震荡
2023-12-11,25.0,10.47,8.61,7.78,51.85,震荡
2023-12-12,25.0,10.35,8.65,9.1,53.11,震荡
2023-12-13,25.0,9.93,8.63,5.2,48.75,震荡
2023-12-14,25.0,10.13,7.36,4.74,47.23,震荡
2023-12-15,25.0,10.38,7.7,5.06,48.14,震荡
2023-12-18,25.0,10.47,7.6,4.88,47.95,震荡
2023-12-19,25.0,10.47,7.29,6.09,48.85,震荡
2023-12-20,25.0,10.29,6.94,4.43,46.66,震荡
2023-12-21,25.0,10.26,6.73,8.06,50.05,震荡
2023-12-22,25.0,10.21,6.59,9.42,51.22,震荡
2023-12-25,25.0,10.36,6.57,10.91,52.83,震荡
2023-12-26,25.0,10.44,6.5,9.98,51.93,震荡
2023-12-27,25.0,10.75,5.77,11.51,53.03,震荡
2023-12-28,25.0,10.83,7.28,19.15,62.25,震荡偏强
2023-12-29,25.0,10.89,7.94,20.23,64.06,震荡偏强
2024-01-02,25.0,10.89,8.41,16.53,60.83,震荡偏强
2024-01-03,25.0,10.68,8.29,15.72,59.7,震荡
2024-01-04,25.0,10.57,9.43,13.32,58.32,震荡
2024-01-05,25.0,10.46,8.82,12.09,56.37,震荡
2024-01-08,25.0,10.45,8.17,8.45,52.08,震荡
2024-01-09,25.0,10.3,8.12,9.71,53.13,震荡
2024-01-10,25.0,10.23,8.03,8.96,52.22,震荡
2024-01-11,25.0,10.21,8.37,10.95,54.54,震荡
2024-01-12,25.0,10.31,9.74,10.29,55.34,震荡
2024-01-15,25.0,8.91,9.31,10.23,53.45,震荡
2024-01-16,25.0,8.85,9.76,12.3,55.91,震荡
2024-01-17,25.0,8.76,9.11,6.14,49.02,震荡
2024-01-18,25.0,8.71,8.06,4.45,46.22,震荡
2024-01-19,25.0,8.76,7.75,5.61,47.11,震荡
2024-01-22,25.0,8.84,6.97,0.33,41.14,下行
2024-01-23,25.0,8.78,6.25,3.09,43.12,下行
2024-01-24,25.0,8.78,6.82,8.14,48.74,震荡
2024-01-25,25.0,8.95,7.09,13.46,54.51,震荡
2024-01-26,25.0,9.16,7.79,13.64,55.59,震荡
2024-01-29,25.0,9.15,6.72,11.83,52.7,震荡
2024-01-30,25.0,9.4,7.48,7.72,49.59,震荡
2024-01-31,25.0,9.34,7.78,6.79,48.92,震荡
2024-02-01,25.0,9.08,6.73,7.29,48.1,震荡
2024-02-02,25.0,8.99,6.32,5.48,45.78,震荡
2024-02-05,25.0,9.0,4.75,7.93,46.68,震荡
2024-02-06,25.0,8.78,5.17,17.54,56.49,震荡
2024-02-07,25.0,8.79,6.42,20.2,60.41,震荡偏强
2024-02-08,25.0,8.81,6.52,22.2,62.53,震荡偏强
2024-02-19,25.0,9.01,6.16,24.48,64.64,震荡偏强
2024-02-20,25.0,8.97,5.83,25.31,65.11,震荡偏强
2024-02-21,25.0,9.76,8.14,29.3,72.2,震荡偏强
2024-02-22,25.0,9.82,11.33,30.0,76.16,上行
2024-02-23,25.0,10.05,14.86,30.0,79.91,上行
2024-02-26,25.0,9.98,16.82,26.1,77.91,上行
2024-02-27,25.0,9.92,16.79,28.49,80.2,上行
2024-02-28,25.0,9.76,17.44,24.23,76.44,上行
2024-02-29,25.0,9.63,17.25,28.12,80.0,上行
2024-03-01,25.0,9.73,17.23,29.62,81.58,上行
2024-03-04,25.0,9.64,17.07,28.43,80.14,上行
2024-03-05,25.0,9.58,17.13,29.81,81.52,上行
2024-03-06,25.0,9.48,16.02,27.19,77.68,上行
2024-03-07,25.0,9.38,16.23,24.15,74.76,震荡偏强
2024-03-08,25.0,9.34,15.31,23.6,73.25,震荡偏强
2024-03-11,25.0,9.31,15.61,26.02,75.93,上行
2024-03-12,25.0,9.36,15.59,24.76,74.71,震荡偏强
2024-03-13,25.0,9.44,16.33,21.82,72.59,震荡偏强
2024-03-14,25.0,9.37,16.37,19.77,70.51,震荡偏强
2024-03-15,25.0,9.44,16.65,19.68,70.77,震荡偏强
2024-03-18,25.0,9.43,16.53,21.45,72.4,震荡偏强
2024-03-19,25.0,9.49,16.85,18.76,70.1,震荡偏强
2024-03-20,25.0,9.69,16.61,18.48,69.78,震荡偏强
2024-03-21,25.0,9.78,16.64,17.91,69.32,震荡偏强
2024-03-22,25.0,9.47,16.81,15.02,66.3,震荡偏强
2024-03-25,25.0,9.63,16.33,13.08,64.05,震荡偏强
2024-03-26,25.0,9.83,15.79,13.82,64.44,震荡偏强
2024-03-27,25.0,9.88,14.99,10.41,60.28,震荡偏强
2024-03-28,25.0,9.77,13.36,11.82,59.95,震荡
2024-03-29,24.32,9.87,11.84,13.19,59.22,震荡
2024-04-01,21.37,10.05,12.44,17.85,61.71,震荡偏强
2024-04-02,21.16,10.09,13.97,16.77,61.99,震荡偏强
2024-04-03,21.68,10.1,13.84,15.52,61.14,震荡偏强
2024-04-08,22.56,10.09,13.64,13.04,59.34,震荡
2024-04-09,23.38,10.25,13.61,12.58,59.82,震荡
2024-04-10,24.99,10.29,13.55,10.73,59.56,震荡
2024-04-11,25.0,10.4,11.36,10.86,57.62,震荡
2024-04-12,25.0,10.39,10.87,8.9,55.16,震荡
2024-04-15,20.87,10.37,10.08,15.15,56.48,震荡
2024-04-16,22.33,16.57,9.75,12.66,61.31,震荡偏强
2024-04-17,19.63,16.46,7.76,16.73,60.58,震荡偏强
2024-04-18,19.66,16.39,8.08,17.28,61.42,震荡偏强
2024-04-19,19.87,16.5,8.55,15.08,60.0,震荡
2024-04-22,21.38,16.52,7.33,14.68,59.9,震荡
2024-04-23,22.96,16.52,8.27,12.72,60.47,震荡偏强
2024-04-24,22.25,16.5,8.68,13.94,61.37,震荡偏强
2024-04-25,21.69,16.62,8.19,14.83,61.33,震荡偏强
2024-04-26,18.95,16.72,7.55,18.74,61.96,震荡偏强
2024-04-29,18.9,16.6,10.6,21.93,68.03,震荡偏强
2024-04-30,15.3,16.52,11.8,20.1,63.72,震荡偏强
2024-05-06,13.5,16.5,9.95,24.06,64.01,震荡偏强
2024-05-07,13.19,16.52,11.68,23.89,65.27,震荡偏强
2024-05-08,14.38,16.58,11.89,21.16,64.01,震荡偏强
2024-05-09,13.11,16.58,12.21,23.57,65.47,震荡偏强
2024-05-10,12.74,16.7,13.03,23.15,65.61,震荡偏强
2024-05-13,12.69,16.72,13.13,22.22,64.75,震荡偏强
2024-05-14,13.4,16.72,12.14,21.05,63.31,震荡偏强
2024-05-15,15.25,16.81,11.18,18.2,61.45,震荡偏强
2024-05-16,14.43,16.94,10.89,18.8,61.06,震荡偏强
2024-05-17,12.24,16.94,10.77,21.5,61.46,震荡偏强
2024-05-20,11.02,15.5,12.31,21.61,60.45,震荡偏强
2024-05-21,11.65,15.5,12.94,20.14,60.22,震荡偏强
2024-05-22,11.36,15.46,13.23,20.17,60.21,震荡偏强
2024-05-23,14.06,15.51,14.63,16.61,60.81,震荡偏强
2024-05-24,16.44,15.56,13.82,12.79,58.62,震荡
2024-05-27,13.16,15.57,13.49,14.78,57.0,震荡
2024-05-28,14.35,15.47,13.15,12.53,55.5,震荡
2024-05-29,13.93,15.45,12.53,12.46,54.37,震荡
2024-05-30,15.57,15.4,10.46,11.39,52.81,震荡
2024-05-31,16.68,15.48,9.59,10.3,52.04,震荡
2024-06-03,15.28,15.63,9.97,10.96,51.83,震荡
2024-06-04,14.17,15.66,9.07,13.18,52.07,震荡
2024-06-05,15.49,15.66,9.41,12.19,52.75,震荡
2024-06-06,14.96,15.68,9.16,12.43,52.23,震荡
2024-06-07,15.86,15.71,8.61,10.86,51.04,震荡
2024-06-11,18.48,15.8,8.78,9.21,52.27,震荡
2024-06-12,18.0,15.8,8.86,9.3,51.95,震荡
2024-06-13,18.45,15.71,9.52,8.58,52.27,震荡
2024-06-14,17.63,15.56,9.71,10.57,53.47,震荡
2024-06-17,19.12,15.53,4.26,10.28,49.18,震荡
2024-06-18,17.55,12.12,2.53,11.73,43.94,下行
2024-06-19,17.53,12.13,1.77,11.42,42.85,下行
2024-06-20,18.37,12.5,1.24,10.14,42.26,下行
2024-06-21,19.09,12.61,0.43,10.16,42.3,下行
2024-06-24,19.64,12.73,5.44,9.16,46.97,震荡
2024-06-25,20.17,12.56,5.21,8.03,45.97,震荡
2024-06-26,19.56,12.65,3.92,10.25,46.4,震荡
2024-06-27,20.15,12.74,4.35,9.19,46.42,震荡
2024-06-28,18.14,12.76,3.49,10.23,44.62,下行
2024-07-01,16.07,12.77,3.38,11.76,43.98,下行
2024-07-02,14.62,12.92,4.73,11.72,43.98,下行
2024-07-03,15.75,12.9,4.56,11.72,44.94,下行
2024-07-04,16.31,13.0,4.2,10.96,44.47,下行
2024-07-05,18.85,13.04,4.01,10.11,46.0,震荡
2024-07-08,19.49,13.14,4.11,8.65,45.39,震荡
2024-07-09,16.63,13.05,10.0,12.15,51.83,震荡
2024-07-10,18.45,13.18,11.07,11.82,54.52,震荡
2024-07-11,16.42,13.18,11.22,15.87,56.7,震荡
2024-07-12,16.26,13.16,12.16,16.88,58.45,震荡
2024-07-15,13.96,13.21,12.9,17.56,57.63,震荡
2024-07-16,13.51,13.11,7.43,19.72,53.77,震荡
2024-07-17,14.85,13.2,7.35,20.11,55.51,震荡
2024-07-18,12.66,13.26,6.94,21.67,54.52,震荡
2024-07-19,12.39,13.29,6.88,23.27,55.83,震荡
2024-07-22,15.36,13.31,6.25,20.47,55.39,震荡
2024-07-23,19.46,13.52,6.83,14.38,54.19,震荡
2024-07-24,19.78,13.56,6.47,12.59,52.39,震荡
2024-07-25,21.63,13.68,6.62,10.97,52.89,震荡
2024-07-26,22.66,13.64,7.35,12.3,55.95,震荡
2024-07-29,22.63,13.39,6.98,10.79,53.79,震荡
2024-07-30,25.0,13.12,5.91,9.09,53.12,震荡
2024-07-31,21.44,13.05,6.51,15.62,56.62,震荡
2024-08-01,22.03,13.12,9.17,13.44,57.76,震荡
2024-08-02,24.78,12.98,9.13,10.4,57.29,震荡
2024-08-05,25.0,12.95,9.0,7.17,54.12,震荡
2024-08-06,25.0,13.09,8.69,7.43,54.21,震荡
2024-08-07,25.0,13.1,6.75,7.09,51.94,震荡
2024-08-08,25.0,13.08,6.3,7.87,52.26,震荡
2024-08-09,25.0,13.19,1.82,7.37,47.38,震荡
2024-08-12,25.0,12.75,5.0,7.6,50.35,震荡
2024-08-13,25.0,12.59,5.53,8.69,51.81,震荡
2024-08-14,25.0,12.46,5.53,7.4,50.38,震荡
2024-08-15,25.0,12.22,5.75,11.42,54.38,震荡
2024-08-16,25.0,12.06,12.28,12.41,61.75,震荡偏强
2024-08-19,22.78,12.09,6.65,13.86,55.39,震荡
2024-08-20,25.0,11.98,6.57,12.89,56.44,震荡
2024-08-21,25.0,11.92,6.8,11.97,55.69,震荡
2024-08-22,25.0,12.0,6.88,11.52,55.41,震荡
2024-08-23,25.0,12.11,7.28,13.11,57.5,震荡
2024-08-26,25.0,12.44,7.16,13.46,58.06,震荡
2024-08-27,25.0,12.64,7.67,12.2,57.5,震荡
2024-08-28,25.0,12.82,7.79,11.09,56.7,震荡
2024-08-29,25.0,12.79,5.84,10.8,54.43,震荡
2024-08-30,25.0,12.89,6.89,15.02,59.8,震荡
2024-09-02,25.0,12.92,7.69,10.05,55.66,震荡
2024-09-03,25.0,12.99,7.76,11.39,57.14,震荡
2024-09-04,25.0,13.19,8.64,9.87,56.69,震荡
2024-09-05,25.0,13.08,8.89,10.82,57.78,震荡
2024-09-06,25.0,13.13,8.69,8.72,55.55,震荡
2024-09-09,25.0,13.23,9.01,5.63,52.86,震荡
2024-09-10,25.0,13.27,9.03,6.2,53.51,震荡
2024-09-11,25.0,13.43,9.32,6.08,53.84,震荡
2024-09-12,25.0,12.6,10.0,5.81,53.42,震荡
2024-09-13,25.0,12.48,8.73,5.26,51.46,震荡
2024-09-18,25.0,12.27,9.15,6.95,53.37,震荡
2024-09-19,25.0,12.0,9.03,9.99,56.02,震荡
2024-09-20,25.0,11.8,9.16,11.32,57.27,震荡
2024-09-23,25.0,11.87,9.03,12.56,58.46,震荡
2024-09-24,25.0,11.79,9.1,25.45,71.34,震荡偏强
2024-09-25,25.0,11.82,9.87,29.33,76.02,上行
2024-09-26,15.59,11.96,9.93,30.0,67.48,震荡偏强
2024-09-27,8.75,12.06,10.07,30.0,60.87,震荡偏强
2024-09-30,0.0,12.34,11.7,30.0,54.04,震荡
2024-10-08,0.0,12.08,15.0,30.0,57.08,震荡
2024-10-09,2.58,11.95,15.0,30.0,59.53,震荡
2024-10-10,0.54,11.52,15.0,30.0,57.06,震荡
2024-10-11,3.08,11.22,15.0,30.0,59.3,震荡
2024-10-14,0.74,11.32,15.0,30.0,57.06,震荡
2024-10-15,4.71,11.33,15.0,30.0,61.05,震荡偏强
2024-10-16,4.85,11.26,12.66,30.0,58.77,震荡
2024-10-17,5.85,11.38,10.26,29.64,57.13,震荡
2024-10-18,2.52,11.62,10.39,30.0,54.53,震荡
2024-10-21,2.91,11.57,11.94,30.0,56.42,震荡
2024-10-22,3.55,11.42,5.0,30.0,49.97,震荡
2024-10-23,3.07,14.03,5.0,30.0,52.1,震荡
2024-10-24,4.82,13.98,5.0,25.23,49.03,震荡
2024-10-25,4.56,14.12,5.0,24.42,48.09,震荡
2024-10-28,4.58,14.46,5.0,21.89,45.93,震荡
2024-10-29,5.4,14.47,12.36,17.15,49.38,震荡
2024-10-30,6.54,14.55,11.91,12.13,45.14,震荡
2024-10-31,11.97,14.66,11.98,10.91,49.52,震荡
2024-11-01,10.54,14.75,12.16,11.1,48.55,震荡
2024-11-04,8.58,14.8,11.59,15.79,50.76,震荡
2024-11-05,5.99,14.74,11.48,24.69,56.88,震荡
2024-11-06,6.67,14.56,12.65,22.4,56.28,震荡
2024-11-07,3.34,14.65,13.53,30.0,61.51,震荡偏强
2024-11-08,5.24,14.67,14.5,27.13,61.55,震荡偏强
2024-11-11,5.35,14.68,15.0,28.01,63.04,震荡偏强
2024-11-12,6.38,14.61,15.0,23.69,59.68,震荡
2024-11-13,5.72,14.52,15.0,24.51,59.75,震荡
2024-11-14,6.59,14.53,15.0,18.3,54.42,震荡
2024-11-15,7.87,14.52,13.2,13.08,48.67,震荡
2024-11-18,7.73,14.69,11.89,11.75,46.07,震荡
2024-11-19,7.44,15.92,9.92,13.16,46.43,震荡
2024-11-20,7.28,15.83,9.81,13.84,46.76,震荡
2024-11-21,7.26,15.91,9.69,13.98,46.84,震荡
2024-11-22,12.63,15.88,10.17,5.48,44.16,下行
2024-11-25,13.56,15.84,10.03,4.27,43.7,下行
2024-11-26,12.98,15.76,10.15,4.0,42.89,下行
2024-11-27,9.83,15.71,9.78,8.66,43.98,下行
2024-11-28,11.55,15.63,9.66,6.57,43.4,下行
2024-11-29,9.75,15.49,9.64,9.66,44.54,下行
2024-12-02,8.24,15.57,10.4,11.87,46.07,震荡
2024-12-03,7.34,15.6,10.7,12.54,46.17,震荡
2024-12-04,7.23,15.61,10.93,11.35,45.12,震荡
2024-12-05,7.79,15.59,10.84,11.71,45.93,震荡
2024-12-06,6.02,15.49,10.93,15.92,48.36,震荡
2024-12-09,5.88,15.45,10.6,16.3,48.22,震荡
2024-12-10,5.33,15.21,10.23,18.92,49.69,震荡
2024-12-11,5.7,15.09,10.7,18.62,50.11,震荡
2024-12-12,4.88,14.92,10.93,21.78,52.51,震荡
2024-12-13,7.23,15.9,10.97,14.68,48.78,震荡
2024-12-16,6.44,15.96,10.6,13.05,46.05,震荡
2024-12-17,6.2,15.7,10.52,14.06,46.49,震荡
2024-12-18,5.59,15.63,9.8,15.49,46.51,震荡
2024-12-19,5.83,16.06,9.61,16.1,47.61,震荡
2024-12-20,6.63,16.03,9.45,14.96,47.07,震荡
2024-12-23,5.41,16.17,10.23,14.92,46.72,震荡
2024-12-24,4.27,16.24,9.92,17.88,48.31,震荡
2024-12-25,3.29,16.39,10.21,17.78,47.68,震荡
2024-12-26,3.72,16.33,10.04,17.42,47.51,震荡
2024-12-27,4.09,16.04,10.04,16.73,46.89,震荡
2024-12-30,2.89,15.7,9.54,17.94,46.07,震荡
2024-12-31,4.75,15.7,10.04,13.24,43.72,下行
2025-01-02,8.48,15.55,9.24,5.24,38.5,下行
2025-01-03,10.52,15.34,9.17,2.76,37.78,下行
2025-01-06,11.2,15.85,8.23,2.29,37.58,下行
2025-01-07,10.07,15.85,8.03,4.93,38.87,下行
2025-01-08,9.59,15.7,7.88,5.25,38.41,下行
2025-01-09,11.52,15.4,8.44,5.41,40.77,下行
2025-01-10,14.25,15.06,8.62,3.24,41.17,下行
2025-01-13,14.96,14.78,9.14,2.87,41.75,下行
2025-01-14,10.17,13.93,9.46,10.62,44.17,下行
2025-01-15,11.6,14.03,9.85,9.34,44.82,下行
2025-01-16,10.59,14.01,10.03,10.01,44.64,下行
2025-01-17,10.28,13.89,10.07,11.49,45.73,震荡
2025-01-20,10.57,13.8,10.0,13.32,47.68,震荡
2025-01-21,11.1,13.87,10.01,14.08,49.06,震荡
2025-01-22,13.27,13.87,9.68,12.02,48.84,震荡
2025-01-23,11.68,13.91,9.73,13.53,48.84,震荡
2025-01-24,10.59,13.77,9.35,16.53,50.25,震荡
2025-01-27,10.06,13.58,9.03,15.46,48.14,震荡
2025-02-05,12.84,13.73,7.33,14.69,48.6,震荡
2025-02-06,10.33,13.67,8.43,18.51,50.93,震荡
2025-02-07,8.37,13.76,9.03,22.52,53.68,震荡
2025-02-10,7.86,13.65,9.87,22.34,53.72,震荡
2025-02-11,7.76,13.62,11.52,20.63,53.52,震荡
2025-02-12,6.64,13.57,13.64,23.02,56.86,震荡
2025-02-13,6.93,13.59,12.67,21.74,54.94,震荡
2025-02-14,6.06,13.42,11.9,23.38,54.76,震荡
2025-02-17,5.82,13.17,11.46,23.06,53.51,震荡
2025-02-18,6.43,13.26,11.37,20.06,51.12,震荡
2025-02-19,6.14,13.27,10.65,21.16,51.22,震荡
2025-02-20,6.51,13.18,10.95,19.72,50.35,震荡
2025-02-21,5.26,9.18,11.34,23.07,48.85,震荡
2025-02-24,6.03,9.12,11.64,21.45,48.25,震荡
2025-02-25,7.91,9.39,11.23,17.96,46.5,震荡
2025-02-26,7.04,9.34,11.98,19.95,48.3,震荡
2025-02-27,6.46,9.47,11.91,20.23,48.07,震荡
2025-02-28,9.43,9.42,11.55,14.39,44.78,下行
2025-03-03,9.58,9.39,10.42,13.22,42.62,下行
2025-03-04,10.72,9.54,9.86,12.66,42.79,下行
2025-03-05,8.82,9.47,9.51,13.53,41.33,下行
2025-03-06,7.33,9.52,9.09,17.21,43.15,下行
2025-03-07,7.7,9.45,9.75,16.27,43.17,下行
2025-03-10,8.68,9.41,10.13,14.96,43.19,下行
2025-03-11,8.13,9.31,10.7,15.63,43.77,下行
2025-03-12,8.55,9.38,10.74,14.85,43.52,下行
2025-03-13,8.79,9.3,11.23,13.35,42.67,下行
2025-03-14,5.22,9.41,10.31,20.6,45.53,震荡
2025-03-17,5.3,9.35,10.66,19.51,44.82,下行
2025-03-18,5.24,9.58,10.58,19.84,45.24,震荡
2025-03-19,5.03,13.92,10.92,20.0,49.87,震荡
2025-03-20,6.09,13.37,10.4,17.34,47.2,震荡
2025-03-21,8.4,13.42,10.87,12.68,45.38,震荡
2025-03-24,7.95,13.35,10.33,14.08,45.71,震荡
2025-03-25,8.19,13.28,9.77,14.19,45.43,震荡
2025-03-26,8.77,13.16,9.36,13.16,44.45,下行
2025-03-27,8.32,13.14,9.4,14.35,45.2,震荡
2025-03-28,10.25,13.29,9.12,12.88,45.53,震荡
2025-03-31,10.7,13.47,9.53,11.09,44.79,下行
2025-04-01,10.67,13.23,9.71,10.92,44.53,下行
2025-04-02,10.49,13.13,9.58,10.75,43.95,下行
2025-04-03,10.7,13.1,9.37,9.59,42.77,下行
2025-04-07,25.0,13.13,9.0,0.0,47.14,震荡
2025-04-08,21.71,12.94,7.1,0.0,41.76,下行
2025-04-09,20.33,12.87,5.28,0.0,38.48,下行
2025-04-10,18.51,13.04,5.28,3.87,40.69,下行
2025-04-11,18.11,13.18,5.6,5.3,42.19,下行
2025-04-14,16.07,13.31,5.8,6.85,42.04,下行
2025-04-15,15.25,14.34,8.33,7.98,45.9,震荡
2025-04-16,13.8,14.28,10.18,9.57,47.83,震荡
2025-04-17,13.77,14.15,10.04,10.73,48.69,震荡
2025-04-18,13.61,14.11,9.62,12.26,49.61,震荡
2025-04-21,13.45,14.04,9.53,12.93,49.95,震荡
2025-04-22,12.16,14.07,9.35,13.73,49.31,震荡
2025-04-23,12.98,14.0,9.17,14.61,50.75,震荡
2025-04-24,12.34,13.97,9.53,15.11,50.95,震荡
2025-04-25,13.74,13.95,9.61,15.67,52.98,震荡
2025-04-28,13.51,13.89,9.6,15.72,52.71,震荡
2025-04-29,13.93,13.81,9.32,15.63,52.69,震荡
2025-04-30,17.0,13.79,9.52,15.84,56.15,震荡
2025-05-06,15.41,13.87,8.6,19.02,56.91,震荡
2025-05-07,12.95,13.88,9.45,21.02,57.3,震荡
2025-05-08,11.68,14.04,10.15,21.8,57.67,震荡
2025-05-09,11.65,14.22,10.09,20.56,56.52,震荡
2025-05-12,9.43,14.08,9.91,23.15,56.57,震荡
2025-05-13,8.8,14.38,10.89,22.81,56.87,震荡
2025-05-14,6.6,14.4,10.2,25.92,57.12,震荡
2025-05-15,7.45,14.3,9.86,22.66,54.27,震荡
2025-05-16,8.77,14.21,9.71,20.44,53.13,震荡
2025-05-19,9.62,8.45,9.81,19.5,47.37,震荡
2025-05-20,8.03,8.58,10.01,20.48,47.1,震荡
2025-05-21,7.13,8.53,10.02,21.14,46.81,震荡
2025-05-22,7.1,8.63,9.93,20.43,46.1,震荡
2025-05-23,9.22,8.67,9.94,17.81,45.64,震荡
2025-05-26,10.44,8.72,9.82,15.89,44.87,下行
2025-05-27,11.28,8.77,9.81,14.05,43.92,下行
2025-05-28,11.26,8.78,10.05,13.52,43.6,下行
2025-05-29,10.04,8.47,10.11,15.0,43.62,下行
2025-05-30,10.83,8.42,10.06,14.13,43.45,下行
2025-06-03,9.75,8.48,9.94,13.64,41.8,下行
2025-06-04,9.06,8.37,9.84,14.65,41.93,下行
2025-06-05,8.27,8.47,9.72,15.19,41.65,下行
2025-06-06,8.24,8.65,9.98,15.21,42.07,下行
2025-06-09,8.21,8.61,9.92,15.7,42.44,下行
2025-06-10,9.27,8.6,10.75,14.03,42.65,下行
2025-06-11,4.46,8.58,10.68,16.4,40.12,下行
2025-06-12,4.59,8.57,10.67,16.7,40.53,下行
2025-06-13,5.33,8.56,10.64,14.86,39.39,下行
2025-06-16,4.14,8.62,10.63,15.61,39.0,下行
2025-06-17,4.11,8.68,10.53,15.51,38.84,下行
2025-06-18,3.82,10.73,10.82,9.47,34.84,下行
2025-06-19,3.87,10.75,10.7,7.67,32.99,下行
2025-06-20,3.61,10.77,15.0,8.57,37.95,下行
2025-06-23,3.0,10.78,15.0,9.91,38.69,下行
2025-06-24,1.65,10.78,15.0,13.44,40.87,下行
2025-06-25,0.06,10.79,15.0,18.16,44.01,下行
2025-06-26,0.17,10.84,15.0,16.85,42.86,下行
2025-06-27,1.81,10.8,10.95,15.12,38.68,下行
2025-06-30,1.1,10.86,11.47,16.47,39.9,下行
2025-07-01,0.54,10.85,11.83,16.81,40.03,下行
2025-07-02,0.38,10.8,11.77,17.04,40.0,下行
2025-07-03,0.12,10.83,11.43,18.66,41.04,下行
2025-07-04,0.0,10.82,11.12,19.77,41.71,下行
2025-07-07,0.0,10.89,10.73,18.34,39.96,下行
2025-07-08,0.0,10.89,10.48,20.62,41.99,下行
2025-07-09,0.0,10.83,10.56,20.23,41.62,下行
2025-07-10,0.0,10.74,10.71,21.51,42.97,下行
2025-07-11,0.0,10.73,10.78,22.19,43.7,下行
2025-07-14,0.0,10.73,11.24,21.77,43.74,下行
2025-07-15,0.0,11.44,11.4,21.43,44.28,下行
2025-07-16,0.0,11.47,11.37,20.13,42.96,下行
2025-07-17,0.0,11.54,11.52,21.72,44.78,下行
2025-07-18,0.0,11.56,11.64,22.99,46.2,震荡
2025-07-21,0.0,11.61,11.42,23.83,46.86,震荡
2025-07-22,0.0,11.62,11.72,26.08,49.42,震荡
2025-07-23,0.0,11.69,12.26,25.18,49.13,震荡
2025-07-24,0.0,11.68,12.03,26.18,49.89,震荡
2025-07-25,0.0,11.59,11.96,23.65,47.2,震荡
2025-07-28,0.0,11.69,12.36,23.58,47.63,震荡
2025-07-29,0.0,11.7,12.56,24.19,48.45,震荡
2025-07-30,0.0,11.72,12.55,23.07,47.35,震荡
2025-07-31,0.0,11.64,12.53,16.95,41.11,下行
2025-08-01,0.67,11.61,12.21,14.99,39.47,下行
2025-08-04,0.14,11.58,11.67,15.86,39.25,下行
2025-08-05,0.0,11.6,11.24,17.62,40.45,下行
2025-08-06,0.0,11.58,10.9,17.87,40.34,下行
2025-08-07,0.0,11.61,11.24,17.33,40.18,下行
2025-08-08,0.0,11.6,11.43,16.23,39.26,下行
2025-08-11,0.0,11.67,11.49,17.15,40.31,下行
2025-08-12,0.0,10.3,11.74,18.47,40.52,下行
2025-08-13,0.0,10.32,11.7,20.28,42.3,下行
2025-08-14,0.0,10.39,11.83,19.22,41.43,下行
2025-08-15,0.0,10.42,12.08,21.41,43.91,下行
2025-08-18,0.0,10.5,12.64,23.07,46.21,震荡
2025-08-19,0.0,10.56,13.74,21.13,45.43,震荡
2025-08-20,0.0,10.51,14.75,24.72,49.98,震荡
2025-08-21,0.0,10.49,14.92,25.15,50.56,震荡
2025-08-22,0.0,10.4,14.43,30.0,54.84,震荡
2025-08-25,0.0,10.53,14.46,30.0,54.99,震荡
2025-08-26,0.0,10.51,14.09,30.0,54.59,震荡
2025-08-27,0.0,10.49,13.58,27.68,51.75,震荡
2025-08-28,0.0,10.79,13.74,30.0,54.53,震荡
2025-08-29,0.0,11.07,14.55,30.0,55.62,震荡
2025-09-01,0.0,11.1,14.95,30.0,56.05,震荡
2025-09-02,0.0,11.05,14.98,29.33,55.37,震荡
2025-09-03,0.0,10.99,13.68,25.27,49.94,震荡
2025-09-04,0.0,10.96,12.81,18.02,41.8,下行
2025-09-05,0.0,10.89,11.59,23.39,45.87,震荡
2025-09-08,0.0,10.99,11.13,22.23,44.36,下行
2025-09-09,0.0,11.17,10.71,19.38,41.27,下行
2025-09-10,0.0,11.17,11.35,19.12,41.64,下行
2025-09-11,0.0,11.34,11.55,25.89,48.78,震荡
2025-09-12,0.0,11.63,12.66,22.18,46.46,震荡
2025-09-15,0.0,11.5,12.81,21.68,46.0,震荡
2025-09-16,0.0,11.57,12.44,20.02,44.03,下行
2025-09-17,0.0,11.54,13.15,21.23,45.92,震荡
2025-09-18,0.0,11.25,13.44,16.63,41.32,下行
2025-09-19,0.0,11.08,12.66,16.88,40.61,下行
2025-09-22,0.0,11.2,11.99,17.68,40.88,下行
2025-09-23,0.0,11.08,12.01,17.61,40.7,下行
2025-09-24,0.0,11.09,11.01,19.67,41.77,下行
2025-09-25,0.0,11.16,11.08,21.31,43.54,下行
2025-09-26,0.0,11.0,11.75,18.27,41.02,下行
2025-09-29,0.0,11.01,11.1,22.92,45.03,震荡
2025-09-30,0.0,11.11,10.47,23.26,44.84,下行
2025-10-09,0.0,11.03,9.08,27.23,47.34,震荡
2025-10-10,0.0,10.99,10.61,20.07,41.67,下行
2025-10-13,0.0,10.88,9.91,17.88,38.66,下行
2025-10-14,0.0,10.89,10.83,14.56,36.28,下行
2025-10-15,0.0,10.87,10.75,17.91,39.53,下行
2025-10-16,0.0,10.88,12.31,18.28,41.47,下行
2025-10-17,0.0,10.87,10.48,12.16,33.51,下行
2025-10-20,0.0,10.79,9.49,13.13,33.41,下行
2025-10-21,0.0,12.41,9.41,17.37,39.18,下行
2025-10-22,0.0,12.35,9.89,16.16,38.4,下行
2025-10-23,0.0,12.27,10.12,17.12,39.52,下行
2025-10-24,0.0,12.37,9.75,20.2,42.32,下行
2025-10-27,0.0,12.46,11.15,23.06,46.66,震荡
2025-10-28,0.0,12.49,12.14,20.93,45.56,震荡
2025-10-29,0.0,12.6,12.07,23.96,48.63,震荡
2025-10-30,0.0,12.85,12.2,20.97,46.02,震荡
2025-10-31,0.0,12.77,11.95,16.52,41.24,下行
2025-11-03,0.0,12.7,11.18,16.61,40.49,下行
2025-11-04,0.0,12.62,10.5,14.45,37.57,下行
2025-11-05,0.0,12.58,9.86,14.85,37.3,下行
2025-11-06,0.0,12.52,9.39,19.32,41.23,下行
2025-11-07,0.0,12.59,9.99,18.44,41.02,下行
2025-11-10,0.0,12.62,10.29,18.83,41.75,下行
2025-11-11,0.0,12.63,10.27,15.68,38.58,下行
2025-11-12,0.0,12.61,10.55,15.62,38.78,下行
2025-11-13,0.0,12.58,10.44,18.29,41.31,下行
2025-11-14,0.0,12.65,10.31,13.45,36.41,下行
2025-11-17,0.0,12.64,9.96,11.28,33.88,下行
2025-11-18,0.0,12.61,9.96,9.67,32.24,下行
2025-11-19,0.0,12.62,9.9,10.54,33.06,下行
2025-11-20,0.0,9.67,9.83,9.33,28.83,极寒
2025-11-21,0.0,9.65,9.41,2.91,21.96,极寒
2025-11-24,0.0,9.66,8.75,3.28,21.69,极寒
2025-11-25,0.0,9.68,8.34,6.44,24.46,极寒
2025-11-26,0.0,9.75,8.42,9.01,27.19,极寒
2025-11-27,0.0,9.83,8.87,9.39,28.08,极寒
2025-11-28,0.0,9.9,9.22,10.59,29.71,极寒
2025-12-01,0.0,9.9,10.5,14.15,34.55,下行
2025-12-02,0.0,9.89,11.05,13.01,33.94,下行
2025-12-03,0.0,9.93,10.95,11.95,32.84,下行
2025-12-04,0.0,10.0,10.54,13.19,33.73,下行
2025-12-05,0.0,10.19,10.48,16.13,36.8,下行
2025-12-08,0.0,10.05,10.33,18.55,38.93,下行
2025-12-09,0.0,10.06,10.65,17.19,37.9,下行
2025-12-10,0.0,10.04,10.97,17.01,38.02,下行
2025-12-11,0.0,10.12,11.28,15.29,36.69,下行
2025-12-12,0.0,10.07,10.97,17.11,38.15,下行
2025-12-15,0.0,10.8,10.79,15.51,37.1,下行
2025-12-16,0.0,10.83,10.2,12.69,33.72,下行
2025-12-17,0.0,10.78,9.76,17.77,38.31,下行
2025-12-18,0.0,10.73,9.54,15.8,36.06,下行
2025-12-19,0.0,10.82,9.66,16.69,37.16,下行
2025-12-22,0.0,10.87,10.1,18.83,39.79,下行
2025-12-23,0.0,11.01,10.43,19.0,40.45,下行
2025-12-24,0.0,11.07,11.07,19.67,41.8,下行
2025-12-25,0.0,11.14,11.55,19.77,42.46,下行
2025-12-26,0.0,11.19,11.84,20.44,43.46,下行
2025-12-29,0.0,11.17,11.57,18.85,41.59,下行
2025-12-30,0.0,11.26,11.39,19.15,41.8,下行
2025-12-31,0.0,11.18,10.94,17.52,39.64,下行
2026-01-05,0.0,11.08,9.96,22.71,43.74,下行
2026-01-06,0.0,11.01,10.59,26.74,48.35,震荡
2026-01-07,0.0,11.06,11.43,25.05,47.54,震荡
2026-01-08,0.0,10.92,12.08,22.14,45.14,震荡
2026-01-09,0.0,10.84,12.55,22.94,46.33,震荡
2026-01-12,0.0,10.78,13.41,23.91,48.1,震荡
2026-01-13,0.0,10.63,14.41,22.19,47.23,震荡
2026-01-14,0.0,13.96,13.98,19.67,47.61,震荡
2026-01-15,0.0,13.98,13.56,19.42,46.96,震荡
2026-01-16,0.0,14.08,13.73,17.92,45.73,震荡
2026-01-19,0.0,14.13,13.95,10.16,38.24,下行
2026-01-20,0.0,14.09,11.84,9.18,35.1,下行
2026-01-21,0.0,14.13,10.99,9.55,34.67,下行
2026-01-22,0.0,14.09,10.86,9.41,34.35,下行
2026-01-23,0.0,14.14,10.23,8.14,32.5,下行
2026-01-26,0.0,14.1,9.7,8.8,32.6,下行
2026-01-27,0.0,14.01,10.09,8.9,33.0,下行
2026-01-28,0.0,14.02,10.52,9.95,34.49,下行
2026-01-29,0.0,13.99,10.8,12.65,37.45,下行
2026-01-30,0.0,14.05,10.53,9.22,33.81,下行
2026-02-02,0.0,14.11,9.7,3.02,26.83,极寒
2026-02-03,0.0,14.11,9.4,7.81,31.32,下行
2026-02-04,0.0,14.14,9.39,11.11,34.64,下行
2026-02-05,0.0,14.16,8.19,9.92,32.26,下行
2026-02-06,0.0,14.23,7.87,8.75,30.85,下行
2026-02-09,0.0,14.21,8.1,14.27,36.58,下行
2026-02-10,0.0,14.23,8.34,15.16,37.74,下行
2026-02-11,0.0,14.24,8.3,14.98,37.52,下行
2026-02-12,0.0,14.15,8.2,15.71,38.06,下行
2026-02-13,0.0,14.09,8.68,12.74,35.5,下行
2026-02-24,0.0,11.11,7.17,15.68,33.95,下行
2026-02-25,0.0,11.18,8.44,17.76,37.38,下行
2026-02-26,0.0,11.24,9.48,16.79,37.52,下行
2026-02-27,0.0,11.3,10.86,16.16,38.32,下行
2026-03-02,0.0,11.03,10.9,16.94,38.87,下行
2026-03-03,0.0,11.0,13.33,13.16,37.48,下行
2026-03-04,0.0,11.07,11.1,9.14,31.31,下行
2026-03-05,0.0,11.15,9.86,12.17,33.18,下行
2026-03-06,0.0,11.07,9.43,13.32,33.83,下行
2026-03-09,0.0,11.13,9.12,11.15,31.4,下行
2026-03-10,0.0,11.17,8.94,14.34,34.45,下行
2026-03-11,0.0,11.16,10.15,15.98,37.29,下行
2026-03-12,0.0,11.17,10.7,14.94,36.8,下行
2026-03-13,0.0,11.17,10.48,13.86,35.51,下行
2026-03-16,0.0,11.28,10.23,13.95,35.46,下行
2026-03-17,0.0,11.35,10.6,12.03,33.99,下行
2026-03-18,0.0,11.49,9.88,13.28,34.65,下行
2026-03-19,0.0,11.52,9.75,9.64,30.91,下行
2026-03-20,0.0,11.64,9.46,8.64,29.74,极寒
2026-03-23,0.0,11.68,9.27,0.01,20.96,极寒
2026-03-24,0.0,10.52,8.45,3.89,22.86,极寒
2026-03-25,0.0,10.52,8.56,8.74,27.82,极寒
2026-03-26,0.0,10.49,8.61,5.89,24.99,极寒
2026-03-27,0.0,10.53,8.74,7.87,27.14,极寒
2026-03-30,0.0,10.56,9.11,8.11,27.78,极寒
2026-03-31,0.0,10.68,9.88,6.38,26.94,极寒
2026-04-01,0.0,10.7,9.81,11.26,31.77,下行
2026-04-02,0.0,10.68,9.7,8.85,29.23,极寒
2026-04-03,0.0,10.62,9.31,7.24,27.18,极寒
2026-04-07,0.0,10.53,8.93,7.3,26.75,极寒
2026-04-08,0.0,10.52,8.78,17.82,37.12,下行
2026-04-09,0.0,10.36,9.72,16.31,36.4,下行
2026-04-10,0.0,10.37,9.96,21.1,41.42,下行
2026-04-13,0.0,10.31,10.61,21.84,42.76,下行
2026-04-14,0.0,15.44,11.93,25.69,53.06,震荡
2026-04-15,0.0,15.42,12.43,24.34,52.18,震荡
2026-04-16,0.0,15.47,12.17,27.48,55.11,震荡
2026-04-17,0.0,15.49,12.3,26.54,54.33,震荡
2026-04-20,0.0,15.46,12.16,27.6,55.22,震荡
2026-04-21,0.0,15.47,12.64,27.14,55.25,震荡
2026-04-22,0.0,15.47,12.22,28.29,55.98,震荡
2026-04-23,0.0,15.53,12.37,26.77,54.66,震荡
2026-04-24,0.0,15.67,12.08,24.55,52.3,震荡
2026-04-27,0.0,15.81,11.56,23.64,51.01,震荡
2026-04-28,0.0,15.74,11.05,21.98,48.76,震荡
2026-04-29,0.0,15.68,10.81,24.07,50.56,震荡
2026-04-30,0.0,15.59,10.42,23.31,49.32,震荡
2026-05-06,0.0,15.61,9.67,26.08,51.36,震荡
2026-05-07,0.0,15.57,11.62,26.09,53.28,震荡
2026-05-08,0.0,15.61,12.12,23.02,50.75,震荡
2026-05-11,0.0,15.56,12.71,26.87,55.14,震荡
2026-05-12,0.0,15.56,13.72,25.41,54.68,震荡
2026-05-13,0.0,15.54,14.99,27.56,58.1,震荡
2026-05-14,0.0,15.53,14.25,21.91,51.69,震荡
2026-05-15,0.0,15.56,13.45,17.47,46.49,震荡
2026-05-18,0.0,15.62,12.64,15.37,43.63,下行
2026-05-19,0.0,15.23,12.07,16.04,43.34,下行
2026-05-20,0.0,15.11,11.66,15.76,42.52,下行
2026-05-21,0.0,15.18,11.08,11.74,37.99,下行
2026-05-22,0.0,15.2,10.47,14.8,40.47,下行
2026-05-25,0.0,15.22,10.79,19.03,45.05,震荡
2026-05-26,0.0,15.24,11.14,20.65,47.03,震荡
2026-05-27,0.0,15.22,11.2,17.73,44.15,下行
2026-05-28,0.0,15.18,11.1,17.26,43.54,下行
2026-05-29,0.0,15.24,11.6,16.24,43.09,下行
2026-06-01,0.0,15.18,10.46,12.73,38.38,下行
2026-06-02,0.0,15.11,9.29,16.55,40.95,下行
2026-06-03,0.0,15.13,9.08,18.08,42.29,下行
2026-06-04,0.0,15.14,9.24,15.66,40.04,下行
2026-06-05,0.0,15.1,9.27,10.72,35.09,下行
2026-06-08,0.0,15.18,9.8,5.04,30.02,下行
2026-06-09,0.0,15.08,9.26,10.78,35.12,下行
2026-06-10,0.0,15.07,9.36,8.91,33.34,下行
2026-06-11,0.0,15.08,8.78,7.45,31.31,下行
2026-06-12,0.0,15.02,8.38,11.75,35.16,下行
2026-06-15,0.0,14.95,8.85,17.77,41.57,下行
2026-06-16,0.0,14.91,10.53,17.09,42.53,下行
2026-06-17,0.0,13.83,11.31,19.77,44.9,下行
2026-06-18,0.0,13.91,12.56,20.81,47.28,震荡
2026-06-22,0.0,14.07,13.2,26.65,53.92,震荡
2026-06-23,0.0,14.11,14.23,17.51,45.86,震荡
2026-06-24,0.0,14.03,13.56,19.06,46.65,震荡
2026-06-25,0.0,14.09,13.09,23.65,50.84,震荡
2026-06-26,0.0,14.05,12.72,15.11,41.87,下行
2026-06-29,0.0,14.07,11.57,18.18,43.81,下行
2026-06-30,0.0,14.04,10.29,21.37,45.7,震荡
2026-07-01,0.0,14.08,10.65,19.9,44.62,下行
2026-07-02,0.0,14.08,10.65,11.22,35.94,下行
2026-07-03,0.0,14.08,10.65,12.96,37.68,下行
2026-07-06,0.0,14.08,10.65,12.91,37.63,下行
2026-07-07,0.0,14.08,10.65,9.54,34.26,下行
2026-07-08,0.0,14.08,10.65,7.91,32.63,下行
2026-07-09,0.0,14.08,10.65,14.71,39.43,下行
2026-07-10,0.0,14.08,10.65,9.18,33.9,下行
