日期,收盘点位,全收益收盘点位(元),市值(元),流通市值(元),自由流通市值(元),PE-TTM中位数,PE-TTM 分位点,PE-TTM 80%分位点值,PE-TTM 50%分位点值,PE-TTM 20%分位点值
2026-07-17,=18079.7400,=19705.4225,=6510062389541.6992,=5369269509169,=3456322512483.7627,=119.0470,=0.9116,=105.8703,=85.3494,=61.6876
2026-07-16,=19471.2900,=21222.0959,=7006303752404.8398,=5760752266150,=3721254672540.5679,=126.2418,=0.9474,=105.8596,=85.3444,=61.6876
2026-07-15,=20652.3100,=22509.3087,=7341985600558.0420,=6074368240737,=3946145220509.2920,=137.0874,=0.9803,=105.8592,=85.2753,=61.6876
2026-07-14,=21802.2700,=23762.6735,=7743929078724.0498,=6408449572323,=4163695236221.4570,=145.9245,=0.9880,=105.8592,=85.2063,=61.6233
2026-07-13,=21414.6800,=23340.2290,=7680007024230.9102,=6330033720194,=4089730265708.4790,=147.3801,=0.9886,=105.8417,=85.1814,=61.6233
2026-07-10,=22325.1000,=24332.5120,=7905017170874.5098,=6552825414319,=4258726393463.6860,=150.3151,=0.9910,=105.8368,=85.1565,=61.6233
2026-07-09,=23874.9100,=26021.6764,=8445308895075.4600,=7017610585574,=4556323934130.6572,=163.7488,=0.9964,=105.7971,=85.0721,=61.6233
2026-07-08,=21833.9100,=23797.1618,=7720250997443.9102,=6454356996008,=4165628696289.3481,=148.8177,=0.9910,=105.7957,=84.9877,=61.6233
2026-07-07,=22004.1900,=23982.7471,=7707970697901.9219,=6486291468681,=4194675992739.2559,=151.9791,=0.9922,=105.7957,=84.9873,=61.6087
2026-07-06,=22108.0300,=24095.9260,=7689466983259.8398,=6474827677709,=4212857932380.5322,=149.8713,=0.9922,=105.7877,=84.9870,=61.6087
2026-07-03,=21934.4800,=23906.7732,=7588797104537.0898,=6407279033899,=4179559955483.6362,=153.3146,=0.9934,=105.7437,=84.9845,=61.6087
2026-07-02,=22163,=24154.0544,=7689677259371.6602,=6481108816708,=4223814944443.5010,=156.5700,=0.9952,=105.7096,=84.9819,=61.6087
2026-07-01,=24286.8800,=26468.7335,=8374565670129.8584,=7073819298636,=4629504833051.8701,=174.8755,=0.9988,=105.6666,=84.9809,=61.6087
2026-06-30,=24861.0500,=27094.4863,=8594577350429.4102,=7259134682014,=4740485755237.6699,=178.5724,=1,=105.6666,=84.9799,=61.5901
2026-06-29,=24226.2400,=26401.4791,=8317270539154.3066,=7042277622283,=4612937682979.6172,=175.0054,=1,=105.6630,=84.9639,=61.5901
2026-06-26,=23056.2800,=25126.4794,=7975446344941.8496,=6731875658981,=4391409403915.0981,=170.4441,=1,=105.6292,=84.9480,=61.5901
2026-06-25,=23318.2800,=25411.9976,=8109819228309.9102,=6815583321493,=4445451308105.1914,=168.7163,=0.9994,=105.6020,=84.9453,=61.5901
2026-06-24,=22111.0400,=24096.2257,=7731537915601.1406,=6485149641658,=4217543435967.8242,=154.3866,=0.9982,=105.5861,=84.9426,=61.5901
2026-06-23,=20987.7000,=22872.0271,=7351703089873.8301,=6181423819870,=4006327887522.9199,=152.4514,=0.9976,=105.5861,=84.9343,=61.5746
2026-06-22,=21473.8000,=23400.1399,=7419647373760.5918,=6299373604509,=4100907742994.6001,=147.4098,=0.9976,=105.5716,=84.9260,=61.5746
2026-06-18,=20721.2800,=22580.1100,=7223521390241.2510,=6136192314884,=3963868978848.7817,=145.3042,=0.9964,=105.5612,=84.9219,=61.5746
2026-06-17,=19831.5600,=21610.5728,=6874624115723.9014,=5837467914032,=3786788763638.4058,=136.3413,=0.9891,=105.5464,=84.9178,=61.5746
2026-06-16,=18702.0700,=20379.7648,=6522011346398.1104,=5524676282930,=3575593082724.0649,=121.4043,=0.9365,=105.5458,=84.9079,=61.5746
2026-06-15,=18523.8300,=20185.0628,=6497228933413.8496,=5503901840600,=3545012756773.1201,=123.7869,=0.9492,=105.5458,=84.8980,=61.5363
2026-06-12,=17477.3200,=19044.7058,=5622563499032.6904,=4781387496112,=3005383698087.8232,=117.3424,=0.9170,=105.5259,=84.8696,=61.5363
2026-06-11,=17610.2200,=19189.5218,=5657421531164.6709,=4798943901601,=3023419945672.6694,=119.1301,=0.9248,=105.5071,=84.8413,=61.5363
2026-06-10,=17521.2800,=19092.5987,=5614843172758.0605,=4767595105111,=3006682257488.3125,=119.4404,=0.9260,=105.5060,=84.8366,=61.5363
2026-06-09,=17751.2800,=19342.5694,=5672365442909.5918,=4810844993692,=3044769429433.6211,=125.1967,=0.9557,=105.4721,=84.8319,=61.5363
2026-06-08,=16880.2100,=18393.4150,=5411600545789.3594,=4589627876999,=2899724630856.6235,=116.3624,=0.9132,=105.4721,=84.8317,=61.4870
2026-06-05,=17641.1900,=19222.6094,=5654057440097.4893,=4794619069313,=3029381495919.9946,=121.0752,=0.9362,=105.4675,=84.8315,=61.4870
2026-06-04,=18583.1500,=20249.0069,=5944838944540.9697,=5035970565019,=3190803273489.2876,=128.5972,=0.9635,=105.4585,=84.8144,=61.4870
2026-06-03,=18238.2700,=19872.2410,=5864396924721.3594,=4965154445889,=3136942142833.6299,=123.5907,=0.9489,=105.3042,=84.7973,=61.4870
2026-06-02,=17629.9700,=19209.4473,=5684156764548.5000,=4797743808351,=3031208966715.0220,=117.7838,=0.9233,=105.1461,=84.7734,=61.4870
2026-06-01,=17333.1900,=18886.0708,=5586796412156.9004,=4700473618217,=2975815017166.5703,=116.5508,=0.9160,=105.1461,=84.7495,=61.4538
2026-05-29,=18347.7400,=19991.3050,=5913943773990.3906,=4977397193576,=3151787170196.6509,=123.8909,=0.9519,=105.1004,=84.7335,=61.4538
2026-05-28,=19395.8500,=21132.2091,=6301358567063.5391,=5276084622152,=3333200761120.1250,=132.4582,=0.9793,=105.0985,=84.7174,=61.4538
2026-05-27,=19329.4300,=21059.1969,=6210546781356.8604,=5230452115784,=3314726566943.7588,=127.9581,=0.9628,=105.0622,=84.7152,=61.4538
2026-05-26,=19868.5000,=21646.5104,=6402553432025.6016,=5404740948072,=3412629665211.9229,=129.5319,=0.9646,=104.9635,=84.7129,=61.4538
2026-05-25,=20000.7000,=21787.2782,=6464897114142.1191,=5423417059757,=3437946047630.5049,=130.7515,=0.9707,=104.9635,=84.7036,=61.4205
2026-05-22,=18621.3400,=20284.7108,=5938877411586.5898,=5050074749107,=3196033467809.9507,=121.5236,=0.9419,=104.9047,=84.6943,=61.4205
2026-05-21,=18149.3100,=19770.5119,=5807495252996.3311,=4946968891235,=3120461910217.8232,=118.7482,=0.9303,=104.8980,=84.6340,=61.4205
2026-05-20,=18722.5800,=20394.3579,=6022850525493.5400,=5119018350693,=3221428695640.7148,=120.7985,=0.9406,=104.8574,=84.5736,=61.4205
2026-05-19,=17879.2600,=19475.3863,=5720654390568.1807,=4909843905730,=3076608336038.0342,=117.7068,=0.9271,=104.8419,=84.5622,=61.4205
2026-05-18,=17194.8200,=18729.8388,=5498244005709.7305,=4697883115108,=2953665085652.6934,=115.5596,=0.9197,=104.8419,=84.5508,=61.2961
2026-05-15,=17032.6200,=18553.1624,=5465180485287.9199,=4657078821660,=2926847393929.2397,=115.3759,=0.9178,=104.8386,=84.5199,=61.2961
2026-05-14,=17078.7100,=18603.3689,=5507227155965.9902,=4703267545269,=2939336564366.8691,=120.2414,=0.9368,=104.8249,=84.4889,=61.2961
2026-05-13,=17543.4000,=19109.5385,=5682303610901.0996,=4855293751394,=3023062054728.5103,=117.3480,=0.9269,=104.7979,=84.4821,=61.2961
2026-05-12,=17096.5100,=18622.7542,=5569280353950.4189,=4746268270084,=2947377302789.3232,=114.5299,=0.9140,=104.7962,=84.4753,=61.2961
2026-05-11,=16980.7800,=18496.6969,=5508523834949.5801,=4682692779112,=2921398149929.4102,=115.1507,=0.9176,=104.7962,=84.4580,=61.2943
2026-05-08,=15971.5500,=17397.3634,=5239077741860.2607,=4432971769635,=2753916650259.0942,=105.4675,=0.8100,=104.7432,=84.4407,=61.2943
2026-05-07,=16450.4000,=17916.9587,=5418997177637.7803,=4581665566363,=2841246395602.3306,=107.1051,=0.8437,=104.6227,=84.4192,=61.2943
2026-05-06,=16211.9900,=17657.2939,=5345477968901.9688,=4523390605450,=2799849665275.8203,=106.8669,=0.8405,=104.6217,=84.3977,=61.2943
2026-04-30,=15254.3400,=16614.2672,=5035340002628.4404,=4217432066206,=2632150254758.5503,=100.6307,=0.7474,=104.5843,=84.3896,=61.2943
2026-04-29,=14480.0800,=15770.9817,=4731629150028.7393,=3954054080766,=2472132841823.6899,=109.3480,=0.8693,=104.6217,=84.3815,=61.2371
2026-04-28,=14566.5800,=15865.1904,=4757895218926.7402,=3970490761067,=2483052826784.1304,=123.0193,=0.9488,=104.5843,=84.3787,=61.2371
2026-04-27,=14725.1000,=16037.8428,=4821512753553.6689,=4021101147735,=2492455222695.2012,=120.3295,=0.9377,=104.5239,=84.3759,=61.2371
2026-04-24,=14046.9900,=15299.2764,=4613017414088.0693,=3851144905377,=2380010837105.6099,=106.5326,=0.8369,=104.4631,=84.3740,=61.2371
2026-04-23,=13809.6000,=15040.7322,=4500933817032.9805,=3768619885404,=2337759507578.8188,=104.5239,=0.8010,=104.4052,=84.3721,=61.2371
2026-04-22,=14006.7500,=15255.4569,=4553953261748.7900,=3808068710898,=2366807786639.5103,=104.8574,=0.8071,=104.4052,=84.3591,=61.0265
2026-04-21,=13626.3500,=14841.1419,=4450255819377,=3709164911300,=2304121077372.9199,=102.2642,=0.7686,=104.3709,=84.3460,=61.0265
2026-04-20,=13830.8600,=15063.8863,=4531888794806.7598,=3787373026780,=2341746897096.1001,=104.4052,=0.8006,=104.3709,=84.3266,=61.0265
2026-04-17,=13590.4900,=14802.0799,=4446168688969.7305,=3721354300950,=2299753863865.4199,=103.2972,=0.7838,=104.3167,=84.3073,=61.0265
2026-04-16,=13496.9100,=14700.1627,=4405277262224.9707,=3687355393803,=2284506472946.7695,=105.7877,=0.8221,=104.3167,=84.2778,=61.0265
2026-04-15,=13348.8700,=14538.9224,=4364500400857.9409,=3645683208772,=2259734815077.2402,=105.8417,=0.8244,=104.3167,=84.2483,=61.0035
2026-04-14,=13411.8100,=14607.4709,=4354604056859.8198,=3648475795590,=2266330388223.0195,=107.5076,=0.8529,=104.3144,=84.2098,=61.0035
2026-04-13,=13141.0500,=14312.5784,=4277793759025.6401,=3578809414093,=2221102726083.7900,=102.7578,=0.7770,=104.3089,=84.1713,=61.0035
2026-04-10,=13057.4800,=14221.5610,=4248631818770.6191,=3547596706491,=2206697704993.7998,=114.1196,=0.9130,=104.3089,=84.1678,=61.0035
2026-04-09,=12817.9200,=13960.6352,=4180293247690.9102,=3488434128780,=2166856650195.3704,=110.1133,=0.8806,=104.2340,=84.1643,=61.0035
2026-04-08,=12816.4100,=13958.9986,=4181530961930.0801,=3480663956173,=2164693634043.5801,=109.4784,=0.8731,=104.2340,=84.1594,=60.8427
2026-04-07,=12070.5600,=13146.6542,=3942223314896.0498,=3281143999682,=2039956689562.0896,=103.7859,=0.7945,=104.2132,=84.1546,=60.8427
2026-04-03,=11883.1500,=12942.5336,=3853682830162.8999,=3216238234041,=2002832774472.2900,=104.8386,=0.8087,=104.2132,=84.1545,=60.8427
2026-04-02,=11928.1600,=12991.5540,=3867788032023.5000,=3221316504118,=2008880357999.7200,=104.3144,=0.8024,=104.1132,=84.1544,=60.8427
2026-04-01,=12292.8000,=13388.7076,=3992328404266.2412,=3326264009670,=2071520593475.5896,=107.6832,=0.8553,=104.0860,=84.1324,=60.8427
2026-03-31,=11890.0200,=12950.0187,=3860918451261.2002,=3212272149301,=2000829690208.1899,=104.3089,=0.8027,=104.0860,=84.1104,=60.7325
2026-03-30,=12337.8600,=13437.7794,=3986458038112.7100,=3323707670715,=2065310546327.4707,=117.1608,=0.9257,=103.9860,=84.1029,=60.7325
2026-03-27,=12385.0200,=13489.1498,=4013197505651.8101,=3338518440328,=2072504693510.7800,=117.7695,=0.9281,=103.9479,=84.0955,=60.7325
2026-03-26,=12347.2000,=13447.9571,=3994969641157.3389,=3324015305452,=2065976431126.1504,=115.8297,=0.9225,=103.9455,=84.0715,=60.7325
2026-03-25,=12660.8700,=13789.5933,=4089209528691.0200,=3391030239830,=2116982565784.4805,=117.7899,=0.9287,=103.8758,=84.0475,=60.7325
2026-03-24,=12372.3800,=13475.3835,=4009147013092.8696,=3316867491871,=2069502066093.3501,=116.9596,=0.9249,=103.8758,=84.0406,=60.6536
2026-03-23,=12190.1900,=13276.9484,=3938148227359.0698,=3254457309954,=2035527728822.8000,=117.2368,=0.9279,=103.8726,=84.0338,=60.6536
2026-03-20,=12820.3300,=13963.2676,=4132701595265.1201,=3419049597045,=2140214895844.1001,=117.0120,=0.9260,=103.8021,=84.0207,=60.6536
2026-03-19,=13028.2300,=14189.6961,=4205289884731.0903,=3468196218872,=2175022028850.1797,=114.9076,=0.9203,=103.6977,=84.0076,=60.6536
2026-03-18,=13359.1100,=14550.0783,=4303606233568.8296,=3559663220530,=2229765463547.4897,=118.1303,=0.9297,=103.6813,=83.9997,=60.6536
2026-03-17,=13074.9800,=14240.6194,=4236340396107.7998,=3498122522397,=2185288451264.8296,=117.0526,=0.9271,=103.6813,=83.9918,=60.6485
2026-03-16,=13447.6700,=14646.5282,=4348245735580.6001,=3591890253052,=2245530883904.6597,=120.1225,=0.9365,=103.6784,=83.9913,=60.6485
2026-03-13,=13206.5400,=14383.9066,=4292993680985.0400,=3548720616438,=2207567988776.9702,=119.7403,=0.9340,=103.6488,=83.9907,=60.6485
2026-03-12,=13324.3500,=14512.2143,=4325236739638.8208,=3586116479870,=2226531992931.5200,=119.9731,=0.9358,=103.6394,=83.9754,=60.6485
2026-03-11,=13471.6600,=14672.6587,=4369216956181.0498,=3622534920502,=2251000960990.8604,=121.9623,=0.9433,=103.5232,=83.9601,=60.6485
2026-03-10,=13620.4200,=14834.6800,=4417709975860.2188,=3669140966988,=2278737963799.1401,=123.8608,=0.9527,=103.5232,=83.9461,=60.5719
2026-03-09,=13302.2400,=14488.1417,=4317462886788.5610,=3584561130709,=2225660720469.7998,=120.6760,=0.9407,=103.4234,=83.9321,=60.5719
2026-03-06,=13615.1700,=14828.9692,=4407696037439.8604,=3664160783217,=2277475034041.2002,=123.8390,=0.9527,=103.4220,=83.9064,=60.5719
2026-03-05,=13631.4400,=14846.6845,=4416984921233.6904,=3671196810537,=2281220390694.3501,=125.5061,=0.9583,=103.3994,=83.8807,=60.5719
2026-03-04,=13340.9600,=14530.3134,=4325994466431.4009,=3583701952638,=2231268425143.4697,=126.8733,=0.9615,=103.3780,=83.8791,=60.5719
2026-03-03,=13422.9600,=14619.6176,=4370243369635.9199,=3617179509898,=2246596025974.1201,=125.3449,=0.9589,=103.3780,=83.8775,=60.5251
2026-03-02,=14195.1100,=15460.6017,=4611019603731.4600,=3826899552645,=2375448126125.6104,=132.5583,=0.9798,=103.3417,=83.8719,=60.5251
2026-02-27,=14425.7900,=15711.8494,=4681246134741.7598,=3879037626710,=2412060944632.1802,=134.8970,=0.9873,=103.3322,=83.8663,=60.5251
2026-02-26,=14521.2200,=15815.7914,=4708702568229.4902,=3894569487643,=2426209887534.0298,=139.7111,=0.9930,=103.1937,=83.8447,=60.5251
2026-02-25,=14340.3100,=15618.7484,=4637231824683.9697,=3826226572172,=2392195782799.8301,=138.3524,=0.9918,=103.0971,=83.8231,=60.5251
2026-02-24,=14276.0400,=15548.7549,=4607757835156.3301,=3799595647381,=2381480335531.4102,=132.4478,=0.9810,=103.0971,=83.8121,=60.4382
2026-02-13,=14220.5000,=15488.2628,=4632806286267.9502,=3819759510306,=2377768223250.6602,=130.5675,=0.9721,=103.0869,=83.8011,=60.4382
2026-02-12,=14217.6000,=15485.1012,=4629754924272.0098,=3820557152141,=2376497540477.0400,=133.1904,=0.9835,=103.0797,=83.7942,=60.4382
2026-02-11,=13957.8400,=15202.1856,=4544493236120,=3745405868304,=2331524559345.6597,=129.9823,=0.9714,=102.9698,=83.7873,=60.4382
2026-02-10,=14162.9200,=15425.5431,=4607001673169.9707,=3799015594801,=2366054381950.0498,=131.9427,=0.9784,=102.9684,=83.7788,=60.4382
2026-02-09,=14068.0700,=15321.8108,=4567409672454.6289,=3767623407861,=2348501949114.2500,=132.9987,=0.9828,=102.9684,=83.7704,=60.3863
2026-02-06,=13596.8200,=14808.5611,=4416207303400.1094,=3644740791555,=2268993981171.5298,=128.1981,=0.9694,=102.9165,=83.7536,=60.3863
2026-02-05,=13729.5200,=14953.0877,=4439720445541.9785,=3673325706313,=2290419883021.8501,=129.8584,=0.9726,=102.9058,=83.7369,=60.3863
2026-02-04,=13940.4300,=15182.7924,=4516694657479.8008,=3729705601307,=2325908430916.8198,=129.7851,=0.9720,=102.8726,=83.7367,=60.3863
2026-02-03,=14227.2600,=15495.1844,=4601928564167.5215,=3808551862292,=2376007142860.7402,=131.9543,=0.9796,=102.8578,=83.7366,=60.3863
2026-02-02,=14031.1500,=15281.6044,=4580726177925.8701,=3783240872969,=2351834049030.7705,=122.5644,=0.9579,=102.8578,=83.7203,=60.3489
2026-01-30,=14753.9700,=16068.8325,=4802740882669.9502,=3963166793929,=2469626676396.3301,=121.5628,=0.9547,=102.8098,=83.7040,=60.3489
2026-01-29,=14563.2400,=15861.1137,=4764559032651.7998,=3927776669169,=2438262832319.3501,=124.9578,=0.9668,=102.7930,=83.6900,=60.3489
2026-01-28,=15195.1300,=16548.7565,=4965562469561.2100,=4086848732070,=2543010515423.8403,=125.9410,=0.9687,=102.7662,=83.6760,=60.3489
2026-01-27,=14962.2800,=16295.1607,=4898536016278.9395,=4049824517428,=2506879997762.9902,=126.4396,=0.9699,=102.7344,=83.6749,=60.3489
2026-01-26,=14687.9500,=15996.3917,=4825525133468.7393,=3993163562236,=2463372401939.7202,=125.1077,=0.9686,=102.7344,=83.6739,=60.2885
2026-01-23,=15005.8600,=16342.6243,=4935915965003.0889,=4081990887254,=2516527885962.1299,=135.4561,=0.9891,=102.6585,=83.6721,=60.2885
2026-01-22,=15016.8100,=16354.5537,=4956756689192.9297,=4092747346722,=2520704698654.8604,=120.6055,=0.9551,=102.6473,=83.6704,=60.2885
2026-01-21,=15082.0900,=16425.6495,=4977483490111.5703,=4109349750031,=2530385787827.1797,=118.7469,=0.9500,=102.5906,=83.6603,=60.2885
2026-01-20,=14429.7100,=15715.1518,=4766045159849.9785,=3930876035221,=2422710804443.9307,=119.9135,=0.9531,=102.5618,=83.6501,=60.2885
2026-01-19,=14556.8800,=15853.6512,=4837844923350.9297,=3983245341420,=2448903033451.5498,=123.7088,=0.9660,=102.5618,=83.6493,=60.2501
2026-01-16,=14550.8500,=15847.0822,=4840974595757.9492,=3974912229241,=2447476630822.0996,=122.8237,=0.9627,=102.5384,=83.6484,=60.2501
2026-01-15,=14101.0600,=15357.2188,=4722911109770.7500,=3876933415842,=2376957966407.6401,=116.7081,=0.9486,=102.5316,=83.6256,=60.2501
2026-01-14,=13933.1400,=15174.3435,=4689320638877.5586,=3843596905756,=2353164136878.7700,=114.3883,=0.9408,=102.3308,=83.6027,=60.2501
2026-01-13,=13719.6800,=14941.8685,=4603461386940.7002,=3762539688420,=2314354671808.7998,=113.1414,=0.9311,=102.2958,=83.5703,=60.2501
2026-01-12,=14195.4600,=15460.0367,=4773009369032.1797,=3911954624965,=2397730615629.9697,=117.1108,=0.9491,=102.2958,=83.5378,=60.1593
2026-01-09,=13959.2900,=15202.8287,=4710933691531.7695,=3850288848530,=2359014459146.7900,=111.0650,=0.9168,=102.2309,=83.4982,=60.1593
2026-01-08,=13913.8000,=15153.2831,=4691417109855.9902,=3823575162931,=2349133511489.3501,=113.0056,=0.9316,=102.2170,=83.4586,=60.1593
2026-01-07,=13849.2900,=15083.0217,=4647243102228.5000,=3779740205216,=2334315438321.2998,=113.6993,=0.9367,=102.2017,=83.4575,=60.1593
2026-01-06,=13592.1600,=14802.9934,=4587897407981.9004,=3711731467680,=2292880321983.4497,=108.9019,=0.8966,=102.1011,=83.4563,=60.1593
2026-01-05,=13280.2400,=14463.2833,=4506769666555.6592,=3643937104483,=2243363211993.7900,=104.8980,=0.8384,=102.1011,=83.4431,=60.1028
2025-12-31,=12686.4300,=13816.5779,=4322163355680.8999,=3504768351214,=2142396221018.3401,=100.5129,=0.7820,=102.0579,=83.4299,=60.1028
2025-12-30,=12865.0700,=14011.1269,=4389461532608.2002,=3556458304097,=2175098792695.6799,=102.5618,=0.8058,=102.0579,=83.4040,=60.1028
2025-12-29,=12730.4500,=13864.5103,=4322661182744.2598,=3503659716215,=2148590575546.2695,=103.8021,=0.8251,=102.0008,=83.3781,=60.1028
2025-12-26,=12723.5500,=13857.0017,=4308309808072.5508,=3491268708565,=2143722615400.0200,=105.8703,=0.8568,=101.9780,=83.3484,=60.1028
2025-12-25,=12794.4000,=13934.1587,=4342535932154.4399,=3518721533239,=2157006284119.1899,=105.4721,=0.8444,=101.9780,=83.3186,=60.0500
2025-12-24,=12833.4100,=13976.6468,=4353855859657.2100,=3529897199665,=2164360279526.6699,=106.2689,=0.8611,=101.9266,=83.3181,=60.0500
2025-12-23,=12688.6000,=13818.9394,=4301457024907.2402,=3499739892595,=2141018341021.4800,=105.5716,=0.8494,=101.9266,=83.3176,=60.0500
2025-12-22,=12574.4800,=13694.6555,=4261085358996.0698,=3456064031593,=2119062510499.9695,=105.6292,=0.8512,=101.8463,=83.3040,=60.0500
2025-12-19,=12196.3600,=13282.8482,=4114049558165.4590,=3352099299979,=2055662216835.4600,=97.6802,=0.7432,=101.7674,=83.2904,=60.0500
2025-12-18,=12213.2000,=13301.1916,=4115618581790.8799,=3357926453447,=2059024245804.3501,=97.1397,=0.7352,=101.8463,=83.2802,=60.0491
2025-12-17,=12322.5600,=13420.2879,=4163051703861.8599,=3400797695075,=2078706651405.2600,=98.3559,=0.7520,=101.8463,=83.2699,=60.0491
2025-12-16,=12026.8500,=13098.2406,=4057234687632.7612,=3314207293406,=2028166091564.1704,=97.3884,=0.7420,=101.8463,=83.2481,=60.0491
2025-12-15,=12256.2100,=13348.0318,=4141190522848.1699,=3384014582726,=2069155322853.0300,=99.7136,=0.7725,=101.8463,=83.2263,=60.0491
2025-12-12,=12577.2000,=13697.6092,=4206938035434.1201,=3428031199861,=2094690422018.8501,=96.0331,=0.7182,=101.8463,=83.2209,=60.0491
2025-12-11,=12426.3600,=13533.3395,=4150863971333.5601,=3393633988482,=2068120710066.7300,=92.3499,=0.6730,=101.9266,=83.2156,=59.9856
2025-12-10,=12651.4600,=13778.4887,=4231698402581.9609,=3456810789320,=2105156349414.1904,=93.2962,=0.6793,=101.9266,=83.1789,=59.9856
2025-12-09,=12648.1400,=13774.8733,=4225212458205.0200,=3452117084857,=2104652531155.3401,=90.0079,=0.6418,=101.9266,=83.1423,=59.9856
2025-12-08,=12657.5200,=13785.0859,=4232513383604.8901,=3453915209858,=2106937655189.1396,=89.9992,=0.6416,=101.9266,=83.1103,=59.9856
2025-12-05,=12359.0900,=13460.0739,=4129041848083.1992,=3370506841071,=2057413717791.3701,=89.2482,=0.6302,=101.9266,=83.0782,=59.9856
2025-12-04,=12403.3100,=13508.2344,=4145903181637.3896,=3383823117899,=2064719821616.8604,=89.8989,=0.6411,=101.9266,=83.0759,=59.8762
2025-12-03,=12143.3500,=13225.1166,=4051948548438.3701,=3309776442002,=2020691790644.2295,=87.9513,=0.6042,=101.9266,=83.0736,=59.8762
2025-12-02,=12219.2300,=13307.7522,=4078840384317.8799,=3328100242413,=2033802878542.8999,=85.5494,=0.5521,=101.9266,=83.0520,=59.8762
2025-12-01,=12417.1700,=13523.3289,=4144671815698.4902,=3384347017048,=2066814728851.4800,=86.8194,=0.5846,=101.9266,=83.0304,=59.8762
2025-11-28,=12190.3600,=13276.3080,=4080022612830.3809,=3325480444972,=2029636713561.1101,=87.6604,=0.5995,=101.9266,=83.0139,=59.8762
2025-11-27,=12050.6200,=13124.1284,=4033179509337.2500,=3286940122531,=2006506375769.6904,=86.3239,=0.5749,=101.9780,=82.9974,=59.8013
2025-11-26,=12016.5400,=13087.0095,=4025087449320.4609,=3278485202360,=2001157773718.2800,=86.8408,=0.5851,=101.9780,=82.9933,=59.8013
2025-11-25,=11836.0100,=12890.3944,=3962209938555.2695,=3222554916953,=1971506103600.5903,=86.5027,=0.5776,=101.9780,=82.9892,=59.8013
2025-11-24,=11743.6200,=12789.7697,=3934659997801.2788,=3205641040089,=1956440899713.3201,=86.3067,=0.5747,=101.9780,=82.9866,=59.8013
2025-11-21,=11640.4100,=12675.1232,=3907700596684.4697,=3170424214930,=1939143259883.4104,=85.5596,=0.5553,=101.9780,=82.9839,=59.8013
2025-11-20,=12157.2300,=13237.8906,=4070817089594.6904,=3307985583796,=2024514814232.8000,=90.8449,=0.6539,=102.0008,=82.9785,=59.7129
2025-11-19,=12311.9700,=13406.3799,=4107710948543.0898,=3347162694686,=2050098632669.2495,=94.9007,=0.7018,=102.0008,=82.9731,=59.7129
2025-11-18,=12427.7500,=13532.4586,=4148845060566.3301,=3377273312229,=2069481054602.1799,=96.3093,=0.7208,=102.0008,=82.9172,=59.7129
2025-11-17,=12314.9500,=13409.6310,=4109428561354.1392,=3339569526391,=2050131605539.0295,=92.2428,=0.6704,=102.0008,=82.8612,=59.7129
2025-11-14,=12391.8400,=13493.3508,=4136015576642.8599,=3363225891793,=2063025586886.9705,=95.7566,=0.7112,=102.0008,=82.8566,=59.7129
2025-11-13,=12853.9400,=13996.5308,=4286031876108.2900,=3482401822110,=2138166282629.0095,=98.2349,=0.7474,=102.0579,=82.8519,=59.6984
2025-11-12,=12639.3600,=13762.8691,=4215728251606.7002,=3433936099566,=2102593910711.2600,=98.7777,=0.7558,=102.0579,=82.7910,=59.6984
2025-11-11,=12710.9200,=13840.7953,=4219044090465.5010,=3447313378219,=2114099149849.2097,=98.3248,=0.7490,=102.0579,=82.7302,=59.6984
2025-11-10,=12952.3300,=14103.6589,=4301878244903.7305,=3515124562972,=2153432434218.5200,=100.5836,=0.7826,=102.0579,=82.7280,=59.6984
2025-11-07,=13017.1200,=14174.2082,=4339379133959.4102,=3540395379582,=2164345547462.0400,=98.7065,=0.7560,=102.0579,=82.7259,=59.6984
2025-11-06,=13196.1200,=14369.1206,=4407809567401.8496,=3591488255716,=2193789508353.6299,=97.4274,=0.7419,=102.1011,=82.7195,=59.5801
2025-11-05,=12679.0700,=13806.1111,=4222890989736.0298,=3438450070730,=2108142966165.2195,=94.0914,=0.6919,=102.1011,=82.7131,=59.5801
2025-11-04,=12775,=13910.5712,=4246326978797.9092,=3460875249874,=2124134686118.1104,=94.6938,=0.7023,=102.1011,=82.7060,=59.5801
2025-11-03,=12840.2000,=13981.5656,=4265717903139.6099,=3477092473407,=2134413359727.4099,=93.5886,=0.6862,=102.1011,=82.6989,=59.5801
2025-10-31,=12976.8300,=14130.3423,=4333335778031.4502,=3520524854113,=2158430138021.1699,=94.7981,=0.7033,=102.1011,=82.6840,=59.5801
2025-10-30,=13517.8300,=14719.4287,=4502864970447.2500,=3660520780999,=2227319188212.3252,=110.6870,=0.9121,=102.2017,=82.6691,=59.3520
2025-10-29,=13820.1000,=15048.5739,=4613933382991.4697,=3743966491181,=2273077196093.9658,=112.7277,=0.9280,=102.1011,=82.6483,=59.3520
2025-10-28,=13809.6000,=15037.1378,=4608333687295.1992,=3740784823271,=2271029685315.8896,=110.7408,=0.9133,=102.0579,=82.6275,=59.3520
2025-10-27,=13918.8400,=15156.0884,=4660387865033.5303,=3780482102332,=2282327769971.3750,=113.2494,=0.9306,=102.0008,=82.6250,=59.3520
2025-10-24,=13573.6500,=14780.2158,=4577182790071.0508,=3700941184156,=2225868964050.8301,=104.6217,=0.8351,=101.9780,=82.6224,=59.3520
2025-10-23,=12923.5200,=14072.2977,=4360123970847.8501,=3522263646743,=2119173942617.2244,=99.5171,=0.7682,=101.9780,=82.6083,=59.2929
2025-10-22,=13018.4800,=14175.6911,=4381505574596.1699,=3551615284434,=2133808439776.8325,=102.5906,=0.8075,=101.9780,=82.5941,=59.2929
2025-10-21,=13047.1300,=14205.5076,=4377822770854.1699,=3545099488923,=2138611505168.4275,=105.5071,=0.8455,=101.9266,=82.5854,=59.2929
2025-10-20,=12628.3500,=13749.5493,=4233620293251.2988,=3429393622485,=2069993859796.0400,=105.0622,=0.8414,=101.9266,=82.5767,=59.2929
2025-10-17,=12521.7000,=13633.4288,=4200373790505.4902,=3400447391057,=2053170465549.9224,=100.8702,=0.7897,=101.8463,=82.5673,=59.2929
2025-10-16,=12992.2900,=14145.7176,=4357955972901.7402,=3522325180538,=2130426645931.3577,=105.4585,=0.8445,=101.9266,=82.5578,=59.1226
2025-10-15,=13074.2200,=14234.9245,=4396568587684.6401,=3551758294806,=2123408932509.7949,=107.3843,=0.8786,=101.8463,=82.5165,=59.1226
2025-10-14,=12834.2700,=13973.6662,=4305599660788.7002,=3475721398818,=2085438413559.0100,=106.3518,=0.8611,=101.7674,=82.4752,=59.1226
2025-10-13,=13590.2100,=14796.7236,=4575091672016.7695,=3686246736259,=2208075954305.2100,=111.4896,=0.9201,=101.7559,=82.4149,=59.1226
2025-10-10,=13412.8200,=14603.5796,=4467654582288.8906,=3633121823873,=2177613076874.0750,=103.0797,=0.8192,=101.7042,=82.3545,=59.1226
2025-10-09,=14259.8700,=15525.8321,=4775446407629.0801,=3869199952714,=2315879740147.6377,=114.0890,=0.9381,=101.7042,=82.3321,=58.9992
2025-09-30,=13889.6800,=15122.7753,=4679538483519.1699,=3770681990855,=2257514263451.2705,=103.4234,=0.8257,=101.6932,=82.3098,=58.9992
2025-09-29,=13649.8700,=14861.6752,=4609670404566.3096,=3727570954386,=2217689523180.9404,=103.6488,=0.8276,=101.6520,=82.3024,=58.9992
2025-09-26,=13474.3100,=14670.5354,=4548344355971.6006,=3690107600987,=2187261307491.2500,=101.2936,=0.7972,=101.5709,=82.2951,=58.9992
2025-09-25,=13660.8300,=14873.3178,=4604120649533.6709,=3745667743787,=2217573825331.5869,=102.2017,=0.8085,=101.5709,=82.2934,=58.9992
2025-09-24,=13567.5500,=14771.7550,=4577527272785.5195,=3715929791317,=2203487768673.2500,=101.7559,=0.8030,=101.5709,=82.2917,=58.9873
2025-09-23,=12999.5800,=14153.3811,=4385277558184.2505,=3564666086669,=2110811842470.1899,=98.5247,=0.7623,=101.4396,=82.2898,=58.9873
2025-09-22,=13022.5100,=14178.3462,=4398585003972.5586,=3575642523253,=2113471544716.2144,=99.3257,=0.7716,=101.4396,=82.2880,=58.9873
2025-09-19,=12519.1400,=13630.3002,=4201492507190.6904,=3425127342256,=2030766821419.0601,=96.3456,=0.7350,=101.4396,=82.2808,=58.9873
2025-09-18,=12736.7100,=13867.1774,=4275856915448.9702,=3494389838612,=2065081951094.2949,=99.4023,=0.7740,=101.4396,=82.2736,=58.9873
2025-09-17,=12490.2000,=13598.7836,=4185773100341.9102,=3432548502603,=2023808477320.4524,=95.7370,=0.7251,=101.5709,=82.2715,=58.8891
2025-09-16,=12349.7900,=13445.9167,=4109084016972.6904,=3400648029707,=1998997854459.8557,=96.3077,=0.7344,=101.5709,=82.2695,=58.8891
2025-09-15,=12201.0300,=13283.9522,=4051063368629.6299,=3349475990939,=1974496838368.9199,=96.1542,=0.7315,=101.5709,=82.2494,=58.8891
2025-09-12,=12110.9800,=13185.9046,=4020335568547.4199,=3321613448786,=1959596905893.9404,=91.1767,=0.6777,=101.5709,=82.2294,=58.8891
2025-09-11,=11921.0700,=12979.1370,=3978494534729.5498,=3269470202322,=1930338273636.4265,=90.0143,=0.6585,=101.5709,=82.2269,=58.8891
2025-09-10,=11201.9700,=12196.2123,=3719726336865.8188,=3050853449375,=1815084064250.6770,=86.1977,=0.5890,=101.6520,=82.2244,=58.7551
2025-09-09,=11000.1400,=11976.4727,=3654442105380.9600,=2991086865354,=1782726801523.6335,=85.4743,=0.5710,=101.6520,=82.1433,=58.7551
2025-09-08,=11327.7100,=12333.1166,=3803044031966.8608,=3068136256738,=1838844050618.0320,=87.0817,=0.6034,=101.6520,=82.0622,=58.7551
2025-09-05,=11277.8800,=12278.8664,=3797891662792.9702,=3062638305315,=1830518746205.5249,=86.6727,=0.5990,=101.6520,=82.0422,=58.7551
2025-09-04,=10904.9900,=11872.8801,=3691767997424.2300,=2958556372800,=1771568503988.8618,=85.5591,=0.5729,=101.6520,=82.0223,=58.7551
2025-09-03,=11768.7700,=12813.3221,=3946647988965.5098,=3211218718687,=1908416788608.7056,=89.0748,=0.6435,=101.6932,=82,=58.7116
2025-09-02,=12023.8100,=13091.0009,=4022976224325.3398,=3286747871118,=1957517716807.9429,=91.4410,=0.6801,=101.6932,=81.9777,=58.7116
2025-09-01,=12322.0800,=13415.7395,=4105590390899.8506,=3367239996714,=2006435934077.5901,=95.8181,=0.7256,=101.6932,=81.9760,=58.7116
2025-08-29,=12134.0400,=13211.0129,=4054014122381.2212,=3318065300414,=1976258811673.0251,=91.4545,=0.6810,=101.6932,=81.9742,=58.7116
2025-08-28,=12488.6300,=13597.0761,=4196074679007.9009,=3342003571629,=2022193628932.5591,=95.7695,=0.7252,=101.6932,=81.9390,=58.7116
2025-08-27,=11593.5900,=12622.5986,=3839653166875.5498,=3098897876715,=1873423798580.9810,=93.3963,=0.6949,=101.7042,=81.9038,=58.6533
2025-08-26,=11605.4500,=12635.5064,=3844234862823.0010,=3086002300034,=1873865324253.8169,=87.8663,=0.6201,=101.7042,=81.9005,=58.6533
2025-08-25,=11683.5700,=12720.5650,=3888841044919.7202,=3117744927988,=1880146865452.0510,=93.1284,=0.6925,=101.7042,=81.8973,=58.6533
2025-08-22,=11325.1500,=12330.3284,=3769605363521.1201,=2992875048549,=1824493922319.4231,=92.2455,=0.6881,=101.7042,=81.8869,=58.6533
2025-08-21,=10312.3000,=11227.5788,=3393181778488.0195,=2702518098937,=1660673811818.8469,=87.1181,=0.6070,=101.7042,=81.8765,=58.6533
2025-08-20,=10278.9700,=11191.2899,=3392557837143.7700,=2695750416338,=1656137876170.5269,=88.8897,=0.6417,=101.7674,=81.8535,=58.5487
2025-08-19,=9890.0500,=10767.8520,=3262142652751.7603,=2587001483944,=1594046472155.0957,=84.0076,=0.5474,=101.7674,=81.8304,=58.5487
2025-08-18,=10059.2200,=10952.0425,=3325726139817.3599,=2630049960676,=1615023208999.5718,=91.3829,=0.6811,=101.7674,=81.7859,=58.5487
2025-08-15,=9903.6600,=10782.6742,=3281441371819.0703,=2634944611376,=1590666884628.1887,=90.2862,=0.6651,=101.7674,=81.7413,=58.5487
2025-08-14,=9777.1600,=10644.9495,=3238626297916.9102,=2608634609309,=1569547561993.2410,=88.4520,=0.6345,=101.7674,=81.7138,=58.5487
2025-08-13,=9604.8800,=10457.3710,=3169461311134.0498,=2543415662466,=1542920278124.7837,=89.3771,=0.6501,=101.8463,=81.6862,=58.5363
2025-08-12,=9537.4300,=10383.9357,=3148848299700.5000,=2524443408190,=1532358520240.2805,=89.5911,=0.6513,=101.8463,=81.6717,=58.5363
2025-08-11,=9272.9000,=10095.9312,=3058007046242.9805,=2247715451852,=1490900235230.5151,=89.1559,=0.6476,=101.8463,=81.6571,=58.5363
2025-08-08,=9226.9700,=10045.9285,=3043716369537.1299,=2235544293001,=1483732758326.9358,=88.1366,=0.6308,=101.8463,=81.6388,=58.5363
2025-08-07,=9387.8100,=10221.0394,=3108579144936.4209,=2274497136390,=1510411375596.1101,=89.7022,=0.6547,=101.8463,=81.6205,=58.5363
2025-08-06,=9359.7200,=10190.4553,=3106180601222.5796,=2270048093313,=1505959754962.5054,=90.3599,=0.6655,=101.9266,=81.6042,=58.4535
2025-08-05,=9296.3200,=10121.4313,=3092264703263.6401,=2255231917896,=1495111768985.8401,=90.0725,=0.6611,=101.9266,=81.5879,=58.4535
2025-08-04,=9268.7300,=10091.3939,=3085157631198.1704,=2248363718592,=1490713704636.1826,=90.6609,=0.6706,=101.9266,=81.5873,=58.4535
2025-08-01,=9177.0800,=9991.6067,=3050319378474.7100,=2262163170193,=1475576854455.0129,=90.2251,=0.6634,=101.9266,=81.5867,=58.4535
2025-07-31,=9290.0300,=10112.1798,=3086624726959.7310,=2289149314937,=1493851858789.2517,=88.4525,=0.6383,=101.9266,=81.5808,=58.4535
2025-07-30,=9421.1400,=10254.9009,=3125176387176.3203,=2319736314230,=1515102910802.7959,=90.3754,=0.6664,=101.9266,=81.5748,=58.4255
2025-07-29,=9516.4200,=10358.6050,=3164778704694.3301,=2344422106732,=1530505088100.8413,=90.9868,=0.6731,=101.6932,=81.5642,=58.4255
2025-07-28,=9384.6700,=10215.2015,=3125831491764.7402,=2278603410052,=1509830972113.5154,=89.4388,=0.6535,=101.6932,=81.5537,=58.4255
2025-07-25,=9396.9500,=10228.5702,=3137304309087.0698,=2279985643908,=1512080072841.4849,=90.2617,=0.6644,=101.6932,=81.5535,=58.4255
2025-07-24,=9183.9500,=9996.7189,=3063515200713.9399,=2224120390819,=1478245692152.5645,=89.1776,=0.6516,=101.6932,=81.5533,=58.4255
2025-07-23,=9064.2800,=9866.4602,=3016886952844.0698,=2195510253283,=1458645631423.2036,=87.7247,=0.6270,=101.7042,=81.5501,=58.3459
2025-07-22,=8984.4000,=9779.5108,=2993873671376.0200,=2174533383658,=1445984405004.7466,=86.3042,=0.6038,=101.7042,=81.5469,=58.3459
2025-07-21,=8966.9300,=9760.4949,=2987334910907.5298,=2166912636832,=1443282608174.3855,=85.6113,=0.5875,=101.7042,=81.5417,=58.3459
2025-07-18,=8972.9500,=9767.0436,=2984452880012.0400,=2166628057674,=1444169432469.0024,=85.3545,=0.5837,=101.7042,=81.5365,=58.3459
2025-07-17,=8929.9500,=9720.2329,=2974414320315.0103,=2153214868045,=1437527089101.9685,=83.6484,=0.5429,=101.7042,=81.5078,=58.3459
2025-07-16,=8865.3500,=9649.9156,=2951292940246.0811,=2141475689266,=1426676133474.1680,=83.8231,=0.5503,=101.7674,=81.4791,=58.2630
2025-07-15,=8841.2200,=9623.6534,=2945987544779.9102,=2133253292558,=1423343136138.1223,=83.8011,=0.5500,=101.7674,=81.4754,=58.2630
2025-07-14,=8851.3100,=9634.6331,=2947572793134.8799,=2137595788596,=1424503923396.1860,=84.8315,=0.5727,=101.7674,=81.4716,=58.2630
2025-07-11,=8899.0600,=9686.6175,=2964096427889.6299,=2147725981172,=1432396437861.2896,=86.0674,=0.5927,=101.7674,=81.4635,=58.2630
2025-07-10,=8754.4500,=9529.2092,=2909742196335.4502,=2112749467176,=1408755537873.9314,=84.3759,=0.5644,=101.7674,=81.4554,=58.2630
2025-07-09,=8792.4300,=9569.6551,=2922618534899.3696,=2122863580243,=1414745263942.6853,=84.9426,=0.5767,=101.8463,=81.4384,=58.0581
2025-07-08,=8882.8100,=9668.0212,=2951823346217.4204,=2144237601401,=1429326993096.5117,=85.5963,=0.5849,=101.8463,=81.4213,=58.0581
2025-07-07,=8768.7300,=9543.8591,=2916422108900.5903,=2118421259759,=1410714631994.8972,=85.6209,=0.5860,=101.8463,=81.4191,=58.0581
2025-07-04,=8796.4700,=9574.0494,=2925758003808.4199,=2126029751696,=1415269034786.2764,=84.0955,=0.5590,=101.8463,=81.4169,=58.0581
2025-07-03,=8805.7400,=9584.0430,=2928360729257.1694,=2125582410807,=1417051651320.2476,=81.5365,=0.5039,=101.8463,=81.3844,=58.0581
2025-07-02,=8781.6900,=9553.8441,=2922229144117.5093,=2119660108060,=1412977976451.6118,=81.1302,=0.4965,=101.9266,=81.3519,=57.8784
2025-07-01,=8954.7600,=9742.1346,=2977613639049.5503,=2161786414172,=1440807402214.7302,=83.9601,=0.5552,=101.9266,=81.3844,=57.8784
2025-06-30,=9023.2400,=9816.2074,=3002429819560.6396,=2177009788116,=1451529234841.8960,=83.8663,=0.5528,=101.9266,=81.3519,=57.8784
2025-06-27,=8908.1500,=9690.6794,=2963109972107.5498,=2150059567754,=1432965673270.3682,=83.2904,=0.5405,=101.9266,=81.3481,=57.8784
2025-06-26,=8889.7200,=9670.6299,=2964653298135,=2145261291021,=1430169206593.6982,=82.9731,=0.5331,=101.9266,=81.3442,=57.8784
2025-06-25,=8955.0900,=9740.8174,=2982418218115.5303,=2160612584178,=1439667800154.1282,=83.6704,=0.5469,=101.9266,=81.3153,=57.8375
2025-06-24,=8813.7300,=9587.0564,=2928762950454.5801,=2129391561638,=1417419754198.1162,=81.4169,=0.5021,=101.9266,=81.2865,=57.8375
2025-06-23,=8647.2600,=9405.7702,=2875026440005.4502,=2072906895579,=1390649717703.5940,=80.5522,=0.4862,=101.9266,=81.2680,=57.8375
2025-06-20,=8553.6400,=9303.9394,=2833446325144.4199,=2050511602446,=1375135794613.4902,=79.2387,=0.4597,=101.9266,=81.2865,=57.8375
2025-06-19,=8611.5500,=9365.3390,=2848626244975.5996,=2062726291848,=1384322062217.2605,=79.2310,=0.4586,=101.9266,=81.3153,=57.8375
2025-06-18,=8615.6500,=9368.9696,=2852218142595.8804,=2062807333729,=1384863217716.1902,=78.8302,=0.4540,=101.9780,=81.3442,=57.7023
2025-06-17,=8575.7500,=9325.5845,=2844067159452.1099,=2050711761282,=1378742913532.5400,=77.4548,=0.4352,=101.9780,=81.3481,=57.7023
2025-06-16,=8626.8500,=9380.8099,=2864777120555.4102,=2063705689337,=1386830605729.3799,=77.7845,=0.4383,=101.9780,=81.3519,=57.7023
2025-06-13,=8603.0300,=9354.9132,=2846869462966.4897,=2065062001098,=1388405025365.9700,=78.0116,=0.4400,=101.9780,=81.3866,=57.7023
2025-06-12,=8606.7500,=9358.9519,=2841190571470.3003,=2063763652395,=1388889996761.6101,=78.0140,=0.4403,=101.9780,=81.4213,=57.7023
2025-06-11,=8672.3300,=9430.0779,=2862390673007.8105,=2081099099653,=1399611773992.5498,=78.7114,=0.4499,=102.0008,=81.4384,=57.6145
2025-06-10,=8703.2800,=9463.7394,=2872895076032.6694,=2085561558268,=1404074978729.4600,=78.9355,=0.4538,=102.0008,=81.4554,=57.6145
2025-06-09,=8870.3500,=9645.4043,=2923987050591.9004,=2129988735887,=1431392059586.0901,=82.2951,=0.5189,=102.0008,=81.4635,=57.6145
2025-06-06,=8878.8100,=9654.6049,=2926374840058.0801,=2121063694584,=1432837734280.9702,=81.9038,=0.5114,=102.0008,=81.4554,=57.6145
2025-06-05,=8871.4900,=9646.6487,=2925649363878.7100,=2121521605788,=1431339595738.7402,=81.2496,=0.4968,=102.0008,=81.4384,=57.6145
2025-06-04,=8740.7700,=9504.5055,=2886979404703.2202,=2090653330328,=1410097450680.7400,=80.0286,=0.4729,=102.0579,=81.4554,=57.5891
2025-06-03,=8688.0800,=9447.2094,=2872500583519.2998,=2078732093034,=1401598977053.2395,=80.2848,=0.4775,=102.0579,=81.4635,=57.5891
2025-05-30,=8635.4500,=9389.9792,=2857295661684.9897,=2066919691475,=1392769721333.6702,=79.9384,=0.4707,=102.0579,=81.4716,=57.5891
2025-05-29,=8763.2700,=9526.1155,=2897583663036.1812,=2097451747197,=1413509256041.4299,=81.6205,=0.5054,=102.0579,=81.4754,=57.5891
2025-05-28,=8606.2000,=9355.3719,=2845265165978.6011,=2059518013570,=1387978636334.1001,=79.6577,=0.4657,=102.0579,=81.4716,=57.5891
2025-05-27,=8676.0700,=9429.6423,=2869959405768.1104,=2077666750688,=1399368321673.7100,=79.9175,=0.4696,=102.1011,=81.4754,=57.5680
2025-05-26,=8799.6000,=9563.9082,=2907407536027.2100,=2109188912634,=1419020243344.9299,=81.5533,=0.5014,=102.1011,=81.4791,=57.5680
2025-05-23,=8763.1700,=9524.2100,=2889852821247.4707,=2100321384513,=1412781384665.8604,=80.6331,=0.4846,=102.1011,=81.4754,=57.5680
2025-05-22,=8873.7300,=9644.3676,=2923379582621.4102,=2125783682606,=1430669455044.1899,=82.0622,=0.5108,=102.1011,=81.4791,=57.5680
2025-05-21,=8887.3900,=9659.2111,=2931906995643.3599,=2129255355021,=1432813098722.5898,=82.5578,=0.5176,=102.1011,=81.4754,=57.5680
2025-05-20,=8996.9300,=9778.2707,=2964590543733.5605,=2155323837590,=1450480237868.2798,=85.6585,=0.5769,=102.2170,=81.4716,=57.4470
2025-05-19,=8965.6800,=9744.3066,=2958640790919.8203,=2148634673816,=1445447092296.5901,=84.9819,=0.5701,=102.2170,=81.4635,=57.4470
2025-05-16,=8923.1200,=9698.0512,=2942711060831.9102,=2138481393554,=1438638874392.3398,=84.3721,=0.5561,=102.2170,=81.4554,=57.4470
2025-05-15,=8959.1300,=9736.1219,=2953074218040.8799,=2145829687928,=1444073415717.2900,=83.9918,=0.5486,=102.2170,=81.4384,=57.4470
2025-05-14,=9143.6800,=9936.6728,=3011340017349.1011,=2189109154772,=1473846714379.9998,=86.3961,=0.5929,=102.2170,=81.4213,=57.4470
2025-05-13,=9094.1400,=9882.8362,=2993762206247.0801,=2177611969635,=1465925680440.2302,=86.1308,=0.5840,=102.2309,=81.3866,=57.3825
2025-05-12,=9136.8688,=9929.2722,=3011439029775.2998,=2186998352918,=1472981393333.5601,=86.5316,=0.5945,=102.2309,=81.3519,=57.3825
2025-05-09,=9099.3200,=9888.4669,=3004089117726.2305,=2182185476062,=1466358780399.0901,=86.6614,=0.5964,=102.2309,=81.3481,=57.3825
2025-05-08,=9283.7309,=10088.8710,=3074815060458.1899,=2223713501551,=1497185836790.1001,=89.3036,=0.6402,=102.2309,=81.3442,=57.3825
2025-05-07,=9349.8267,=10160.6990,=3099171508695.0396,=2238139223970,=1507501276272.5298,=89.2385,=0.6392,=102.2309,=81.3153,=57.3825
2025-05-06,=9374.9380,=10187.9881,=3099979251467.2002,=2238349678048,=1511442981522.9202,=90.1245,=0.6498,=102.2958,=81.2865,=57.0403
2025-04-30,=9225.4786,=10024.3118,=3055855750498.8501,=2203316475007,=1487553453303.2996,=87.5123,=0.6104,=102.2958,=81.2512,=57.0403
2025-04-29,=9163.6369,=9957.1152,=3035639302614.0098,=2188310070823,=1476074146195.7898,=81.2160,=0.5000,=102.2958,=81.2160,=57.0403
2025-04-28,=9069.8375,=9855.1937,=3019580448839.6602,=2171143843389,=1461500454352.8296,=78.2335,=0.4532,=102.2958,=81.2033,=57.0403
2025-04-25,=9043.9924,=9827.1107,=3011829681121.3804,=2163334438840,=1456253933684.5100,=88.5474,=0.6277,=102.2958,=81.2865,=57.0403
2025-04-24,=9050.7373,=9834.4396,=3018586060506.2197,=2145461218534,=1457250310137.4795,=87.2037,=0.6035,=102.3308,=81.2033,=56.9904
2025-04-23,=9156.6124,=9949.4824,=3050509396076.0596,=2166942268231,=1466611727963.1003,=89.7557,=0.6439,=102.3308,=81.1201,=56.9904
2025-04-22,=9184.8565,=9980.1721,=3063906529289.7002,=2175557223610,=1470733508152.7500,=97.2003,=0.7295,=102.3308,=81.1054,=56.9904
2025-04-21,=9213.4548,=10011.2468,=3074445935489.8799,=2180427686065,=1475351724110.0400,=98.5558,=0.7460,=102.3308,=81.0907,=56.9904
2025-04-18,=9109.4240,=9898.2080,=3048745613747.7900,=2096853406464,=1397193106769.8899,=90.6309,=0.6548,=102.3308,=81.0826,=56.9904
2025-04-17,=9204.9336,=10001.9878,=3080528627300.6201,=2117481126273,=1410192661295.2100,=93.6274,=0.6808,=102.5316,=81.0745,=56.9333
2025-04-16,=9182.9624,=9978.1141,=3073964567231.1001,=2110854455310,=1409662316940.4600,=93.9273,=0.6849,=102.5316,=81.0506,=56.9333
2025-04-15,=9062.3747,=9847.0847,=3025487954911.0601,=2080709544802,=1389293601276.3606,=92.0085,=0.6701,=102.5316,=81.0266,=56.9333
2025-04-14,=9178.2900,=9973.0337,=3066660656102.5601,=2108259002466,=1406160550389.3701,=93.5159,=0.6801,=102.5316,=81.0038,=56.9333
2025-04-11,=9169.4741,=9963.6046,=3063995665797.6904,=2105466143290,=1406858036907.5701,=95.0066,=0.7003,=102.5316,=80.9810,=56.9333
2025-04-10,=8827.6138,=9591.9959,=2962005877677.3101,=2029298996978,=1353673780990.7798,=88.1782,=0.6269,=102.5384,=80.9549,=56.9315
2025-04-09,=8746.1458,=9503.4736,=2940872152750.0605,=2012000509383,=1339572221431.4802,=87.3218,=0.6105,=102.5384,=80.9288,=56.9315
2025-04-08,=8307.7905,=9027.1612,=2784691012872.8389,=1909639443029,=1273846845524.6299,=83.7040,=0.5502,=102.5384,=80.9236,=56.9315
2025-04-07,=8320.3850,=9040.8462,=2778416612347.1504,=1910887329097,=1275153335617.6702,=82.9839,=0.5352,=102.5384,=80.9185,=56.9315
2025-04-03,=9052.6569,=9836.5254,=2998996121426.4702,=2081215880569,=1383963769308.3999,=88.8879,=0.6368,=102.5384,=80.8921,=56.9315
2025-04-02,=9069.6660,=9855.0073,=2991029340244.0601,=2083290020018,=1386644463798.9197,=86.6733,=0.6035,=102.6473,=80.8658,=56.6205
2025-04-01,=9077.0400,=9863.0198,=2992241614845.5400,=2085209066261,=1387421669691.1499,=86.7876,=0.6054,=102.6473,=80.8616,=56.6205
2025-03-31,=9057.4783,=9841.7642,=2999644213299.4302,=2077315572711,=1386084204835.8999,=86.0908,=0.5912,=102.6473,=80.8575,=56.6205
2025-03-28,=9082.6704,=9869.1377,=3009738769221.1499,=2081593314240,=1390055142449.8201,=74.3805,=0.4209,=102.6473,=80.8337,=56.6205
2025-03-27,=9218.8559,=10017.1155,=3059429824581.5195,=2113521086782,=1411102058467.3301,=75.5928,=0.4374,=102.6473,=80.8575,=56.6205
2025-03-26,=9154.6793,=9947.3818,=3030427013959.8701,=2100522539873,=1399534093111.9104,=75.0202,=0.4296,=102.6585,=80.8616,=56.2849
2025-03-25,=9189.0684,=9984.7486,=3038532272090.9399,=2107563983483,=1404927470698.9502,=75.3722,=0.4336,=102.6585,=80.8658,=56.2849
2025-03-24,=9353.9475,=10163.9045,=3097251218553.3989,=2142341640537,=1427221497846.9302,=76.1005,=0.4384,=102.6585,=80.8921,=56.2849
2025-03-21,=9292.9848,=10097.6630,=3075873557815.8701,=2128629162543,=1417703955723.3103,=76.7393,=0.4431,=102.6585,=80.9185,=56.2849
2025-03-20,=9519.1026,=10343.3603,=3151016773881.2100,=2179559734798,=1451909500014.8101,=78.3662,=0.4590,=102.6585,=80.9236,=56.2849
2025-03-19,=9615.8501,=10448.4851,=3179178374629.1997,=2201212126167,=1467217287687.8999,=79.7741,=0.4771,=102.7344,=80.9288,=56.0740
2025-03-18,=9750.1477,=10594.4115,=3220452273563.6099,=2233678732539,=1484055016852.0200,=81.3442,=0.5048,=102.7344,=80.9549,=56.0740
2025-03-17,=9695.7434,=10535.2964,=3205502869114.6895,=2221158672182,=1474988878778.7402,=80.4239,=0.4889,=102.7344,=80.9288,=56.0740
2025-03-14,=9757.9176,=10602.8542,=3229812227343.5103,=2233281685245,=1484826957186.1299,=81.5748,=0.5100,=102.7344,=80.9549,=56.0740
2025-03-13,=9574.5137,=10403.5694,=3171391555714.6602,=2191252757351,=1457012946040.0500,=79.6282,=0.4763,=102.7344,=80.9288,=56.0740
2025-03-12,=9845.9968,=10698.5602,=3264126421261.6001,=2251379107680,=1497435112771.7900,=82.2917,=0.5219,=102.7662,=80.9549,=56.0488
2025-03-11,=9894.5467,=10751.3140,=3277468597936.9404,=2265325113695,=1502970297223.0801,=83.2156,=0.5371,=102.7662,=80.9288,=56.0488
2025-03-10,=9963.9755,=10826.7546,=3294830908041.4297,=2279055083818,=1514691647497.4500,=84.8980,=0.5710,=102.7662,=80.9236,=56.0488
2025-03-07,=9983.4925,=10847.9615,=3301610872644.4204,=2284914899845,=1521045975602.3196,=87.0407,=0.6019,=102.7662,=80.9185,=56.0488
2025-03-06,=10142.5715,=11020.8151,=3357130769653.6699,=2320475373810,=1544113121860.6899,=88.1187,=0.6210,=102.7662,=80.8921,=56.0488
2025-03-05,=9806.5494,=10655.6969,=3249225345232.2798,=2241931930535,=1497373493165.4895,=87.2906,=0.6051,=102.7930,=80.8658,=56.0271
2025-03-04,=9764.1088,=10609.5814,=3234171222526.7705,=2233136613081,=1493167821892.3899,=87.4283,=0.6085,=102.7930,=80.8616,=56.0271
2025-03-03,=9586.2337,=10416.3041,=3182483363193.8096,=2195669700511,=1464081067037.1597,=82.5767,=0.5269,=102.7930,=80.8575,=56.0271
2025-02-28,=9755.9788,=10600.7474,=3245715550935.7402,=2229907750632,=1487286986218.6697,=84.5736,=0.5668,=102.7930,=80.8337,=56.0271
2025-02-27,=10243.8706,=11130.8857,=3410533440995.3096,=2340047081043,=1559427908732.8501,=89.6257,=0.6360,=102.7930,=80.8098,=56.0271
2025-02-26,=10306.6088,=11199.0564,=3432787242327.1997,=2357676146412,=1569957144509.0598,=90.3384,=0.6462,=102.8098,=80.7997,=56.0173
2025-02-25,=10150.3309,=11029.2464,=3367944018930,=2323834992714,=1544975985981.3203,=88.9583,=0.6332,=102.8098,=80.7896,=56.0173
2025-02-24,=10209.5633,=11093.6077,=3389826718668.9189,=2338231177115,=1555893821188.2805,=87.8329,=0.6135,=102.8098,=80.7594,=56.0173
2025-02-21,=10168.0473,=11048.4969,=3383346716171.1201,=2329056553872,=1552705656478.4500,=83.2699,=0.5420,=102.8098,=80.7292,=56.0173
2025-02-20,=9618.6904,=10451.5713,=3191568265310.4595,=2211062775566,=1477071239877.2000,=80.6966,=0.4989,=102.8098,=80.7287,=56.0173
2025-02-19,=9687.0933,=10525.8972,=3226271238580.2197,=2225707684473,=1487789592497.6702,=80.1156,=0.4880,=102.8578,=80.7292,=55.8477
2025-02-18,=9331.6133,=10139.6362,=3113115664451.4399,=2138491887262,=1431157404589.1699,=76.8669,=0.4508,=102.8578,=80.7594,=55.8477
2025-02-17,=9522.0370,=10346.5486,=3181036975423.2798,=2179358284481,=1459223260427.0598,=80.3786,=0.4932,=102.8578,=80.7896,=55.8477
2025-02-14,=9381.6093,=10193.9613,=3126397413950.7603,=2148414219839,=1439900450828.4900,=78.3490,=0.4658,=102.8578,=80.7997,=55.8477
2025-02-13,=9366.7390,=10177.8034,=3135180540473.7202,=2144833164785,=1437274340738.5901,=78.6705,=0.4684,=102.8578,=80.8098,=55.8477
2025-02-12,=9635.1354,=10469.4402,=3228103028231.2798,=2204660890889,=1478749612611.3601,=80.5304,=0.4943,=102.8726,=80.8337,=55.8137
2025-02-11,=9357.3289,=10167.5785,=3137299445844.3398,=2140112170954,=1432967042580.3899,=76.6569,=0.4510,=102.8726,=80.8575,=55.8137
2025-02-10,=9449.5041,=10267.7351,=3180356832687.9702,=2161013306504,=1450210364877.7598,=78.5344,=0.4664,=102.8726,=80.8616,=55.8137
2025-02-07,=9342.3422,=10151.2941,=3134818242317.8101,=2134725407956,=1438051180842.5200,=78.0863,=0.4645,=102.8726,=80.8658,=55.8137
2025-02-06,=9291.5683,=10096.1237,=3131123676960.5801,=2120959789531,=1434267146930.3601,=77.9596,=0.4618,=102.8726,=80.8921,=55.8137
2025-02-05,=8954.2491,=9729.5961,=3021676372662.2505,=2039236268811,=1379503528691.2102,=74.1161,=0.4281,=102.9058,=80.9185,=55.8014
2025-01-27,=8658.8545,=9408.6233,=2898857213885.4297,=1979597344400,=1330923019867.7004,=72.4595,=0.3952,=102.9058,=80.9236,=55.8014
2025-01-24,=8917.0272,=9689.1511,=2987632215333.8198,=2035124762952,=1369014958326.2202,=74.5737,=0.4356,=102.9058,=80.9288,=55.8014
2025-01-23,=8864.1379,=9631.6821,=2970048075776.3701,=2024457189522,=1359699485103.7300,=73.8101,=0.4238,=102.9058,=80.9549,=55.8014
2025-01-22,=9000.4622,=9779.8107,=3022152789733.2998,=2050914968840,=1380259451965.2097,=74.0228,=0.4264,=102.9058,=80.9810,=55.8014
2025-01-21,=9016.3261,=9797.0483,=3038970952945.1504,=2056843483521,=1384880875364.2798,=74.3746,=0.4305,=102.9165,=81.0038,=55.7364
2025-01-20,=8946.6325,=9721.0177,=3016598741452.5796,=2038644267269,=1374327768251.6799,=74.5114,=0.4339,=102.9165,=81.0266,=55.7364
2025-01-17,=8934.9128,=9708.2836,=3020462423948.9897,=2036274051247,=1375978132122.7500,=74.1481,=0.4281,=102.9165,=81.0506,=55.7364
2025-01-16,=8751.4399,=9508.9300,=2942159706250.8203,=1995086815546,=1344374595811.6702,=73.7707,=0.4239,=102.9165,=81.0745,=55.7364
2025-01-15,=8996.3286,=9775.0153,=3039440583433.7500,=2044915606749,=1374035584398.7896,=73.5732,=0.4204,=102.9165,=81.0826,=55.7364
2025-01-14,=9012.8499,=9792.9666,=3037897035155.0898,=2050614603179,=1376421419782.4399,=74.1498,=0.4276,=102.9684,=81.0907,=55.6200
2025-01-13,=8712.7268,=9466.8660,=2945794409923.3198,=1985037417140,=1325833912759.0002,=70.6304,=0.3707,=102.9684,=81.1054,=55.6200
2025-01-10,=8764.4285,=9523.0428,=2949422608439.7700,=1995053949160,=1331798234848.7900,=70.8828,=0.3763,=102.9684,=81.1201,=55.6200
2025-01-09,=8798.5413,=9560.1083,=2949242720881.8804,=2003590321786,=1338370009286.9695,=71.5352,=0.3827,=102.9684,=81.2033,=55.6200
2025-01-08,=8765.2381,=9523.9225,=2933035752097.1201,=1997917227278,=1330934539745.0200,=71.5133,=0.3823,=102.9684,=81.2865,=55.6200
2025-01-07,=8751.0820,=9508.5411,=2938795238045.3203,=1996133613072,=1330172184126.7500,=72.1003,=0.3902,=102.9698,=81.3192,=55.3033
2025-01-06,=8367.0402,=9091.2581,=2805353769843.7197,=1912760899124,=1275574851789.5901,=70.5141,=0.3683,=102.9698,=81.3519,=55.3033
2025-01-03,=8403.2326,=9130.5832,=2819280600325.9795,=1917768370472,=1284526957007.0500,=70.4777,=0.3670,=102.9698,=81.3866,=55.3033
2025-01-02,=8582.1827,=9325.0225,=2878538609077.3003,=1957399918234,=1310676181976.5901,=71.1827,=0.3781,=102.9698,=81.4213,=55.3033
2024-12-31,=8989.4827,=9767.5768,=3018695927413.3799,=2046401218520,=1374535482599.8899,=75.4138,=0.4367,=102.9698,=81.4384,=55.3033
2024-12-30,=9365.2698,=10175.8906,=3145503404616.5200,=2130367838729,=1432357365039.8398,=79.5702,=0.4700,=103.0869,=81.4554,=55.2251
2024-12-27,=9328.2849,=10135.7044,=3127060619685.1699,=2121756193275,=1429275217615.0500,=79.4388,=0.4689,=103.0869,=81.4635,=55.2251
2024-12-26,=9407.8371,=10222.1423,=3145905453859.3906,=2135139271293,=1441610068208.7600,=79.8839,=0.4731,=103.0869,=81.4716,=55.2251
2024-12-25,=9246.7869,=10047.1522,=3115116410309.6001,=2101770005100,=1416186902522.7200,=78.5576,=0.4588,=103.0869,=81.4754,=55.2251
2024-12-24,=9216.3399,=10014.0699,=3089721997067.7603,=2104626805753,=1411527898677.6101,=79.1180,=0.4646,=103.0869,=81.4791,=55.2251
2024-12-23,=9091.6536,=9878.5912,=3043850920295.1895,=2076801621481,=1392423354445.0701,=78.0234,=0.4557,=103.0971,=81.5130,=55.0949
2024-12-20,=9223.9437,=10022.3318,=3068599752052.7300,=2111489742127,=1410045323266.6499,=78.8575,=0.4622,=103.0971,=81.5469,=55.0949
2024-12-19,=8941.5466,=9715.4915,=2940178050509.3799,=2046814487362,=1366112750119.7805,=77.8829,=0.4556,=103.0971,=81.5503,=55.0949
2024-12-18,=8738.9900,=9495.3970,=2874434270230.8701,=2005613814289,=1335664849456.6399,=77.3495,=0.4521,=103.0971,=81.5537,=55.0949
2024-12-17,=8498.5700,=9233.0436,=2806090064500.1396,=1950488187896,=1302155504318.5403,=75.9897,=0.4432,=103.0971,=81.5702,=55.0949
2024-12-16,=8561.9500,=9301.9043,=2818925678956.6299,=1962777459837,=1311286967554.8701,=76.5963,=0.4450,=103.1937,=81.5867,=54.9227
2024-12-13,=8680.2600,=9430.4382,=2844152171880.7998,=1986295707167,=1316384585139.0798,=78.7972,=0.4601,=103.1937,=81.5873,=54.9227
2024-12-12,=8828.9800,=9592.0113,=2910522050673.4297,=2020481683750,=1339181970093.3398,=80.2711,=0.4767,=103.1937,=81.5879,=54.9227
2024-12-11,=8747.8254,=9503.8411,=2883081138182.2100,=2002583934879,=1329453987626.3799,=80.2509,=0.4763,=103.1937,=81.6225,=54.9227
2024-12-10,=8808.5494,=9569.8130,=2908734288992.6401,=2011836333521,=1339449176399.1702,=81.8973,=0.5039,=103.1937,=81.6571,=54.9227
2024-12-09,=8752.7685,=9509.2114,=2884609160079,=1999893774985,=1330699052780.3899,=80.8098,=0.4848,=103.3322,=81.6225,=54.8136
2024-12-06,=8908.9219,=9678.8601,=2938599770942.3301,=2035399657535,=1354051610610.4702,=81.8304,=0.5023,=103.3322,=81.6571,=54.8136
2024-12-05,=8803.7327,=9564.5801,=2902121283182.6504,=2012590167958,=1335615801685.2000,=81.5469,=0.4973,=103.3322,=81.6225,=54.8136
2024-12-04,=8831.2665,=9594.4935,=2913558207593.0601,=2018244875376,=1341578578964.8296,=82.2880,=0.5086,=103.3322,=81.6571,=54.8136
2024-12-03,=8800.2554,=9560.8023,=2902520266790.1494,=2015702349438,=1334784929982.6802,=82.6275,=0.5129,=103.3322,=81.6225,=54.8136
2024-12-02,=8945.5489,=9718.6525,=2952449916629.2798,=2048191331377,=1358424676935.2100,=84.5508,=0.5507,=103.3417,=81.5879,=54.4624
2024-11-29,=8889.3180,=9657.5620,=2939778019751.1802,=2035429924431,=1350103040274.6899,=84.9178,=0.5566,=103.3417,=81.5873,=54.4624
2024-11-28,=8719.7003,=9473.2854,=2878691872031.4404,=1996007505291,=1324487665907.9399,=83.6739,=0.5320,=103.3417,=81.5867,=54.4624
2024-11-27,=8740.9357,=9496.3560,=2886161222626.2100,=2001966860474,=1329135988277.7300,=81.8765,=0.5043,=103.3417,=81.5702,=54.4624
2024-11-26,=8448.4641,=9178.6080,=2789206245375.7896,=1937079818818,=1287446056562.4702,=80.9288,=0.4906,=103.3417,=81.5537,=54.4624
2024-11-25,=8512.9681,=9248.6866,=2811701364759.8501,=1952826854838,=1297216497103.2097,=81.4213,=0.4965,=103.3780,=81.5702,=54.3560
2024-11-22,=8659.5189,=9407.9028,=2862698434854.5503,=1981596984235,=1319874065321.3701,=81.6862,=0.5024,=103.3780,=81.5867,=54.3560
2024-11-21,=9056.6677,=9839.3745,=2996513035815.8804,=2071113128488,=1380660680962.7200,=83.9907,=0.5373,=103.3780,=81.5702,=54.3560
2024-11-20,=8994.7601,=9772.1167,=2973768429015.5898,=2058248425235,=1374894952482.0098,=82.6691,=0.5133,=103.3780,=81.5537,=54.3560
2024-11-19,=9018.7534,=9798.1836,=2985287700200.0601,=2061314214946,=1380006413071.5601,=82.7259,=0.5153,=103.3780,=81.5164,=54.3560
2024-11-18,=8748.5183,=9504.5939,=2894268495688,=1997791049782,=1338457692435.6702,=80.8575,=0.4906,=103.3994,=81.4791,=53.8177
2024-11-15,=8940.5242,=9713.1935,=2954773219084.2998,=2001537713283,=1368329118412.3701,=82.6224,=0.5130,=103.3994,=81.5164,=53.8177
2024-11-14,=9348.0966,=10155.9896,=3078273428469.4102,=2094739667885,=1431292892351.1499,=88.3432,=0.6047,=103.3994,=81.4791,=53.8177
2024-11-13,=9696.1045,=10534.0735,=3187543128622.3799,=2174512080363,=1486073326221.0400,=90.9038,=0.6344,=103.3994,=81.4754,=53.8177
2024-11-12,=9679.3586,=10515.8803,=3184314491093.1602,=2167570834890,=1488009768244.0901,=91.1728,=0.6372,=103.3994,=81.4716,=53.8177
2024-11-11,=9934.7198,=10793.3106,=3278428680411.9897,=2219697322958,=1527451085605.9700,=92.7571,=0.6496,=103.4220,=81.4635,=53.7853
2024-11-08,=9330.0701,=10136.4051,=3090823798404.5903,=2080413390964,=1431532583718.5698,=86.1521,=0.5727,=103.4220,=81.4554,=53.7853
2024-11-07,=9342.3427,=10149.7383,=3102678302993.4004,=2078945323864,=1427847229623.4502,=84.1104,=0.5399,=103.4220,=81.4037,=53.7853
2024-11-06,=9052.7256,=9835.0916,=2980563530104.7002,=2016084092387,=1383927767539.5903,=83.1423,=0.5237,=103.4220,=81.3519,=53.7853
2024-11-05,=8941.3933,=9714.1375,=2948039654633.1597,=1994561405750,=1368671140608.3799,=81.9742,=0.5075,=103.4220,=81.3192,=53.7853
2024-11-04,=8526.1022,=9262.9556,=2788779757766.4502,=1905684407854,=1305363103210.0300,=80.7282,=0.4921,=103.5232,=81.2865,=53.7261
2024-11-01,=8367.2758,=9090.4029,=2737542733503.6904,=1871065998157,=1280137731587.8401,=77.6939,=0.4647,=103.5232,=81.3192,=53.7261
2024-10-31,=8698.1004,=9449.8184,=2841947004142.1704,=1944896117354,=1328597233119.9497,=82.8519,=0.5175,=103.5232,=81.3519,=53.7261
2024-10-30,=8508.2605,=9243.5719,=2786169617735.8999,=1904322470654,=1298868087074.8799,=82.0223,=0.5083,=103.5232,=81.3192,=53.7261
2024-10-29,=8633.1621,=9379.2679,=2852261211490.2798,=1928092809172,=1319807027704.6802,=84.4889,=0.5469,=103.5232,=81.2865,=53.7261
2024-10-28,=8635.2240,=9381.5080,=2856490519081.5400,=1930027238758,=1319530853293.4900,=88.7017,=0.6078,=103.6394,=81.2033,=53.6015
2024-10-25,=8644.1672,=9391.2241,=2863447809847.6597,=1933360767589,=1322114966551.3398,=88.9081,=0.6115,=103.6394,=81.1201,=53.6015
2024-10-24,=8585.0337,=9326.9801,=2852954880594.4600,=1918229719601,=1312469554310.8999,=87.1291,=0.5849,=103.6394,=81.1054,=53.6015
2024-10-23,=8588.0516,=9330.2588,=2846687271697.1592,=1922511501408,=1313295145976.8501,=87.3246,=0.5869,=103.6394,=81.0907,=53.6015
2024-10-22,=8728.8166,=9483.1892,=2902458351881.0396,=1950247561299,=1335131879877.7002,=88.2620,=0.6026,=103.6394,=81.0826,=53.6015
2024-10-21,=8855.7323,=9621.0733,=2949449780190.4502,=1978057984306,=1352780388770.2302,=91.2398,=0.6342,=103.6784,=81.0745,=53.4319
2024-10-18,=8611.9001,=9356.1683,=2850445510329.1299,=1925103961967,=1315501884943.9502,=88.0233,=0.5995,=103.6784,=81.0506,=53.4319
2024-10-17,=7701.7778,=8367.3903,=2517145332904.2002,=1726752535247,=1178370581874.0105,=80.5298,=0.4928,=103.6784,=81.0266,=53.4319
2024-10-16,=7677.2997,=8340.7967,=2500880001692.2598,=1721839860987,=1175890924091.3701,=79.9394,=0.4860,=103.6784,=81.0506,=53.4319
2024-10-15,=7868.3532,=8548.3616,=2557002204527.5898,=1767062607257,=1204109547186.0601,=80.7896,=0.4960,=103.6784,=81.0745,=53.4319
2024-10-14,=8018.9464,=8711.9695,=2610976440640.5303,=1797672181180,=1225970426597.6101,=81.6571,=0.5084,=103.6813,=81.0826,=53.3934
2024-10-11,=7757.3572,=8427.7729,=2509219616536.5796,=1741409535829,=1188358590477.6699,=79.6233,=0.4831,=103.6813,=81.0745,=53.3934
2024-10-10,=8273.8624,=8988.9161,=2681032960595.4302,=1857966978773,=1268571675745.0798,=85.1565,=0.5582,=103.6813,=81.0826,=53.3934
2024-10-09,=8771.5274,=9529.5908,=2855590562902.8306,=1966375772431,=1345963270339.0503,=93.8807,=0.6511,=103.6813,=81.0745,=53.3934
2024-10-08,=8552.3294,=9291.4490,=2734025998538.4805,=1924970755160,=1313943549141.3799,=94.6922,=0.6669,=103.6813,=81.0506,=53.3934
2024-09-30,=7391.3901,=8030.1776,=2341121955266.5303,=1666902756640,=1135588432344.5698,=78.9082,=0.4775,=103.6977,=81.0266,=53.2644
2024-09-27,=6426.0852,=6981.4480,=2016883135199.5801,=1452345503928,=987502576379.3702,=69.0660,=0.3707,=103.6977,=81.0506,=53.2644
2024-09-26,=5969.2451,=6485.1264,=1874485221776.5400,=1348736678143,=917149168364.7102,=64.1892,=0.3177,=103.6977,=81.0745,=53.2644
2024-09-25,=5728.3257,=6223.3859,=1804016518990.6704,=1294778092044,=879375210361.8300,=61.9051,=0.2752,=103.6977,=81.0826,=53.2644
2024-09-24,=5678.7265,=6169.5002,=1790107113980.6001,=1283224292344,=871655090404.9800,=61.6087,=0.2690,=103.6977,=81.0907,=53.2644
2024-09-23,=5467.5190,=5940.0395,=1724972074722.3999,=1234826984139,=839359421852.2201,=59.5801,=0.2433,=103.8726,=81.1054,=51.9349
2024-09-20,=5533.6160,=6011.8488,=1745681084905.1399,=1250090254773,=850178262083.1001,=60.1028,=0.2492,=103.8726,=81.1201,=51.9349
2024-09-19,=5564.6492,=6045.5640,=1753088158526.0400,=1257325222666,=854878578195.0199,=60.5719,=0.2551,=103.8726,=81.2033,=51.9349
2024-09-18,=5503.0890,=5978.6836,=1732765954750.3000,=1243985729309,=845219476363.3298,=59.9856,=0.2472,=103.8726,=81.2865,=51.9349
2024-09-13,=5568.1503,=6049.3677,=1748768907684.7598,=1258151697868,=854458182647.7001,=60.7325,=0.2563,=103.8726,=81.3192,=51.9349
2024-09-12,=5623.6451,=6109.6585,=1763587105470.7700,=1271553502338,=863894870486.7698,=61.9887,=0.2735,=103.8758,=81.3519,=51.6176
2024-09-11,=5694.4391,=6186.5708,=1786674508317.6296,=1286278513576,=874846142552.1097,=62.5126,=0.2819,=103.8758,=81.4037,=51.6176
2024-09-10,=5708.6706,=6202.0323,=1796039480233.6904,=1287566803306,=877263216670.5300,=62.0925,=0.2740,=103.8758,=81.4554,=51.6176
2024-09-09,=5663.7344,=6153.2126,=1781578995742.7395,=1277977072409,=870593903588.2000,=61.6233,=0.2669,=103.8758,=81.4635,=51.6176
2024-09-06,=5691.6437,=6183.5339,=1790555793071.5300,=1284825480775,=874629696874.4498,=62.3335,=0.2752,=103.8758,=81.4716,=51.6176
2024-09-05,=5765.5130,=6263.7872,=1812016461416.4504,=1301912881374,=886969354088.0099,=63.2347,=0.2926,=103.9455,=81.4754,=51.5156
2024-09-04,=5786.4221,=6286.5033,=1819795275660.8799,=1307393108934,=887025871651.7701,=63.2881,=0.2936,=103.9455,=81.4791,=51.5156
2024-09-03,=5839.8109,=6344.5062,=1836759364464.3701,=1318741561401,=895288633017.1700,=64.0002,=0.3053,=103.9455,=81.5164,=51.5156
2024-09-02,=5805.6635,=6307.4077,=1833271003169.9297,=1309970594696,=888559900143.5599,=62.8319,=0.2868,=103.9455,=81.5537,=51.5156
2024-08-30,=6022.4619,=6542.9425,=1897189663558.4504,=1358017362803,=921921913223.2202,=65.3484,=0.3271,=103.9455,=81.5702,=51.5156
2024-08-29,=5822.4402,=6325.6343,=1835832086273.5000,=1313557169984,=892070903317.9940,=63.9028,=0.3036,=103.9479,=81.5867,=51.4258
2024-08-28,=5763.4262,=6261.5201,=1820413385380.6899,=1299244922082,=882048987373.8679,=62.2658,=0.2760,=103.9479,=81.5873,=51.4258
2024-08-27,=5764.1461,=6262.3022,=1818077833090.2200,=1299539255386,=881488472057.9380,=62.4424,=0.2779,=103.9479,=81.5879,=51.4258
2024-08-26,=5857.3493,=6363.5604,=1844067553566.6699,=1321275539261,=891713487565.8202,=78.6544,=0.4660,=103.9479,=81.6646,=51.4258
2024-08-23,=5867.4214,=6374.5030,=1846134589741.2600,=1322611609415,=892670412102.4961,=79.2343,=0.4696,=103.9479,=81.7413,=51.4258
2024-08-22,=5909.7592,=6420.4998,=1855251389329.7500,=1332700115730,=898387485609.5721,=78.7161,=0.4667,=103.9860,=81.8595,=51.2138
2024-08-21,=6009.0567,=6528.3789,=1887116146164.5400,=1356007766969,=913711534349.9420,=79.7496,=0.4737,=103.9860,=81.9777,=51.2138
2024-08-20,=6052.2813,=6575.3392,=1899712422127.1001,=1365527682329,=922009452145.5320,=80.1182,=0.4782,=103.9860,=82.1011,=51.2138
2024-08-19,=6134.0030,=6664.1235,=1927022207299.1001,=1383634520581,=929276777212.3020,=100.2838,=0.7430,=103.9860,=82.2244,=51.2138
2024-08-16,=6128.1378,=6657.7514,=1925433569318.7605,=1379128967472,=929395137169.4980,=99.2653,=0.7222,=103.9860,=82.1011,=51.2138
2024-08-15,=6154.8247,=6686.7447,=1934115916190.5000,=1385164692557,=933788405502.3180,=99.8674,=0.7343,=104.0860,=81.9777,=50.2234
2024-08-14,=6119.6973,=6648.5814,=1918352369123.1101,=1379019762974,=928548878225.9440,=98.9691,=0.7201,=104.0860,=81.8595,=50.2234
2024-08-13,=6197.1683,=6732.7476,=1939758399170.7705,=1396726526069,=940776445857.1379,=100.2037,=0.7421,=104.0860,=81.7413,=50.2234
2024-08-12,=6148.4902,=6679.0893,=1926325043114.8501,=1386145189887,=933111667890.8060,=98.8320,=0.7196,=104.0860,=81.6646,=50.2234
2024-08-09,=6174.8429,=6707.7161,=1932747672463.1296,=1394193465326,=936509307756.5562,=97.8254,=0.7070,=104.0860,=81.5879,=50.2234
2024-08-08,=6161.0365,=6692.7182,=1925243499773.8696,=1392216717667,=936001357610.6738,=96.9606,=0.6976,=104.1132,=81.5873,=49.7210
2024-08-07,=6137.8497,=6667.5040,=1916939086380.3296,=1388182729580,=932471676310.1760,=96.3525,=0.6857,=104.1132,=81.5867,=49.7210
2024-08-06,=6210.0289,=6745.6747,=1937614516500.4399,=1403693237681,=943204241679.6440,=96.6762,=0.6929,=104.1132,=81.5702,=49.7210
2024-08-05,=6181.0191,=6714.1626,=1927631912350.8103,=1397328015074,=938804955960.1479,=96.7236,=0.6944,=104.1132,=81.5537,=49.7210
2024-08-02,=6468.1868,=7025.3704,=2009864617949.6001,=1461526927164,=981978852948.7004,=100.8927,=0.7531,=104.1132,=81.5164,=49.7210
2024-08-01,=6641.2120,=7213.3003,=2058309339120.7200,=1500163421552,=1007668518593.6802,=103.9479,=0.7970,=104.2132,=81.4791,=49.6154
2024-07-31,=6612.0147,=7181.5878,=2050473590478.8601,=1493445153582,=1002968268312.6218,=104.2340,=0.8010,=104.2132,=81.4754,=49.6154
2024-07-30,=6376.6882,=6925.5497,=1976251160516.4097,=1440994455637,=967945424499.9960,=101.6520,=0.7608,=104.1132,=81.4716,=49.6154
2024-07-29,=6311.6124,=6854.8726,=1953707292895.0903,=1426822936258,=957801382305.7338,=100.2847,=0.7440,=104.1132,=81.4635,=49.6154
2024-07-26,=6422.0064,=6974.7686,=1998508530260.0200,=1449892656069,=975013603664.0060,=103.6813,=0.7938,=104.1132,=81.4554,=49.6154
2024-07-25,=6368.0351,=6916.1518,=1979958612705.0503,=1438145225204,=966137174040.8242,=102.5384,=0.7744,=104.2132,=81.4037,=48.7033
2024-07-24,=6432.6074,=6986.2820,=1994599094953.9900,=1451244091799,=975432766873.0800,=103.3780,=0.7893,=104.2132,=81.3519,=48.7033
2024-07-23,=6489.7158,=7048.3059,=2010765945405.8201,=1464335692809,=985541632791.6680,=103.6784,=0.7933,=104.2132,=81.3192,=48.7033
2024-07-22,=6814.0659,=7400.5739,=2107153880041.5305,=1537213710110,=1034388916548.3656,=109.9592,=0.8903,=104.2132,=81.2865,=48.7033
2024-07-19,=6806.9093,=7392.8013,=2105802791396.6797,=1535743564654,=1033328997752.9301,=109.3911,=0.8826,=104.1132,=81.2033,=48.7033
2024-07-18,=6632.0543,=7202.5555,=2045117623592,=1497269312008,=1007595787319.8500,=106.7766,=0.8465,=104.1132,=81.1201,=48.6965
2024-07-17,=6618.9083,=7188.2786,=2037956116118.0696,=1492761370107,=1006073047528.2900,=106.5450,=0.8413,=104.0860,=81.1054,=48.6965
2024-07-16,=6688.3503,=7263.6942,=2058976169757.5200,=1506595564378,=1016793111652.8502,=109.0252,=0.8790,=103.9860,=81.0907,=48.6965
2024-07-15,=6477.1833,=7034.3623,=1994306048080.4399,=1458445201564,=987856312841.1021,=108.1122,=0.8688,=103.9455,=81.0826,=48.6965
2024-07-12,=6423.5317,=6976.0955,=1976544651287.0295,=1447090066912,=980338484322.6479,=107.2351,=0.8544,=103.8758,=81.0745,=48.6965
2024-07-11,=6379.2678,=6928.0239,=1965747759994.1597,=1434591954464,=973283045718.4100,=105.5861,=0.8231,=103.8758,=81.0506,=46.8011
2024-07-10,=6326.4292,=6870.6400,=1951370697082.6001,=1423463326587,=964157721873.5780,=103.8758,=0.8010,=103.8726,=81.0266,=46.8011
2024-07-09,=6326.5951,=6870.8202,=1953862686867.9600,=1423994304245,=964517694288.3600,=103.3417,=0.7958,=103.6977,=81.0038,=46.8011
2024-07-08,=6090.5971,=6614.5212,=1883900470301.8401,=1370871679128,=929450275281.8600,=101.5709,=0.7694,=103.6977,=80.9810,=46.8011
2024-07-05,=6086.8670,=6610.4703,=1884964995671.5205,=1369439271726,=928730156039.4680,=99.5716,=0.7405,=103.6977,=80.9497,=46.8011
2024-07-04,=6076.7226,=6599.4533,=1877280754393.4600,=1368315740525,=926994969952.8280,=97.9712,=0.7200,=103.8726,=80.9185,=46.5364
2024-07-03,=6162.6665,=6691.2880,=1903921046978.3604,=1388113308945,=940096002501.8101,=98.0767,=0.7214,=103.8726,=80.8921,=46.5364
2024-07-02,=6090.1902,=6612.5948,=1882084931670.3999,=1372847616012,=929007952558.7560,=96.7812,=0.7085,=103.8726,=80.8658,=46.5364
2024-07-01,=6201.1631,=6733.0867,=1911038322769.3601,=1398398967939,=945515838150.9578,=97.9643,=0.7201,=103.8726,=80.7975,=46.5364
2024-06-28,=6218.0724,=6751.4464,=1915067508153.7505,=1400847920577,=948667907483.8304,=98.8656,=0.7309,=103.8726,=80.7292,=46.5364
2024-06-27,=6201.5648,=6733.5228,=1910389028411.2100,=1397363877844,=945959746381.4840,=97.4830,=0.7188,=103.9455,=80.6512,=46.4790
2024-06-26,=6280.5647,=6818.3507,=1937755376012.1196,=1415858218539,=957888814214.4480,=98.5092,=0.7262,=103.9455,=80.5733,=46.4790
2024-06-25,=6145.1461,=6671.3367,=1898151754461.5601,=1386654882123,=937437408368.2758,=96.3518,=0.7030,=103.9455,=80.5725,=46.4790
2024-06-24,=6384.0488,=6930.6062,=1972442967569.9104,=1440869665557,=973816086292.3298,=100.0731,=0.7513,=103.9455,=80.5717,=46.4790
2024-06-21,=6547.6511,=7105.1750,=2026964931903.0300,=1476237136686,=998443127155.2262,=101.3788,=0.7656,=103.9455,=80.5544,=46.4790
2024-06-20,=6535.0208,=7091.4692,=2023234670405.9500,=1474255205203,=996538258392.3816,=100.7955,=0.7619,=103.9860,=80.5370,=46.4713
2024-06-19,=6534.7936,=7090.8318,=2015669534810.3401,=1474041204066,=995989600291.3120,=98.6514,=0.7319,=103.9860,=80.5248,=46.4713
2024-06-18,=6537.0792,=7093.1019,=2020062381509.5696,=1476040852990,=997072522759.4622,=98.6001,=0.6855,=103.9860,=80.5126,=46.4713
2024-06-17,=6535.3897,=7090.2155,=2017864234582.3701,=1476567506235,=996526345867.2778,=97.7377,=0.7237,=103.9860,=80.4357,=46.4713
2024-06-14,=6376.1988,=6917.5100,=1971713893301.0400,=1441280749322,=973033366479.0480,=95.6527,=0.6961,=103.9860,=80.3588,=46.4713
2024-06-13,=6403.5680,=6947.2027,=1983686368474.5801,=1448065855623,=977748422895.8260,=96.1462,=0.7018,=104.0860,=80.3439,=46.4188
2024-06-12,=6351.9033,=6890.4715,=1971063764996.6399,=1435324927789,=970412966997.4882,=95.9316,=0.6990,=104.0860,=80.3290,=46.4188
2024-06-11,=6377.2094,=6917.9232,=1982586930019.0703,=1439667705902,=974269486741.3700,=96.6105,=0.7124,=104.0860,=80.2673,=46.4188
2024-06-07,=6166.8932,=6689.5460,=1913944270951.8000,=1392898218730,=942530691744.4580,=94.3259,=0.6778,=104.0860,=80.2055,=46.4188
2024-06-06,=6169.3123,=6691.6433,=1913783955975.9399,=1394312003100,=943615147960.6000,=94.4217,=0.6810,=104.0860,=80.1980,=46.4188
2024-06-05,=6200.7361,=6723.8653,=1920070356319.5400,=1400639810995,=947922590497.0702,=94.4483,=0.6816,=104.1132,=80.1906,=46.3560
2024-06-04,=6166.7485,=6686.8135,=1908787373442.8003,=1392639012500,=942782988991.0861,=95.2023,=0.6908,=104.1132,=80.0968,=46.3560
2024-06-03,=6162.1414,=6681.8179,=1906310222146.3000,=1391371430375,=941988924389.6200,=95.7305,=0.6974,=104.1132,=80.0031,=46.3560
2024-05-31,=6050.9066,=6561.2022,=1876802286339.7300,=1362117244618,=925505840604.4420,=93.9085,=0.6756,=104.1132,=80.0009,=46.3560
2024-05-30,=6079.6602,=6591.4577,=1885606578595.9800,=1370135626456,=930212498277.7040,=94.3520,=0.6805,=104.1132,=79.9986,=46.3560
2024-05-29,=5965.3076,=6467.2943,=1845031094388.5105,=1346179469664,=912468645912.0724,=91.6940,=0.6603,=104.2132,=79.9652,=46.3347
2024-05-28,=5995.0202,=6499.5072,=1854322599661.5295,=1352357035158,=916864103507.6400,=91.6743,=0.6600,=104.2132,=79.9317,=46.3347
2024-05-27,=5995.4523,=6499.5861,=1855893482973.1003,=1352389381601,=916503388809.1238,=91.7393,=0.6606,=104.2132,=79.9152,=46.3347
2024-05-24,=5821.9970,=6311.5457,=1795364889270.0996,=1313775198468,=889620551065.1157,=87.0040,=0.6057,=104.2132,=79.8987,=46.3347
2024-05-23,=5979.2144,=6481.9829,=1840190455597.9399,=1348413295235,=912836656824.7760,=88.0683,=0.6201,=104.2132,=79.8356,=46.3347
2024-05-22,=6077.2486,=6587.3628,=1872761858077.5896,=1370360337400,=927579876632.3000,=89.6478,=0.6363,=104.3167,=79.7725,=46.2928
2024-05-21,=6038.6320,=6542.5129,=1861859847306.5603,=1361822619946,=921902355599.1602,=88.2832,=0.6238,=104.3167,=79.6902,=46.2928
2024-05-20,=6076.5707,=6583.6174,=1876083504573.9299,=1369121741207,=926948014418.2100,=88.9728,=0.6330,=104.3167,=79.6079,=46.2928
2024-05-17,=6064.8867,=6570.9584,=1871226180639.7900,=1366292679766,=925523326478.4700,=88.1016,=0.6223,=104.3167,=79.5265,=46.2928
2024-05-16,=5998.6641,=6499.2099,=1848304315003.5801,=1351531702061,=915933679347.4900,=87.3732,=0.6124,=104.3167,=79.4451,=46.2928
2024-05-15,=5992.9274,=6492.9945,=1842879759704.7700,=1350061360597,=915856313168.4200,=87.6128,=0.6164,=104.3709,=79.4216,=46.2295
2024-05-14,=6068.8372,=6575.2384,=1869732313691.4705,=1366861804443,=928289829202.0400,=89.6850,=0.6361,=104.3709,=79.3980,=46.2295
2024-05-13,=6064.2868,=6570.3083,=1868760255273.9500,=1365405559335,=927898634572.8900,=90.1303,=0.6437,=104.3709,=79.3425,=46.2295
2024-05-10,=6116.5457,=6626.9278,=1886468280174.6196,=1378947963651,=935768438747.2200,=90.0646,=0.6434,=104.3709,=79.2870,=46.2295
2024-05-09,=6243.9448,=6764.9574,=1929931668695.1504,=1408416560561,=954797119919.8700,=80.5733,=0.5144,=104.3709,=79.2690,=46.2295
2024-05-08,=6102.4890,=6611.6981,=1881959407884.2495,=1375651224601,=934612502037.2300,=79.1211,=0.4991,=104.4631,=79.2510,=46.0714
2024-05-07,=6191.5994,=6708.2441,=1907934602304.9900,=1395604662517,=948258780762.2698,=79.2870,=0.5004,=104.4631,=79.2690,=46.0714
2024-05-06,=6237.7924,=6758.2916,=1923762612289.9900,=1405952842279,=954961831467.5598,=79.6079,=0.5026,=104.4631,=79.2510,=46.0714
2024-04-30,=6177.9081,=6693.4103,=1907065820255.8501,=1393378262567,=945209425650.2300,=78.9498,=0.4996,=104.4631,=79.1004,=46.0714
2024-04-29,=6267.0107,=6789.9479,=1938161734092.7800,=1413582342286,=970504820108.3500,=89.8952,=0.6406,=104.4631,=79.2510,=46.0714
2024-04-26,=6050.9764,=6555.8871,=1875568705374.5601,=1362330555124,=928034362499.8199,=97.3624,=0.7133,=104.5843,=78.9948,=46.0511
2024-04-25,=5877.7787,=6368.2373,=1820222732385.7000,=1323705419659,=901273428219.8098,=115.0094,=0.9296,=104.5843,=78.7387,=46.0511
2024-04-24,=5875.3252,=6365.5791,=1820054328220.7395,=1322557394226,=900837966371.2800,=112.6991,=0.9110,=104.4631,=78.5276,=46.0511
2024-04-23,=5766.8233,=6248.0235,=1788428514277.5498,=1300257064548,=884462257170.7401,=109.9771,=0.8871,=104.3709,=78.3164,=46.0511
2024-04-22,=5818.9703,=6304.5218,=1803485005603.2195,=1311409926143,=892948311494.5796,=107.8597,=0.8614,=104.3167,=78.2151,=46.0511
2024-04-19,=5817.0404,=6302.4309,=1805353736556.1799,=1310517803908,=892485967422.8701,=107.2831,=0.8516,=104.3167,=78.1139,=46.0420
2024-04-18,=5989.2087,=6488.9654,=1855850646372,=1348754994425,=918508734916.1300,=108.9831,=0.8744,=104.2132,=78.0983,=46.0420
2024-04-17,=6068.3595,=6574.7207,=1877873121879.6704,=1366895734359,=930658404864.1600,=109.1769,=0.8770,=104.1132,=78.0828,=46.0420
2024-04-16,=5864.6025,=6353.9616,=1821617148432.9104,=1322568034040,=899466669580.3499,=104.0860,=0.7998,=104.0860,=78.0704,=46.0420
2024-04-15,=6021.7507,=6524.2227,=1863295401842.5601,=1358694278634,=923508013905.9000,=107.4943,=0.8590,=103.9860,=78.0581,=46.0420
2024-04-12,=5915.4611,=6409.0640,=1828588288777.1001,=1332715104638,=904989499978.4900,=96.2044,=0.7019,=103.9860,=77.8076,=45.9828
2024-04-11,=5876.7241,=6367.0946,=1821542928868.3799,=1326031995361,=898865434626.8000,=96.2928,=0.7034,=103.9860,=77.5571,=45.9828
2024-04-10,=5854.1577,=6342.6452,=1823504202049.2705,=1322060896650,=895458117125.1801,=97.1568,=0.7147,=103.9860,=77.5398,=45.9828
2024-04-09,=6016.5119,=6518.5467,=1869819519088.6499,=1357633533635,=919761721352.5200,=92.6271,=0.6673,=103.9860,=77.5224,=45.9828
2024-04-08,=5966.1411,=6463.9729,=1854079721889.6201,=1345929933761,=910549314140.6899,=90.3177,=0.6500,=103.9860,=77.5155,=45.9828
2024-04-03,=6107.0840,=6616.6765,=1899163871722.6804,=1376204412244,=932206876832.1600,=93.5167,=0.6756,=104.1132,=77.5086,=45.9574
2024-04-02,=6161.0291,=6675.1229,=1915415401364.3999,=1388163727905,=940211406669.2800,=94.4633,=0.6842,=104.1132,=77.3844,=45.9574
2024-04-01,=6273.6999,=6797.1953,=1948292144456.2695,=1414158502739,=957420522214.4900,=94.6168,=0.6875,=104.1132,=77.2603,=45.9574
2024-03-29,=6189.0804,=6705.5149,=1920509270640.9497,=1394125347290,=944380613740.6002,=93.2755,=0.6729,=104.1132,=77.2198,=45.9574
2024-03-28,=6205.4419,=6723.2416,=1924272090110.5696,=1397640582747,=946806817482.6400,=94.1874,=0.6816,=104.1132,=77.1793,=45.9574
2024-03-27,=6111.1903,=6621.1254,=1895782848830.9199,=1378012957043,=932496078881.1500,=93.3353,=0.6741,=104.2132,=77.1647,=45.7981
2024-03-26,=6281.2347,=6805.3588,=1946138124762.5896,=1414861501045,=958711745667.5200,=97.3826,=0.7177,=104.2132,=77.1501,=45.7981
2024-03-25,=6359.5754,=6890.2365,=1973573582613.0701,=1431835725043,=970528518846.7296,=100.3887,=0.7516,=104.2132,=77.0947,=45.7981
2024-03-22,=6506.5549,=7049.4804,=2017356331192.9504,=1463672299896,=993261595109.4298,=103.3322,=0.7908,=104.2132,=77.0392,=45.7981
2024-03-21,=6568.4803,=7116.5730,=2042139187615.6904,=1476813077433,=1003015083754.6100,=102.2170,=0.7736,=104.2132,=77.0010,=45.7981
2024-03-20,=6568.7207,=7116.8335,=2045571831835.4004,=1477972567547,=1002894746200.3800,=99.9090,=0.7446,=104.3167,=76.9627,=45.7559
2024-03-19,=6588.6274,=7138.4013,=2049379771014.7805,=1482559829779,=1005942088600.9600,=101.9266,=0.7687,=104.3167,=76.9616,=45.7559
2024-03-18,=6685.1042,=7242.9284,=2080692944452.9600,=1502994012742,=1021267198677.9399,=106.4939,=0.8378,=104.3167,=76.9605,=45.7559
2024-03-15,=6498.6463,=7040.9119,=2022578681046.5095,=1460182992566,=993618097802.7400,=105.5060,=0.8151,=104.2132,=76.8272,=45.7559
2024-03-14,=6494.7982,=7036.7427,=2022138189279.5100,=1459633922206,=992962193513.3199,=105.0985,=0.8123,=104.1132,=76.6939,=45.7559
2024-03-13,=6594.9283,=7145.2280,=2053343420029.1699,=1482974085052,=1008201823342.5295,=107.4964,=0.8573,=104.1132,=76.6686,=45.6003
2024-03-12,=6615.5967,=7167.6210,=2056781955315.0801,=1487398021033,=1011089588046.7800,=107.9276,=0.8617,=103.9860,=76.6433,=45.6003
2024-03-11,=6589.0587,=7138.8686,=2056677273147.3501,=1481533952010,=1006740166542.3500,=106.1211,=0.8326,=103.9455,=76.5618,=45.6003
2024-03-08,=6513.3154,=7056.8050,=2030830180971.0601,=1463909452801,=995407728443.9102,=106.2975,=0.8351,=103.8726,=76.4802,=45.6003
2024-03-07,=6367.5830,=6898.9123,=1991485912144.9600,=1430637833853,=973179073903.8600,=104.7979,=0.8114,=103.6977,=76.4526,=45.6003
2024-03-06,=6510.0113,=7053.2252,=2034328455817.7900,=1461331907338,=994995070622.4596,=107.3401,=0.8539,=103.6977,=76.4251,=45.4897
2024-03-05,=6603.1310,=7154.1151,=2059733344499.1304,=1480320834143,=1009039853444.5900,=109.6530,=0.8792,=103.6394,=76.0484,=45.4897
2024-03-04,=6610.7693,=7162.3907,=2064079054919.5500,=1482958048985,=1010362830003.9402,=110.1591,=0.8873,=103.5232,=75.6716,=45.4897
2024-03-01,=6574.3770,=7122.9617,=2059023201336.2305,=1474738592263,=1004874981592.2500,=108.9982,=0.8744,=103.4220,=75.6038,=45.4897
2024-02-29,=6439.3320,=6976.6482,=2025458452301.1799,=1444916427387,=984138933852.2600,=107.1943,=0.8552,=103.3994,=75.5359,=45.4897
2024-02-28,=6060.1296,=6565.8041,=1907101948488.8201,=1358742577488,=926169943148.9502,=103.6977,=0.8040,=103.3994,=75.5055,=45.4515
2024-02-27,=6323.4822,=6851.1315,=1989674481419.5801,=1416405403403,=966474745367.4700,=108.5872,=0.8714,=103.1937,=75.4752,=45.4515
2024-02-26,=6036.0599,=6539.7259,=1897173430372.8301,=1353566372249,=922885500018.3900,=105.5259,=0.8228,=103.0971,=75.4559,=45.4515
2024-02-23,=6009.2341,=6510.6616,=1887045378129.3999,=1347279796836,=918950760269.6200,=105.6630,=0.8272,=103.0869,=75.4366,=45.4515
2024-02-22,=5994.5380,=6494.7392,=1885042133965.1296,=1342855320139,=916609385161.6598,=104.5843,=0.8143,=102.9698,=75.3625,=45.4515
2024-02-21,=5896.7244,=6388.7638,=1856802341804.6399,=1322015679570,=902126388514.2196,=103.9860,=0.8095,=102.9698,=75.2884,=45.4086
2024-02-20,=5876.0794,=6366.3961,=1849699473473.3201,=1314799984895,=898807941562.3597,=104.3709,=0.8130,=102.9684,=75.2536,=45.4086
2024-02-19,=5916.5203,=6410.2115,=1867777861733.6499,=1324260920255,=904633827697.1100,=104.8249,=0.8174,=102.9165,=75.2189,=45.4086
2024-02-08,=5778.4203,=6260.5881,=1821419529506.3201,=1297113626699,=884076120838.8998,=102.9684,=0.8017,=102.9058,=75.1921,=45.4086
2024-02-07,=5603.6257,=6071.2081,=1772079662955.0002,=1259549627365,=857364791188.0601,=100.5517,=0.7721,=102.8726,=75.1653,=45.4086
2024-02-06,=5533.4514,=5995.1782,=1759027239189.4795,=1240654088992,=846455597835.8900,=97.7373,=0.7369,=102.9058,=75.1128,=45.3316
2024-02-05,=5193.2244,=5626.5617,=1652295750177.5503,=1166877944756,=794498570726.9600,=93.4441,=0.6943,=102.9058,=75.0603,=45.3316
2024-02-02,=5221.1194,=5656.7844,=1652642390315.6602,=1172085663934,=798522911876.4601,=92.6335,=0.6903,=102.9058,=75.0592,=45.3316
2024-02-01,=5411.9289,=5863.5155,=1706417924456.2195,=1215878244713,=827478115073.2100,=96.4351,=0.7242,=102.9058,=75.0582,=45.3316
2024-01-31,=5347.6110,=5793.8308,=1690656775978.2500,=1201749516532,=817794748783.2100,=95.5292,=0.7128,=102.9058,=74.9316,=45.3316
2024-01-30,=5460.1429,=5915.7527,=1718981826477.1194,=1228956630153,=834851555457.9799,=99.3850,=0.7505,=102.9165,=74.8050,=45.2999
2024-01-29,=5697.8640,=6173.3099,=1798594905998.9998,=1282750408772,=871075453693.2699,=103.5232,=0.8067,=102.9165,=74.7786,=45.2999
2024-01-26,=5837.3943,=6324.4830,=1840378930799.4800,=1314503845927,=892458601289.2200,=105.3042,=0.8213,=102.9058,=74.7522,=45.2999
2024-01-25,=6042.2340,=6546.4151,=1900819089819.7900,=1358772632087,=923598506929.3696,=106.9970,=0.8526,=102.8726,=74.7232,=45.2999
2024-01-24,=5912.7635,=6406.1412,=1858316477913.1101,=1330675456699,=903971429369.6500,=106.0821,=0.8358,=102.8578,=74.6941,=45.2999
2024-01-23,=5944.4626,=6440.4854,=1860819312424.4800,=1336482220961,=908944143141.5100,=107.4487,=0.8561,=102.8578,=74.6898,=45.1409
2024-01-22,=5919.3735,=6413.3028,=1849066134404.6899,=1331329051458,=905130466318.5300,=107.4408,=0.8559,=102.8098,=74.6855,=45.1409
2024-01-19,=6090.2899,=6598.4810,=1901030852846.5896,=1369780109715,=931399544902.5800,=110.5515,=0.8884,=102.7930,=74.6639,=45.1409
2024-01-18,=6095.7493,=6604.3959,=1903996540880.7195,=1372637275676,=932160426861.9000,=109.8675,=0.8808,=102.7662,=74.6423,=45.1409
2024-01-17,=5960.3196,=6457.6655,=1861663310147.8999,=1342828046683,=911746457849.1802,=108.3781,=0.8667,=102.7344,=74.5596,=45.1409
2024-01-16,=6098.4383,=6607.3092,=1906324457477.3899,=1373692425921,=933068783228.1899,=110.7412,=0.8890,=102.7344,=74.4770,=45.1052
2024-01-15,=6087.1511,=6595.0802,=1900318065732.3601,=1369740601366,=931297103512.5902,=111.2083,=0.8936,=102.6585,=74.4587,=45.1052
2024-01-12,=6065.3683,=6571.4797,=1893722538526.0500,=1363503558086,=928108518170.1300,=112.1430,=0.9009,=102.6473,=74.4405,=45.1052
2024-01-11,=6182.7760,=6698.6842,=1935184584633.5400,=1387378490064,=946218149798.6400,=114.5589,=0.9233,=102.5316,=74.4189,=45.1052
2024-01-10,=6105.8036,=6615.2890,=1914828161312.7000,=1370294596617,=934580475452.9500,=112.3511,=0.9045,=102.3308,=74.3973,=45.1052
2024-01-09,=6172.0354,=6687.0474,=1936673609932.1299,=1383800857129,=944746982113.5601,=114.0005,=0.9203,=102.3308,=74.3973,=45.0836
2024-01-08,=6169.5680,=6684.3741,=1943209859695.0105,=1382589820974,=944521147416.6804,=111.5216,=0.9006,=102.2958,=74.3973,=45.0836
2024-01-05,=6373.8507,=6905.7027,=2005981181686.7705,=1429040599531,=975734458338.7196,=115.3877,=0.9277,=102.2309,=74.3702,=45.0836
2024-01-04,=6468.7885,=7008.5624,=2039844278258.7600,=1448646209724,=990139700966.2300,=115.5328,=0.9295,=102.1011,=74.3431,=45.0836
2024-01-03,=6573.6982,=7122.2260,=2066552960140.3401,=1473372913945,=1006257448835.2598,=117.9487,=0.9332,=102.0579,=74.2673,=45.0836
2024-01-02,=6704.4698,=7263.9096,=2100798174973.8899,=1501565710134,=1026204765480.3800,=119.0118,=0.9350,=102.0579,=74.1916,=45.0313
2023-12-29,=6829.0608,=7398.8969,=2130869374158.1899,=1522765802373,=1044997503904.2900,=120.4272,=0.9397,=102.0008,=74.1487,=45.0313
2023-12-28,=6814.6461,=7383.2794,=2127149446544.5400,=1520081324922,=1042807673996.1100,=118.1629,=0.9358,=101.9780,=74.1059,=45.0313
2023-12-27,=6667.0848,=7223.4052,=2082126567881.0696,=1483967358396,=1020083155293.9700,=117.1920,=0.9348,=101.9266,=74.0131,=45.0313
2023-12-26,=6569.7562,=7117.9552,=2056532185990.7896,=1461267407427,=1005067119246.2400,=114.6708,=0.9301,=101.8463,=73.9204,=45.0313
2023-12-25,=6711.1808,=7271.1807,=2102316352110.6101,=1493259488616,=1026719309891.1400,=117.4379,=0.9357,=101.8463,=73.8981,=44.9842
2023-12-22,=6771.7610,=7336.8159,=2129132581248.9800,=1503116406199,=1036051662275.6600,=119.1813,=0.9366,=101.7674,=73.8758,=44.9842
2023-12-21,=6841.3984,=7412.2641,=2149579817752.1001,=1519448410953,=1046858155281.1504,=121.1909,=0.9422,=101.7042,=73.8696,=44.9842
2023-12-20,=6770.8922,=7335.8747,=2127489954014.5601,=1503549828245,=1036135329631.8300,=119.6414,=0.9383,=101.6932,=73.8634,=44.9842
2023-12-19,=6849.7481,=7421.3105,=2150132832166.9905,=1519937867056,=1048106104411.9000,=120.5833,=0.9411,=101.4396,=73.8236,=44.9842
2023-12-18,=6761.2465,=7325.4241,=2120980416760.7700,=1500378164161,=1034580547302.3800,=119.8737,=0.9401,=101.4396,=73.7838,=44.9114
2023-12-15,=6841.6727,=7412.5613,=2139578026928.1299,=1520139765968,=1046916223492.5000,=121.8789,=0.7774,=101.3813,=73.7616,=44.9114
2023-12-14,=6890.4786,=7465.4397,=2151282363347,=1529900550627,=1054309357527.6100,=123.3830,=0.7819,=101.3813,=73.7395,=44.9114
2023-12-13,=6905.1220,=7481.3050,=2162275252657.7600,=1532513675960,=1056611376468.5698,=123.0736,=0.7836,=101.3813,=73.7311,=44.9114
2023-12-12,=6987.9063,=7570.9971,=2191391782529.9497,=1551235683268,=1069103550727.4000,=124.4817,=0.7853,=101.3813,=73.7226,=44.9114
2023-12-11,=7004.8747,=7589.3813,=2194679027121.8601,=1554788452638,=1071282879588.2600,=125.8248,=0.7918,=101.4396,=73.6695,=44.8995
2023-12-08,=6913.7918,=7490.6982,=1953786677046.4397,=1452770731100,=985168845462.7800,=100.5970,=0.7925,=101.4396,=73.6163,=44.8995
2023-12-07,=6770.9720,=7335.9611,=1919210048752.1299,=1422778072443,=964957895594.9000,=99.3519,=0.7761,=101.4396,=73.6133,=44.8995
2023-12-06,=6852.5530,=7424.3495,=1931781943058.9604,=1440074115968,=976339398852.8900,=100.4575,=0.7912,=101.4396,=73.6102,=44.8995
2023-12-05,=6865.8776,=7438.7859,=1936011586747.7400,=1442774001393,=977803909796.2000,=101.7674,=0.8025,=101.4396,=73.5773,=44.8995
2023-12-04,=7061.8518,=7651.1128,=1984819268999.2097,=1483109745559,=1005229265617.5298,=105.1004,=0.8407,=101.4396,=73.5444,=44.8465
2023-12-01,=7155.3182,=7752.3784,=2011334920747.3501,=1501982382912,=1018615280473.9602,=105.7971,=0.8501,=101.3813,=73.5426,=44.8465
2023-11-30,=7129.6052,=7724.5198,=1998115173563.5105,=1497409174245,=1014780252477.0498,=105.8596,=0.8529,=100.9862,=73.5409,=44.8465
2023-11-29,=7137.8694,=7733.4735,=2000404533978.2800,=1500657252236,=1015899666733.4700,=106.6815,=0.8672,=100.9685,=73.5396,=44.8465
2023-11-28,=7137.1120,=7732.6530,=2005172099122.5801,=1500759291691,=1016030275081.2400,=108.5002,=0.8863,=100.9149,=73.5384,=44.8465
2023-11-27,=7152.3136,=7749.1231,=2010439832172.4497,=1504447543137,=1017974939403.5402,=107.8202,=0.8795,=100.9149,=73.5316,=44.7147
2023-11-24,=7068.0138,=7656.6062,=1984469866475.2495,=1485777747207,=1005800876586.0400,=106.0078,=0.8571,=100.8483,=73.5249,=44.7147
2023-11-23,=7163.5647,=7760.1141,=2003869669147.6499,=1506640557744,=1019263486409.9900,=107.4783,=0.8773,=100.7391,=73.5141,=44.7147
2023-11-22,=7099.1734,=7690.3606,=1984995799417.1704,=1494176093601,=1009931506707.2198,=106.5105,=0.8656,=100.7302,=73.5034,=44.7147
2023-11-21,=7208.3974,=7808.6802,=2017683959624.7695,=1517482093491,=1025539799049.1500,=108.6818,=0.8867,=100.4599,=73.4964,=44.7147
2023-11-20,=7275.5271,=7881.4001,=2037693556674.0500,=1531955947448,=1035216445969.7300,=109.4952,=0.8934,=100.4599,=73.4894,=44.6935
2023-11-17,=7327.2240,=7937.4021,=2042868567694.1101,=1540612062976,=1042403763095.7100,=109.6558,=0.8952,=100.3637,=73.4693,=44.6935
2023-11-16,=7301.4788,=7909.5130,=2035308526396.7400,=1534841655410,=1038723079944.8098,=109.4076,=0.8942,=100.3254,=73.4491,=44.6935
2023-11-15,=7431.5114,=8050.3741,=2071511148623.9800,=1562591602119,=1057053979678.9399,=112.2692,=0.9155,=100.3060,=73.4251,=44.6935
2023-11-14,=7453.7816,=8074.4989,=2080678901609.9104,=1568077915237,=1060654898622.1801,=113.5457,=0.9261,=100.0648,=73.4010,=44.6935
2023-11-13,=7387.2238,=8002.3985,=2060796895317.7000,=1555742089954,=1051174522336.7600,=112.5175,=0.9182,=100.0648,=73.3865,=44.5743
2023-11-10,=7376.3065,=7990.5720,=2056069749064.2505,=1552194502918,=1049095218575.5304,=111.3947,=0.9123,=99.9654,=73.3719,=44.5743
2023-11-09,=7415.7497,=8033.2998,=2074185086042.2700,=1554930177652,=1053734664422.7500,=110.4811,=0.9073,=99.9426,=73.3552,=44.5743
2023-11-08,=7515.7978,=8141.6795,=2105591118078.4304,=1574761622050,=1068053550393.5100,=112.0456,=0.9150,=99.9004,=73.3384,=44.5743
2023-11-07,=7502.7948,=8127.5936,=2099235592743.1404,=1574088840660,=1066430077310.1200,=112.9465,=0.9208,=99.8622,=73.3202,=44.5743
2023-11-06,=7481.7293,=8104.7739,=2092787678343.9597,=1569779067031,=1063659269219.6600,=112.5054,=0.9188,=99.8622,=73.3019,=44.5688
2023-11-03,=7326.7619,=7936.9015,=2057545676667.6899,=1535901683367,=1041833811237.4398,=108.4350,=0.8952,=99.8234,=73.2289,=44.5688
2023-11-02,=7161.9791,=7758.3963,=2015893425986.7500,=1500772449676,=1018838489413.4000,=104.7432,=0.8539,=99.7264,=73.1558,=44.5688
2023-11-01,=7247.3502,=7850.8767,=2041092902006.2000,=1517833155153,=1030795374595.3298,=105.8897,=0.8695,=99.6784,=73.1495,=44.5688
2023-10-31,=7296.8478,=7904.4962,=2047691098684.3799,=1528456807258,=1037402901956.4100,=105.5464,=0.8615,=99.5989,=73.1432,=44.5688
2023-10-30,=7309.1741,=7917.8489,=2057138644411.2900,=1532191685520,=1028372764193.8101,=90.5833,=0.7198,=99.5989,=73.1377,=44.4423
2023-10-27,=6995.6312,=7578.1956,=1980054384774.2195,=1468819962062,=983111744675.2000,=87.2581,=0.6841,=99.5989,=73.1322,=44.4423
2023-10-26,=6832.0961,=7401.0421,=1935143284202.2805,=1438240363694,=959454165939.0898,=79.3980,=0.5616,=99.5989,=73.1075,=44.4423
2023-10-25,=6836.0022,=7405.2735,=1929156735131.5105,=1436427862272,=959433840140.0400,=80.0031,=0.5671,=99.5989,=73.0829,=44.4423
2023-10-24,=6818.5925,=7386.4140,=1926525835879.3799,=1430989876408,=956618327510.4000,=76.9605,=0.5479,=99.5989,=73.0791,=44.4423
2023-10-23,=6714.4033,=7273.5484,=1908576911791.2500,=1406722879862,=941884982906.3700,=75.1653,=0.5375,=99.6784,=73.0754,=44.3923
2023-10-20,=6870.9006,=7443.0781,=1949454528335.8899,=1438802801338,=963700073885.7900,=76.6939,=0.5470,=99.6784,=72.9843,=44.3923
2023-10-19,=6999.0938,=7581.9466,=1975165390919.9199,=1467504061008,=982090070613.7998,=79.4451,=0.5614,=99.6784,=72.8932,=44.3923
2023-10-18,=6946.1495,=7524.5933,=1953332365788.1299,=1458501218140,=974602687735.6500,=79.7725,=0.5619,=99.6784,=72.8869,=44.3923
2023-10-17,=7033.4943,=7619.2117,=1972254297729.7495,=1477206374965,=986915453039.2700,=81.7413,=0.5883,=99.6784,=72.8806,=44.3923
2023-10-16,=6959.1260,=7538.6503,=1950285809580.1399,=1463002392184,=976451095127.4698,=80.9185,=0.5750,=99.7264,=72.8504,=44.3741
2023-10-13,=7158.5469,=7754.6780,=2003448629093.5205,=1504812318746,=1004359588071.0402,=82.9974,=0.6024,=99.7264,=72.8202,=44.3741
2023-10-12,=7173.8707,=7771.2779,=2004591020593.4199,=1507705956615,=1006420570762.4399,=83.6027,=0.6139,=99.7264,=72.8173,=44.3741
2023-10-11,=7140.0602,=7734.6518,=1996544002570.8501,=1497515708924,=1001553031442.5699,=83.6501,=0.6145,=99.7264,=72.8144,=44.3741
2023-10-10,=7055.4431,=7642.9882,=1961093649552.6799,=1482866023319,=989276138729.0800,=82.8612,=0.6022,=99.7264,=72.8110,=44.3741
2023-10-09,=6985.3256,=7567.0317,=1945575716756.5901,=1469296743387,=979164335783.9100,=80.8658,=0.5768,=99.8234,=72.8076,=44.3215
2023-09-28,=6929.1540,=7506.1824,=1936887330904.0095,=1457543364479,=971601594764.2000,=80.5717,=0.5754,=99.8234,=72.7577,=44.3215
2023-09-27,=6849.1484,=7419.5142,=1909562527183.5500,=1440452108095,=959993540053.1400,=81.0745,=0.5790,=99.8234,=72.7078,=44.3215
2023-09-26,=6835.5773,=7404.8129,=1903423217414.4600,=1438452575926,=957975421125,=81.4791,=0.5856,=99.8234,=72.7078,=44.3215
2023-09-25,=6909.2839,=7483.9867,=1927082665864.6599,=1453894519296,=968085704949.4200,=81.5867,=0.5872,=99.8234,=72.7078,=44.3215
2023-09-22,=6973.6746,=7553.7333,=1942560874081.6011,=1467258404156,=977252964198.0702,=84.3460,=0.6289,=99.8622,=72.6972,=44.3132
2023-09-21,=6822.7857,=7390.2938,=1897348447405,=1437527383013,=956035864312.7198,=82.2736,=0.5934,=99.8622,=72.6866,=44.3132
2023-09-20,=6843.7449,=7412.9964,=1902697235666.9705,=1435573411999,=959151252432.5502,=83.4586,=0.6111,=99.8622,=72.6725,=44.3132
2023-09-19,=6942.8882,=7520.3863,=1928696017148.3401,=1456980197442,=972801430838.3101,=84.1643,=0.6247,=99.8622,=72.6583,=44.3132
2023-09-18,=6976.9641,=7557.2965,=1940312841434.6499,=1465054372523,=977622585449.5900,=84.7973,=0.6365,=99.8622,=72.6469,=44.3132
2023-09-15,=7073.8683,=7662.2610,=1975013939818.2800,=1483289683139,=991432719850.5002,=85.6000,=0.6492,=99.9004,=72.6354,=44.2678
2023-09-14,=6978.6385,=7559.1102,=1947421809809.4504,=1464967847690,=977909702886.2500,=83.4563,=0.6125,=99.9004,=72.6285,=44.2678
2023-09-13,=7080.4722,=7669.4143,=1971242008672.4299,=1486152243763,=992016039603.9800,=84.0338,=0.6222,=99.9004,=72.6215,=44.2678
2023-09-12,=7162.9024,=7758.7010,=1995377362573.7800,=1503511360766,=1003492623517.1302,=84.9799,=0.6411,=99.9004,=72.6118,=44.2678
2023-09-11,=7214.0773,=7814.1326,=2010694408141.2400,=1513918152182,=1010717241322.7798,=85.9874,=0.6538,=99.9004,=72.6021,=44.2678
2023-09-08,=7216.9577,=7817.2526,=2012285148741.7495,=1507724044477,=1011002802608.6200,=86.1887,=0.6586,=99.9426,=72.5499,=44.1918
2023-09-07,=7174.9591,=7771.7606,=2001100690959.3789,=1500027595109,=1005210412111.6998,=85.7012,=0.6501,=99.9426,=72.4978,=44.1918
2023-09-06,=7467.5620,=8088.7017,=2096665773454.3999,=1559146564507,=1046340255820.9800,=88.8685,=0.6975,=99.9426,=72.4870,=44.1918
2023-09-05,=7326.8265,=7936.2600,=2054096273655.1799,=1529469584292,=1025081086000.2100,=86.1941,=0.6606,=99.9426,=72.4763,=44.1918
2023-09-04,=7353.8554,=7965.5371,=2068513325479.4099,=1534971141475,=1028840870967.8198,=86.1941,=0.6612,=99.9426,=72.4443,=44.1918
2023-09-01,=7238.5635,=7840.6554,=2026840846108.4004,=1514592278644,=1012742599196.3900,=84.6943,=0.6375,=99.9654,=72.4123,=44.0590
2023-08-31,=7293.0992,=7899.7273,=2043946858773.7104,=1525490432719,=1020084229703.9301,=84.3815,=0.6340,=99.9654,=72.4002,=44.0590
2023-08-30,=7251.8853,=7855.0852,=2027697951038.8799,=1517536008210,=1006773019663.8300,=84.7174,=0.6388,=99.9654,=72.3882,=44.0590
2023-08-29,=7083.3558,=7672.5377,=1976265398917.7695,=1483597627089,=980683244085.2800,=82.5941,=0.6067,=99.9654,=72.3534,=44.0590
2023-08-28,=6837.1673,=7405.8717,=1905247300916.7605,=1435171244853,=941750236741.5958,=65.4265,=0.4070,=99.9654,=72.3187,=44.0590
2023-08-25,=6772.7337,=7336.0786,=1888676330674.2505,=1422634609704,=932278079659.7140,=59.7129,=0.3091,=100.0648,=72.3534,=44.0318
2023-08-24,=6930.3968,=7506.8559,=1929326106115.3596,=1456262955114,=952812424513.0404,=62.4079,=0.3453,=100.0648,=72.3882,=44.0318
2023-08-23,=6809.2217,=7375.6016,=1899581180696.9104,=1433028619757,=938890336635.7704,=60.0500,=0.3128,=100.0648,=72.4002,=44.0318
2023-08-22,=6966.5064,=7545.9690,=1940350270737.7600,=1463914366059,=960310509512.9139,=62.8249,=0.3532,=100.0648,=72.4123,=44.0318
2023-08-21,=6871.9566,=7443.5547,=1913510976641.6201,=1444533167068,=947380338911.6692,=61.8605,=0.3381,=100.0648,=72.4443,=44.0318
2023-08-18,=6952.5084,=7530.8067,=1933569638022.8000,=1461010750422,=958376260393.1388,=58.3459,=0.2953,=100.3060,=72.4763,=44.0221
2023-08-17,=7042.4951,=7628.2783,=1956325296677.1897,=1479320273314,=970557571721.8928,=59.6984,=0.3090,=100.3060,=72.4870,=44.0221
2023-08-16,=6988.9949,=7569.9947,=1941023420522.7104,=1470869084367,=963342525563.2164,=59.3520,=0.3082,=100.3060,=72.4978,=44.0221
2023-08-15,=7140.4164,=7734.0040,=1977026700988.1599,=1501679674768,=984039248250.3484,=62.4729,=0.3426,=100.3060,=72.5499,=44.0221
2023-08-14,=7299.6701,=7906.4965,=2010413875963.0601,=1533460406121,=1004447017437.0282,=61.5901,=0.3326,=100.3060,=72.6021,=44.0221
2023-08-11,=7358.8271,=7970.4462,=2018893711681.9600,=1541320975537,=1012337811384.8362,=62.5248,=0.3444,=100.3254,=72.6118,=43.9785
2023-08-10,=7532.3887,=8156.4682,=2066373901292.9705,=1575995724314,=1035410098591.2084,=64.0821,=0.3727,=100.3254,=72.6215,=43.9785
2023-08-09,=7505.8491,=8127.7297,=2060075716249.8799,=1570289817728,=1031622672453.7368,=63.7621,=0.3679,=100.3254,=72.6285,=43.9785
2023-08-08,=7582.3813,=8210.6028,=2081768755140.1399,=1585285197309,=1041928365337.7678,=64.1798,=0.3745,=100.3254,=72.6354,=43.9785
2023-08-07,=7612.4286,=8243.1396,=2087546855526.8799,=1591699859349,=1045996284107.7604,=64.0143,=0.3718,=100.3254,=72.6469,=43.9785
2023-08-04,=7666.0075,=8301.1576,=2108036250346.6799,=1599006160047,=1043791315471.6288,=65.0862,=0.3950,=100.3637,=72.6583,=43.9728
2023-08-03,=7711.5389,=8350.4614,=2115456019620.7800,=1607111670936,=1049927785982.0072,=65.0311,=0.3933,=100.3637,=72.6725,=43.9728
2023-08-02,=7690.9069,=8328.1200,=2111349206226.8997,=1602397714305,=1047053404916.1688,=64.1183,=0.3740,=100.3637,=72.6866,=43.9728
2023-08-01,=7680.5336,=8316.8872,=2106693669574.2500,=1600557906283,=1045877589854.7594,=64.8285,=0.3879,=100.3637,=72.6972,=43.9728
2023-07-31,=7660.5773,=8295.2774,=2106336505346.5400,=1597437013459,=1043258515591.7584,=63.1759,=0.3580,=100.3637,=72.7078,=43.9728
2023-07-28,=7566.7290,=8193.1569,=2077317502563.0601,=1558884104239,=1030395109528.1642,=63.4124,=0.3657,=100.4599,=72.7078,=43.9711
2023-07-27,=7513.5303,=8135.5541,=2060489729382.7400,=1548112398506,=1022579473208.5342,=64.3345,=0.3745,=100.4599,=72.7078,=43.9711
2023-07-26,=7615.4202,=8245.8791,=2088014164549.5896,=1567979169180,=1036285451426.4332,=64.8216,=0.3843,=100.4599,=72.7577,=43.9711
2023-07-25,=7625.6285,=8256.9325,=2088023067183.2395,=1570278768866,=1037511976346.2983,=64.6222,=0.3805,=100.4599,=72.8076,=43.9711
2023-07-24,=7504.5667,=8125.8483,=2055269383555.5000,=1545714846169,=1021080509333.6428,=63.0279,=0.3557,=100.4599,=72.8110,=43.9711
2023-07-21,=7546.5001,=8171.2532,=2065923525193.7600,=1553817289977,=1026617158274.3822,=63.3858,=0.3645,=100.7302,=72.8144,=43.9498
2023-07-20,=7594.6023,=8223.1103,=2080280983843.6399,=1563773561180,=1033522538671.6147,=63.9845,=0.3712,=100.7302,=72.8173,=43.9498
2023-07-19,=7721.3607,=8360.3589,=2110483025760.2305,=1588927820146,=1050426331874.7944,=64.9444,=0.3863,=100.7302,=72.8202,=43.9498
2023-07-18,=7809.0394,=8455.2936,=2133101449561.9399,=1607475477326,=1062540807548.5300,=66.0602,=0.3952,=100.7302,=72.8504,=43.9498
2023-07-17,=7822.0987,=8469.4337,=2134490047969.1104,=1610480828709,=1064503677181.4376,=66.8403,=0.4072,=100.7302,=72.8806,=43.9498
2023-07-14,=7892.5832,=8545.7513,=2157685143996.0105,=1626123612597,=1074104185594.7002,=68.4083,=0.4213,=100.7391,=72.8869,=43.8840
2023-07-13,=7880.4273,=8532.5894,=2154310231825.0901,=1623840731459,=1072485315512.6384,=68.1592,=0.4175,=100.7391,=72.8932,=43.8840
2023-07-12,=7722.4344,=8360.5937,=2116386774306.7800,=1586667036117,=1051248129266.2328,=66.3766,=0.4000,=100.7391,=72.9843,=43.8840
2023-07-11,=7949.1325,=8606.0255,=2178607107856.3601,=1630988295503,=1082068190814.5148,=68.3441,=0.4174,=100.7391,=73.0754,=43.8840
2023-07-10,=7724.7728,=8363.1253,=2126843462808.4597,=1587665262023,=1051790531060.5564,=65.3829,=0.3913,=100.7391,=73.0791,=43.8840
2023-07-07,=7692.8428,=8328.5567,=2116763618910.6299,=1581560011236,=1047659117008.3712,=65.5392,=0.3917,=100.8483,=73.0829,=43.8585
2023-07-06,=7833.6242,=8480.9719,=2152895007217.7104,=1609390756613,=1066801379031.4489,=67.4089,=0.4113,=100.8483,=73.1075,=43.8585
2023-07-05,=7839.0847,=8486.8836,=2159948861050.8604,=1610834301209,=1067702742646.4548,=66.5690,=0.4011,=100.8483,=73.1322,=43.8585
2023-07-04,=7910.5874,=8563.0861,=2181892825887.7097,=1627635153550,=1077537470914.1248,=63.8697,=0.3749,=100.8483,=73.1377,=43.8585
2023-07-03,=7731.3997,=8369.1183,=2137572935868.5000,=1591456663568,=1053239672885.9810,=64.8417,=0.3870,=100.8483,=73.1432,=43.8585
2023-06-30,=7688.1417,=8322.2922,=2125078942151.8003,=1584462653502,=1047123932045.1764,=63.8289,=0.3746,=100.9149,=73.1495,=43.7372
2023-06-29,=7627.4134,=8256.5547,=2111820068081.6204,=1571776551657,=1038875877101.2946,=62.8261,=0.3600,=100.9149,=73.1558,=43.7372
2023-06-28,=7649.4638,=8280.4239,=2121743680260.4700,=1573789856596,=1042010606834.5645,=61.9471,=0.3497,=100.9149,=73.2289,=43.7372
2023-06-27,=7657.9366,=8289.5956,=2118770680316.7200,=1573890721551,=1042961586449.5444,=62.5279,=0.3555,=100.9149,=73.3019,=43.7372
2023-06-26,=7662.4479,=8294.4790,=2117652435615.1001,=1574334372870,=1043550457836.1300,=62.6386,=0.3569,=100.9149,=73.3202,=43.7372
2023-06-21,=7771.2571,=8412.2632,=2144051695287.3496,=1593705730128,=1058460679824.7588,=63.6653,=0.3712,=100.9685,=73.3384,=43.6840
2023-06-20,=8097.8973,=8763.1642,=2233297406027.3999,=1659458895336,=1102461804737.2759,=66.9290,=0.4028,=100.9685,=73.3552,=43.6840
2023-06-19,=8117.9411,=8781.8455,=2250166601203.6499,=1663361414853,=1105729947272.1118,=68.4073,=0.4108,=100.9685,=73.3719,=43.6840
2023-06-16,=8082.9508,=8743.9936,=2245871430081.7104,=1658013694076,=1101045879289.7451,=67.5498,=0.4058,=100.9685,=73.3865,=43.6840
2023-06-15,=7999.5334,=8653.2069,=2221696040329.0811,=1641042933519,=1089497739841.6898,=68.1186,=0.4084,=100.9685,=73.4010,=43.6840
2023-06-14,=8045.6737,=8703.1175,=2238990650815.3203,=1646825254986,=1095794339768,=69.2334,=0.4218,=100.9862,=73.4251,=43.6198
2023-06-13,=8059.4689,=8718.0400,=2240820416045.7798,=1649624767788,=1096674519770.1200,=69.7919,=0.4309,=100.9862,=73.4491,=43.6198
2023-06-12,=7820.8667,=8459.9407,=2179412995722.8301,=1596863464973,=1064288352604.8900,=66.7722,=0.4011,=100.9862,=73.4693,=43.6198
2023-06-09,=7803.3917,=8441.0377,=2039492784878.0200,=1584641946432,=1042881749087.6500,=61.4538,=0.3442,=100.9862,=73.4894,=43.6198
2023-06-08,=7705.0482,=8333.8980,=2017020106536.2400,=1563962947708,=1029422276118.9500,=59.2929,=0.3229,=100.9862,=73.4964,=43.6198
2023-06-07,=7863.5115,=8505.2943,=2060006728418.6101,=1597145094943,=1051186271355.1500,=60.4382,=0.3319,=101.3813,=73.5034,=43.6009
2023-06-06,=7842.7857,=8482.2821,=2051193511610.6396,=1593734944605,=1048433294528.6202,=60.3863,=0.3312,=101.3813,=73.5141,=43.6009
2023-06-05,=8081.7331,=8739.6405,=2108797521405.2600,=1642226598293,=1080019347558.9600,=62.5876,=0.3565,=101.3813,=73.5249,=43.6009
2023-06-02,=8068.4315,=8725.2561,=2097941455713.7300,=1638312629005,=1078389201334.3302,=63.0955,=0.3591,=101.3813,=73.5316,=43.6009
2023-06-01,=8082.6415,=8740.6229,=2105316699936.8899,=1640745260459,=1080655944557.7302,=63.5968,=0.3693,=101.3813,=73.5384,=43.6009
2023-05-31,=8103.9143,=8761.7939,=2111282700746.6104,=1647694858478,=1083157313957.6602,=64.3356,=0.3719,=101.4396,=73.5396,=43.6003
2023-05-30,=8043.1710,=8695.4461,=2085964958672.7600,=1632617089508,=1074826213941.3199,=64.8930,=0.3810,=101.4396,=73.5409,=43.6003
2023-05-29,=8024.4698,=8674.5372,=2080493400664.2695,=1630083048455,=1072234403591.5601,=64.5304,=0.3738,=101.4396,=73.5426,=43.6003
2023-05-26,=7982.3377,=8628.9919,=2068671155872.6704,=1622658326559,=1066641884286.5504,=64.9241,=0.3807,=101.4396,=73.5444,=43.6003
2023-05-25,=7882.3569,=8520.6914,=2040492260444.0500,=1605159751807,=1053187238086.2900,=64.1165,=0.3713,=101.4396,=73.5773,=43.6003
2023-05-24,=7799.0872,=8430.6783,=2019677236113.8301,=1588709143986,=1041754146381.4399,=63.2239,=0.3640,=101.6932,=73.6102,=43.5875
2023-05-23,=7804.8983,=8436.9600,=2033829566235.3899,=1585741822322,=1042542402637.0500,=63.2406,=0.3644,=101.6932,=73.6133,=43.5875
2023-05-22,=7971.6361,=8616.3583,=2077471047359.6804,=1617607337349,=1065012090530.3500,=65.0707,=0.3791,=101.6932,=73.6163,=43.5875
2023-05-19,=8040.8861,=8691.2090,=2096675375512.4504,=1631907779887,=1074163294018.7800,=64.5780,=0.3740,=101.6932,=73.6695,=43.5875
2023-05-18,=7905.0072,=8544.2232,=2067568014853.2495,=1604758365736,=1056312106141.7902,=62.7071,=0.3612,=101.6932,=73.7226,=43.5875
2023-05-17,=7902.3751,=8541.3783,=2062007879215.7400,=1603619107701,=1055544559647.5800,=61.4205,=0.3462,=101.7042,=73.7311,=43.5692
2023-05-16,=7830.5850,=8463.7831,=2047865521702.0903,=1590233723319,=1046030991131.6100,=60.2501,=0.3333,=101.7042,=73.7395,=43.5692
2023-05-15,=7749.6648,=8374.0992,=2034674307267.6799,=1574055388290,=1035748905002.2500,=59.1226,=0.3282,=101.7042,=73.7616,=43.5692
2023-05-12,=7667.3403,=8285.1413,=2008353188334.3899,=1553858951387,=1024791167811.5000,=58.7116,=0.3230,=101.7042,=73.7838,=43.5692
2023-05-11,=7752.3005,=8376.2550,=2025145112292.8296,=1573502987561,=1036277683995.8800,=60.6536,=0.3367,=101.7042,=73.8236,=43.5692
2023-05-10,=7709.7345,=8330.2631,=2011610418774.6704,=1564673338357,=1030484375461.8900,=59.8762,=0.3293,=101.8463,=73.8634,=43.5108
2023-05-09,=7797.7912,=8425.4071,=2030312757709.3601,=1581036218367,=1041901800957.6500,=61.0035,=0.3374,=101.8463,=73.8696,=43.5108
2023-05-08,=7944.1225,=8583.5161,=2093921200783.1604,=1603578179793,=1061944245753.7100,=61.6876,=0.3456,=101.8463,=73.8758,=43.5108
2023-05-05,=7950.5445,=8590.4550,=2093936199939.7900,=1606978001895,=1062414297582.9200,=63.1694,=0.3582,=101.8463,=73.8981,=43.5108
2023-05-04,=8003.1399,=8647.2837,=2106346556472.2800,=1619271664604,=1069854724263.5500,=63.1150,=0.3575,=101.8463,=73.9204,=43.5108
2023-04-28,=8214.4922,=8875.6470,=2164547886174.0496,=1657257586994,=1081028398136.4402,=64.7932,=0.3690,=101.9266,=74.0131,=43.4972
2023-04-27,=8119.4339,=8772.9377,=2125770785441.4695,=1639446610781,=1046694639025.9200,=58.5363,=0.3225,=101.9266,=74.1059,=43.4972
2023-04-26,=8113.0995,=8766.0935,=2123196809416.0601,=1637434972711,=1046040654302.9498,=55.2251,=0.2905,=101.9266,=74.1487,=43.4972
2023-04-25,=8322.7829,=8992.6535,=2179600390458.4199,=1673259665292,=1073619402152.2300,=58.4255,=0.3199,=101.9266,=74.1916,=43.4972
2023-04-24,=8544.5559,=9232.2762,=2238670834444.9502,=1716665206704,=1100460833845.3601,=53.3934,=0.2788,=101.9266,=74.2673,=43.4972
2023-04-21,=8782.4981,=9489.3695,=2291057449891.3496,=1764511751993,=1128966552809.3999,=51.6176,=0.2758,=101.9780,=74.3431,=43.4774
2023-04-20,=9307.0552,=10056.1463,=2424374842487.3701,=1866893352700,=1196510963871.2500,=53.8177,=0.2828,=101.9780,=74.3702,=43.4774
2023-04-19,=9098.1388,=9830.4150,=2359762824544.5503,=1799945359515,=1169344552412.5100,=54.3560,=0.2831,=101.9780,=74.3973,=43.4774
2023-04-18,=9122.1746,=9856.3854,=2360037285801.9102,=1806460914946,=1170961033350.3799,=55.3033,=0.2880,=101.9780,=74.3973,=43.4774
2023-04-17,=9293.2291,=10041.2075,=2406788925702.0400,=1837120635438,=1193091676839.5200,=56.6205,=0.2995,=101.9780,=74.3973,=43.4774
2023-04-14,=9353.2922,=10106.1049,=2417006671755.2002,=1849750038954,=1198908423098.3999,=57.8375,=0.3112,=102.0008,=74.4189,=43.4742
2023-04-13,=8927.1470,=9645.6608,=2303520392633.2798,=1768080254845,=1144371096599.3301,=55.8137,=0.2923,=102.0008,=74.4405,=43.4742
2023-04-12,=9265.7542,=10011.5213,=2387224246362.7500,=1835459155109,=1187522289687.4102,=57.4470,=0.3051,=102.0008,=74.4587,=43.4742
2023-04-11,=9138.3550,=9873.8682,=2352980990646.3701,=1810925037226,=1170912693158.6101,=55.0949,=0.2885,=102.0008,=74.4770,=43.4742
2023-04-10,=9131.0815,=9866.0093,=2360909231521.0303,=1809281203882,=1167159206682.0098,=55.8014,=0.2911,=102.0008,=74.5596,=43.4742
2023-04-07,=9430.6793,=10189.7207,=2425942631910.0898,=1865659179554,=1204585912399.7100,=54.4624,=0.2857,=102.0579,=74.6423,=43.4512
2023-04-06,=9337.8178,=10089.3851,=2403263148075.5596,=1849464739757,=1192329415162.9900,=53.2644,=0.2804,=102.0579,=74.6639,=43.4512
2023-04-04,=8967.0211,=9688.7443,=2308170495698.8799,=1775155616689,=1145547402977.1399,=51.2138,=0.2761,=102.0579,=74.6855,=43.4512
2023-04-03,=8846.2650,=9558.2690,=2270334253104.2202,=1751430729256,=1130281189710.1299,=50.2234,=0.2753,=102.0579,=74.6898,=43.4512
2023-03-31,=8403.5741,=9079.9475,=2152002551385.7400,=1668734262462,=1072815007599.1302,=49.7210,=0.2745,=102.0579,=74.6941,=43.4512
2023-03-30,=8338.0100,=9009.1064,=2132922150700.0105,=1651126428912,=1063045233583.1500,=46.8011,=0.2702,=102.1011,=74.7232,=43.3782
2023-03-29,=8221.6820,=8883.4156,=2111023494802.8000,=1631279260510,=1047677019259.4896,=44.8465,=0.2374,=102.1011,=74.7522,=43.3782
2023-03-28,=7952.6301,=8592.7087,=2049799751563.7195,=1576725394819,=1013729665260.8600,=45.4897,=0.2503,=102.1011,=74.7786,=43.3782
2023-03-27,=8179.3438,=8837.6698,=2103720745314.7695,=1621263752239,=1042951626340.3800,=45.4086,=0.2483,=102.1011,=74.8050,=43.3782
2023-03-24,=8337.8369,=9008.9194,=2144193546838.3501,=1651474535574,=1062923420162.5800,=46.0420,=0.2554,=102.1011,=74.9316,=43.3782
2023-03-23,=8397.2820,=9073.1491,=2167077081716.9800,=1663579987814,=1070032100817.9399,=46.3560,=0.2615,=102.2309,=75.0582,=43.3216
2023-03-22,=8063.2084,=8712.1871,=2092785965347.0603,=1599357685271,=1026701573397.7902,=44.4423,=0.2331,=102.2309,=75.0592,=43.3216
2023-03-21,=8058.6743,=8707.2880,=2092568668169.1997,=1598461315225,=1024804253697.8199,=44.9842,=0.2402,=102.2309,=75.0603,=43.3216
2023-03-20,=8075.2657,=8725.2148,=2093911377385.7700,=1600917316101,=1026821392178.7700,=45.7981,=0.2509,=102.2309,=75.1396,=43.3216
2023-03-17,=7903.4185,=8539.5363,=2062775700987.0200,=1565350883902,=1005253244456.1902,=45.0836,=0.2419,=102.2309,=75.2189,=43.3216
2023-03-16,=7797.3475,=8424.9280,=2021664307667.8501,=1545990716804,=991239423875.9198,=44.8995,=0.2388,=102.2958,=75.2536,=43.3114
2023-03-15,=7842.3085,=8473.5077,=2031775069388.8401,=1556367375089,=996914126031.2900,=45.2999,=0.2436,=102.2958,=75.2884,=43.3114
2023-03-14,=7859.1821,=8491.7394,=2032745788748.9600,=1561932812058,=998894131590.7396,=44.3741,=0.2324,=102.2958,=75.3625,=43.3114
2023-03-13,=7623.1836,=8236.7462,=1957454456016.0903,=1518299550165,=968841609901.2400,=42.7933,=0.1840,=102.2958,=75.4366,=43.3114
2023-03-10,=7617.4588,=8230.5606,=1953840873729.6101,=1518001546850,=968029204648,=41.9048,=0.1669,=102.2958,=75.4559,=43.3216
2023-03-09,=7672.9969,=8290.5688,=1967333147337.5400,=1529421804393,=975344918994.8600,=43.1428,=0.1937,=102.3308,=75.4752,=43.3216
2023-03-08,=7601.9181,=8213.7692,=1948208232721.8201,=1514054801761,=966379309702.6804,=42.9438,=0.1893,=102.3308,=75.5055,=43.3782
2023-03-07,=7550.6879,=8158.4157,=1936388069983.6497,=1502754021445,=959836119361.1600,=42.2947,=0.1733,=102.3308,=75.5359,=43.4512
2023-03-06,=7774.5546,=8400.3006,=1989820539918.2097,=1546936900003,=988287436603.5699,=44.0590,=0.2224,=102.3308,=75.6038,=43.4742
2023-03-03,=7748.7617,=8372.4317,=1980513492168.2991,=1540234486884,=985062883800.5500,=44.5743,=0.2296,=102.3308,=75.6716,=43.4742
2023-03-02,=7563.6772,=8172.4504,=1933817652178.6799,=1502348415001,=961432999371.6400,=42.4735,=0.1762,=102.5316,=76.0484,=43.4512
2023-03-01,=7634.6915,=8249.1804,=1950750851361.5500,=1517493751292,=970227660088.2900,=43.7372,=0.2114,=102.5316,=76.4251,=43.4742
2023-02-28,=7586.5882,=8197.2055,=1938925387742.5300,=1509060350264,=964153114371.9000,=42.8100,=0.1836,=102.5316,=76.4526,=43.4742
2023-02-27,=7540.5461,=8147.4577,=1926526574545.8601,=1499590974595,=958421014201.6600,=43.1149,=0.1897,=102.5316,=76.4802,=43.4774
2023-02-24,=7673.4180,=8291.0240,=1956444677979.5200,=1477948418455,=975236763780.6801,=44.3923,=0.2239,=102.5316,=76.5618,=43.4972
2023-02-23,=7704.4885,=8324.5952,=1964121460012,=1484497004651,=979203181664.3800,=43.4512,=0.1972,=102.6473,=76.6433,=43.4774
2023-02-22,=7718.1934,=8339.4032,=1967106463410.6196,=1486193382000,=980875141289.8900,=43.4774,=0.1986,=102.6473,=76.8030,=43.4972
2023-02-21,=7751.3438,=8375.2218,=1972993584575.4199,=1492544711605,=984971330471.6902,=43.3782,=0.1965,=102.6473,=76.9627,=43.5108
2023-02-20,=7786.1488,=8412.8282,=1980352491659.9104,=1499842702647,=989608112921.6300,=43.9498,=0.2097,=102.6473,=77.0010,=43.5692
2023-02-17,=7682.5167,=8300.8551,=1956690544345.4600,=1480673974452,=976539244829.5100,=41.8492,=0.1686,=102.6473,=77.0392,=43.5692
2023-02-16,=7935.4178,=8574.1114,=2014629987101.2200,=1530684761253,=1008601836586.7798,=43.2089,=0.1901,=102.6585,=77.0947,=43.5692
2023-02-15,=8156.8651,=8813.3823,=2069057243457.6299,=1572281848345,=1036952729612.8700,=45.6003,=0.2293,=102.6585,=77.1501,=43.5875
2023-02-14,=8079.1795,=8729.4441,=2052949129547.1499,=1556491445369,=1026987810192.4398,=44.7147,=0.2213,=102.6585,=77.1647,=43.5875
2023-02-13,=8096.0013,=8747.6199,=2058466190954.0105,=1560644741111,=1029212042745.5896,=43.9785,=0.2109,=102.6585,=77.1793,=43.5875
2023-02-10,=8089.2728,=8740.3499,=2056130709781.9795,=1557398991791,=1028059237721.2700,=43.2109,=0.1910,=102.6585,=77.2198,=43.5875
2023-02-09,=8140.2138,=8795.3909,=2069665045244.8210,=1567150304975,=1034585551592.2400,=43.6009,=0.2019,=102.7344,=77.2603,=43.5875
2023-02-08,=7820.8794,=8450.3544,=1991853941549.3303,=1505921912548,=993572507187.4700,=42.2057,=0.1736,=102.7344,=77.3844,=43.5875
2023-02-07,=7900.5786,=8536.4683,=2012475354098.5901,=1501663088666,=1003650618639.3000,=42.8656,=0.1857,=102.7344,=77.5086,=43.6003
2023-02-06,=7947.4157,=8587.0752,=2021062526298.4399,=1511289696664,=1009356022736.1702,=43.5692,=0.1967,=102.7344,=77.5155,=43.6198
2023-02-03,=8056.8652,=8705.3339,=2046827050891.1899,=1503733728907,=1023104707562.2000,=44.2678,=0.2100,=102.7344,=77.5224,=43.6840
2023-02-02,=8061.8600,=8710.7307,=2049262411412.3501,=1505181250472,=1023720896502.2804,=44.6935,=0.2139,=102.7662,=77.5398,=43.6198
2023-02-01,=7945.4948,=8584.9997,=2020713317080.0100,=1481455703867,=1008913210442.3000,=43.9728,=0.2057,=102.7662,=77.5571,=43.6198
2023-01-31,=7809.1836,=8437.7172,=1981243180456.3799,=1456744029357,=991587027241.0500,=43.4972,=0.1952,=102.7662,=77.8076,=43.6198
2023-01-30,=8032.2635,=8678.7520,=2032531229845.2495,=1498221205746,=1020241527505,=45.3316,=0.2170,=102.7662,=78.0581,=43.6840
2023-01-20,=8028.0578,=8674.2078,=2031905380391.8403,=1496335908797,=1020130626664.6700,=44.3132,=0.2089,=102.7662,=78.0704,=43.6840
2023-01-19,=8000.5882,=8644.5273,=2026524619473.8999,=1492041187239,=1016537726689.7198,=44.3215,=0.2091,=102.7930,=78.0828,=43.6198
2023-01-18,=7833.8869,=8464.4088,=1987060774125.7300,=1460944606380,=995508530745.1400,=43.1053,=0.1901,=102.7930,=78.0983,=43.6198
2023-01-17,=7851.6543,=8483.6063,=1990415700249.8604,=1463056698585,=997636910586.9698,=43.3114,=0.1916,=102.7930,=78.1139,=43.6840
2023-01-16,=7679.4086,=8297.4971,=1951613388889.7305,=1432053602261,=975848784998.6902,=42.5731,=0.1821,=102.7930,=78.2151,=43.8585
2023-01-13,=7437.9691,=8036.6250,=1895515390394.2400,=1387140838911,=945267467472.9700,=40.6965,=0.1316,=102.7930,=78.3164,=43.8840
2023-01-12,=7430.3980,=8028.4446,=1891922971723.9104,=1386396353689,=944359678616.8800,=40.9459,=0.1366,=102.8098,=78.5276,=43.8840
2023-01-11,=7457.4043,=8057.6246,=1899296221723.2000,=1390584950726,=947817075748.6899,=41.2237,=0.1453,=102.8098,=78.7387,=43.9711
2023-01-10,=7540.0610,=8146.9341,=1925222873976.8503,=1406266434801,=958324597668.4398,=41.9675,=0.1709,=102.8098,=78.9948,=44.0221
2023-01-09,=7462.6100,=8063.2493,=1907410193865.7000,=1390902716924,=948613618070.1600,=41.0641,=0.1371,=102.8098,=79.2510,=44.0318
2023-01-06,=7424.2515,=8021.8035,=1899616857924.2200,=1383663397876,=943901449654.2802,=40.5830,=0.1288,=102.8098,=79.5748,=44.1918
2023-01-05,=7439.8734,=8038.6828,=1900201134420.7505,=1384687124970,=945950646575.1500,=41.7096,=0.1606,=102.8578,=79.8987,=44.1918
2023-01-04,=7379.8801,=7973.8608,=1888191971529.5000,=1373365150979,=938280426176.5702,=41.3008,=0.1462,=102.8578,=79.9152,=44.5688
2023-01-03,=7423.0012,=8020.4525,=1896453216787.6201,=1381752991001,=943693354895.5400,=41.5455,=0.1561,=102.8578,=79.9317,=44.9114
2022-12-30,=7328.7195,=7918.5824,=1870417713221.8201,=1363863649874,=931703962803.2700,=41.2241,=0.1441,=102.8578,=79.9652,=45.0313
2022-12-29,=7386.8423,=7981.3833,=1881697659411.6599,=1375561661866,=939131903425.7002,=41.7684,=0.1589,=102.8578,=79.9986,=45.1052
2022-12-28,=7389.3720,=7984.1166,=1882014392322.9304,=1375041835340,=939391867494.5500,=41.6143,=0.1567,=102.8726,=80.0946,=45.1052
2022-12-27,=7486.3520,=8088.9022,=1905953852174.3000,=1393177762171,=951639487388.7198,=41.7936,=0.1593,=102.8726,=80.1906,=45.1409
2022-12-26,=7375.5051,=7969.1336,=1882330780444.3003,=1373435796816,=937621001762.6400,=40.2245,=0.1215,=102.8726,=80.1980,=45.4515
2022-12-23,=7192.5592,=7771.4631,=1841475954559.9104,=1340509248549,=914512033947.2500,=38.4527,=0.0848,=102.8726,=80.2055,=45.7559
2022-12-22,=7330.1541,=7920.1325,=1870871941462.4297,=1365181687161,=931865642797.8998,=39.7718,=0.1144,=102.8726,=80.2673,=45.9574
2022-12-21,=7453.4346,=8053.3354,=1900640744025.7200,=1389674819060,=947525854072.8000,=40.8730,=0.1330,=102.9058,=80.3290,=45.9574
2022-12-20,=7560.1355,=8168.6243,=1929679893430.1899,=1410190683414,=961015881952.5198,=41.1241,=0.1344,=102.9058,=80.3439,=45.9828
2022-12-19,=7559.7415,=8168.1985,=1930969370178.0696,=1411094442654,=961016288925.7700,=40.2646,=0.1198,=102.9058,=80.3588,=46.0511
2022-12-16,=7756.0370,=8380.2932,=1980890451719,=1446708225302,=985908927848.8300,=41.1717,=0.1372,=102.9058,=80.4357,=46.0714
2022-12-15,=7898.9172,=8534.6733,=2012722478108.9700,=1474390247176,=1003954099466.2400,=41.7922,=0.1510,=102.9058,=80.5126,=46.2295
2022-12-14,=7787.9187,=8414.7409,=1988696231322.0896,=1453110373052,=989919720120.4304,=41.4063,=0.1450,=102.9165,=80.5248,=46.2295
2022-12-13,=7814.3706,=8443.3218,=1989691651729.8496,=1456872333235,=993449420511.8998,=41.5644,=0.1476,=102.9165,=80.5370,=46.2928
2022-12-12,=7935.7852,=8574.5086,=2015967503445.0908,=1480658613250,=1008518154871,=42.8822,=0.1640,=102.9165,=80.6331,=46.3347
2022-12-09,=7782.6365,=8409.0335,=1996659681498.7200,=1543654207937,=1052859250852.1702,=38.5651,=0.0858,=102.9165,=80.7292,=46.4188
2022-12-08,=7700.8932,=8320.7110,=1977904105193.4399,=1528460012727,=1042662807904.4600,=37.7909,=0.0747,=102.9165,=80.8551,=46.4713
2022-12-07,=7800.0673,=8427.8673,=1999573189057.6899,=1546694083177,=1055560182892.7900,=38.3399,=0.0835,=102.9698,=80.9810,=46.4713
2022-12-06,=7873.4241,=8507.1283,=2014758609039.8999,=1559024671838,=1064756671375.4700,=39.5257,=0.1049,=102.9698,=81.0038,=46.4790
2022-12-05,=7735.8530,=8358.4845,=1977804689496.7695,=1521960587868,=1046074820624.0398,=38.7369,=0.0888,=102.9698,=81.0266,=46.5364
2022-12-02,=7691.8727,=8310.9643,=1962204594662.6704,=1512715423528,=1039629146134.3000,=38.8829,=0.0914,=102.9698,=81.0587,=48.6965
2022-12-01,=7756.3921,=8380.6766,=1978068295361.7200,=1525944721089,=1048336957183.2498,=38.1975,=0.0802,=102.9698,=81.0907,=48.7033
2022-11-30,=7650.2969,=8266.0422,=1954066174305.2104,=1505183014655,=1034430023628.5302,=37.9508,=0.0778,=103.0869,=81.1054,=48.7033
2022-11-29,=7671.8366,=8289.3156,=1960271605024.1201,=1510609137866,=1038021163447.7400,=37.8293,=0.0754,=103.0869,=81.1201,=49.6154
2022-11-28,=7567.2216,=8176.2805,=1932363530150.2104,=1491200006823,=1024122776058,=37.0235,=0.0616,=103.0869,=81.2033,=51.4258
2022-11-25,=7684.7528,=8303.2714,=1961579711935.2600,=1513121093513,=1039575980205.7902,=37.5531,=0.0668,=103.0869,=81.2865,=51.5156
2022-11-24,=7767.0696,=8392.2136,=1980601636038.0095,=1530272648922,=1050654542296.8104,=37.6666,=0.0681,=103.0869,=81.3192,=51.9349
2022-11-23,=7839.9545,=8470.9648,=1997300619193.8000,=1544461111171,=1060396836321.8998,=38.2798,=0.0745,=103.0971,=81.3519,=51.9349
2022-11-22,=7859.8147,=8492.4235,=2003065063987.8799,=1547640468850,=1062920452336.6801,=38.6177,=0.0784,=103.0971,=81.4037,=53.4319
2022-11-21,=7953.8386,=8594.0150,=2026089573666.4795,=1565433371063,=1074703376236.0800,=39.5659,=0.0937,=103.0971,=81.4554,=53.6015
2022-11-18,=8027.4503,=8673.5514,=2042946346906.2600,=1579128241718,=1084779416117.2300,=39.5886,=0.0938,=103.0971,=81.4635,=53.7261
2022-11-17,=8231.6277,=8894.1623,=2096550418932.4297,=1621923360836,=1113090534026.1897,=40.3562,=0.1053,=103.0971,=81.4716,=53.7853
2022-11-16,=8068.2042,=8717.5854,=2059785941376.4099,=1591053099354,=1090247401965.3102,=39.6153,=0.0940,=103.1937,=81.5126,=53.7853
2022-11-15,=8183.7454,=8842.4261,=2087853040771.2200,=1614966874304,=1106599414637.7200,=39.3500,=0.0929,=103.1937,=81.5537,=54.8136
2022-11-14,=7712.8953,=8333.6789,=1974338741127.4199,=1522193724936,=1043158270011.2800,=35.7692,=0.0446,=103.1937,=81.5708,=54.9227
2022-11-11,=7675.3673,=8293.1304,=1958686725261.3704,=1515672517298,=1037647565599.9399,=35.6172,=0.0434,=103.1937,=81.5879,=55.6200
2022-11-10,=7574.3597,=8183.9930,=1933107140792.0796,=1494949737100,=1020208006111.3998,=35.5098,=0.0409,=103.1937,=81.7828,=55.7364
2022-11-09,=7762.4710,=8387.2447,=1981052097965.8799,=1533137292929,=1045240601596.8098,=36.1037,=0.0422,=103.3994,=81.9777,=55.7364
2022-11-08,=7847.5328,=8479.1528,=2001636119979.2100,=1550685135866,=1056350778992.7100,=36.1476,=0.0448,=103.3994,=82.1011,=55.8477
2022-11-07,=7951.2233,=8591.1890,=2027986464644.5701,=1571609231387,=1070268745575.1400,=36.4873,=0.0474,=103.3994,=82.2244,=56.0173
2022-11-04,=8015.7624,=8660.9226,=2045913639411.9600,=1585106853584,=1079802889453.2804,=36.7101,=0.0488,=103.3994,=82.2269,=56.0271
2022-11-03,=7866.3773,=8499.5140,=2014613515679.8296,=1556542285738,=1060614514256.4402,=36.4781,=0.0463,=103.3994,=82.2294,=56.0488
2022-11-02,=7655.1717,=8271.3092,=1962018866100.7900,=1512114212085,=1030993511914.3300,=35.5565,=0.0412,=103.4220,=82.2494,=56.0488
2022-11-01,=7631.1858,=8245.3928,=1953783787450.3503,=1506241428730,=1027131448384.5100,=35.2407,=0.0374,=103.4220,=82.2695,=56.0740
2022-10-31,=7517.7040,=8122.7773,=1929904302768.3391,=1483340624582,=1012386402181.3400,=34.4367,=0.0258,=103.4220,=82.2896,=56.2849
2022-10-28,=7421.6947,=8019.0406,=1904732346817.3403,=1449794744336,=980468231216.4095,=32.6484,=0.0142,=103.4220,=82.3098,=56.9315
2022-10-27,=7561.6218,=8170.2299,=1938237035742.5403,=1476344730575,=990028857300.5240,=33.8218,=0.0181,=103.4220,=82.3321,=56.9333
2022-10-26,=7542.4313,=8149.4949,=1917782048437.0210,=1473939289539,=987511286350.3804,=33.6744,=0.0155,=103.6394,=82.3545,=56.9333
2022-10-25,=7308.3540,=7896.5776,=1855092835390.5400,=1427220485963,=954998771632.9232,=31.9674,=0.0065,=103.6394,=82.4149,=56.9904
2022-10-24,=7333.5920,=7923.8469,=1860366625371.4099,=1431942594943,=957871187901.2266,=31.9380,=0.0052,=103.6394,=82.4752,=57.0403
2022-10-21,=7357.0016,=7949.1407,=1869491960322.7004,=1435560188359,=960551990040.3907,=32.1101,=0.0078,=103.6394,=82.5871,=57.3825
2022-10-20,=7472.6441,=8074.0909,=1896988843283.7395,=1458410551175,=975538876680.6154,=33.1356,=0.0104,=103.6394,=82.6989,=57.5680
2022-10-19,=7224.1349,=7805.5801,=1832440696227.8804,=1406680503184,=943438955065.5063,=31.8940,=0.0026,=103.8726,=82.7060,=57.5680
2022-10-18,=7293.7571,=7880.8060,=1847191257624.5801,=1419320517212,=952535264920.8820,=32.1041,=0.0052,=103.8726,=82.7131,=57.5891
2022-10-17,=7346.5659,=7937.8652,=1861854442252.1201,=1429923454282,=959308449785.9430,=32.5280,=0.0052,=103.8726,=82.7216,=57.6145
2022-10-14,=7225.8379,=7807.4202,=1827709548290.0801,=1403097924478,=943633421030.8800,=32.5694,=0.0052,=103.8726,=82.7302,=57.7023
2022-10-13,=7011.3216,=7575.6382,=1775448192351,=1361982502093,=915752503513.0536,=31.9134,=0.0026,=103.8726,=82.8597,=57.8784
2022-10-12,=7060.7115,=7629.0033,=1789609945101.2000,=1371461919979,=922075036499.9862,=31.9761,=0.0026,=103.9455,=82.9892,=57.8784
2022-10-11,=6826.4058,=7375.8392,=1730886649687.9600,=1326412218490,=891431638936.7822,=30.1108,=0,=103.9455,=83.0098,=58.0581
2022-10-10,=6928.4185,=7486.0625,=1762692459600.1204,=1348675619796,=904619946054.0048,=30.4694,=0,=103.9455,=83.0304,=58.2630
2022-09-30,=7370.3747,=7963.5902,=1866631404122.4500,=1440592971411,=961893389139.6899,=33.6830,=0,=103.9455,=83.0520,=58.4535
2022-09-29,=7509.1129,=8113.4950,=1899358245059.0305,=1469636293404,=979751022253.6272,=34.4923,=0.0053,=103.9455,=83.0736,=58.5487
2022-09-28,=7501.1547,=8104.8962,=1896553324208.1597,=1466053776059,=978919815481.8484,=34.0809,=0.0026,=104.1132,=83.0759,=58.5487
2022-09-27,=7705.5274,=8325.7181,=1944952550946.2500,=1506214080306,=1005401768027.3616,=34.7821,=0.0053,=104.1132,=83.0782,=58.6533
2022-09-26,=7562.0020,=8170.6408,=1909862344499.0100,=1478979184650,=986508589187.2240,=33.9855,=0.0013,=104.1132,=83.1523,=58.7551
2022-09-23,=7550.0152,=8157.6892,=1909399077933.3000,=1475447244122,=985174979968.9592,=33.9137,=0,=104.1132,=83.2263,=58.8891
2022-09-22,=7739.5762,=8362.5073,=1957966728506.6299,=1513642467730,=1009789596578.3202,=34.9829,=0.0066,=104.1132,=83.2719,=58.9873
2022-09-21,=7793.8084,=8421.1045,=1969020505397.8103,=1523652651693,=1016897778473.6396,=34.7824,=0.0027,=104.2132,=83.3176,=58.9873
2022-09-20,=7954.1724,=8594.3756,=2008280822905.3003,=1556570041344,=1037767902073.9564,=34.7501,=0.0013,=104.2132,=83.3181,=58.9992
2022-09-19,=7979.1161,=8621.3269,=2015275400183.6704,=1562640765682,=1040889498652.5576,=34.3790,=0,=104.2132,=83.3186,=59.8013
2022-09-16,=8118.6390,=8772.0795,=2053579195912.6704,=1589033635228,=1059198582517.6316,=34.8443,=0,=104.2132,=83.3484,=60.0491
2022-09-15,=8225.2048,=8887.2224,=2076444559576.5896,=1608319214497,=1073045141788.4696,=35.4876,=0.0040,=104.2132,=83.3781,=60.1593
2022-09-14,=8507.6930,=9192.4471,=2142103659196.8804,=1666007486141,=1109723425279.6147,=36.3763,=0.0067,=104.3167,=83.4040,=60.1593
2022-09-13,=8514.8471,=9200.1770,=2143209235615.3899,=1665789161872,=1110718198629.3926,=36.7486,=0.0080,=104.3167,=83.4299,=60.2885
2022-09-09,=8525.4150,=9211.5955,=2143425840705.3301,=1667965946028,=1112035447020.5264,=36.8961,=0.0094,=104.3167,=83.4839,=60.3489
2022-09-08,=8561.8256,=9250.9366,=2151169650520.1411,=1674994179398,=1116777543579.9902,=36.5532,=0.0067,=104.3167,=83.5378,=60.5251
2022-09-07,=8628.9819,=9323.4981,=2167353207863.9695,=1686572476069,=1125462279248.9700,=37.6778,=0.0162,=104.3167,=83.6069,=60.6485
2022-09-06,=8452.0149,=9132.2877,=2123148153040.5496,=1648679850494,=1102468702479.1260,=37.1213,=0.0094,=104.4631,=83.6760,=60.6485
2022-09-05,=8346.2379,=9017.9971,=2099887861892.3604,=1627581936633,=1088766998157.9564,=36.7886,=0.0067,=104.4631,=83.7063,=60.8427
2022-09-02,=8399.8657,=9075.9412,=2113741109098.6604,=1632341234626,=1095978848983.7252,=37.7323,=0.0149,=104.4631,=83.7366,=61.0265
2022-09-01,=8351.2332,=9023.3945,=2099001656117.8896,=1622349569610,=1089767503428.2528,=37.5374,=0.0108,=104.4631,=83.7367,=61.2371
2022-08-31,=8447.4770,=9127.3846,=2121714537804.6897,=1636635776051,=1102163838055.9492,=38.2940,=0.0163,=104.4631,=83.7369,=61.2943
2022-08-30,=8566.4416,=9255.9242,=2150800684525.9700,=1661992973145,=1117221217175.1001,=39.2831,=0.0312,=104.6227,=83.7536,=61.2943
2022-08-29,=8531.3485,=9218.0066,=2140394584640.1699,=1654357572217,=1103071508998.9883,=37.7167,=0.0122,=104.6227,=83.7704,=61.2961
2022-08-26,=8523.6540,=9209.6928,=2137339544577.1599,=1641115018629,=1090517544199.3422,=38.6962,=0.0177,=104.6227,=83.7788,=61.4870
2022-08-25,=8663.0679,=9360.3276,=2165884223685.5400,=1669117924156,=1108457517073.2549,=38.9492,=0.0232,=104.6227,=83.7873,=61.5363
2022-08-24,=8717.8335,=9418.3103,=2177606332327.0903,=1678944010399,=1101104967820.3516,=39.1716,=0.0246,=104.6227,=83.8324,=61.5746
2022-08-23,=9094.9061,=9824.5269,=2267803200745.7402,=1751553502110,=1148755621924.9319,=40.7977,=0.0451,=104.7962,=83.8775,=61.5746
2022-08-22,=9134.6252,=9867.4324,=2281353711409.9502,=1759956450848,=1144438323621.7500,=40.8007,=0.0451,=104.7962,=83.8791,=61.7846
2022-08-19,=9108.0516,=9838.7270,=2275990690753.4302,=1753696258226,=1136113352376.3479,=40.7960,=0.0438,=104.7962,=83.8807,=61.8255
2022-08-18,=9341.1855,=10090.0891,=2332489551671.5400,=1798538845914,=1167190125231.7483,=42.4843,=0.0700,=104.7962,=83.9064,=61.8653
2022-08-17,=9219.2274,=9958.3534,=2300768186500.4902,=1772386652558,=1148575704181.3958,=41.9129,=0.0632,=104.7962,=83.9321,=61.8800
2022-08-16,=9187.2894,=9923.8548,=2291835441333.4297,=1766048376696,=1144376775276.6289,=41.8342,=0.0619,=104.8419,=83.9898,=61.8800
2022-08-15,=9279.0848,=10023.0096,=2314749400422.0200,=1786252455780,=1155767798602.3604,=42.8074,=0.0716,=104.8419,=84.0475,=61.9541
2022-08-12,=9236.3472,=9976.8456,=2310199357859.5898,=1774963758345,=1150899044661.5283,=43.3216,=0.0759,=104.8419,=84.1009,=62.0996
2022-08-11,=9461.2718,=10219.8030,=2367077650021.3398,=1818572690523,=1179145077782.3284,=43.9711,=0.0870,=104.8419,=84.1544,=62.3864
2022-08-10,=9299.2056,=10044.7436,=2326421366205.4302,=1789629393004,=1158496546476.3955,=42.4437,=0.0664,=104.8419,=84.1545,=62.4834
2022-08-09,=9415.2082,=10169.0372,=2355134955113.1304,=1811140282062,=1173177681160.2988,=43.5875,=0.0776,=104.9047,=84.1546,=62.4834
2022-08-08,=9325.7288,=10072.3936,=2337309159052.8496,=1793671560925,=1162026960836.1450,=44.0318,=0.0860,=104.9047,=84.1629,=62.5050
2022-08-05,=9401.7883,=10154.5428,=2364896180308.7700,=1807578449701,=1172400556290.2456,=45.1409,=0.0931,=104.9047,=84.1713,=62.8427
2022-08-04,=8927.1094,=9640.7240,=2242755625416.2002,=1713968260546,=1114127297102.3762,=42.5349,=0.0668,=104.9047,=84.2098,=63.3149
2022-08-03,=8777.0921,=9478.7147,=2204444658114.3706,=1686553136733,=1094882873973.1252,=41.2702,=0.0501,=104.9047,=84.2483,=63.3465
2022-08-02,=8496.2686,=9175.4428,=2126251319019.0696,=1634672847602,=1059360283178.8644,=40.1930,=0.0349,=104.9635,=84.2778,=63.3465
2022-08-01,=8573.7050,=9259.0693,=2144699027763.5000,=1646906180465,=1069343330227.6166,=41.1313,=0.0461,=104.9635,=84.3073,=63.3645
2022-07-29,=8460.7752,=9137.1121,=2119511972128.2705,=1625700735511,=1055213204036.9504,=41.0689,=0.0434,=104.9635,=84.3525,=63.3907
2022-07-28,=8722.7091,=9419.9845,=2181416560941.1799,=1676047954668,=1087774149192.3480,=41.3233,=0.0476,=104.9635,=84.3977,=63.4386
2022-07-27,=8582.5484,=9266.2549,=2145624307415.2600,=1649615765671,=1070023820296.4230,=40.5370,=0.0393,=104.9635,=84.4192,=64.1916
2022-07-26,=8657.8892,=9347.5976,=2164889096021.5095,=1662656364064,=1079508235937.0392,=41.1249,=0.0421,=105.1461,=84.4407,=64.1916
2022-07-25,=8607.6632,=9293.3705,=2156586894585.4399,=1653347053778,=1073425013772.3672,=41.3341,=0.0450,=105.1461,=84.4580,=64.4226
2022-07-22,=8757.6155,=9455.2683,=2185803488984.4604,=1680889468845,=1091818043232.6960,=42.6155,=0.0577,=105.1461,=84.4753,=64.5343
2022-07-21,=8835.2728,=9539.1119,=2206809708913.2603,=1627123780606,=1101493690662.5764,=44.1918,=0.0733,=105.1461,=84.5941,=64.6343
2022-07-20,=8665.6383,=9355.9639,=2167701722411.0703,=1596213555806,=1080388331441.5792,=43.6840,=0.0678,=105.1461,=84.7129,=64.7392
2022-07-19,=8570.0297,=9252.7389,=2146388182978.2600,=1577460019197,=1068441558400.4364,=43.6198,=0.0665,=105.5458,=84.7312,=64.7392
2022-07-18,=8644.5700,=9333.2173,=2163366513429.4299,=1591431235958,=1077493870290.9038,=43.6003,=0.0652,=105.5458,=84.7495,=64.8271
2022-07-15,=8706.8738,=9400.4844,=2173665205460.8101,=1601292410721,=1085126451880.0856,=43.4742,=0.0624,=105.5458,=84.7907,=65.1503
2022-07-14,=8744.9223,=9441.5640,=2179871332858.6790,=1607486789383,=1089890599591.0576,=43.5108,=0.0625,=105.5458,=84.8319,=65.6313
2022-07-13,=8666.9474,=9353.1058,=2163709476569.6799,=1592844471373,=1080173198972.0583,=43.2685,=0.0612,=105.5458,=84.8366,=65.7522
2022-07-12,=8784.9071,=9479.2830,=2192644459410.1499,=1612975768154,=1094884175633.8618,=43.8585,=0.0613,=105.5612,=84.8413,=65.7522
2022-07-11,=9029.4372,=9743.1412,=2251371834806.0303,=1659066970502,=1124925669310.1753,=44.9114,=0.0656,=105.5612,=84.8836,=65.9431
2022-07-08,=9324.9626,=10062.0255,=2324904659740.9800,=1712453545870,=1161930988529.2429,=46.3347,=0.0800,=105.5612,=84.9260,=66.0562
2022-07-07,=9271.9359,=10004.8074,=2310450288757.6396,=1703653589540,=1155449109086.4106,=46.4188,=0.0801,=105.5612,=84.9370,=66.1108
2022-07-06,=9313.3185,=10049.4609,=2322100704674.1104,=1708922775981,=1161037815896.0264,=46.2295,=0.0774,=105.5612,=84.9480,=66.1210
2022-07-05,=9192.5997,=9919.2003,=2292900609950.3198,=1686552563117,=1146350475301.9131,=45.9828,=0.0732,=105.6020,=84.9675,=66.1210
2022-07-04,=9155.7915,=9879.4827,=2284225785951.3701,=1679306064117,=1141933827694.7554,=46.4713,=0.0776,=105.6020,=84.9870,=66.1638
2022-07-01,=9418.9444,=10163.4357,=2349231091015.3691,=1725412943610,=1174765535173.3950,=46.0714,=0.0748,=105.6020,=84.9873,=66.4594
2022-06-30,=9417.3110,=10161.6732,=2352725814436.3496,=1724204053154,=1175204079347.5295,=46.0511,=0.0735,=105.6020,=84.9877,=66.6199
2022-06-29,=9125.9670,=9846.1127,=2290183008155.9702,=1672229130966,=1139000371533.2903,=45.1052,=0.0678,=105.6020,=85.0970,=66.7146
2022-06-28,=9298.6378,=10031.4223,=2333001001031.1997,=1703459056250,=1160393952529.0728,=45.9574,=0.0708,=105.6666,=85.2063,=66.7146
2022-06-27,=8903.2960,=9604.9254,=2243071292066.7300,=1624499071569,=1111188096163.1711,=42.8277,=0.0593,=105.6666,=85.2753,=66.7781
2022-06-24,=8762.7832,=9453.3394,=2214968889673,=1599643177504,=1093775224068.5128,=42.9788,=0.0594,=105.6666,=85.3444,=66.8242
2022-06-23,=8640.5683,=9318.6839,=2184334835469.9399,=1577868079504,=1078191541681.1040,=42.2124,=0.0552,=105.6666,=85.3764,=66.8839
2022-06-22,=8433.3599,=9095.2136,=2134438261513.2097,=1537648413660,=1052811619892.4775,=40.0464,=0.0334,=105.6666,=85.4084,=67.0377
2022-06-21,=8694.5674,=9376.3048,=2197438089543.4795,=1584052304868,=1085351898144.5348,=41.3111,=0.0437,=105.7096,=85.4560,=67.0377
2022-06-20,=8791.3586,=9480.3425,=2220692766073.8799,=1601215454278,=1097659163586.5052,=42.0247,=0.0510,=105.7096,=85.5035,=67.2784
2022-06-17,=8667.4154,=9346.6858,=2189543293143.4600,=1564437046701,=1082412542256.6052,=41.1377,=0.0423,=105.7096,=85.5494,=67.9597
2022-06-16,=8695.5132,=9375.7984,=2196969206251.3296,=1569738399435,=1085792937907.7034,=41.5087,=0.0453,=105.7096,=85.5954,=68.0855
2022-06-15,=8551.7202,=9220.7559,=2167161249443.6897,=1541608941474,=1068428262530.3531,=40.6358,=0.0410,=105.7096,=85.6591,=68.3596
2022-06-14,=8474.0587,=9137.0186,=2149677956829.6699,=1526264590425,=1058674714362.0120,=39.8686,=0.0323,=105.7437,=85.7228,=68.3596
2022-06-13,=8661.7661,=9339.0223,=2193482835471.2200,=1560927130554,=1081863116553.8846,=40.5830,=0.0382,=105.7437,=85.8034,=68.4113
2022-06-10,=8778.7855,=9465.1914,=1595085282843.6204,=1407912048940,=921928170948.0630,=40.3537,=0.0353,=105.7437,=85.8841,=68.5059
2022-06-09,=8613.9142,=9287.4289,=1566998070211.2004,=1380358915417,=905124509007.1410,=39.6898,=0.0295,=105.7437,=85.9142,=68.5990
2022-06-08,=8897.9410,=9593.6635,=1622415560321.8201,=1426437989145,=935317105450.2870,=41.3530,=0.0354,=105.7437,=85.9443,=68.6014
2022-06-07,=8923.3388,=9620.8157,=1627585036890.7195,=1430840053874,=937775557840.4352,=41.7211,=0.0384,=105.7957,=85.9646,=68.6014
2022-06-06,=9092.1892,=9802.8640,=1660348561164.7500,=1460369320489,=956133101058.8152,=42.5789,=0.0399,=105.7957,=85.9849,=68.6138
2022-06-02,=8852.4406,=9544.3759,=1616485932174.1802,=1421119419739,=930700363116.9896,=41.3926,=0.0356,=105.7957,=86.0051,=68.9708
2022-06-01,=8572.5804,=9234.8529,=1562067928227.7600,=1373273345267,=900963550113.7568,=39.7081,=0.0297,=105.7957,=86.0252,=69.0054
2022-05-31,=8599.7770,=9264.1505,=1566694230648.7900,=1377894550389,=903792898483.7244,=40.0739,=0.0297,=105.7957,=86.0506,=69.0584
2022-05-30,=8439.1385,=9091.1020,=1534878014318.1399,=1351529274608,=886756143651.6193,=38.9352,=0.0238,=105.8368,=86.0759,=69.0584
2022-05-27,=8333.7011,=8977.5191,=1513840358307.9700,=1333778732594,=874716740837.8195,=38.5945,=0.0164,=105.8368,=86.0932,=69.0732
2022-05-26,=8383.3188,=9030.4528,=1522779444342.6399,=1341672880581,=880174888422.8387,=38.9298,=0.0209,=105.8368,=86.1104,=69.1230
2022-05-25,=8448.8275,=9100.4367,=1536476120479.5901,=1352207988212,=887352566327.0138,=39.1855,=0.0224,=105.8368,=86.1274,=69.1601
2022-05-24,=8462.0170,=9114.6434,=1539697970808.4895,=1354817044390,=888953785288.1843,=39.3207,=0.0225,=105.8368,=86.1444,=69.2455
2022-05-23,=8832.1639,=9513.3376,=1606750118638.4602,=1413032813918,=928109338151.6165,=41.5147,=0.0255,=105.8592,=86.1668,=69.2455
2022-05-20,=8754.4737,=9429.6556,=1592246609433.2900,=1399675378444,=919631185582.6814,=40.3297,=0.0225,=105.8592,=86.1891,=69.2686
2022-05-19,=8732.9827,=9405.1284,=1590021438600.4902,=1398049447116,=917141454189.5564,=40.3652,=0.0226,=105.8592,=86.1935,=69.2834
2022-05-18,=8572.2693,=9232.0455,=1560910418189.1499,=1372580656695,=900612639999.3149,=39.1429,=0.0211,=105.8592,=86.1978,=69.2979
2022-05-17,=8515.6859,=9171.1071,=1551135341921.0095,=1363788556814,=894717275972.8188,=38.8181,=0.0196,=105.8592,=86.2072,=69.4802
2022-05-16,=8181.5128,=8811.0834,=1486933208491.3999,=1308216010161,=858682473746.0105,=37.4936,=0.0106,=106.1622,=86.2166,=69.4802
2022-05-13,=8303.1337,=8942.0630,=1509989912294.2405,=1326948837607,=871370943276.5186,=37.9476,=0.0121,=106.1622,=86.2317,=69.5335
2022-05-12,=8323.7099,=8964.2226,=1511663664597.1499,=1328801948175,=873536743692.8864,=37.5691,=0.0106,=106.1622,=86.2467,=69.5354
2022-05-11,=8273.1240,=8909.7441,=1502265932936.6802,=1315237075222,=868818581293.8663,=37.2194,=0.0091,=106.1622,=86.2774,=69.5743
2022-05-10,=7970.9123,=8584.2771,=1445526047307.7102,=1268569279997,=836466730495.7941,=36.1415,=0.0061,=106.1622,=86.3081,=70.1314
2022-05-09,=7667.4100,=8257.2591,=1387159980733.3899,=1220062642943,=804525301847.4032,=34.9597,=0,=106.2597,=86.3170,=70.1314
2022-05-06,=7739.4840,=8334.8777,=1402451274823.6299,=1225086362251,=812413859182.6354,=35.4112,=0.0015,=106.2597,=86.3259,=70.1683
2022-05-05,=7984.7468,=8599.0085,=1446799619182.9297,=1263064956208,=838111008679.1664,=36.1122,=0.0015,=106.2597,=86.3364,=70.2864
2022-04-29,=7949.1082,=8560.6283,=1444061390281.6902,=1243697062039,=833998495564.0746,=36.9579,=0.0015,=106.2597,=86.3470,=70.3726
2022-04-28,=7677.1621,=8266.2415,=1395614703942.7500,=1201086302712,=804727168306.9486,=35.0241,=0,=106.2597,=86.4268,=70.4641
2022-04-27,=7752.1314,=8345.7645,=1408715552285.8701,=1212700035676,=803466120663.9001,=38.5996,=0.0015,=106.3621,=86.5067,=70.4641
2022-04-26,=7215.5627,=7768.1071,=1311008664399.1899,=1128816460598,=746928853186.2101,=38.0556,=0,=106.3621,=86.5112,=70.4826
2022-04-25,=7422.8815,=7991.3017,=1346226843646.3301,=1159653461934,=766557764127.0200,=38.7642,=0,=106.3621,=86.5157,=70.5776
2022-04-22,=8047.4514,=8663.6992,=1461778135588.7800,=1259197875132,=830173056772.9199,=42.3673,=0,=106.3621,=86.5801,=70.5924
2022-04-21,=8251.5322,=8883.4079,=1501092188194.4197,=1292044039048,=851744767448.1600,=43.8840,=0,=106.3621,=86.6444,=70.6063
2022-04-20,=8458.5487,=9106.2770,=1537423864822.1204,=1323506216478,=872117786101.6901,=45.4515,=0.0046,=106.3751,=86.6474,=70.6063
2022-04-19,=8592.4992,=9250.4850,=1561463536031.4302,=1344900933409,=886156761733.0900,=46.5364,=0.0093,=106.3751,=86.6505,=70.6147
2022-04-18,=8791.4989,=9464.7234,=1600955387286.2400,=1378011294834,=907145158598.5898,=46.2928,=0.0062,=106.3751,=86.7044,=70.6847
2022-04-15,=8464.7294,=9112.9310,=1540954697218.8401,=1322045118904,=873222854892.6399,=44.5688,=0.0016,=106.3751,=86.7584,=70.7266
2022-04-14,=8499.0451,=9149.8744,=1546096279768.0500,=1328458758432,=876622028215.4401,=46.4790,=0.0047,=106.3751,=86.7704,=70.7351
2022-04-13,=8291.2545,=8926.1719,=1505913088483.4202,=1294729453957,=855516004656.9100,=45.0313,=0.0016,=106.4137,=86.7824,=70.7351
2022-04-12,=8502.5869,=9153.6874,=1544908026494.0300,=1326927175276,=877227653745.2700,=45.7559,=0.0016,=106.4137,=87.0155,=70.7764
2022-04-11,=8385.8411,=9028.0016,=1527489387889.2600,=1310763923893,=865454145841.9198,=44.0221,=0,=106.4137,=87.2486,=70.8518
2022-04-08,=8863.8033,=9542.5646,=1614206072726.1899,=1384204223320,=912713637643.3800,=48.6965,=0,=106.4137,=87.2927,=70.8520
2022-04-07,=8852.4005,=9530.2886,=1613530890616.2900,=1383858802537,=911715462337.9200,=48.7033,=0,=106.4137,=87.3367,=70.8737
2022-04-06,=9049.0991,=9742.0497,=1650368296513.0500,=1414516134721,=931941356773.9700,=49.6154,=0,=106.4890,=87.3449,=70.8737
2022-04-01,=9364.8782,=10082.0101,=1710732742452.9800,=1464419361989,=964574603855,=51.5156,=0.0016,=106.4890,=87.3532,=70.9814
2022-03-31,=9361.4979,=10078.3710,=1707848589712.2605,=1463946127760,=964259640594.4301,=51.9349,=0.0016,=106.4890,=87.4399,=70.9916
2022-03-30,=9642.4987,=10380.8900,=1759483226945.8501,=1507691598637,=988722901958.5900,=53.4319,=0.0016,=106.4890,=87.5266,=71.1849
2022-03-29,=9454.9951,=10179.0280,=1722819535220.4402,=1477517936790,=969670236062.2700,=51.4258,=0,=106.4890,=87.5403,=71.1913
2022-03-28,=9651.4965,=10390.5769,=1759774200464.4302,=1506602131057,=989907341736.2802,=53.7853,=0.0032,=106.4942,=87.5540,=71.1913
2022-03-25,=9791.8961,=10541.7279,=1786482160486.9600,=1528087098186,=1004455978597.3199,=55.6200,=0.0063,=106.4942,=87.5647,=71.3867
2022-03-24,=9904.2071,=10662.6393,=1809801578533.9600,=1547249233968,=1016211894681.5798,=55.7364,=0.0063,=106.4942,=87.5755,=71.4808
2022-03-23,=10153.5446,=10931.0703,=1855448343994.7400,=1584432847595,=1042113946213.8400,=58.2630,=0.0334,=106.4942,=87.5828,=71.5543
2022-03-22,=10153.5533,=10931.0796,=1857034518663.7305,=1585923588713,=1042400764363.8800,=57.6145,=0.0271,=106.4942,=87.5902,=71.6878
2022-03-21,=10344.6156,=11136.7728,=1892199056714.7200,=1616398554292,=1059576682336.0802,=58.8891,=0.0383,=106.6470,=87.7138,=71.6878
2022-03-18,=10233.8263,=11017.4997,=1870870513978.4500,=1598192575313,=1048425770357.7698,=58.4535,=0.0319,=106.6470,=87.8374,=71.8127
2022-03-17,=10340.1594,=11131.9755,=1889050549339.9800,=1612878100323,=1059228003854.1602,=58.9873,=0.0368,=106.6470,=87.8819,=71.8216
2022-03-16,=10200.5131,=10981.6355,=1866241825644.5503,=1594138535527,=1044484126861.8400,=58.0581,=0.0304,=106.6470,=87.9265,=71.8679
2022-03-15,=9674.0885,=10414.8990,=1767287434984.0002,=1509580187953,=989792729391.5800,=54.9227,=0.0048,=106.6470,=87.9304,=71.9058
2022-03-14,=10011.4950,=10778.1430,=1823910598535.5305,=1560296527306,=1024672980179.0800,=56.0173,=0.0064,=106.6521,=87.9344,=71.9058
2022-03-11,=10358.1476,=11151.3411,=1890413161066.3604,=1615545421681,=1061025647294.0198,=57.5680,=0.0209,=106.6521,=87.9439,=71.9228
2022-03-10,=10361.7297,=11155.1975,=1893142032011.2900,=1616841975302,=1061795059086.8900,=58.7551,=0.0290,=106.6521,=87.9534,=72.0192
2022-03-09,=10238.4296,=11022.4554,=1871103417184.7104,=1595800415598,=1049027452641.4000,=56.9333,=0.0145,=106.6521,=87.9618,=72.0682
2022-03-08,=10147.0776,=10924.1079,=1852569730103.3799,=1580391695114,=1039674004040.6304,=56.2849,=0.0113,=106.6521,=87.9702,=72.1000
2022-03-07,=10167.5425,=10946.1399,=1853520413549.6699,=1578390409178,=1041439923822.7900,=56.0271,=0.0065,=106.6762,=87.9707,=72.1000
2022-03-04,=10585.4965,=11396.0995,=1932712798917.8096,=1644387810857,=1084515124011.0100,=58.6533,=0.0227,=106.6762,=87.9713,=72.1209
2022-03-03,=10504.2255,=11308.6050,=1918096108087.6201,=1632756786961,=1076386489944.0400,=58.5487,=0.0211,=106.6762,=88.0367,=72.1295
2022-03-02,=10751.5433,=11574.8616,=1964523208058.1299,=1671687604518,=1101869629506.3501,=60.2885,=0.0277,=106.6762,=88.1021,=72.1968
2022-03-01,=10919.7939,=11755.9963,=1997044151507.2400,=1698324437808,=1119419208438.6001,=61.2961,=0.0392,=106.6762,=88.1625,=72.2418
2022-02-28,=10895.9059,=11730.2791,=1992424844363.4800,=1694310625155,=1116963535383.8899,=61.4870,=0.0392,=106.6809,=88.2228,=72.2418
2022-02-25,=10839.9899,=11670.0812,=1982821515789.2500,=1685034876905,=1111240899884.4299,=61.2371,=0.0360,=106.6809,=88.2896,=72.3187
2022-02-24,=10719.4648,=11540.3267,=1959474209125.2295,=1666422102318,=1099101633453.7400,=60.5251,=0.0295,=106.6809,=88.3565,=72.3882
2022-02-23,=10812.0461,=11639.9976,=1976008338138.3601,=1680047202650,=1108227086799.7500,=60.6485,=0.0296,=106.6809,=88.3983,=72.4123
2022-02-22,=10233.4489,=11017.0933,=1867261788256.9500,=1590903233219,=1049156024012.8199,=57.3825,=0.0148,=106.6809,=88.4402,=72.4763
2022-02-21,=10170.8989,=10949.7534,=1853717479973.5000,=1578734579949,=1042489309151.1996,=56.9904,=0.0115,=106.7271,=88.5174,=72.4763
2022-02-18,=10178.1199,=10957.5274,=1858075788056.1499,=1579336098952,=1043585076714.2900,=57.8784,=0.0165,=106.7271,=88.5946,=72.4978
2022-02-17,=10278.7328,=11065.8449,=1877857794351.4199,=1595710331710,=1054142480118.0198,=58.9992,=0.0165,=106.7271,=88.6190,=72.6021
2022-02-16,=10162.3520,=10940.5520,=1854548471933.7200,=1576586921792,=1042061720852.9502,=57.0403,=0.0116,=106.7271,=88.6433,=72.6215
2022-02-15,=10222.1037,=11004.8793,=1865882735219.6497,=1586097248127,=1048307511762.8700,=56.9315,=0.0100,=106.7271,=88.6675,=72.6354
2022-02-14,=9844.7726,=10598.6534,=1795889967035.4204,=1525824170439,=1008872097910.5702,=53.6015,=0,=106.8873,=88.6916,=72.6354
2022-02-11,=9945.3113,=10706.8911,=1810337681404.8696,=1536744736455,=1018697958763.4900,=53.7261,=0,=106.8873,=88.7024,=72.6583
2022-02-10,=10136.2961,=10912.5009,=1845492337589.6201,=1568584615212,=1038448096667.8199,=54.8136,=0,=106.8873,=88.7132,=72.6866
2022-02-09,=10098.2508,=10871.5422,=1840234139573.1299,=1563022477124,=1034474263051.4200,=56.0488,=0.0017,=106.8873,=88.7250,=72.7078
2022-02-08,=10021.7699,=10789.2047,=1828674243991.2600,=1552465307343,=1027250842239.7200,=56.0740,=0.0017,=106.8873,=88.7368,=72.7078
2022-02-07,=10328.7552,=11119.6979,=1888875440896.0703,=1603083788196,=1059043069172.4602,=57.7023,=0.0034,=106.9451,=88.7802,=72.7078
2022-01-28,=10227.3086,=11010.4829,=1873075093511.8999,=1590098592935,=1049681053738.5900,=55.8477,=0,=106.9451,=88.8236,=72.8076
2022-01-27,=10417.8794,=11215.6470,=1909773137220.5396,=1620669036747,=1069659629916.8900,=57.5891,=0,=106.9451,=88.8905,=72.8144
2022-01-26,=10803.9251,=11631.2548,=1982185223467.0503,=1681900029911,=1109714820073.7400,=60.1593,=0.0034,=106.9451,=88.9573,=72.8202
2022-01-25,=10683.0516,=11501.1252,=1958599576063.5200,=1662576409391,=1097813876414.1500,=59.8013,=0,=106.9451,=88.9704,=72.8806
2022-01-24,=10941.3452,=11779.1981,=2007191738741.3501,=1702649067887,=1124581731334.9602,=61.5363,=0.0084,=106.9451,=88.9834,=72.8806
2022-01-21,=10747.9626,=11571.0069,=1971697753343.4504,=1672671738381,=1104508708034.3501,=60.3489,=0.0017,=106.9451,=88.9889,=72.8932
2022-01-20,=10954.1591,=11792.9932,=2010393898424.8201,=1706465282553,=1126046607910.2200,=61.8653,=0.0119,=106.9451,=88.9944,=73.0754
2022-01-19,=11052.5076,=11898.8729,=2028037161552.5601,=1721316723791,=1135573595507.1499,=61.8255,=0.0102,=106.9451,=89.1189,=73.0829
2022-01-18,=11236.5738,=12097.0343,=2062954049485.7795,=1749652207253,=1154461205376.5801,=63.3465,=0.0238,=106.9451,=89.2434,=73.1322
2022-01-17,=11159.3011,=12013.8443,=2045908383463.9204,=1735676879476,=1145920762393.0498,=63.3907,=0.0256,=106.9571,=89.4480,=73.1322
2022-01-14,=10913.7105,=11749.4472,=1997903531300.8401,=1694241555187,=1119975941462.5698,=62.0996,=0.0137,=106.9571,=89.6526,=73.1432
2022-01-13,=10738.5008,=11560.8205,=1962886882620.5400,=1664524019196,=1101080711370.3101,=60.8427,=0.0017,=106.9571,=89.6739,=73.1558
2022-01-12,=10907.5938,=11742.8621,=1996662356102.7705,=1692736887804,=1118604932963.7200,=61.7846,=0.0068,=106.9571,=89.6952,=73.3019
2022-01-11,=10675.3843,=11492.8707,=1954518764690.3000,=1653589786896,=1094835111652.4398,=61.8800,=0.0069,=106.9571,=89.7012,=73.3384
2022-01-10,=10887.0096,=11720.7016,=1997648035711.8601,=1689218311613,=1116985614571.7200,=62.5050,=0.0120,=107.1617,=89.7071,=73.3384
2022-01-07,=11015.5640,=11859.1003,=2021773536110.9104,=1709933668495,=1130051303525.6797,=62.8427,=0.0120,=107.1617,=89.7639,=73.3719
2022-01-06,=11190.4382,=12047.3658,=2054063878170.6101,=1737183801041,=1147768331778.5598,=64.4226,=0.0190,=107.1617,=89.8207,=73.4010
2022-01-05,=11252.9339,=12114.6472,=2068587650607.0896,=1748997043133,=1154678668861.1101,=63.4386,=0.0155,=107.1617,=89.8210,=73.4491
2022-01-04,=11796.8753,=12700.2419,=2169721341968.5901,=1834251395456,=1211774782352.0701,=67.2784,=0.0502,=107.1617,=89.8212,=73.4894
2021-12-31,=11984.3110,=12902.0309,=2211161650167.7197,=1868283640206,=1230784995603.6799,=66.7146,=0.0416,=107.3116,=89.8458,=73.4894
2021-12-30,=12010.2127,=12929.9161,=2215110885031.1694,=1868660226663,=1233558592346.1299,=66.6199,=0.0399,=107.3116,=89.8705,=73.5034
2021-12-29,=11693.2215,=12588.6507,=2160281494640.7200,=1820985074817,=1201306252220.8201,=64.6343,=0.0191,=107.3116,=89.9499,=73.5249
2021-12-28,=11901.7813,=12813.1814,=2198527103297.4199,=1851451577177,=1222893399402.2600,=65.6313,=0.0244,=107.3116,=90.0294,=73.5384
2021-12-27,=11817.5920,=12722.5451,=2185679986132.0095,=1832589805451,=1214929104182.3003,=65.1503,=0.0227,=107.3116,=90.1970,=73.5409
2021-12-24,=11915.0902,=12827.5094,=2201762282387.1001,=1845877291114,=1224268148298.6201,=65.7522,=0.0227,=107.4511,=90.3646,=73.5409
2021-12-23,=11928.1854,=12841.6074,=2205734417275.3896,=1849707949276,=1225378199364.7100,=66.7781,=0.0333,=107.4511,=90.3887,=73.5444
2021-12-22,=11918.5043,=12831.1849,=2203111603752.3198,=1848520873339,=1223940392725.6499,=66.8839,=0.0351,=107.4511,=90.4129,=73.6102
2021-12-21,=11753.9535,=12654.0334,=2170289084733.1499,=1819189480895,=1205737632606.0801,=66.1108,=0.0264,=107.4511,=90.5142,=73.6163
2021-12-20,=11649.6643,=12541.7581,=2151515807412.9705,=1803417243249,=1195140342361.0500,=65.9431,=0.0229,=107.4511,=90.6156,=73.7226
2021-12-17,=11855.7099,=12763.5820,=2189268566675.5601,=1834737250256,=1216340419413.0500,=66.8242,=0.0300,=107.5266,=90.6353,=73.7226
2021-12-16,=12240.1649,=13177.4773,=2263106974910.1797,=1898136602474,=1256339604457.1299,=69.1230,=0.0530,=107.5266,=90.6551,=73.7395
2021-12-15,=12272.2141,=13211.9808,=2268127861646.2100,=1900092117320,=1259357732267.2700,=68.6138,=0.0442,=107.5266,=90.7065,=73.7838
2021-12-14,=12422.1628,=13373.4121,=2296827891271.1099,=1924058298485,=1274702583743.0205,=70.6063,=0.0816,=107.5266,=90.7579,=73.8634
2021-12-13,=12425.0770,=13376.5495,=2297319101435.2300,=1924999381551,=1275053458214.6899,=71.1913,=0.1012,=107.5266,=90.7761,=73.8758
2021-12-10,=12359.8795,=13306.3594,=2269928628819.5400,=1899865955445,=1261325606438.8098,=75.6716,=0.2367,=107.7514,=90.7943,=73.8758
2021-12-09,=12466.1371,=13420.7538,=2287343824901.3198,=1915767638358,=1271808943284.8899,=76.4802,=0.2389,=107.7514,=90.8214,=73.8758
2021-12-08,=12379.4644,=13327.4440,=2272403517298.8301,=1902479346507,=1264147663074.9795,=75.4752,=0.2339,=107.7514,=90.8486,=73.8758
2021-12-07,=12065.4384,=12989.3709,=2209352924295.4102,=1850412975600,=1230037685451.9700,=73.4491,=0.1771,=107.7514,=90.9224,=73.8758
2021-12-06,=12321.7657,=13265.3270,=2258667707842.3989,=1889322931223,=1255080280896.3799,=75.0582,=0.2240,=107.7514,=90.9961,=73.9204
2021-12-03,=12588.9627,=13552.9850,=2311597840174.1411,=1930981838349,=1284041940571.1001,=77.5086,=0.2460,=107.9188,=91.0178,=73.8758
2021-12-02,=12340.5674,=13285.5684,=2262123106867.8301,=1890184332830,=1255856186755.8604,=74.7522,=0.2212,=107.9188,=91.0394,=73.8758
2021-12-01,=12304.4151,=13246.6477,=2249248153465.8999,=1877886163342,=1247533893709.2195,=75.2884,=0.2270,=107.9188,=91.0961,=73.8758
2021-11-30,=12352.4412,=13298.3514,=2264619696992.3701,=1890382792334,=1253514052827.4600,=73.5384,=0.1841,=107.9188,=91.1527,=73.8758
2021-11-29,=12189.3178,=13122.7366,=2241511060768.5103,=1867031370344,=1239337856068.4800,=73.5249,=0.1826,=107.9188,=91.2116,=73.9204
2021-11-26,=12126.4700,=13055.0761,=2225690448235.7002,=1856838101203,=1232230777582.7798,=72.4978,=0.1395,=107.9888,=91.2705,=73.9204
2021-11-25,=12392.3998,=13341.3700,=2278430462584.7202,=1898520185531,=1259828025080.3899,=72.6021,=0.1397,=107.9888,=91.3121,=74.1059
2021-11-24,=12316.4951,=13259.6528,=2268820329174.8604,=1891631213449,=1252509675226.7400,=73.0754,=0.1600,=107.9888,=91.3536,=74.1916
2021-11-23,=12422.7750,=13374.0713,=2284125784906.6602,=1906805223956,=1262432462867.1602,=72.6583,=0.1439,=107.9888,=91.3779,=74.3431
2021-11-22,=12563.3617,=13525.4237,=2306690218779.8999,=1928138705998,=1274332875978.0198,=72.6215,=0.1405,=107.9888,=91.4021,=74.3973
2021-11-19,=12027.8663,=12948.9218,=2204414075410.2305,=1844295673686,=1219310876445.6101,=69.4802,=0.0622,=108.0449,=91.4600,=74.3973
2021-11-18,=11970.6347,=12887.3076,=2193366200747.0305,=1835501645149,=1213335301282.1797,=68.5059,=0.0403,=108.0449,=91.5180,=74.3973
2021-11-17,=12113.4097,=13041.0158,=2217625064088.5698,=1858431391828,=1226909419173.9399,=69.5335,=0.0606,=108.0449,=91.6398,=74.4405
2021-11-16,=12068.1142,=12992.2517,=2209153274711.9199,=1852347110783,=1223022521843.5198,=70.1683,=0.0662,=108.0449,=91.7615,=74.4770
2021-11-15,=12250.4721,=13188.5740,=2239916466975.8403,=1882186629906,=1241693684362.1899,=71.1849,=0.0958,=108.0449,=91.8615,=74.6423
2021-11-12,=12505.3167,=13462.9338,=2290652414172.7803,=1923816609020,=1266592819700.2100,=74.3973,=0.1919,=108.3756,=91.9615,=74.6423
2021-11-11,=12540.6930,=13501.0191,=2293827291110.1099,=1930372397102,=1270459752936.9004,=73.6163,=0.1738,=108.3756,=92.0904,=74.6855
2021-11-10,=12271.2572,=13210.9507,=2237536705071.7197,=1886860202711,=1244858226589.4099,=72.1209,=0.1185,=108.3756,=92.2194,=74.6941
2021-11-09,=12257.6886,=13196.3431,=2233604342339.5498,=1882767216255,=1243581123689.4900,=70.8737,=0.0909,=108.3756,=92.3014,=74.8050
2021-11-08,=12005.3236,=12924.6528,=2180398078266.6101,=1844616982932,=1218799802032.4197,=70.6147,=0.0781,=108.3756,=92.3833,=75.0603
2021-11-05,=12173.5036,=13105.7115,=2210045561597.4199,=1867799642792,=1236276240390.0398,=70.4826,=0.0726,=108.3803,=92.5380,=75.0603
2021-11-04,=12156.8753,=13087.8099,=2193528213603.3601,=1863655386287,=1233508403400.3601,=69.5354,=0.0616,=108.3803,=92.6926,=75.2189
2021-11-03,=11966.4522,=12882.8049,=2153645687366.6897,=1837368230814,=1215673963011.3999,=69.2686,=0.0561,=108.3803,=92.7994,=75.4366
2021-11-02,=12076.8160,=13001.6200,=2170576028957.5100,=1853373854456,=1225852561237.6997,=69.0732,=0.0506,=108.3803,=92.9062,=75.5359
2021-11-01,=11816.3383,=12721.1957,=2116365660731.3704,=1807862919698,=1197598671041.0398,=68.0855,=0.0356,=108.3803,=93.0890,=76.4251
2021-10-29,=11739.0267,=12637.9638,=2094729195958.2400,=1793848840274,=1176609352931.7395,=69.1601,=0.0489,=108.4479,=93.2718,=76.4251
2021-10-28,=11470.5018,=12348.8761,=2052726856323.2000,=1755797739940,=1149101788807.7800,=67.9597,=0.0339,=108.4479,=93.3535,=76.6433
2021-10-27,=11480.3334,=12359.4606,=2051318132920.0200,=1753305104384,=1142985065964.6799,=71.8216,=0.0906,=108.4479,=93.4353,=76.9627
2021-10-26,=11557.4644,=12442.4981,=2066615574331.1096,=1760299066496,=1150849047148.4900,=68.5990,=0.0378,=108.4479,=93.4727,=77.0392
2021-10-25,=11560.9809,=12446.2839,=2063586422472.4597,=1758949521745,=1145601312690.6201,=73.1558,=0.1364,=108.4479,=93.5100,=77.1501
2021-10-22,=11439.3247,=12315.3117,=2041939160252.5601,=1740101740936,=1109794381635.0300,=71.9058,=0.0911,=108.7240,=93.6522,=77.1501
2021-10-21,=11162.0774,=12016.8336,=1989304903401.8003,=1696857567646,=1079964931018.2800,=70.7764,=0.0703,=108.7240,=93.7944,=77.1793
2021-10-20,=11379.2354,=12250.6209,=2027636167114.3301,=1728946868191,=1099732444509.0596,=72.4763,=0.1086,=108.7240,=93.8463,=77.2603
2021-10-19,=11396.5092,=12269.2175,=2030763125039.2295,=1731699358572,=1101432517130.9600,=71.5543,=0.0821,=108.7240,=93.8983,=77.5224
2021-10-18,=11357.9449,=12227.7001,=2023951962987.7900,=1727005288660,=1096366820873.2500,=70.9916,=0.0765,=108.7240,=93.9063,=77.5571
2021-10-15,=11489.7922,=12369.6439,=2041033310239.6101,=1747136483833,=1108882215726.0298,=70.8520,=0.0728,=108.7575,=93.9143,=77.5571
2021-10-14,=11119.1999,=11970.6728,=1975104381549.6799,=1692531025340,=1074435172802.7700,=70.7266,=0.0672,=108.7575,=93.9504,=78.0581
2021-10-13,=11051.8385,=11898.1531,=1965105351414.4399,=1680257660250,=1066793230948,=68.6014,=0.0385,=108.7575,=93.9865,=78.0828
2021-10-12,=10747.9074,=11570.9480,=1912293320818.6904,=1631758525883,=1035567211395.2004,=66.4594,=0.0308,=108.7575,=94.0212,=78.1139
2021-10-11,=11100.6140,=11950.6637,=1973648074827.6196,=1683849196623,=1069777237673.2600,=68.4113,=0.0347,=108.7575,=94.0558,=78.3164
2021-10-08,=11189.5432,=12046.4028,=1989146146200.3303,=1694246925742,=1078059111049.2700,=69.0054,=0.0368,=109.1012,=94.1822,=78.3164
2021-09-30,=11238.4781,=12099.0850,=2003413740830.2000,=1703279222677,=1083871658681.8700,=69.2455,=0.0388,=109.1012,=94.3086,=78.7387
2021-09-29,=11150.7830,=12004.6745,=1983464623388.5601,=1688263951541,=1076005859003.8300,=69.0584,=0.0369,=109.1012,=94.3447,=79.2510
2021-09-28,=11438.0935,=12313.9863,=2032437694750.3401,=1731943090674,=1102711395037.5801,=70.6847,=0.0545,=109.1012,=94.3808,=79.8987
2021-09-27,=11441.6203,=12317.7832,=2037443682479.9399,=1736142715654,=1103861296810.7500,=72.3882,=0.0858,=109.1012,=94.3998,=79.9317
2021-09-24,=11467.3503,=12345.4835,=2037678396446.8804,=1736896600754,=1104325391633.6699,=72.4123,=0.0859,=109.1999,=94.4188,=79.9317
2021-09-23,=11534.5917,=12417.8741,=2053326351473.4199,=1749770206062,=1111642480523.8101,=71.8127,=0.0665,=109.1999,=94.4661,=79.9986
2021-09-22,=11321.8465,=12188.8375,=2014070873166.2100,=1717781664457,=1091164406510.1602,=72.1000,=0.0745,=109.1999,=94.5134,=80.1906
2021-09-17,=11198.9519,=12056.5321,=1994394270750.2295,=1697652077463,=1080166328877.2700,=70.5776,=0.0511,=109.1999,=94.5300,=80.2055
2021-09-16,=11138.1919,=11991.1192,=1978576843261.8804,=1683679685652,=1072126231734.4900,=72.1295,=0.0728,=109.1999,=94.5467,=80.3290
2021-09-15,=11545.8393,=12429.9830,=2044852107731.5500,=1743357612503,=1110508820478.7800,=75.4366,=0.1558,=109.3566,=94.5786,=80.3290
2021-09-14,=11596.1237,=12484.1181,=2056043916576.2900,=1750082514478,=1115638828004.9102,=73.3384,=0.1047,=109.3566,=94.6105,=80.3588
2021-09-13,=11553.5498,=12438.2841,=2046199618499.2800,=1744104509163,=1112585563514.0598,=73.3719,=0.1050,=109.3566,=94.6406,=80.5126
2021-09-10,=12034.0405,=12955.5692,=2134296683712.9800,=1787726984560,=1157373858480.4900,=76.6433,=0.1567,=109.3566,=94.6706,=80.5370
2021-09-09,=11555.9262,=12440.8425,=2045399494804.4805,=1716608770683,=1113767269295.7605,=73.4894,=0.1074,=109.3566,=94.7272,=80.7292
2021-09-08,=11614.1040,=12503.4753,=2054568769213.7900,=1724866483638,=1118458619318.1799,=73.7226,=0.1155,=109.6104,=94.7837,=80.7292
2021-09-07,=11753.6572,=12653.7150,=2076330286155.8000,=1744784860876,=1131862175974.4199,=73.4010,=0.1058,=109.6104,=94.8180,=80.9810
2021-09-06,=11724.2037,=12622.0061,=2073425450835.3096,=1739951424291,=1128197701960.1399,=73.1322,=0.1000,=109.6104,=94.8522,=81.0266
2021-09-03,=11499.5733,=12380.1742,=2029890408174.7104,=1704690434633,=1105965837422.6399,=72.6866,=0.0822,=109.6104,=94.8554,=81.0907
2021-09-02,=11585.3766,=12472.5480,=2044644674048.3296,=1717762587244,=1115665461452.5400,=73.5444,=0.1064,=109.6104,=94.8585,=81.1201
2021-09-01,=11931.3766,=12845.0436,=2113598859847.1299,=1771419069901,=1150442663291.0398,=76.4251,=0.1449,=109.7225,=94.9290,=81.1201
2021-08-31,=12068.2385,=12992.3860,=2127156811154.9800,=1789460842533,=1160346313373.6899,=77.5224,=0.1552,=109.7225,=94.9995,=81.2865
2021-08-30,=12416.9289,=13367.7780,=2195705067468.9397,=1833874319323,=1188805449931.1799,=80.7292,=0.1879,=109.7225,=95.2327,=81.3519
2021-08-27,=12516.9426,=13475.4504,=2217292697110.5801,=1849092854517,=1193843731801.1130,=78.1139,=0.1619,=109.7225,=95.4660,=81.4554
2021-08-26,=12387.5152,=13336.1118,=2190655906162.1396,=1826501200339,=1177782125520.3037,=81.9777,=0.2069,=109.7225,=95.4735,=81.4716
2021-08-25,=12638.5495,=13606.3696,=2233656770772.8105,=1859970698025,=1200654213403.5415,=83.3176,=0.2358,=109.8757,=95.4810,=81.4554
2021-08-24,=12693.9240,=13665.9845,=2247719553654.5498,=1869694814004,=1207291038331.7957,=82.3545,=0.2159,=109.8757,=95.5276,=81.4554
2021-08-23,=12484.5627,=13440.5909,=2214642692659.8301,=1846919098479,=1187901102030.6443,=88.9573,=0.3939,=109.8757,=95.5742,=81.4554
2021-08-20,=12125.4814,=13054.0123,=2147620701876.7200,=1787693365198,=1151420978362.7710,=87.9265,=0.3640,=109.8757,=95.5848,=81.4554
2021-08-19,=12010.2001,=12929.9031,=2131263497678.8601,=1772421206354,=1141898078551.9585,=96.4475,=0.5246,=109.8757,=95.5953,=81.4554
2021-08-18,=11730.3000,=12628.5691,=2081165794573.1304,=1730317561452,=1116015927884.7622,=93.4353,=0.4579,=109.9487,=95.5848,=81.3519
2021-08-17,=11713.7722,=12610.7757,=2077167371094.3899,=1728067905428,=1114425894885.8440,=92.3833,=0.4506,=109.9487,=95.5953,=81.3519
2021-08-16,=12226.9795,=13163.2828,=2167017936142.5105,=1803340731988,=1162108314849.0286,=96.4944,=0.5278,=109.9487,=95.5985,=81.3519
2021-08-13,=12147.5195,=13077.7380,=2152594998880.8101,=1789661888228,=1155410355070.2371,=94.8585,=0.4897,=109.9487,=95.5953,=81.3519
2021-08-12,=12667.2172,=13637.2325,=2243165900821.6694,=1864734138624,=1204137594415.6182,=98.1771,=0.5507,=109.9487,=95.5985,=81.3519
2021-08-11,=12610.4327,=13576.0996,=2230868095362.2598,=1855601618147,=1198825036910.1963,=95.5742,=0.4979,=109.9975,=95.5953,=81.2865
2021-08-10,=12555.5739,=13517.0399,=2221461244747.6699,=1847784914612,=1193884468060.3210,=94.8522,=0.4906,=109.9975,=95.5985,=81.2865
2021-08-09,=12629.2849,=13596.3954,=2241333804250.1904,=1863950075588,=1203153709576.9563,=94.3086,=0.4750,=109.9975,=95.6016,=81.2865
2021-08-06,=12993.9993,=13989.0385,=2311337036540.9297,=1918011234320,=1240612329329.3904,=96.4407,=0.5198,=109.9975,=95.6260,=81.2865
2021-08-05,=13096.2246,=14099.0919,=2334682939173.5200,=1935587194294,=1252493290663.3103,=100.3060,=0.5941,=109.9975,=95.6016,=81.2865
2021-08-04,=13131.0338,=14136.5667,=2340567328159.5400,=1942255731243,=1253526033367.0696,=96.8163,=0.5283,=110.0320,=95.5985,=81.1201
2021-08-03,=12489.3026,=13445.6938,=2221463478876.2402,=1843376358969,=1191993167390.1384,=94.5467,=0.4853,=110.0320,=95.5953,=81.1201
2021-08-02,=13246.0952,=14260.4391,=2355242499368.7197,=1951789643658,=1260357304861.0305,=98.4190,=0.5495,=110.0320,=95.5985,=81.1201
2021-07-30,=13570.6291,=14609.8248,=2416621002773.4897,=1998310753598,=1289867241865.1829,=102.6585,=0.6435,=110.0320,=95.5953,=81.1201
2021-07-29,=13245.9377,=14260.2695,=2364012971249.1001,=1951605875745,=1261318281382.0393,=103.3994,=0.6702,=110.0320,=95.5382,=81.1201
2021-07-28,=12337.5562,=13282.3271,=2206087979851.0400,=1819084398686,=1175693286766.8047,=97.3539,=0.5403,=110.1417,=95.4810,=81.0907
2021-07-27,=12491.4957,=13448.0548,=2234948807118.8701,=1829507996935,=1190258069103.6980,=99.0427,=0.5605,=110.1417,=95.4735,=81.0907
2021-07-26,=12503.0428,=13460.4862,=2228280587907.0098,=1827864066686,=1189105468268.2109,=100.9685,=0.6085,=110.1417,=95.4660,=81.0907
2021-07-23,=12356.8265,=13303.0731,=2212387295299.2100,=1813430595064,=1179449279388.3792,=99.0403,=0.5608,=110.1417,=95.2327,=81.0907
2021-07-22,=12351.2951,=13297.1181,=2210833351918.2603,=1813752866021,=1180362151060.1548,=99.6784,=0.5769,=110.1417,=94.9995,=81.0907
2021-07-21,=12053.4296,=12976.4430,=2159694267197.5801,=1770515913933,=1155975896505.5637,=99.9004,=0.5846,=110.1802,=94.8916,=81.0266
2021-07-20,=11570.8988,=12456.9615,=2067300816180.4304,=1698978063162,=1111824051043.0166,=95.6016,=0.5107,=110.1802,=94.7837,=81.0266
2021-07-19,=11310.0326,=12176.1190,=2017732823696.1001,=1663148323857,=1088730430838.8676,=95.8641,=0.5140,=110.1802,=94.7272,=81.0266
2021-07-16,=11314.5010,=12180.9296,=2011966161243.4099,=1663489592927,=1087644223884.9568,=93.9143,=0.4849,=110.1802,=94.6706,=81.0266
2021-07-15,=11510.0445,=12390.3860,=2047753379541.6799,=1692020732912,=1107205050483.2627,=95.9386,=0.5140,=110.1802,=94.7272,=81.0266
2021-07-14,=11378.7607,=12249.0610,=2029620264006.2800,=1671224699784,=1095269047163.6324,=92.6926,=0.4740,=110.4148,=94.6706,=80.9810
2021-07-13,=11513.2287,=12392.6156,=2050645613139.5200,=1693814091680,=1108537093997.1831,=94.6105,=0.4967,=110.4148,=94.7272,=80.9810
2021-07-12,=12105.7133,=13030.3545,=2151804652386.7900,=1773783088317,=1164704008229.9221,=95.9885,=0.5130,=110.4148,=94.7837,=80.9810
2021-07-09,=11886.7174,=12794.6316,=2106111360343.0801,=1737466904026,=1143562562917.5481,=93.7944,=0.4837,=110.4148,=94.7272,=80.9810
2021-07-08,=12071.7184,=12993.4816,=2140686333217.4504,=1761349016642,=1161324677882.2256,=95.4810,=0.5066,=110.4148,=94.7837,=80.9810
2021-07-07,=11723.6335,=12618.8179,=2075341124992.7705,=1710846865047,=1128534910881.1389,=89.8212,=0.4354,=110.7419,=94.7272,=80.5370
2021-07-06,=11388.3305,=12256.9916,=2019011782486.2300,=1661628567182,=1096145842199.4960,=88.9944,=0.4232,=110.7419,=94.7837,=80.5370
2021-07-05,=11629.7025,=12516.7746,=2060232798312.7300,=1694067366780,=1119994337899.3574,=90.9961,=0.4549,=110.7419,=94.8916,=80.5370
2021-07-02,=11157.5223,=12004.5283,=1975688315783.7705,=1623463959764,=1074245962892.5338,=86.2166,=0.3502,=110.7419,=94.9995,=80.5370
2021-07-01,=11342.6726,=12203.7340,=2011526519915.6299,=1650245026830,=1093932302615.9496,=86.3470,=0.3576,=110.7419,=95.2327,=80.5370
2021-06-30,=11624.6445,=12507.1113,=2061333746060.9399,=1691036440164,=1118708912479.7068,=87.2486,=0.3717,=110.7523,=95.4660,=80.5126
2021-06-29,=11088.6960,=11929.3211,=1966700736871.0500,=1612584269495,=1065646733459.9626,=83.6760,=0.2639,=110.7523,=95.5307,=80.5126
2021-06-28,=11206.6454,=12056.2121,=1981852235899.9600,=1625259339071,=1074765770328.8148,=86.6444,=0.3622,=110.7523,=95.5953,=80.5126
2021-06-25,=11014.9061,=11849.9372,=1949061817300.1497,=1601388317355,=1057132052750.2437,=84.1544,=0.2829,=110.7523,=95.6229,=80.5126
2021-06-24,=10876.3806,=11700.9102,=1924093407818.8601,=1579982702486,=1043024488450.5270,=84.8413,=0.3058,=110.7523,=95.6504,=80.5126
2021-06-23,=11051.7027,=11889.5233,=1957771774656.2495,=1606307502998,=1059637720277.2556,=86.0252,=0.3356,=110.8156,=95.8716,=80.3588
2021-06-22,=10550.7064,=11350.2952,=1869426459294.9905,=1530007491038,=1009877933331.3510,=81.3519,=0.2175,=110.8156,=96.0927,=80.3588
2021-06-21,=10570.5329,=11368.1337,=1874119040397.3997,=1531317749041,=1010520446963.5562,=83.0782,=0.2517,=110.8156,=96.1741,=80.3588
2021-06-18,=10513.1958,=11306.4702,=1868511595739,=1524519522335,=1006895998554.6604,=79.8987,=0.1869,=110.8156,=96.2554,=80.3588
2021-06-17,=10435.2717,=11221.4403,=1864935294052.1101,=1519910528875,=1004174498704.2244,=80.9810,=0.2054,=110.8156,=96.2780,=80.5126
2021-06-16,=9646.8785,=10373.6514,=1725786230950.5898,=1407244298835,=929490165815.8912,=73.6102,=0.1199,=111.1399,=96.3007,=80.3588
2021-06-15,=9963.2100,=10713.6402,=1783238985110.5601,=1457289134320,=962318238033.4260,=77.0392,=0.1633,=111.1399,=96.3204,=80.5126
2021-06-11,=9829.7938,=10569.6237,=1710455050689.4202,=1419104302506,=944762811244.9893,=74.8050,=0.1523,=111.1399,=96.3401,=80.5370
2021-06-10,=10001.4300,=10752.9814,=1736152992895.7805,=1444190140339,=958505012281.3834,=73.8758,=0.1276,=111.1399,=96.3616,=81.0266
2021-06-09,=9868.8644,=10610.4543,=1707473340644.3198,=1422600461637,=944611736700.1852,=72.8144,=0.1005,=111.1399,=96.3832,=81.0907
2021-06-08,=9744.4749,=10476.7176,=1685054206527.6499,=1406249389958,=932248432153.0930,=73.1432,=0.1098,=111.2130,=96.4323,=81.0907
2021-06-07,=9805.3891,=10542.2092,=1694568897421.6399,=1415904060013,=938363426783.1132,=74.3431,=0.1307,=111.2130,=96.4813,=81.1201
2021-06-04,=9588.8874,=10309.4386,=1659106360923.3301,=1385890803139,=919022497937.0260,=73.5409,=0.1149,=111.2130,=96.4825,=81.2865
2021-06-03,=9381.3362,=10086.2911,=1620914946304.4800,=1355817732375,=899685477089.7876,=70.1314,=0.0507,=111.2130,=96.4836,=81.4554
2021-06-02,=9525.5036,=10241.2918,=1648071697771.8899,=1377954863247,=914333773339.5260,=71.3867,=0.0670,=111.2130,=96.5855,=81.4716
2021-06-01,=9640.4441,=10363.5711,=1668306643157.2805,=1394457480929,=925379182664.6132,=72.8806,=0.0995,=111.3976,=96.6873,=81.4716
2021-05-31,=9535.0786,=10250.1144,=1650099903037.4800,=1378439060450,=916371331229.8560,=70.4641,=0.0557,=111.3976,=96.8025,=81.5537
2021-05-28,=9303.2297,=10000.4627,=1608534735322.4800,=1343640311449,=892541739795.9359,=69.5743,=0.0488,=111.3976,=96.9176,=81.5879
2021-05-27,=9395.9611,=10099.3215,=1624260915437.0298,=1356638687316,=901946165732.0322,=70.9814,=0.0606,=111.3976,=97.0819,=82.2244
2021-05-26,=9013.6341,=9688.2337,=1555241764096.5105,=1299760739374,=867221205532.6602,=66.1638,=0.0350,=111.3976,=97.2461,=82.2294
2021-05-25,=9121.2093,=9803.8601,=1575239022742.7705,=1316569483277,=877886007887.1743,=67.0377,=0.0351,=111.6589,=97.2536,=82.2294
2021-05-24,=8831.9983,=9493.0040,=1524891073071.0002,=1276260923365,=848825685729.4857,=64.7392,=0.0258,=111.6589,=97.2611,=82.2695
2021-05-21,=8751.9501,=9406.1262,=1511750964638.7395,=1250437508506,=843031779764.9860,=64.8271,=0.0259,=111.6589,=97.2844,=82.3098
2021-05-20,=8840.7249,=9498.1039,=1527894585876.2498,=1263685391053,=851476806681.3298,=66.0562,=0.0259,=111.6589,=97.3078,=82.4752
2021-05-19,=8855.7676,=9514.0920,=1527798112342.6399,=1265608326829,=851157232380.0885,=66.1210,=0.0260,=111.6589,=97.3407,=82.6989
2021-05-18,=8724.4772,=9373.0417,=1506055289971.2400,=1248340476715,=838197277915.0547,=64.5343,=0.0237,=112.0970,=97.3735,=82.6989
2021-05-17,=8794.1591,=9447.9037,=1517421803625.5400,=1256364098791,=845233115697.5477,=64.1916,=0.0214,=112.0970,=97.7001,=82.7131
2021-05-14,=8694.0440,=9340.3462,=1496740730752.7295,=1241347476215,=835311039214.1426,=62.3864,=0.0119,=112.0970,=98.0268,=82.7302
2021-05-13,=8482.6620,=9113.2504,=1461119725017.9597,=1210380406310,=814897399411.4741,=61.2943,=0.0048,=112.0970,=98.0882,=82.9892
2021-05-12,=8549.6130,=9185.1784,=1472061837976.0400,=1219920328355,=821353812395.7405,=61.9541,=0.0072,=112.0970,=98.1496,=83.0304
2021-05-11,=8418.7419,=9044.5785,=1451624246165.2900,=1204076465047,=810006645092.8303,=61.5746,=0.0048,=112.1943,=98.1496,=83.0304
2021-05-10,=8344.4441,=8964.7575,=1438484889048.5500,=1191911808759,=802717388860.2933,=60.0491,=0,=112.1943,=98.1496,=83.0736
2021-05-07,=8527.4032,=9161.3175,=1467733643022.5901,=1216374435501,=818550202191.2272,=61.0265,=0,=112.1943,=98.2268,=83.2263
2021-05-06,=8943.6241,=9608.4796,=1542009273257.5100,=1277248430149,=860837657216.6178,=62.4834,=0,=112.1943,=98.3040,=83.3186
2021-04-30,=9068.9742,=9743.1481,=1565881241352.8799,=1293358179779,=874082124664.3424,=63.3645,=0.0024,=112.1943,=98.4136,=83.3781
2021-04-29,=9021.5406,=9691.0098,=1561033794190.3701,=1288612018761,=852895888469.0499,=63.3149,=0,=112.7149,=98.5233,=83.3781
2021-04-28,=8953.7504,=9618.1890,=1543968229259.4302,=1275508381668,=843443399572.0601,=72.1968,=0.0365,=112.7149,=98.5846,=83.4299
2021-04-27,=8774.3007,=9425.4227,=1513799576828.9800,=1250565146582,=813306642743.1401,=77.5571,=0.1098,=112.7149,=98.6460,=83.5378
2021-04-26,=8879.1356,=9538.0371,=1535390294825.5503,=1266745341366,=810538114346.8499,=78.7387,=0.1174,=112.7149,=98.6486,=83.7366
2021-04-23,=8855.3305,=9512.4654,=1528537230853.1101,=1265084552747,=809169834303.0901,=80.1906,=0.1250,=112.7149,=98.6512,=83.7369
2021-04-22,=8819.2154,=9473.6703,=1520955660101.9900,=1258154216385,=789340400695.0400,=81.5537,=0.1523,=112.8921,=98.8835,=83.7369
2021-04-21,=8726.3302,=9373.8922,=1503336883025.0200,=1245733848904,=779327504540.7600,=86.3081,=0.2857,=112.8921,=99.1158,=83.7704
2021-04-20,=8694.2698,=9339.4527,=1500168060543.6001,=1241517474698,=776598454576.0599,=84.9870,=0.2444,=112.8921,=99.1951,=83.7704
2021-04-19,=8788.6899,=9440.8796,=1518200274439.9402,=1254934560468,=784643805155.4701,=85.9443,=0.2649,=112.8921,=99.2745,=83.7704
2021-04-16,=8574.0128,=9210.2718,=1476799377604.0901,=1220254036275,=760712949646.4901,=84.3977,=0.2258,=112.8921,=99.3034,=83.7704
2021-04-15,=8621.6743,=9261.4702,=1482753737521.4900,=1224930041331,=754858116937.1600,=83.9321,=0.2114,=112.9546,=99.3324,=83.7369
2021-04-14,=8676.4669,=9320.3289,=1493291810264.3701,=1233744886811,=760013236925.0500,=83.4299,=0.1920,=112.9546,=99.3823,=83.7369
2021-04-13,=8641.1524,=9282.3938,=1489994109184.2700,=1230343315008,=757239205134.0701,=83.7704,=0.2000,=112.9546,=99.4323,=83.7704
2021-04-12,=8699.7943,=9345.3874,=1499338427313.6699,=1238557875930,=762518959988.5500,=83.5378,=0.1930,=112.9546,=99.4491,=83.7873
2021-04-09,=8854.7099,=9511.7990,=1522667645256.4502,=1261092674497,=775545838716.1400,=87.5902,=0.3015,=112.9546,=99.4659,=83.8775
2021-04-08,=8931.3334,=9594.1085,=1537439081247.3799,=1273624436076,=782067937225.0300,=87.5755,=0.2997,=113.2652,=99.4991,=83.7873
2021-04-07,=8955.4290,=9619.9922,=1538720309401.1802,=1275594873382,=783773027843.6200,=87.9534,=0.3056,=113.2652,=99.5323,=83.7873
2021-04-06,=8957.7941,=9622.5328,=1537880035414.8999,=1274461148781,=783374213873.4700,=88.6916,=0.3266,=113.2652,=99.5656,=83.7873
2021-04-02,=9014.4387,=9683.3809,=1548416267071.7900,=1284008207004,=787781883598.7299,=90.0294,=0.3528,=113.2652,=99.5989,=83.7873
2021-04-01,=8571.4459,=9207.5146,=1470633653701.2598,=1220970272536,=749093981762.7100,=86.1104,=0.2646,=113.2652,=99.6626,=83.7873
2021-03-31,=8234.8237,=8845.9124,=1411087571356.5500,=1172005715064,=719063928134.2600,=84.1546,=0.2117,=113.4560,=99.7264,=83.7369
2021-03-30,=8254.7112,=8867.2757,=1413499206905.8301,=1175711199271,=700496589907.0901,=88.5946,=0.3197,=113.4560,=99.7749,=83.7369
2021-03-29,=8237.7791,=8849.0871,=1409989288635.6304,=1172871093335,=699452191900.3801,=87.9713,=0.3077,=113.4560,=99.8234,=83.7369
2021-03-26,=8196.9142,=8805.1897,=1402921956239.6399,=1167786939243,=695786645690.7900,=85.5035,=0.2494,=113.4560,=99.8428,=83.7369
2021-03-25,=8036.3506,=8632.7110,=1374000977563.6399,=1145499561953,=682326106739.5499,=84.3073,=0.2191,=113.4560,=99.8622,=83.7369
2021-03-24,=7966.3863,=8557.5548,=1362449023448.2600,=1133817889927,=675910115967.9701,=83.2263,=0.1912,=113.5027,=99.9024,=83.7366
2021-03-23,=8154.3226,=8759.4375,=1396173363805.1001,=1162259504769,=692197679043.4200,=84.7495,=0.2254,=113.5027,=99.9426,=83.7369
2021-03-22,=8155.8894,=8761.1205,=1396375331939.3999,=1162961184499,=692330227102.9401,=85.7228,=0.2468,=113.5027,=99.9540,=83.7369
2021-03-19,=8137.5652,=8741.4365,=1394761414638.2600,=1160311046102,=690839893668.1801,=86.2467,=0.2630,=113.5027,=99.9654,=83.7369
2021-03-18,=8206.7352,=8815.7395,=1408620159789.9202,=1171706984813,=696488384937.7102,=86.0759,=0.2533,=113.5027,=100.0151,=83.7369
2021-03-17,=8198.6002,=8807.0008,=1408382365831.6399,=1169700076438,=695363933634.7600,=86.5067,=0.2644,=113.5040,=100.0648,=83.7366
2021-03-16,=7957.4590,=8547.9650,=1367101996189.8101,=1135790320978,=674848892001.8600,=87.9344,=0.2887,=113.5040,=100.1951,=83.7366
2021-03-15,=8007.8791,=8602.1267,=1375322919494.8999,=1144430397126,=679136361319.1599,=87.8374,=0.2868,=113.5040,=100.3254,=83.7366
2021-03-12,=8370.1103,=8991.2383,=1436088485098.7600,=1195276878972,=709891436512.3999,=93.8983,=0.3799,=113.5040,=100.3445,=83.7366
2021-03-11,=8505.3281,=9136.4903,=1458313864178.2700,=1214651942882,=721059725347.6600,=96.4813,=0.4233,=113.5040,=100.3637,=83.7366
2021-03-10,=8241.9104,=8853.5249,=1414031175080.3301,=1176181343615,=696399030523.9100,=94.0558,=0.3846,=113.6390,=100.4118,=83.3781
2021-03-09,=8234.0849,=8845.1187,=1413059893894.9299,=1176683374949,=696543898544.7999,=96.2554,=0.4122,=113.6390,=100.4599,=83.3781
2021-03-08,=8677.7707,=9321.7295,=1488479235389.9302,=1237908880450,=733160634875.2700,=100.4599,=0.4987,=113.6390,=100.5951,=83.3781
2021-03-05,=9076.6508,=9750.2097,=1554122778348.0901,=1293997021142,=766713311821.7799,=103.8726,=0.5909,=113.6390,=100.7302,=83.3781
2021-03-04,=9156.5710,=9836.0606,=1570030513149.9802,=1306321742147,=773600964583.0698,=102.7930,=0.5603,=113.6390,=100.5470,=83.3781
2021-03-03,=9493.4123,=10197.8981,=1629579428772.0898,=1358059202711,=802830209501.1500,=102.0008,=0.5349,=113.7606,=100.3637,=83.3186
2021-03-02,=9484.3850,=10188.2009,=1627677954643.6602,=1357921207255,=802498042370.4600,=100.7391,=0.5067,=113.7606,=100.3445,=83.3186
2021-03-01,=9384.8249,=10081.2527,=1607565924409.6902,=1342866992633,=794142846956.6100,=101.9266,=0.5297,=113.7606,=100.3254,=83.3186
2021-02-26,=9050.5252,=9722.1453,=1550927048651.6704,=1295019852367,=765481655379.7599,=96.3832,=0.4255,=113.7606,=100.1951,=83.3186
2021-02-25,=9185.0626,=9866.6665,=1576130188298.3601,=1316735109844,=777060718469.4100,=98.6460,=0.4592,=113.7606,=100.3254,=83.3186
2021-02-24,=9263.3193,=9950.7304,=1591105933800.3198,=1330406124501,=784377414199.6702,=98.3040,=0.4550,=113.8259,=100.3445,=83.0736
2021-02-23,=9190.1632,=9872.1456,=1581210589709.0798,=1322229695985,=778676745649.0300,=96.9176,=0.4344,=113.8259,=100.3637,=83.0736
2021-02-22,=9294.9277,=9984.6844,=1596368037060,=1333793855650,=786706588919.5400,=94.3808,=0.3973,=113.8259,=100.5470,=83.0736
2021-02-19,=9540.0668,=10248.0147,=1640251162035.1599,=1370209532564,=807988571280.4800,=95.6504,=0.4176,=113.8259,=100.7302,=83.0736
2021-02-18,=9586.3664,=10297.7501,=1650758331421.2202,=1371138379766,=811433686095.8600,=98.0268,=0.4435,=113.8259,=100.7892,=83.0736
2021-02-10,=9356.1413,=10050.4405,=1610594795900.9895,=1337020521894,=791813452608.6700,=94.7837,=0.4088,=113.8797,=100.8483,=83.0304
2021-02-09,=9283.9594,=9972.9021,=1597245899573.4800,=1316752464565,=785620979931.7399,=94.6706,=0.4072,=113.8797,=100.8816,=83.0304
2021-02-08,=9155.1070,=9834.4879,=1576988048657.0898,=1299635096392,=774969713809.2300,=90.8486,=0.3639,=113.8797,=100.9149,=83.0304
2021-02-05,=8895.4029,=9555.5117,=1523332338103.6299,=1251727827190,=752442285070.7599,=89.6526,=0.3343,=113.8797,=100.9505,=83.0304
2021-02-04,=9122.5740,=9799.5407,=1559107684622.4299,=1281185220748,=771548631989.3600,=94.5134,=0.4022,=113.8797,=100.9862,=83.0304
2021-02-03,=9138.0712,=9816.1880,=1561729452396.8501,=1286916288046,=773320974008.0001,=96.4836,=0.4202,=113.8916,=101.1837,=82.9892
2021-02-02,=9489.1739,=10193.3452,=1618456200500.2400,=1334381107765,=802959692890.4600,=99.4659,=0.4579,=113.8916,=101.3813,=82.9892
2021-02-01,=9406.0987,=10104.1051,=1604593306350.0598,=1322731851458,=795558960369.1100,=100.3254,=0.4817,=113.8916,=101.4105,=82.9892
2021-01-29,=9354.4774,=10048.6531,=1600135445415.1499,=1316745391500,=791233159756.7800,=99.8622,=0.4718,=113.8916,=101.4396,=82.9892
2021-01-28,=9543.8754,=10252.1059,=1631988979133.9900,=1342741597900,=806860861480.9301,=102.2958,=0.5212,=113.8916,=101.5664,=82.9892
2021-01-27,=9967.9150,=10707.6126,=1705215435287.8601,=1400286527149,=843457097929.2400,=104.6227,=0.5824,=114.1062,=101.4396,=82.7302
2021-01-26,=10021.2150,=10764.8679,=1711528642262.0200,=1403013423323,=847016497905.1700,=107.4511,=0.6752,=114.1062,=101.4105,=82.7302
2021-01-25,=10252.0614,=11012.8449,=1751746887041.9497,=1438461313324,=867145613077.2100,=106.6521,=0.6486,=114.1062,=101.3813,=82.7302
2021-01-22,=10385.6872,=11156.3868,=1776133230263.7903,=1459779415116,=878609860207.2699,=101.7042,=0.5100,=114.1062,=101.1837,=82.7302
2021-01-21,=10520.1411,=11300.8182,=1795860374377.1296,=1473836361166,=889409217159.2899,=106.2597,=0.6293,=114.1062,=100.9862,=82.7302
2021-01-20,=10513.6681,=11293.8648,=1794615627948.4500,=1473340171677,=889288898708.5299,=107.5266,=0.6744,=114.4840,=100.9505,=82.7131
2021-01-19,=10420.9444,=11194.2602,=1777987214930.3301,=1458347787991,=881181817360.3800,=106.6762,=0.6503,=114.4840,=100.9149,=82.7131
2021-01-18,=10589.9623,=11375.8205,=1806521804608.9600,=1481328788004,=895237260618.6099,=109.9975,=0.7217,=114.4840,=100.8816,=82.7131
2021-01-15,=9997.6936,=10739.6008,=1702012276902.3003,=1395083929308,=844333601608.6100,=105.7437,=0.6221,=114.4840,=100.8483,=82.7131
2021-01-14,=10199.6565,=10956.5510,=1736670840068.3999,=1422042621404,=861020555367.6600,=107.9188,=0.6793,=114.4840,=100.7892,=82.7131
2021-01-13,=10233.4890,=10992.8942,=1739030127693.5898,=1428069244511,=864299966574.0701,=104.3167,=0.5906,=114.5173,=100.7302,=82.6989
2021-01-12,=10040.4171,=10785.4949,=1709235059127.3203,=1401902020364,=848070059472.3700,=108.3756,=0.6862,=114.5173,=100.5470,=82.6989
2021-01-11,=9792.9762,=10519.6919,=1668262061726.8701,=1363215236905,=826547343992.4501,=109.1012,=0.7000,=114.5173,=100.3637,=82.6989
2021-01-08,=9631.2194,=10345.9315,=1637355588989.5898,=1338273611546,=812746651420.0500,=110.0320,=0.7198,=114.5173,=100.2142,=82.6989
2021-01-07,=9657.8571,=10374.5459,=1643023179583.3201,=1340911607368,=814745094413.3103,=110.7523,=0.7337,=114.5173,=100.0648,=82.6989
2021-01-06,=9575.3676,=10285.9351,=1628086737393.2700,=1326719640855,=807222581628.1399,=111.6589,=0.7478,=114.9518,=100.0151,=82.4752
2021-01-05,=9719.9260,=10441.2208,=1649834180828.0398,=1344248174789,=818643254635.3800,=110.1802,=0.7292,=114.9518,=99.9654,=82.4752
2021-01-04,=9252.3090,=9938.9030,=1570545041961.9702,=1276484172630,=778895734678.8600,=108.4479,=0.7015,=114.9518,=99.9540,=82.4752
2020-12-31,=8999.4520,=9667.2820,=1528322755806.5798,=1242540961625,=758630336686.3501,=105.6666,=0.6317,=114.9518,=99.9426,=82.4752
2020-12-30,=8877.9405,=9536.7534,=1508661236685.9399,=1225192513137,=747972558789.8201,=103.6394,=0.5946,=114.9518,=99.8830,=82.4752
2020-12-29,=8766.3210,=9416.8509,=1490163142173.1001,=1208491012636,=737078020635.6801,=102.5316,=0.5542,=115.1571,=99.8234,=82.3098
2020-12-28,=8732.7207,=9380.7572,=1484452020780.9800,=1204626463062,=734217203208.9701,=100.0648,=0.5106,=115.1571,=99.7749,=82.3098
2020-12-25,=8855.7240,=9512.8883,=1502888946251.8904,=1220113993972,=744443181070.2802,=102.7344,=0.5576,=115.1571,=99.7264,=82.3098
2020-12-24,=8924.4113,=9586.6727,=1517841602653.4900,=1229145013111,=750507083948.1201,=102.9165,=0.5745,=115.1571,=99.6626,=82.3098
2020-12-23,=8953.1273,=9617.5196,=1522128040465.2002,=1230516685014,=752244526759.0499,=101.6932,=0.5366,=115.1571,=99.5989,=82.3098
2020-12-22,=8672.0097,=9315.5408,=1478151699983.0100,=1192436652812,=728688177738.6299,=97.3078,=0.4679,=115.1809,=99.5656,=82.2695
2020-12-21,=8996.7571,=9664.3870,=1535414448409.3799,=1239278373217,=756520784260.4301,=100.3637,=0.5153,=115.1809,=99.5989,=82.2695
2020-12-18,=8781.7463,=9433.4207,=1499630575192.1797,=1197479276468,=739094841523.9000,=97.2461,=0.4646,=115.1809,=99.5656,=82.2695
2020-12-17,=8845.3133,=9501.7049,=1510547131687.5701,=1204297874546,=743623389269.3501,=96.3007,=0.4568,=115.1809,=99.5989,=82.2695
2020-12-16,=8797.6703,=9450.5265,=1502300236102.0503,=1196813216564,=739310752936.2700,=96.0927,=0.4551,=115.1809,=99.6626,=82.2695
2020-12-15,=8917.8094,=9579.5809,=1524718309544.2100,=1212761961151,=749688675646.7201,=96.6873,=0.4596,=115.5120,=99.7264,=82.2294
2020-12-14,=9011.6950,=9680.4336,=1547847437312.1299,=1225631580871,=757803529911.6000,=97.2611,=0.4611,=115.5120,=99.7749,=82.2294
2020-12-11,=8873.0045,=9531.4512,=1380365199505.1101,=1173514038871,=718299168292.8700,=91.4021,=0.4188,=115.5120,=99.8234,=82.2294
2020-12-10,=9024.1489,=9693.8117,=1392239021016.8298,=1188355130157,=728335576788.8900,=89.7071,=0.3793,=115.5120,=99.8830,=82.2294
2020-12-09,=8932.1223,=9594.9560,=1370918038227.6699,=1169054886412,=717644047270.4500,=91.1527,=0.4088,=115.5120,=99.9426,=82.2294
2020-12-08,=9216.1755,=9900.0882,=1409064098601.6201,=1202605849379,=738151640179.4700,=91.5180,=0.4164,=116.0264,=99.9540,=82.2244
2020-12-07,=9278.7464,=9967.3024,=1417139013922.9299,=1209345533386,=742160893857.9001,=91.0394,=0.4082,=116.0264,=99.9654,=82.2244
2020-12-04,=9259.5919,=9946.7265,=1411749594142.7898,=1205826526124,=740707981716.0199,=90.7579,=0.4032,=116.0264,=100.3478,=82.2244
2020-12-03,=9202.7405,=9885.6563,=1402478166397.4299,=1198411272061,=736154148718.1400,=89.6952,=0.3822,=116.0264,=100.7302,=82.2244
2020-12-02,=9304.1532,=9994.5946,=1420977544268.3298,=1208194809120,=744795690442.0400,=90.3646,=0.3898,=116.0264,=100.7892,=82.2244
2020-12-01,=9117.6619,=9794.2641,=1397054407843.9795,=1186689738306,=730973821989.1200,=85.3444,=0.2949,=120.0914,=100.8483,=81.5879
2020-11-30,=8970.1412,=9635.7962,=1376738349555.2800,=1168553299604,=720328762070.9600,=84.0475,=0.2605,=120.0914,=100.8816,=81.5879
2020-11-27,=8904.2122,=9564.9748,=1360376544334.4197,=1152230586654,=712204492304.4601,=84.2483,=0.2645,=120.0914,=100.9149,=81.5879
2020-11-26,=8876.0961,=9534.7723,=1354406889365.6101,=1146858106401,=709433188704.1000,=84.9260,=0.2783,=120.0914,=100.9505,=81.5879
2020-11-25,=8983.0926,=9649.7088,=1372510875385.7605,=1162655374051,=718855215082.8000,=84.4407,=0.2662,=120.0914,=100.9862,=81.5879
2020-11-24,=9031.9646,=9702.2074,=1378737105835.5601,=1167966080567,=721858094555.4800,=86.1444,=0.2997,=120.6100,=101.1837,=81.4716
2020-11-23,=8959.5708,=9624.4414,=1363627525544.4404,=1157784335200,=715981292386.1500,=84.1713,=0.2647,=120.6100,=101.3813,=81.4716
2020-11-20,=8929.3879,=9592.0187,=1361096080458.3701,=1155983805969,=714194815887.1699,=84.9480,=0.2754,=120.6100,=101.4105,=81.4716
2020-11-19,=8931.6052,=9594.4005,=1364706418124.1001,=1158007434030,=715645657411.5399,=83.3781,=0.2467,=120.6100,=101.4396,=81.4716
2020-11-18,=8916.2855,=9577.9440,=1360791636247.7498,=1155266804039,=713701490547.8500,=82.2244,=0.2079,=120.6100,=101.6429,=81.4716
2020-11-17,=8954.2920,=9618.7709,=1364504215066.3301,=1158931205578,=716533820959.5500,=82.7131,=0.2252,=121.3037,=101.8463,=81.4554
2020-11-16,=8865.0770,=9522.9354,=1349941980629.1001,=1146861984830,=707802110377.6100,=83.8775,=0.2525,=121.3037,=101.9121,=81.4554
2020-11-13,=8968.7924,=9634.3473,=1368757282614.5896,=1161088689089,=716865110504.1101,=84.7129,=0.2600,=121.3037,=101.9780,=81.4554
2020-11-12,=8898.5810,=9558.9257,=1357931595803.0798,=1153974842929,=711814104749.9399,=86.1978,=0.2876,=121.3037,=102.0180,=81.4554
2020-11-11,=8885.8321,=9545.2307,=1353131615092.0105,=1150821395104,=709803512801.0499,=86.7584,=0.2987,=121.3037,=102.0579,=81.4554
2020-11-10,=9365.4985,=10060.4921,=1434014492947.3401,=1218694033519,=751585120015.7899,=94.4188,=0.4040,=121.5400,=102.0795,=81.2865
2020-11-09,=9630.5287,=10345.1896,=1480124932670.7800,=1258563375198,=775607989628.1399,=97.3735,=0.4189,=121.5400,=102.1011,=81.2865
2020-11-06,=8925.6813,=9588.0370,=1364858590033.1101,=1163443301390,=717242217079.0601,=88.4402,=0.3322,=121.5400,=102.1660,=81.2865
2020-11-05,=8782.8809,=9434.6397,=1342391167714.9302,=1143985410333,=705126554976.7900,=89.2434,=0.3503,=121.5400,=102.2309,=81.2865
2020-11-04,=8662.0761,=9304.8702,=1322933496350.6799,=1127307778545,=695460675259.1400,=89.8207,=0.3515,=121.5400,=102.2809,=81.2865
2020-11-03,=8724.0029,=9371.3925,=1329451849914.1399,=1138189260709,=700878523414.3301,=90.6156,=0.3596,=121.9800,=102.3308,=81.1201
2020-11-02,=8603.0270,=9241.4393,=1314548286049.1001,=1125380174973,=692802814713.0300,=87.3532,=0.3127,=121.9800,=102.4891,=81.1201
2020-10-30,=8440.6032,=9066.9624,=1277476906577.2100,=1083952401985,=674357505327.4199,=87.5266,=0.3138,=121.9800,=102.6473,=81.1201
2020-10-29,=8244.9793,=8856.8216,=1241638752293.2998,=1053088129184,=644929244349.1700,=86.3259,=0.2976,=121.9800,=102.7068,=81.1201
2020-10-28,=8274.4828,=8888.5145,=1244343255707.8899,=1055680745920,=595511509571.9601,=88.3565,=0.3264,=121.9800,=102.7662,=81.1201
2020-10-27,=8264.5216,=8877.8141,=1242368881929.5000,=1054152688764,=594379927532.9199,=85.5954,=0.2857,=121.9800,=102.7880,=81.0907
2020-10-26,=8223.2452,=8833.4746,=1232322001962.9399,=1045627305252,=590144555958.9100,=86.5157,=0.2972,=121.9800,=102.8098,=81.0907
2020-10-23,=8224.4567,=8834.7760,=1229824477266.0200,=1043697098995,=603308462306.0800,=95.5953,=0.3930,=121.9800,=102.8338,=81.0907
2020-10-22,=8399.1611,=9022.4449,=1257946574725.6201,=1065334283486,=616861664031.5801,=98.5233,=0.4049,=121.9800,=102.8578,=81.0907
2020-10-21,=8415.3352,=9039.8192,=1259044943802.1899,=1066482741175,=617715231301.8199,=98.6512,=0.4064,=121.9800,=102.8652,=81.0907
2020-10-20,=8673.8643,=9317.5332,=1295260374191.7900,=1096869235939,=635214974235.5201,=101.9780,=0.4681,=122.2297,=102.8726,=81.0266
2020-10-19,=8614.6542,=9253.9292,=1287977652508.2598,=1089503467329,=631205100036.3199,=103.0869,=0.5089,=122.2297,=102.8892,=81.0266
2020-10-16,=8714.0042,=9360.6517,=1305922084557.6404,=1104246495116,=638177923047.6101,=105.8592,=0.5750,=122.2297,=102.8726,=81.0266
2020-10-15,=8824.5247,=9479.3737,=1324231257810.2000,=1117699935149,=645964534450.2600,=104.9635,=0.5484,=122.2297,=102.8652,=81.0266
2020-10-14,=8889.5922,=9549.2697,=1333476588112.4297,=1125982834715,=650430096557.8801,=106.4137,=0.5863,=122.2297,=102.8578,=81.0266
2020-10-13,=9095.5280,=9770.4876,=1365135530456.8501,=1152976954292,=664930753647.6899,=109.7225,=0.6606,=122.3480,=102.8338,=80.5370
2020-10-12,=9124.8665,=9802.0032,=1371811455917.5798,=1156032100511,=667030168192.6100,=108.3803,=0.6413,=122.3480,=102.8098,=80.5370
2020-10-09,=8736.0304,=9384.3124,=1311054770903.8799,=1105470209827,=638134907569.9200,=102.8578,=0.5055,=122.3480,=102.7880,=80.5370
2020-09-30,=8456.0288,=9083.5325,=1268369017244.1001,=1069949507268,=617397998055.0701,=100.9862,=0.4672,=122.3480,=102.7662,=80.5370
2020-09-29,=8487.0415,=9116.8466,=1271444988656.2998,=1072218622843,=619154873108.7500,=102.0579,=0.4799,=122.3480,=102.7880,=80.5370
2020-09-28,=8376.1406,=8997.7160,=1257967789467,=1059956403467,=611520872378.8099,=100.7302,=0.4596,=122.7059,=102.8098,=80.5126
2020-09-25,=8444.3683,=9071.0067,=1263307422473.2002,=1066779390913,=616269056223,=102.9058,=0.5055,=122.7059,=102.8412,=80.5126
2020-09-24,=8532.4451,=9165.6195,=1280721368385.2000,=1081238352245,=623251583698.0699,=102.9698,=0.5074,=122.7059,=102.8098,=80.5126
2020-09-23,=8738.3372,=9386.7904,=1310337856158,=1105903754481,=637984427072.1599,=106.6809,=0.5948,=122.7059,=102.7880,=80.5126
2020-09-22,=8629.3413,=9269.7062,=1295608957373.6001,=1092900232377,=629791472683.9000,=106.6470,=0.5933,=122.7059,=102.7662,=80.5126
2020-09-21,=8827.7716,=9482.8615,=1324074228707.7000,=1116296104915,=644100033430.4700,=108.0449,=0.6292,=123.3156,=102.7068,=80.3588
2020-09-18,=8838.3586,=9494.2341,=1330720380200.1001,=1120969899805,=645479034094.2900,=110.1417,=0.6579,=123.3156,=102.6473,=80.3588
2020-09-17,=8767.5751,=9418.1979,=1321748712350.3999,=1113858401988,=640199058664.6399,=108.7240,=0.6340,=123.3156,=102.4891,=80.3588
2020-09-16,=8629.2755,=9269.6354,=1302282488776.8999,=1098257850399,=629264649670.1001,=103.1937,=0.5227,=123.3156,=102.3308,=80.3588
2020-09-15,=8673.0855,=9316.6964,=1304640070813.5000,=1099513872026,=632603065474.4199,=105.5612,=0.5627,=123.3156,=102.2809,=80.3588
2020-09-14,=8625.0644,=9265.1118,=1298301428970.7000,=1095113827884,=628063229775.5801,=106.4890,=0.5916,=123.3624,=102.2309,=80.3290
2020-09-11,=8516.7919,=9148.8046,=1278972114353.6001,=1079591585699,=620029697609.8601,=103.9455,=0.5326,=123.3624,=102.1660,=80.3290
2020-09-10,=8236.6370,=8847.8600,=1233383433326.6001,=1040708691352,=599129835348.8099,=102.8098,=0.5192,=123.3624,=102.1011,=80.3290
2020-09-09,=8298.0389,=8913.8184,=1239503614882.7002,=1044943922366,=603819448362.4099,=103.4220,=0.5290,=123.3624,=101.9737,=80.3290
2020-09-08,=8755.5683,=9405.3001,=1310225525911.5000,=1102822373686,=638138944271.3901,=106.8873,=0.5969,=123.3624,=101.8463,=80.3290
2020-09-07,=8928.6184,=9591.1919,=1342146084601.1001,=1125534322118,=651322791768.2100,=109.8757,=0.6420,=123.6397,=101.6429,=80.2055
2020-09-04,=9215.6321,=9899.5042,=1384075246767,=1161962934345,=673414905399.1200,=112.9546,=0.6875,=123.6397,=101.4396,=80.2055
2020-09-03,=9034.9718,=9705.4375,=1357063464645.6001,=1139037279688,=660264022844.2400,=109.3566,=0.6392,=123.6397,=101.4105,=80.2055
2020-09-02,=9035.2447,=9705.7307,=1345559815946.9998,=1129378330896,=659396912066.0901,=102.8726,=0.5315,=123.6397,=101.3813,=80.2055
2020-09-01,=9188.1711,=9870.0055,=1363165688230.8999,=1145096264842,=670155160622.6699,=101.8463,=0.5099,=123.6397,=101.1481,=80.2055
2020-08-31,=9193.2661,=9875.4786,=1364520263677.8999,=1145170677672,=671088502661.9200,=101.4396,=0.5079,=124.6238,=100.9149,=79.9986
2020-08-28,=9277.9135,=9966.4075,=1380013999143.9004,=1052768906467,=676596259766.2400,=105.8368,=0.5777,=124.6238,=100.8816,=79.9986
2020-08-27,=9210.3919,=9893.8753,=1370754544908,=1046819624596,=646827425725.1400,=116.0264,=0.7480,=124.6238,=100.8483,=79.9986
2020-08-26,=8996.1784,=9663.7655,=1336837140922.1001,=1020589846153,=631922092219.7899,=110.8156,=0.6546,=124.6238,=100.4068,=79.9986
2020-08-25,=9334.8853,=10027.6071,=1389298254497.7002,=1059610219429,=650181662082.6979,=114.5173,=0.7298,=124.6238,=99.9654,=79.9986
2020-08-24,=9439.8367,=10140.3467,=1407408108361.7000,=1069995707303,=657214720806.5232,=115.1571,=0.7368,=124.8109,=99.9540,=79.9317
2020-08-21,=9373.8180,=10069.4289,=1396913033722.3999,=1063122230213,=652206864040.5079,=113.5040,=0.7033,=124.8109,=99.9426,=79.9317
2020-08-20,=9435.5672,=10135.7604,=1402936988693.6001,=1070759312673,=654188357723.3628,=129.6757,=0.8286,=124.8109,=99.8830,=79.9317
2020-08-19,=9535.2431,=10242.8330,=1420414451081.2998,=1085244608466,=659624959839.2341,=132.4610,=0.8934,=124.6238,=99.8234,=79.9317
2020-08-18,=9907.4499,=10642.6605,=1466515702622.3999,=1127239172382,=684121946585.8088,=137.0269,=0.9465,=123.6397,=99.7749,=79.9317
2020-08-17,=9955.8448,=10694.6467,=1476032537840.1001,=1133283061652,=687570665923.4470,=134.4511,=0.9298,=123.6397,=99.7264,=79.2510
2020-08-14,=9763.4877,=10488.0152,=1451724475803.8999,=1112089380831,=674247098473.4723,=122.7059,=0.7925,=123.3624,=99.6626,=79.2510
2020-08-13,=9643.2679,=10358.6700,=1433088132551.8999,=1099193199286,=665993093789.4999,=120.6100,=0.7667,=123.3624,=99.5989,=79.2510
2020-08-12,=9719.8219,=10440.9033,=1442084179021.8003,=1107914331695,=671369048876.8086,=123.6397,=0.8033,=123.3624,=99.5656,=79.2510
2020-08-11,=9694.9691,=10413.8771,=1437480921987,=1104529809615,=669869502811.1212,=121.3037,=0.7731,=123.3156,=99.5323,=79.2510
2020-08-10,=9938.2298,=10675.1763,=1471822770295.6001,=1130457086814,=684926819867.1385,=132.0214,=0.8903,=123.3624,=99.4823,=78.3164
2020-08-07,=9932.4096,=10668.9245,=1465237352190.8000,=1127098711800,=684728098423.1763,=131.0553,=0.8686,=123.3156,=99.4323,=78.3164
2020-08-06,=10263.0165,=11024.0468,=1519377354196,=1160884696065,=707843511393.2114,=133.3039,=0.9064,=122.3480,=99.3823,=78.3164
2020-08-05,=10278.7175,=11040.9120,=1529981613033.5000,=1164601505901,=709156659494.0322,=136.5675,=0.9444,=122.2297,=99.3324,=78.3164
2020-08-04,=10083.3756,=10831.0849,=1504243891489.3999,=1143789714092,=695861031568.0646,=135.5684,=0.9399,=121.9800,=99.3034,=78.3164
2020-08-03,=10379.1719,=11148.8153,=1546751701651.8999,=1177049764237,=716044405970.3483,=138.9271,=0.9526,=121.9800,=99.2745,=78.0828
2020-07-31,=9987.1370,=10727.7100,=1496412541048.7002,=1131455487780,=689562451806.3104,=130.0784,=0.8658,=121.9800,=99.1951,=78.0828
2020-07-30,=9742.7283,=10465.1777,=1462141120191.3000,=1103459905652,=673031153500.3633,=127.2088,=0.8565,=121.5400,=99.1158,=78.0828
2020-07-29,=9805.1233,=10532.1994,=1471244653016.3999,=1109587748976,=677309098223.9189,=130.1376,=0.8690,=120.0914,=98.6327,=78.0828
2020-07-28,=9326.9502,=10018.5685,=1398364336333.4998,=1055922872198,=644009094129.7725,=125.9756,=0.8553,=115.5120,=98.1496,=78.0828
2020-07-27,=9338.5920,=10031.0736,=1396878532644.8000,=1056896079039,=644714489132.6487,=124.6238,=0.8414,=115.5120,=98.1496,=78.0581
2020-07-24,=9296.6352,=9986.0056,=1379333622432.6001,=1051857394991,=641979135312.1218,=124.9359,=0.8540,=115.1809,=98.1496,=78.0581
2020-07-23,=9894.9089,=10628.4652,=1466635339837.2000,=1117711823528,=683153515446.9290,=133.6814,=0.9289,=114.9518,=97.2449,=78.0581
2020-07-22,=9935.5730,=10672.1439,=1478040415761.7998,=1122777396441,=686258103436.9430,=133.5141,=0.9286,=114.4840,=96.3401,=78.0581
2020-07-21,=9881.0218,=10613.5486,=1468884407672.5000,=1117427925221,=682649953661.6615,=133.9914,=0.9327,=114.1062,=95.9030,=78.0581
2020-07-20,=9877.0173,=10609.2472,=1467198015895.5000,=1115731029147,=681977227222.6810,=134.8451,=0.9414,=114.1062,=95.4660,=77.2603
2020-07-17,=9472.5716,=10174.8181,=1415709630783.8000,=1071526800376,=653904755296.8101,=131.9727,=0.9186,=113.8916,=95.2327,=77.2603
2020-07-16,=9582.4729,=10292.3661,=1421794513951.3000,=1085121647364,=661358600268.0936,=131.1694,=0.9045,=113.8797,=94.9995,=77.2603
2020-07-15,=10507.4116,=11285.7082,=1559168309800.1001,=1190258862728,=725102324083.9983,=145.7438,=0.9817,=113.8259,=94.4930,=77.2603
2020-07-14,=11170.1264,=11997.5110,=1662697461616.2998,=1263953769162,=771406985332.2960,=145.6405,=0.9817,=113.7606,=93.9865,=77.2603
2020-07-13,=11317.6872,=12156.0018,=1681164975633.3000,=1281973572563,=781400695547.6782,=145.2710,=0.9816,=113.7606,=93.7483,=77.1793
2020-07-10,=10882.3018,=11688.3669,=1626632868759.3999,=1235794300590,=751856026632.3296,=141.2868,=0.9722,=113.6390,=93.5100,=77.1793
2020-07-09,=10765.9990,=11563.4494,=1609162217506.2002,=1225388950135,=744420634123.1609,=132.0438,=0.9395,=113.5027,=93.3909,=77.1793
2020-07-08,=10338.1511,=11103.9103,=1545886716679.8999,=1179187265321,=714259073373.1202,=128.4008,=0.9065,=113.4560,=93.2718,=77.1793
2020-07-07,=10078.0508,=10823.5928,=1512135159657.8999,=1151165228481,=696627044710.5374,=122.3480,=0.8826,=113.2652,=93.0890,=77.1793
2020-07-06,=9872.8301,=10603.1906,=1483439396908.1001,=1126604968993,=682424430606.9683,=122.2297,=0.8821,=113.2652,=92.9062,=77.1501
2020-07-03,=9127.6300,=9802.8630,=1369349874245,=1041672756119,=630613591632.9738,=112.8921,=0.8009,=112.8921,=92.5628,=77.1501
2020-07-02,=9071.0546,=9742.1023,=1365443958176.6001,=1032709360206,=627025175797.4688,=113.8916,=0.8381,=112.7149,=92.2194,=77.1501
2020-07-01,=8855.4409,=9510.5382,=1339358843568,=1013049144460,=612452172182.1029,=112.7149,=0.8038,=112.1943,=92.0904,=77.1501
2020-06-30,=8733.8305,=9379.9315,=1318654108017.7000,=999943501021,=603822158715.9719,=111.3976,=0.7933,=112.0970,=91.9615,=77.1501
2020-06-29,=8524.0106,=9153.3603,=1287163002115,=975211903542,=589496693199.8065,=105.5458,=0.6812,=112.1943,=91.8615,=76.9627
2020-06-24,=8695.4642,=9337.4728,=1315165433826.3999,=994145390694,=601598547469.2839,=109.6104,=0.7670,=112.1943,=91.7615,=76.9627
2020-06-23,=8557.3634,=9188.6788,=1291571481922.2998,=975458134101,=591992009963.8413,=107.3116,=0.7463,=112.1943,=91.5576,=76.9627
2020-06-22,=8537.8648,=9164.4938,=1276098973268,=973724341698,=590525169843.9447,=106.1622,=0.7059,=112.1943,=91.3536,=76.9627
2020-06-19,=8181.4222,=8781.8904,=1224503822349.3000,=932628247041,=565845925383.1860,=102.7662,=0.6502,=112.1943,=91.3121,=76.9627
2020-06-18,=8036.5276,=8626.3614,=1193301630857.1001,=911320739852,=555464341300.4740,=102.3308,=0.6436,=113.2652,=91.2705,=75.5359
2020-06-17,=7862.9524,=8440.0468,=1166942924635.8999,=872301112570,=543480553871.3758,=94.9995,=0.5473,=113.2652,=91.0324,=75.5359
2020-06-16,=7946.3011,=8529.5128,=1178606744402.7000,=881584619567,=549321308070.0845,=96.3401,=0.5550,=113.2652,=90.7943,=75.5359
2020-06-15,=7837.4936,=8412.7194,=1165384768285.5000,=868881209357,=541709848435.0138,=99.9654,=0.6131,=113.2652,=90.7247,=75.5359
2020-06-12,=8003.5495,=8590.9628,=1095605886444.8000,=829946731927,=505356231044.6328,=102.2309,=0.6364,=113.2652,=90.6551,=75.5359
2020-06-11,=8121.1347,=8717.1781,=1112392086141.2998,=843343803201,=512553641149.7192,=105.7957,=0.6954,=113.4560,=90.5340,=75.2189
2020-06-10,=8199.2060,=8800.9794,=1124668809805.2998,=852664461488,=517627742514.5088,=105.1461,=0.6837,=113.4560,=90.4129,=75.2189
2020-06-09,=8265.2575,=8870.8215,=1130485388391.2000,=860919129796,=521425326545.7191,=104.7962,=0.6718,=113.4560,=90.1417,=75.2189
2020-06-08,=8170.1600,=8768.7566,=1113974845778.1001,=851561221969,=515423531319.1186,=104.2132,=0.6649,=113.4560,=89.8705,=75.2189
2020-06-05,=8282.4452,=8889.2685,=1128792522833.6001,=845643557879,=522526511639.0750,=106.9451,=0.7150,=113.4560,=89.4270,=75.2189
2020-06-04,=8112.6096,=8706.9897,=1104982962626,=828753732548,=511266459355.5825,=106.3621,=0.6979,=113.5027,=88.9834,=75.0603
2020-06-03,=8177.2405,=8776.3559,=1113153603352.7000,=834804513529,=515199171473.2609,=107.1617,=0.7277,=113.5027,=88.9035,=75.0603
2020-06-02,=8161.6813,=8757.4134,=1106934371243,=832599905491,=513960996289.6652,=104.1132,=0.6737,=113.5027,=88.8236,=75.0603
2020-06-01,=8105.4250,=8691.9337,=1102736851908.3999,=826433748668,=510465462000.4531,=103.0971,=0.6720,=113.5027,=88.7802,=75.0603
2020-05-29,=7693.8683,=8250.5968,=1049095635536.6000,=784455986256,=484380175682.2319,=98.1496,=0.5904,=113.5027,=88.7368,=75.0603
2020-05-28,=7722.7024,=8281.2848,=1051073064191.5000,=786579478874,=486245645729.4713,=99.1158,=0.5989,=113.6390,=88.7250,=74.6941
2020-05-27,=7774.1307,=8336.4329,=1058262493066.4998,=791024312302,=488827480094.9669,=99.4323,=0.6129,=113.6390,=88.7132,=74.6941
2020-05-26,=8000.3374,=8579.0011,=1090181335578.5000,=812909994137,=503162617725.8309,=100.9149,=0.6486,=113.6390,=88.6783,=74.6941
2020-05-25,=7790.4610,=8353.9443,=1057636891861,=791303516556,=490069938904.7686,=98.1496,=0.6033,=113.6390,=88.6433,=74.6941
2020-05-22,=7922.9932,=8496.0626,=1077707392285.8000,=804615917693,=498559096579.0554,=99.5989,=0.6230,=113.6390,=88.4331,=74.6941
2020-05-21,=8109.7977,=8696.3787,=1100928210307.5000,=825304789431,=510544904881.4779,=99.3324,=0.6154,=113.7606,=88.2228,=74.6855
2020-05-20,=8414.7037,=9022.5126,=1141620709720.3999,=857464975074,=529647242296.9515,=104.4631,=0.6630,=113.7606,=88.1625,=74.6855
2020-05-19,=8578.9775,=9198.6522,=1167596653604.8999,=870958901120,=539771252721.6822,=106.9451,=0.7056,=113.7606,=88.1021,=74.6855
2020-05-18,=8147.2546,=8735.7452,=1113086310478,=827423082649,=513093416845.4154,=102.6473,=0.6648,=113.7606,=88.0361,=74.6855
2020-05-15,=8526.2489,=9142.1149,=1172077479159.3999,=865271121770,=537626566927.9582,=101.3813,=0.6573,=113.7606,=87.9702,=74.6855
2020-05-14,=8205.1375,=8797.8091,=1128131484660.8999,=834408179789,=517043792200.9205,=99.5323,=0.6328,=113.8259,=87.7621,=74.6423
2020-05-13,=8227.3533,=8821.6296,=1132886378716.3000,=837875301112,=518450032032.2918,=100.8483,=0.6534,=113.8259,=87.5540,=74.6423
2020-05-12,=8197.2967,=8788.3636,=1128652611949,=834820746088,=516862517941.8686,=92.2194,=0.6000,=113.8259,=87.4453,=74.6423
2020-05-11,=8068.2265,=8649.9868,=1117630991312.6001,=825153521957,=509416526446.7410,=92.9062,=0.6034,=113.8259,=87.3367,=74.6423
2020-05-08,=8110.0135,=8694.7868,=1123566064927.2000,=828295188691,=511920461701.5387,=91.7615,=0.5954,=113.8259,=87.0596,=74.6423
2020-05-07,=8071.5675,=8653.5687,=1115692894240,=822484425800,=509240158011.2431,=88.8236,=0.5523,=113.8797,=86.7824,=74.4770
2020-05-06,=8125.9625,=8710.6834,=1125531068445.1001,=830494354822,=512690986527.7600,=90.6551,=0.5731,=113.8797,=86.7165,=74.4770
2020-04-30,=7656.9389,=8207.9102,=1059695954618.1000,=784646889445,=482740924090.1299,=83.7873,=0.4412,=113.8797,=86.6505,=74.4770
2020-04-29,=7125.2155,=7637.9255,=984504672364.8000,=731613362876,=448917827410.0499,=86.1891,=0.4911,=113.8797,=86.7165,=74.4770
2020-04-28,=7203.0150,=7721.3233,=995912954391.1000,=744503408516,=440418805413.0900,=85.2063,=0.4702,=113.8797,=86.7824,=74.4770
2020-04-27,=6907.5708,=7404.6197,=954220631451.6000,=713764420190,=422214273140.2500,=84.4753,=0.4551,=114.1062,=87.0596,=74.4405
2020-04-24,=6968.5088,=7469.9426,=961847809470.9000,=721535518445,=425207129464.2801,=82.2695,=0.3855,=114.1062,=87.3367,=74.4405
2020-04-23,=7134.4377,=7647.8113,=983919992441.3000,=740362004696,=432085005320.2328,=88.7132,=0.5333,=114.1062,=87.4453,=74.4405
2020-04-22,=7286.8559,=7811.1971,=1002583826134.1000,=753488105610,=440955524982.2504,=91.2705,=0.5671,=114.1062,=87.3367,=74.4405
2020-04-21,=7237.0115,=7757.7660,=997134822536.9000,=748230226827,=427981549886.7197,=99.2745,=0.6074,=114.1062,=87.0596,=74.4405
2020-04-20,=7431.3808,=7966.1215,=1024837823260.5000,=768508661018,=439587437816.8640,=99.7264,=0.6111,=114.4840,=86.7824,=74.3973
2020-04-17,=7388.3126,=7919.9542,=1019429562601.1000,=765922239523,=437158131861.1650,=115.1809,=0.8137,=114.4840,=86.7165,=74.3973
2020-04-16,=7201.7631,=7719.9811,=992355657836.2000,=745096041025,=426018362862.2115,=114.1062,=0.8000,=114.1062,=86.6505,=74.3973
2020-04-15,=7105.8276,=7617.1423,=978951089658.5000,=736902499895,=420390249862.2832,=110.7419,=0.7296,=113.8797,=86.3177,=74.3973
2020-04-14,=7022.6519,=7527.9815,=964859094375.1000,=729042004817,=415309265490.6042,=110.4148,=0.7278,=113.8797,=85.9849,=74.3973
2020-04-13,=6752.3872,=7238.2694,=926952141538.7000,=701684216176,=399301355460.2099,=105.6020,=0.6624,=114.4840,=85.9345,=74.1916
2020-04-10,=6981.3261,=7483.6821,=963189885177.7000,=726323606697,=412919715819.2270,=106.9571,=0.6923,=114.4840,=85.8841,=74.1916
2020-04-09,=7342.3029,=7870.6338,=1012510801128.1000,=764099927062,=434366386699.3446,=113.2652,=0.7548,=114.4840,=85.6463,=74.1916
2020-04-08,=7451.2105,=7987.3781,=1029349802459.9000,=775405148775,=440778776611.1766,=113.6390,=0.7727,=114.4840,=85.4084,=74.1916
2020-04-07,=7409.8887,=7943.0830,=1024172300064.2000,=772295718412,=438222293517.5744,=112.0970,=0.7516,=114.4840,=85.1981,=74.1916
2020-04-03,=7224.9904,=7744.8799,=1000846108019.2000,=753483016831,=427282892207.9397,=109.1999,=0.7303,=114.9518,=84.9877,=74.1059
2020-04-02,=7312.7044,=7838.9056,=1014481865336.5000,=762847619977,=432425556805.2699,=113.8259,=0.7815,=114.9518,=84.9098,=74.1059
2020-04-01,=6794.3324,=7283.2331,=942802814584.3000,=707710905717,=401374131313.3418,=107.7514,=0.7200,=114.9518,=84.8319,=74.1059
2020-03-31,=6697.8805,=7179.8407,=933029464193.2000,=697661858126,=395713391847.1717,=106.7271,=0.7181,=114.9518,=84.3563,=74.1059
2020-03-30,=6771.3948,=7258.6449,=943107102995,=705002528167,=398993076401.5746,=104.9047,=0.6959,=114.9518,=83.8807,=74.1059
2020-03-27,=6950.6067,=7450.7524,=961078151326.8000,=725870672911,=409257670210.7392,=107.9888,=0.7211,=115.5120,=83.8088,=73.9204
2020-03-26,=7044.9268,=7551.8595,=969802010899.5000,=734711551204,=409422576289.5430,=112.1943,=0.7534,=115.5120,=83.7369,=73.9204
2020-03-25,=7283.1065,=7807.1780,=1005779032128.7000,=760320105855,=423084023916.9100,=114.4840,=0.7862,=115.5120,=83.7367,=73.9204
2020-03-24,=7136.9051,=7650.4564,=980803216710,=744538846719,=414607039349.9177,=113.5027,=0.7708,=115.5120,=83.7366,=73.9204
2020-03-23,=7130.7191,=7643.8253,=979467453266.5000,=744778812512,=414186906572.6248,=120.0914,=0.8042,=115.5120,=83.5276,=73.9204
2020-03-20,=7737.7741,=8294.5622,=1056647558916.3000,=807835871779,=449595856202.2105,=133.4557,=0.9296,=115.5120,=83.3186,=73.8634
2020-03-19,=7840.9185,=8405.1285,=1069616946151.8000,=817120395210,=455421877074.5907,=138.7359,=0.9504,=114.9518,=83.1961,=73.8634
2020-03-18,=7581.0016,=8126.5087,=1033652133174.8000,=789006789005,=440412524662.1381,=131.7734,=0.9143,=113.8797,=83.0736,=73.8634
2020-03-17,=7687.7331,=8240.9203,=1047491181480.3000,=800232922285,=446605120120.9580,=130.7922,=0.8993,=113.7606,=83.0520,=73.8634
2020-03-16,=7526.5879,=8068.1796,=1026389339402.1000,=780592074132,=437241109029.6743,=124.8109,=0.8696,=113.4560,=83.0304,=73.8634
2020-03-13,=8034.0836,=8612.1933,=1096129626524.7000,=833063874426,=466743321538.3017,=124.8109,=0.8759,=113.4560,=83.0098,=73.7838
2020-03-12,=7803.3259,=8364.8310,=1071484308029.5000,=810189459888,=453289220127.8075,=123.3156,=0.8676,=111.2130,=82.9892,=73.7838
2020-03-11,=7767.1473,=8326.0491,=1067320886185.2000,=809042623396,=451162457183.6244,=123.3624,=0.8741,=111.1399,=82.8597,=73.7838
2020-03-10,=8112.2350,=8695.9683,=1113191619551.1001,=845380650341,=471210741355.0870,=130.7922,=0.9030,=109.9487,=82.7302,=73.7838
2020-03-09,=7546.3710,=8089.3863,=1038458676140.5000,=786081928659,=438346606344.4892,=121.5400,=0.8647,=108.7575,=82.7145,=73.7838
2020-03-06,=8254.8278,=8848.8216,=1138506271556.2998,=861048603310,=479525542659.2321,=131.9136,=0.9167,=108.7575,=82.6989,=73.7395
2020-03-05,=8369.8426,=8972.1126,=1152883979681.7998,=871842159202,=486325733035.6124,=131.4931,=0.9160,=106.4942,=82.5871,=73.7395
2020-03-04,=8287.3606,=8883.6954,=1140804969599.3999,=863128559876,=481578690215.7067,=132.1940,=0.9231,=106.3751,=82.4752,=73.7395
2020-03-03,=8624.3953,=9244.9822,=1186282065794.6001,=898691103835,=501143474381.2033,=133.1753,=0.9302,=105.7096,=82.3925,=73.7395
2020-03-02,=8575.5224,=9192.5926,=1177696731565.1001,=892370597729,=498317163962.4830,=134.0164,=0.9375,=104.8419,=82.3098,=73.7395
2020-02-28,=8530.7854,=9144.6364,=1173975024229.8000,=888069410906,=495637967412.0915,=130.6520,=0.9370,=104.8419,=82.2696,=73.5034
2020-02-27,=9051.5656,=9702.8904,=1244956421849.7998,=940974017322,=525981540432.5441,=140.5583,=0.9524,=102.1011,=82.2294,=73.5034
2020-02-26,=9460.0387,=10140.7560,=1302868660092.8000,=983252345101,=549780835373.7487,=143.8293,=0.9680,=99.9426,=81.9086,=73.5034
2020-02-25,=10378.4167,=11125.2179,=1427202742212.3003,=1080162135396,=603225131207.2939,=159.8103,=0.9839,=99.8234,=81.5879,=73.5034
2020-02-24,=10042.2271,=10764.8371,=1387910666465.2000,=1045230675406,=583532259136.6410,=169.1560,=1,=95.4660,=81.5297,=73.5034
2020-02-21,=9505.5131,=10189.5027,=1308706177628.5000,=991918626304,=552417527418.1603,=162.8944,=1,=95.4660,=81.4716,=73.3019
2020-02-20,=9289.5458,=9957.9950,=1286680523185.8000,=969703510529,=539968466343.0096,=153.6662,=1,=93.9865,=81.4635,=73.3019
2020-02-19,=8920.8708,=9562.7912,=1234516715380.5000,=931883183691,=518319928092.9134,=141.5158,=1,=93.5100,=81.4554,=73.3019
2020-02-18,=8783.2885,=9415.3088,=1218933572419.6001,=915966261226,=510608725134.8604,=136.3936,=1,=93.2718,=81.3710,=73.3019
2020-02-17,=8395.1778,=8999.2708,=1169709645793.8999,=872085361341,=487905609859.6993,=129.8419,=1,=91.9615,=81.2865,=73.3019
2020-02-14,=8184.7117,=8773.6602,=1141827452597.5000,=848909863293,=475758439984.3495,=126.9830,=1,=91.9615,=81.2033,=73.0829
2020-02-13,=8153.1604,=8739.8386,=1145182344169.8000,=847602869874,=473615243269.0859,=121.9800,=0.9914,=91.3536,=81.1201,=73.0829
2020-02-12,=7937.4522,=8508.6086,=1111256856976.3999,=826358860048,=461118711150.9664,=121.9800,=1,=90.7943,=81.1054,=73.0829
2020-02-11,=7698.8552,=8252.8428,=1084060819894,=802349122015,=447334982659.9223,=114.9518,=0.9912,=90.4129,=81.0907,=73.0829
2020-02-10,=7617.4652,=8165.5962,=1069516619770,=793570215681,=442620850910.8516,=113.8797,=0.9912,=89.8705,=81.0587,=73.0829
2020-02-07,=7828.5899,=8391.9128,=1107508863102.5000,=818294908525,=454728500525.8245,=113.7606,=0.9911,=89.8705,=81.0266,=72.8932
2020-02-06,=7544.4013,=8087.2748,=1075573828254,=789901367289,=437935693770.7014,=111.2130,=0.9820,=88.9834,=80.7818,=72.8932
2020-02-05,=7361.8106,=7891.5454,=1050303084364.1000,=772045166969,=427440982592.9475,=104.8419,=0.9273,=88.7368,=80.5370,=72.8932
2020-02-04,=7365.7646,=7895.7839,=1048476047840.3000,=773174857931,=427789545626.9198,=105.7096,=0.9358,=88.6433,=80.5248,=72.8932
2020-02-03,=6920.0014,=7417.9449,=978001124030.6000,=722698717261,=402004894821.9162,=102.1011,=0.9352,=88.2228,=80.5126,=72.8932
2020-01-23,=7688.8296,=8242.0958,=1086662577198.1000,=798715347236,=446669068547.8558,=113.4560,=0.9907,=88.2228,=80.4357,=72.8202
2020-01-22,=7841.5006,=8405.7526,=1104691734622.8999,=809950483452,=455870136831.0633,=115.5120,=1,=88.1021,=80.3588,=72.8202
2020-01-21,=7423.3879,=7957.5537,=1050235519524.5000,=762756736576,=431514536675.1452,=108.7575,=0.9810,=87.9702,=80.3439,=72.8202
2020-01-20,=7425.3400,=7959.6463,=1049556328976.3000,=762185270855,=431702140596.2512,=111.1399,=1,=87.5540,=80.3290,=72.8202
2020-01-17,=7007.2459,=7511.4674,=987412311147.1000,=716483838138,=407492888600.0160,=106.3751,=0.9806,=87.3367,=80.2673,=72.8202
2020-01-16,=6999.6352,=7503.3090,=984687647874.3000,=714633569133,=407052650400.0048,=106.4942,=0.9902,=87.3367,=80.2055,=72.8076
2020-01-15,=6986.7871,=7489.5363,=982761804170.9000,=711082733080,=406411679138.0021,=109.9487,=1,=86.7824,=80.1021,=72.8076
2020-01-14,=6746.0717,=7231.4997,=948415722902.7000,=688592102103,=392382733308.2702,=99.9426,=1,=86.6505,=79.9986,=72.8076
2020-01-13,=6817.8489,=7308.4417,=957027278607.2000,=693246710550,=396595835657.4739,=99.8234,=1,=85.9849,=79.9652,=72.8076
2020-01-10,=6446.6582,=6910.5412,=900186464832,=653726437795,=375238502487.3115,=93.5100,=0.9796,=85.8841,=79.9317,=72.8076
2020-01-09,=6193.3709,=6639.0281,=860863932733.5000,=625466670238,=360416526915.2805,=90.7943,=0.9485,=85.8841,=79.5913,=72.7078
2020-01-08,=6005.8131,=6437.9742,=832426787470.7000,=607231677692,=349481316866.2008,=88.1021,=0.8854,=85.4084,=79.2510,=72.7078
2020-01-07,=6162.0405,=6605.4432,=850794587675.3000,=623687525345,=358561544285.5196,=93.2718,=0.9789,=84.9877,=78.7837,=72.7078
2020-01-06,=6221.1639,=6668.8210,=858838462685,=628349808373,=362126594493.0101,=93.9865,=0.9894,=84.8319,=78.3164,=72.7078
2020-01-03,=6171.3807,=6615.4556,=856376076263.3000,=624129750715,=359254956993.0518,=90.4129,=0.9677,=83.8807,=78.1996,=72.7078
2020-01-02,=6205.3545,=6651.8741,=864298409820.4001,=626469205800,=361173711035.8219,=91.9615,=0.9891,=83.8807,=78.0828,=72.7078
2019-12-31,=5950.0760,=6378.2265,=828898051421.5999,=599879454150,=346379699064.1894,=88.9834,=0.9670,=83.7369,=78.0704,=72.7078
2019-12-30,=5958.0113,=6386.7328,=829811179186.6000,=600451600286,=346895192681.7957,=87.5540,=0.9222,=83.7366,=78.0581,=72.7078
2019-12-27,=5934.0472,=6361.0443,=829288109587,=597006283515,=345505511253.6826,=84.9877,=0.8539,=83.3186,=77.6592,=72.7078
2019-12-26,=6165.9939,=6609.6812,=862487410798.9000,=619943698178,=359010067320.0381,=87.9702,=0.9318,=83.0736,=77.2603,=72.7078
2019-12-25,=6229.0196,=6677.2421,=874827739978,=625171806153,=362775079621.8371,=89.8705,=0.9770,=83.0736,=77.2198,=72.6354
2019-12-24,=5924.4478,=6350.7541,=831489979957.2999,=594830939946,=345264534508.9478,=87.3367,=0.9419,=83.0304,=77.1793,=72.6354
2019-12-23,=5716.9240,=6128.2975,=805463220453.7000,=574674647730,=333011807326.7340,=86.7824,=0.9412,=82.9892,=77.1647,=72.6354
2019-12-20,=5908.0129,=6333.1366,=831554588890.7000,=595195892047,=343969260391.6085,=95.4660,=1,=82.7302,=77.1501,=72.6354
2019-12-19,=5975.0599,=6405.0081,=838767995280.6000,=603007640816,=347985047741.7482,=88.2228,=0.9639,=82.6989,=77.0564,=72.6354
2019-12-18,=6124.3071,=6564.9947,=859654579810.3999,=619013783493,=356682347335.1114,=91.3536,=1,=82.6989,=76.9627,=72.3187
2019-12-17,=6171.7385,=6615.8391,=859773672796.9000,=624486511793,=359498865528.2855,=88.7368,=1,=82.4752,=76.2493,=72.3187
2019-12-16,=6162.2860,=6605.7064,=855692729373.4999,=623106422277,=358985015695.2224,=88.6433,=1,=82.3098,=75.5359,=72.3187
2019-12-13,=6030.7688,=6464.7257,=796905172722.9000,=565795735824,=335841280797.1226,=86.6505,=1,=82.2294,=75.3774,=72.3187
2019-12-12,=6029.1607,=6463.0019,=799337938525.5999,=565636681451,=335820390917.7741,=83.7369,=0.9359,=81.5879,=75.2189,=72.3187
2019-12-11,=5932.0061,=6358.8563,=789314482124,=557019132255,=330636897127.2286,=80.5126,=0.7013,=81.5879,=75.1396,=72.2418
2019-12-10,=5987.9283,=6418.8026,=792500592976.3000,=560572329156,=333578393133.3904,=82.9892,=0.8816,=81.5879,=75.0603,=72.2418
2019-12-09,=5843.8098,=6264.3138,=771722640397.5999,=548630086381,=325823837907.2794,=81.0266,=0.7333,=81.4716,=74.8772,=72.2418
2019-12-06,=5795.1285,=6212.1296,=764242483120.3000,=540805756381,=322704644966.6376,=81.1201,=0.7568,=81.4716,=74.6941,=72.2418
2019-12-05,=5664.1572,=6071.7339,=744144980788.2999,=529983750571,=315662183465.0430,=79.9986,=0.6849,=81.4716,=74.6898,=72.2418
2019-12-04,=5616.6540,=6020.8125,=741915953043.7000,=526016295397,=313095734404.3816,=79.2510,=0.6667,=81.5879,=74.6855,=72.0682
2019-12-03,=5593.4756,=5995.9663,=742238794949.2001,=523605159112,=311823147889.8501,=78.3164,=0.6620,=81.5879,=74.6639,=72.0682
2019-12-02,=5438.1296,=5829.4420,=716190819294.3000,=510091247289,=303005272877.9887,=78.0828,=0.6571,=81.5879,=74.6423,=72.0682
2019-11-29,=5295.4605,=5676.5068,=693792270398.3999,=498663702895,=295297037302.5601,=72.3187,=0.2319,=81.5879,=74.5596,=72.0682
2019-11-28,=5295.8010,=5676.8718,=695729068818.7999,=498998706644,=295403445044.2304,=72.0682,=0.2059,=81.5879,=74.6423,=72.0682
2019-11-27,=5293.9532,=5674.8910,=695845923607.1000,=497670124065,=295242763474.3582,=70.7351,=0.1045,=82.2294,=74.6639,=72.0192
2019-11-26,=5081.4492,=5447.0958,=664896038246.7000,=478731255793,=283577078321.5882,=68.3596,=0,=82.2294,=74.6855,=72.2418
2019-11-25,=4998.6891,=5358.3805,=650680778249.8000,=470570731447,=278795798405.6522,=69.2834,=0.0154,=82.2294,=74.6898,=72.6354
2019-11-22,=5228.3639,=5604.5821,=684165086904.7001,=494795650157,=291954579512.5183,=71.9228,=0.1406,=82.2294,=74.6941,=72.7078
2019-11-21,=5340.4478,=5724.7313,=698044166384.1000,=504812094876,=298391193911.5952,=74.6941,=0.4921,=82.2294,=74.8772,=72.7078
2019-11-20,=5331.7812,=5715.4411,=694806512565.2001,=503712076349,=297851583096.2465,=72.6354,=0.1774,=82.3098,=75.0603,=72.7078
2019-11-19,=5432.0431,=5822.9175,=708816943987.2000,=512890724003,=303441189692.5770,=73.5034,=0.2951,=82.3098,=75.1396,=72.7078
2019-11-18,=5346.8196,=5731.5616,=697984683164,=505791893145,=298686941205.1298,=72.8202,=0.2333,=82.3098,=75.2189,=72.7078
2019-11-15,=5374.2343,=5760.9490,=704940714916.1001,=505150270370,=300125562896.0475,=73.0829,=0.2542,=82.3098,=75.3774,=72.7078
2019-11-14,=5407.4740,=5796.5805,=703555546886.9000,=505650161959,=301496652584.4121,=73.7838,=0.2931,=82.3098,=75.5359,=72.7078
2019-11-13,=5278.0130,=5657.8038,=688036121762.3999,=494662139685,=294405561604.0979,=70.2864,=0.0351,=82.4752,=76.2493,=72.7078
2019-11-12,=5086.2913,=5452.2863,=658372728657.2000,=476859799069,=283544459396.8060,=69.2979,=0.0179,=82.4752,=76.9627,=72.7078
2019-11-11,=5145.0805,=5515.3058,=666745864336.7001,=484029119852,=286990314252.3001,=68.9708,=0,=82.4752,=77.0564,=72.8076
2019-11-08,=5255.6574,=5633.8395,=678083752659.8999,=492315833074,=293020211287.7366,=71.8679,=0.0926,=82.4752,=77.1501,=72.8932
2019-11-07,=5240.3021,=5617.3793,=674301728413.9999,=489518845190,=291963767142.7916,=72.2418,=0.1132,=82.4752,=77.1647,=73.3019
2019-11-06,=5211.8142,=5586.8415,=673401354561.4000,=486103086048,=290368350049.8584,=70.3726,=0,=82.6989,=77.1793,=73.3019
2019-11-05,=5318.9520,=5701.6886,=682677296589.1001,=494845462795,=296069218474.7943,=74.4770,=0.3333,=82.6989,=77.2198,=73.7395
2019-11-04,=5214.7931,=5590.0347,=666571852173,=485019776206,=290261795382.5798,=74.1916,=0.2800,=82.6989,=77.2603,=73.7395
2019-11-01,=5099.2638,=5466.1922,=648558015233.5999,=473043739399,=283588280209.5761,=72.8076,=0.1429,=82.6989,=77.6592,=73.7395
2019-10-31,=5083.7332,=5449.4417,=649382534427,=471153541890,=282760369726.1700,=72.7078,=0.1042,=82.6989,=78.0581,=73.8634
2019-10-30,=5111.8471,=5479.5780,=651742876331,=474855900066,=279883890912.9200,=73.8634,=0.1915,=82.7302,=78.9949,=73.8634
2019-10-29,=4989.0748,=5347.9738,=605144464450.5000,=464582959899,=266440390528.0300,=72.7078,=0.1087,=82.7302,=79.9317,=73.9204
2019-10-28,=5104.7640,=5471.9853,=619765746300.5000,=476165833082,=270023028860.5532,=75.2189,=0.3333,=82.7302,=80.0686,=74.1059
2019-10-25,=4942.6538,=5298.2134,=604220917789.8000,=463463835093,=261612036421.7746,=72.8932,=0.1136,=82.7302,=80.2055,=74.1059
2019-10-24,=4882.1168,=5233.3216,=597621867036.8999,=458909510677,=256389299328.4364,=71.4808,=0.0465,=82.7302,=80.2673,=74.3973
2019-10-23,=4922.0139,=5276.0887,=601388328673.9001,=463126416278,=258451698572.8623,=71.6878,=0.0476,=83.0304,=80.3290,=74.3973
2019-10-22,=4941.6995,=5297.1904,=601721549952.8000,=463427289464,=259267700128.9116,=72.0192,=0.0488,=83.0304,=80.3439,=74.4405
2019-10-21,=4829.2939,=5176.6986,=586215350363.2000,=452505444495,=253381633703.8915,=70.8518,=0.0250,=83.0304,=80.3588,=74.6423
2019-10-18,=4826.1025,=5173.2777,=586744949897.6000,=452410661985,=253405099032.5760,=70.5924,=0,=83.0304,=80.4479,=74.6855
2019-10-17,=4961.0363,=5317.9182,=603795245878.6000,=465801703336,=260400432081.8711,=73.3019,=0,=83.0304,=80.5370,=75.0603
2019-10-16,=4981.1537,=5339.4828,=603764381631,=423809128627,=261348893381.1716,=74.6423,=0.1351,=83.0736,=80.8139,=75.0603
2019-10-15,=5025.9655,=5387.5183,=608421881425.3999,=427472467790,=263470463168.5427,=74.6855,=0.1389,=83.0736,=81.0907,=75.5359
2019-10-14,=5231.2481,=5607.5683,=632217997844.8999,=444375472836,=274144566017.7464,=77.1501,=0.2286,=83.0736,=81.1886,=76.9627
2019-10-11,=5076.2582,=5441.4289,=614384803006.2999,=432456135206,=266213717122.8673,=74.3973,=0.0882,=83.0736,=81.2865,=76.9627
2019-10-10,=5160.4281,=5531.6537,=623310418580.7001,=439320419586,=270361392538.0675,=75.5359,=0.1515,=83.0736,=81.3710,=77.1793
2019-10-09,=5078.6102,=5443.9501,=612863229308.3000,=431715517395,=266029593355.4655,=77.1793,=0.1875,=83.3186,=81.4554,=77.1793
2019-10-08,=4968.8403,=5326.2837,=599145585464.5000,=422270921280,=260413433973.3108,=74.1059,=0.0645,=83.3186,=81.4635,=77.2603
2019-09-30,=5038.0820,=5400.5064,=610635810722.6000,=429000069090,=264237628008.5614,=73.9204,=0.0333,=83.3186,=81.4716,=78.0581
2019-09-27,=5223.0660,=5598.7976,=638508727156.9999,=445835559678,=274142352693.6469,=75.0603,=0.0690,=83.3186,=81.5297,=79.9317
2019-09-26,=5134.7045,=5504.0797,=623941530148.9000,=438175108670,=269374170473.5294,=74.4405,=0.0357,=83.3186,=81.5879,=80.2055
2019-09-25,=5436.8535,=5827.9644,=658339044384.5999,=464173459295,=284792730655.9904,=78.0581,=0.1111,=83.7366,=81.9086,=80.2055
2019-09-24,=5706.5849,=6117.0994,=690557201276.5999,=486450187751,=298852951176.5564,=83.8807,=0.8462,=83.7366,=82.2294,=80.3290
2019-09-23,=5713.9023,=6124.9431,=691839614098.5000,=486700720686,=299066164039.8419,=85.4084,=0.9200,=83.3186,=81.9086,=80.3290
2019-09-20,=5527.0587,=5924.6585,=666717530647.8000,=469058893520,=289575408829.6190,=83.0304,=0.7500,=83.0736,=81.5879,=80.3290
2019-09-19,=5370.6352,=5756.7625,=645994363077.3000,=455420240845,=281487602761.0024,=81.2865,=0.3913,=83.0736,=81.5297,=80.3290
2019-09-18,=5203.4617,=5577.5699,=624824593217.8000,=440668372403,=272810842946.3879,=80.2055,=0.1818,=83.3186,=81.5879,=80.2055
2019-09-17,=5185.5745,=5558.3967,=624033559577.6001,=439577102091,=271955707468.5897,=79.9317,=0.1429,=83.3186,=81.9086,=80.3290
2019-09-16,=5356.1731,=5741.2607,=638580379778.5000,=453590446901,=280824652519.2699,=83.7366,=0.8500,=83.3186,=82.2294,=80.3588
2019-09-12,=5284.7330,=5664.6844,=631218883326.8000,=446474608710,=277083078015.3408,=83.0736,=0.7895,=83.0736,=81.9086,=80.3588
2019-09-11,=5268.4127,=5647.1907,=633000162950.2001,=444395535059,=276251231656.6986,=82.6989,=0.7222,=82.7302,=81.5879,=80.3588
2019-09-10,=5283.9259,=5663.8192,=634873232788.4000,=446372880658,=277237430279.4694,=82.3098,=0.6471,=83.3186,=81.5297,=80.3290
2019-09-09,=5408.4266,=5797.2710,=648990089656.9000,=457882950060,=284005303728.6756,=85.8841,=0.9375,=83.3186,=81.4716,=80.3290
2019-09-06,=5110.7973,=5478.2433,=611069265032.7000,=432182907069,=268408324786.1381,=83.3186,=0.8667,=82.7302,=81.4635,=80.3290
2019-09-05,=5134.9253,=5504.1060,=614128068849,=435342231832,=269748730269.2323,=84.8319,=0.9286,=82.4752,=81.4554,=80.3290
2019-09-04,=5100.6577,=5467.3747,=608961607561.8000,=431572420079,=268094633105.6771,=85.9849,=1,=82.2294,=81.2731,=80.3290
2019-09-03,=4958.8374,=5315.3581,=598166973799.2001,=419377365471,=260786500019.2551,=80.5370,=0.4167,=82.2294,=81.0907,=77.2603
2019-09-02,=4832.5236,=5179.9629,=585333689335.6000,=408448357524,=254506004049.5873,=73.7395,=0,=82.2294,=81.2731,=77.2603
2019-08-30,=4646.5057,=4980.5710,=559583746542.2000,=392690356297,=244734250253.0296,=76.9627,=0,=82.2294,=81.4554,=80.3290
2019-08-29,=4687.9570,=5025.0025,=569607085834.9000,=397010976934,=241232583635.8252,=82.4752,=0.8889,=82.2294,=81.4635,=80.3588
2019-08-28,=4584.1708,=4913.7545,=518527443458.6000,=387819469825,=235394695639.7417,=81.4716,=0.6250,=81.5879,=81.4554,=80.3588
2019-08-27,=4614.5769,=4946.3467,=522158600383.3000,=390703643523,=234786331233.6132,=82.7302,=1,=82.2294,=81.2731,=80.3290
2019-08-26,=4523.1277,=4848.3227,=512936422586.2000,=383053670181,=230606283634.7314,=81.5879,=0.8333,=81.5879,=81.0907,=80.3290
2019-08-23,=4486.1744,=4808.7126,=507331050750.8000,=379614679625,=228729635115.9311,=80.3290,=0.2000,=81.4554,=80.7248,=80.3290
2019-08-22,=4537.8064,=4864.0567,=512926728367.7000,=377627150030,=231392660405.4281,=81.0907,=0.5000,=81.4554,=81.0907,=80.3588
2019-08-21,=4557.3906,=4885.0489,=514985726364.8000,=378941788596,=232403726736.4396,=82.2294,=1,=81.4554,=80.9071,=80.3588
2019-08-20,=4462.9311,=4783.7982,=502131311822.9999,=370012299037,=225970764425.6690,=81.4554,=1,=81.4554,=80.3588,=77.2603
2019-08-19,=4483.4824,=4805.8270,=503589076585.7000,=372195688214,=227241405887.3235,=80.3588,=1,=80.3588,=78.8096,=77.2603
2019-08-16,=4233.7176,=4538.1051,=473484239238.9000,=344297485719,=214437323063.2778,=77.2603,,=77.2603,=77.2603,=77.2603

数据来源于：理杏仁网站(lixinger.com)